openTime,open,high,low,close,volume
1756112400000,111362.10,111789.90,111215.30,111747.60,5598.224
1756116000000,111747.60,111757.60,110903.20,110958.80,7318.296
1756119600000,110958.90,111249.90,110891.00,111183.70,4411.156
1756123200000,111183.70,111653.00,111037.00,111541.50,6244.630
1756126800000,111540.70,111714.00,110532.20,111449.80,14571.739
1756130400000,111449.70,112258.00,111268.50,112212.50,12719.467
1756134000000,112213.10,112533.20,111772.40,112142.20,8133.993
1756137600000,112142.20,112897.70,111948.80,112446.10,7519.916
1756141200000,112446.10,112764.60,112100.00,112387.40,6354.139
1756144800000,112387.40,112580.00,112194.50,112355.20,3212.288
1756148400000,112355.30,112391.30,110601.70,110650.40,13392.982
1756152000000,110650.40,111050.00,109321.00,109501.10,34769.038
1756155600000,109501.10,110242.00,109219.80,109839.50,12475.280
1756159200000,109839.80,110543.00,109839.80,110096.90,5542.562
1756162800000,110096.80,110222.00,109730.00,110064.00,3953.635
1756166400000,110064.10,110064.10,108858.80,109049.60,16371.968
1756170000000,109049.50,109873.00,108559.70,109850.00,9878.116
1756173600000,109850.10,109965.00,109454.20,109668.80,3787.012
1756177200000,109668.70,109888.80,109382.00,109825.00,2702.249
1756180800000,109825.10,110188.40,109825.10,110041.00,3639.405
1756184400000,110041.10,110320.10,110026.90,110141.30,2568.338
1756188000000,110141.20,110287.50,109846.10,109949.40,3074.920
1756191600000,109949.30,110508.50,109711.00,110244.20,5289.209
1756195200000,110244.20,110405.60,109943.10,110047.50,3101.505
1756198800000,110047.60,110365.60,109976.90,110108.60,1997.398
1756202400000,110108.60,110366.80,110015.00,110169.00,2638.821
1756206000000,110169.00,110180.60,109529.50,109842.20,5695.383
1756209600000,109842.20,110817.50,109572.70,110172.50,12234.177
1756213200000,110172.40,110235.60,109350.00,110051.20,12191.511
1756216800000,110051.20,110515.10,109750.00,110323.90,7928.985
1756220400000,110323.90,110525.40,109499.90,109624.60,8559.830
1756224000000,109624.60,110129.70,109400.00,110129.60,4836.847
1756227600000,110129.60,110174.40,109548.00,109950.00,3707.733
1756231200000,109950.00,110939.20,109924.60,110650.00,6409.061
1756234800000,110650.00,111106.50,110447.10,111053.50,6571.972
1756238400000,111053.50,111311.00,110855.00,111258.60,4689.154
1756242000000,111258.50,111537.40,111052.50,111530.30,3074.919
1756245600000,111530.30,111877.10,111501.60,111848.10,5696.817
1756249200000,111848.00,112330.00,111674.80,111709.90,8396.108
1756252800000,111710.00,111765.60,111281.30,111307.70,4875.293
1756256400000,111307.80,111432.30,111053.30,111249.50,2903.421
1756260000000,111249.60,111427.00,111057.50,111084.40,2898.464
1756263600000,111084.50,111678.30,110867.10,111373.70,4698.057
1756267200000,111373.80,111700.40,111359.00,111521.30,2675.520
1756270800000,111521.30,111628.10,111275.00,111316.80,2553.710
1756274400000,111316.80,111326.20,110969.60,110994.20,2478.129
1756278000000,110994.30,111096.40,110586.50,110688.00,4081.238
1756281600000,110688.00,110800.00,110306.90,110705.20,4512.588
1756285200000,110705.10,111076.90,110669.20,110763.90,3589.424
1756288800000,110763.90,111232.00,110763.90,110928.50,2554.555
1756292400000,110928.50,111328.90,110928.50,111270.80,2155.781
1756296000000,111270.70,111351.70,110958.20,111288.40,2726.530
1756299600000,111288.50,111845.20,110958.30,111434.30,8263.819
1756303200000,111434.40,112568.50,111211.10,111758.00,13591.516
1756306800000,111757.90,112037.20,111455.70,111965.10,4981.062
1756310400000,111965.00,112198.80,111489.80,112062.00,4689.676
1756314000000,112062.00,112400.00,111837.20,112286.20,3643.528
1756317600000,112286.30,112550.00,111863.00,111890.30,4383.631
1756321200000,111890.40,112174.00,111502.00,112032.80,5457.712
1756324800000,112032.90,112368.60,110854.40,112363.10,15454.782
1756328400000,112363.20,112401.50,111322.70,111480.70,4561.708
1756332000000,111480.70,111551.70,111003.30,111355.10,3655.831
1756335600000,111355.10,111491.20,111039.90,111194.90,2819.147
1756339200000,111194.90,111493.00,110811.00,111287.00,5038.380
1756342800000,111286.90,111674.50,111282.70,111600.10,2555.111
1756346400000,111600.10,111719.80,111389.90,111442.40,1615.089
1756350000000,111442.30,111993.00,111352.30,111954.10,2459.328
1756353600000,111954.00,113049.00,111892.40,112931.20,8843.823
1756357200000,112931.10,113144.70,112659.30,112807.90,5278.688
1756360800000,112807.80,113240.30,112664.30,113160.30,4788.236
1756364400000,113160.20,113318.20,112958.70,113079.20,4176.600
1756368000000,113079.30,113301.60,112959.30,113072.00,3720.444
1756371600000,113071.90,113088.00,112806.90,112819.90,2650.895
1756375200000,112819.90,113075.60,112780.30,113075.50,2460.203
1756378800000,113075.60,113107.80,112800.00,112876.50,1678.404
1756382400000,112876.50,113285.80,112728.90,113187.60,4213.878
1756386000000,113187.70,113429.00,112525.00,112787.10,9104.771
1756389600000,112787.20,113270.40,112468.50,113115.50,6726.131
1756393200000,113115.60,113218.20,112344.40,112633.10,6194.729
1756396800000,112633.10,113153.10,112274.40,112283.20,5293.409
1756400400000,112283.20,112578.10,112160.00,112338.80,4331.444
1756404000000,112338.70,112662.30,112176.20,112318.20,2763.228
1756407600000,112318.30,112530.40,111853.60,111864.70,4756.868
1756411200000,111864.80,112075.00,111829.40,111850.00,2851.620
1756414800000,111850.00,112092.30,111848.00,111965.10,1698.540
1756418400000,111965.00,112461.50,111965.00,112292.00,2537.115
1756422000000,112292.00,112519.10,112247.40,112507.30,1893.343
1756425600000,112507.30,112585.70,112072.70,112160.80,3105.224
1756429200000,112160.70,112227.30,111350.10,111425.00,7576.546
1756432800000,111425.00,111720.00,111311.00,111370.10,3449.946
1756436400000,111370.00,111772.00,111238.50,111648.60,3118.148
1756440000000,111648.60,111797.20,111365.80,111456.80,2253.636
1756443600000,111456.80,111538.40,111088.50,111265.80,3484.108
1756447200000,111265.80,111361.40,110850.00,111223.90,5341.963
1756450800000,111224.00,111238.80,109850.00,109969.00,14047.291
1756454400000,109969.00,110254.90,109555.50,109579.70,9815.880
1756458000000,109579.80,109868.30,109360.00,109710.60,6309.969
1756461600000,109710.70,109983.90,109687.80,109949.80,3577.275
1756465200000,109949.80,110115.00,109776.90,110047.80,3664.479
1756468800000,110047.80,111489.50,110020.60,110667.70,16788.119
1756472400000,110667.60,110728.80,108808.10,109056.40,17563.851
1756476000000,109056.50,109490.50,108034.10,108154.50,25046.696
1756479600000,108154.40,108666.00,108125.00,108334.40,11599.154
1756483200000,108334.40,108777.00,108088.00,108648.00,6306.050
1756486800000,108648.00,108674.60,108108.00,108411.50,4232.478
1756490400000,108411.50,108459.90,108045.00,108092.50,4390.586
1756494000000,108092.40,108697.70,107869.60,108155.50,6435.097
1756497600000,108155.50,108213.50,107468.10,107742.60,10505.606
1756501200000,107742.50,108430.30,107411.40,108393.40,6593.386
1756504800000,108393.40,108433.40,108160.00,108337.50,2194.471
1756508400000,108337.50,108513.00,108288.30,108332.40,2325.213
1756512000000,108332.40,108377.20,108101.90,108259.40,2632.359
1756515600000,108259.40,108318.10,107281.00,107404.90,4855.708
1756519200000,107405.00,107910.70,107340.60,107738.30,3985.505
1756522800000,107738.20,108378.00,107723.70,108367.90,4924.737
1756526400000,108368.00,108615.30,108316.40,108373.80,3909.357
1756530000000,108373.80,108424.40,108082.40,108300.10,3069.330
1756533600000,108300.10,108515.90,108172.20,108276.00,2291.122
1756537200000,108275.90,108467.80,108067.50,108466.60,2196.956
1756540800000,108466.60,108742.90,108431.90,108521.80,3777.432
1756544400000,108521.70,108561.80,108419.20,108476.00,1270.783
1756548000000,108476.10,108660.10,108359.60,108380.80,2681.360
1756551600000,108380.90,108668.80,108374.50,108638.60,1431.176
1756555200000,108638.60,108638.70,108289.00,108563.90,3107.293
1756558800000,108563.90,108564.00,108155.00,108492.30,4161.910
1756562400000,108492.20,108678.90,108358.10,108607.20,2247.144
1756566000000,108607.10,108879.60,108495.80,108809.80,3878.123
1756569600000,108809.80,108830.00,108619.30,108762.10,1552.064
1756573200000,108762.10,108849.00,108562.00,108729.00,1751.450
1756576800000,108728.90,108787.30,108567.50,108684.70,1197.747
1756580400000,108684.70,108851.00,108594.20,108769.40,966.414
1756584000000,108769.50,108776.10,108526.50,108596.40,1144.302
1756587600000,108596.30,108631.70,108430.00,108528.40,1503.281
1756591200000,108528.40,108535.60,108412.20,108473.50,969.791
1756594800000,108473.60,108758.00,108470.00,108757.90,1151.539
1756598400000,108758.00,109355.00,108750.00,109339.90,5626.584
1756602000000,109339.90,109439.90,109085.60,109380.00,3636.012
1756605600000,109380.00,109395.00,109121.70,109171.60,1795.748
1756609200000,109171.60,109331.30,109101.20,109175.40,2706.752
1756612800000,109175.50,109190.40,108628.00,108775.00,3740.606
1756616400000,108774.90,108775.00,108514.20,108708.00,2825.852
1756620000000,108707.90,108731.40,108455.00,108667.90,1977.912
1756623600000,108667.80,108781.10,108615.30,108656.90,961.745
1756627200000,108656.90,108980.00,108656.80,108965.10,1672.056
1756630800000,108965.10,109067.20,108404.70,108471.00,3658.515
1756634400000,108471.10,108595.00,108251.30,108526.60,4949.458
1756638000000,108526.60,108560.10,108274.40,108350.00,2512.931
1756641600000,108350.00,108450.00,108264.80,108279.40,2601.526
1756645200000,108279.50,108419.00,108153.80,108376.00,2843.760
1756648800000,108375.90,108475.30,108210.70,108422.60,2053.805
1756652400000,108422.60,108808.50,108412.70,108758.20,3381.824
1756656000000,108758.20,108930.00,108504.70,108867.00,4970.956
1756659600000,108867.00,108948.10,108796.30,108945.00,1638.952
1756663200000,108945.00,109196.50,108873.00,109089.00,2516.142
1756666800000,109089.00,109112.30,108857.10,108877.20,1355.051
1756670400000,108877.30,109079.30,108821.80,109079.30,1463.096
1756674000000,109079.20,109079.20,108896.30,108986.40,1230.768
1756677600000,108986.50,109192.30,108700.00,108842.40,2434.290
1756681200000,108842.30,108866.70,108021.00,108208.40,7595.205
1756684800000,108208.40,108372.50,107588.00,108180.10,9992.787
1756688400000,108180.00,108447.60,107917.30,108110.00,4174.048
1756692000000,108110.00,108160.00,107380.00,107590.40,6648.561
1756695600000,107590.50,107741.70,107355.00,107619.10,4253.394
1756699200000,107619.10,107721.30,107230.70,107369.20,4612.086
1756702800000,107369.20,107945.00,107211.50,107811.20,5063.052
1756706400000,107811.20,108079.90,107551.00,108019.90,3327.972
1756710000000,108019.90,109390.30,107931.10,109390.30,13101.688
1756713600000,109390.20,109779.00,109370.00,109552.20,10220.227
1756717200000,109552.10,109874.80,109450.00,109485.30,6091.872
1756720800000,109485.30,109504.30,108131.60,108526.50,12288.155
1756724400000,108526.40,108817.80,108404.90,108721.90,4438.755
1756728000000,108721.80,109123.00,108582.70,109055.00,4302.656
1756731600000,109055.10,109479.20,108888.00,108974.80,7974.901
1756735200000,108974.80,109295.30,108769.20,109105.10,4360.566
1756738800000,109105.10,109331.30,108515.80,108738.00,5149.992
1756742400000,108737.90,109050.00,108600.00,108732.60,3108.858
1756746000000,108732.50,108920.30,108350.00,108882.00,5305.653
1756749600000,108882.00,109230.00,108872.90,109188.40,2860.535
1756753200000,109188.40,109298.60,109125.00,109178.70,1597.688
1756756800000,109178.70,109181.60,108215.70,108839.70,7642.221
1756760400000,108839.60,108899.70,107400.00,107744.50,10868.277
1756764000000,107744.50,108454.90,107533.40,108386.20,6157.065
1756767600000,108386.30,109410.50,108369.80,109187.90,6739.617
1756771200000,109187.90,109298.90,108834.90,108985.30,4688.484
1756774800000,108985.40,109573.70,108924.80,109262.30,6171.288
1756778400000,109262.30,110247.60,109121.10,110210.10,7191.546
1756782000000,110210.00,110597.90,110011.70,110286.00,10251.195
1756785600000,110286.00,110378.50,110110.00,110272.10,3192.094
1756789200000,110272.10,110300.00,110002.70,110164.60,2495.739
1756792800000,110164.60,110571.90,110123.90,110326.70,3430.916
1756796400000,110326.70,110359.10,109932.40,110190.10,4808.611
1756800000000,110190.10,110700.00,109993.40,110313.90,6424.838
1756803600000,110314.00,110656.90,110201.00,110408.00,4135.038
1756807200000,110408.00,110435.70,110082.60,110202.70,2537.694
1756810800000,110202.70,110211.00,109501.70,109698.60,5732.721
1756814400000,109698.60,109804.50,108333.00,108749.60,18788.707
1756818000000,108749.50,111243.90,108687.90,111113.40,30564.234
1756821600000,111113.40,111742.10,110737.70,111308.50,19298.624
1756825200000,111308.60,111480.20,110555.80,110789.90,10924.518
1756828800000,110789.90,111076.80,110418.00,110745.70,7117.775
1756832400000,110745.70,111000.00,110579.00,110853.80,4189.192
1756836000000,110853.80,110890.70,110118.50,110584.10,6333.183
1756839600000,110584.00,110792.10,110390.20,110742.90,3120.802
1756843200000,110742.90,111373.40,110650.80,111356.10,5655.118
1756846800000,111356.10,111487.90,111066.00,111066.10,3291.780
1756850400000,111066.10,111216.20,110812.40,111216.10,3957.976
1756854000000,111216.10,111230.70,110958.50,111188.00,1659.283
1756857600000,111187.90,111732.90,111173.20,111283.20,5273.108
1756861200000,111283.10,111346.40,110842.70,111120.00,3487.045
1756864800000,111120.00,111442.20,110972.30,111327.90,3149.336
1756868400000,111327.90,111358.00,110844.00,110991.70,2770.224
1756872000000,110991.80,111117.50,110783.60,110966.70,2112.534
1756875600000,110966.70,111022.70,110613.20,110647.60,2261.177
1756879200000,110647.60,110843.00,110523.00,110676.60,3057.494
1756882800000,110676.50,111065.50,110486.90,111041.50,3685.839
1756886400000,111041.40,111221.00,110923.00,110974.90,3159.461
1756890000000,110974.80,111283.60,110843.00,111261.20,2448.686
1756893600000,111261.20,111438.00,111112.90,111402.00,2668.675
1756897200000,111402.00,111670.00,111338.50,111391.60,3613.606
1756900800000,111391.60,111831.40,110966.80,111051.00,6470.858
1756904400000,111051.00,111869.80,111011.30,111409.40,10528.245
1756908000000,111409.40,112470.50,111047.60,112208.30,19193.727
1756911600000,112208.80,112334.70,111850.00,112168.60,6775.076
1756915200000,112168.50,112296.80,111626.00,111810.00,5078.095
1756918800000,111809.90,112541.20,111800.00,112251.80,5869.245
1756922400000,112251.80,112467.40,111740.90,111952.80,3678.628
1756926000000,111952.90,112183.40,111724.10,112139.90,2812.958
1756929600000,112140.00,112196.80,111984.40,112166.80,1669.437
1756933200000,112166.80,112207.10,111700.00,111936.60,1643.634
1756936800000,111936.60,112093.50,111777.70,111899.90,1496.147
1756940400000,111899.90,111935.70,111550.90,111659.80,2601.186
1756944000000,111659.70,112136.80,111556.00,112015.40,2951.430
1756947600000,112015.30,112027.90,111580.70,111900.00,1917.071
1756951200000,111899.90,111930.00,111344.90,111409.60,4384.497
1756954800000,111409.60,111678.70,111081.10,111107.10,5644.090
1756958400000,111107.10,111283.70,110853.40,110870.80,3907.090
1756962000000,110870.90,110880.00,110517.20,110613.30,7660.784
1756965600000,110613.30,110683.60,110237.20,110350.00,5261.595
1756969200000,110349.90,110598.40,110299.70,110417.30,3889.400
1756972800000,110417.30,110800.00,110366.00,110595.30,4062.453
1756976400000,110595.40,110818.60,110595.40,110764.10,2233.183
1756980000000,110764.10,111111.00,110561.20,110569.00,4277.971
1756983600000,110568.90,111009.50,110478.90,110763.90,4273.216
1756987200000,110763.80,111081.60,110463.80,110887.60,4781.847
1756990800000,110888.80,110931.90,110150.00,110421.20,6580.733
1756994400000,110421.20,110486.00,109655.40,109799.90,12600.353
1756998000000,109800.00,109826.80,109269.10,109448.00,9349.266
1757001600000,109448.00,109648.70,109315.00,109384.90,4463.608
1757005200000,109384.80,109876.90,109372.50,109728.30,4768.350
1757008800000,109728.40,110150.00,109632.50,109918.60,5516.407
1757012400000,109918.70,110063.00,109648.60,109753.90,3056.603
1757016000000,109753.90,110370.00,109702.80,110350.00,3454.519
1757019600000,110350.00,110500.00,110265.60,110445.80,1513.533
1757023200000,110445.80,111560.00,110427.10,111454.90,8280.779
1757026800000,111454.90,111743.80,110541.20,110679.40,7471.591
1757030400000,110679.50,110893.50,110394.20,110418.00,4272.714
1757034000000,110418.00,111098.30,110405.50,111079.90,3129.486
1757037600000,111079.90,111444.10,110992.80,111297.70,5087.695
1757041200000,111297.70,111297.70,111040.50,111266.90,2329.756
1757044800000,111267.00,111429.10,111086.20,111396.70,1806.698
1757048400000,111396.80,111687.90,111361.10,111524.20,3135.780
1757052000000,111524.20,111876.80,111448.40,111860.00,3660.550
1757055600000,111860.00,112949.00,111831.70,112900.10,19603.479
1757059200000,112900.00,112947.60,112559.30,112589.00,6454.835
1757062800000,112589.00,112589.10,112080.00,112252.80,7505.547
1757066400000,112252.80,112547.00,112143.70,112199.10,4636.353
1757070000000,112199.20,112397.70,112085.90,112299.60,3613.537
1757073600000,112299.60,113344.30,112000.00,113159.10,28456.112
1757077200000,113159.00,113271.60,112642.40,113028.40,12850.379
1757080800000,113028.40,113028.40,110440.00,110527.40,36245.316
1757084400000,110527.30,110974.80,110240.00,110674.10,11144.796
1757088000000,110674.10,110886.40,110485.30,110767.30,3936.916
1757091600000,110767.30,110770.00,110153.30,110567.20,5428.736
1757095200000,110567.10,111247.00,110521.70,111146.00,5084.280
1757098800000,111146.10,111598.20,111072.00,111550.10,4603.475
1757102400000,111550.00,111594.10,111230.70,111581.80,3871.715
1757106000000,111581.80,111655.50,110307.60,110544.10,12256.957
1757109600000,110544.00,110873.60,110438.10,110745.20,2544.544
1757113200000,110745.20,110819.50,110534.20,110614.90,1715.748
1757116800000,110614.80,110786.30,110504.90,110729.40,2070.165
1757120400000,110729.40,110874.90,110682.20,110817.60,1269.562
1757124000000,110817.50,111174.70,110675.60,111170.10,2158.159
1757127600000,111170.00,111256.20,110958.90,111034.00,1903.334
1757131200000,111034.00,111034.00,110735.00,110834.80,1758.386
1757134800000,110834.70,110834.80,110653.10,110678.70,1657.031
1757138400000,110678.70,110773.90,110660.00,110705.10,833.604
1757142000000,110705.10,110794.60,110700.00,110779.90,902.766
1757145600000,110779.90,110928.50,110730.60,110906.50,1099.778
1757149200000,110906.50,110906.50,110653.10,110653.10,1632.000
1757152800000,110653.20,110757.00,110630.00,110734.20,995.677
1757156400000,110734.20,110830.90,110621.00,110732.90,1321.074
1757160000000,110732.80,110852.90,110704.00,110786.60,1148.219
1757163600000,110786.60,110910.00,110772.60,110882.10,1353.752
1757167200000,110882.10,110956.50,110719.70,110760.80,1432.496
1757170800000,110760.80,110793.40,110285.20,110324.10,5374.969
1757174400000,110324.20,110359.10,109850.00,110206.20,8944.434
1757178000000,110206.20,110222.30,109933.20,110096.10,2109.326
1757181600000,110096.20,110238.40,110005.80,110176.30,1887.316
1757185200000,110176.30,110206.90,109950.00,109986.70,1672.032
1757188800000,109986.80,110121.00,109981.20,110121.00,950.783
1757192400000,110121.00,110167.60,110039.50,110158.10,1063.152
1757196000000,110158.10,110192.60,110023.60,110114.90,1413.249
1757199600000,110115.00,110225.90,110057.90,110135.30,1331.252
1757203200000,110135.20,110325.50,110120.50,110306.00,2086.639
1757206800000,110305.90,110545.00,110276.20,110502.20,3150.738
1757210400000,110502.10,110645.70,110394.10,110610.00,1736.392
1757214000000,110610.10,110700.00,110541.60,110579.80,1513.180
1757217600000,110579.80,110596.00,110438.00,110514.50,1097.889
1757221200000,110514.50,110650.10,110514.40,110607.00,1036.422
1757224800000,110607.10,110613.40,110418.80,110458.50,1448.590
1757228400000,110458.50,110880.80,110414.40,110710.80,3591.966
1757232000000,110710.80,111348.00,110666.40,111022.80,8313.628
1757235600000,111022.80,111211.70,110823.80,111074.60,3631.035
1757239200000,111074.60,111186.50,110992.20,111170.30,1184.532
1757242800000,111170.40,111249.90,111128.20,111249.50,1634.215
1757246400000,111249.50,111249.60,111018.40,111074.30,1740.718
1757250000000,111074.30,111193.50,110998.80,111168.10,1383.015
1757253600000,111168.10,111371.40,111010.00,111092.10,2666.836
1757257200000,111092.10,111334.10,111061.00,111276.20,1718.583
1757260800000,111276.20,111327.20,111115.20,111158.00,1562.965
1757264400000,111158.10,111200.10,110850.00,110925.60,3120.211
1757268000000,110925.50,111029.10,110817.50,111011.80,1403.894
1757271600000,111011.70,111266.60,111004.30,111217.00,1553.717
1757275200000,111216.90,111325.00,111105.50,111282.80,1724.934
1757278800000,111282.80,111291.20,111006.40,111006.40,954.470
1757282400000,111006.40,111316.20,110947.60,111197.90,2058.947
1757286000000,111197.90,111559.50,111010.00,111076.00,3527.068
1757289600000,111075.50,111250.00,110683.80,110786.50,5003.903
1757293200000,110786.50,110958.50,110680.00,110847.00,2564.180
1757296800000,110846.90,111345.00,110566.50,111199.90,4007.876
1757300400000,111199.90,111304.20,110970.00,111004.90,2565.867
1757304000000,111004.80,111176.00,110875.30,110934.70,2356.422
1757307600000,110934.60,111027.50,110852.10,110984.80,1275.123
1757311200000,110984.80,111153.30,110864.10,111068.40,1257.468
1757314800000,111068.40,111580.70,111061.80,111236.40,4520.010
1757318400000,111236.50,111876.50,111201.00,111640.00,6717.256
1757322000000,111640.00,112066.70,111537.40,112059.90,7507.572
1757325600000,112060.00,112144.00,111866.30,112005.50,6019.260
1757329200000,112005.50,112088.00,111718.70,112022.00,3772.591
1757332800000,112022.00,112120.60,111885.40,111990.10,2172.702
1757336400000,111990.10,112331.00,111800.00,111864.30,9206.938
1757340000000,111864.30,112731.20,111834.60,112586.20,10307.016
1757343600000,112586.30,112867.60,112459.20,112573.60,6589.153
1757347200000,112573.60,112635.00,112234.10,112345.80,5132.236
1757350800000,112345.90,112494.30,112030.00,112168.10,3563.590
1757354400000,112168.10,112466.60,112136.30,112425.30,2838.363
1757358000000,112425.30,112425.30,111927.00,112051.00,3331.798
1757361600000,112050.00,112100.00,111847.00,111919.40,2348.233
1757365200000,111919.50,112289.70,111880.00,112271.80,1980.365
1757368800000,112271.80,112460.40,112160.00,112186.70,2484.308
1757372400000,112186.70,112255.00,111931.70,112012.60,1595.629
1757376000000,112012.70,112055.70,111409.00,111597.90,6733.250
1757379600000,111598.00,111700.00,111220.00,111313.10,3570.259
1757383200000,111313.00,111399.90,111050.00,111280.00,4370.290
1757386800000,111280.00,111705.10,111186.10,111657.60,4616.451
1757390400000,111657.70,112073.40,111576.70,111979.90,6541.068
1757394000000,111979.80,112217.80,111800.10,112152.20,3310.800
1757397600000,112152.20,113131.60,112115.80,112989.50,13709.780
1757401200000,112989.60,113238.00,112699.90,112950.10,8359.988
1757404800000,112950.20,113134.30,112852.40,112965.80,3570.423
1757408400000,112965.90,113032.80,112870.30,112928.70,2068.245
1757412000000,112928.80,113011.80,112588.40,112690.20,4022.423
1757415600000,112690.10,112769.20,112350.00,112397.40,3180.594
1757419200000,112397.50,112793.80,112350.00,112626.50,4080.737
1757422800000,112626.40,112900.00,112429.40,112712.90,5401.529
1757426400000,112712.80,112897.40,111452.40,111709.50,23375.351
1757430000000,111708.80,111793.50,110714.90,110830.10,16528.686
1757433600000,110830.10,111095.60,110738.60,110915.10,5134.914
1757437200000,110915.10,111153.00,110838.60,110984.90,3384.959
1757440800000,110984.80,111269.30,110880.10,111097.90,4510.748
1757444400000,111097.90,111342.00,111076.00,111242.30,1897.988
1757448000000,111242.40,111490.60,111041.10,111487.40,2981.067
1757451600000,111487.50,111692.30,111212.50,111241.90,2458.831
1757455200000,111241.80,111585.00,111201.60,111510.00,1690.736
1757458800000,111509.90,111530.50,111308.20,111499.90,1776.016
1757462400000,111499.90,111533.30,110873.80,110971.30,5982.128
1757466000000,110971.30,111182.90,110855.80,110955.80,4507.489
1757469600000,110955.80,111505.70,110955.70,111357.60,4753.387
1757473200000,111357.70,111545.00,111304.40,111498.90,1942.887
1757476800000,111498.90,111607.00,111351.90,111482.10,1926.667
1757480400000,111482.20,111674.20,111316.80,111529.90,2677.657
1757484000000,111530.00,111929.50,111342.00,111742.80,4547.774
1757487600000,111742.70,112555.00,111710.00,112500.10,7623.204
1757491200000,112500.00,112832.00,112280.00,112333.00,10745.223
1757494800000,112333.00,112395.00,112060.00,112240.30,3928.535
1757498400000,112240.30,112394.00,112163.80,112234.10,2436.028
1757502000000,112234.10,112379.30,112106.50,112266.40,2256.888
1757505600000,112266.50,113530.00,112266.40,113388.00,27158.451
1757509200000,113388.00,114287.90,113343.70,113911.30,21312.770
1757512800000,113911.30,114236.90,113754.90,113872.40,10165.252
1757516400000,113872.40,114067.20,113648.10,113801.30,5390.227
1757520000000,113801.30,113888.50,113532.80,113723.90,5697.401
1757523600000,113724.00,114046.80,113366.20,113693.80,6561.140
1757527200000,113693.90,113858.90,113304.10,113550.00,4822.387
1757530800000,113550.10,113581.20,113111.00,113525.20,4550.556
1757534400000,113525.30,113889.60,113500.00,113513.60,4433.809
1757538000000,113513.70,113796.60,113468.40,113782.80,1696.935
1757541600000,113782.80,113942.80,113645.40,113831.50,2895.542
1757545200000,113831.50,114005.00,113732.00,113896.80,3889.202
1757548800000,113896.80,113948.80,113614.50,113833.50,2563.735
1757552400000,113833.40,114142.40,113779.40,113852.40,2711.816
1757556000000,113852.30,113904.70,113663.70,113774.80,1670.348
1757559600000,113774.80,114433.20,113774.70,114354.40,4237.977
1757563200000,114354.40,114359.50,114020.50,114102.90,3195.281
1757566800000,114103.00,114290.00,113912.50,114215.10,2286.921
1757570400000,114215.20,114419.90,114017.70,114279.60,2711.251
1757574000000,114279.60,114279.60,113900.00,114040.00,3428.177
1757577600000,114040.10,114161.00,113917.10,114005.60,2242.024
1757581200000,114005.70,114037.50,113722.20,113857.50,4041.817
1757584800000,113857.50,114065.00,113839.90,114003.10,2243.393
1757588400000,114003.10,114063.10,113850.00,113960.90,2534.637
1757592000000,113961.00,114500.00,113451.00,113929.90,17928.716
1757595600000,113930.00,114691.70,113340.70,114577.50,17108.432
1757599200000,114578.20,114630.00,113871.50,114400.10,9211.175
1757602800000,114400.20,114646.80,113926.40,114122.30,5835.762
1757606400000,114122.40,114541.10,114122.30,114428.40,3706.951
1757610000000,114428.50,114554.40,114274.30,114534.10,2438.993
1757613600000,114534.10,114564.00,114008.50,114254.50,3703.781
1757617200000,114254.50,114478.70,114130.30,114370.50,2081.211
1757620800000,114370.40,114440.60,114195.00,114343.10,1408.393
1757624400000,114343.10,114473.30,114336.20,114426.40,990.167
1757628000000,114426.40,115218.90,114375.30,115037.30,10750.187
1757631600000,115037.30,115439.00,115031.90,115427.00,4034.933
1757635200000,115427.00,116280.00,115357.60,115795.10,13923.017
1757638800000,115795.10,115980.00,115305.10,115329.50,7515.681
1757642400000,115329.50,115618.10,115196.90,115332.50,5338.348
1757646000000,115332.40,115375.00,114993.00,115138.30,4942.467
1757649600000,115138.30,115452.80,115024.30,115314.50,4255.175
1757653200000,115314.50,115613.00,115266.00,115559.60,3729.005
1757656800000,115559.60,115559.60,115204.90,115270.50,2167.681
1757660400000,115270.50,115358.00,115039.10,115049.00,2246.923
1757664000000,115048.90,115243.50,114908.90,115013.90,5376.695
1757667600000,115014.00,115090.00,114833.80,115010.00,3607.691
1757671200000,115010.00,115045.90,114880.80,114928.40,1715.476
1757674800000,114928.40,115107.60,114850.00,114863.00,2685.617
1757678400000,114863.00,115161.50,114681.50,115035.50,5903.861
1757682000000,115035.50,115191.30,114771.90,115114.60,3684.948
1757685600000,115114.60,115445.90,114818.70,115213.60,6809.602
1757689200000,115213.60,115246.80,114880.00,115064.90,2428.993
1757692800000,115064.80,115469.70,114989.90,115435.00,3689.496
1757696400000,115435.00,115879.10,115335.50,115746.40,6835.600
1757700000000,115746.50,116444.00,115697.70,116423.90,9539.626
1757703600000,116423.90,116605.70,116180.00,116561.10,7884.436
1757707200000,116561.00,116561.00,115907.80,116088.30,6118.628
1757710800000,116088.30,116094.10,115701.40,115810.50,3326.573
1757714400000,115810.50,116298.00,115810.50,115972.90,3137.655
1757718000000,115973.00,116110.70,115872.30,115978.40,2150.524
1757721600000,115978.40,116245.40,115911.00,116155.10,2876.228
1757725200000,116155.00,116222.00,115500.10,115703.20,4589.727
1757728800000,115703.10,115940.00,115625.80,115832.10,1853.596
1757732400000,115832.20,115966.70,115789.20,115913.60,1548.143
1757736000000,115913.60,115913.60,115635.00,115650.10,1500.030
1757739600000,115650.00,115818.00,115600.00,115656.70,1933.360
1757743200000,115656.70,115754.00,115594.90,115695.70,1562.355
1757746800000,115695.70,115810.00,115650.00,115715.50,1583.127
1757750400000,115715.50,116011.00,115715.50,115913.30,1844.202
1757754000000,115913.30,115988.20,115811.00,115969.70,1859.139
1757757600000,115969.70,116126.00,115849.90,115882.70,2175.527
1757761200000,115882.70,115956.10,115824.40,115912.90,1018.759
1757764800000,115913.00,116013.70,115800.10,115947.50,1261.065
1757768400000,115947.50,115947.50,115566.00,115706.40,2159.630
1757772000000,115706.40,115906.80,115546.10,115750.00,3475.565
1757775600000,115750.10,115885.30,115555.00,115721.30,2207.130
1757779200000,115721.40,115780.30,115032.00,115286.60,8199.574
1757782800000,115286.60,115544.00,115127.20,115518.70,3596.831
1757786400000,115518.80,115627.70,115373.10,115594.00,1560.644
1757790000000,115593.90,115763.10,115519.60,115751.40,1647.045
1757793600000,115751.40,115946.40,115745.60,115837.20,1835.484
1757797200000,115837.20,115928.90,115791.20,115849.70,869.104
1757800800000,115849.80,115888.60,115758.40,115828.20,640.742
1757804400000,115828.30,115944.00,115813.00,115862.70,732.583
1757808000000,115862.70,115960.30,115765.00,115884.40,1533.661
1757811600000,115884.40,115950.00,115683.10,115907.40,1986.376
1757815200000,115907.30,116075.80,115692.30,115809.80,2090.297
1757818800000,115809.70,115819.40,115580.00,115626.00,2066.800
1757822400000,115626.00,115723.90,115406.10,115693.20,1904.411
1757826000000,115693.20,115867.50,115680.00,115810.10,1118.502
1757829600000,115810.00,115884.10,115634.80,115684.10,894.566
1757833200000,115684.00,115778.40,115671.50,115746.00,823.973
1757836800000,115746.10,115938.70,115700.30,115887.40,1183.506
1757840400000,115887.30,116118.60,115838.90,115996.20,2492.647
1757844000000,115996.20,116091.40,115904.60,115979.50,1417.829
1757847600000,115979.50,116057.70,115701.10,115750.00,2415.287
1757851200000,115750.00,115828.10,115607.90,115727.20,1867.199
1757854800000,115727.20,115736.80,115151.30,115279.50,6854.655
1757858400000,115279.60,115651.00,115100.50,115350.80,4946.419
1757862000000,115350.80,115374.40,115132.40,115162.20,2329.237
1757865600000,115162.20,115499.00,115132.40,115422.70,2035.188
1757869200000,115422.70,115605.50,115352.70,115502.90,1799.273
1757872800000,115502.90,115503.00,115313.20,115333.10,876.360
1757876400000,115333.20,115597.40,115275.50,115597.40,1235.721
1757880000000,115597.30,115816.90,115588.60,115745.00,1478.483
1757883600000,115745.10,116050.00,115556.10,116023.30,3053.925
1757887200000,116023.30,116041.10,115753.10,115957.00,2680.052
1757890800000,115956.90,115957.00,115057.00,115210.00,6003.623
1757894400000,115210.00,115214.80,114888.10,115023.40,4842.813
1757898000000,115023.40,115232.80,114777.00,115178.30,4555.436
1757901600000,115178.40,115392.50,115157.30,115318.60,2562.866
1757905200000,115318.50,115536.00,115300.00,115387.60,1615.354
1757908800000,115387.70,116150.10,115341.80,116006.50,7929.299
1757912400000,116006.50,116547.90,115960.00,116474.20,6140.043
1757916000000,116474.20,116759.90,116000.10,116077.80,7143.097
1757919600000,116077.70,116362.90,115554.00,115769.50,6251.252
1757923200000,115769.60,115769.60,114650.00,114697.00,12658.889
1757926800000,114697.00,115141.90,114588.00,114820.10,9459.121
1757930400000,114820.10,114908.90,114700.00,114729.10,3708.051
1757934000000,114729.10,115167.70,114691.60,115009.00,4413.482
1757937600000,115009.00,115034.50,114621.30,114686.70,3205.118
1757941200000,114686.70,115045.50,114338.50,114610.70,11845.656
1757944800000,114610.70,114984.90,114400.00,114618.30,4822.105
1757948400000,114618.30,114869.30,114340.00,114788.40,6009.030
1757952000000,114788.10,114886.50,114542.60,114618.90,2669.685
1757955600000,114618.90,115086.60,114550.20,115075.90,2711.313
1757959200000,115075.90,115306.80,114843.00,115252.70,3092.752
1757962800000,115252.70,115528.80,114901.70,115246.70,5814.635
1757966400000,115246.70,115444.10,115141.40,115331.00,2100.602
1757970000000,115331.10,115478.90,115224.10,115456.60,1156.667
1757973600000,115456.60,115550.00,115160.00,115224.10,1695.106
1757977200000,115224.00,115425.00,115171.00,115300.60,1508.907
1757980800000,115300.50,115300.60,114890.00,115033.50,2528.698
1757984400000,115033.60,115490.80,114950.00,114964.40,2622.944
1757988000000,114964.40,115187.60,114964.40,114969.90,1348.448
1757991600000,114969.90,115380.10,114969.90,115250.90,1774.516
1757995200000,115250.80,115512.00,114867.00,115458.30,4521.190
1757998800000,115458.40,115912.20,115397.60,115893.30,7190.978
1758002400000,115893.20,115968.00,115547.10,115724.00,4883.478
1758006000000,115724.10,115854.50,115666.00,115799.40,1936.627
1758009600000,115799.40,115945.00,115465.80,115616.40,3580.017
1758013200000,115616.40,115668.50,115374.00,115420.50,1570.660
1758016800000,115420.60,115552.60,115311.40,115318.50,1985.328
1758020400000,115318.40,115384.60,115151.00,115222.20,2767.924
1758024000000,115222.10,115421.40,115222.10,115393.10,2175.161
1758027600000,115393.20,115511.00,114600.00,115154.60,9492.667
1758031200000,115154.50,115268.60,114769.20,115231.10,7412.059
1758034800000,115231.10,115878.20,114975.40,115877.90,5479.109
1758038400000,115877.90,116050.00,115549.90,116021.00,5845.153
1758042000000,116021.00,116830.00,116010.00,116414.80,14209.727
1758045600000,116414.70,116733.70,116166.30,116372.60,4718.462
1758049200000,116372.50,116779.90,116340.30,116758.00,3654.151
1758052800000,116757.10,116879.70,116655.40,116783.70,2727.151
1758056400000,116783.80,116888.00,116543.70,116757.10,2362.185
1758060000000,116757.10,116910.80,116643.30,116802.80,2574.132
1758063600000,116802.80,116866.60,116565.80,116747.30,2085.419
1758067200000,116747.30,116786.60,116501.00,116512.90,2219.409
1758070800000,116512.90,116720.00,116450.00,116621.90,2054.443
1758074400000,116622.00,117081.90,116504.20,116633.20,3784.907
1758078000000,116633.10,116714.00,116317.00,116320.10,3663.078
1758081600000,116320.20,116433.30,116107.20,116264.80,3290.431
1758085200000,116264.80,117200.00,116264.70,117070.50,8968.622
1758088800000,117070.40,117266.40,116930.00,117180.40,4751.777
1758092400000,117180.30,117233.50,117072.90,117120.50,2892.895
1758096000000,117120.50,117156.60,116639.40,116801.00,5342.187
1758099600000,116801.00,116801.00,116502.30,116503.90,2616.475
1758103200000,116503.90,116563.30,116212.10,116317.50,3327.442
1758106800000,116317.50,116332.90,116197.00,116200.10,3461.794
1758110400000,116200.10,116493.00,116034.00,116150.00,5551.302
1758114000000,116150.10,116287.80,115847.70,116066.90,6903.098
1758117600000,116067.10,116207.30,115340.00,115557.60,11068.202
1758121200000,115557.50,115837.60,115483.40,115825.10,4411.471
1758124800000,115825.10,115825.10,115325.50,115594.50,5491.253
1758128400000,115594.40,116251.00,115400.00,115464.00,8865.780
1758132000000,115476.90,116316.00,114623.30,115184.10,35717.455
1758135600000,115184.10,115950.00,115026.70,115587.60,11510.954
1758139200000,115587.50,116084.10,115430.90,115561.50,4393.535
1758142800000,115561.50,116077.70,115257.10,115986.80,3112.854
1758146400000,115986.80,116772.00,115974.60,116507.90,7723.200
1758150000000,116508.00,116940.00,116253.50,116402.50,7002.506
1758153600000,116402.60,116431.60,116033.50,116291.80,4219.915
1758157200000,116291.90,116830.60,116281.70,116587.20,4166.072
1758160800000,116587.20,116907.10,116376.00,116888.40,3411.331
1758164400000,116888.40,117865.90,116838.40,117531.20,18547.277
1758168000000,117531.30,117713.50,117169.20,117567.30,6662.844
1758171600000,117567.30,117567.40,117136.00,117228.00,2816.070
1758175200000,117228.10,117289.10,116834.50,117044.80,5295.291
1758178800000,117044.80,117165.50,117000.00,117033.60,2576.718
1758182400000,117033.70,117381.90,116960.30,117187.10,3432.229
1758186000000,117187.10,117309.90,117065.00,117251.40,2184.517
1758189600000,117251.40,117260.40,117025.80,117143.40,1952.759
1758193200000,117143.50,117263.90,116955.00,117015.00,2488.299
1758196800000,117015.00,117239.80,116920.10,117074.00,3236.624
1758200400000,117074.00,117600.00,116913.90,117381.50,6837.828
1758204000000,117381.50,117789.90,117340.20,117575.10,7190.817
1758207600000,117575.10,117656.00,117261.00,117530.30,4832.300
1758211200000,117530.20,117750.00,117444.00,117510.60,3149.843
1758214800000,117510.60,117729.60,117365.00,117530.20,2507.348
1758218400000,117530.20,117875.20,117450.00,117760.00,3358.624
1758222000000,117760.00,117760.10,117133.00,117403.00,3441.205
1758225600000,117402.90,117605.80,117279.80,117454.80,1798.573
1758229200000,117454.80,117454.80,117233.00,117233.00,1061.463
1758232800000,117233.10,117275.70,116961.10,116995.00,3819.323
1758236400000,116995.00,117125.00,116489.70,117017.10,8228.447
1758240000000,117017.10,117375.10,116960.80,117359.90,3198.752
1758243600000,117360.00,117406.80,117054.10,117184.00,2350.496
1758247200000,117184.00,117234.50,116990.80,117054.80,1711.432
1758250800000,117054.90,117237.00,116800.00,116914.20,3008.530
1758254400000,116914.10,117049.90,116631.60,116929.40,4258.165
1758258000000,116929.40,116966.70,116725.00,116837.50,1653.823
1758261600000,116837.60,116837.60,116567.30,116633.20,3629.406
1758265200000,116633.20,116943.90,116625.10,116850.10,3321.111
1758268800000,116850.00,117050.60,116818.90,116862.60,2345.511
1758272400000,116862.60,116936.10,116425.00,116437.70,4625.568
1758276000000,116437.70,116500.00,116368.00,116476.70,3704.067
1758279600000,116476.70,116501.50,116250.70,116343.10,3322.449
1758283200000,116343.30,116488.00,116072.00,116124.10,4982.444
1758286800000,116124.10,116416.40,116017.10,116238.70,5519.806
1758290400000,116238.60,116447.30,115730.00,115849.70,7237.562
1758294000000,115849.70,115900.00,115408.40,115826.90,9556.317
1758297600000,115826.90,116093.00,115735.70,116029.90,4351.705
1758301200000,116030.00,116035.80,115490.90,115490.90,3079.477
1758304800000,115490.90,115596.00,115322.00,115365.70,4246.157
1758308400000,115365.70,115433.10,115057.00,115082.40,4840.932
1758312000000,115082.40,115393.60,115049.90,115306.60,2937.755
1758315600000,115306.50,115493.70,115255.30,115411.50,1632.163
1758319200000,115411.40,115596.50,115411.40,115550.50,1428.568
1758322800000,115550.50,115600.00,115394.50,115569.50,1209.453
1758326400000,115569.60,115670.00,115484.90,115656.40,1580.743
1758330000000,115656.30,115660.40,115550.20,115562.60,1243.500
1758333600000,115562.60,115562.70,115371.00,115544.40,1230.006
1758337200000,115544.40,115545.50,115355.00,115394.20,731.377
1758340800000,115394.30,115526.60,115343.00,115511.90,983.427
1758344400000,115511.90,115655.30,115459.60,115655.30,1142.239
1758348000000,115655.30,115666.10,115571.10,115643.40,920.492
1758351600000,115643.40,115933.40,115624.20,115909.80,3212.387
1758355200000,115909.90,115914.40,115637.50,115645.00,1826.205
1758358800000,115645.10,115743.10,115605.60,115605.70,1441.409
1758362400000,115605.70,115739.30,115605.60,115688.40,1072.743
1758366000000,115688.40,115857.90,115688.40,115834.90,1788.671
1758369600000,115834.90,115900.00,115750.60,115820.20,1336.836
1758373200000,115820.20,115897.00,115793.50,115859.00,914.203
1758376800000,115859.00,115975.00,115820.10,115899.10,1768.822
1758380400000,115899.20,116059.20,115881.30,115928.50,2507.969
1758384000000,115928.40,116000.00,115807.00,115965.80,1462.149
1758387600000,115965.80,116017.90,115756.60,115760.00,1456.957
1758391200000,115760.00,115760.00,115637.30,115654.20,1198.886
1758394800000,115654.30,115743.20,115636.60,115636.60,883.464
1758398400000,115636.60,115724.20,115625.70,115653.60,779.075
1758402000000,115653.50,115887.60,115653.50,115724.20,889.066
1758405600000,115724.20,115740.50,115679.90,115703.20,794.035
1758409200000,115703.10,115703.20,115549.90,115624.90,1191.017
1758412800000,115625.00,115671.20,115483.10,115587.30,1462.166
1758416400000,115587.30,115587.40,115435.00,115435.10,910.328
1758420000000,115435.10,115650.00,115388.00,115635.60,1531.802
1758423600000,115635.70,115662.10,115560.70,115613.80,926.350
1758427200000,115613.80,115614.90,115440.00,115440.10,796.412
1758430800000,115440.00,115623.90,115430.20,115623.90,1173.638
1758434400000,115623.90,115744.00,115623.80,115633.30,1234.662
1758438000000,115633.30,115772.90,115556.70,115772.90,1652.007
1758441600000,115772.80,115778.00,115509.50,115583.20,1350.457
1758445200000,115583.10,115660.10,115277.00,115626.20,3162.625
1758448800000,115626.10,115666.00,115445.00,115465.10,1114.306
1758452400000,115465.10,115654.10,115459.00,115559.30,967.329
1758456000000,115559.30,115703.90,115559.30,115623.80,995.574
1758459600000,115623.90,115696.30,115583.30,115611.00,852.096
1758463200000,115611.00,115638.70,115436.10,115446.40,1546.537
1758466800000,115446.30,115557.00,115413.00,115471.10,1042.151
1758470400000,115471.00,115500.60,115158.00,115270.80,2813.728
1758474000000,115270.80,115596.00,115206.00,115581.30,1872.256
1758477600000,115581.30,115620.00,115469.60,115481.60,1034.503
1758481200000,115481.60,115481.60,115267.50,115441.00,1020.121
1758484800000,115441.00,115458.20,115256.20,115256.30,750.452
1758488400000,115256.20,115383.90,115181.70,115364.00,966.009
1758492000000,115363.90,115510.70,115137.60,115485.60,1923.254
1758495600000,115485.60,115485.70,115150.80,115183.90,1694.668
1758499200000,115183.90,115344.60,114122.00,114335.90,15900.727
1758502800000,114335.80,114700.00,114178.00,114211.80,8046.557
1758506400000,114211.90,114563.40,114050.00,114126.00,7015.730
1758510000000,114126.10,114602.90,114126.00,114602.90,3254.256
1758513600000,114602.90,114604.90,114342.50,114380.10,2627.020
1758517200000,114380.10,114499.40,113588.00,113635.60,4313.687
1758520800000,113615.00,113636.50,111469.20,112748.80,36501.661
1758524400000,112748.80,112948.80,112391.50,112454.40,10528.318
1758528000000,112454.50,112724.50,112377.00,112568.30,4180.370
1758531600000,112568.20,112616.50,112119.00,112288.60,5252.596
1758535200000,112288.70,112800.00,112203.20,112732.60,3909.154
1758538800000,112732.50,112927.00,112617.00,112814.10,2927.486
1758542400000,112814.00,112814.10,112458.40,112682.10,3300.645
1758546000000,112682.20,113100.00,112333.00,113087.10,5616.250
1758549600000,113087.10,113413.50,112707.80,112892.00,12501.980
1758553200000,112892.10,112986.00,112524.30,112768.70,4729.017
1758556800000,112768.70,112839.00,112533.30,112558.30,2577.439
1758560400000,112558.30,112576.80,112200.00,112350.00,4226.951
1758564000000,112350.00,112776.10,112300.00,112385.60,3177.930
1758567600000,112385.60,112549.60,111866.30,112072.90,7148.164
1758571200000,112072.80,112942.40,111924.60,112732.10,5453.821
1758574800000,112731.90,112923.00,112543.20,112922.90,2411.412
1758578400000,112922.90,112923.00,112533.30,112584.10,2245.623
1758582000000,112584.20,112699.90,112533.60,112604.70,1614.774
1758585600000,112604.70,112808.40,112330.00,112347.20,3179.149
1758589200000,112347.10,112474.00,112090.60,112115.20,2609.313
1758592800000,112115.30,112450.00,111591.60,111760.40,6641.560
1758596400000,111760.50,112417.40,111405.10,112294.00,8869.065
1758600000000,112294.00,112426.60,111804.90,112377.60,4502.808
1758603600000,112377.70,112850.00,112361.10,112616.60,5667.214
1758607200000,112616.60,113070.00,112557.10,112924.10,4655.854
1758610800000,112924.10,113080.00,112818.10,113048.10,4182.396
1758614400000,113048.10,113144.20,112891.30,113087.90,4162.537
1758618000000,113087.90,113236.00,112823.80,112892.50,3201.081
1758621600000,112892.50,112971.10,112769.20,112929.00,2113.843
1758625200000,112929.00,113039.10,112634.00,112938.60,3356.721
1758628800000,112938.60,113010.00,112758.70,112885.80,2599.678
1758632400000,112885.80,112969.80,112667.70,112894.10,3147.097
1758636000000,112894.10,113254.80,112512.00,112602.30,6011.804
1758639600000,112602.20,113025.20,112390.60,112828.60,4815.908
1758643200000,112828.60,112927.80,112433.90,112763.80,4145.042
1758646800000,112763.80,112779.40,111827.20,111919.20,7015.257
1758650400000,111919.20,112168.60,111625.50,111728.30,6701.869
1758654000000,111728.30,111941.60,111482.00,111611.80,4604.923
1758657600000,111611.70,111949.10,111413.50,111936.40,3816.627
1758661200000,111936.20,112151.60,111835.50,112108.60,2314.232
1758664800000,112108.50,112171.20,111940.60,112107.00,1899.440
1758668400000,112107.00,112178.00,111812.00,111947.00,2044.846
1758672000000,111947.00,112338.30,111770.90,112175.10,3493.566
1758675600000,112175.10,112466.60,112085.70,112394.60,2332.634
1758679200000,112394.60,112450.00,111850.00,112070.20,5864.294
1758682800000,112070.10,112172.30,111622.40,111639.70,4492.096
1758686400000,111639.80,112336.70,110935.00,112122.50,13604.284
1758690000000,112122.50,112630.00,112083.20,112595.90,3739.670
1758693600000,112596.00,112732.80,112479.90,112551.10,3209.360
1758697200000,112551.20,112695.40,112400.40,112544.70,2447.958
1758700800000,112544.70,112596.60,112356.40,112574.30,2722.247
1758704400000,112574.40,112796.50,112447.60,112691.00,1979.131
1758708000000,112691.00,112911.00,112609.40,112883.20,3848.079
1758711600000,112883.10,113121.80,112819.40,112982.00,6280.869
1758715200000,112982.00,113050.00,112882.70,113010.80,2300.727
1758718800000,113010.80,113177.60,112760.00,112780.20,6677.178
1758722400000,112780.20,113850.00,112780.10,113662.70,11519.749
1758726000000,113662.60,113843.00,113191.50,113299.90,7462.533
1758729600000,113300.00,113700.00,113107.40,113668.90,4485.788
1758733200000,113668.90,113895.80,113550.60,113700.10,4453.526
1758736800000,113700.10,113777.50,113423.90,113595.00,2959.707
1758740400000,113595.10,113632.40,113230.70,113371.70,2903.629
1758744000000,113371.70,113557.00,113338.80,113447.60,1859.734
1758747600000,113447.50,113529.60,113220.20,113284.30,1640.093
1758751200000,113284.30,113590.00,113193.90,113274.80,2461.148
1758754800000,113274.70,113374.00,113143.30,113254.00,2576.096
1758758400000,113253.90,113462.10,112886.10,113002.10,4558.809
1758762000000,113002.00,113322.00,112380.10,112615.70,9844.044
1758765600000,112615.70,113140.80,112453.30,112852.00,5861.275
1758769200000,112852.10,112852.10,112155.60,112485.80,6904.866
1758772800000,112485.70,112574.60,111540.00,111684.30,13535.544
1758776400000,111684.30,111994.00,111540.00,111690.40,5029.207
1758780000000,111690.40,111802.10,111451.00,111474.40,3905.809
1758783600000,111474.50,111836.70,111389.00,111708.50,4004.630
1758787200000,111708.50,111980.40,111636.10,111678.70,3250.543
1758790800000,111678.70,112220.30,111510.40,111510.40,5460.678
1758794400000,111510.40,111821.60,111471.00,111601.60,2600.721
1758798000000,111601.60,111676.90,111234.80,111316.10,4628.912
1758801600000,111316.00,111617.30,111000.00,111080.00,10102.613
1758805200000,111079.90,111682.60,110555.00,110958.50,16687.351
1758808800000,110958.40,111680.80,110935.90,111483.00,8809.853
1758812400000,111483.00,111538.40,110807.20,111538.40,6499.683
1758816000000,111538.40,111636.60,110852.00,110907.90,5431.493
1758819600000,110908.00,110930.00,108578.20,108793.90,26570.236
1758823200000,108793.90,109759.70,108574.10,109708.30,12498.301
1758826800000,109708.40,109926.70,109250.00,109320.50,6038.849
1758830400000,109320.50,109447.90,109005.00,109126.80,3823.724
1758834000000,109126.90,109619.50,109018.90,109360.80,2968.190
1758837600000,109360.80,109534.90,109200.10,109369.50,2692.291
1758841200000,109369.60,109637.30,108694.80,108934.50,6956.119
1758844800000,108934.60,109563.90,108750.00,109419.10,7756.754
1758848400000,109419.10,109720.00,109259.00,109640.00,4065.126
1758852000000,109640.10,109766.00,109439.00,109581.80,2337.099
1758855600000,109581.80,109610.40,109241.10,109537.60,3197.507
1758859200000,109537.50,109588.80,109200.00,109300.00,2066.787
1758862800000,109300.00,109538.40,109027.10,109202.80,3497.847
1758866400000,109202.80,109584.50,108955.00,109298.80,5042.879
1758870000000,109298.80,109538.30,108841.00,109257.30,8555.887
1758873600000,109257.40,109568.00,109246.70,109520.20,3613.675
1758877200000,109520.20,109653.60,109349.00,109522.50,2960.879
1758880800000,109522.40,109532.00,108645.90,108848.20,6786.802
1758884400000,108848.20,109157.60,108566.00,109082.90,4676.712
1758888000000,109082.90,109534.10,108757.50,109330.10,7605.548
1758891600000,109330.10,109742.30,108950.00,109621.30,8341.269
1758895200000,109621.30,109731.50,108656.80,108796.70,8136.463
1758898800000,108796.80,109313.70,108753.50,108976.00,4185.186
1758902400000,108976.00,109576.50,108976.00,109408.60,2904.444
1758906000000,109408.50,109966.50,109337.40,109847.30,6431.359
1758909600000,109847.40,110250.00,109643.60,109669.90,5449.834
1758913200000,109669.90,109669.90,108953.70,109115.90,7421.790
1758916800000,109115.80,109289.60,109028.70,109233.80,2394.272
1758920400000,109233.80,109479.20,109127.20,109412.40,1463.936
1758924000000,109412.40,109554.00,109286.90,109505.20,1878.661
1758927600000,109505.20,109641.60,109373.40,109588.50,1506.943
1758931200000,109588.50,109606.60,109418.00,109596.00,1690.587
1758934800000,109596.10,109607.00,109267.30,109384.30,1968.051
1758938400000,109384.30,109432.30,109277.40,109348.50,1171.649
1758942000000,109348.50,109700.00,109323.60,109503.80,2605.270
1758945600000,109503.80,109694.20,109460.90,109598.10,1474.548
1758949200000,109598.20,109631.20,109538.40,109587.00,728.849
1758952800000,109587.00,109587.00,109432.20,109488.60,975.449
1758956400000,109488.60,109517.40,109284.30,109354.80,1156.145
1758960000000,109354.90,109354.90,109205.20,109205.20,2164.616
1758963600000,109205.30,109309.70,109021.90,109250.00,2604.310
1758967200000,109250.00,109449.20,109205.30,109385.40,2112.447
1758970800000,109385.40,109401.90,109237.00,109265.80,722.479
1758974400000,109265.80,109444.20,109190.80,109355.20,1901.945
1758978000000,109355.20,109372.70,109264.90,109264.90,1373.388
1758981600000,109264.90,109346.00,109201.30,109244.00,1066.365
1758985200000,109243.90,109384.60,109145.00,109340.70,2706.391
1758988800000,109340.80,109380.00,109255.60,109338.20,1762.479
1758992400000,109338.30,109371.70,109188.10,109331.40,1855.921
1758996000000,109330.90,109397.60,109291.40,109383.20,980.121
1758999600000,109383.30,109394.20,109331.40,109369.30,572.464
1759003200000,109369.40,109388.80,109305.50,109333.30,481.484
1759006800000,109333.40,109435.40,109333.30,109420.30,710.932
1759010400000,109420.20,109653.20,109420.20,109550.60,2009.483
1759014000000,109550.60,109627.20,109399.30,109577.30,1076.551
1759017600000,109577.20,109749.90,109489.60,109556.30,2457.573
1759021200000,109556.30,109608.30,109284.10,109305.60,3778.661
1759024800000,109305.50,109496.40,109296.00,109398.80,1491.701
1759028400000,109398.90,109489.20,109364.20,109397.30,837.275
1759032000000,109397.30,109445.10,109315.50,109329.40,669.613
1759035600000,109329.40,109351.60,109292.00,109303.20,676.596
1759039200000,109303.20,109410.40,109203.90,109358.70,1119.331
1759042800000,109358.80,109500.00,109294.20,109468.50,1562.794
1759046400000,109468.40,109544.80,109372.80,109462.70,1897.997
1759050000000,109462.70,109520.40,109279.90,109477.50,2554.634
1759053600000,109477.40,109477.50,109313.10,109323.40,1162.554
1759057200000,109323.40,109399.00,109188.00,109319.90,2221.385
1759060800000,109319.90,109400.00,109136.50,109266.90,3645.769
1759064400000,109266.80,109625.10,109266.80,109580.90,3432.212
1759068000000,109580.80,109842.90,109455.90,109801.20,4322.280
1759071600000,109801.20,109990.00,109656.50,109990.00,4960.942
1759075200000,109990.00,110350.00,109952.20,110172.50,5563.255
1759078800000,110172.50,110325.70,110074.40,110153.50,4043.953
1759082400000,110153.40,110237.50,110003.00,110237.50,1779.099
1759086000000,110237.50,110333.00,110060.00,110281.60,1190.451
1759089600000,110281.70,110888.00,110236.60,110748.00,5529.933
1759093200000,110748.00,110835.80,110568.70,110788.10,1659.341
1759096800000,110788.10,111981.20,110788.10,111881.50,12906.618
1759100400000,111881.40,112300.00,111881.40,112119.60,7783.996
1759104000000,112119.70,112269.30,111916.00,112211.20,4032.657
1759107600000,112211.20,112266.20,111652.70,111800.70,6037.427
1759111200000,111800.70,111975.50,111562.00,111690.80,5052.912
1759114800000,111690.80,111817.90,111517.30,111817.90,3624.420
1759118400000,111817.90,111860.00,111692.30,111752.70,2847.150
1759122000000,111752.60,111769.00,111508.70,111699.90,2809.368
1759125600000,111700.00,111811.10,111561.30,111580.10,2907.973
1759129200000,111580.00,111814.80,111501.00,111814.70,3959.369
1759132800000,111814.80,112381.30,111814.70,112033.40,7181.680
1759136400000,112033.50,112166.20,111927.40,112050.00,2344.373
1759140000000,112049.90,112185.40,111972.40,112034.90,2839.103
1759143600000,112034.90,112069.70,111862.10,112052.00,3274.457
1759147200000,112052.00,112492.20,111881.30,111972.60,4897.242
1759150800000,111972.30,113443.60,111844.30,113168.20,19011.503
1759154400000,113168.10,114188.00,113136.80,113956.70,17707.195
1759158000000,113956.80,114060.00,113624.90,113752.00,6933.671
1759161600000,113752.00,114011.40,113547.00,113580.20,4149.909
1759165200000,113580.20,114137.80,113404.50,114000.00,5993.933
1759168800000,114000.10,114094.20,113812.30,113959.90,2545.927
1759172400000,113959.90,114349.70,113790.50,114204.80,4829.886
1759176000000,114204.90,114377.20,114057.50,114190.30,4878.526
1759179600000,114190.30,114279.20,114033.90,114120.90,1933.007
1759183200000,114120.80,114166.10,113960.60,114125.90,2196.413
1759186800000,114125.90,114359.10,114125.90,114257.10,3417.608
1759190400000,114257.10,114800.00,113985.10,114465.80,7023.399
1759194000000,114465.80,114756.20,114210.00,114455.00,5172.823
1759197600000,114455.00,114542.40,114307.60,114405.50,3501.604
1759201200000,114405.60,114473.70,114246.60,114321.50,2521.382
1759204800000,114321.50,114321.50,114037.10,114037.20,2441.097
1759208400000,114037.10,114159.10,113777.80,113856.90,5807.206
1759212000000,113856.90,114040.90,113779.00,113840.20,2296.131
1759215600000,113840.20,113948.70,113531.70,113662.40,4718.933
1759219200000,113662.30,113700.00,113288.00,113409.20,5164.026
1759222800000,113409.10,113416.60,112701.80,112743.10,7186.262
1759226400000,112743.10,113049.80,112615.30,112876.50,6047.051
1759230000000,112876.50,113091.50,112750.10,113003.70,3668.640
1759233600000,113003.70,113202.50,112930.20,112950.00,4126.324
1759237200000,112950.00,113623.80,112800.10,113338.70,9314.459
1759240800000,113338.70,113582.80,112828.50,113539.50,7033.239
1759244400000,113539.60,113543.20,112856.00,113055.40,4992.914
1759248000000,113055.40,113242.60,112743.60,112798.60,4158.134
1759251600000,112798.60,113470.00,112763.20,113198.80,4836.914
1759255200000,113198.80,113658.00,113126.70,113658.00,3052.444
1759258800000,113658.00,114528.20,113650.00,114309.10,9818.274
1759262400000,114309.10,114684.70,114065.00,114569.80,5003.343
1759266000000,114569.80,114720.00,114071.70,114108.00,4833.453
1759269600000,114108.00,114310.90,113825.00,113883.40,3819.120
1759273200000,113883.30,113988.80,113710.00,113988.80,2782.843
1759276800000,113988.70,114246.00,113899.40,114181.10,3773.132
1759280400000,114181.00,114498.00,114083.30,114491.60,3764.019
1759284000000,114491.60,114494.00,114218.90,114219.00,2618.284
1759287600000,114219.00,114481.20,114038.70,114135.90,5741.656
1759291200000,114135.80,114669.00,114095.20,114227.80,5746.057
1759294800000,114227.80,114700.00,114200.80,114511.40,4333.954
1759298400000,114511.50,114570.10,114170.00,114212.80,3790.162
1759302000000,114212.70,114539.10,114184.90,114480.80,2407.498
1759305600000,114480.80,116599.80,114425.60,116060.50,30788.992
1759309200000,116060.40,116500.00,115890.70,116372.40,10427.254
1759312800000,116372.30,116520.00,116154.50,116233.60,4222.994
1759316400000,116233.50,116750.00,116228.10,116736.80,6450.112
1759320000000,116736.80,116850.00,116311.50,116373.70,7240.985
1759323600000,116373.80,116802.00,116370.40,116762.50,5404.326
1759327200000,116761.90,117400.00,116655.20,117245.30,13123.333
1759330800000,117245.40,117647.80,117031.00,117366.40,6346.913
1759334400000,117366.50,118190.00,117259.30,117480.10,17613.731
1759338000000,117480.00,117649.20,116687.50,116734.20,9324.856
1759341600000,116734.30,117312.70,116731.40,117192.30,5118.281
1759345200000,117192.30,117572.70,117167.60,117374.10,3499.224
1759348800000,117374.00,117493.60,117104.10,117474.60,3175.885
1759352400000,117474.70,117524.90,117276.30,117503.20,1465.246
1759356000000,117503.20,118041.90,117503.20,117695.80,5429.622
1759359600000,117695.80,118631.80,117634.90,118552.40,11182.913
1759363200000,118552.00,119457.00,118367.00,118397.00,15039.878
1759366800000,118397.00,118862.00,118335.00,118577.40,4265.244
1759370400000,118577.50,118748.80,118433.40,118697.40,4596.695
1759374000000,118697.30,119043.40,118652.50,118697.00,6458.231
1759377600000,118697.00,118893.80,118372.00,118616.80,3643.919
1759381200000,118616.70,118641.80,118226.40,118329.70,3182.782
1759384800000,118329.70,118644.80,118251.30,118600.00,3064.694
1759388400000,118599.90,118629.80,118377.10,118444.10,1956.720
1759392000000,118444.10,118647.70,118307.30,118635.40,2205.712
1759395600000,118635.30,118827.70,118521.70,118813.30,2704.861
1759399200000,118813.30,118885.80,118530.80,118575.30,2351.811
1759402800000,118575.30,118843.80,118481.60,118716.00,2216.764
1759406400000,118716.10,119361.40,118690.40,119360.10,6547.795
1759410000000,119360.00,119733.00,118868.20,119559.60,11332.135
1759413600000,119559.60,119747.20,118606.20,118768.00,11360.065
1759417200000,118768.10,119889.00,118458.40,119875.10,13518.210
1759420800000,119875.10,120291.00,119564.90,119694.00,11959.603
1759424400000,119694.00,119916.80,119317.00,119869.10,5205.304
1759428000000,119869.10,120637.20,119859.90,120461.60,8242.659
1759431600000,120461.60,120999.00,120398.20,120787.90,11000.641
1759435200000,120787.80,120880.90,120258.10,120598.80,5063.339
1759438800000,120598.90,120735.00,120105.10,120105.20,2690.851
1759442400000,120105.10,120372.10,120018.00,120208.80,2926.964
1759446000000,120208.70,120633.00,120191.90,120481.30,3922.061
1759449600000,120481.30,120505.50,120033.00,120097.10,3259.382
1759453200000,120097.20,120255.10,119766.00,119832.60,4258.894
1759456800000,119832.60,120237.90,119823.60,120117.90,2922.748
1759460400000,120118.00,120447.20,120108.50,120185.40,3863.558
1759464000000,120185.40,120281.60,119954.80,120000.20,1994.259
1759467600000,120000.20,120033.00,119700.00,119894.50,3047.843
1759471200000,119894.50,120040.00,119725.20,119882.60,2240.544
1759474800000,119882.50,119985.50,119579.60,119620.10,5028.064
1759478400000,119620.10,120058.20,119200.00,120007.00,7679.094
1759482000000,120007.00,120342.00,119968.60,120257.80,4545.005
1759485600000,120257.90,120484.10,120226.00,120392.80,2723.710
1759489200000,120392.90,120444.20,120100.00,120307.20,2932.482
1759492800000,120307.20,120377.90,120061.30,120320.70,2705.427
1759496400000,120320.60,120687.30,120058.00,120325.00,6272.209
1759500000000,120325.10,120935.00,119820.40,120861.40,9725.424
1759503600000,120861.40,122399.90,120579.10,122238.50,19913.125
1759507200000,122238.50,123900.00,122238.50,122527.10,34220.437
1759510800000,122527.00,123092.50,121528.10,122035.50,27849.181
1759514400000,122035.60,122714.20,121425.50,122505.60,8419.219
1759518000000,122505.70,122930.30,122313.00,122609.30,4212.991
1759521600000,122609.30,122694.10,121986.30,122402.20,3803.672
1759525200000,122402.30,122406.20,121944.70,122245.20,2709.706
1759528800000,122245.20,122622.70,122245.20,122427.70,1705.507
1759532400000,122427.70,122427.70,122125.10,122182.70,1847.781
1759536000000,122182.60,122256.40,121936.20,122076.40,4446.878
1759539600000,122076.40,122076.40,121650.80,121818.90,4327.838
1759543200000,121819.00,122000.00,121636.40,121811.70,5212.689
1759546800000,121811.70,122301.90,121781.90,122197.20,2552.358
1759550400000,122197.30,122486.80,122168.40,122448.80,3824.172
1759554000000,122448.70,122781.10,122353.80,122480.60,4647.445
1759557600000,122480.70,122551.30,122325.60,122388.90,2731.398
1759561200000,122388.90,122414.80,122209.70,122271.30,1963.167
1759564800000,122271.40,122497.40,122141.50,122226.20,2983.378
1759568400000,122226.20,122414.10,122133.00,122168.00,1461.060
1759572000000,122168.00,122293.20,122062.10,122075.00,1435.363
1759575600000,122075.10,122177.30,121908.30,121924.60,2267.611
1759579200000,121924.60,122060.40,121891.20,121955.00,1602.928
1759582800000,121954.90,122480.90,121954.90,122335.50,3598.480
1759586400000,122335.50,122411.50,121944.30,121944.40,2182.577
1759590000000,121944.40,122085.10,121638.50,121744.80,6087.883
1759593600000,121744.80,121920.00,121533.30,121668.50,5970.074
1759597200000,121668.40,121869.60,121610.00,121698.00,2172.198
1759600800000,121698.00,121784.30,121432.00,121533.40,2706.467
1759604400000,121533.30,121919.00,121533.30,121919.00,1561.260
1759608000000,121918.90,122055.40,121832.80,121832.80,1604.028
1759611600000,121832.90,122310.70,121813.40,122139.90,2415.945
1759615200000,122139.90,122322.20,122089.20,122230.90,1463.448
1759618800000,122231.00,122374.80,122159.90,122343.20,1260.565
1759622400000,122343.20,122369.30,122101.20,122112.50,1635.070
1759626000000,122112.50,122377.70,122088.10,122326.90,1793.004
1759629600000,122326.80,124374.00,122290.50,124012.20,22852.730
1759633200000,124012.20,124153.30,123303.60,123735.70,8450.374
1759636800000,123735.70,125877.30,123678.00,125167.50,21559.855
1759640400000,125167.40,125420.10,124856.20,125103.00,9910.344
1759644000000,125103.00,125215.60,124784.40,124977.70,4901.981
1759647600000,124977.70,125147.00,124558.80,124692.40,6424.283
1759651200000,124692.50,124843.00,124524.90,124580.90,3951.400
1759654800000,124581.00,124644.90,122720.40,122998.00,21076.326
1759658400000,122998.00,123102.60,122472.00,122980.90,10093.997
1759662000000,122981.00,123500.00,122788.00,123413.20,6432.708
1759665600000,123413.30,123413.30,122875.40,123035.80,3676.748
1759669200000,123035.90,123295.00,123012.30,123120.00,2266.769
1759672800000,123119.90,123288.60,122684.90,122983.40,3795.957
1759676400000,122983.20,122983.20,122600.00,122753.00,2669.265
1759680000000,122752.90,123295.00,122160.00,123210.10,9044.185
1759683600000,123210.00,123422.00,122840.90,123013.90,4795.143
1759687200000,123013.80,123166.70,122814.70,122963.50,2846.900
1759690800000,122963.50,122982.90,122442.60,122550.40,3318.983
1759694400000,122550.50,123023.90,122425.70,122648.50,2446.382
1759698000000,122648.10,122751.60,122440.10,122682.30,1439.664
1759701600000,122682.30,123228.00,122682.20,123188.50,2865.653
1759705200000,123188.50,123453.50,123166.00,123426.70,4323.279
1759708800000,123426.70,124336.30,123018.50,123295.80,12174.141
1759712400000,123295.90,124218.00,123140.30,123980.80,5613.509
1759716000000,123980.80,124200.00,123385.20,124066.90,5103.031
1759719600000,124066.80,124086.60,123689.30,123792.90,2045.130
1759723200000,123792.80,123955.00,123525.10,123538.20,2359.969
1759726800000,123538.20,123710.80,123223.90,123522.30,4097.688
1759730400000,123522.30,124137.70,123522.30,123900.00,3773.234
1759734000000,123900.10,123988.10,123217.90,123332.30,4307.757
1759737600000,123332.40,123837.70,123332.30,123800.00,3099.874
1759741200000,123800.00,124020.80,123725.50,123915.20,2682.699
1759744800000,123915.10,124104.00,123850.00,123920.00,2773.002
1759748400000,123920.00,124500.00,123682.10,124161.20,5885.806
1759752000000,124161.30,124647.60,124123.30,124495.30,5659.872
1759755600000,124495.20,125062.90,124320.00,124967.80,11405.149
1759759200000,124967.70,125281.00,124245.00,124475.90,12831.163
1759762800000,124475.90,125375.00,124452.10,124946.20,7559.411
1759766400000,124946.20,125480.00,124742.50,125417.80,6017.336
1759770000000,125417.70,125789.70,125068.70,125235.20,9347.637
1759773600000,125235.30,126208.50,124979.00,125986.00,10098.723
1759777200000,125986.10,126093.70,125185.10,125357.30,7784.581
1759780800000,125357.30,125500.00,124986.00,125170.00,3465.483
1759784400000,125170.10,125248.10,124463.00,125062.00,7129.865
1759788000000,125062.10,125245.40,124733.00,124999.80,3146.750
1759791600000,124999.90,125060.00,124592.00,124628.50,1839.519
1759795200000,124628.60,124886.60,124541.80,124850.30,2583.326
1759798800000,124850.40,125047.00,124387.60,124658.00,3426.949
1759802400000,124657.90,124658.00,124100.80,124205.50,3951.964
1759806000000,124205.60,124527.70,124055.00,124277.70,3088.654
1759809600000,124277.80,124631.90,124056.10,124449.80,4457.308
1759813200000,124449.80,124588.00,124176.10,124349.00,3189.712
1759816800000,124349.00,124410.20,123720.30,123852.60,5451.727
1759820400000,123852.60,124009.90,123503.90,123627.10,5057.593
1759824000000,123627.10,123948.70,123261.60,123813.10,8368.861
1759827600000,123813.10,124199.20,123799.50,124049.20,3346.133
1759831200000,124049.20,124372.00,123951.60,124229.90,3077.951
1759834800000,124229.90,124471.40,124110.70,124397.20,3650.540
1759838400000,124397.10,125098.00,124271.80,124869.50,6261.387
1759842000000,124869.40,125012.90,123300.10,123825.40,15072.644
1759845600000,123825.40,123943.10,122500.10,122684.00,20125.053
1759849200000,122684.10,122819.40,121102.00,121788.30,29512.703
1759852800000,121788.20,122049.70,120720.20,121621.50,19089.656
1759856400000,121621.60,121763.60,121016.60,121073.10,8127.749
1759860000000,121073.20,121270.10,120516.00,120838.00,12276.786
1759863600000,120838.00,122000.00,120801.60,121593.60,8700.790
1759867200000,121593.50,122142.60,121593.50,121885.40,3624.456
1759870800000,121885.40,122255.40,121710.90,121954.10,3058.192
1759874400000,121954.00,122134.80,121735.20,121956.80,1987.061
1759878000000,121956.80,121961.10,121218.00,121286.50,4412.152
1759881600000,121286.60,122042.00,121219.00,121868.90,6392.236
1759885200000,121868.90,122011.80,121550.10,121911.30,4292.439
1759888800000,121911.30,122196.90,121761.30,121995.00,3485.274
1759892400000,121995.10,121995.10,121137.00,121333.10,5519.010
1759896000000,121333.10,121880.00,121005.30,121865.40,4410.095
1759899600000,121865.40,121868.30,121124.20,121338.00,5142.052
1759903200000,121338.10,121814.00,121020.00,121749.00,3514.474
1759906800000,121749.10,121836.60,121272.70,121550.40,3075.210
1759910400000,121550.50,122820.00,121468.50,122332.60,9934.071
1759914000000,122332.70,122600.00,122324.50,122485.00,3783.259
1759917600000,122485.00,123074.80,122449.90,122885.70,5013.814
1759921200000,122885.70,123150.00,122672.80,122825.70,3958.072
1759924800000,122825.80,123009.60,122478.90,122580.30,3938.915
1759928400000,122580.20,122729.80,121607.80,122540.40,9406.952
1759932000000,122540.40,123312.90,122043.10,122268.40,12871.926
1759935600000,122268.30,122577.90,121888.00,122140.10,4202.333
1759939200000,122140.10,123088.00,122055.80,122999.90,5578.520
1759942800000,122999.90,124170.60,122903.80,123985.50,12587.436
1759946400000,123985.50,124169.20,123359.70,123389.80,6491.498
1759950000000,123389.80,123690.00,123095.00,123381.80,4991.059
1759953600000,123381.80,123671.50,122757.50,122784.60,3554.340
1759957200000,122784.60,123272.20,122739.70,123231.40,2193.237
1759960800000,123231.50,123362.90,123126.10,123126.10,1085.748
1759964400000,123126.00,123475.30,122981.20,123237.50,1677.816
1759968000000,123237.40,123279.70,122782.00,122782.00,2259.548
1759971600000,122782.00,122806.00,122272.70,122496.60,4263.072
1759975200000,122496.50,122496.60,121411.80,121573.20,7100.068
1759978800000,121573.20,122080.70,121558.80,121988.40,3850.339
1759982400000,121988.40,122221.00,121845.20,122087.60,2983.305
1759986000000,122087.60,122150.40,121762.20,122052.60,3025.849
1759989600000,122052.60,122139.10,121810.40,121900.40,2300.599
1759993200000,121900.30,122006.70,121657.30,121847.90,2381.687
1759996800000,121847.80,121909.70,121081.50,121202.40,8228.417
1760000400000,121202.40,121790.00,121202.40,121753.30,3968.581
1760004000000,121753.40,122287.20,121591.40,122106.20,4106.878
1760007600000,122106.10,122777.00,122106.10,122672.90,4954.179
1760011200000,122673.00,123740.10,122640.30,123500.00,11060.066
1760014800000,123500.00,123598.80,122227.70,122357.00,12854.585
1760018400000,122357.00,122533.40,120666.90,121235.10,28413.276
1760022000000,121235.10,121663.00,120595.50,121079.40,10189.341
1760025600000,121079.40,121426.70,119619.00,119752.10,18266.265
1760029200000,119752.10,121000.30,119572.80,120915.60,13833.993
1760032800000,120915.50,121051.20,120319.00,120600.00,6755.102
1760036400000,120600.00,121060.10,120600.00,120897.60,3150.827
1760040000000,120897.60,121147.20,120787.90,121045.40,2403.121
1760043600000,121045.30,121457.20,120998.30,121407.80,2607.265
1760047200000,121407.90,121712.40,121342.00,121619.50,2246.745
1760050800000,121619.60,121671.10,121271.30,121579.30,2393.272
1760054400000,121579.40,121808.00,121523.70,121682.20,2192.456
1760058000000,121682.20,121835.50,121425.30,121575.30,2043.450
1760061600000,121575.20,121595.40,120850.00,121007.20,7284.280
1760065200000,121007.10,121535.30,120852.40,120960.80,4593.928
1760068800000,120960.80,121342.50,120956.80,121192.70,3204.548
1760072400000,121192.60,121559.10,120933.70,121529.60,3217.901
1760076000000,121529.60,121712.20,121194.30,121315.00,3603.694
1760079600000,121315.10,121336.50,120814.00,120886.10,3610.197
1760083200000,120886.10,121624.40,120869.20,121570.50,2969.125
1760086800000,121570.50,121728.30,121209.30,121249.90,3484.086
1760090400000,121250.00,121489.20,121163.20,121443.40,1930.588
1760094000000,121443.40,121608.00,121361.80,121493.20,1664.754
1760097600000,121493.20,121638.70,121353.70,121534.80,1997.407
1760101200000,121534.80,122497.00,121313.60,121609.10,11634.251
1760104800000,121609.10,122000.00,120408.10,120436.40,11150.897
1760108400000,120436.30,120583.70,118424.40,118965.30,42319.799
1760112000000,118965.20,119403.40,118150.00,118150.00,18124.805
1760115600000,118150.00,118379.70,117517.60,117590.80,16494.330
1760119200000,117590.80,117825.20,117161.80,117178.50,8458.336
1760122800000,117178.50,117300.00,115845.00,116605.30,24765.057
1760126400000,116605.20,117145.30,112786.60,114198.00,31493.849
1760130000000,114200.40,115075.60,101516.50,113253.60,131850.219
1760133600000,113253.60,114071.00,111020.40,113606.30,34907.263
1760137200000,113606.20,114829.70,112688.00,112714.90,18968.412
1760140800000,112715.00,113142.70,111580.00,112463.30,14580.739
1760144400000,112463.30,112489.90,110987.00,111060.00,10235.747
1760148000000,111060.00,113273.30,111045.50,113175.40,11544.619
1760151600000,113175.30,113300.10,111750.00,112261.90,8661.073
1760155200000,112261.60,112931.90,111633.20,112905.30,6024.071
1760158800000,112905.30,112908.80,111982.50,112338.30,6432.687
1760162400000,112338.20,112718.90,111982.50,112000.00,4240.158
1760166000000,112000.10,112050.00,110022.00,110338.70,21323.348
1760169600000,110338.70,111497.20,110100.50,111273.70,8094.912
1760173200000,111273.70,111855.50,111212.60,111576.80,5628.481
1760176800000,111576.90,112214.80,111571.30,112063.20,5208.104
1760180400000,112063.10,112307.60,111632.00,112224.60,4561.493
1760184000000,112224.60,112423.00,111976.30,112319.60,3581.577
1760187600000,112319.60,112466.20,111810.60,112208.60,4975.789
1760191200000,112208.70,112297.10,111823.80,111934.50,4051.358
1760194800000,111934.50,112342.20,111740.80,111744.40,4090.174
1760198400000,111744.40,112046.40,111353.10,111803.80,4774.059
1760202000000,111803.80,112142.00,111666.00,111944.50,3270.341
1760205600000,111944.50,111976.00,111776.70,111907.20,1569.065
1760209200000,111907.20,111980.00,110800.10,111126.70,7497.172
1760212800000,111126.60,111333.50,109600.00,110184.80,9952.586
1760216400000,110184.80,110953.80,109501.00,110832.70,6445.635
1760220000000,110832.60,111247.60,110584.30,110978.80,3813.037
1760223600000,110978.80,111060.80,110576.80,110579.10,3115.365
1760227200000,110579.10,110613.70,109509.30,109600.70,7150.799
1760230800000,109600.70,110275.00,109589.50,109928.60,6630.430
1760234400000,109928.60,110670.50,109544.20,110072.20,9248.719
1760238000000,110072.20,111424.00,109950.00,110643.30,8994.562
1760241600000,110643.30,111909.50,110561.80,111486.10,6082.448
1760245200000,111486.10,111755.70,111142.80,111642.40,3736.053
1760248800000,111642.40,112110.00,111546.00,111634.80,4509.080
1760252400000,111634.90,111884.80,111433.70,111464.00,4420.030
1760256000000,111463.90,111746.20,111233.00,111244.10,5785.539
1760259600000,111244.00,111854.00,111070.40,111772.10,4247.260
1760263200000,111772.20,111963.90,111377.50,111589.70,4056.976
1760266800000,111589.70,112084.30,111407.10,111783.80,5090.636
1760270400000,111783.80,112191.50,111470.90,111711.30,6167.780
1760274000000,111711.30,111877.70,111191.10,111238.10,7383.682
1760277600000,111238.10,112929.00,111111.00,112260.00,21261.074
1760281200000,112260.10,113687.60,111996.90,113119.00,25751.915
1760284800000,113119.00,114654.50,113119.00,113993.40,21325.846
1760288400000,113993.40,114396.50,113400.00,113729.40,11895.658
1760292000000,113729.40,114183.10,113463.20,113815.90,6222.926
1760295600000,113816.00,114346.20,113754.80,114288.70,4601.319
1760299200000,114288.80,115400.00,114288.70,114864.50,11389.879
1760302800000,114864.40,115594.60,114200.00,114822.00,10611.041
1760306400000,114822.00,115730.30,114822.00,115160.70,14030.628
1760310000000,115160.70,115298.30,114676.10,114894.40,7333.757
1760313600000,114894.50,115844.80,114703.90,115220.00,11349.302
1760317200000,115220.00,115700.00,115010.20,115638.00,8024.815
1760320800000,115638.00,115912.00,114941.00,115275.00,7753.104
1760324400000,115275.00,115573.70,114566.10,114773.60,6738.858
1760328000000,114773.50,114958.00,114357.20,114656.60,8731.401
1760331600000,114656.50,114785.80,114458.10,114570.20,4377.029
1760335200000,114570.10,115333.20,114369.20,115168.40,6799.646
1760338800000,115168.40,115500.00,114970.80,115341.70,7108.473
1760342400000,115341.70,115376.30,115070.10,115193.80,4720.892
1760346000000,115193.70,115193.80,114682.80,115057.20,5469.242
1760349600000,115057.20,115098.90,114670.10,114754.80,4436.287
1760353200000,114754.70,114754.70,113600.50,114129.30,15304.985
1760356800000,114129.20,114707.00,113871.80,114360.00,8065.134
1760360400000,114359.90,115488.90,114160.50,115291.50,19065.798
1760364000000,115291.40,115420.10,113721.20,113973.60,16080.037
1760367600000,113973.50,114683.50,113917.40,114260.70,9039.245
1760371200000,114260.80,115139.00,114200.10,114596.60,11392.715
1760374800000,114596.60,115025.00,114151.00,114990.10,8115.683
1760378400000,114990.10,115332.70,114653.20,115107.70,9985.784
1760382000000,115107.70,115827.60,115011.60,115726.60,9260.522
1760385600000,115726.60,115817.40,115323.90,115656.90,4129.452
1760389200000,115656.90,115741.30,115491.80,115651.00,2094.288
1760392800000,115651.10,115777.20,115371.30,115443.30,2777.443
1760396400000,115443.20,115443.30,114930.10,115111.90,5176.648
1760400000000,115112.00,115360.20,114800.10,114904.10,5711.522
1760403600000,114904.00,114937.80,114073.40,114216.20,6270.384
1760407200000,114216.10,114237.50,113566.10,113566.20,8418.979
1760410800000,113566.10,113639.00,113210.60,113441.00,11467.311
1760414400000,113440.90,113534.30,112718.00,113012.90,13712.718
1760418000000,113012.90,113677.90,112300.10,112438.30,22084.562
1760421600000,112438.30,112650.00,111302.00,111933.50,17290.460
1760425200000,111933.40,112147.30,111412.50,111665.20,13125.134
1760428800000,111665.20,112100.10,111456.00,111748.10,9026.599
1760432400000,111748.10,111950.00,111002.80,111237.40,9691.358
1760436000000,111237.40,111286.20,109969.20,110573.90,15426.841
1760439600000,110573.90,111561.20,110552.30,111241.40,10655.933
1760443200000,111241.40,111291.90,110675.00,110741.10,6080.125
1760446800000,110741.20,111313.50,109802.00,110961.40,18514.451
1760450400000,110961.40,112163.80,110860.80,111369.20,14874.422
1760454000000,111369.20,112839.90,110998.70,112823.00,13312.512
1760457600000,112822.90,113233.20,112101.90,112253.10,17115.195
1760461200000,112253.10,112868.00,111615.10,112690.50,14258.098
1760464800000,112690.60,113391.40,112576.50,112784.20,8218.156
1760468400000,112784.10,113480.00,111952.00,112543.90,11449.879
1760472000000,112543.90,112950.00,112164.60,112939.00,3482.556
1760475600000,112939.00,113142.80,112634.80,113060.10,2144.632
1760479200000,113060.10,113557.90,112762.60,113150.10,4246.163
1760482800000,113150.20,113465.00,112960.50,112983.80,2666.506
1760486400000,112983.90,113069.70,112543.10,112939.40,4994.944
1760490000000,112939.50,112964.40,112270.40,112677.60,4579.895
1760493600000,112677.50,113576.10,112612.40,112763.20,5213.156
1760497200000,112763.20,112820.00,111758.50,111978.70,5577.553
1760500800000,111978.70,112435.40,111692.80,112292.40,3662.934
1760504400000,112292.30,112616.70,112131.30,112378.00,3137.135
1760508000000,112378.00,112528.30,111834.00,112399.90,3609.083
1760511600000,112400.00,112637.00,112170.30,112524.30,2524.834
1760515200000,112524.40,113477.90,112476.30,112899.90,7606.720
1760518800000,112899.90,113072.20,112317.20,112506.20,4842.880
1760522400000,112506.10,112603.10,111995.50,112214.20,5536.276
1760526000000,112214.10,112557.00,111606.10,111841.00,7875.077
1760529600000,111840.90,112039.50,111312.60,111656.80,6352.440
1760533200000,111656.70,111961.50,110666.00,111339.00,10575.594
1760536800000,111338.90,112183.40,110736.10,111000.40,11273.678
1760540400000,111000.40,111572.70,110320.40,110757.50,11986.142
1760544000000,110757.40,111089.70,110546.80,110693.40,5324.107
1760547600000,110693.40,111137.50,110096.90,111133.90,6986.823
1760551200000,111133.80,111441.00,110770.00,111372.90,3581.632
1760554800000,111372.90,111500.00,111014.00,111202.70,3051.232
1760558400000,111202.70,111499.70,110441.70,111049.80,4439.255
1760562000000,111049.70,111368.50,110429.80,110795.90,4198.521
1760565600000,110795.90,111333.30,110597.90,110602.20,2843.793
1760569200000,110602.20,110958.40,110526.30,110699.00,2003.386
1760572800000,110699.10,110800.00,110300.00,110387.20,3191.561
1760576400000,110387.10,111290.00,110373.80,111256.80,3906.237
1760580000000,111256.90,111524.10,110959.00,111464.20,3927.742
1760583600000,111464.20,111827.50,111200.00,111277.40,4167.178
1760587200000,111277.50,111626.00,110737.00,110918.40,3965.382
1760590800000,110918.40,111436.00,110666.00,110881.80,3891.558
1760594400000,110881.80,111693.40,110845.00,111603.90,4220.650
1760598000000,111604.00,111711.40,110488.00,110518.20,7849.701
1760601600000,110518.20,110849.90,110330.40,110760.80,4510.639
1760605200000,110760.70,111623.00,109403.50,111099.90,20303.989
1760608800000,111099.90,111677.10,110963.10,111422.30,6329.535
1760612400000,111422.30,111521.80,110955.00,111363.90,4687.834
1760616000000,111364.00,111960.00,111276.80,111470.90,7532.040
1760619600000,111470.80,111507.90,110611.00,110794.70,7265.757
1760623200000,110794.70,111377.70,109637.80,110466.90,17326.565
1760626800000,110466.90,110666.60,108250.00,108474.00,24112.150
1760630400000,108473.90,109212.60,107503.30,109182.90,23472.610
1760634000000,109182.90,109192.70,108156.00,108220.50,10987.381
1760637600000,108220.50,108608.90,107625.30,108600.00,9351.915
1760641200000,108600.00,108700.00,107626.50,108151.30,7074.176
1760644800000,108151.20,108391.50,107350.00,107796.40,6416.089
1760648400000,107796.40,108404.60,107520.60,108374.50,3554.154
1760652000000,108374.60,108450.40,107712.20,107738.50,2512.739
1760655600000,107738.50,108376.20,107666.00,108129.40,2987.203
1760659200000,108129.40,108795.00,107885.60,108738.10,4268.867
1760662800000,108737.30,109050.00,108437.60,108774.20,4372.720
1760666400000,108774.30,109046.20,108322.10,108916.60,3684.080
1760670000000,108916.60,109199.80,108832.40,109121.80,2673.981
1760673600000,109121.90,109182.90,108715.60,108729.70,3138.333
1760677200000,108729.70,108863.50,108250.00,108327.90,3802.830
1760680800000,108328.00,108471.40,106600.00,106699.10,18475.382
1760684400000,106699.10,106864.90,105457.40,105578.30,21503.566
1760688000000,105578.30,105660.00,104383.30,104845.10,25924.401
1760691600000,104845.20,105581.30,104480.40,104487.50,9996.023
1760695200000,104487.50,104885.30,103470.00,104728.50,20595.702
1760698800000,104728.40,106666.60,104617.40,105610.50,29261.735
1760702400000,105610.50,105998.00,105154.60,105283.80,10788.200
1760706000000,105283.80,106126.20,104795.00,105769.90,14572.957
1760709600000,105770.00,105934.40,104489.50,105110.90,17156.216
1760713200000,105110.90,106800.00,105044.80,106750.10,15234.301
1760716800000,106750.00,107505.00,106200.00,106331.20,13421.014
1760720400000,106331.10,106688.70,106016.60,106405.30,4485.329
1760724000000,106405.20,107058.80,106405.20,106600.10,4587.719
1760727600000,106600.10,106849.90,106183.30,106416.40,3260.680
1760731200000,106416.50,107134.80,106296.30,106970.00,3140.501
1760734800000,106968.60,107370.00,106952.00,107232.60,3619.682
1760738400000,107232.60,107355.30,106737.30,106929.70,2667.378
1760742000000,106929.60,106929.80,106325.00,106378.60,2158.095
1760745600000,106378.50,106786.70,106270.00,106783.00,3237.324
1760749200000,106783.00,107248.00,106757.40,107095.80,2936.646
1760752800000,107095.80,107250.00,106435.00,106540.50,6086.707
1760756400000,106540.50,107084.90,106517.80,107025.00,3351.548
1760760000000,107024.90,107025.00,106374.20,106405.50,6872.394
1760763600000,106405.50,106790.10,106405.50,106755.40,2626.791
1760767200000,106755.40,106896.00,106653.80,106801.30,2604.225
1760770800000,106801.30,107452.60,106570.60,106648.30,7434.825
1760774400000,106648.20,106925.80,106550.00,106663.20,4522.631
1760778000000,106663.30,106887.40,106568.00,106834.50,1743.002
1760781600000,106834.50,107089.90,106721.70,106859.70,2049.809
1760785200000,106859.60,107187.90,106708.60,107151.00,2100.426
1760788800000,107151.00,107248.00,106901.70,107001.10,2418.421
1760792400000,107001.00,107043.50,106750.10,106836.70,2309.769
1760796000000,106836.60,107074.30,106669.00,106978.40,2559.814
1760799600000,106978.50,107099.90,106763.60,106893.20,2065.643
1760803200000,106893.30,107007.90,106410.80,106601.30,4101.193
1760806800000,106601.40,106900.00,106510.30,106822.80,1712.306
1760810400000,106822.90,106876.00,106669.20,106792.40,755.246
1760814000000,106792.30,107047.50,106712.60,107023.00,1263.368
1760817600000,107023.00,107298.70,106927.20,106957.50,2751.103
1760821200000,106957.60,107185.00,106788.40,107116.40,1256.466
1760824800000,107116.50,107229.60,107005.60,107061.90,907.705
1760828400000,107061.80,107140.30,106952.60,107117.50,842.541
1760832000000,107117.50,107217.00,106692.20,106833.40,3686.594
1760835600000,106833.40,106933.00,106666.90,106910.70,1236.427
1760839200000,106910.80,106947.00,106750.00,106796.70,1143.074
1760842800000,106796.70,107333.00,106750.00,107221.90,3595.900
1760846400000,107221.90,107241.50,106911.40,106989.60,1700.285
1760850000000,106989.50,107130.10,106753.70,106846.10,2094.017
1760853600000,106846.00,106865.70,106503.30,106726.70,2837.591
1760857200000,106726.80,106876.20,106650.00,106733.30,1447.893
1760860800000,106733.30,107180.00,106200.00,106401.20,8717.727
1760864400000,106401.20,108214.80,106055.80,107348.80,23034.349
1760868000000,107348.90,107825.00,106912.00,107824.90,6554.184
1760871600000,107824.90,108200.00,107577.70,107730.60,7461.975
1760875200000,107730.60,107796.20,107381.10,107605.30,3764.430
1760878800000,107605.30,108176.80,107312.20,108035.30,4933.192
1760882400000,108035.30,108483.00,107827.50,108360.90,7395.118
1760886000000,108360.90,108575.60,108270.10,108429.50,4239.798
1760889600000,108429.60,108900.00,108175.60,108561.90,5431.187
1760893200000,108561.80,109399.90,108551.10,109036.30,7728.613
1760896800000,109036.30,109382.10,108969.70,109315.40,2727.528
1760900400000,109315.30,109315.40,108713.00,108850.00,3371.695
1760904000000,108850.10,108939.00,108751.80,108790.60,1958.984
1760907600000,108790.60,108817.60,108556.40,108691.20,1833.074
1760911200000,108691.30,109340.70,108691.30,109088.90,3049.809
1760914800000,109088.80,109088.90,108366.40,108586.20,3530.276
1760918400000,108586.20,108586.20,107377.20,108011.10,9893.186
1760922000000,108011.10,108257.30,107841.70,108011.80,4212.738
1760925600000,108011.90,108935.80,107801.90,108714.30,5245.091
1760929200000,108714.30,110404.30,108511.90,110100.40,11581.205
1760932800000,110100.30,110490.40,109875.00,110369.30,9805.236
1760936400000,110369.20,111074.20,110232.10,110973.60,7685.203
1760940000000,110973.70,111321.50,110933.50,111232.10,6363.300
1760943600000,111232.10,111350.00,111000.00,111126.20,4968.177
1760947200000,111126.20,111650.00,110888.00,111031.40,6762.376
1760950800000,111031.40,111151.40,110650.00,110921.00,5062.374
1760954400000,110920.90,111061.30,110595.10,110692.10,3266.031
1760958000000,110692.00,110988.00,110552.30,110969.50,4171.635
1760961600000,110969.50,111191.20,110728.60,110796.40,3427.493
1760965200000,110796.30,111173.30,110522.90,111098.30,5707.287
1760968800000,111098.40,111350.00,110657.90,111153.40,5603.513
1760972400000,111153.30,111649.00,110936.00,111079.10,7265.295
1760976000000,111079.20,111255.00,110050.00,110634.30,14581.779
1760979600000,110634.30,111042.50,109800.00,110244.10,7989.158
1760983200000,110244.20,110927.30,110160.00,110877.70,3340.182
1760986800000,110877.70,111047.50,110466.00,110735.00,3468.854
1760990400000,110735.10,111215.30,110585.30,111037.20,2996.369
1760994000000,111037.20,111197.00,110385.00,110506.90,2743.582
1760997600000,110506.80,110808.80,110355.00,110731.50,1561.841
1761001200000,110731.50,110765.80,110458.10,110469.90,1945.044
1761004800000,110469.90,110486.30,110097.40,110399.00,3001.903
1761008400000,110399.10,110438.90,109345.00,109804.20,5441.286
1761012000000,109804.20,109866.00,109250.00,109459.30,5232.596
1761015600000,109459.30,109572.30,109005.00,109005.00,4301.313
1761019200000,109005.10,109005.10,107592.00,107743.40,15245.267
1761022800000,107743.50,107943.50,107400.00,107498.00,10243.724
1761026400000,107498.00,108183.30,107450.20,107868.40,5351.541
1761030000000,107868.20,108154.00,107585.60,108020.00,3700.474
1761033600000,108019.90,108044.20,107432.80,107649.70,4610.556
1761037200000,107649.70,107820.00,107496.00,107708.70,2205.816
1761040800000,107708.60,108772.40,107524.30,108445.40,9267.383
1761044400000,108445.30,108600.00,108102.30,108519.40,4318.418
1761048000000,108519.40,109439.80,108414.00,108733.80,10835.257
1761051600000,108733.70,108852.80,107677.00,108384.40,10027.526
1761055200000,108384.40,112292.10,108352.50,112127.50,29432.689
1761058800000,112127.60,113480.00,111643.10,113355.20,26637.144
1761062400000,113355.20,113940.00,112400.00,112507.20,19634.771
1761066000000,112507.50,112947.80,111730.50,111960.10,20144.918
1761069600000,111960.20,112261.20,111255.90,111934.50,8351.002
1761073200000,111934.50,112147.40,111501.70,111720.70,3608.457
1761076800000,111720.70,111747.70,110468.00,110733.00,7894.414
1761080400000,110733.00,111068.70,110016.30,110772.60,5984.748
1761084000000,110772.50,110772.50,108005.00,109008.00,16706.858
1761087600000,109008.00,109367.00,108000.00,108253.70,8949.365
1761091200000,108253.80,108600.00,107777.10,107930.10,8329.183
1761094800000,107930.10,108417.60,107930.00,108313.60,6312.165
1761098400000,108313.60,108649.40,108159.30,108159.30,3912.785
1761102000000,108159.30,108184.00,107802.30,108174.10,4154.841
1761105600000,108174.00,108570.70,108106.80,108554.40,3866.197
1761109200000,108554.50,108581.90,107821.60,108118.70,4948.666
1761112800000,108118.70,108300.00,107889.50,107936.70,3466.358
1761116400000,107936.70,108284.20,107558.10,108284.10,7491.701
1761120000000,108284.10,108313.80,108035.60,108171.20,2757.477
1761123600000,108171.20,108235.40,107708.20,107907.90,4165.521
1761127200000,107907.90,108079.00,107588.00,107613.50,3211.007
1761130800000,107613.50,108188.90,106360.30,107501.70,18817.308
1761134400000,107501.70,108349.10,107389.40,107976.90,7564.712
1761138000000,107976.90,109000.00,107550.40,108728.00,14563.305
1761141600000,108728.10,108990.00,107415.10,108912.70,26080.017
1761145200000,108913.20,109160.00,107706.00,108369.90,12863.074
1761148800000,108369.80,108780.00,107805.00,108177.40,9580.667
1761152400000,108177.50,108310.90,107526.30,107743.40,5564.248
1761156000000,107743.30,108181.40,107416.10,107987.80,4760.606
1761159600000,107987.70,108379.30,107491.80,107829.00,4911.288
1761163200000,107829.10,108032.00,107453.90,107644.40,4424.848
1761166800000,107644.40,107694.60,106588.00,107159.80,9487.946
1761170400000,107159.70,107650.20,106849.80,107142.60,4980.854
1761174000000,107142.60,107898.90,107110.40,107532.00,4679.209
1761177600000,107532.10,107954.50,107462.90,107815.70,3117.447
1761181200000,107815.60,108500.00,107769.10,108107.70,7744.555
1761184800000,108107.60,108370.00,108010.80,108370.00,2587.277
1761188400000,108370.00,108660.00,108276.70,108322.20,3711.695
1761192000000,108322.20,108887.90,108290.30,108581.90,2929.429
1761195600000,108581.90,108939.70,108557.60,108894.10,2782.507
1761199200000,108894.10,110275.90,108791.90,110180.20,13358.866
1761202800000,110180.20,110214.70,109151.80,109228.60,7379.194
1761206400000,109228.60,109867.70,109204.70,109459.30,4709.774
1761210000000,109459.20,109492.40,109064.60,109388.20,3233.999
1761213600000,109388.10,109664.70,109316.00,109383.70,2695.827
1761217200000,109383.70,109609.40,109021.30,109218.50,3443.675
1761220800000,109218.50,109218.50,108639.40,109135.00,7043.595
1761224400000,109134.90,109584.80,108750.30,109450.00,6910.468
1761228000000,109450.00,109851.60,108647.40,109544.20,9100.310
1761231600000,109544.30,110088.00,109428.30,109849.00,7240.331
1761235200000,109849.00,110551.20,109581.70,110197.80,5868.751
1761238800000,110197.80,111240.00,109575.90,111175.20,11328.249
1761242400000,111175.60,111235.60,110199.30,110518.10,6824.888
1761246000000,110518.20,110579.70,110041.60,110137.80,2865.074
1761249600000,110137.90,110145.80,109260.00,109469.90,6623.728
1761253200000,109470.00,109677.90,109313.60,109493.30,3009.506
1761256800000,109493.20,110143.90,109467.50,109890.00,3261.269
1761260400000,109890.00,110050.20,109782.70,110025.90,1870.303
1761264000000,110026.00,110698.40,109927.80,110443.10,5207.355
1761267600000,110443.20,110621.80,110075.10,110534.90,3317.855
1761271200000,110534.90,110839.90,110284.80,110514.90,2618.011
1761274800000,110515.00,110587.90,110220.00,110399.90,2088.908
1761278400000,110399.90,111488.00,110274.40,111117.70,6874.594
1761282000000,111117.70,111267.60,110880.50,111193.00,4366.652
1761285600000,111193.10,111450.00,111063.40,111413.20,2757.377
1761289200000,111413.20,111498.80,110723.90,111013.70,5521.068
1761292800000,111013.70,111193.80,110648.40,111045.80,4518.581
1761296400000,111045.80,111438.30,110946.10,111280.00,3190.318
1761300000000,111280.10,111280.10,111000.00,111063.40,2797.849
1761303600000,111063.50,111229.90,110496.50,111006.70,4669.353
1761307200000,111006.70,112086.00,110808.40,111247.50,14195.449
1761310800000,111247.50,111386.40,110316.00,110884.60,9260.393
1761314400000,110884.60,110884.60,109650.00,110177.70,14497.391
1761318000000,110177.80,110616.90,109832.10,110009.80,5923.961
1761321600000,110009.90,110346.40,109752.80,110222.30,3480.310
1761325200000,110222.30,110538.00,110138.60,110173.70,2320.507
1761328800000,110173.70,110600.00,110104.50,110557.40,1857.232
1761332400000,110557.50,110907.10,110473.30,110571.30,3237.704
1761336000000,110571.40,110989.30,110431.00,110853.00,1793.993
1761339600000,110853.00,111068.80,110530.00,111029.10,3892.612
1761343200000,111029.10,111088.00,110869.60,110964.30,1414.815
1761346800000,110964.30,111084.60,110823.90,110965.40,957.244
1761350400000,110965.40,111000.00,110600.50,110720.70,2006.594
1761354000000,110720.70,111187.50,110700.00,111026.70,1843.699
1761357600000,111026.70,111081.40,110902.00,110976.40,885.621
1761361200000,110976.50,111083.10,110935.80,110962.30,1224.031
1761364800000,110962.30,111487.60,110962.30,111163.30,2776.807
1761368400000,111163.30,111397.30,111030.40,111334.70,1545.675
1761372000000,111334.80,111447.60,111200.00,111308.70,1476.849
1761375600000,111308.80,111775.10,111308.70,111445.40,3462.173
1761379200000,111445.50,111767.00,111430.00,111716.00,2276.994
1761382800000,111716.00,111789.40,111432.00,111471.00,2673.991
1761386400000,111470.90,111680.00,111328.00,111515.40,2341.932
1761390000000,111515.40,111626.50,111432.00,111522.70,1037.752
1761393600000,111522.60,111903.90,111478.30,111871.50,2806.060
1761397200000,111871.40,111880.30,111466.00,111626.90,2768.841
1761400800000,111626.80,111725.00,111450.00,111546.60,1683.741
1761404400000,111546.50,111546.60,111255.20,111340.90,3092.005
1761408000000,111341.00,111445.20,111094.40,111323.40,4120.155
1761411600000,111323.40,111420.00,111230.60,111322.00,796.299
1761415200000,111322.00,111686.00,111263.00,111668.20,1623.350
1761418800000,111668.10,111684.30,111519.90,111574.90,994.181
1761422400000,111574.90,111607.90,111315.20,111385.20,1097.014
1761426000000,111385.10,111433.40,111291.00,111430.00,774.809
1761429600000,111430.00,111640.10,111360.00,111567.20,921.627
1761433200000,111567.30,111623.60,111471.60,111589.40,1039.283
1761436800000,111589.40,111866.70,111479.30,111654.40,2288.306
1761440400000,111654.40,111799.00,111455.90,111589.60,1398.523
1761444000000,111589.50,111636.30,111353.20,111404.60,1455.118
1761447600000,111404.60,111454.50,111200.00,111210.10,1692.956
1761451200000,111210.10,111434.80,111200.20,111378.40,859.214
1761454800000,111378.40,111600.00,111300.00,111554.30,1135.628
1761458400000,111554.40,111630.60,111485.00,111574.30,669.849
1761462000000,111574.40,111677.90,111557.70,111672.80,844.907
1761465600000,111672.90,111797.00,111672.80,111716.20,1467.483
1761469200000,111716.20,112765.30,111650.30,112477.90,11992.198
1761472800000,112478.00,112523.70,112130.00,112425.20,2933.099
1761476400000,112425.20,113442.50,112368.80,113235.20,9328.013
1761480000000,113235.10,113800.00,113221.50,113530.70,9798.221
1761483600000,113530.70,114000.00,113224.40,113669.40,8808.232
1761487200000,113669.40,113850.00,113450.70,113515.20,5415.329
1761490800000,113515.30,113700.00,113378.30,113648.10,2909.756
1761494400000,113648.00,113730.70,113231.20,113463.30,4039.211
1761498000000,113463.30,113720.70,113389.50,113397.10,1712.692
1761501600000,113397.10,113774.50,113397.10,113540.80,1850.472
1761505200000,113540.80,113681.30,113456.60,113546.30,1219.618
1761508800000,113546.20,113546.20,113244.20,113267.80,1166.099
1761512400000,113267.90,113550.00,112800.00,113457.50,3875.004
1761516000000,113457.50,115521.70,113457.50,114631.80,15678.975
1761519600000,114631.70,114923.30,114321.00,114497.80,4796.484
1761523200000,114497.90,115129.10,114300.00,114705.00,5904.013
1761526800000,114705.00,115343.10,114650.00,115217.80,3921.703
1761530400000,115217.70,115407.70,114769.30,114831.10,5524.449
1761534000000,114831.00,115222.60,114781.10,114927.70,2703.105
1761537600000,114927.80,115254.00,114925.60,115215.50,3186.224
1761541200000,115215.50,115629.40,115215.40,115511.10,6136.663
1761544800000,115511.10,116098.90,115309.00,116008.80,10700.843
1761548400000,116008.90,116380.20,115459.40,115522.50,10791.929
1761552000000,115522.40,115575.10,114860.00,114990.20,6626.925
1761555600000,114990.10,115334.60,114780.20,115204.70,5765.098
1761559200000,115204.80,115526.30,115068.00,115411.80,2621.016
1761562800000,115411.90,115497.00,115063.30,115302.30,2767.194
1761566400000,115302.30,115385.70,114920.20,115016.40,3460.836
1761570000000,115016.30,115370.80,114530.70,115210.40,8037.398
1761573600000,115210.30,115311.30,114433.00,114751.00,6827.518
1761577200000,114750.80,115195.50,114717.50,114914.40,4247.130
1761580800000,114914.50,115599.90,114818.10,115438.10,4816.201
1761584400000,115438.10,115700.00,115251.60,115647.40,3212.635
1761588000000,115647.30,115744.80,115251.90,115277.90,2696.623
1761591600000,115277.90,115278.10,114712.40,114894.90,3863.402
1761595200000,114894.80,114894.80,114349.90,114405.40,3198.214
1761598800000,114405.40,114602.60,114067.50,114258.10,4195.847
1761602400000,114258.00,114555.10,114012.00,114078.90,3065.058
1761606000000,114078.90,114180.20,113792.40,114064.10,4341.588
1761609600000,114064.20,114331.30,113710.00,113921.60,4110.965
1761613200000,113921.50,114500.10,113921.50,114377.60,3346.988
1761616800000,114377.50,114428.30,113477.50,113878.40,4511.349
1761620400000,113878.40,114066.00,113661.90,113863.90,3435.089
1761624000000,113864.00,114034.00,113706.80,113914.20,2445.456
1761627600000,113914.10,113949.00,113422.00,113561.90,3579.422
1761631200000,113561.80,114140.70,113561.80,114060.10,3056.136
1761634800000,114060.10,114320.60,114039.00,114128.70,2867.346
1761638400000,114128.80,114430.30,114058.00,114370.50,2624.092
1761642000000,114370.50,114588.00,114138.00,114470.00,2718.411
1761645600000,114470.00,114555.00,114364.70,114543.50,1788.845
1761649200000,114543.40,114619.20,114217.20,114290.70,2445.800
1761652800000,114290.60,114467.60,114080.80,114402.20,2643.758
1761656400000,114402.10,115470.00,114402.10,115469.90,10880.063
1761660000000,115470.00,116074.30,114130.70,115021.80,19995.396
1761663600000,115021.80,115354.20,114444.00,114571.90,7287.403
1761667200000,114571.70,115450.10,114468.00,115296.10,6501.093
1761670800000,115296.10,115554.50,115170.20,115246.70,3432.869
1761674400000,115246.60,115324.50,114589.10,114971.10,3635.659
1761678000000,114971.10,115040.90,113500.00,113629.00,10579.078
1761681600000,113629.00,113647.40,112268.10,112744.60,17736.035
1761685200000,112744.60,113166.00,112121.40,112935.50,6290.482
1761688800000,112935.40,113233.00,112768.00,113164.20,2749.605
1761692400000,113164.20,113164.20,112716.70,112833.50,2427.500
1761696000000,112833.50,112871.30,112371.10,112382.50,4109.753
1761699600000,112382.50,112927.50,112036.10,112435.40,7644.146
1761703200000,112435.40,112743.30,112352.20,112617.90,2538.870
1761706800000,112617.90,112617.90,112276.00,112459.60,2133.958
1761710400000,112459.60,112843.00,112443.50,112755.60,2119.800
1761714000000,112755.50,113320.00,112750.00,112987.00,6064.955
1761717600000,112987.00,113309.00,112909.50,113232.10,2584.739
1761721200000,113232.10,113525.00,113168.60,113511.90,3488.871
1761724800000,113512.00,113581.70,112888.00,113005.40,5219.670
1761728400000,113005.30,113043.60,112700.00,112935.20,3225.309
1761732000000,112935.20,113154.40,112666.00,112810.30,2496.753
1761735600000,112810.40,113210.00,112692.40,113084.50,2216.915
1761739200000,113084.60,113281.60,113001.20,113102.50,1730.217
1761742800000,113102.40,113593.00,112647.20,112824.70,7055.854
1761746400000,112824.70,112874.20,112190.80,112438.90,8322.162
1761750000000,112439.00,112517.00,111326.50,111460.60,16761.981
1761753600000,111460.70,111480.30,110888.00,111060.00,13390.953
1761757200000,111060.00,111872.70,110941.60,111819.30,6561.139
1761760800000,111819.30,111963.00,109026.40,110743.00,35373.970
1761764400000,110743.00,111398.30,110100.00,110605.60,11161.268
1761768000000,110605.90,111494.10,110342.10,111372.00,6614.204
1761771600000,111371.90,111744.00,111318.30,111558.30,2868.967
1761775200000,111558.20,111562.80,110900.20,110974.90,2770.289
1761778800000,110974.90,111023.30,109686.40,109985.60,7466.123
1761782400000,109985.60,110524.60,109670.60,110496.30,5420.916
1761786000000,110496.30,110675.00,110189.00,110405.50,3663.414
1761789600000,110405.50,110957.90,110251.40,110925.80,3954.547
1761793200000,110925.90,110940.70,110460.70,110694.50,4014.387
1761796800000,110694.40,110694.50,107817.30,108503.70,27178.815
1761800400000,108503.70,110385.00,108366.00,110199.70,10934.752
1761804000000,110199.70,110933.00,109917.20,110720.00,7371.201
1761807600000,110720.10,111565.10,110601.70,111313.50,8416.421
1761811200000,111313.60,111400.00,110594.60,110649.60,8514.715
1761814800000,110649.60,110749.80,110058.50,110129.50,5008.277
1761818400000,110129.60,110193.40,109752.40,110055.20,4828.575
1761822000000,110055.20,110103.00,109638.60,109666.00,3418.270
1761825600000,109665.90,109736.30,108216.50,108337.80,14450.352
1761829200000,108337.90,108682.00,107350.00,107582.20,22139.703
1761832800000,107582.20,108320.90,107564.80,108212.10,8968.150
1761836400000,108212.10,108292.20,107254.10,107670.60,8270.318
1761840000000,107670.50,108184.00,107516.10,108100.00,5242.653
1761843600000,108100.00,108113.50,106745.30,107446.30,14778.869
1761847200000,107446.20,107521.50,106736.80,106793.70,5976.795
1761850800000,106793.70,107122.10,106200.00,106495.10,10904.053
1761854400000,106494.30,107600.00,106257.00,107441.20,8669.315
1761858000000,107441.20,107886.60,107333.70,107847.70,4197.759
1761861600000,107847.70,107865.60,107396.70,107858.70,2999.092
1761865200000,107858.60,108300.00,107530.30,108263.50,6432.295
1761868800000,108263.60,109583.40,108226.60,109276.30,9063.178
1761872400000,109276.30,110014.40,109122.90,109585.30,10462.144
1761876000000,109585.30,109644.10,108511.70,108816.30,7262.145
1761879600000,108816.30,109287.00,108568.70,109186.20,5546.135
1761883200000,109186.30,110200.00,109062.70,110052.50,10421.091
1761886800000,110052.50,110052.50,109645.30,109856.60,4431.988
1761890400000,109856.60,109930.40,109470.90,109604.20,3664.439
1761894000000,109604.20,109785.60,109209.30,109400.10,5408.564
1761897600000,109400.00,110064.10,109159.00,110013.00,5249.910
1761901200000,110013.00,110410.00,109761.00,109813.30,5436.315
1761904800000,109813.30,110083.90,109665.40,109780.10,2663.564
1761908400000,109780.20,110500.00,109408.60,110375.70,5787.902
1761912000000,110375.70,110666.00,109566.70,109610.70,6941.684
1761915600000,109610.70,110200.00,109308.10,110120.90,9405.645
1761919200000,110120.80,111100.00,109541.00,110750.50,18213.469
1761922800000,110750.50,111233.00,110081.90,110160.10,9939.601
1761926400000,110160.10,110273.20,108627.20,108812.90,8797.885
1761930000000,108812.80,109387.20,108600.00,109269.50,6264.630
1761933600000,109269.50,109837.40,108919.50,109415.80,5376.429
1761937200000,109415.70,110231.00,109076.50,109802.80,4884.534
1761940800000,109802.70,109802.70,109405.20,109455.40,2807.626
1761944400000,109455.40,109718.70,109277.70,109530.10,1815.240
1761948000000,109530.20,109770.30,109436.10,109543.00,1421.213
1761951600000,109543.00,109641.90,109475.60,109557.30,798.445
1761955200000,109557.20,109725.00,109351.50,109689.70,1488.945
1761958800000,109689.70,110052.50,109656.20,109690.00,1732.800
1761962400000,109690.00,109847.30,109432.00,109750.00,1695.306
1761966000000,109750.00,110300.00,109750.00,110194.60,3835.055
1761969600000,110194.60,110557.00,110073.20,110245.80,3210.083
1761973200000,110245.80,110338.00,110000.00,110087.70,1513.286
1761976800000,110087.70,110125.00,109885.50,109956.20,1429.632
1761980400000,109956.20,110224.00,109945.00,110025.30,1177.523
1761984000000,110025.30,110237.60,110025.30,110200.30,931.349
1761987600000,110200.30,110213.40,109925.00,109954.60,1535.980
1761991200000,109954.60,110151.00,109803.00,110119.40,1534.289
1761994800000,110119.50,110207.10,109958.60,110096.20,1171.219
1761998400000,110096.30,110164.40,109956.50,109972.00,1278.910
1762002000000,109972.10,110015.00,109654.50,109899.60,2215.295
1762005600000,109899.70,109945.80,109679.50,109880.00,2570.692
1762009200000,109880.00,110300.00,109854.40,110253.20,3690.593
1762012800000,110253.10,110486.40,110144.00,110413.70,3464.412
1762016400000,110413.80,110455.50,110125.10,110160.10,1498.448
1762020000000,110160.10,110325.10,110145.50,110294.90,938.265
1762023600000,110294.90,110294.90,110171.70,110249.00,543.644
1762027200000,110249.00,110487.00,110248.90,110358.40,984.497
1762030800000,110358.40,110389.90,109803.50,109815.20,1627.418
1762034400000,109815.20,110060.20,109815.10,110044.00,919.470
1762038000000,110044.00,110100.00,109922.40,110047.20,627.110
1762041600000,110047.30,110088.00,109846.70,109932.30,1196.290
1762045200000,109932.20,110058.00,109872.10,109930.00,883.486
1762048800000,109930.00,110234.40,109836.70,109976.40,1466.541
1762052400000,109975.90,110048.40,109911.70,110008.50,986.973
1762056000000,110008.40,110799.70,109974.10,110624.80,4325.195
1762059600000,110624.80,110667.00,110230.00,110452.70,2953.442
1762063200000,110453.10,110675.40,110244.80,110610.00,1690.967
1762066800000,110609.90,110988.00,110375.00,110844.10,3185.288
1762070400000,110844.00,110966.20,110650.40,110805.70,2104.551
1762074000000,110805.70,110999.90,110464.00,110657.10,3348.301
1762077600000,110657.20,110814.00,110302.10,110450.00,3403.700
1762081200000,110449.90,111193.50,110434.30,111145.40,3565.386
1762084800000,111145.40,111216.00,110614.80,110690.80,3724.165
1762088400000,110690.80,110726.30,110109.20,110513.00,4489.559
1762092000000,110513.00,110625.00,110138.50,110370.70,3109.147
1762095600000,110370.70,110510.00,110030.00,110066.10,2649.900
1762099200000,110066.20,110097.30,109661.20,110068.10,5446.663
1762102800000,110068.20,110222.00,109970.10,110142.20,1468.286
1762106400000,110142.10,110286.20,110121.00,110283.20,881.961
1762110000000,110283.20,110283.20,109900.40,110125.20,1319.075
1762113600000,110125.30,110172.50,109834.80,110045.60,1072.122
1762117200000,110045.60,110091.20,109922.60,109947.60,643.412
1762120800000,109947.50,109982.40,109368.90,109860.90,2701.165
1762124400000,109860.90,110700.00,109860.90,110494.90,4493.598
1762128000000,110494.90,110711.00,109700.00,109700.10,3558.552
1762131600000,109700.00,109846.20,109310.00,109614.20,5228.677
1762135200000,109614.20,109713.20,108600.00,108991.70,7681.506
1762138800000,108991.70,109116.40,107850.00,107886.00,10590.901
1762142400000,107886.00,107952.10,107435.00,107843.80,8509.056
1762146000000,107843.80,108088.80,107333.00,107556.90,4847.467
1762149600000,107556.80,107666.00,106946.70,107452.80,6296.982
1762153200000,107452.80,107801.50,107222.00,107420.50,5185.159
1762156800000,107420.60,107677.50,106925.70,107548.60,5322.369
1762160400000,107548.50,107881.40,107029.00,107173.10,4606.009
1762164000000,107173.10,107577.50,106618.70,106925.90,5000.292
1762167600000,106926.00,107873.90,106918.80,107737.40,5178.051
1762171200000,107737.40,108216.90,107650.50,107717.20,6509.838
1762174800000,107717.10,108013.60,107512.00,107855.00,3170.112
1762178400000,107855.00,108280.00,107317.60,108016.50,7122.420
1762182000000,108016.50,108117.00,105500.00,105718.80,31585.665
1762185600000,105718.80,106758.00,105300.00,106644.00,16785.914
1762189200000,106644.10,107797.20,106489.50,107433.20,11439.523
1762192800000,107433.30,107550.10,106747.50,106905.90,5371.093
1762196400000,106905.90,107350.00,106400.00,107034.70,4523.730
1762200000000,107034.70,107120.00,106259.90,106615.90,4171.675
1762203600000,106615.80,107061.30,106038.00,106849.30,4835.542
1762207200000,106849.30,106849.30,105750.10,106441.60,4332.472
1762210800000,106441.60,106716.60,105984.30,106544.00,2405.042
1762214400000,106544.00,106777.00,105820.00,106428.80,5581.517
1762218000000,106428.80,107271.90,106224.00,106991.00,6194.298
1762221600000,106990.90,107192.20,106404.80,106438.00,5161.398
1762225200000,106438.00,107192.20,106150.00,107097.20,4734.926
1762228800000,107097.10,107247.80,106659.20,106702.80,2939.653
1762232400000,106702.70,106702.80,104131.80,104164.30,19787.016
1762236000000,104164.30,105190.00,104125.30,104702.40,12060.538
1762239600000,104702.40,104900.00,104274.20,104442.90,6515.689
1762243200000,104442.90,104591.70,103700.20,104018.40,11377.496
1762246800000,104018.50,104125.50,103600.00,103822.30,6436.643
1762250400000,103822.40,104096.10,103550.00,103787.00,6602.378
1762254000000,103787.00,104656.00,103731.20,104530.70,6477.275
1762257600000,104530.70,104596.40,103777.00,103907.30,6088.223
1762261200000,103907.30,104191.00,103513.20,103870.00,6007.896
1762264800000,103870.10,104651.20,102870.00,104458.40,19618.141
1762268400000,104458.40,104800.00,103136.30,103157.70,14172.652
1762272000000,103157.70,103474.10,102110.00,102227.40,18567.540
1762275600000,102227.40,102227.40,100725.00,101074.80,27765.935
1762279200000,101074.80,101469.50,99980.00,101317.30,24806.501
1762282800000,101317.30,101674.60,100367.90,100507.00,10761.587
1762286400000,100507.00,101077.20,99482.60,100710.10,20294.670
1762290000000,100710.00,100793.80,98888.80,100274.10,17969.714
1762293600000,100274.20,101859.50,100043.00,101260.20,13672.032
1762297200000,101260.30,101697.00,100850.30,101450.30,8148.442
1762300800000,101450.20,101700.00,100308.00,100522.90,8632.804
1762304400000,100523.00,100988.10,98909.70,100722.10,19826.387
1762308000000,100722.10,101918.10,100713.50,101633.70,17538.476
1762311600000,101633.80,102222.00,101405.10,102094.80,9519.477
1762315200000,102094.80,102212.30,101481.10,101952.10,6278.147
1762318800000,101952.10,102326.40,101536.80,101768.20,6876.003
1762322400000,101768.10,102094.70,101433.30,102068.80,4625.573
1762326000000,102068.80,102100.00,101552.00,101946.10,3208.625
1762329600000,101946.20,101946.30,101131.00,101650.80,8543.603
1762333200000,101650.70,102174.90,101553.60,101949.50,4369.672
1762336800000,101949.60,101949.60,101250.00,101352.50,3401.224
1762340400000,101352.60,102060.40,101338.00,102019.40,4421.017
1762344000000,102019.30,102853.20,101867.80,102622.70,9346.671
1762347600000,102622.60,103207.00,102240.70,102926.10,7361.312
1762351200000,102926.20,103440.00,102120.00,103162.60,10546.179
1762354800000,103162.60,103750.00,102777.00,103668.30,8064.435
1762358400000,103668.20,103990.30,102972.80,103865.00,7918.007
1762362000000,103865.10,103953.90,103326.70,103850.60,5116.157
1762365600000,103850.60,104383.60,103700.00,104292.80,5356.964
1762369200000,104292.90,104496.60,103926.10,103950.00,3877.561
1762372800000,103950.00,104497.60,103566.30,103788.00,4733.796
1762376400000,103788.00,103788.10,103450.70,103626.00,3148.415
1762380000000,103625.90,103750.00,103240.50,103671.90,2550.933
1762383600000,103671.80,104062.90,103620.00,103837.00,2508.656
1762387200000,103837.00,103840.70,103264.60,103631.50,3592.071
1762390800000,103631.50,103631.50,102684.70,103315.40,6692.959
1762394400000,103315.40,103537.90,102800.30,103278.20,4007.051
1762398000000,103278.10,103919.70,103278.10,103598.30,3478.788
1762401600000,103598.30,104210.20,103534.00,103987.50,3425.873
1762405200000,103987.50,103987.50,103029.40,103103.50,3767.108
1762408800000,103103.50,103560.60,102938.00,103268.70,2662.204
1762412400000,103268.80,103542.30,102850.10,103138.60,3858.186
1762416000000,103138.60,103406.00,102929.20,103161.20,2147.273
1762419600000,103161.30,103226.20,102766.30,102766.30,3074.453
1762423200000,102766.40,103250.00,102611.50,103090.00,4253.142
1762426800000,103089.90,103270.00,102689.90,103182.60,3249.917
1762430400000,103182.60,103287.70,102329.00,102507.10,7370.075
1762434000000,102507.10,103585.00,102507.10,103270.00,6089.446
1762437600000,103269.90,103550.00,102001.00,102083.10,11085.510
1762441200000,102083.00,102907.40,101570.50,101981.60,16466.883
1762444800000,101981.60,102367.90,100238.40,100830.60,21376.611
1762448400000,100830.50,101958.90,100724.60,101762.20,9647.256
1762452000000,101762.20,102298.00,100870.80,101670.00,8125.856
1762455600000,101670.00,101949.00,101140.90,101335.90,5659.231
1762459200000,101335.90,101599.60,100590.00,100873.80,4759.024
1762462800000,100873.70,101175.70,100500.00,101071.80,4437.000
1762466400000,101071.80,101447.50,100950.70,101364.20,2552.801
1762470000000,101364.10,101507.30,101076.30,101305.60,3251.103
1762473600000,101305.60,101596.30,100700.10,101434.50,6287.607
1762477200000,101434.60,101846.50,100835.40,101501.30,6027.233
1762480800000,101501.30,101890.00,101200.00,101863.80,3619.065
1762484400000,101863.80,102311.00,101810.00,101863.50,4283.626
1762488000000,101863.40,102027.70,101530.00,101974.10,3337.154
1762491600000,101974.00,102480.40,101965.70,102400.00,4494.269
1762495200000,102400.00,102450.00,101763.60,101778.70,2319.750
1762498800000,101778.60,101981.90,101586.60,101978.80,3129.009
1762502400000,101978.20,102024.70,101388.00,101461.80,2960.500
1762506000000,101461.80,101480.00,100700.80,100968.10,7051.738
1762509600000,100968.10,101213.30,100516.20,100725.30,4551.125
1762513200000,100725.40,100751.00,99750.00,100369.10,16276.309
1762516800000,100369.20,100593.20,99200.00,99608.90,11406.705
1762520400000,99608.90,100537.50,99425.40,100295.10,9675.271
1762524000000,100295.00,100924.40,99451.10,100753.60,14308.049
1762527600000,100753.70,101230.00,100319.40,100758.00,12218.502
1762531200000,100758.00,101620.10,100468.90,101128.40,9032.802
1762534800000,101128.30,102688.00,100888.30,102354.60,11858.482
1762538400000,102354.70,102818.00,102235.90,102551.30,7514.275
1762542000000,102551.30,103350.70,102429.40,103350.00,6003.650
1762545600000,103350.00,103849.90,102889.60,103718.40,5834.213
1762549200000,103718.40,103844.90,103295.60,103844.90,3144.191
1762552800000,103844.80,104070.70,103553.10,103586.60,5640.896
1762556400000,103586.60,103733.20,103285.70,103305.20,2993.037
1762560000000,103305.30,103373.80,102488.00,102674.60,6176.991
1762563600000,102674.50,103212.20,102620.00,102955.80,2834.804
1762567200000,102955.80,103294.10,102706.50,102804.90,3151.428
1762570800000,102804.90,103264.00,102544.30,102545.80,3530.438
1762574400000,102545.80,102794.00,102341.90,102504.90,4546.851
1762578000000,102505.00,102685.80,102234.00,102257.40,2748.636
1762581600000,102257.40,102485.00,102036.30,102171.80,4098.138
1762585200000,102171.80,102368.40,101853.80,102302.90,3474.490
1762588800000,102302.80,102654.10,102111.80,102392.10,3149.831
1762592400000,102392.00,102564.00,102182.10,102354.70,1888.529
1762596000000,102354.60,102535.60,102261.30,102430.80,1103.997
1762599600000,102430.80,102594.00,101647.70,101805.60,5576.852
1762603200000,101805.60,102063.00,101672.80,102011.70,2695.744
1762606800000,102011.60,102142.90,101651.00,101758.90,3079.802
1762610400000,101758.90,102052.40,101400.10,101786.20,5635.273
1762614000000,101786.30,101917.70,101435.40,101678.00,2997.082
1762617600000,101678.10,101921.50,101476.90,101808.90,2599.984
1762621200000,101808.80,101971.10,101485.50,101945.10,2006.348
1762624800000,101945.10,102182.70,101780.30,102084.40,1838.000
1762628400000,102084.30,102137.10,101471.10,101934.30,2407.911
1762632000000,101934.40,102125.00,101906.60,102024.40,1051.557
1762635600000,102024.30,102328.90,101974.30,102224.10,1478.989
1762639200000,102224.00,102382.60,102117.30,102325.40,1285.214
1762642800000,102325.30,102443.90,102233.80,102269.30,1335.060
1762646400000,102269.30,102294.90,101571.00,101749.90,2878.443
1762650000000,101749.90,102069.80,101637.20,101995.40,1555.146
1762653600000,101995.40,101995.50,101523.90,101589.70,1643.786
1762657200000,101589.70,101771.90,101300.00,101622.90,2536.194
1762660800000,101623.00,102097.00,101602.10,101673.80,2237.905
1762664400000,101673.80,101988.20,101627.50,101879.90,1804.972
1762668000000,101880.00,101923.00,101650.00,101698.90,1262.630
1762671600000,101698.80,101930.00,101618.30,101898.20,1450.866
1762675200000,101898.30,102009.20,101759.90,101938.30,1293.758
1762678800000,101938.40,102087.10,101566.70,101602.20,2531.898
1762682400000,101602.30,101884.30,101457.00,101829.40,2628.133
1762686000000,101829.30,102274.90,101829.30,102198.20,3052.490
1762689600000,102198.20,102390.00,102001.00,102038.30,2540.802
1762693200000,102038.30,102967.00,102025.60,102877.90,6490.594
1762696800000,102877.90,104031.40,102718.70,102994.40,13694.388
1762700400000,102994.30,104180.00,102922.00,103715.80,7196.411
1762704000000,103715.80,103881.00,103290.80,103814.80,4789.854
1762707600000,103814.80,103938.60,103300.00,103607.60,3042.371
1762711200000,103607.70,104573.70,103473.00,104479.80,6045.978
1762714800000,104479.80,104780.00,104100.00,104764.10,5811.892
1762718400000,104764.10,105036.50,104357.50,104585.50,4375.370
1762722000000,104585.40,104807.20,104249.40,104483.60,2855.825
1762725600000,104483.60,104774.40,103999.50,104676.80,3677.780
1762729200000,104676.90,105440.00,104482.60,104670.60,6970.184
1762732800000,104670.70,106484.80,104205.90,106268.00,14109.244
1762736400000,106267.90,106666.00,105681.60,105683.00,10180.914
1762740000000,105683.00,106025.60,105558.40,105965.90,4159.199
1762743600000,105966.00,106257.50,105797.70,105990.60,4483.765
1762747200000,105990.60,106270.60,105800.00,106115.90,3455.497
1762750800000,106115.90,106438.10,105947.80,106050.00,3607.864
1762754400000,106049.90,106263.10,105903.00,106166.60,2502.794
1762758000000,106166.70,106499.00,106096.60,106417.70,2962.678
1762761600000,106417.60,106525.00,105821.40,105931.20,4117.830
1762765200000,105931.20,106570.00,105780.10,106402.00,4920.868
1762768800000,106402.00,106416.40,105916.00,105946.10,2485.467
1762772400000,105946.10,106287.70,105900.80,106136.60,2048.601
1762776000000,106136.50,106176.60,105804.30,105900.10,3372.481
1762779600000,105900.10,106566.70,105869.00,106509.40,6050.401
1762783200000,106509.40,106509.40,104615.70,104846.50,13292.484
1762786800000,104846.60,105584.70,104617.00,105028.90,10362.778
1762790400000,105028.90,105320.60,104735.60,105189.20,5452.721
1762794000000,105189.20,105962.60,105132.30,105906.60,4328.558
1762797600000,105906.60,106081.10,105420.00,105435.80,3573.962
1762801200000,105435.90,106000.00,105354.00,105767.20,2971.178
1762804800000,105767.10,106249.60,105750.30,105956.70,3483.547
1762808400000,105956.70,105973.90,105202.70,105583.50,3305.325
1762812000000,105583.50,106089.00,105300.00,106003.80,2262.342
1762815600000,106003.90,106242.30,105831.80,105966.30,2913.040
1762819200000,105966.30,106111.90,105399.60,106100.00,3329.880
1762822800000,106100.00,107473.70,105957.50,106047.40,13732.704
1762826400000,106047.50,107099.90,105533.50,106595.80,9107.009
1762830000000,106595.80,107041.50,106302.50,106407.30,3942.211
1762833600000,106407.40,106496.60,105650.20,105709.00,4164.397
1762837200000,105709.00,105709.10,105072.00,105203.40,5480.591
1762840800000,105203.40,105300.00,104830.50,105202.00,7093.761
1762844400000,105202.00,105278.00,104685.30,104737.00,4259.915
1762848000000,104737.10,105226.80,104718.20,105110.50,3396.035
1762851600000,105110.60,105454.70,104856.90,104920.60,3350.552
1762855200000,104920.60,105193.00,104869.60,105120.50,2053.246
1762858800000,105120.50,105464.20,105090.60,105256.20,2755.760
1762862400000,105256.20,105459.80,104342.60,104500.00,7104.129
1762866000000,104499.90,104670.00,104160.00,104350.10,6561.571
1762869600000,104350.10,104641.90,103800.00,104517.80,8622.481
1762873200000,104517.80,104517.80,103135.20,103417.20,12715.048
1762876800000,103417.20,103694.80,103168.00,103366.60,5047.687
1762880400000,103366.50,103599.90,102777.00,103294.00,6505.870
1762884000000,103294.00,103525.10,103009.00,103344.60,3954.402
1762887600000,103344.50,103411.00,102797.50,103073.60,3730.165
1762891200000,103073.60,103183.80,102602.00,102774.80,4888.141
1762894800000,102774.80,103066.20,102400.00,102598.40,4964.287
1762898400000,102598.30,103120.00,102459.30,102940.10,2821.018
1762902000000,102940.10,103170.70,102751.60,103005.80,3022.914
1762905600000,103005.80,103321.40,102761.80,102838.40,3714.322
1762909200000,102838.40,103325.00,102629.50,103200.10,3859.567
1762912800000,103200.10,103360.20,102885.00,103099.30,3724.440
1762916400000,103099.30,103399.40,103045.50,103267.20,1824.609
1762920000000,103267.20,103426.10,102941.60,103199.90,2204.272
1762923600000,103200.00,103423.60,103188.10,103350.00,1480.947
1762927200000,103350.00,103605.00,103290.00,103305.90,2617.851
1762930800000,103305.90,103496.90,103001.00,103066.70,2521.480
1762934400000,103066.70,104188.00,103066.70,104100.00,7396.890
1762938000000,104100.00,105044.20,104090.00,104475.40,11451.039
1762941600000,104475.40,104999.00,104462.90,104844.90,4000.778
1762945200000,104844.80,105162.60,104693.40,104979.90,4553.788
1762948800000,104979.90,105297.00,104778.20,104947.80,4624.856
1762952400000,104947.80,105135.90,104556.60,104993.80,4755.914
1762956000000,104993.70,104993.80,103508.80,103948.50,12332.503
1762959600000,103948.50,104275.80,101900.00,102124.90,20226.943
1762963200000,102124.90,102249.20,101274.80,101393.10,16706.276
1762966800000,101393.10,102100.00,101354.60,101700.00,7049.074
1762970400000,101700.00,101910.00,101360.40,101493.60,4654.416
1762974000000,101493.60,101523.00,100711.00,101245.40,9415.269
1762977600000,101245.30,101795.30,101087.80,101494.90,3849.807
1762981200000,101494.90,101880.10,101467.10,101880.10,2320.492
1762984800000,101880.00,101951.00,101400.00,101922.60,2295.542
1762988400000,101922.50,101964.50,101409.80,101605.80,3295.201
1762992000000,101605.80,102020.00,101412.00,101813.10,3247.869
1762995600000,101813.10,102581.70,101782.70,101960.10,7272.953
1762999200000,101960.10,102300.00,101921.10,102015.00,2595.057
1763002800000,102015.00,102525.10,100850.00,102088.10,9523.693
1763006400000,102088.00,102391.00,101602.20,102067.20,5004.101
1763010000000,102067.20,103373.20,101708.20,103097.50,7221.450
1763013600000,103097.80,103666.60,102870.00,103555.00,11978.939
1763017200000,103555.00,104024.60,103271.70,103430.90,10120.864
1763020800000,103430.90,103765.40,103227.70,103635.10,4245.445
1763024400000,103635.20,103705.30,102509.10,102792.20,8562.202
1763028000000,102792.30,103261.60,102730.60,102951.20,3262.330
1763031600000,102951.20,103124.60,102654.10,102900.00,2496.670
1763035200000,102900.10,103248.90,102691.00,103100.00,3641.794
1763038800000,103100.00,103120.30,102100.00,102282.20,8209.996
1763042400000,102282.20,103456.00,101689.00,102823.40,17998.425
1763046000000,102823.40,102969.80,101135.00,101338.00,15228.684
1763049600000,101338.00,101495.70,100455.70,100580.20,16431.198
1763053200000,100580.30,100774.40,99556.80,99601.40,16833.117
1763056800000,99601.40,99895.20,98100.00,98539.70,26565.735
1763060400000,98539.60,99256.60,98209.70,98643.10,15188.386
1763064000000,98643.10,98999.90,97959.00,98131.60,15882.308
1763067600000,98132.10,98873.50,97985.70,98764.10,6528.276
1763071200000,98764.20,99899.20,98657.00,99820.60,7496.206
1763074800000,99820.50,100485.80,99509.50,99654.30,10511.101
1763078400000,99654.30,99752.70,98684.70,98941.00,13076.142
1763082000000,98941.00,99528.60,98657.00,99208.80,6908.071
1763085600000,99208.90,99862.80,99201.40,99573.40,3955.014
1763089200000,99573.30,99605.50,98730.00,99103.30,4776.553
1763092800000,99103.30,99152.00,96600.00,97789.70,26490.330
1763096400000,97789.70,97997.30,97000.00,97491.90,10990.331
1763100000000,97491.80,97585.90,95840.90,97530.90,19135.120
1763103600000,97531.00,97714.20,96704.30,97099.90,14698.027
1763107200000,97099.90,97442.30,96714.40,97333.20,7223.958
1763110800000,97333.20,97520.00,96622.80,96808.20,6150.239
1763114400000,96808.20,97255.20,96624.00,96703.80,4439.163
1763118000000,96703.80,96909.30,95597.90,96134.60,13297.474
1763121600000,96134.50,96134.60,94500.00,95327.00,26405.264
1763125200000,95327.00,95680.00,94526.40,95209.00,14523.306
1763128800000,95209.00,96765.00,94905.20,96497.70,25036.571
1763132400000,96497.70,97280.00,95806.90,96752.60,16635.400
1763136000000,96752.70,97377.60,96211.10,96972.50,12106.510
1763139600000,96972.60,97094.40,95551.00,95813.80,10110.689
1763143200000,95813.70,96297.50,94911.00,95023.90,10926.161
1763146800000,95023.90,95886.90,94741.20,95737.30,9173.250
1763150400000,95737.40,95900.00,94150.20,94336.60,11266.850
1763154000000,94336.60,95127.70,94179.90,95023.30,6793.511
1763157600000,95023.30,95452.40,94654.00,95147.60,4249.663
1763161200000,95147.50,95147.50,93955.00,94544.90,8705.186
1763164800000,94544.90,95395.30,94523.90,95120.00,6755.663
1763168400000,95120.00,95766.50,94715.50,95617.00,5772.021
1763172000000,95617.00,96474.60,95374.80,96452.50,7119.281
1763175600000,96452.40,96800.00,96100.80,96388.50,7759.499
1763179200000,96388.50,96488.00,95900.10,96077.40,3948.630
1763182800000,96077.40,96389.80,95941.00,96304.00,3583.966
1763186400000,96304.10,96543.80,95906.70,96093.50,3215.523
1763190000000,96093.40,96337.50,95925.80,96289.40,3136.307
1763193600000,96289.30,96310.40,95605.90,95878.80,6000.487
1763197200000,95878.90,96118.60,95629.90,95774.10,2625.881
1763200800000,95774.10,96027.20,95650.90,95912.00,2181.305
1763204400000,95912.00,95949.00,95587.30,95657.30,2048.557
1763208000000,95657.30,95842.60,95534.10,95766.10,2452.676
1763211600000,95766.10,96330.00,95677.70,96325.70,4272.182
1763215200000,96325.70,96439.60,95953.80,96201.80,3938.441
1763218800000,96201.80,96385.00,96059.00,96222.10,2540.721
1763222400000,96222.10,96285.10,95677.70,96111.40,4580.168
1763226000000,96111.40,96362.50,95804.20,96198.00,4231.265
1763229600000,96197.90,96312.00,95899.40,96009.60,2189.631
1763233200000,96009.60,96110.20,95875.00,95967.70,959.827
1763236800000,95967.70,95979.10,95072.10,95249.50,4661.314
1763240400000,95249.40,95645.70,95086.80,95245.40,3401.796
1763244000000,95245.40,95621.10,95186.10,95577.40,1618.168
1763247600000,95577.40,95655.00,95450.00,95560.30,1227.010
1763251200000,95560.40,95672.70,95159.00,95327.00,2113.959
1763254800000,95327.10,95462.20,94800.00,95243.70,4662.640
1763258400000,95243.70,95937.70,95055.00,95934.30,3949.728
1763262000000,95934.20,95946.40,95580.50,95782.00,1907.720
1763265600000,95782.00,95891.40,95602.00,95781.00,1708.226
1763269200000,95781.00,96170.60,95772.20,95850.00,3442.850
1763272800000,95849.90,96007.10,95710.00,95762.80,1430.717
1763276400000,95763.00,96067.10,95690.00,96064.80,2034.586
1763280000000,96064.80,96222.00,95818.60,96083.50,2685.366
1763283600000,96083.50,96600.00,95896.20,96597.40,3458.862
1763287200000,96597.30,96597.30,96340.00,96412.70,2577.830
1763290800000,96412.70,96414.00,95443.60,95588.00,7991.377
1763294400000,95588.00,95870.00,95385.10,95713.70,4216.240
1763298000000,95713.60,95815.00,95073.00,95371.80,4666.574
1763301600000,95371.90,95636.00,95253.90,95487.00,2526.175
1763305200000,95487.10,95517.00,94300.00,94531.30,7460.762
1763308800000,94531.20,94902.50,94000.00,94185.40,13185.838
1763312400000,94184.80,94506.80,93677.40,94328.00,10795.474
1763316000000,94327.90,95544.80,93714.70,94005.90,15171.473
1763319600000,94005.90,94564.90,93897.00,93994.50,5171.299
1763323200000,93994.50,94700.00,93921.10,94051.10,3375.180
1763326800000,94051.10,94171.50,93285.00,93472.90,10127.258
1763330400000,93473.00,94481.70,93000.00,94156.70,10305.345
1763334000000,94156.60,94528.80,92922.80,94221.70,10784.030
1763337600000,94221.70,95354.30,93730.00,95254.40,11129.984
1763341200000,95254.40,95470.20,94672.10,94732.50,4978.096
1763344800000,94732.50,95384.60,94673.50,94942.10,4065.999
1763348400000,94942.10,95539.30,94933.80,95472.10,4485.238
1763352000000,95472.00,95541.60,94850.00,95067.80,6105.491
1763355600000,95067.80,95236.00,94866.20,95088.60,2353.071
1763359200000,95088.60,95300.00,94851.60,95237.30,2555.776
1763362800000,95237.30,95838.00,95163.40,95587.90,4746.283
1763366400000,95587.90,95980.10,95476.10,95577.30,4409.841
1763370000000,95577.30,95841.30,95268.90,95608.00,4464.088
1763373600000,95608.00,95845.10,95500.10,95607.60,2562.350
1763377200000,95607.60,95909.10,95353.00,95530.10,3495.791
1763380800000,95530.00,95543.30,95223.00,95283.40,3355.267
1763384400000,95283.40,95340.00,93511.80,93913.50,18036.108
1763388000000,93913.60,96012.20,93713.30,94730.20,23450.771
1763391600000,94730.20,94977.20,93736.30,93915.70,14045.405
1763395200000,93915.80,94388.00,93016.00,94267.00,16571.506
1763398800000,94267.00,94357.90,92620.10,92724.00,12989.793
1763402400000,92724.00,93175.40,92366.80,92504.20,14020.401
1763406000000,92504.20,92617.90,91550.20,91656.20,16602.376
1763409600000,91656.20,92194.10,91250.00,91880.50,13058.115
1763413200000,91880.00,92227.70,91480.00,91925.70,6944.170
1763416800000,91925.60,92370.90,91777.00,92213.10,5473.223
1763420400000,92213.10,92261.60,91753.80,92169.70,5262.142
1763424000000,92169.80,92335.40,91126.00,92120.20,8624.107
1763427600000,92120.20,92186.10,91567.50,91681.20,6123.902
1763431200000,91681.20,91720.40,90640.70,90837.60,16348.372
1763434800000,90837.60,90900.00,89666.10,90811.90,23029.116
1763438400000,90811.80,90842.10,89012.00,90049.40,20592.352
1763442000000,90049.40,90455.00,89676.80,90185.90,8304.426
1763445600000,90185.80,90197.10,89333.10,89615.90,7011.137
1763449200000,89615.90,90500.50,89299.70,90459.10,8462.630
1763452800000,90459.20,91453.50,90459.10,91179.90,10800.180
1763456400000,91180.00,91450.10,90843.90,91361.70,7423.624
1763460000000,91361.60,91567.00,91203.70,91536.30,5264.884
1763463600000,91536.30,91565.50,91188.00,91473.60,4864.155
1763467200000,91474.10,91859.00,91056.10,91470.10,8345.275
1763470800000,91470.10,91616.50,90888.00,91438.40,7959.179
1763474400000,91438.40,92410.00,91166.20,91315.90,20508.752
1763478000000,91315.80,92991.70,90941.70,92851.40,21271.979
1763481600000,92851.50,93799.10,92532.00,93447.30,15350.629
1763485200000,93447.20,93609.00,92759.60,93215.70,7958.172
1763488800000,93215.70,93728.10,93103.00,93290.60,6160.819
1763492400000,93290.70,93576.00,92949.70,93143.10,3535.735
1763496000000,93143.10,93267.40,92616.00,92756.80,4017.178
1763499600000,92756.90,92997.90,92420.30,92459.00,3851.625
1763503200000,92459.00,93400.00,92446.90,93119.60,3333.842
1763506800000,93119.60,93131.40,92685.30,92916.90,3549.086
1763510400000,92916.80,92944.80,91838.60,92377.60,8621.302
1763514000000,92377.60,92617.20,91890.50,92410.20,5967.723
1763517600000,92410.10,92835.90,92223.20,92529.20,4124.031
1763521200000,92529.20,92604.70,91600.00,91842.20,5809.195
1763524800000,91842.10,91934.10,91115.20,91120.30,7357.344
1763528400000,91120.40,91237.40,89966.00,90415.70,18260.141
1763532000000,90415.70,91064.00,90228.50,90938.50,10869.520
1763535600000,90938.50,91987.20,90903.40,91826.60,9571.352
1763539200000,91826.60,91920.00,91226.30,91435.40,7193.918
1763542800000,91435.40,91480.00,91038.90,91480.00,5907.166
1763546400000,91479.90,91650.00,91188.00,91267.00,3459.424
1763550000000,91267.00,91784.60,91260.90,91372.40,3118.733
1763553600000,91372.30,91832.80,91166.00,91737.00,3690.323
1763557200000,91737.00,91863.20,91200.00,91362.00,5442.681
1763560800000,91361.90,91828.90,91006.40,91670.60,9950.245
1763564400000,91670.60,92348.20,89822.00,89901.00,23195.006
1763568000000,89901.00,90202.50,89416.00,89863.20,17947.296
1763571600000,89863.10,90098.50,88820.80,89459.90,17365.879
1763575200000,89459.80,89696.10,88765.00,89214.40,10803.388
1763578800000,89214.40,89349.10,88600.00,88857.70,8054.095
1763582400000,88857.80,89673.80,88564.40,89472.80,11651.717
1763586000000,89472.80,90806.10,89401.70,90553.90,13373.887
1763589600000,90553.80,90598.20,90055.60,90434.30,4079.742
1763593200000,90434.40,91554.90,90434.40,91508.90,10624.342
1763596800000,91509.00,92272.60,91140.20,91850.10,8235.025
1763600400000,91850.10,92689.40,91777.10,92556.00,7644.115
1763604000000,92556.00,92760.00,92288.00,92555.90,6149.595
1763607600000,92556.00,92692.30,92330.00,92404.60,4808.780
1763611200000,92404.70,92960.00,92093.50,92936.70,8802.741
1763614800000,92936.60,93150.00,92533.70,92581.70,6193.369
1763618400000,92581.60,92820.00,91640.20,91938.10,8359.551
1763622000000,91938.20,92397.90,91753.40,92267.40,4640.205
1763625600000,92267.50,92363.10,92000.00,92082.30,3414.950
1763629200000,92082.20,92091.80,91388.50,91874.10,6394.475
1763632800000,91874.10,92030.90,91550.00,91770.00,4066.937
1763636400000,91770.10,91987.80,91452.30,91892.60,3225.671
1763640000000,91892.70,91968.20,91650.00,91797.30,3166.768
1763643600000,91797.30,92498.60,91440.00,91479.70,11130.166
1763647200000,91479.60,91651.50,90400.00,91064.50,22106.489
1763650800000,91064.40,91145.10,89804.10,89835.40,14554.208
1763654400000,89835.50,89885.70,87450.00,87855.50,43473.577
1763658000000,87855.50,88153.90,86281.90,87186.10,36531.530
1763661600000,87186.10,87713.00,86260.90,86445.70,18256.762
1763665200000,86445.70,87124.60,86066.60,86880.30,15802.443
1763668800000,86880.20,87088.10,86291.70,86432.80,10636.233
1763672400000,86432.80,87630.90,86401.30,87235.00,8733.897
1763676000000,87234.60,88214.10,87157.80,88033.80,8847.802
1763679600000,88033.70,88136.40,86522.40,86601.30,11337.738
1763683200000,86601.40,87465.40,86552.00,87249.90,7827.531
1763686800000,87249.90,87438.00,86800.00,87017.40,5340.269
1763690400000,87017.40,87038.00,85288.00,85396.40,21256.653
1763694000000,85396.30,86109.00,85394.90,85782.50,11154.885
1763697600000,85782.40,86094.00,85347.90,86016.60,7347.024
1763701200000,86016.70,86313.20,85794.00,86148.20,5742.823
1763704800000,86148.30,86219.40,85501.00,85541.30,6291.553
1763708400000,85541.40,85734.80,81111.00,84006.70,58984.375
1763712000000,84006.70,84667.10,83550.60,83609.60,19288.712
1763715600000,83609.60,83958.80,82074.30,82188.70,25358.523
1763719200000,82188.70,82881.90,81601.70,82673.10,26465.730
1763722800000,82673.10,83332.80,82157.70,82279.10,13011.227
1763726400000,82279.20,83569.20,80600.00,83240.10,46930.281
1763730000000,83240.10,84384.60,83060.30,84065.20,23363.458
1763733600000,84065.30,85449.20,83508.70,84801.00,31082.717
1763737200000,84801.00,85063.50,82699.90,82905.10,28161.414
1763740800000,82905.00,84900.10,82300.00,84883.10,28706.872
1763744400000,84883.00,85548.40,84524.50,84842.70,21192.728
1763748000000,84842.80,85055.60,83250.10,84534.20,22618.862
1763751600000,84534.20,84982.00,84025.90,84167.20,8215.863
1763755200000,84167.10,84618.20,83418.40,84529.00,11924.183
1763758800000,84529.00,85374.50,84312.20,85142.40,6605.103
1763762400000,85142.50,85369.60,84215.10,84242.30,7049.447
1763766000000,84242.20,85322.40,84078.00,85093.50,5884.091
1763769600000,85093.60,85599.90,84500.90,84695.10,7646.934
1763773200000,84695.10,85175.20,84537.40,85143.00,4233.382
1763776800000,85143.50,85172.80,84243.30,84492.00,4403.321
1763780400000,84492.00,84579.40,84180.00,84414.10,3614.250
1763784000000,84414.00,84524.90,83792.00,84206.70,5858.185
1763787600000,84206.70,84284.10,83833.80,84250.00,3480.501
1763791200000,84250.00,84764.30,84040.30,84597.50,4292.455
1763794800000,84597.40,84632.70,84355.40,84537.40,2334.151
1763798400000,84537.40,84546.40,83896.60,83979.30,4647.685
1763802000000,83979.30,84315.60,83821.30,83898.50,4333.553
1763805600000,83898.60,84187.30,83456.00,83666.10,6219.994
1763809200000,83666.00,84328.50,83552.70,84066.20,5462.812
1763812800000,84066.20,84131.00,83578.50,83845.20,4759.960
1763816400000,83845.20,84100.00,83607.40,83908.00,3808.204
1763820000000,83907.90,84712.70,83892.50,84451.50,6387.293
1763823600000,84451.40,84535.70,83968.60,84239.90,3626.999
1763827200000,84239.90,84888.00,84175.00,84659.70,3867.911
1763830800000,84659.60,84690.00,84385.20,84515.50,2549.043
1763834400000,84515.20,84648.40,84425.90,84624.80,1368.798
1763838000000,84624.80,84761.80,84463.60,84566.70,1277.356
1763841600000,84566.80,84779.80,84193.80,84426.70,2127.776
1763845200000,84426.70,84481.10,84195.40,84370.00,1464.153
1763848800000,84370.10,85238.30,84234.80,85020.60,3648.478
1763852400000,85020.50,85139.90,84618.00,84689.40,2783.861
1763856000000,84689.40,85286.80,84622.00,84929.10,4931.119
1763859600000,84929.20,86200.00,84910.80,85837.50,7771.988
1763863200000,85837.50,86300.00,85629.30,85948.40,7590.733
1763866800000,85948.50,86261.00,85764.10,86261.00,3906.257
1763870400000,86261.00,86826.80,86104.80,86499.30,9344.478
1763874000000,86499.40,86540.50,85935.00,86315.30,4479.883
1763877600000,86315.20,86458.70,85819.80,85819.80,4422.867
1763881200000,85819.80,85881.50,85348.70,85732.00,6355.218
1763884800000,85732.10,86158.70,85724.70,86100.00,4861.159
1763888400000,86100.00,86438.50,86031.60,86348.20,3362.555
1763892000000,86348.20,86410.00,86000.00,86023.90,3830.884
1763895600000,86024.00,86379.90,85777.90,86290.30,4619.143
1763899200000,86290.30,86858.00,86222.00,86485.10,8362.020
1763902800000,86485.10,86899.00,86270.40,86887.90,5122.232
1763906400000,86887.90,87178.90,86444.00,86512.20,8131.938
1763910000000,86512.30,87222.00,86406.10,87042.80,5229.063
1763913600000,87042.80,87472.00,86632.90,86647.40,9393.025
1763917200000,86647.40,86920.40,86458.00,86699.40,5181.512
1763920800000,86699.40,87223.30,86673.50,86950.80,3789.934
1763924400000,86950.70,87653.90,86888.00,87276.70,6178.834
1763928000000,87276.70,87652.90,87175.60,87435.00,4040.626
1763931600000,87435.10,87950.00,87100.00,87945.00,4281.486
1763935200000,87944.90,88100.00,87511.60,87964.70,5157.216
1763938800000,87964.70,88049.80,86700.00,86807.70,8585.903
1763942400000,86807.60,87189.10,85915.00,86701.80,12992.239
1763946000000,86701.70,87054.00,86360.90,87033.60,6912.366
1763949600000,87033.60,88049.50,86976.80,87483.60,12188.227
1763953200000,87483.60,87756.40,87150.70,87408.80,4665.881
1763956800000,87408.70,87555.40,86400.00,86682.70,7476.253
1763960400000,86682.60,87795.90,86624.60,87425.30,7194.677
1763964000000,87425.40,87475.10,86736.90,86862.10,6034.819
1763967600000,86862.10,87311.10,86642.10,87004.60,5389.417
1763971200000,87004.60,87004.60,86674.40,86916.50,3807.190
1763974800000,86916.40,86916.40,85760.00,85913.70,10392.660
1763978400000,85913.80,86164.70,85654.10,86017.10,6800.987
1763982000000,86017.10,86409.30,85796.20,86232.50,4189.210
1763985600000,86232.50,86290.00,85840.00,85967.30,5965.959
1763989200000,85967.20,86544.20,85919.00,86114.70,6591.232
1763992800000,86114.70,86634.10,85226.40,86128.00,18662.051
1763996400000,86127.90,86700.00,85858.80,86571.00,16200.568
1764000000000,86571.10,87678.70,86571.00,87123.20,15634.382
1764003600000,87123.30,88402.70,86888.00,88314.90,14748.332
1764007200000,88315.00,88669.60,88128.40,88658.90,11677.785
1764010800000,88658.80,88788.00,87990.70,88277.00,9393.469
1764014400000,88277.10,89177.30,88277.10,89018.70,11481.904
1764018000000,89018.60,89073.30,88670.00,88713.30,4489.722
1764021600000,88713.30,89053.30,88548.60,88584.70,3532.581
1764025200000,88584.70,88650.50,88205.30,88247.10,4691.421
1764028800000,88247.10,88247.10,87825.00,88057.90,5747.562
1764032400000,88058.00,88172.60,87666.00,87687.50,4813.754
1764036000000,87687.60,87900.00,87378.80,87864.40,5197.445
1764039600000,87864.30,88014.20,87500.00,87775.10,3955.216
1764043200000,87775.00,88477.60,87739.60,88298.90,5461.340
1764046800000,88298.90,88299.00,87884.10,88078.30,2521.941
1764050400000,88078.30,88110.10,87757.80,87963.80,2699.732
1764054000000,87963.80,88022.20,87240.00,87362.20,6381.878
1764057600000,87362.20,87585.70,86959.90,86978.60,6424.000
1764061200000,86978.60,87218.30,86628.40,87194.30,9531.828
1764064800000,87194.30,87384.20,86904.70,87358.60,4882.576
1764068400000,87358.50,87488.50,87257.80,87311.90,2948.769
1764072000000,87312.00,87732.70,87310.50,87470.60,4591.709
1764075600000,87470.60,87675.00,86806.20,87027.80,8757.527
1764079200000,87027.80,87261.30,86061.10,86695.00,16137.107
1764082800000,86694.90,87267.80,86150.00,86946.50,10237.762
1764086400000,86946.60,87255.00,86661.10,87081.00,6166.560
1764090000000,87080.90,88115.00,87000.10,87581.10,9631.952
1764093600000,87581.10,87796.20,87182.30,87195.50,4601.734
1764097200000,87195.60,87300.60,86132.70,86835.00,9681.879
1764100800000,86835.10,87428.60,86660.60,87330.80,5697.656
1764104400000,87330.60,87407.10,86936.90,86993.50,3206.186
1764108000000,86993.40,87686.50,86542.00,87606.20,5786.504
1764111600000,87606.20,87869.40,87284.90,87324.10,4575.038
1764115200000,87324.10,87734.10,87315.00,87536.70,4074.701
1764118800000,87536.70,88200.00,87291.10,87878.70,4965.291
1764122400000,87878.60,88046.60,87610.00,87672.50,3416.717
1764126000000,87672.60,87852.00,87022.20,87088.50,4684.266
1764129600000,87088.40,87323.30,86851.10,87190.00,4944.626
1764133200000,87190.00,87711.10,87175.00,87479.90,3523.467
1764136800000,87479.90,87857.30,87410.10,87762.40,2809.766
1764140400000,87762.40,87947.00,87661.00,87896.20,2827.734
1764144000000,87896.20,87909.20,87368.00,87380.60,3232.013
1764147600000,87380.50,87413.90,86700.90,86799.90,5837.826
1764151200000,86799.90,87023.20,86630.00,86916.10,5046.655
1764154800000,86916.10,87062.40,86804.00,87049.20,3338.458
1764158400000,87049.10,87134.50,86260.90,86601.10,8699.878
1764162000000,86601.00,87087.30,86517.90,87082.00,6214.826
1764165600000,87082.10,87646.80,86716.00,86858.10,10907.573
1764169200000,86858.00,87318.00,86596.60,86926.20,10464.855
1764172800000,86926.30,87939.30,86914.30,87778.90,9993.612
1764176400000,87778.90,89927.60,87663.40,89792.50,22581.303
1764180000000,89792.40,90362.70,89630.30,90103.40,15698.211
1764183600000,90103.50,90150.10,89692.30,89923.30,6038.940
1764187200000,89923.30,90069.20,89458.70,89811.00,6189.541
1764190800000,89811.00,90468.40,89759.00,90142.80,5919.253
1764194400000,90142.80,90655.40,90074.60,90330.50,4457.393
1764198000000,90330.50,90555.00,90263.00,90438.10,3279.628
1764201600000,90438.00,90533.00,90024.40,90426.60,5456.217
1764205200000,90426.50,91195.10,90324.00,91094.80,8712.023
1764208800000,91094.70,91850.00,90832.20,91335.40,12868.617
1764212400000,91335.30,91557.00,91000.00,91049.30,5709.070
1764216000000,91049.30,91314.80,91013.10,91233.00,2930.915
1764219600000,91232.90,91520.00,90843.80,90932.00,5935.559
1764223200000,90932.00,91399.30,90928.80,91198.60,2945.908
1764226800000,91198.60,91461.90,91091.60,91361.50,2365.018
1764230400000,91361.40,91477.10,91177.20,91440.20,3046.426
1764234000000,91440.30,91931.90,91440.00,91523.60,7682.239
1764237600000,91523.70,91704.00,91299.00,91566.00,4691.199
1764241200000,91566.10,91577.20,91261.80,91334.90,2718.253
1764244800000,91334.90,91418.40,90914.20,90954.60,6273.668
1764248400000,90954.70,91043.10,90410.60,90813.70,10412.143
1764252000000,90813.60,90945.40,90531.10,90744.60,3948.387
1764255600000,90744.60,90943.50,90586.10,90912.90,3395.519
1764259200000,90913.00,91520.00,90800.40,91410.10,8192.379
1764262800000,91410.00,91597.80,91252.00,91431.00,3028.190
1764266400000,91430.90,91800.00,91297.30,91741.10,3943.890
1764270000000,91741.00,91741.00,91456.60,91489.00,2026.573
1764273600000,91489.00,91554.80,91353.00,91387.60,1644.488
1764277200000,91387.60,91562.80,91156.40,91373.40,1851.839
1764280800000,91373.50,91550.00,91058.40,91285.00,2033.995
1764284400000,91285.00,91524.00,91173.90,91292.20,1872.717
1764288000000,91292.20,91386.60,91023.40,91173.30,1933.464
1764291600000,91173.20,91173.30,90750.00,90754.30,3980.413
1764295200000,90754.30,91111.50,90612.20,91035.70,5368.834
1764298800000,91035.80,91266.00,90955.50,91168.00,2474.445
1764302400000,91168.00,91450.00,91084.50,91381.40,2347.394
1764306000000,91381.50,91690.00,91258.90,91576.60,3477.922
1764309600000,91576.70,91576.70,91117.10,91255.30,3145.946
1764313200000,91255.30,91529.90,90824.10,90870.20,4539.641
1764316800000,90870.20,91680.00,90863.60,91649.90,6396.331
1764320400000,91649.90,91855.00,91369.60,91560.80,4769.501
1764324000000,91560.90,91830.60,91434.10,91802.80,2772.559
1764327600000,91802.70,92000.00,91007.40,91382.90,7651.013
1764331200000,91383.00,91647.50,91351.40,91468.40,2874.520
1764334800000,91468.60,92679.30,91314.40,92329.20,13541.666
1764338400000,92329.20,93080.00,91770.00,92202.10,21397.368
1764342000000,92202.00,92743.60,91919.40,92299.90,10309.245
1764345600000,92299.80,92323.60,90815.20,90880.10,15227.043
1764349200000,90880.10,91162.90,90155.00,90620.50,15459.650
1764352800000,90621.20,90935.00,90368.90,90787.80,7162.159
1764356400000,90787.80,91163.50,90778.20,91106.10,3397.321
1764360000000,91106.00,91176.70,90816.00,91147.60,2545.229
1764363600000,91147.50,91209.00,90831.60,90831.80,1813.325
1764367200000,90831.70,91106.90,90657.60,91073.50,2808.400
1764370800000,91073.50,91145.00,90840.00,90847.80,1526.958
1764374400000,90847.80,90930.30,90720.60,90837.50,1558.016
1764378000000,90837.40,91078.40,90750.10,90839.20,1387.660
1764381600000,90839.30,90888.40,90500.00,90751.40,2983.456
1764385200000,90751.40,90829.00,90616.80,90638.00,1124.769
1764388800000,90638.10,90877.00,90505.30,90859.60,1527.600
1764392400000,90859.50,90884.80,90683.90,90712.50,1261.848
1764396000000,90712.50,90790.40,90265.20,90513.30,4593.029
1764399600000,90513.30,90625.00,90327.00,90523.50,1897.926
1764403200000,90523.40,90691.50,90430.50,90592.60,1995.209
1764406800000,90592.60,90631.80,90455.50,90518.10,1198.388
1764410400000,90518.10,90610.00,90335.20,90510.20,1668.397
1764414000000,90510.20,90645.60,90414.00,90633.70,1423.016
1764417600000,90633.80,90769.30,90484.30,90572.50,1740.065
1764421200000,90572.60,90769.80,90543.80,90738.50,1831.865
1764424800000,90738.50,90738.50,90572.80,90582.20,1251.446
1764428400000,90582.20,91068.10,90582.20,91030.00,3932.194
1764432000000,91030.00,91130.00,90821.40,90962.10,2347.701
1764435600000,90962.10,90985.00,90381.10,90381.20,4017.276
1764439200000,90381.10,90685.90,90092.70,90652.90,6716.804
1764442800000,90652.90,90819.90,90562.70,90602.90,1721.036
1764446400000,90602.90,91007.40,90363.00,90921.70,3814.515
1764450000000,90921.80,91020.00,90773.60,90970.00,1991.457
1764453600000,90970.00,90970.00,90666.00,90717.20,1321.344
1764457200000,90717.20,90859.20,90653.00,90765.00,891.662
1764460800000,90764.90,90907.30,90730.00,90853.60,1130.577
1764464400000,90853.60,91016.00,90825.90,90866.00,1360.241
1764468000000,90866.00,90994.10,90700.00,90745.20,1124.351
1764471600000,90745.20,90881.10,90414.00,90873.00,3124.090
1764475200000,90872.90,90935.80,90741.10,90808.20,1021.987
1764478800000,90808.10,90808.10,90626.20,90742.70,930.053
1764482400000,90742.70,90898.30,90675.10,90853.00,969.939
1764486000000,90853.00,90999.40,90815.90,90924.50,1338.834
1764489600000,90924.50,91428.20,90879.30,91132.50,5405.787
1764493200000,91132.60,91580.00,91065.90,91353.50,5132.751
1764496800000,91353.30,91416.40,91143.60,91185.40,1681.031
1764500400000,91185.40,91347.50,90926.30,91000.90,2044.542
1764504000000,91000.90,91495.70,90960.00,91432.40,3567.315
1764507600000,91432.30,91934.40,91356.80,91726.90,7346.136
1764511200000,91726.90,91734.50,91208.80,91459.70,3398.219
1764514800000,91459.70,91577.00,91278.00,91405.80,2149.771
1764518400000,91405.90,91818.80,91364.30,91789.40,3168.217
1764522000000,91789.50,91789.50,91270.00,91444.10,2771.768
1764525600000,91444.10,91444.10,91088.10,91420.30,1989.107
1764529200000,91420.20,91461.30,91259.20,91423.20,1028.572
1764532800000,91423.10,91592.30,91133.60,91272.70,1744.664
1764536400000,91272.70,91293.20,90825.10,91139.10,3563.684
1764540000000,91139.00,91300.00,91000.90,91178.90,1585.663
1764543600000,91179.00,91213.20,90300.00,90320.60,8562.419
1764547200000,90320.50,90396.90,86939.60,86970.70,43263.872
1764550800000,86970.60,87713.90,86900.00,87134.00,14009.800
1764554400000,87134.00,87472.10,86428.70,86685.60,13283.858
1764558000000,86685.70,86791.20,86126.00,86319.20,9665.362
1764561600000,86319.10,86331.10,85666.00,85767.70,10853.729
1764565200000,85767.70,85979.00,85563.70,85966.90,7100.667
1764568800000,85966.80,86314.40,85929.50,86189.90,8181.552
1764572400000,86190.00,86524.60,86006.80,86487.60,5673.479
1764576000000,86487.30,86842.00,86339.50,86811.00,5624.916
1764579600000,86811.00,86886.00,86459.10,86659.10,4945.855
1764583200000,86659.20,86770.50,86500.80,86599.00,2313.357
1764586800000,86599.00,86658.00,86090.00,86100.10,6891.388
1764590400000,86100.00,86193.00,84700.10,85396.20,22053.365
1764594000000,85396.30,86129.80,85310.20,85943.20,13416.465
1764597600000,85943.70,86625.00,85810.60,86017.30,16433.755
1764601200000,86017.40,86089.90,83786.00,84650.00,31532.320
1764604800000,84650.00,85436.60,84011.00,84540.30,20660.477
1764608400000,84540.40,85236.60,84414.10,84902.80,8904.094
1764612000000,84902.60,85528.70,84677.80,85159.20,11362.663
1764615600000,85159.10,85262.30,84566.40,84985.00,5679.577
1764619200000,84985.00,85801.50,84966.80,85474.10,11259.289
1764622800000,85474.10,86462.70,85456.00,86380.10,12408.489
1764626400000,86380.10,86817.00,86238.10,86518.20,6600.985
1764630000000,86518.40,86778.00,86200.00,86241.60,4727.852
1764633600000,86241.50,86630.10,86140.10,86472.00,4710.893
1764637200000,86471.90,87384.00,86346.10,86409.90,9038.996
1764640800000,86409.90,86823.00,86223.20,86501.20,4338.017
1764644400000,86501.10,87066.50,86159.90,86936.00,5559.273
1764648000000,86935.90,87245.90,86859.20,86924.90,4311.149
1764651600000,86924.80,87081.40,86772.00,86968.70,2698.348
1764655200000,86968.60,87148.70,86820.00,87043.70,2677.164
1764658800000,87043.70,87075.00,86834.50,86965.00,2293.045
1764662400000,86965.00,87018.10,86321.00,86438.00,8634.229
1764666000000,86438.10,86964.10,86416.70,86734.40,4493.427
1764669600000,86734.40,87640.00,86724.40,87241.80,6046.356
1764673200000,87241.80,87576.50,86908.80,87326.90,5394.849
1764676800000,87327.00,87516.00,87130.30,87225.60,4157.198
1764680400000,87225.60,87870.20,87005.00,87691.30,8505.955
1764684000000,87691.20,89246.10,87560.00,89225.10,28304.844
1764687600000,89225.10,91211.30,89225.00,90809.20,37597.047
1764691200000,90809.20,91309.40,90156.40,90713.90,17983.841
1764694800000,90713.80,91969.00,90698.70,91417.50,17158.288
1764698400000,91417.50,92253.70,91299.90,91905.00,12393.917
1764702000000,91905.00,92273.20,91791.00,91849.90,7369.576
1764705600000,91849.90,91883.80,90643.50,90976.10,18067.170
1764709200000,90976.10,91573.60,90904.30,91500.20,5518.836
1764712800000,91500.20,91970.40,91443.50,91932.70,6609.794
1764716400000,91932.70,91943.60,91231.00,91249.10,4238.953
1764720000000,91249.10,91716.00,90954.80,91620.30,6354.318
1764723600000,91620.30,92465.60,91418.70,92215.30,7931.300
1764727200000,92215.50,93020.00,92101.20,92784.20,11534.707
1764730800000,92784.10,93068.90,92545.60,92589.20,4788.019
1764734400000,92589.20,93456.00,92578.00,93302.20,9846.885
1764738000000,93302.10,93632.50,93051.90,93591.00,9868.355
1764741600000,93591.10,93932.70,93092.50,93386.00,11294.072
1764745200000,93386.00,93418.60,92820.00,92969.90,6957.400
1764748800000,92970.00,93147.80,92636.60,92740.80,6387.022
1764752400000,92740.80,93179.70,92672.30,93132.10,5292.068
1764756000000,93132.10,93338.40,92807.30,92899.90,5446.204
1764759600000,92899.90,93009.80,92602.80,92957.70,4242.624
1764763200000,92957.60,93069.70,92637.90,92882.30,4066.967
1764766800000,92882.20,93225.40,92828.60,93077.60,5017.270
1764770400000,93077.70,93653.60,91637.40,92300.00,36289.083
1764774000000,92300.00,92943.40,91873.90,92332.90,13040.258
1764777600000,92333.00,92712.80,91733.20,92212.40,8735.712
1764781200000,92212.40,93000.00,92159.90,92919.50,8980.413
1764784800000,92919.40,93471.10,92315.30,92584.80,9731.934
1764788400000,92584.80,93062.90,92489.30,92995.80,3242.163
1764792000000,92995.80,93345.30,92784.30,92928.20,4208.583
1764795600000,92928.80,93725.00,92801.00,93645.00,4692.065
1764799200000,93645.00,94185.00,93232.80,93738.40,7360.675
1764802800000,93738.50,94061.20,93297.80,93376.70,5990.220
1764806400000,93376.80,93431.80,92628.00,93013.90,7217.528
1764810000000,93013.90,93725.00,92940.40,93150.00,5626.738
1764813600000,93150.00,94040.00,93072.80,93896.10,6764.568
1764817200000,93896.10,94038.80,93351.00,93499.90,4892.482
1764820800000,93500.00,93549.20,93170.00,93317.80,2876.026
1764824400000,93317.80,93339.70,92737.00,92932.40,4737.601
1764828000000,92932.40,93333.00,92800.10,93103.10,5104.689
1764831600000,93103.00,93386.60,92852.40,93358.60,3283.133
1764835200000,93358.50,93578.40,93002.50,93220.70,3639.549
1764838800000,93220.70,93600.00,93201.00,93408.60,4173.181
1764842400000,93408.60,93531.70,93111.10,93210.70,3032.719
1764846000000,93210.70,93269.50,92666.10,92894.90,5479.818
1764849600000,92894.90,93155.00,92725.40,92947.90,3391.405
1764853200000,92947.80,93011.40,92366.00,92480.40,9296.970
1764856800000,92480.40,92788.10,91762.00,91859.40,11574.866
1764860400000,91859.30,93256.30,91845.80,92933.50,14481.987
1764864000000,92933.40,93143.40,92220.00,92390.00,8874.472
1764867600000,92389.90,92500.00,91700.00,92384.50,8394.730
1764871200000,92384.60,92516.80,91909.80,92093.40,4692.856
1764874800000,92093.40,92140.50,90822.50,91941.50,16520.762
1764878400000,91941.50,92500.00,91649.80,92431.70,5934.234
1764882000000,92431.80,92676.80,92036.10,92111.20,3212.793
1764885600000,92111.20,92458.30,92103.20,92295.50,1882.988
1764889200000,92295.50,92419.60,92022.30,92034.70,1686.332
1764892800000,92034.70,92444.00,92015.00,92259.90,2038.607
1764896400000,92259.80,92566.00,92188.80,92322.20,2356.135
1764900000000,92322.10,92665.50,92215.00,92476.10,2597.816
1764903600000,92476.10,92625.00,91917.70,92104.90,3964.294
1764907200000,92104.80,92350.00,91750.60,91985.50,4493.546
1764910800000,91985.60,92164.50,91829.60,91902.60,2250.834
1764914400000,91902.70,92244.80,91865.30,92235.60,2391.333
1764918000000,92235.60,92455.40,92158.50,92227.50,3170.626
1764921600000,92227.60,92227.60,91857.60,92080.00,2574.718
1764925200000,92079.90,92080.00,90940.40,91086.40,9970.684
1764928800000,91086.40,91456.80,91042.80,91240.10,5076.979
1764932400000,91240.00,91527.30,91081.10,91307.90,3929.661
1764936000000,91308.00,91388.70,91015.70,91194.60,2561.365
1764939600000,91194.60,91319.90,90195.30,90433.60,13668.127
1764943200000,90433.60,90706.60,89863.00,90246.00,15190.710
1764946800000,90246.00,91445.20,90210.60,90414.00,23870.942
1764950400000,90413.90,90460.00,87976.30,88757.50,39320.724
1764954000000,88757.60,89509.60,88558.80,89279.30,11156.765
1764957600000,89279.30,89750.60,88839.00,88894.90,9004.250
1764961200000,88895.00,89762.00,88773.60,89590.50,6965.468
1764964800000,89590.50,89706.00,89150.00,89267.80,4901.363
1764968400000,89267.80,89448.80,89038.80,89145.10,3041.434
1764972000000,89145.10,89335.50,88856.70,89199.30,2748.884
1764975600000,89199.30,89342.00,88900.00,89288.50,1879.792
1764979200000,89288.60,89441.90,88986.10,89382.20,2867.558
1764982800000,89382.20,89468.30,89160.90,89295.70,2013.697
1764986400000,89296.20,89374.90,89130.10,89354.60,1865.381
1764990000000,89354.70,89758.00,89350.20,89636.50,3451.579
1764993600000,89636.50,89670.00,89468.40,89612.20,1821.073
1764997200000,89612.30,89696.70,89484.20,89556.70,1370.950
1765000800000,89556.70,89732.40,89476.20,89643.10,1411.580
1765004400000,89643.10,89680.20,89410.80,89549.60,1452.224
1765008000000,89549.50,89608.00,89165.90,89238.30,3410.824
1765011600000,89238.30,89639.30,89220.60,89532.90,2485.552
1765015200000,89533.00,89650.00,89421.90,89466.00,1288.750
1765018800000,89466.00,89679.00,89451.40,89585.40,1473.789
1765022400000,89585.40,89600.00,89512.90,89528.40,990.665
1765026000000,89528.40,89745.60,89528.30,89619.50,2026.047
1765029600000,89619.50,90257.30,89603.80,89948.60,7028.216
1765033200000,89948.70,89993.20,89424.20,89713.40,4742.672
1765036800000,89713.30,89940.30,89619.60,89660.80,1979.892
1765040400000,89660.90,89798.00,89558.10,89661.70,1641.909
1765044000000,89661.80,89751.90,89475.40,89610.00,1202.162
1765047600000,89609.90,89710.10,89203.00,89369.40,3799.482
1765051200000,89369.50,89527.40,89277.90,89509.50,1154.732
1765054800000,89509.40,89578.30,89351.70,89377.30,956.320
1765058400000,89377.20,89487.80,89212.30,89245.10,1406.096
1765062000000,89245.10,89293.40,88870.10,89197.10,4985.717
1765065600000,89197.10,89520.00,89131.50,89354.30,1987.394
1765069200000,89354.30,89543.80,89251.00,89251.00,1179.488
1765072800000,89251.00,89656.20,89251.00,89580.10,1230.354
1765076400000,89580.10,89704.50,89505.60,89675.60,1351.149
1765080000000,89675.70,89750.00,89439.60,89495.20,1622.610
1765083600000,89495.20,89525.60,89380.00,89469.20,1180.964
1765087200000,89469.20,89668.10,89443.90,89668.10,1095.315
1765090800000,89668.10,89697.70,89155.00,89337.10,2654.707
1765094400000,89337.10,89494.40,89140.30,89269.40,2099.917
1765098000000,89269.40,89360.00,89012.90,89070.00,2208.222
1765101600000,89070.10,89359.30,89061.50,89195.50,2240.142
1765105200000,89195.60,89237.20,89101.50,89109.40,1110.743
1765108800000,89109.30,89557.90,89074.60,89428.80,2185.919
1765112400000,89428.80,89472.00,88476.00,89011.00,6537.237
1765116000000,89011.00,89069.50,87688.00,88187.50,17333.453
1765119600000,88187.50,89700.00,88129.70,89505.00,15268.952
1765123200000,89505.00,89880.00,89065.20,89849.30,6509.369
1765126800000,89849.30,91261.00,89565.20,90904.20,17768.400
1765130400000,90904.20,91722.00,90904.10,91327.60,9436.245
1765134000000,91327.70,91503.40,91170.20,91379.70,2882.260
1765137600000,91379.80,91473.20,91263.10,91392.00,1698.524
1765141200000,91392.10,91392.10,89806.00,90189.20,8900.689
1765144800000,90189.20,90204.80,88890.00,89551.80,15472.765
1765148400000,89551.70,90444.40,89473.40,90345.40,5637.187
1765152000000,90345.40,90572.20,89806.40,90302.70,4874.338
1765155600000,90302.60,91650.00,90255.80,90869.10,8511.385
1765159200000,90869.00,91415.60,90737.50,91327.00,4708.459
1765162800000,91327.00,91383.00,90947.00,91039.40,2557.201
1765166400000,91039.30,91444.10,90979.20,91247.70,2273.472
1765170000000,91247.80,91410.00,91006.30,91290.60,2725.418
1765173600000,91290.60,91612.90,91205.50,91434.60,3112.497
1765177200000,91434.60,91868.00,91310.20,91519.80,4866.371
1765180800000,91519.80,91906.60,91433.60,91782.10,3146.059
1765184400000,91782.00,92262.60,91741.60,91865.30,6317.439
1765188000000,91865.30,92181.80,91756.10,92085.80,3583.364
1765191600000,92085.80,92139.90,91806.10,91923.50,3021.586
1765195200000,91923.60,91948.40,91627.80,91729.50,4428.731
1765198800000,91729.40,92106.40,91231.70,91424.00,9313.048
1765202400000,91424.00,91753.00,90723.00,90809.00,17671.245
1765206000000,90809.10,90970.60,89553.80,89912.60,25626.172
1765209600000,89912.70,90438.80,89629.10,89929.20,11356.498
1765213200000,89929.30,90300.00,89641.90,90212.10,7388.884
1765216800000,90212.10,90471.60,89676.00,89873.50,7365.028
1765220400000,89873.50,90326.10,89805.40,90073.60,3605.142
1765224000000,90073.70,90877.10,90073.70,90745.70,5536.987
1765227600000,90745.70,91338.20,90618.00,91258.20,4937.795
1765231200000,91258.10,91333.00,90675.00,90788.60,2634.682
1765234800000,90788.60,90975.00,90439.30,90610.80,2912.938
1765238400000,90610.80,90810.80,90315.00,90359.40,3420.656
1765242000000,90359.50,90537.20,89922.40,90017.90,3959.238
1765245600000,90017.90,90338.50,89933.70,90026.10,2308.643
1765249200000,90026.10,90412.80,89774.10,90364.00,5951.351
1765252800000,90364.10,90472.90,89653.50,89875.40,6106.101
1765256400000,89875.30,90172.90,89368.90,89857.60,8536.465
1765260000000,89857.70,90200.00,89744.00,90124.80,2901.561
1765263600000,90124.80,90485.80,90048.50,90449.90,3366.722
1765267200000,90449.90,90584.80,90301.00,90459.10,3251.724
1765270800000,90459.00,90461.70,90090.50,90099.90,2835.097
1765274400000,90100.00,90307.40,89868.00,90255.70,2884.440
1765278000000,90255.60,90348.90,90089.20,90341.90,2018.344
1765281600000,90342.00,90695.60,90276.80,90532.70,4133.543
1765285200000,90532.70,90820.80,90122.00,90385.00,6568.386
1765288800000,90385.10,90597.00,89953.00,90327.10,7326.069
1765292400000,90327.10,92867.00,90244.80,92676.90,27286.767
1765296000000,92676.90,94439.00,92656.50,94146.80,31928.152
1765299600000,94146.90,94555.00,93505.00,93884.50,18596.110
1765303200000,93884.50,94128.50,93615.80,93887.30,6657.184
1765306800000,93887.20,94221.30,93604.00,93761.90,4842.052
1765310400000,93761.90,93819.10,92724.60,93075.20,11086.571
1765314000000,93075.20,93196.70,92199.00,92591.20,8445.669
1765317600000,92591.20,92999.50,92455.00,92832.00,4636.792
1765321200000,92832.00,92933.00,92500.00,92638.40,2882.626
1765324800000,92638.30,92748.20,91999.30,92084.50,6850.321
1765328400000,92084.50,92360.00,91900.00,92269.10,4063.792
1765332000000,92269.20,92530.00,91976.30,92457.60,3730.064
1765335600000,92457.60,92519.20,92300.00,92366.00,1814.299
1765339200000,92366.00,92628.60,92339.80,92507.30,2272.461
1765342800000,92507.40,92695.50,92472.80,92508.60,1947.167
1765346400000,92508.50,92700.00,92350.00,92648.00,2318.410
1765350000000,92648.00,92749.80,92446.10,92744.70,2528.253
1765353600000,92744.70,92759.00,92500.00,92565.00,2184.791
1765357200000,92565.10,92900.00,92377.90,92870.10,3415.485
1765360800000,92870.00,93278.90,92088.00,92230.50,9489.568
1765364400000,92230.40,92396.90,91721.00,92085.50,7861.902
1765368000000,92085.40,92177.80,91779.10,91952.10,3567.028
1765371600000,91952.20,92197.30,91903.20,92054.60,3931.323
1765375200000,92054.50,92073.80,91555.80,91794.00,6843.859
1765378800000,91794.00,92124.20,91520.00,92021.80,6419.307
1765382400000,92021.80,92574.20,91846.80,92126.70,7875.898
1765386000000,92126.70,92483.20,92049.40,92348.80,3707.154
1765389600000,92348.70,93000.00,91930.40,92448.80,10782.346
1765393200000,92448.80,93223.60,91605.00,92913.80,25428.266
1765396800000,92913.90,94443.70,92182.10,92409.10,26830.645
1765400400000,92409.10,92733.30,91825.00,92308.20,8637.026
1765404000000,92308.30,92659.30,91891.70,92472.20,5427.523
1765407600000,92472.20,92557.90,91900.00,91977.50,2561.892
1765411200000,91977.50,92046.30,91011.00,91350.10,9563.395
1765414800000,91350.10,91370.20,90600.00,90637.00,9373.912
1765418400000,90637.00,90637.00,89820.00,90034.40,12068.700
1765422000000,90034.40,90034.40,89321.00,89833.10,10759.023
1765425600000,89833.10,90445.60,89640.40,90386.60,7396.863
1765429200000,90386.60,90386.60,90016.90,90262.00,3051.080
1765432800000,90262.10,90412.60,89914.20,90252.10,3534.219
1765436400000,90252.00,90287.50,90011.70,90231.40,2204.922
1765440000000,90231.30,90232.30,89931.00,90152.50,3367.179
1765443600000,90152.60,90494.70,90101.50,90196.00,3795.818
1765447200000,90196.00,90309.20,90125.70,90279.20,2067.866
1765450800000,90279.10,90377.80,90163.90,90195.30,1780.299
1765454400000,90195.30,90346.80,89972.20,90000.80,2856.743
1765458000000,90000.70,90134.60,89827.90,90062.90,3862.943
1765461600000,90062.80,90450.00,89200.00,89514.50,15218.876
1765465200000,89514.40,90618.00,89363.80,89830.10,14728.520
1765468800000,89830.10,90150.00,89288.00,89704.20,9718.449
1765472400000,89704.20,90224.90,89588.00,89935.60,5024.292
1765476000000,89935.30,91150.00,89851.00,90657.90,11918.538
1765479600000,90657.90,91499.00,90531.40,90793.50,9947.018
1765483200000,90793.50,91806.10,90749.60,91740.90,10033.899
1765486800000,91740.90,93547.30,91644.60,92823.60,22695.042
1765490400000,92823.60,93169.30,92050.30,92325.40,9337.750
1765494000000,92325.40,92766.60,92289.80,92477.50,6842.722
1765497600000,92477.60,92598.70,91400.00,91521.00,9048.371
1765501200000,91521.00,92277.00,91482.90,92129.30,5414.566
1765504800000,92129.30,92700.00,91883.30,92542.20,5075.204
1765508400000,92542.20,92719.00,92126.70,92234.30,3275.849
1765512000000,92234.30,92424.30,92088.80,92355.60,2845.316
1765515600000,92355.70,92460.00,92028.40,92404.80,2659.739
1765519200000,92404.90,92685.50,92360.90,92468.70,2953.174
1765522800000,92468.70,92528.40,92213.20,92389.50,2743.231
1765526400000,92389.50,92447.00,92052.90,92311.40,3136.686
1765530000000,92311.40,92517.60,92050.00,92481.70,2631.698
1765533600000,92481.70,92600.00,92377.30,92454.70,2273.445
1765537200000,92454.70,92454.70,92234.50,92381.50,1645.364
1765540800000,92381.40,92391.40,92036.40,92389.90,3094.955
1765544400000,92389.90,92473.70,92196.00,92261.70,2293.637
1765548000000,92261.70,92630.00,91851.00,92393.00,9491.735
1765551600000,92393.00,92407.20,89688.00,89895.00,34325.461
1765555200000,89895.00,90397.30,89429.00,89996.80,20457.464
1765558800000,89996.80,90584.90,89777.00,90043.50,9773.241
1765562400000,90043.90,90617.70,89995.60,90323.70,6899.426
1765566000000,90323.80,90359.60,89955.60,90147.30,4768.392
1765569600000,90147.40,90286.70,89843.00,90160.00,5437.168
1765573200000,90160.00,90314.00,90059.80,90151.00,2100.107
1765576800000,90150.90,90357.50,90144.20,90294.50,1061.726
1765580400000,90294.70,90341.30,90187.40,90229.60,1438.155
1765584000000,90229.70,90398.00,90162.00,90276.90,1528.444
1765587600000,90276.90,90321.10,90077.00,90192.20,1801.067
1765591200000,90192.10,90282.00,90184.00,90195.00,1037.079
1765594800000,90194.90,90432.00,90165.30,90304.00,1224.590
1765598400000,90304.10,90379.50,90229.00,90334.80,1063.199
1765602000000,90334.80,90350.90,90226.80,90301.30,745.199
1765605600000,90301.40,90339.30,90232.30,90317.40,693.811
1765609200000,90317.50,90362.10,90274.50,90286.10,1294.391
1765612800000,90286.00,90536.00,90280.40,90413.90,3181.139
1765616400000,90414.00,90472.70,90338.00,90375.30,1107.853
1765620000000,90375.30,90599.00,90366.80,90546.70,1610.211
1765623600000,90546.70,90563.10,90239.00,90298.40,1994.163
1765627200000,90298.50,90441.90,90241.10,90309.80,1525.925
1765630800000,90309.80,90419.30,90153.60,90215.00,1941.466
1765634400000,90215.10,90305.50,89888.00,90048.50,3751.182
1765638000000,90048.50,90259.00,89999.00,90055.40,1802.831
1765641600000,90055.30,90236.60,89993.40,90054.00,1722.394
1765645200000,90054.10,90070.10,89944.00,90022.50,1281.928
1765648800000,90022.50,90163.00,90011.60,90089.10,838.651
1765652400000,90089.20,90195.60,90074.70,90150.90,733.989
1765656000000,90150.80,90187.30,90000.20,90058.40,796.766
1765659600000,90058.50,90150.00,89711.90,90137.80,2391.184
1765663200000,90137.90,90227.40,89957.30,90092.40,1163.293
1765666800000,90092.30,90248.00,90018.20,90191.30,1006.978
1765670400000,90191.30,90440.00,90071.60,90303.50,4471.692
1765674000000,90303.60,90405.00,90166.00,90256.60,1266.074
1765677600000,90256.50,90349.80,90200.00,90244.90,903.962
1765681200000,90245.00,90262.30,90200.00,90222.30,444.922
1765684800000,90222.40,90300.00,90086.00,90159.30,931.076
1765688400000,90159.30,90185.80,90005.80,90161.00,1564.205
1765692000000,90161.10,90202.00,90055.00,90105.00,752.592
1765695600000,90105.10,90235.60,90035.20,90205.10,752.066
1765699200000,90205.10,90250.00,90064.50,90072.40,940.348
1765702800000,90072.30,90112.30,89939.20,89991.40,1907.357
1765706400000,89991.40,90101.00,89740.00,89819.00,3430.770
1765710000000,89818.90,89825.00,88412.80,89308.20,18363.478
1765713600000,89308.30,89630.80,89055.40,89382.90,5797.350
1765717200000,89382.80,89459.40,89035.10,89450.50,3740.291
1765720800000,89450.40,89527.20,88838.70,89074.10,4954.839
1765724400000,89074.10,89146.60,88831.70,88985.20,2773.219
1765728000000,88985.20,89372.80,88435.00,88780.00,7360.863
1765731600000,88779.90,88991.40,88551.00,88760.70,4041.648
1765735200000,88760.70,89027.70,88666.60,88951.80,2687.242
1765738800000,88951.70,88951.80,88432.00,88598.70,3606.978
1765742400000,88598.70,88779.10,88272.20,88515.90,4214.170
1765746000000,88515.90,88672.10,88300.00,88403.70,2504.477
1765749600000,88403.60,88581.90,87920.00,88370.20,5448.732
1765753200000,88370.30,88586.80,87504.30,88118.80,9228.303
1765756800000,88118.80,88656.30,88025.30,88414.90,6845.761
1765760400000,88415.00,89291.90,88376.70,89189.10,7675.283
1765764000000,89189.00,89972.40,89180.20,89269.50,10463.711
1765767600000,89269.50,89497.20,89180.20,89239.90,2830.361
1765771200000,89240.00,89750.00,89229.50,89631.20,3284.332
1765774800000,89631.30,89713.00,89455.00,89576.90,2273.939
1765778400000,89576.90,89880.00,89428.40,89692.80,2308.575
1765782000000,89692.90,89787.10,89466.00,89703.00,3074.255
1765785600000,89702.90,89856.00,89604.80,89722.30,2342.125
1765789200000,89722.30,89940.00,89719.90,89815.60,2667.771
1765792800000,89815.70,89940.00,89640.60,89811.50,3610.907
1765796400000,89811.60,89861.90,89525.00,89606.00,3169.716
1765800000000,89606.00,89728.80,89384.50,89657.80,4316.407
1765803600000,89657.90,89699.00,89230.20,89388.00,5044.004
1765807200000,89388.10,89845.00,87800.00,88004.30,21117.372
1765810800000,88004.30,88179.40,86563.60,86996.60,36906.596
1765814400000,86996.50,87189.90,86000.00,86360.60,17766.480
1765818000000,86360.60,86487.20,85560.00,85734.30,13698.966
1765821600000,85734.20,86240.80,85073.00,86142.70,15236.983
1765825200000,86142.70,86521.20,85833.40,86104.20,9496.903
1765828800000,86104.20,86155.90,85574.70,85763.20,7258.176
1765832400000,85756.90,86275.00,85489.70,86209.60,6386.395
1765836000000,86209.70,86235.50,85781.40,86228.80,2499.812
1765839600000,86228.80,86437.10,86069.00,86389.90,3941.215
1765843200000,86390.00,86478.60,85802.10,85821.10,4320.646
1765846800000,85821.10,86135.60,85625.30,85850.10,3991.545
1765850400000,85850.00,86188.00,85762.80,85901.60,2848.832
1765854000000,85901.70,85979.90,85340.10,85837.70,5626.293
1765857600000,85837.60,85887.80,85226.00,85799.90,3919.108
1765861200000,85799.90,86171.10,85759.00,85983.80,4191.952
1765864800000,85983.80,86575.80,85983.80,86458.00,3569.203
1765868400000,86458.10,86577.00,85807.60,85964.80,5620.209
1765872000000,85964.90,86343.40,85874.60,86236.50,2898.256
1765875600000,86236.50,86392.00,86151.40,86307.60,2308.219
1765879200000,86307.70,87299.70,86230.60,86932.10,8888.908
1765882800000,86932.10,87295.80,86766.00,87216.60,4761.236
1765886400000,87216.60,87450.00,87023.20,87161.90,4025.675
1765890000000,87161.80,87776.30,86365.80,86410.40,17192.687
1765893600000,86410.40,87740.00,86055.90,87257.20,17661.302
1765897200000,87257.20,88143.90,86783.80,87936.30,15308.794
1765900800000,87936.30,88012.50,87340.00,87539.00,9724.625
1765904400000,87539.10,87803.10,87050.00,87087.70,5176.300
1765908000000,87087.70,87980.00,87015.80,87741.30,6469.039
1765911600000,87741.30,87760.60,87245.20,87538.70,4663.517
1765915200000,87538.70,87809.80,87297.90,87533.70,3124.503
1765918800000,87533.70,87880.60,87455.50,87728.60,2375.316
1765922400000,87728.60,87900.00,87600.20,87753.60,1630.451
1765926000000,87753.60,87835.30,87557.30,87826.30,1928.432
1765929600000,87826.30,87826.30,87371.70,87499.30,2884.824
1765933200000,87499.30,87925.80,87439.80,87518.00,3149.697
1765936800000,87517.90,87558.50,87150.00,87452.70,3382.066
1765940400000,87452.70,87577.30,87104.20,87178.10,2255.041
1765944000000,87178.20,87360.80,86675.40,86716.70,4956.735
1765947600000,86716.80,86726.90,86158.40,86595.00,8325.493
1765951200000,86595.00,86972.70,86554.70,86735.50,4895.883
1765954800000,86735.50,87164.20,86555.50,87010.40,4571.173
1765958400000,87010.40,87010.40,86286.00,86366.00,4211.822
1765962000000,86366.10,86573.90,86222.70,86386.10,3860.757
1765965600000,86386.10,86810.00,86201.00,86587.10,3924.413
1765969200000,86587.00,87100.00,86523.20,86939.30,3489.497
1765972800000,86939.20,87189.60,86776.70,86984.00,5470.773
1765976400000,86984.00,87838.50,86768.80,87579.00,9018.728
1765980000000,87579.00,89665.10,87099.50,89633.90,26881.708
1765983600000,89634.00,90363.20,87088.90,87191.40,44768.803
1765987200000,87191.00,87737.30,86128.50,86946.60,25022.893
1765990800000,86945.80,87077.00,86215.00,86380.60,8631.440
1765994400000,86380.70,86807.20,85615.00,85796.10,9758.471
1765998000000,85796.20,86149.00,85261.30,85982.70,12286.554
1766001600000,85982.70,86228.20,85630.00,85854.70,7149.991
1766005200000,85854.70,86024.20,85663.00,85946.00,2436.312
1766008800000,85946.20,86421.00,85850.00,86312.50,4056.920
1766012400000,86312.40,86312.50,85909.30,86201.60,3256.754
1766016000000,86201.60,86284.00,86012.10,86191.90,2336.984
1766019600000,86191.80,86207.30,85820.60,86085.70,2579.189
1766023200000,86085.60,86836.20,85970.70,86649.60,7195.388
1766026800000,86649.50,86649.60,86200.00,86575.10,4006.995
1766030400000,86575.10,86859.10,86558.00,86715.80,3149.995
1766034000000,86715.90,86718.10,86323.70,86400.00,3069.612
1766037600000,86400.10,86623.50,86353.80,86607.00,1911.973
1766041200000,86607.00,86822.20,86546.00,86787.50,3428.556
1766044800000,86787.50,87085.70,86640.50,86934.90,4362.345
1766048400000,86934.90,87350.00,86755.00,87237.00,4381.369
1766052000000,87236.90,87417.60,87161.60,87307.20,2855.616
1766055600000,87307.20,87315.30,87014.40,87268.10,2844.819
1766059200000,87257.00,87396.70,87068.00,87215.20,3029.939
1766062800000,87215.10,89173.90,87215.10,88804.00,26129.051
1766066400000,88804.00,89447.90,87673.80,88325.40,27556.395
1766070000000,88325.40,89333.00,87940.00,88480.80,19047.466
1766073600000,88480.70,88500.00,87797.60,87984.60,9219.841
1766077200000,87984.60,87999.90,85427.50,86443.60,34583.687
1766080800000,86443.60,86865.60,85662.50,85946.70,13347.694
1766084400000,85946.70,85990.00,84429.90,84447.00,26522.452
1766088000000,84447.00,85248.10,84408.60,84558.80,12161.166
1766091600000,84557.40,85800.00,84521.20,85584.60,9842.162
1766095200000,85584.30,85721.20,85245.80,85544.00,3333.922
1766098800000,85544.00,85591.60,85271.70,85469.70,2677.063
1766102400000,85469.80,85576.10,85260.00,85572.90,2685.180
1766106000000,85572.80,85572.80,85062.70,85291.70,2791.966
1766109600000,85291.10,85917.40,85091.50,85600.80,5660.033
1766113200000,85600.90,87550.00,85566.10,86863.10,19466.885
1766116800000,86863.20,87354.80,86793.50,87073.50,7968.043
1766120400000,87073.40,87200.00,86651.90,87099.70,5338.204
1766124000000,87099.70,87450.00,86871.60,87449.90,3071.612
1766127600000,87450.00,88366.00,87436.30,87909.70,11661.734
1766131200000,87909.70,88179.60,87700.00,88063.20,5260.030
1766134800000,88063.20,88134.00,87856.00,88068.30,2812.499
1766138400000,88068.40,88333.70,87884.40,88237.10,5585.589
1766142000000,88237.20,88345.10,88100.10,88169.90,3139.913
1766145600000,88170.00,88247.50,87810.80,87840.80,6568.332
1766149200000,87840.70,88228.90,87800.00,87968.10,5618.884
1766152800000,87968.00,88610.00,87488.00,88140.80,17467.745
1766156400000,88140.80,89374.60,87655.60,87925.60,22121.319
1766160000000,87925.60,88888.00,87841.80,87956.60,8718.259
1766163600000,87956.60,88320.00,86795.50,86912.60,15727.882
1766167200000,86912.60,87436.30,86808.10,87126.20,5170.649
1766170800000,87126.20,88097.30,87100.00,87812.80,7325.182
1766174400000,87812.90,88406.30,87569.10,88064.80,8141.234
1766178000000,88065.00,88076.80,87758.10,87805.30,2199.579
1766181600000,87805.80,88394.40,87805.80,88301.10,2271.987
1766185200000,88301.10,88320.00,88085.00,88100.00,1511.754
1766188800000,88100.00,88151.20,87926.70,87967.30,2122.767
1766192400000,87967.40,88132.80,87967.30,88036.70,750.092
1766196000000,88036.60,88279.00,87945.70,88168.00,1683.292
1766199600000,88167.90,88294.80,88122.80,88165.30,1081.206
1766203200000,88165.30,88294.00,88065.90,88257.10,1368.033
1766206800000,88257.10,88551.80,88229.60,88250.00,2999.615
1766210400000,88250.10,88409.00,88234.70,88262.20,990.732
1766214000000,88262.30,88296.30,88145.60,88239.90,1539.951
1766217600000,88240.00,88397.80,88217.00,88217.00,1142.187
1766221200000,88217.00,88310.00,88182.00,88190.00,823.103
1766224800000,88190.00,88250.00,88092.10,88133.70,1369.220
1766228400000,88133.60,88279.50,88063.80,88243.60,1534.875
1766232000000,88243.60,88320.00,88146.90,88214.00,880.262
1766235600000,88213.90,88313.70,87698.50,88230.90,6359.480
1766239200000,88230.90,88244.00,87970.30,88213.40,2084.892
1766242800000,88213.40,88234.10,87971.60,88134.60,2204.745
1766246400000,88134.50,88202.30,88089.10,88115.30,943.719
1766250000000,88115.40,88217.20,88060.00,88144.50,783.087
1766253600000,88144.60,88407.70,88111.50,88277.10,1507.599
1766257200000,88277.10,88298.00,88157.00,88196.30,684.850
1766260800000,88196.40,88285.20,88175.30,88250.40,514.301
1766264400000,88250.30,88434.90,88140.30,88179.60,1055.058
1766268000000,88179.60,88306.10,88111.10,88244.10,677.809
1766271600000,88244.10,88393.30,88213.50,88320.80,872.973
1766275200000,88320.70,88400.00,88262.60,88354.80,959.208
1766278800000,88354.80,88354.80,87959.80,87980.50,2841.286
1766282400000,87980.50,88115.30,87821.10,87911.50,2429.877
1766286000000,87911.60,88127.90,87899.80,88043.20,1105.952
1766289600000,88043.30,88119.30,88010.00,88036.40,572.620
1766293200000,88036.40,88123.80,88015.00,88102.00,536.987
1766296800000,88102.00,88174.50,88030.00,88057.30,799.509
1766300400000,88057.40,88139.60,88013.00,88138.70,749.892
1766304000000,88138.80,88729.20,88103.30,88509.00,4896.072
1766307600000,88509.00,89050.00,88465.00,88868.00,5696.916
1766311200000,88868.00,88940.00,88536.00,88633.10,3427.730
1766314800000,88633.20,88722.00,88544.30,88570.60,1405.291
1766318400000,88570.70,88885.90,88412.90,88588.60,3584.184
1766322000000,88588.60,88660.40,87548.50,87630.50,12547.715
1766325600000,87630.40,88119.90,87575.70,88019.10,6183.043
1766329200000,88019.00,88254.90,87763.20,88024.70,3418.513
1766332800000,88024.70,88329.10,87936.30,88309.80,2859.218
1766336400000,88309.90,88453.90,88222.70,88283.60,2262.263
1766340000000,88283.70,88424.90,87902.00,88406.90,2772.877
1766343600000,88406.80,88588.00,88162.10,88448.20,2320.198
1766347200000,88448.30,88465.90,88190.00,88195.60,929.467
1766350800000,88195.70,88338.20,88047.40,88121.60,989.679
1766354400000,88121.60,88459.00,88074.30,88440.20,1257.475
1766358000000,88440.30,88786.90,88325.00,88621.30,3078.416
1766361600000,88621.30,89600.00,88521.70,88581.70,12829.644
1766365200000,88581.70,89250.00,88458.20,88580.10,6105.566
1766368800000,88580.20,88618.10,87845.00,88417.10,9340.629
1766372400000,88417.10,88826.10,88230.10,88727.50,3720.966
1766376000000,88727.40,88996.30,88665.30,88863.50,2866.015
1766379600000,88863.40,88966.00,88712.10,88790.70,1818.841
1766383200000,88790.60,88979.40,88688.60,88867.30,1891.187
1766386800000,88867.30,89173.80,88845.00,89127.70,2568.866
1766390400000,89127.80,89887.90,89050.10,89297.60,11676.723
1766394000000,89297.60,89798.00,89253.20,89785.30,3941.621
1766397600000,89785.30,89837.40,89561.30,89742.00,3760.209
1766401200000,89742.00,90085.00,89607.70,89905.20,6536.321
1766404800000,89905.20,90599.00,89811.60,90171.20,9114.044
1766408400000,90171.20,90286.80,89685.00,89882.60,6062.297
1766412000000,89882.60,90259.60,89381.30,90088.40,12803.538
1766415600000,90088.40,90451.90,89109.10,89688.50,15073.568
1766419200000,89688.60,90088.00,89472.60,89508.40,6216.657
1766422800000,89508.50,89545.20,89044.90,89271.00,6110.885
1766426400000,89271.00,89488.80,89102.00,89104.80,2854.043
1766430000000,89104.90,89109.70,87906.70,88011.10,10969.148
1766433600000,88011.00,88445.90,87872.60,88305.90,8131.754
1766437200000,88305.30,88574.20,88186.60,88232.10,2926.912
1766440800000,88232.00,88805.90,88100.00,88616.10,3873.327
1766444400000,88616.00,88679.00,88388.00,88581.50,3500.708
1766448000000,88581.50,88904.90,88461.20,88731.50,3601.424
1766451600000,88731.60,88855.40,88379.00,88470.90,2677.543
1766455200000,88470.90,88722.00,88070.00,88167.80,4604.278
1766458800000,88167.70,88323.00,87738.30,88128.20,5641.993
1766462400000,88128.20,88342.00,87889.60,87892.00,2611.545
1766466000000,87892.10,87988.00,87547.70,87726.60,4955.093
1766469600000,87726.70,87745.00,86976.60,87355.20,11412.932
1766473200000,87355.40,87651.40,87318.70,87531.30,4200.862
1766476800000,87531.30,87662.60,87389.00,87426.80,2902.872
1766480400000,87426.70,87595.50,87256.30,87494.40,2626.450
1766484000000,87494.30,87630.00,87467.50,87570.30,2006.405
1766487600000,87570.30,87852.00,87520.10,87813.90,4563.173
1766491200000,87813.80,87914.00,87546.00,87737.30,4124.666
1766494800000,87737.30,87858.60,87345.80,87567.70,4949.910
1766498400000,87567.70,87792.90,86536.00,86837.30,15865.321
1766502000000,86837.20,87523.20,86670.20,87405.30,9444.971
1766505600000,87405.20,88178.70,87286.00,87959.80,12033.564
1766509200000,87959.80,88247.80,87129.00,87138.10,7690.453
1766512800000,87138.10,88150.00,87121.40,87950.00,9439.617
1766516400000,87950.10,88017.30,87613.30,87724.20,3337.693
1766520000000,87724.20,88349.20,87491.40,87674.30,5055.153
1766523600000,87674.40,87830.60,87503.60,87692.70,2680.526
1766527200000,87692.70,87751.70,87213.00,87378.20,3381.145
1766530800000,87378.30,87488.50,87145.00,87463.00,3850.359
1766534400000,87463.10,87657.10,87230.80,87626.10,3066.917
1766538000000,87626.10,87849.90,87470.00,87603.10,2510.341
1766541600000,87603.10,87635.00,86888.00,87100.10,5642.402
1766545200000,87100.10,87359.40,86817.90,87311.40,4122.176
1766548800000,87311.40,87430.00,87041.60,87110.60,2524.929
1766552400000,87110.50,87223.10,86738.80,86920.10,4136.200
1766556000000,86920.10,87030.00,86753.00,86980.10,2563.130
1766559600000,86980.00,87147.10,86862.00,86868.10,2078.139
1766563200000,86868.10,87040.20,86712.00,86751.50,2878.805
1766566800000,86751.60,86865.20,86671.70,86763.60,1955.037
1766570400000,86763.60,87160.00,86759.50,87042.80,3169.618
1766574000000,87042.80,87316.70,87042.80,87162.60,2533.789
1766577600000,87162.60,87450.00,87087.00,87393.10,2515.133
1766581200000,87393.00,87410.40,87009.30,87250.50,2771.909
1766584800000,87250.50,87420.00,86355.00,86950.00,11643.717
1766588400000,86950.00,87194.80,86526.20,87012.00,6368.226
1766592000000,87012.00,87660.00,86878.30,87250.60,6673.412
1766595600000,87250.60,87545.60,87215.00,87284.50,2778.718
1766599200000,87284.60,87478.70,87195.60,87435.00,2085.875
1766602800000,87435.00,87542.00,87273.40,87521.40,1789.501
1766606400000,87521.40,87649.30,87484.60,87518.80,1377.896
1766610000000,87518.70,87763.20,87518.70,87653.80,1477.630
1766613600000,87653.90,88033.30,87653.80,87962.00,2271.813
1766617200000,87962.00,87985.00,87540.40,87627.30,2608.195
1766620800000,87627.40,87710.00,87466.90,87529.90,1995.842
1766624400000,87529.90,87714.10,87526.50,87668.00,1191.546
1766628000000,87668.00,87933.50,87517.80,87847.80,1449.079
1766631600000,87847.90,87890.00,87727.00,87811.60,997.057
1766635200000,87811.60,87811.60,87689.80,87740.60,1109.399
1766638800000,87740.50,87749.40,87617.10,87706.00,1127.336
1766642400000,87706.10,87811.60,87634.50,87799.50,848.085
1766646000000,87799.60,87830.00,87713.10,87795.90,789.567
1766649600000,87795.90,87858.80,87313.20,87546.20,3818.711
1766653200000,87546.20,87565.80,87408.00,87482.10,1227.883
1766656800000,87482.10,87494.70,87219.00,87386.00,2055.721
1766660400000,87386.10,87554.70,87376.00,87485.20,1202.976
1766664000000,87485.20,87555.10,87439.00,87533.70,936.156
1766667600000,87533.80,87662.80,87360.70,87597.10,1870.868
1766671200000,87597.10,87730.90,87509.00,87675.10,1631.445
1766674800000,87675.00,88594.00,87664.10,88338.90,10921.898
1766678400000,88339.00,88451.60,87948.90,88042.00,4982.309
1766682000000,88042.10,88173.10,87947.80,88096.20,2015.493
1766685600000,88096.10,88281.60,88096.10,88198.50,1413.461
1766689200000,88198.50,88214.30,88029.90,88112.30,1058.893
1766692800000,88112.30,88139.20,87599.50,87844.70,3099.034
1766696400000,87844.80,87945.50,87776.50,87862.00,1222.411
1766700000000,87862.00,87882.10,87251.20,87607.90,3508.865
1766703600000,87607.90,87734.50,86902.10,87182.80,7322.217
1766707200000,87182.80,87289.80,86824.80,87084.50,5104.377
1766710800000,87084.40,87477.00,87084.40,87386.60,2957.805
1766714400000,87386.70,89432.00,87376.50,89151.80,22656.150
1766718000000,89151.80,89246.60,88670.00,88796.20,7396.805
1766721600000,88796.20,89100.00,88469.80,88926.00,5539.618
1766725200000,88926.00,89007.00,88780.00,88954.70,2303.912
1766728800000,88954.70,89200.00,88954.60,89085.00,3212.832
1766732400000,89085.00,89557.60,88300.50,88433.00,10880.975
1766736000000,88433.00,88865.70,88380.00,88707.40,5857.705
1766739600000,88707.40,88888.00,88607.00,88783.20,2169.738
1766743200000,88782.90,88855.20,88642.90,88717.50,1762.897
1766746800000,88717.40,88722.70,88500.00,88507.50,1628.764
1766750400000,88507.60,88736.00,88507.50,88649.60,1819.911
1766754000000,88649.70,89037.00,88580.90,88959.10,4269.285
1766757600000,88959.20,89017.20,87302.50,87344.40,21664.648
1766761200000,87344.40,87347.00,86619.90,87100.00,23683.658
1766764800000,87100.00,87349.10,86800.70,86821.70,7715.041
1766768400000,86821.70,87437.20,86760.40,87288.60,6608.675
1766772000000,87288.50,87346.10,87090.00,87232.50,2528.184
1766775600000,87232.50,87555.00,87200.00,87453.70,2335.807
1766779200000,87453.70,87750.00,87346.50,87547.70,3349.129
1766782800000,87547.70,87657.90,87402.60,87429.30,1522.834
1766786400000,87429.20,87551.90,87266.60,87505.40,1619.152
1766790000000,87505.40,87508.20,87286.90,87318.20,1383.835
1766793600000,87318.30,87377.50,87203.00,87360.00,1392.326
1766797200000,87359.90,87452.70,87285.60,87431.60,873.169
1766800800000,87431.60,87459.20,87341.10,87410.70,1153.148
1766804400000,87410.60,87493.40,87338.70,87473.40,1145.793
1766808000000,87473.40,87482.00,87413.10,87428.00,511.889
1766811600000,87427.90,87474.00,87400.00,87466.20,569.602
1766815200000,87466.10,87526.50,87374.50,87426.80,909.478
1766818800000,87426.80,87669.70,87426.80,87490.90,1534.506
1766822400000,87490.90,87634.90,87490.90,87545.60,1097.419
1766826000000,87545.70,87622.70,87500.00,87575.40,1112.953
1766829600000,87575.40,87585.00,87324.60,87460.60,2037.105
1766833200000,87460.50,87513.10,87400.00,87433.60,918.735
1766836800000,87433.60,87489.90,87377.90,87431.90,809.916
1766840400000,87432.00,87444.40,87264.80,87410.70,1459.822
1766844000000,87410.60,87517.80,87354.40,87500.70,1244.804
1766847600000,87500.70,87555.00,87420.50,87516.20,1000.506
1766851200000,87516.30,87545.60,87397.50,87454.10,935.963
1766854800000,87454.20,87523.60,87420.00,87514.00,486.171
1766858400000,87514.00,87534.60,87414.50,87452.80,533.673
1766862000000,87452.80,87538.60,87452.80,87522.40,486.951
1766865600000,87522.30,87592.40,87479.90,87514.90,478.331
1766869200000,87514.90,87633.00,87512.70,87623.50,744.653
1766872800000,87623.50,87937.00,87455.50,87526.30,3610.657
1766876400000,87526.40,87956.90,87518.30,87829.40,2246.539
1766880000000,87829.50,87921.70,87674.40,87811.70,2417.915
1766883600000,87811.80,87909.90,87700.00,87749.30,1166.108
1766887200000,87749.20,87847.30,87712.80,87768.70,568.717
1766890800000,87768.60,87808.20,87693.00,87693.00,665.533
1766894400000,87693.10,87802.50,87651.00,87683.90,1017.942
1766898000000,87683.80,87683.90,87566.00,87620.00,955.762
1766901600000,87619.90,87753.70,87606.00,87696.00,863.377
1766905200000,87695.90,87699.90,87632.90,87697.70,758.861
1766908800000,87697.70,87948.00,87697.70,87771.00,1570.900
1766912400000,87771.10,87868.00,87676.40,87768.20,1272.386
1766916000000,87768.20,87980.90,87768.10,87828.70,2042.791
1766919600000,87828.70,87896.70,87774.40,87850.80,996.734
1766923200000,87850.90,87864.20,87762.20,87820.40,1106.359
1766926800000,87820.50,87931.80,87774.60,87862.50,1584.303
1766930400000,87862.60,88078.30,87862.60,87873.30,2095.616
1766934000000,87873.30,87967.30,87780.00,87797.70,1582.934
1766937600000,87797.60,87876.90,87702.70,87780.00,1592.672
1766941200000,87780.00,87902.70,87723.40,87730.10,921.592
1766944800000,87730.10,87750.70,87448.40,87570.10,4841.368
1766948400000,87570.00,87672.10,87477.80,87488.60,1875.070
1766952000000,87488.70,87630.90,87411.00,87478.20,1454.862
1766955600000,87478.20,87569.20,87402.60,87556.10,1028.697
1766959200000,87556.10,87968.40,87440.80,87868.70,1852.715
1766962800000,87868.70,88023.40,87603.30,87920.50,3126.750
1766966400000,87920.40,88414.00,87778.50,88262.20,7853.683
1766970000000,88262.20,88470.50,87828.80,88419.30,6176.220
1766973600000,88419.30,89368.60,88419.20,89129.10,17906.792
1766977200000,89129.10,90156.50,89049.20,90091.60,13276.794
1766980800000,90091.50,90373.40,89899.90,90100.10,9553.526
1766984400000,90100.10,90259.10,89869.10,89950.80,6214.977
1766988000000,89950.80,90097.60,89715.80,89740.70,4171.356
1766991600000,89740.70,89819.40,89448.10,89583.00,5524.328
1766995200000,89583.00,89791.50,89423.00,89519.00,5275.514
1766998800000,89519.00,89581.00,87715.60,88068.20,24488.492
1767002400000,88068.20,88241.10,87599.30,87747.10,9833.482
1767006000000,87747.20,87756.60,87520.10,87529.00,5702.868
1767009600000,87529.10,87605.50,86760.00,87344.00,19052.987
1767013200000,87343.90,87499.90,87124.90,87354.30,6603.622
1767016800000,87354.30,88150.00,87216.10,87399.90,15466.204
1767020400000,87400.00,87878.90,87170.50,87636.60,8596.818
1767024000000,87636.40,87800.00,87400.00,87587.00,4104.313
1767027600000,87587.00,87819.90,87300.00,87814.10,3755.770
1767031200000,87814.10,87968.10,87324.70,87426.90,4524.270
1767034800000,87426.80,87631.90,87259.60,87328.90,2855.576
1767038400000,87328.90,87569.20,87052.20,87182.90,4757.654
1767042000000,87183.00,87354.00,87150.20,87311.20,1236.456
1767045600000,87311.20,87380.40,87043.40,87317.00,1730.476
1767049200000,87317.10,87374.30,87144.00,87203.30,1342.031
1767052800000,87203.20,87329.70,87075.00,87223.20,1930.991
1767056400000,87223.20,87326.80,87074.50,87283.00,1621.846
1767060000000,87283.00,87314.60,86934.50,87072.80,4475.996
1767063600000,87072.80,87393.10,86789.00,87334.70,5410.150
1767067200000,87334.70,87454.40,87250.00,87262.00,2309.703
1767070800000,87262.10,87323.10,87105.60,87216.20,1405.238
1767074400000,87216.10,87487.70,87198.40,87404.30,2202.096
1767078000000,87404.30,87581.40,87322.60,87457.50,2254.052
1767081600000,87457.50,88190.60,87455.50,87827.10,11633.575
1767085200000,87827.00,88000.00,87609.00,87954.70,3910.604
1767088800000,87954.70,88150.10,87863.60,87914.30,4832.435
1767092400000,87914.30,87997.00,87722.50,87875.20,2950.688
1767096000000,87875.30,88055.60,87870.00,87993.40,2517.352
1767099600000,87993.30,88111.70,87874.80,88069.80,3112.449
1767103200000,88069.90,88976.30,87788.20,88831.40,16450.150
1767106800000,88831.50,89126.00,88150.00,88966.80,16821.972
1767110400000,88966.80,89355.00,88517.60,88698.90,15207.195
1767114000000,88698.80,88858.90,88070.50,88330.20,9296.671
1767117600000,88330.20,88456.50,88088.00,88259.60,3153.294
1767121200000,88259.70,88395.90,87910.40,88189.70,4854.171
1767124800000,88189.80,88189.80,87833.20,87900.30,3582.468
1767128400000,87900.20,88298.10,87846.20,88245.50,2367.884
1767132000000,88245.50,88434.80,88240.10,88387.70,1898.055
1767135600000,88387.80,88533.00,88320.00,88455.30,2546.225
1767139200000,88455.20,88455.30,88209.90,88226.30,2382.377
1767142800000,88226.20,88758.20,88134.90,88604.70,4380.660
1767146400000,88604.70,88715.50,88475.20,88639.30,2040.118
1767150000000,88639.40,88780.00,88335.00,88411.50,2876.073
1767153600000,88411.60,88509.90,88280.10,88287.30,2030.766
1767157200000,88287.20,88488.00,88287.20,88415.60,1436.781
1767160800000,88415.70,88521.80,88415.70,88470.90,1197.614
1767164400000,88471.00,88596.00,88385.00,88569.00,1619.321
1767168000000,88568.90,88690.00,88339.90,88391.20,2736.779
1767171600000,88391.30,88679.30,88389.00,88619.50,1953.465
1767175200000,88619.50,88850.00,88615.10,88804.60,3535.564
1767178800000,88804.60,89000.00,88759.40,88967.60,4214.352
1767182400000,88967.60,88997.60,88702.50,88737.00,3808.719
1767186000000,88737.00,89025.10,88700.00,88954.40,3327.744
1767189600000,88954.30,89192.80,88233.50,88443.40,11096.344
1767193200000,88443.40,88450.00,87729.20,87909.00,13304.033
1767196800000,87909.00,88024.30,87350.50,87625.90,12077.887
1767200400000,87625.90,87716.00,87454.00,87587.20,4255.614
1767204000000,87587.20,87952.00,87535.00,87655.80,5108.155
1767207600000,87655.90,87846.00,87454.00,87515.00,2612.319
1767211200000,87515.00,87683.60,87189.20,87629.00,6228.769
1767214800000,87629.00,87841.90,87629.00,87764.00,2124.139
1767218400000,87764.00,87849.70,87613.40,87695.70,1465.099
1767222000000,87695.80,87702.10,87583.60,87608.20,955.665
1767225600000,87608.30,87819.00,87600.00,87773.40,1571.040
1767229200000,87773.40,88021.40,87773.30,87916.50,2441.136
1767232800000,87916.60,88065.00,87866.00,87884.60,1895.822
1767236400000,87884.60,87995.00,87801.90,87824.60,1194.552
1767240000000,87824.60,87831.60,87508.40,87567.00,2773.308
1767243600000,87566.90,87720.60,87566.90,87674.70,1003.162
1767247200000,87674.70,87674.70,87602.80,87621.50,778.964
1767250800000,87621.60,87640.10,87558.50,87603.70,1129.871
1767254400000,87603.70,87799.50,87590.00,87741.50,2155.288
1767258000000,87741.50,87941.20,87716.80,87846.70,1519.547
1767261600000,87846.80,87853.90,87753.00,87833.90,824.662
1767265200000,87833.80,87985.60,87820.00,87980.10,1547.171
1767268800000,87980.10,88000.00,87883.30,87898.70,1711.306
1767272400000,87898.60,87981.60,87809.40,87871.70,1679.637
1767276000000,87871.80,87930.00,87758.40,87917.60,2305.644
1767279600000,87917.60,88079.30,87871.80,87986.80,2433.498
1767283200000,87986.80,88006.80,87833.10,87955.00,1457.754
1767286800000,87955.10,88475.80,87933.40,88281.30,5403.349
1767290400000,88281.40,88332.80,88066.60,88165.30,2741.066
1767294000000,88165.20,88403.80,88034.70,88354.80,1711.864
1767297600000,88354.80,88354.80,88193.20,88220.40,1285.863
1767301200000,88220.50,88400.00,88211.80,88346.90,932.263
1767304800000,88347.00,88665.40,88347.00,88603.50,2660.156
1767308400000,88603.50,88881.40,88431.10,88800.00,4784.380
1767312000000,88800.00,88850.00,88545.20,88794.20,5385.916
1767315600000,88794.20,88838.00,88474.20,88599.90,2987.478
1767319200000,88600.00,88629.40,88324.40,88600.00,2845.630
1767322800000,88599.90,89088.00,88525.00,88899.30,8590.173
1767326400000,88899.30,88950.00,88575.50,88595.10,3650.580
1767330000000,88595.00,88749.60,88533.60,88720.70,2178.102
1767333600000,88720.80,89055.00,88683.70,88899.90,3449.508
1767337200000,88900.00,89024.40,88800.00,88829.30,2963.111
1767340800000,88829.30,89160.00,88780.00,89138.20,3402.923
1767344400000,89138.10,89468.00,89070.50,89429.90,7471.426
1767348000000,89430.00,89900.00,89399.40,89618.50,12283.205
1767351600000,89618.50,89636.60,89306.20,89458.30,4729.795
1767355200000,89458.30,89550.00,89338.90,89360.10,3286.671
1767358800000,89360.00,89679.00,89262.30,89311.60,5529.782
1767362400000,89311.60,90126.50,88401.20,89536.40,25845.107
1767366000000,89536.50,89850.00,88756.50,89373.10,15985.582
1767369600000,89373.00,90881.30,89145.20,90334.00,25618.803
1767373200000,90333.90,90945.10,90131.10,90319.90,11928.025
1767376800000,90320.00,90512.60,89510.90,89735.30,10278.889
1767380400000,89735.30,90120.90,89609.10,89865.00,5805.978
1767384000000,89865.00,90040.90,89588.00,89700.10,3724.086
1767387600000,89700.20,90145.50,89686.70,90015.40,2740.221
1767391200000,90015.40,90368.70,89975.00,90154.90,3101.495
1767394800000,90155.00,90158.40,89850.00,89951.40,2879.962
1767398400000,89951.50,90149.80,89914.50,90114.00,1984.167
1767402000000,90113.90,90254.90,90022.80,90232.90,1527.578
1767405600000,90232.80,90365.90,90085.30,90291.20,1575.054
1767409200000,90291.10,90347.20,90150.00,90279.90,1397.386
1767412800000,90280.00,90456.00,89989.90,90121.80,3541.014
1767416400000,90121.80,90158.00,89866.00,89989.90,2294.927
1767420000000,89989.90,90091.20,89802.80,89827.30,1760.446
1767423600000,89827.40,89913.40,89261.20,89535.90,6761.763
1767427200000,89535.90,89797.00,89380.20,89625.30,4110.188
1767430800000,89625.20,89943.90,89582.30,89756.10,2907.372
1767434400000,89756.10,89833.00,89664.40,89712.80,1491.684
1767438000000,89712.80,89754.90,89627.00,89706.40,1159.473
1767441600000,89706.40,90022.60,89620.00,90001.80,3368.405
1767445200000,90001.90,90026.00,89881.80,89972.30,1741.648
1767448800000,89972.20,90200.00,89915.70,90091.30,3216.156
1767452400000,90091.30,90091.40,89919.60,89931.80,1752.745
1767456000000,89931.70,90189.00,89866.50,90065.00,2175.153
1767459600000,90064.90,90089.50,89981.60,90054.50,1011.293
1767463200000,90054.40,90156.00,89991.20,90105.40,991.013
1767466800000,90105.30,90119.80,90021.00,90091.80,634.111
1767470400000,90091.80,90340.00,89972.90,90333.00,2858.862
1767474000000,90333.10,90716.30,90305.60,90530.30,4020.730
1767477600000,90530.30,90716.90,90455.80,90557.40,2112.203
1767481200000,90557.40,90665.00,90426.70,90595.80,2497.898
1767484800000,90595.80,91597.60,90595.70,91301.40,12605.179
1767488400000,91301.40,91452.10,90966.50,91190.00,3956.970
1767492000000,91190.00,91265.30,91034.10,91099.20,1909.880
1767495600000,91099.20,91322.00,91034.60,91192.70,2564.445
1767499200000,91192.70,91558.00,91142.30,91355.00,3235.565
1767502800000,91354.90,91450.00,91300.20,91437.00,1348.002
1767506400000,91437.10,91779.70,91177.80,91187.10,6392.965
1767510000000,91187.10,91500.00,91169.10,91477.50,2568.042
1767513600000,91477.50,91498.20,91111.90,91325.70,3734.534
1767517200000,91325.70,91436.70,91202.50,91413.70,2106.712
1767520800000,91413.80,91581.70,91367.80,91553.40,2915.224
1767524400000,91553.40,91553.40,91181.20,91262.70,3197.954
1767528000000,91262.80,91321.60,91033.00,91096.40,3722.452
1767531600000,91096.40,91236.40,90968.00,91227.40,2281.038
1767535200000,91227.50,91377.20,91101.00,91305.00,2386.957
1767538800000,91304.90,91350.00,91050.00,91292.80,1927.150
1767542400000,91292.80,91429.40,91210.00,91282.30,2079.754
1767546000000,91282.30,91403.90,91262.70,91293.50,1219.100
1767549600000,91293.40,91293.50,90934.40,91168.00,2925.006
1767553200000,91168.00,91179.90,90790.10,91102.90,3161.471
1767556800000,91102.90,91309.10,91085.10,91275.90,1426.238
1767560400000,91275.90,91385.60,91142.00,91247.00,1210.092
1767564000000,91247.10,91372.60,91106.70,91180.90,1294.245
1767567600000,91181.00,91567.00,91181.00,91497.10,3604.054
1767571200000,91497.20,92396.80,91476.50,92368.10,17447.692
1767574800000,92368.00,93382.50,92230.50,92917.00,20662.909
1767578400000,92916.90,93114.70,92683.90,92990.40,6814.332
1767582000000,92990.30,93167.90,92823.10,92835.20,6122.570
1767585600000,92835.30,92920.00,92269.30,92556.80,7790.281
1767589200000,92556.80,92687.90,92307.30,92323.20,3908.226
1767592800000,92323.20,92473.30,92102.00,92454.40,4779.338
1767596400000,92454.40,92610.00,92450.00,92492.10,3756.316
1767600000000,92492.10,92745.90,92415.40,92436.00,3454.098
1767603600000,92436.00,92828.00,92292.00,92654.30,5211.374
1767607200000,92654.20,93120.70,92633.30,93048.40,6442.691
1767610800000,93048.30,93131.80,92850.00,93093.30,5105.580
1767614400000,93093.30,93186.00,92710.20,92837.20,4525.283
1767618000000,92837.20,92984.30,92496.90,92708.00,5110.308
1767621600000,92708.00,93650.00,92370.90,93390.00,16718.616
1767625200000,93389.90,93998.90,93114.50,93899.90,16778.910
1767628800000,93900.00,94044.60,93528.80,93646.60,9719.843
1767632400000,93646.60,94429.90,93201.00,94273.00,12759.599
1767636000000,94273.00,94475.70,93865.20,94400.40,8008.271
1767639600000,94400.50,94450.00,94075.70,94248.60,5026.891
1767643200000,94248.60,94760.30,93980.00,94131.00,9700.281
1767646800000,94131.00,94193.40,93757.90,94049.10,3978.477
1767650400000,94049.10,94361.00,93952.60,94125.20,2657.202
1767654000000,94125.30,94154.20,93813.70,93822.40,2937.224
1767657600000,93822.30,93950.00,93510.00,93768.80,4396.050
1767661200000,93768.80,94125.10,93688.00,93736.00,3701.212
1767664800000,93736.10,93829.80,93467.10,93587.00,2766.241
1767668400000,93587.00,93900.70,93563.00,93725.80,2291.149
1767672000000,93725.70,93966.40,93688.00,93758.80,1956.555
1767675600000,93758.80,93786.00,93520.80,93552.00,2629.639
1767679200000,93552.00,93906.60,93500.00,93727.50,4474.851
1767682800000,93727.50,93740.30,93088.00,93207.40,7591.971
1767686400000,93207.40,93379.40,93130.40,93197.00,3865.520
1767690000000,93196.90,93529.80,93186.50,93420.40,3198.235
1767693600000,93420.40,93620.70,93359.60,93536.30,2517.681
1767697200000,93536.40,93865.50,93530.50,93799.90,3479.999
1767700800000,93800.00,93950.00,93737.50,93819.40,2835.185
1767704400000,93819.40,93826.80,93590.70,93678.10,3135.364
1767708000000,93678.00,94415.40,93469.30,93796.20,21403.194
1767711600000,93796.20,94274.00,93292.00,93608.20,14736.625
1767715200000,93608.20,93728.90,92280.40,92651.30,22270.393
1767718800000,92651.30,92743.10,91480.20,91547.60,22649.816
1767722400000,91547.50,92211.30,91209.00,92006.40,19336.123
1767726000000,92006.40,92369.50,91862.50,92062.20,5466.213
1767729600000,92062.20,92668.70,92062.20,92472.80,5752.058
1767733200000,92472.70,93825.00,92338.00,93207.80,17762.771
1767736800000,93207.80,93490.10,92920.10,93320.00,5584.074
1767740400000,93319.90,93743.40,93279.60,93708.00,3642.131
1767744000000,93708.10,93708.10,92607.90,92670.40,7512.235
1767747600000,92670.40,92866.70,92293.80,92405.70,7227.493
1767751200000,92405.60,93028.30,92202.90,92923.20,5537.498
1767754800000,92923.20,93080.00,92707.20,92778.20,3355.953
1767758400000,92778.10,92893.00,92565.90,92637.30,2761.200
1767762000000,92637.30,92818.00,92457.90,92504.00,2619.417
1767765600000,92504.00,92869.40,92483.10,92576.40,2051.310
1767769200000,92576.40,92862.40,92576.40,92848.10,1899.587
1767772800000,92848.10,92928.00,92656.60,92680.30,3590.653
1767776400000,92680.40,92680.40,91551.30,91672.00,15701.045
1767780000000,91672.00,91953.00,91549.90,91924.10,7448.104
1767783600000,91924.10,92219.80,91874.00,92041.90,4721.461
1767787200000,92041.80,92140.30,91920.00,91953.40,3186.059
1767790800000,91953.30,92249.30,91815.60,91994.40,4077.384
1767794400000,91994.40,92108.10,91321.20,91920.80,14971.409
1767798000000,91920.80,91957.50,90987.00,91303.10,17680.536
1767801600000,91303.20,91750.00,91100.80,91229.90,7011.285
1767805200000,91229.90,91660.00,90994.50,91215.00,4778.094
1767808800000,91214.90,91411.30,90700.00,90857.40,9317.099
1767812400000,90857.40,91250.00,90634.10,91143.60,7258.520
1767816000000,91143.60,91266.00,90740.50,91015.60,3809.824
1767819600000,91015.60,91206.60,91006.80,91050.00,1919.766
1767823200000,91050.00,91361.80,90842.20,91143.60,3910.106
1767826800000,91143.50,91462.10,90966.10,91328.00,6640.812
1767830400000,91328.10,91524.10,91037.90,91356.80,3127.591
1767834000000,91356.80,91666.00,91259.00,91386.00,3274.232
1767837600000,91386.10,91440.50,90713.70,90925.60,4700.174
1767841200000,90925.50,91099.90,90555.10,90780.10,4699.592
1767844800000,90780.00,91142.20,90665.20,90987.90,3452.527
1767848400000,90988.00,91157.60,90749.30,90788.00,2544.317
1767852000000,90788.00,90835.10,89828.40,89844.00,14573.075
1767855600000,89844.00,90555.10,89588.10,90509.90,13369.942
1767859200000,90509.80,90741.20,90123.00,90200.00,7310.935
1767862800000,90200.00,90345.20,89909.80,89979.40,6322.646
1767866400000,89979.30,90466.00,89733.60,90366.80,6646.043
1767870000000,90366.80,90459.00,89990.60,90192.30,6466.354
1767873600000,90192.20,90210.50,89750.00,89953.80,11938.648
1767877200000,89953.70,90072.90,89831.80,89930.00,2923.949
1767880800000,89930.00,90134.20,89242.00,89978.50,19416.809
1767884400000,89978.50,90790.00,89761.30,90730.00,14898.074
1767888000000,90730.00,90888.00,90244.70,90887.90,10277.220
1767891600000,90888.00,91400.00,90789.60,91320.00,9033.943
1767895200000,91320.10,91425.10,90888.50,91070.30,5818.307
1767898800000,91070.30,91291.70,90737.60,90890.90,3504.386
1767902400000,90890.90,90954.10,90519.90,90875.10,4373.522
1767906000000,90875.00,91298.00,90872.70,91223.20,3905.032
1767909600000,91223.20,91449.90,90975.00,91184.20,3637.838
1767913200000,91184.20,91288.80,91000.00,91059.80,2260.788
1767916800000,91059.80,91269.20,91013.60,91248.10,1988.998
1767920400000,91248.10,91600.00,90800.60,91016.00,5554.482
1767924000000,91016.00,91446.70,90970.00,90999.50,3356.345
1767927600000,90999.60,91232.30,90916.10,91190.10,2212.581
1767931200000,91190.10,91203.00,90886.30,90978.70,1626.901
1767934800000,90978.70,91086.90,90875.00,91058.20,1449.750
1767938400000,91058.20,91115.80,90951.60,91103.80,1659.970
1767942000000,91103.80,91103.90,90704.00,90712.10,2981.896
1767945600000,90712.10,90812.00,89632.80,89989.40,17560.820
1767949200000,89989.30,90437.70,89962.80,90299.00,6992.034
1767952800000,90299.10,90515.50,90231.40,90443.60,2447.712
1767956400000,90443.50,90638.50,90356.90,90398.10,2857.407
1767960000000,90398.10,90559.80,90166.50,90404.80,3763.706
1767963600000,90404.80,91000.00,90346.90,90559.90,6954.543
1767967200000,90560.00,90630.20,89888.00,90110.80,9781.500
1767970800000,90110.70,91999.00,89800.00,91137.70,29710.389
1767974400000,91137.80,91749.90,91124.50,91589.90,8689.179
1767978000000,91589.90,91639.00,90960.10,91372.80,5966.830
1767981600000,91372.90,91467.20,90272.60,90772.30,9432.064
1767985200000,90772.30,90772.30,90145.00,90290.60,5957.606
1767988800000,90290.60,90552.80,90191.70,90272.30,3578.973
1767992400000,90272.40,90630.90,90082.60,90503.80,2883.263
1767996000000,90503.90,90679.70,90320.30,90585.00,1665.963
1767999600000,90584.90,90693.00,90557.00,90603.60,1321.765
1768003200000,90603.70,90649.40,90474.40,90565.10,1288.006
1768006800000,90565.10,90704.00,90538.90,90649.60,1046.603
1768010400000,90649.60,90748.60,90560.00,90652.70,1186.836
1768014000000,90652.70,90656.40,90512.20,90591.30,774.583
1768017600000,90591.30,90610.00,90351.60,90421.90,1555.030
1768021200000,90422.00,90584.90,90390.00,90563.50,825.469
1768024800000,90563.50,90569.50,90432.40,90475.10,534.772
1768028400000,90475.00,90650.40,90467.20,90627.10,982.004
1768032000000,90627.10,90710.00,90570.00,90628.60,1579.400
1768035600000,90628.60,90730.00,90579.70,90729.90,1230.858
1768039200000,90730.00,90800.00,90680.00,90795.40,1473.655
1768042800000,90795.30,90795.30,90656.10,90692.80,828.342
1768046400000,90692.90,90758.70,90623.50,90696.60,1139.429
1768050000000,90696.60,90727.10,90599.90,90620.90,865.813
1768053600000,90620.90,90631.60,90494.00,90551.80,1729.222
1768057200000,90551.80,90630.00,90535.90,90622.70,938.582
1768060800000,90622.80,90688.10,90562.50,90640.60,846.682
1768064400000,90640.70,90708.00,90503.90,90512.30,1378.649
1768068000000,90512.30,90564.30,90450.00,90555.20,1016.668
1768071600000,90555.20,90597.90,90545.00,90591.40,390.769
1768075200000,90591.30,90627.60,90538.00,90539.00,513.274
1768078800000,90539.00,90539.00,90451.40,90469.90,804.006
1768082400000,90470.00,90562.20,90358.50,90384.90,1568.934
1768086000000,90384.90,90535.70,90384.90,90469.60,773.155
1768089600000,90469.70,90609.80,90410.60,90600.00,932.503
1768093200000,90600.10,90639.80,90521.10,90597.90,608.415
1768096800000,90597.80,90699.90,90579.20,90654.80,944.925
1768100400000,90654.90,90696.50,90585.80,90696.50,812.895
1768104000000,90696.40,90750.00,90629.90,90750.00,790.246
1768107600000,90750.00,90818.00,90696.20,90730.40,976.393
1768111200000,90730.40,90757.40,90530.90,90697.40,1096.363
1768114800000,90697.40,90708.50,90628.10,90664.00,512.464
1768118400000,90663.90,90787.80,90555.00,90756.00,1867.167
1768122000000,90755.90,90778.50,90625.30,90689.90,1552.922
1768125600000,90690.00,90700.00,90640.00,90689.40,595.064
1768129200000,90689.40,90730.20,90649.90,90707.30,845.808
1768132800000,90707.20,90980.00,90670.10,90889.30,2885.101
1768136400000,90889.30,90926.90,90779.50,90812.00,1713.393
1768140000000,90811.90,91143.10,90811.90,91074.80,2318.326
1768143600000,91074.70,91103.20,90650.00,90834.10,4272.295
1768147200000,90834.00,91252.50,90834.00,90996.00,3240.642
1768150800000,90996.00,91103.30,90853.50,90944.70,1812.779
1768154400000,90944.80,90944.80,90750.80,90840.90,1170.967
1768158000000,90840.80,90892.20,90609.50,90644.70,1432.938
1768161600000,90644.70,90706.80,90314.90,90654.20,4221.590
1768165200000,90654.20,90795.00,90544.20,90711.10,1310.063
1768168800000,90711.10,90711.20,90410.00,90482.40,1500.957
1768172400000,90482.30,91000.00,90175.30,90964.40,6130.166
1768176000000,90964.40,91229.20,90642.00,91229.10,5093.983
1768179600000,91229.20,91770.00,91047.90,91370.00,9633.870
1768183200000,91369.90,92379.50,91323.80,92168.80,9958.922
1768186800000,92168.80,92488.00,91757.10,91766.20,9926.340
1768190400000,91766.20,92245.10,91700.00,92126.70,3587.926
1768194000000,92126.60,92220.00,91986.10,92066.60,2631.257
1768197600000,92066.70,92166.70,91760.00,91789.30,3098.508
1768201200000,91789.40,91932.30,91342.00,91369.20,5574.002
1768204800000,91369.20,91586.50,90341.30,90714.00,16401.318
1768208400000,90714.00,90895.10,90610.00,90646.80,4843.544
1768212000000,90646.80,90755.60,90319.40,90394.60,4442.140
1768215600000,90394.60,90795.90,90381.60,90573.90,4677.736
1768219200000,90573.90,90828.20,90573.80,90741.60,2101.420
1768222800000,90741.60,90788.00,90490.90,90596.80,3652.559
1768226400000,90596.70,91100.00,90066.00,90852.80,14478.839
1768230000000,90852.70,91637.80,90657.00,91618.70,13149.778
1768233600000,91618.60,92299.00,91520.10,92078.80,17126.012
1768237200000,92078.90,92264.20,90966.00,91469.90,16813.427
1768240800000,91469.90,91911.10,91358.90,91648.20,6521.581
1768244400000,91648.20,91847.20,91383.10,91821.90,3000.387
1768248000000,91821.90,92017.00,91366.80,91446.50,3832.277
1768251600000,91446.50,91461.20,90870.00,91005.60,4907.334
1768255200000,91005.60,91395.80,91005.50,91204.00,2060.831
1768258800000,91203.90,91280.10,91023.00,91252.60,1723.392
1768262400000,91252.50,91524.50,91202.90,91436.30,3986.413
1768266000000,91436.40,91514.20,91011.00,91157.40,2961.638
1768269600000,91157.30,91344.90,91035.00,91093.50,2327.180
1768273200000,91093.50,91438.80,91076.10,91380.90,2309.321
1768276800000,91380.90,91621.00,91316.30,91479.30,2276.293
1768280400000,91479.30,92222.00,91425.60,91883.60,9329.076
1768284000000,91883.70,92258.00,91764.90,92146.90,6001.675
1768287600000,92146.90,92180.60,91866.30,91908.00,2866.072
1768291200000,91908.00,92234.70,91881.10,92137.80,3554.355
1768294800000,92137.70,92676.60,91850.60,92239.60,13124.332
1768298400000,92239.60,92317.40,91980.00,92092.50,3253.353
1768302000000,92092.60,92226.70,91928.80,91962.10,3160.078
1768305600000,91962.10,92125.50,91868.00,92076.20,2374.933
1768309200000,92076.30,92555.10,91836.30,92021.00,12621.530
1768312800000,92021.00,92888.00,91700.60,92414.30,15522.227
1768316400000,92414.20,93408.00,92060.20,93407.90,18069.514
1768320000000,93407.90,93707.00,93009.80,93341.60,16898.433
1768323600000,93341.60,93451.40,93050.00,93190.60,6057.628
1768327200000,93190.50,93840.70,93138.70,93581.00,7126.697
1768330800000,93581.10,94189.00,93421.90,94179.50,9066.888
1768334400000,94179.60,94462.70,94036.00,94349.10,15488.146
1768338000000,94349.00,94478.30,94011.70,94040.00,5569.854
1768341600000,94040.00,96863.70,94037.80,95730.50,27128.695
1768345200000,95730.40,96089.90,95025.60,95375.20,9471.587
1768348800000,95375.20,95627.60,95120.50,95196.20,5227.167
1768352400000,95196.20,95545.20,95082.00,95191.40,4817.294
1768356000000,95191.40,95527.50,95153.00,95299.90,3412.880
1768359600000,95300.00,95670.00,95235.80,95665.70,3007.150
1768363200000,95665.60,95755.00,95172.90,95192.20,4394.532
1768366800000,95192.20,95236.80,94888.00,94963.10,6492.965
1768370400000,94963.10,94986.80,94413.40,94984.80,7557.559
1768374000000,94984.70,95226.70,94812.00,95166.60,5004.862
1768377600000,95166.60,95288.00,94855.60,94866.30,3482.851
1768381200000,94866.20,95152.10,94841.30,95051.60,3468.385
1768384800000,95051.50,95256.80,94841.70,95050.10,3796.217
1768388400000,95050.00,95058.50,94700.00,94763.60,3543.836
1768392000000,94763.70,95129.80,94643.00,95041.50,3301.408
1768395600000,95041.50,95213.60,94844.60,94964.30,3562.521
1768399200000,94964.30,96780.00,94944.60,96449.00,27623.161
1768402800000,96449.00,97100.00,96129.80,96691.90,21644.239
1768406400000,96691.90,97667.70,96664.30,97232.20,18659.533
1768410000000,97232.10,97733.90,96681.60,96895.20,13842.789
1768413600000,96895.10,97065.80,96180.00,96764.50,10839.519
1768417200000,96764.50,97611.80,96631.90,97221.80,9526.318
1768420800000,97221.80,97932.10,97157.40,97606.00,7569.506
1768424400000,97606.00,97667.00,97328.50,97515.00,3003.703
1768428000000,97515.00,97535.90,96666.60,96825.50,4902.643
1768431600000,96825.60,97331.40,96805.70,96907.90,3362.453
1768435200000,96908.00,96960.90,96450.00,96613.30,4867.775
1768438800000,96613.30,96940.00,96257.00,96400.10,4369.396
1768442400000,96400.00,96574.80,96043.40,96297.30,4126.981
1768446000000,96297.20,96358.90,95733.10,95943.10,6349.722
1768449600000,95943.10,96349.60,95909.10,96273.30,4315.444
1768453200000,96273.40,96485.60,96190.00,96372.50,4323.480
1768456800000,96372.60,96533.00,96123.40,96195.20,4422.522
1768460400000,96195.20,96744.20,96133.70,96601.20,4870.214
1768464000000,96601.20,96645.20,96243.80,96596.20,3140.107
1768467600000,96596.10,97155.00,96508.10,96993.80,5989.198
1768471200000,96993.90,97020.00,96686.00,96763.20,3508.829
1768474800000,96763.10,96884.30,96532.90,96548.90,2847.765
1768478400000,96548.90,96963.30,96471.10,96931.30,3333.837
1768482000000,96931.30,96988.00,96562.50,96801.00,3640.067
1768485600000,96800.90,97100.00,95550.00,96013.60,17458.774
1768489200000,96013.60,96833.00,95403.70,96717.30,21170.454
1768492800000,96717.30,97000.00,96225.70,96684.70,11085.205
1768496400000,96684.70,97047.60,96368.00,96587.40,5755.514
1768500000000,96587.40,96592.60,95700.00,95806.90,9228.560
1768503600000,95806.80,95901.60,95080.00,95469.20,11629.162
1768507200000,95469.20,95623.80,95089.00,95220.70,5057.079
1768510800000,95220.80,95600.00,95145.10,95545.30,2554.846
1768514400000,95545.30,95837.80,95447.60,95536.30,2273.259
1768518000000,95536.30,95688.90,95362.60,95567.30,2886.551
1768521600000,95567.40,95788.40,95526.60,95589.60,2546.578
1768525200000,95589.60,95825.00,95380.00,95623.70,2648.286
1768528800000,95623.70,95648.60,95350.00,95469.50,2791.219
1768532400000,95469.40,95550.00,95279.80,95319.60,1575.387
1768536000000,95319.60,95546.60,95111.10,95233.40,4143.845
1768539600000,95233.40,95654.40,95211.00,95615.90,4075.392
1768543200000,95615.90,95790.00,95480.50,95702.50,3279.729
1768546800000,95702.50,95750.00,95432.60,95608.40,2608.384
1768550400000,95608.40,95805.00,95526.20,95628.30,2441.913
1768554000000,95628.40,95741.00,95542.40,95568.10,1591.671
1768557600000,95568.10,95586.40,95254.00,95272.60,2836.653
1768561200000,95272.50,95436.00,95210.50,95382.60,2813.205
1768564800000,95382.50,95536.80,95313.40,95414.60,2360.141
1768568400000,95414.60,95537.90,95238.00,95400.20,2268.122
1768572000000,95400.10,95763.00,95130.00,95137.00,6721.146
1768575600000,95137.00,95658.80,94234.50,94537.50,26171.151
1768579200000,94537.60,94950.00,94454.50,94826.60,7715.958
1768582800000,94826.50,95095.40,94502.80,95041.60,3926.223
1768586400000,95041.70,95191.80,94931.00,94966.60,3699.333
1768590000000,94966.70,95018.30,94793.10,94961.00,1804.722
1768593600000,94961.00,95527.40,94630.00,95517.10,5852.525
1768597200000,95517.20,95550.00,95300.10,95469.60,3228.247
1768600800000,95469.60,95535.60,95193.90,95473.60,2459.692
1768604400000,95473.50,95536.20,95380.00,95503.70,1658.567
1768608000000,95503.80,95536.90,95380.40,95416.90,1461.818
1768611600000,95416.80,95487.90,95332.80,95344.20,1152.073
1768615200000,95344.10,95372.80,95136.20,95318.90,1944.361
1768618800000,95318.80,95344.20,95214.90,95324.00,966.253
1768622400000,95324.10,95326.10,95209.20,95267.40,1056.407
1768626000000,95267.40,95346.10,95230.00,95270.50,923.139
1768629600000,95270.40,95302.90,95133.00,95191.00,897.970
1768633200000,95190.90,95190.90,94999.90,95061.10,1889.260
1768636800000,95061.10,95220.00,94977.50,95213.60,1081.335
1768640400000,95213.60,95260.00,95124.40,95219.50,760.456
1768644000000,95219.50,95236.20,95075.60,95076.60,679.398
1768647600000,95076.70,95287.10,95036.00,95283.90,1510.973
1768651200000,95283.80,95386.00,95189.10,95212.70,1490.972
1768654800000,95212.70,95399.70,95152.10,95399.70,1784.384
1768658400000,95399.60,95500.00,95311.50,95419.90,3469.410
1768662000000,95419.90,95621.90,95378.10,95529.00,4446.261
1768665600000,95529.00,95529.00,95165.50,95265.10,4560.522
1768669200000,95265.00,95395.90,95247.00,95318.10,1453.225
1768672800000,95318.10,95423.00,95294.00,95384.50,829.579
1768676400000,95384.60,95384.60,95247.00,95258.30,949.525
1768680000000,95258.30,95351.60,95247.00,95332.80,825.397
1768683600000,95332.90,95373.20,95247.00,95272.70,823.740
1768687200000,95272.70,95272.80,95000.00,95120.80,2851.591
1768690800000,95120.80,95169.50,95066.10,95107.90,1161.184
1768694400000,95107.90,95200.90,95022.80,95073.10,1387.138
1768698000000,95073.20,95074.10,94819.50,94928.90,2785.410
1768701600000,94928.80,95034.10,94826.10,94989.00,1316.882
1768705200000,94989.10,95175.00,94981.20,95155.00,1110.939
1768708800000,95155.00,95155.00,95035.10,95057.40,778.640
1768712400000,95057.40,95236.50,95008.90,95154.50,1518.638
1768716000000,95154.60,95177.50,95110.00,95142.10,1004.880
1768719600000,95142.10,95152.20,94980.00,94989.90,1511.278
1768723200000,94989.90,95165.50,94980.00,95150.00,1176.241
1768726800000,95150.00,95252.40,95116.00,95233.30,1679.928
1768730400000,95233.40,95257.40,95043.90,95139.90,1302.055
1768734000000,95139.90,95145.90,95034.50,95133.40,989.204
1768737600000,95133.30,95145.90,95044.00,95071.40,784.751
1768741200000,95071.50,95168.40,94850.40,95104.90,6332.545
1768744800000,95105.00,95326.40,94890.00,94917.80,3925.405
1768748400000,94917.90,95076.50,94872.90,95067.80,1618.248
1768752000000,95067.70,95159.90,95024.60,95123.60,1290.149
1768755600000,95123.60,95244.00,95083.00,95231.20,1867.119
1768759200000,95231.10,95481.80,95136.40,95396.20,2739.441
1768762800000,95396.30,95485.90,95281.00,95335.60,1866.767
1768766400000,95335.60,95403.20,95240.90,95259.30,921.239
1768770000000,95259.40,95393.90,95240.30,95386.40,666.511
1768773600000,95386.50,95490.00,95355.50,95442.90,979.580
1768777200000,95442.90,95443.00,93550.30,93614.00,23027.405
1768780800000,93614.00,93614.10,91800.00,92658.30,35377.427
1768784400000,92658.20,92825.60,92173.70,92542.20,7897.945
1768788000000,92542.30,92639.40,92333.40,92516.70,3549.342
1768791600000,92516.80,92748.40,92450.00,92656.60,3165.549
1768795200000,92656.70,92708.80,92459.00,92614.40,2911.552
1768798800000,92614.30,92767.50,92454.50,92471.40,2744.981
1768802400000,92471.40,92591.90,92344.50,92542.80,3368.971
1768806000000,92542.90,92810.00,92510.00,92787.90,2326.214
1768809600000,92787.80,93312.80,92635.00,93200.30,7108.298
1768813200000,93200.20,93208.70,92888.00,93000.00,3202.781
1768816800000,93000.00,93035.20,92836.90,93021.20,1588.740
1768820400000,93021.20,93267.50,92916.90,93136.70,1900.596
1768824000000,93136.80,93188.00,92960.00,93025.90,2072.622
1768827600000,93025.90,93117.10,92741.30,92993.00,3004.783
1768831200000,92992.90,93000.00,92660.00,92779.70,3271.953
1768834800000,92779.80,93051.90,92776.40,93013.50,2792.738
1768838400000,93013.40,93379.00,92947.40,93264.90,3360.617
1768842000000,93265.00,93351.90,93097.30,93195.10,2407.584
1768845600000,93195.10,93226.60,92888.00,93022.90,1876.046
1768849200000,93023.00,93116.60,92948.10,93066.20,925.146
1768852800000,93066.20,93241.80,93055.40,93107.40,1077.879
1768856400000,93107.50,93312.10,92961.40,92968.50,1493.748
1768860000000,92968.50,93033.90,92514.30,92528.10,3609.717
1768863600000,92528.00,92720.30,92116.00,92589.60,7201.827
1768867200000,92589.60,92845.00,92320.20,92676.10,3623.328
1768870800000,92676.10,92840.00,92479.10,92688.70,2519.092
1768874400000,92688.80,92693.40,92330.00,92518.90,4024.819
1768878000000,92519.00,92646.20,92200.00,92397.00,3686.074
1768881600000,92396.90,92440.10,91900.00,92026.20,3690.998
1768885200000,92026.30,92042.10,91235.50,91590.10,15641.676
1768888800000,91590.10,91603.80,90723.30,90894.50,14679.596
1768892400000,90894.50,91268.80,90819.50,91136.10,6088.814
1768896000000,91136.10,91222.00,90622.20,91078.90,8356.049
1768899600000,91078.90,91078.90,90860.80,91002.90,2830.661
1768903200000,91003.00,91252.90,90959.90,91217.70,2880.554
1768906800000,91217.60,91415.10,91167.80,91185.80,3574.825
1768910400000,91185.80,91293.70,91017.70,91240.00,3218.340
1768914000000,91240.00,91250.00,90735.00,90918.90,6177.949
1768917600000,90919.00,91344.80,90228.00,90496.70,20171.764
1768921200000,90496.60,90769.40,89819.00,90644.20,19966.137
1768924800000,90644.30,90944.50,89982.90,90131.90,9334.605
1768928400000,90131.80,90472.20,89388.80,89739.60,12662.226
1768932000000,89739.60,89924.80,89350.00,89471.60,7080.564
1768935600000,89471.50,89775.40,89250.20,89694.10,5653.127
1768939200000,89694.10,89824.00,89360.90,89701.00,5392.556
1768942800000,89700.80,89800.00,89390.50,89445.60,2302.655
1768946400000,89445.60,89617.80,87787.20,88469.00,14923.895
1768950000000,88468.90,88489.20,87850.00,88390.60,9595.896
1768953600000,88390.70,88944.00,88218.20,88895.50,6231.426
1768957200000,88895.50,89128.80,88794.60,88985.20,4485.378
1768960800000,88985.30,89318.00,88941.40,89015.10,3825.835
1768964400000,89015.00,89568.50,89000.10,89396.00,4355.679
1768968000000,89395.90,89621.70,89303.50,89400.40,2776.154
1768971600000,89400.40,90088.00,89384.00,89919.90,6517.487
1768975200000,89919.90,89920.00,89450.00,89618.40,4056.042
1768978800000,89618.40,89733.10,89045.00,89171.30,5965.978
1768982400000,89171.30,89350.00,88922.90,89160.40,4261.807
1768986000000,89160.40,89449.00,89027.40,89068.50,2919.413
1768989600000,89068.50,89356.50,89019.60,89201.00,1852.117
1768993200000,89200.80,89350.30,88614.10,88757.10,4473.135
1768996800000,88757.00,88817.80,88109.70,88692.50,11854.078
1769000400000,88692.50,88999.10,88514.50,88631.20,6611.226
1769004000000,88631.10,89966.00,88567.00,89755.70,20742.786
1769007600000,89755.70,90599.50,89705.00,90237.10,15060.297
1769011200000,90237.20,90323.80,87537.80,87562.30,26291.786
1769014800000,87562.30,88132.20,87205.50,87897.00,17760.108
1769018400000,87897.00,88633.00,87550.00,88441.10,8515.961
1769022000000,88441.10,90427.60,88230.30,90321.90,23749.278
1769025600000,90321.90,90342.50,89413.60,90170.80,11285.689
1769029200000,90170.80,90312.40,89895.30,90203.80,4522.329
1769032800000,90203.80,90349.00,89700.40,89728.50,3422.995
1769036400000,89728.40,90191.90,89317.90,89411.40,6545.631
1769040000000,89411.40,90000.00,89411.30,89869.60,3726.560
1769043600000,89869.70,90164.30,89770.30,90071.10,3079.979
1769047200000,90071.10,90327.70,89805.60,89901.80,3836.416
1769050800000,89901.90,90128.00,89660.30,89857.00,2874.289
1769054400000,89856.90,90045.70,89785.00,89958.30,1999.140
1769058000000,89958.20,90041.30,89879.70,89981.80,1367.997
1769061600000,89981.80,90170.10,89850.00,90122.90,2507.333
1769065200000,90122.90,90153.20,89750.00,89772.60,2621.196
1769068800000,89772.60,89927.80,89701.90,89878.60,2069.639
1769072400000,89878.50,90085.20,89844.70,89995.00,1961.029
1769076000000,89994.90,90074.40,89900.00,90046.60,2525.907
1769079600000,90046.60,90123.00,89865.00,89909.60,2683.102
1769083200000,89909.70,90064.90,89843.70,89985.80,2563.958
1769086800000,89985.70,90309.50,89446.00,89570.00,8863.281
1769090400000,89570.00,89714.50,89012.70,89055.00,13277.294
1769094000000,89055.10,89415.00,88465.60,88953.60,17350.423
1769097600000,88953.70,89231.10,88630.20,89006.90,8830.239
1769101200000,89006.90,89576.50,88971.50,89500.00,5271.379
1769104800000,89500.00,89756.00,89255.90,89295.50,4234.331
1769108400000,89295.40,89882.10,89065.00,89732.90,4586.705
1769112000000,89732.80,89908.50,89355.00,89370.70,3337.227
1769115600000,89370.80,89634.70,89200.00,89222.10,2212.995
1769119200000,89222.20,89535.10,89095.50,89304.70,2468.244
1769122800000,89304.70,89554.20,89124.80,89518.50,1665.558
1769126400000,89518.40,89600.00,89400.00,89484.60,1361.341
1769130000000,89484.60,89900.00,89484.60,89893.70,1996.298
1769133600000,89893.70,89948.90,89605.00,89611.20,2122.123
1769137200000,89611.30,89887.30,89590.50,89886.10,1623.548
1769140800000,89886.20,90050.00,89835.40,89922.50,2299.759
1769144400000,89922.60,89928.30,89434.40,89573.80,3218.153
1769148000000,89573.80,89771.10,89358.00,89474.90,2690.887
1769151600000,89475.00,89653.50,89400.10,89497.20,2141.850
1769155200000,89497.30,89590.90,89099.00,89185.10,4183.235
1769158800000,89185.10,89350.00,88850.00,88939.90,4597.852
1769162400000,88940.00,89120.30,88823.30,89016.60,2779.493
1769166000000,89016.60,89319.00,88966.70,89171.20,2478.532
1769169600000,89171.30,89342.00,89056.60,89220.00,1669.851
1769173200000,89220.00,89411.20,89189.80,89310.60,2248.059
1769176800000,89310.50,89691.70,88590.60,88976.00,12479.133
1769180400000,88976.00,89847.20,88530.00,89711.20,10759.767
1769184000000,89711.20,90455.00,89438.00,90079.00,14426.968
1769187600000,90079.10,91195.00,89931.20,90576.00,16885.696
1769191200000,90576.00,91003.50,90411.80,90486.30,7655.413
1769194800000,90486.30,90499.50,89550.00,89938.30,14361.661
1769198400000,89938.30,90124.10,89163.60,89456.40,6882.035
1769202000000,89456.50,89667.50,89268.00,89301.20,2761.985
1769205600000,89301.20,89719.10,89289.00,89585.30,2062.369
1769209200000,89585.40,89595.70,89427.50,89558.70,1139.842
1769212800000,89558.70,89591.00,89383.50,89414.20,1266.587
1769216400000,89414.20,89553.60,89410.60,89512.80,1019.166
1769220000000,89512.80,89680.00,89512.80,89666.20,1224.614
1769223600000,89666.30,89893.90,89631.60,89738.40,2388.182
1769227200000,89738.40,89820.10,89673.40,89806.70,954.269
1769230800000,89806.80,89817.40,89715.50,89744.50,866.942
1769234400000,89744.50,89747.10,89610.50,89612.40,1073.904
1769238000000,89612.40,89667.60,89530.60,89581.20,1109.130
1769241600000,89581.30,89659.20,89549.20,89635.20,903.970
1769245200000,89635.30,89635.30,89554.20,89567.40,957.084
1769248800000,89567.50,89631.90,89539.50,89590.10,616.407
1769252400000,89590.20,89641.30,89548.50,89548.50,782.372
1769256000000,89548.50,89554.90,89444.50,89497.60,1200.138
1769259600000,89497.60,89500.00,89315.60,89321.70,1226.539
1769263200000,89321.70,89471.70,89131.20,89407.70,4111.063
1769266800000,89407.70,89456.70,89215.20,89235.00,1725.299
1769270400000,89234.90,89332.10,89116.90,89248.60,2719.881
1769274000000,89248.60,89371.60,89216.40,89369.60,1944.082
1769277600000,89369.60,89425.20,89340.30,89351.60,929.192
1769281200000,89351.70,89351.70,89230.20,89286.00,747.954
1769284800000,89286.10,89365.60,89286.00,89333.70,358.475
1769288400000,89333.70,89340.60,89219.60,89340.60,784.086
1769292000000,89340.60,89444.40,89257.00,89390.00,634.984
1769295600000,89390.00,89436.70,89155.00,89180.70,1191.617
1769299200000,89180.70,89275.70,89138.90,89275.70,862.558
1769302800000,89275.70,89281.60,89025.30,89139.70,1263.156
1769306400000,89139.60,89226.80,89100.00,89105.00,700.725
1769310000000,89105.10,89147.00,88800.00,88920.00,3010.767
1769313600000,88920.00,89057.80,88905.60,88977.40,1348.846
1769317200000,88977.40,89015.10,88835.60,88966.10,985.892
1769320800000,88966.10,88966.10,88609.00,88810.00,3301.220
1769324400000,88810.10,88810.10,88600.00,88630.30,1305.965
1769328000000,88630.30,88727.20,88084.00,88254.80,5833.174
1769331600000,88254.90,88453.30,88193.50,88361.60,2494.635
1769335200000,88361.50,88642.70,88361.50,88616.00,2421.386
1769338800000,88616.00,88673.90,88489.10,88531.00,1422.100
1769342400000,88530.90,88760.10,88400.00,88752.00,3886.500
1769346000000,88752.00,88947.10,88610.00,88875.10,3203.924
1769349600000,88875.10,88898.90,88580.00,88666.10,3276.386
1769353200000,88666.10,88728.70,88306.60,88406.00,2510.944
1769356800000,88406.00,88410.00,87511.60,88049.90,16195.391
1769360400000,88049.90,88072.60,87717.50,87845.70,3913.781
1769364000000,87845.70,87950.10,86777.00,87370.10,15430.483
1769367600000,87370.20,87469.20,86100.00,86459.40,20369.715
1769371200000,86459.40,86680.00,86159.10,86618.30,7101.977
1769374800000,86618.40,86966.40,86342.90,86525.10,8031.747
1769378400000,86525.00,86704.90,86139.40,86489.10,5719.173
1769382000000,86489.00,86760.80,86021.70,86628.90,10288.918
1769385600000,86628.90,87150.80,86463.20,86808.40,6887.499
1769389200000,86808.50,87791.50,86772.90,87661.80,11547.453
1769392800000,87661.70,87922.00,87399.90,87514.80,5281.265
1769396400000,87514.70,87643.60,87028.50,87233.10,4924.086
1769400000000,87233.10,87908.40,87188.30,87700.00,4590.318
1769403600000,87699.90,87919.00,87617.10,87776.40,2371.238
1769407200000,87776.50,87999.00,87705.80,87902.60,3406.991
1769410800000,87902.70,88059.60,87665.60,87968.90,3264.203
1769414400000,87969.00,88367.50,87800.00,87947.30,4772.992
1769418000000,87947.40,87968.40,87556.90,87630.40,4759.726
1769421600000,87630.40,87920.00,87620.00,87858.10,1643.547
1769425200000,87858.00,87943.80,87721.20,87810.00,1787.585
1769428800000,87810.10,87934.70,87693.60,87762.10,1873.914
1769432400000,87762.10,88010.30,87651.40,87917.90,2880.669
1769436000000,87917.80,88500.00,87411.20,88137.00,12495.646
1769439600000,88137.00,88834.10,87278.50,87609.50,20669.553
1769443200000,87609.40,87925.50,87159.60,87579.40,8788.298
1769446800000,87579.50,87756.70,86960.00,87657.50,7729.439
1769450400000,87657.40,88375.00,87611.10,88361.90,7285.645
1769454000000,88362.00,88496.40,87904.40,87965.60,4836.130
1769457600000,87965.50,88088.00,87506.80,87595.30,3215.252
1769461200000,87595.30,88199.00,87533.30,88016.50,3751.624
1769464800000,88016.40,88239.00,87953.90,88095.00,1777.578
1769468400000,88094.90,88637.40,87976.50,88300.60,4068.840
1769472000000,88300.60,88431.40,88157.40,88319.40,3004.293
1769475600000,88319.40,88699.90,88162.90,88523.60,3359.247
1769479200000,88523.60,88823.10,88503.30,88785.80,3841.323
1769482800000,88785.70,88880.60,88535.00,88744.60,2566.509
1769486400000,88744.70,88983.30,88463.40,88532.70,3549.805
1769490000000,88532.60,88548.10,88350.30,88424.00,1983.452
1769493600000,88424.00,88493.40,88239.90,88295.40,1667.160
1769497200000,88295.30,88519.50,88278.10,88287.90,1660.951
1769500800000,88288.00,88365.60,88084.00,88137.50,2454.989
1769504400000,88137.60,88137.60,87825.00,87852.60,3579.927
1769508000000,87852.60,88023.10,87722.00,87754.30,2712.961
1769511600000,87754.30,88065.90,87707.10,87947.50,2212.577
1769515200000,87947.40,88126.30,87911.90,87952.20,2166.889
1769518800000,87952.10,88042.60,87755.00,87945.20,2283.074
1769522400000,87945.20,88418.80,87622.00,87712.10,8884.593
1769526000000,87712.20,88167.10,87530.00,88000.10,8383.355
1769529600000,88000.10,88836.30,87962.60,88604.90,12083.571
1769533200000,88604.90,88660.90,87265.40,87510.40,14595.800
1769536800000,87510.30,88488.80,87413.70,88249.60,7630.900
1769540400000,88249.60,88521.50,88006.40,88378.10,4031.412
1769544000000,88378.10,89469.30,88335.60,89360.10,12269.547
1769547600000,89360.00,89499.00,88947.30,89039.50,6362.170
1769551200000,89039.60,89394.90,88966.20,89203.10,2997.299
1769554800000,89203.10,89491.80,89100.00,89197.80,3644.310
1769558400000,89197.80,89429.40,89102.20,89429.20,2651.255
1769562000000,89429.20,89454.60,89153.10,89360.00,2454.437
1769565600000,89360.10,89410.00,89059.80,89245.10,2125.760
1769569200000,89245.10,89273.80,88932.60,89079.80,2794.741
1769572800000,89079.80,89128.00,88800.10,88944.00,2852.229
1769576400000,88944.00,89071.00,88786.00,89051.10,2668.053
1769580000000,89051.10,89366.00,89051.10,89287.90,2502.018
1769583600000,89288.20,89318.60,89072.10,89106.80,1688.507
1769587200000,89106.80,89241.00,88851.00,88901.10,2557.055
1769590800000,88901.10,89554.60,88831.90,89542.60,4130.724
1769594400000,89542.60,89682.50,89284.00,89368.40,4506.739
1769598000000,89368.40,90122.00,89282.90,90036.90,8109.386
1769601600000,90036.90,90138.90,89739.60,89955.00,6887.846
1769605200000,89954.90,90444.40,89909.00,90220.10,8847.883
1769608800000,90220.10,90221.30,89401.60,89578.10,9833.850
1769612400000,89578.10,89820.30,88852.20,89444.40,12487.124
1769616000000,89444.50,89790.60,89207.30,89588.80,5010.794
1769619600000,89588.80,90592.70,89238.80,90142.90,10265.098
1769623200000,90142.90,90149.20,89216.40,89501.00,9427.667
1769626800000,89500.90,89693.90,88974.00,89363.60,8288.575
1769630400000,89363.50,89880.10,88964.70,89099.90,6160.812
1769634000000,89100.00,89449.10,88829.00,89369.30,4380.538
1769637600000,89369.40,89437.60,89093.20,89347.10,1579.074
1769641200000,89347.10,89433.30,89159.20,89261.70,1674.694
1769644800000,89261.70,89316.80,88861.50,89112.00,3108.887
1769648400000,89112.00,89130.00,88508.70,88561.70,4920.263
1769652000000,88561.70,88721.90,87650.10,87857.90,11765.008
1769655600000,87857.90,88226.70,87723.20,88003.20,6379.798
1769659200000,88003.20,88308.80,87863.00,88269.90,3327.162
1769662800000,88270.00,88378.00,88106.00,88149.30,2224.415
1769666400000,88149.30,88300.00,88133.00,88281.10,1411.193
1769670000000,88281.20,88394.20,88211.00,88310.90,2458.524
1769673600000,88310.90,88461.20,87866.20,88028.10,7192.003
1769677200000,88028.00,88120.20,87850.00,87851.10,2428.841
1769680800000,87851.00,87989.00,87773.10,87920.10,2735.236
1769684400000,87920.00,88027.90,87711.00,87795.20,3652.670
1769688000000,87795.10,88084.90,87775.10,88073.80,3141.521
1769691600000,88073.90,88133.20,87907.60,88008.80,2252.287
1769695200000,88008.80,88035.50,86946.10,86978.70,12217.287
1769698800000,86978.80,87013.70,84335.40,84898.00,56858.420
1769702400000,84897.90,85367.20,84222.00,85230.30,24435.811
1769706000000,85230.30,85596.10,83939.00,84225.00,25799.327
1769709600000,84225.00,84595.30,83355.00,83440.90,20038.261
1769713200000,83440.80,84305.20,83338.30,83979.40,12852.154
1769716800000,83979.50,84376.20,83785.60,84186.30,6528.744
1769720400000,84186.40,84623.10,84169.30,84491.00,4833.212
1769724000000,84491.10,84580.00,84271.30,84529.60,2994.048
1769727600000,84529.50,84699.90,84400.00,84604.70,3206.519
1769731200000,84604.70,84697.20,84100.00,84157.40,5599.959
1769734800000,84157.40,84157.50,81000.00,82434.70,40393.430
1769738400000,82434.70,82514.40,81116.00,82128.10,21600.173
1769742000000,82128.00,82709.50,81995.60,82640.90,8808.677
1769745600000,82640.90,83299.90,82640.40,82906.60,8319.547
1769749200000,82906.50,83300.00,82859.40,82873.50,4641.651
1769752800000,82873.50,82882.30,82021.10,82560.80,11070.916
1769756400000,82560.80,83074.40,82431.60,82770.10,9673.815
1769760000000,82770.10,82939.70,82399.00,82625.30,5977.259
1769763600000,82625.30,82793.50,82108.40,82320.50,7319.609
1769767200000,82320.50,82859.00,82115.10,82793.20,5299.280
1769770800000,82793.20,83280.60,82626.90,83104.80,5863.711
1769774400000,83104.70,83296.90,82603.20,82752.80,5940.313
1769778000000,82752.80,83062.00,82372.10,82704.90,6220.079
1769781600000,82704.80,83779.20,82693.90,83061.40,15401.739
1769785200000,83061.50,83577.00,82328.60,82850.20,14499.069
1769788800000,82850.10,83472.80,82504.30,83115.20,9591.399
1769792400000,83115.10,83450.50,82600.00,82908.00,9960.256
1769796000000,82908.00,84159.40,81832.00,83897.30,20774.878
1769799600000,83897.30,84599.00,83875.70,84200.00,12665.495
1769803200000,84199.90,84275.50,83501.00,83890.30,14202.969
1769806800000,83890.30,84487.70,83759.00,84240.30,5962.139
1769810400000,84240.30,84291.50,83875.70,84191.10,2425.282
1769814000000,84191.10,84261.70,83897.00,84211.40,2582.871
1769817600000,84211.40,84239.50,83964.90,84028.10,2987.293
1769821200000,84028.10,84227.10,83861.80,83965.90,2211.450
1769824800000,83966.00,84150.00,83775.50,84085.60,2931.571
1769828400000,84085.50,84190.00,83987.50,83987.50,1210.737
1769832000000,83987.50,84110.00,83899.90,83960.40,1319.613
1769835600000,83960.30,84056.90,83861.70,83961.80,1527.127
1769839200000,83961.80,84012.60,83600.00,83739.10,3018.209
1769842800000,83739.10,83759.90,83368.00,83514.40,4163.495
1769846400000,83514.30,83598.00,82530.20,83031.10,14040.139
1769850000000,83031.10,83265.00,82850.00,83075.30,4170.507
1769853600000,83075.30,83160.00,82880.00,83120.90,2697.263
1769857200000,83121.00,83121.00,82802.30,82983.20,2314.012
1769860800000,82983.20,83115.30,82677.40,82735.60,3716.203
1769864400000,82735.60,82888.00,82449.00,82733.00,5005.762
1769868000000,82733.00,82898.70,80754.30,81452.50,31512.984
1769871600000,81452.50,81760.00,81039.70,81268.60,11498.411
1769875200000,81268.60,82200.00,80050.00,80320.90,33473.680
1769878800000,80321.00,80506.90,78010.10,78857.10,43053.206
1769882400000,78857.00,79100.00,75500.00,77996.80,46661.120
1769886000000,77996.80,78527.10,77144.10,77707.90,17023.471
1769889600000,77707.90,78106.00,77037.80,77956.70,10475.267
1769893200000,77956.60,78330.80,77323.10,78252.40,10511.991
1769896800000,78252.50,78443.10,77931.80,78114.50,5485.210
1769900400000,78114.40,79200.00,78023.90,78706.80,10539.790
1769904000000,78706.70,79396.80,78600.20,78861.20,7371.698
1769907600000,78861.30,78906.30,78245.70,78504.80,5561.053
1769911200000,78504.80,79024.00,78339.60,78856.40,3765.023
1769914800000,78856.40,78971.50,78630.30,78826.30,2548.202
1769918400000,78826.30,79094.90,78680.40,78938.10,2562.343
1769922000000,78938.30,78970.10,78483.00,78583.90,4560.628
1769925600000,78583.90,78791.60,78221.00,78262.90,5182.439
1769929200000,78263.00,78687.20,77899.90,78320.80,6355.807
1769932800000,78320.80,78833.00,78213.60,78571.30,4064.486
1769936400000,78571.40,79107.40,78511.00,78997.00,2823.102
1769940000000,78996.90,79194.00,78099.80,78239.90,8117.405
1769943600000,78240.00,78838.50,78240.00,78712.10,3577.657
1769947200000,78712.10,78724.80,78199.90,78420.60,4017.205
1769950800000,78420.60,78732.00,78149.30,78280.70,3870.328
1769954400000,78280.80,78500.00,77206.30,78179.40,20060.992
1769958000000,78179.40,78220.40,76752.50,77563.80,18004.490
1769961600000,77563.80,77813.70,77056.70,77459.20,10025.064
1769965200000,77459.20,77721.50,77259.50,77711.00,5371.051
1769968800000,77711.10,78421.60,77689.10,77995.90,8662.712
1769972400000,77995.90,78073.90,76950.90,77142.40,5806.057
1769976000000,77142.40,77708.20,76543.70,77073.50,10019.653
1769979600000,77073.60,77140.20,76307.40,76489.00,10731.037
1769983200000,76489.00,77753.60,76406.40,77211.40,9478.224
1769986800000,77211.40,77586.90,75644.00,76931.50,24447.424
1769990400000,76931.60,78111.00,76560.80,77638.60,11712.592
1769994000000,77638.50,77915.00,76568.80,77482.20,10329.369
1769997600000,77482.10,77529.30,76403.50,76447.20,8411.995
1770001200000,76447.10,76538.70,74555.00,76256.20,39578.562
1770004800000,76256.20,76579.40,75286.20,75856.30,13515.066
1770008400000,75856.30,75958.90,74853.00,75449.60,13453.056
1770012000000,75449.60,76800.00,74900.10,76511.30,19593.760
1770015600000,76511.30,76930.00,76282.20,76612.60,9587.379
1770019200000,76612.60,77157.80,76576.70,76831.20,7340.414
1770022800000,76831.20,77776.70,76610.90,77666.00,11770.136
1770026400000,77666.00,77815.80,77420.70,77463.30,6048.220
1770030000000,77463.30,77937.70,77398.20,77716.10,5754.225
1770033600000,77716.00,78400.00,77665.00,77947.50,8673.630
1770037200000,77947.50,78452.50,77756.50,78172.10,7190.530
1770040800000,78172.20,78835.50,77570.00,77797.60,21814.005
1770044400000,77797.80,79311.00,77515.60,78800.60,21275.715
1770048000000,78800.50,79248.00,78525.70,78588.80,10325.914
1770051600000,78588.80,79166.20,78553.10,78936.80,6248.465
1770055200000,78936.70,78936.70,78318.50,78523.90,6268.720
1770058800000,78523.90,78652.30,78234.90,78299.20,4352.336
1770062400000,78299.10,78634.00,77843.20,77976.70,7009.608
1770066000000,77976.90,78520.00,77880.00,78489.00,3649.632
1770069600000,78489.00,78818.20,78488.90,78758.20,2505.842
1770073200000,78758.30,78935.90,78520.40,78692.50,3237.243
1770076800000,78692.50,79070.40,78366.60,79031.10,4664.695
1770080400000,79031.10,79163.00,78677.00,78980.00,3594.649
1770084000000,78980.00,78980.10,77750.20,77774.80,7063.983
1770087600000,77774.80,78874.90,77566.50,78710.70,9532.793
1770091200000,78710.70,78967.90,78431.50,78767.40,5652.949
1770094800000,78767.50,78775.70,78183.80,78202.90,3605.733
1770098400000,78202.80,78635.00,77900.10,78557.30,6181.705
1770102000000,78557.40,78898.90,78448.10,78749.90,4420.110
1770105600000,78750.00,79049.00,78426.00,78708.70,4993.386
1770109200000,78708.70,78803.60,77900.00,78351.50,10554.022
1770112800000,78351.40,78520.00,78012.30,78077.20,3743.385
1770116400000,78077.30,78315.90,77960.00,78040.10,3912.604
1770120000000,78040.10,78377.80,77950.00,78289.80,4021.096
1770123600000,78289.80,78425.80,78150.00,78260.40,4227.172
1770127200000,78260.40,78397.50,77131.20,77164.50,18781.526
1770130800000,77164.50,78184.00,77000.50,78094.10,24417.328
1770134400000,78094.20,78101.50,76448.00,76458.20,24540.659
1770138000000,76458.20,76500.00,74844.70,74882.40,28936.029
1770141600000,74882.40,75267.80,73100.00,73111.70,44143.435
1770145200000,73111.70,75221.40,72889.20,74893.80,40615.508
1770148800000,74893.90,76690.00,74541.00,76431.90,24533.336
1770152400000,76431.90,76920.70,76069.00,76199.90,9470.027
1770156000000,76200.00,76269.60,75377.30,75672.50,9419.354
1770159600000,75672.50,75969.30,75393.40,75732.40,6700.032
1770163200000,75732.40,76229.10,75420.00,75871.00,6394.408
1770166800000,75871.00,76786.10,75871.00,76392.00,7247.042
1770170400000,76392.10,76571.90,75670.00,75926.80,5834.487
1770174000000,75926.90,76952.50,75870.50,76661.10,5754.356
1770177600000,76661.10,76809.40,76385.10,76448.00,2713.172
1770181200000,76448.00,76497.20,76072.00,76255.00,3255.829
1770184800000,76255.00,76761.00,76218.50,76616.90,3682.973
1770188400000,76616.80,76626.40,76304.00,76478.90,3514.953
1770192000000,76478.90,76557.80,76027.00,76541.30,5698.674
1770195600000,76541.20,76568.00,75925.50,76081.90,5305.818
1770199200000,76082.00,76308.90,76025.60,76266.80,3386.506
1770202800000,76266.70,76266.80,75629.90,75987.60,9441.372
1770206400000,75987.60,76245.50,75968.50,76160.00,5058.132
1770210000000,76160.00,76163.60,74829.60,74838.40,12929.177
1770213600000,74838.30,75764.40,74201.50,74328.90,25722.339
1770217200000,74329.00,75299.00,73756.00,74107.00,34340.197
1770220800000,74107.00,74211.80,73038.00,73609.10,30314.166
1770224400000,73609.10,73825.70,72101.00,72544.20,35666.746
1770228000000,72544.30,74097.60,72227.80,73398.40,30771.346
1770231600000,73398.40,73987.40,73004.00,73895.30,13987.103
1770235200000,73895.20,74141.10,73390.10,73488.90,7235.643
1770238800000,73488.90,73632.00,72150.00,72772.80,10132.452
1770242400000,72772.90,73675.30,71838.00,72511.10,15964.689
1770246000000,72511.00,73500.00,72431.30,73137.40,8773.059
1770249600000,73137.50,73300.00,72724.00,72838.90,6424.887
1770253200000,72838.90,73316.30,71950.00,72389.20,14434.871
1770256800000,72389.10,72832.50,71263.10,71429.10,24176.335
1770260400000,71429.10,71850.00,71111.00,71198.90,16641.703
1770264000000,71199.00,71420.30,70676.30,70873.20,23330.560
1770267600000,70863.90,71122.00,70085.30,70694.90,21443.230
1770271200000,70694.80,70955.00,70367.10,70911.40,11973.932
1770274800000,70911.50,71600.00,70587.50,70716.10,13881.524
1770278400000,70716.10,71511.00,70639.70,71020.90,9452.816
1770282000000,71020.90,71944.40,71006.50,71531.70,11658.845
1770285600000,71531.60,71693.30,70609.40,70820.30,9242.383
1770289200000,70820.30,71020.00,69862.00,70279.00,24802.093
1770292800000,70279.10,70566.60,69112.10,69532.90,35071.848
1770296400000,69532.90,69798.60,69223.00,69656.30,12997.128
1770300000000,69656.30,70848.60,69247.30,69365.50,30259.452
1770303600000,69365.40,69569.60,66666.00,67451.90,90464.247
1770307200000,67452.00,68667.40,66904.20,68262.70,36078.283
1770310800000,68262.70,68348.60,66125.00,66153.90,42861.988
1770314400000,66153.80,66519.20,65359.10,66312.10,37138.161
1770318000000,66312.10,66615.30,65160.00,65237.40,22706.810
1770321600000,65237.50,65678.10,62233.30,63750.90,77533.689
1770325200000,63750.90,64759.20,62853.90,63188.80,45680.642
1770328800000,63188.80,64591.10,62644.30,63878.70,25968.909
1770332400000,63878.70,64866.00,62666.30,62868.10,25865.405
1770336000000,62868.10,63812.50,59800.00,63460.40,94089.579
1770339600000,63460.40,65741.40,63458.10,65666.00,39678.824
1770343200000,65666.00,65969.50,64124.90,64955.60,28572.122
1770346800000,64955.60,65126.90,63702.30,64138.10,14629.783
1770350400000,64138.10,64974.80,63924.70,64865.10,9945.249
1770354000000,64865.10,66783.00,64767.30,66365.30,19082.992
1770357600000,66365.30,66753.70,64805.30,64947.60,23433.626
1770361200000,64947.60,65509.60,64590.10,64811.20,17636.101
1770364800000,64811.20,65168.90,64438.90,64850.10,13883.424
1770368400000,64850.20,66119.20,64716.60,65757.90,15267.607
1770372000000,65757.90,66198.70,65500.00,65929.40,11219.667
1770375600000,65929.50,66773.40,65732.10,66586.10,13740.050
1770379200000,66586.10,66588.00,66072.00,66522.60,9918.345
1770382800000,66522.70,67661.80,66440.80,67274.90,24032.659
1770386400000,67274.90,68588.00,66539.30,68149.10,39719.043
1770390000000,68149.10,69157.90,67715.00,68577.50,32017.004
1770393600000,68577.50,70188.80,68348.00,69896.00,35363.519
1770397200000,69896.00,71451.60,69536.00,70707.30,33804.794
1770400800000,70707.30,70772.10,69301.80,69728.70,26679.981
1770404400000,69728.70,70927.80,69608.00,70675.50,12127.002
1770408000000,70675.50,70954.70,69925.30,69939.00,13222.419
1770411600000,69939.00,70454.80,69764.70,70308.70,6390.025
1770415200000,70308.70,71550.00,70227.70,71321.10,12899.943
1770418800000,71321.20,71714.40,70469.10,70544.50,11829.011
1770422400000,70544.50,70569.40,69674.50,69917.10,14132.531
1770426000000,69917.20,70665.10,69695.90,70431.10,7386.123
1770429600000,70431.00,70589.10,70101.10,70319.00,4176.687
1770433200000,70319.10,70899.50,70237.40,70887.10,6160.414
1770436800000,70887.20,71690.00,70564.00,70728.70,12773.123
1770440400000,70728.60,71150.00,69906.40,70124.60,11941.722
1770444000000,70124.60,70274.50,68700.00,68733.60,19458.749
1770447600000,68733.60,69050.00,67250.00,68050.50,44529.556
1770451200000,68050.50,68797.80,67710.80,68458.50,16734.464
1770454800000,68458.60,68732.00,67855.00,68107.40,9297.469
1770458400000,68107.30,68288.00,67550.20,67954.80,7765.738
1770462000000,67954.80,68132.10,67639.20,67935.10,6036.474
1770465600000,67935.00,70000.00,67870.20,68988.70,30337.618
1770469200000,68988.70,69333.00,68771.80,69062.80,7345.268
1770472800000,69062.90,69154.90,68290.00,68615.90,8372.204
1770476400000,68615.80,69776.90,68519.90,69122.10,13671.289
1770480000000,69122.10,69887.70,68801.00,68924.30,18840.729
1770483600000,68924.40,69399.20,68478.10,69154.30,7519.676
1770487200000,69154.20,69672.60,68966.90,69475.00,4883.362
1770490800000,69475.00,69555.20,69222.30,69341.40,2843.488
1770494400000,69341.30,69688.20,69216.60,69596.50,2410.976
1770498000000,69596.50,69669.70,69312.00,69466.30,2010.778
1770501600000,69466.20,69673.60,69273.50,69368.20,1928.806
1770505200000,69368.20,69436.80,68734.60,69254.20,6106.407
1770508800000,69254.30,69399.40,68843.70,69100.20,4054.301
1770512400000,69100.30,69478.20,69057.40,69341.50,3303.609
1770516000000,69341.40,69666.00,69111.00,69335.70,4375.413
1770519600000,69335.70,69418.20,69026.50,69064.70,3178.329
1770523200000,69064.70,69348.80,68928.00,69303.40,2424.538
1770526800000,69303.40,69397.10,69112.20,69190.70,2627.932
1770530400000,69190.80,69391.10,69055.00,69321.80,2808.127
1770534000000,69321.70,69693.00,69175.90,69665.00,4242.838
1770537600000,69665.10,70790.00,69467.90,70624.50,16299.522
1770541200000,70624.40,70671.50,70058.00,70066.80,6897.388
1770544800000,70066.90,70422.20,69839.10,70231.10,10093.150
1770548400000,70231.10,71199.90,70182.10,70954.00,10531.788
1770552000000,70954.00,71281.30,70653.00,71203.40,7465.325
1770555600000,71203.40,71479.70,70921.60,71472.60,7550.342
1770559200000,71472.50,71524.90,71047.10,71218.30,5452.751
1770562800000,71218.30,71433.20,70730.20,71152.60,7786.826
1770566400000,71152.50,71225.50,70220.10,70388.70,9205.941
1770570000000,70388.60,70840.90,70374.80,70754.50,5510.516
1770573600000,70754.40,71376.30,70710.40,71103.10,5755.059
1770577200000,71103.00,71480.00,71100.50,71381.00,2974.356
1770580800000,71381.00,71381.30,70657.70,70801.50,4304.587
1770584400000,70801.50,71103.80,70500.00,70665.40,3400.505
1770588000000,70665.50,71076.40,70607.40,71036.20,2602.596
1770591600000,71036.20,72300.00,69913.30,70288.10,29907.848
1770595200000,70288.20,70738.50,70065.80,70454.10,7449.806
1770598800000,70453.80,70892.80,70013.30,70328.00,7691.265
1770602400000,70327.90,70979.80,70175.10,70593.00,5502.864
1770606000000,70593.10,71434.90,70571.40,71269.90,7431.204
1770609600000,71269.80,71320.00,70875.00,70967.00,4094.329
1770613200000,70966.90,71079.00,70766.80,71014.20,3491.471
1770616800000,71014.10,71014.20,70251.10,70622.40,6532.962
1770620400000,70622.40,70868.10,70317.80,70393.50,5044.225
1770624000000,70393.50,70583.30,69358.60,69832.20,13254.842
1770627600000,69832.10,70081.90,69429.50,69588.00,7835.646
1770631200000,69587.90,69698.90,68373.90,68694.00,19882.710
1770634800000,68694.10,68997.60,68550.00,68899.90,8037.784
1770638400000,68900.00,69220.00,68822.20,69109.70,8382.834
1770642000000,69109.70,69275.70,68548.30,68556.90,8131.572
1770645600000,68557.00,69740.40,68271.70,69232.40,23586.094
1770649200000,69232.50,69843.70,68767.60,69528.90,16427.319
1770652800000,69528.90,70389.50,69050.00,70049.10,14912.022
1770656400000,70049.10,71008.00,69824.40,70570.60,15731.566
1770660000000,70570.60,70978.60,70045.90,70379.90,9082.287
1770663600000,70379.90,71041.00,70213.10,70912.70,7258.748
1770667200000,70912.60,71085.00,70450.00,70683.90,7956.699
1770670800000,70683.90,70758.00,69776.10,70362.40,8040.421
1770674400000,70362.40,70687.90,70236.30,70334.20,3671.125
1770678000000,70334.20,70542.90,70042.10,70110.50,3013.033
1770681600000,70110.60,70226.30,69705.80,69793.30,5042.715
1770685200000,69793.30,70499.90,69793.30,70454.70,5037.602
1770688800000,70454.70,70454.70,69952.80,70068.40,3527.539
1770692400000,70068.50,70137.40,69155.80,69473.30,8925.251
1770696000000,69473.20,69886.10,69432.90,69800.50,5095.792
1770699600000,69800.50,69832.10,69169.10,69415.30,5921.583
1770703200000,69415.40,69469.80,68633.30,68872.40,9749.316
1770706800000,68872.40,69173.40,68800.10,68882.10,6144.663
1770710400000,68882.20,69195.20,68686.90,69091.90,6812.081
1770714000000,69091.80,69376.30,68913.90,69115.00,6222.059
1770717600000,69115.00,69232.70,68876.50,68884.80,3084.900
1770721200000,68884.80,69048.90,68406.40,68489.90,8671.396
1770724800000,68489.90,68819.10,68370.30,68564.80,6344.953
1770728400000,68564.70,69099.60,68318.00,68981.90,8027.556
1770732000000,68981.80,69554.70,67883.00,68426.30,27724.225
1770735600000,68426.30,69485.00,68258.70,69251.50,19063.302
1770739200000,69251.40,69778.00,68889.70,69473.50,10899.266
1770742800000,69473.50,69957.90,69267.80,69886.60,8006.235
1770746400000,69886.50,69910.10,68555.60,68860.00,10012.650
1770750000000,68860.00,69278.20,68658.90,69031.40,5821.034
1770753600000,69031.30,69116.90,68585.60,68719.20,4464.833
1770757200000,68719.20,68980.00,68322.10,68623.30,4547.422
1770760800000,68623.30,68833.50,68526.60,68662.70,2536.382
1770764400000,68662.70,68830.80,68468.90,68805.30,2189.854
1770768000000,68805.30,69218.30,68750.00,69156.80,3950.544
1770771600000,69156.90,69262.70,68868.80,68947.50,2672.496
1770775200000,68947.50,69132.70,68563.80,68641.30,3918.734
1770778800000,68641.30,68718.00,67951.80,68143.60,8603.423
1770782400000,68143.60,68288.00,67320.00,67548.80,13524.481
1770786000000,67548.80,67781.40,67357.00,67367.80,5558.451
1770789600000,67367.80,67463.40,66511.00,66788.00,15850.000
1770793200000,66786.30,67225.00,66600.10,67000.00,8187.628
1770796800000,67000.00,67094.40,66755.20,66950.30,5194.714
1770800400000,66950.30,67085.50,66682.10,66848.60,4120.254
1770804000000,66848.60,66864.80,66342.60,66506.00,8850.049
1770807600000,66506.10,67087.40,66477.90,67023.00,7071.645
1770811200000,67022.90,67400.00,66922.50,67099.20,9017.220
1770814800000,67099.20,67638.40,66757.90,67424.20,16779.184
1770818400000,67424.10,68821.10,66400.00,66559.90,39554.805
1770822000000,66559.80,66788.70,65718.50,66489.30,29237.621
1770825600000,66489.40,67250.00,65910.00,66008.00,16888.019
1770829200000,66008.00,66895.00,65834.50,66489.10,11145.115
1770832800000,66489.10,67274.60,66114.50,67239.20,8778.468
1770836400000,67239.20,67831.40,67069.40,67547.70,10690.909
1770840000000,67547.60,67720.00,67138.40,67523.20,5348.964
1770843600000,67523.30,68315.00,67371.50,67780.60,10323.114
1770847200000,67780.60,67844.10,67352.60,67392.00,4026.619
1770850800000,67392.10,67528.70,66757.40,67054.40,7333.067
1770854400000,67054.80,67685.00,67016.60,67431.60,6121.490
1770858000000,67431.70,68021.00,67430.50,67668.40,6103.855
1770861600000,67668.30,67769.10,67370.70,67408.30,4180.768
1770865200000,67408.30,67564.10,67267.10,67550.20,2723.961
1770868800000,67550.30,67659.60,66962.80,66989.90,6024.710
1770872400000,66989.80,67178.20,66640.00,67110.10,5661.380
1770876000000,67110.10,67329.00,66976.80,67096.10,3145.660
1770879600000,67096.10,67296.80,66902.60,67181.50,3137.466
1770883200000,67181.50,67313.90,66860.00,67107.30,3535.509
1770886800000,67107.40,67699.90,67012.50,67517.70,5312.339
1770890400000,67517.70,67998.80,67372.10,67979.50,5671.900
1770894000000,67979.40,68265.50,67650.10,68031.80,9190.079
1770897600000,68031.80,68125.80,67684.80,67832.40,6241.212
1770901200000,67832.40,68375.90,67643.30,68339.90,8579.923
1770904800000,68340.00,68385.00,67448.40,67547.50,12764.267
1770908400000,67547.80,67970.90,66958.00,67107.00,17537.156
1770912000000,67107.00,67221.90,65503.20,65825.70,32467.878
1770915600000,65825.70,66238.80,65320.40,65383.90,16841.360
1770919200000,65383.80,65763.00,65081.00,65559.40,12697.179
1770922800000,65559.40,66090.80,65234.00,65760.70,8965.275
1770926400000,65760.70,66008.70,65177.80,65401.00,7181.946
1770930000000,65401.00,65873.30,65400.10,65821.80,3994.025
1770933600000,65821.70,66382.00,65610.00,66262.40,6146.564
1770937200000,66262.40,66460.80,66131.10,66243.10,5767.357
1770940800000,66243.20,66498.40,65833.90,65881.40,5842.004
1770944400000,65881.50,66595.20,65881.50,66423.40,4784.428
1770948000000,66423.40,66732.80,66345.10,66627.90,3555.029
1770951600000,66628.00,66778.50,66423.10,66519.60,3869.004
1770955200000,66519.60,66650.20,66273.40,66299.90,3143.937
1770958800000,66300.00,66477.10,66151.50,66151.50,3317.222
1770962400000,66151.50,66367.50,65964.20,66333.70,3966.275
1770966000000,66333.70,66545.70,66012.20,66183.30,5353.404
1770969600000,66183.30,66723.00,66159.90,66673.00,5100.090
1770973200000,66673.00,67046.20,66574.90,66924.30,6938.023
1770976800000,66924.40,67095.10,66766.10,66939.40,5500.592
1770980400000,66939.50,67196.80,66750.00,67137.80,5321.733
1770984000000,67137.80,67180.10,66887.00,67050.00,3807.097
1770987600000,67050.10,67600.00,66903.00,67238.20,12858.003
1770991200000,67238.10,67999.90,66823.60,67709.50,20175.242
1770994800000,67709.60,69289.50,67653.00,68652.00,34623.808
1770998400000,68652.10,69473.70,68500.00,68920.80,17731.884
1771002000000,68920.90,69215.70,68593.80,69003.90,8251.271
1771005600000,69004.00,69378.80,68853.90,69086.70,7384.669
1771009200000,69086.80,69197.00,68865.20,68904.20,4796.435
1771012800000,68904.30,68936.10,68639.70,68750.10,5954.506
1771016400000,68750.10,69055.90,68700.10,68869.20,4475.315
1771020000000,68869.20,68975.90,68674.60,68968.90,3534.643
1771023600000,68968.90,68985.40,68784.10,68821.50,2758.675
1771027200000,68821.50,69118.10,68736.20,69062.20,3401.089
1771030800000,69062.20,69082.80,68888.10,68932.00,2790.614
1771034400000,68932.00,68981.10,68817.20,68849.20,2150.014
1771038000000,68849.30,68994.10,68818.00,68947.70,1300.980
1771041600000,68947.70,68967.30,68755.60,68763.60,1524.606
1771045200000,68763.50,68878.30,68712.80,68738.10,1721.191
1771048800000,68738.20,68897.60,68689.10,68895.30,1668.924
1771052400000,68895.40,69318.20,68848.10,69182.20,4212.664
1771056000000,69182.10,69847.10,69174.50,69707.30,9014.765
1771059600000,69707.30,69868.60,69532.30,69675.60,3644.123
1771063200000,69675.60,69675.60,69542.30,69633.80,1814.741
1771066800000,69633.80,70557.70,69633.70,70464.80,12955.143
1771070400000,70464.80,70499.40,69525.60,69602.20,13120.622
1771074000000,69602.20,69734.00,69163.70,69430.10,12223.314
1771077600000,69430.00,69825.00,69295.00,69667.30,6006.689
1771081200000,69667.30,70010.60,69528.30,69754.20,5019.742
1771084800000,69754.20,69787.30,69259.10,69731.30,7558.442
1771088400000,69731.20,69903.30,69581.90,69710.90,3909.046
1771092000000,69710.90,69832.00,69641.60,69741.00,2188.209
1771095600000,69741.10,69897.10,69573.80,69849.00,2297.747
1771099200000,69848.90,69999.00,69682.00,69987.40,3403.725
1771102800000,69987.50,70230.60,69600.00,69896.40,6008.469
1771106400000,69896.40,70065.00,69737.00,69927.30,2899.885
1771110000000,69927.30,69984.60,69678.10,69795.40,3699.502
1771113600000,69795.40,69827.30,69562.00,69743.40,3238.879
1771117200000,69743.40,69872.10,69316.00,69684.90,4637.493
1771120800000,69684.90,69726.90,69325.90,69450.60,2795.265
1771124400000,69450.60,69967.40,69212.20,69926.00,7900.260
1771128000000,69925.90,70499.80,69925.90,70157.00,11091.112
1771131600000,70156.90,70467.80,70101.50,70235.90,3563.703
1771135200000,70235.90,70514.80,70150.00,70370.20,3469.854
1771138800000,70370.20,70907.70,70275.50,70784.00,8122.703
1771142400000,70784.00,70938.50,70114.80,70405.10,9186.136
1771146000000,70405.10,70628.00,70330.70,70382.50,3031.758
1771149600000,70382.50,70487.80,70166.90,70389.50,3119.240
1771153200000,70389.60,70514.60,70237.10,70268.70,2979.669
1771156800000,70268.60,70391.00,69266.10,69284.90,13184.430
1771160400000,69285.00,69593.20,68741.40,68907.20,17152.700
1771164000000,68907.20,69180.00,68811.50,69140.00,6859.823
1771167600000,69139.90,69230.00,68845.00,69068.10,4590.096
1771171200000,69068.10,69074.00,68753.00,68977.60,4280.153
1771174800000,68977.60,69050.40,68152.00,68607.80,10221.126
1771178400000,68607.80,68770.90,68313.60,68420.00,7148.019
1771182000000,68420.00,68542.60,68029.60,68263.60,8934.921
1771185600000,68263.70,68535.40,68100.20,68420.10,2740.043
1771189200000,68420.10,68934.00,68420.10,68809.00,4572.847
1771192800000,68809.00,69049.20,68756.30,68962.20,2987.689
1771196400000,68962.20,68962.20,68291.10,68796.90,5442.211
1771200000000,68796.90,69033.60,68656.90,68810.40,3489.707
1771203600000,68810.40,69010.00,68409.30,68590.80,3231.459
1771207200000,68590.80,68697.90,68210.80,68295.10,3433.838
1771210800000,68295.20,68439.90,68112.20,68392.60,3282.435
1771214400000,68392.60,68869.80,68385.00,68832.40,3560.902
1771218000000,68832.40,68860.70,68255.00,68350.10,3036.166
1771221600000,68350.10,68496.90,68183.30,68414.80,2336.176
1771225200000,68414.80,68637.10,68330.40,68552.40,3390.245
1771228800000,68552.50,68769.50,68503.20,68724.50,2757.790
1771232400000,68724.50,69029.90,68707.00,68961.10,4388.670
1771236000000,68961.00,68961.00,68656.90,68762.00,2408.932
1771239600000,68762.00,68899.30,68300.00,68769.40,6290.391
1771243200000,68769.40,69826.00,68769.00,69739.30,15011.463
1771246800000,69739.30,70110.90,68180.00,68355.60,25343.395
1771250400000,68355.50,68684.40,68208.60,68386.70,8923.954
1771254000000,68386.60,68578.40,67250.00,67505.50,20303.632
1771257600000,67505.50,67950.00,67475.00,67854.00,7786.366
1771261200000,67854.10,68048.30,67557.20,67917.20,4993.367
1771264800000,67917.20,68221.70,67800.00,67833.00,5756.956
1771268400000,67833.00,68108.90,67785.40,67883.60,2130.030
1771272000000,67883.50,68544.00,67788.60,68508.90,5435.593
1771275600000,68508.90,68928.60,68400.00,68835.10,4982.790
1771279200000,68835.20,68870.70,68471.00,68561.10,3838.864
1771282800000,68561.10,68962.10,68508.00,68862.50,3466.627
1771286400000,68862.60,69033.00,68667.10,68849.90,3837.321
1771290000000,68849.90,68972.30,68537.00,68582.60,3318.034
1771293600000,68582.70,69228.60,68350.00,68806.30,5999.397
1771297200000,68806.30,68832.70,68435.70,68443.60,3323.125
1771300800000,68443.60,68681.80,68251.00,68450.10,3559.070
1771304400000,68450.00,68485.10,67854.20,68207.30,6793.287
1771308000000,68207.20,68496.40,68191.90,68370.80,2312.074
1771311600000,68370.70,68451.80,68133.10,68353.40,2771.063
1771315200000,68353.40,68445.80,68093.00,68140.00,2540.194
1771318800000,68139.90,68277.00,67951.60,68087.10,3457.198
1771322400000,68087.00,68164.60,67655.00,67822.10,5253.726
1771326000000,67822.10,67905.80,67656.50,67824.40,3948.353
1771329600000,67824.30,68272.50,67795.00,67893.20,6084.282
1771333200000,67893.30,68350.00,67700.30,68105.30,7085.474
1771336800000,68105.30,68319.50,66676.10,66846.70,21218.988
1771340400000,66846.80,67381.50,66588.00,67363.60,16794.164
1771344000000,67363.60,68127.90,67286.40,67493.10,15426.984
1771347600000,67493.10,67697.20,66824.50,67208.60,10398.168
1771351200000,67208.50,68209.00,67088.70,68063.30,9173.279
1771354800000,68063.30,68220.10,67703.50,67766.90,5922.669
1771358400000,67766.90,67896.10,67426.40,67719.30,4106.759
1771362000000,67718.00,67897.60,67500.00,67642.40,2203.405
1771365600000,67642.40,67755.00,67473.20,67498.20,1511.448
1771369200000,67498.10,67592.80,67355.70,67475.90,2146.660
1771372800000,67475.90,67595.50,67241.70,67263.90,2525.282
1771376400000,67267.00,67346.50,66850.10,67137.20,5545.605
1771380000000,67137.20,67398.20,67115.20,67297.90,2734.463
1771383600000,67298.00,67683.40,67294.70,67590.20,3054.107
1771387200000,67590.30,67872.80,67456.60,67790.90,3496.315
1771390800000,67790.90,67909.90,67572.00,67613.40,3560.920
1771394400000,67613.30,67948.00,67577.00,67813.50,2411.858
1771398000000,67813.60,68190.20,67655.90,68078.40,4282.272
1771401600000,68078.50,68438.00,68033.00,68099.90,7161.381
1771405200000,68099.90,68249.20,67966.00,68128.40,3514.590
1771408800000,68128.40,68153.70,67704.00,67771.20,4581.366
1771412400000,67771.20,67781.40,67037.20,67345.40,12045.744
1771416000000,67345.40,67658.00,67312.00,67429.80,4101.002
1771419600000,67429.90,67566.40,67007.00,67202.20,5965.911
1771423200000,67202.30,67329.90,66666.20,67190.50,12931.349
1771426800000,67190.40,68336.00,67159.50,67671.00,20144.567
1771430400000,67671.10,67684.60,66933.00,67104.80,13995.137
1771434000000,67104.80,67455.70,67021.80,67156.30,5566.242
1771437600000,67156.60,67203.70,66129.60,66327.20,15106.978
1771441200000,66327.20,66588.00,65826.10,66138.20,13685.695
1771444800000,66138.30,66528.80,66098.90,66230.20,7627.587
1771448400000,66230.30,66466.80,65993.10,66300.60,5568.422
1771452000000,66300.50,66451.50,66192.70,66379.00,1860.076
1771455600000,66379.00,66472.60,66240.00,66422.80,2506.522
1771459200000,66422.80,66573.60,66301.80,66410.70,2414.967
1771462800000,66410.80,66842.60,66407.90,66830.30,4017.947
1771466400000,66830.40,66933.00,66610.50,66800.70,3376.350
1771470000000,66800.80,66975.00,66690.10,66950.40,2140.167
1771473600000,66950.40,67042.30,66721.70,66776.40,3540.004
1771477200000,66776.50,66867.70,66651.80,66847.60,2124.787
1771480800000,66847.60,67275.40,66836.50,67123.80,4125.633
1771484400000,67123.80,67299.40,67001.60,67180.40,3197.407
1771488000000,67180.40,67180.40,66769.00,66937.70,4992.942
1771491600000,66937.70,67173.80,66724.60,66811.80,4295.724
1771495200000,66811.70,66942.50,66711.60,66810.10,2682.196
1771498800000,66810.00,66907.40,66431.10,66468.90,5663.747
1771502400000,66468.80,66655.50,66272.40,66489.60,6977.581
1771506000000,66489.50,66529.40,65716.70,65871.20,15683.408
1771509600000,65871.20,66635.50,65595.70,66381.90,17468.809
1771513200000,66382.00,66723.00,65931.20,66362.70,13215.867
1771516800000,66362.60,66494.70,65863.80,66267.60,8870.021
1771520400000,66267.60,67035.00,66140.90,66336.10,12509.252
1771524000000,66336.00,67067.30,66215.10,67003.20,11054.245
1771527600000,67003.20,67174.00,66667.00,67022.90,6888.180
1771531200000,67022.80,67147.80,66784.30,67118.70,4095.459
1771534800000,67118.60,67144.00,66867.50,66893.20,2482.746
1771538400000,66893.10,66975.90,66618.20,66873.90,3481.079
1771542000000,66873.90,66997.90,66784.10,66974.00,2134.083
1771545600000,66973.90,67490.00,66912.40,67190.10,7309.963
1771549200000,67190.20,67326.00,67115.20,67249.20,3013.908
1771552800000,67249.30,67318.90,67137.50,67208.10,2188.245
1771556400000,67208.00,67466.80,67206.60,67327.20,3650.977
1771560000000,67327.20,67359.30,67079.30,67228.40,4206.018
1771563600000,67228.50,67999.90,67166.10,67756.00,10525.630
1771567200000,67756.10,67865.20,67612.90,67809.40,4648.200
1771570800000,67809.50,67956.30,67704.50,67794.70,3751.544
1771574400000,67794.80,67920.00,67716.60,67839.90,2681.315
1771578000000,67839.80,68199.40,67839.80,68174.10,7335.101
1771581600000,68174.20,68283.70,67733.80,67909.70,7861.981
1771585200000,67909.80,67945.10,67250.00,67290.50,9755.627
1771588800000,67290.40,67577.10,67222.70,67498.90,7385.525
1771592400000,67498.90,67503.30,66408.10,66784.80,27320.453
1771596000000,66784.80,67299.90,66629.90,67043.20,15720.310
1771599600000,67043.20,68099.90,66500.80,67547.60,38584.584
1771603200000,67547.60,67888.00,67253.00,67763.20,13764.663
1771606800000,67763.20,67763.20,66915.00,67582.00,23395.274
1771610400000,67581.90,67998.90,67437.60,67901.10,11853.491
1771614000000,67901.00,67983.00,67506.80,67616.50,4978.617
1771617600000,67616.50,67800.00,67486.60,67719.70,3337.430
1771621200000,67719.40,67816.40,67600.00,67792.30,3179.969
1771624800000,67792.30,68115.90,67603.20,68049.80,4592.295
1771628400000,68049.80,68220.00,67880.00,67979.30,4262.851
1771632000000,67979.30,68023.70,67745.30,67805.20,3433.568
1771635600000,67805.10,67981.70,67805.10,67916.10,1705.546
1771639200000,67916.20,68079.00,67875.30,67970.30,1973.738
1771642800000,67970.30,67970.50,67488.90,67637.00,6371.533
1771646400000,67636.90,67823.10,67555.20,67782.20,2706.041
1771650000000,67782.30,67859.20,67757.10,67827.10,1563.808
1771653600000,67827.20,67899.00,67711.40,67759.50,1514.282
1771657200000,67759.60,67852.50,67712.60,67821.00,1050.925
1771660800000,67821.00,68047.50,67776.20,68016.90,2736.752
1771664400000,68016.90,68280.00,67933.30,68115.80,7484.627
1771668000000,68115.70,68221.60,68108.60,68184.60,2217.915
1771671600000,68184.60,68259.40,68045.50,68060.90,3985.621
1771675200000,68061.00,68186.90,67882.80,68175.90,5452.278
1771678800000,68175.90,68250.00,68073.00,68223.30,2021.150
1771682400000,68223.30,68651.40,68146.60,68416.60,10117.936
1771686000000,68416.60,68687.00,68382.70,68571.50,4347.469
1771689600000,68571.50,68599.30,68066.00,68292.40,8096.719
1771693200000,68292.30,68444.40,68156.40,68408.80,2897.726
1771696800000,68408.80,68616.80,68339.50,68547.20,3353.440
1771700400000,68547.30,68632.50,68490.00,68516.30,2162.678
1771704000000,68516.30,68568.10,68114.40,68180.90,3241.815
1771707600000,68180.90,68373.60,68152.20,68351.00,2122.309
1771711200000,68351.10,68412.90,67860.00,67936.60,4302.123
1771714800000,67936.70,68095.40,67900.80,67933.10,2635.494
1771718400000,67933.20,68035.70,67763.70,67912.00,2995.986
1771722000000,67912.00,68147.60,67902.60,68132.30,2782.492
1771725600000,68132.30,68198.50,67836.70,67871.50,3333.311
1771729200000,67871.50,68031.70,67781.20,68010.50,3389.282
1771732800000,68010.50,68060.00,67931.00,67950.20,1721.132
1771736400000,67950.20,67983.30,67850.40,67944.50,1744.866
1771740000000,67944.50,68204.30,67933.90,68006.40,3623.535
1771743600000,68006.30,68067.20,67954.60,67973.00,1853.053
1771747200000,67973.00,67986.90,67877.00,67909.30,2839.387
1771750800000,67909.30,68081.90,67909.30,68022.40,1792.941
1771754400000,68022.40,68134.00,67982.30,68096.60,2034.918
1771758000000,68096.60,68220.00,68096.60,68183.40,2418.754
1771761600000,68183.40,68205.10,67836.40,67892.40,4777.343
1771765200000,67892.40,68011.40,67538.00,67622.40,8419.020
1771768800000,67622.30,67664.10,67310.60,67420.10,9264.553
1771772400000,67420.00,67800.00,67275.00,67659.90,8713.428
1771776000000,67660.00,67712.00,67486.20,67601.60,2777.038
1771779600000,67601.70,67602.50,67150.00,67365.00,6481.384
1771783200000,67364.90,67444.50,67288.90,67392.30,2383.208
1771786800000,67392.20,67458.50,67372.60,67402.20,1339.505
1771790400000,67402.10,67464.30,67324.10,67374.90,1764.705
1771794000000,67375.00,67617.00,67375.00,67576.20,1649.612
1771797600000,67576.20,67728.00,67450.10,67631.20,2858.429
1771801200000,67631.20,67707.70,67435.50,67613.50,3385.540
1771804800000,67613.60,67655.80,66680.10,66705.80,8139.611
1771808400000,66705.80,66705.80,64232.80,64387.20,58774.078
1771812000000,64387.20,64877.20,64273.80,64742.40,14329.587
1771815600000,64742.50,65071.70,64658.00,64894.00,7843.597
1771819200000,64894.10,64989.90,64628.50,64777.30,4946.411
1771822800000,64777.20,65189.30,64768.80,65031.90,6877.930
1771826400000,65031.90,65775.00,64990.80,65717.70,11459.287
1771830000000,65717.70,65980.00,65597.50,65915.80,8197.238
1771833600000,65915.70,65922.90,65534.60,65639.00,6455.790
1771837200000,65639.00,66432.90,65633.80,66374.80,11681.811
1771840800000,66374.90,66574.50,66182.40,66291.10,7254.377
1771844400000,66291.20,66462.10,66072.50,66170.80,5334.809
1771848000000,66170.80,66490.00,65860.90,66249.90,10192.338
1771851600000,66250.00,66397.80,66067.70,66099.90,6492.762
1771855200000,66099.90,66234.60,65500.00,65895.50,16521.430
1771858800000,65895.60,66240.40,65556.60,65633.10,10861.521
1771862400000,65633.10,65701.20,65155.00,65343.10,13293.019
1771866000000,65343.00,65431.40,64111.80,64787.30,21891.512
1771869600000,64787.20,65149.00,64553.30,64602.90,10623.736
1771873200000,64602.90,64822.90,64050.00,64273.90,11253.569
1771876800000,64273.90,64460.00,63860.00,64445.90,10007.410
1771880400000,64445.90,64758.00,64427.50,64554.60,5109.025
1771884000000,64554.60,64989.00,64526.90,64694.30,5115.153
1771887600000,64694.40,64873.60,64484.20,64625.80,4495.295
1771891200000,64625.80,64980.00,64625.70,64910.20,4047.921
1771894800000,64910.20,64910.20,63375.60,64131.00,22474.378
1771898400000,64131.00,64480.00,63962.20,64080.30,6227.529
1771902000000,64080.20,64080.20,63303.90,63570.50,12030.927
1771905600000,63570.50,63606.30,62818.00,63338.20,18580.850
1771909200000,63338.10,63514.40,62655.00,63067.50,12128.199
1771912800000,63067.50,63290.90,62848.50,63050.40,6001.515
1771916400000,63050.40,63333.00,62885.40,63155.30,6451.535
1771920000000,63155.40,63432.40,62965.20,63357.20,5545.127
1771923600000,63357.20,63384.00,62900.00,63213.30,5799.677
1771927200000,63213.40,63341.60,63068.60,63250.00,3115.546
1771930800000,63250.00,63295.90,63027.00,63192.20,3404.000
1771934400000,63192.10,63319.20,62923.00,62936.00,5583.868
1771938000000,62935.90,63083.70,62401.70,62877.00,16775.853
1771941600000,62877.00,63807.50,62727.00,63422.00,19172.078
1771945200000,63422.00,63993.10,63270.60,63933.40,14213.937
1771948800000,63933.40,64388.00,63664.80,64227.30,17533.603
1771952400000,64227.40,64491.00,64013.50,64188.80,10364.420
1771956000000,64188.80,64478.50,63850.00,64395.10,8711.554
1771959600000,64395.10,64719.10,64214.30,64405.40,7655.551
1771963200000,64405.40,64566.50,64281.50,64430.80,3535.966
1771966800000,64430.80,64430.80,63769.20,64009.20,7279.071
1771970400000,64009.20,64200.00,63943.50,64091.80,2811.420
1771974000000,64091.80,64217.20,63821.50,64031.30,3706.044
1771977600000,64031.40,64288.00,63876.00,64188.90,3357.423
1771981200000,64189.00,66283.10,64106.00,65860.40,33987.242
1771984800000,65860.40,66279.10,65817.20,65852.00,10049.211
1771988400000,65852.00,65928.70,65310.50,65361.70,9461.209
1771992000000,65361.70,65627.50,65053.90,65427.90,7601.452
1771995600000,65428.00,65488.20,64720.40,64847.90,9492.636
1771999200000,64847.90,65098.50,64828.80,64862.60,4110.235
1772002800000,64862.60,65160.40,64735.50,65001.10,5408.190
1772006400000,65001.20,65550.00,64929.70,65490.90,6516.588
1772010000000,65491.00,65674.10,65389.40,65524.20,5041.966
1772013600000,65524.20,65640.00,65303.70,65364.40,3393.598
1772017200000,65364.50,65457.30,65161.00,65396.70,4109.429
1772020800000,65396.60,66222.00,65280.10,66038.70,12344.160
1772024400000,66038.70,66687.10,65987.30,66209.50,16065.453
1772028000000,66209.50,66985.50,66179.20,66936.90,17904.632
1772031600000,66936.70,67548.00,66680.00,67362.30,23031.077
1772035200000,67362.40,68300.50,67354.20,68249.90,20141.855
1772038800000,68249.90,68842.00,67977.70,68625.60,21743.254
1772042400000,68625.60,69531.30,68340.00,69293.30,23250.448
1772046000000,69293.30,69375.10,68720.80,69005.20,12030.281
1772049600000,69005.20,69350.00,68567.90,69104.90,11219.910
1772053200000,69104.90,69999.00,68720.00,68874.20,16882.927
1772056800000,68874.20,69149.70,68014.80,68402.00,10522.275
1772060400000,68402.00,68665.20,67557.00,67952.50,11573.367
1772064000000,67952.50,68504.30,67690.10,68294.40,9314.348
1772067600000,68294.30,68666.00,68172.60,68213.90,5815.129
1772071200000,68213.90,68346.40,67756.80,68219.20,5909.991
1772074800000,68219.10,68350.00,68003.70,68187.50,3139.778
1772078400000,68187.40,68850.00,68150.00,68533.10,6339.379
1772082000000,68533.10,68534.30,68080.00,68408.20,5313.482
1772085600000,68408.30,68487.80,68025.50,68146.10,3448.274
1772089200000,68146.10,68269.90,67780.00,67800.00,4904.038
1772092800000,67800.00,68218.30,67750.00,67923.30,5660.488
1772096400000,67923.40,68617.30,67900.00,68553.00,7564.554
1772100000000,68553.00,68689.70,68221.90,68271.90,5677.056
1772103600000,68272.00,68371.30,67952.00,68025.20,4131.917
1772107200000,68025.20,68270.90,67968.20,68140.90,4562.323
1772110800000,68140.90,68187.00,67810.20,67877.80,5085.134
1772114400000,67877.80,68263.50,67235.80,67659.80,18560.813
1772118000000,67659.80,67707.80,66730.70,67353.40,22208.114
1772121600000,67353.30,67558.70,66462.00,66617.30,17506.162
1772125200000,66617.30,67026.80,66567.90,66795.50,9250.342
1772128800000,66795.40,67347.40,66536.10,67268.90,10783.800
1772132400000,67268.80,67888.00,67246.30,67550.70,9781.421
1772136000000,67550.70,67790.10,67250.30,67386.50,5013.719
1772139600000,67386.60,67549.90,67114.00,67432.10,3217.343
1772143200000,67432.10,67592.90,67269.10,67531.40,2128.634
1772146800000,67531.30,67618.10,67352.30,67448.20,2520.816
1772150400000,67448.10,67502.90,66959.00,67190.30,5416.236
1772154000000,67190.30,67344.60,66841.60,67315.90,7510.213
1772157600000,67315.90,67500.00,67220.00,67226.50,4414.605
1772161200000,67226.40,67670.00,67050.00,67557.40,4966.812
1772164800000,67557.40,68188.80,67533.80,67709.20,11610.448
1772168400000,67709.10,67887.90,67634.00,67685.80,3511.289
1772172000000,67685.80,67787.30,67470.00,67617.10,3421.470
1772175600000,67617.10,67733.70,67417.40,67644.10,4247.954
1772179200000,67644.10,68050.00,67618.50,67897.40,5538.297
1772182800000,67897.50,68127.80,67245.00,67318.40,8171.319
1772186400000,67318.30,67381.00,66540.40,66575.10,17347.378
1772190000000,66575.20,66762.60,65923.00,66094.10,19157.119
1772193600000,66094.00,66198.00,65714.20,65902.40,10737.721
1772197200000,65902.50,66320.00,65626.10,66240.00,15499.709
1772200800000,66240.00,66300.00,65656.00,65855.50,16692.908
1772204400000,65855.40,66289.80,65804.80,66072.60,10996.948
1772208000000,66072.50,66095.20,65433.20,65449.30,13536.014
1772211600000,65449.30,65724.30,65080.00,65673.00,12844.531
1772215200000,65672.90,65772.40,65180.00,65284.80,6397.309
1772218800000,65284.80,65433.70,65135.30,65365.40,4953.940
1772222400000,65365.40,65638.00,65365.40,65564.20,4137.960
1772226000000,65564.30,65721.60,65366.50,65502.30,3322.086
1772229600000,65502.20,65647.20,64875.60,65609.00,7159.562
1772233200000,65609.00,65921.70,65517.60,65836.00,4365.536
1772236800000,65836.00,65990.00,65681.90,65906.30,3731.321
1772240400000,65906.30,65943.60,65701.20,65747.20,2477.010
1772244000000,65747.30,65994.70,65734.20,65926.90,1986.768
1772247600000,65927.00,65949.70,65700.90,65763.80,2469.945
1772251200000,65763.80,65786.80,65441.00,65632.00,4292.979
1772254800000,65632.10,65700.00,65462.10,65558.60,2751.317
1772258400000,65558.60,65560.00,62979.50,63173.80,43103.630
1772262000000,63173.80,64298.70,62981.20,63788.40,27050.351
1772265600000,63787.40,63851.30,63356.10,63439.70,11400.498
1772269200000,63439.60,63923.60,63313.90,63621.40,7329.197
1772272800000,63621.30,64030.00,63377.50,63964.50,7531.393
1772276400000,63964.50,64267.90,63736.00,63810.40,9652.625
1772280000000,63810.40,64053.30,63782.20,63980.00,4061.843
1772283600000,63979.90,65190.00,63865.60,65069.50,19174.396
1772287200000,65069.50,65335.80,64239.30,64402.40,22265.916
1772290800000,64402.50,64991.80,64175.80,64800.00,10106.884
1772294400000,64800.10,65170.50,64635.00,65053.80,5441.518
1772298000000,65053.70,65581.30,64800.00,65395.40,7093.869
1772301600000,65395.30,66165.80,65139.40,65873.00,11466.289
1772305200000,65872.90,66642.80,65557.30,66318.10,15159.578
1772308800000,66318.10,67138.00,66150.00,66918.60,12499.792
1772312400000,66918.60,67009.90,66329.70,66684.80,10109.567
1772316000000,66684.80,67735.00,66579.10,67081.40,11439.266
1772319600000,67081.40,67183.30,66688.30,66937.10,5326.834
1772323200000,66937.00,67089.60,66578.30,66755.60,5453.855
1772326800000,66755.50,67686.70,65812.00,67311.60,22231.963
1772330400000,67311.70,68189.00,67305.20,67588.30,21306.568
1772334000000,67588.30,67793.40,67351.00,67474.70,7567.478
1772337600000,67474.80,67582.20,67017.40,67313.00,7115.379
1772341200000,67313.10,67547.30,67163.50,67264.20,4624.974
1772344800000,67264.20,67320.00,66757.20,66890.10,8291.891
1772348400000,66890.00,67201.20,66757.90,67113.90,4429.365
1772352000000,67114.00,67275.50,66429.80,66535.00,7870.480
1772355600000,66535.00,66745.40,66205.80,66380.10,7940.514
1772359200000,66380.10,66720.20,66160.40,66430.00,6282.750
1772362800000,66429.90,66638.00,66344.00,66439.00,3236.298
1772366400000,66439.00,66525.90,66211.60,66270.60,3458.030
1772370000000,66270.50,67333.00,66100.00,66907.10,13102.466
1772373600000,66907.20,67280.00,66702.90,66817.50,8503.088
1772377200000,66817.50,67219.10,66770.20,66810.80,6402.057
1772380800000,66810.80,67083.00,65777.00,66112.20,14881.785
1772384400000,66112.20,66200.00,65681.30,65956.80,10459.874
1772388000000,65956.70,66656.00,65954.20,66288.10,8012.274
1772391600000,66288.00,66325.80,65750.00,65926.00,5738.349
1772395200000,65925.90,65932.00,65030.30,65255.70,11496.845
1772398800000,65255.70,65726.70,65242.00,65629.30,4805.846
1772402400000,65629.20,66888.00,65011.00,65241.00,16839.769
1772406000000,65241.00,66052.60,65092.40,65750.00,9059.538
1772409600000,65749.90,66766.00,65726.00,66472.50,9209.574
1772413200000,66472.60,67082.50,66326.70,66500.00,7438.848
1772416800000,66500.00,66585.00,65842.50,66242.20,6462.206
1772420400000,66242.20,67014.90,66071.00,66787.30,6935.105
1772424000000,66787.30,66950.00,66600.10,66825.10,4900.156
1772427600000,66825.20,66966.00,66513.80,66701.20,4040.023
1772431200000,66701.20,66703.10,66015.00,66176.90,6189.233
1772434800000,66176.80,66182.90,65509.00,65981.30,8780.148
1772438400000,65981.20,66279.20,65612.40,66247.90,7684.981
1772442000000,66247.90,66707.50,66118.80,66132.30,8485.670
1772445600000,66132.30,66368.50,66039.60,66284.00,3720.637
1772449200000,66284.00,66455.70,65973.10,66329.90,5955.186
1772452800000,66329.80,66369.10,65879.60,65927.80,4353.668
1772456400000,65927.70,66111.90,65319.90,65412.30,10340.986
1772460000000,65412.30,67188.00,65234.40,67128.70,27469.276
1772463600000,67128.60,69588.00,66911.20,69089.10,58354.380
1772467200000,69089.10,70100.00,68871.60,69395.60,34435.940
1772470800000,69395.20,69549.20,68757.60,69170.30,14982.278
1772474400000,69170.00,69247.10,68700.10,68853.80,9943.864
1772478000000,68853.80,69039.10,68519.80,68928.40,9926.528
1772481600000,68928.40,69468.40,68529.50,69054.20,11481.181
1772485200000,69054.10,69500.00,68953.90,69366.90,4924.284
1772488800000,69366.90,69459.00,69103.00,69414.20,4427.311
1772492400000,69414.20,69453.80,68700.00,68801.80,6936.569
1772496000000,68801.80,69132.20,68600.00,69051.90,5873.573
1772499600000,69051.80,69221.60,68717.40,68724.60,4829.284
1772503200000,68724.50,68744.00,68142.10,68478.10,10001.474
1772506800000,68478.00,68516.20,68186.40,68349.30,3949.677
1772510400000,68349.40,68425.70,68018.00,68093.00,4139.493
1772514000000,68093.10,68561.90,67801.00,67911.60,9362.483
1772517600000,67911.60,68248.00,67759.60,68070.00,6540.543
1772521200000,68070.00,68264.20,67915.20,68138.30,5141.807
1772524800000,68138.20,68281.60,66853.50,66972.70,18782.595
1772528400000,66972.80,67157.00,66270.70,66614.50,19131.814
1772532000000,66614.40,67035.60,66400.00,66826.30,10902.445
1772535600000,66826.40,67134.80,66729.00,67000.00,8766.398
1772539200000,67000.00,68000.00,67000.00,67360.10,14562.660
1772542800000,67360.10,67400.00,66600.50,66893.60,11113.994
1772546400000,66893.70,67559.00,66080.00,66539.90,22608.560
1772550000000,66539.90,67830.90,66424.10,67692.50,19647.813
1772553600000,67692.50,68972.90,67440.00,68137.40,29658.399
1772557200000,68137.40,68377.90,67582.60,68280.50,12272.207
1772560800000,68280.50,68885.00,67934.20,68589.90,9732.567
1772564400000,68590.00,68845.80,68260.00,68395.90,9839.050
1772568000000,68395.90,68557.40,68042.40,68232.90,5543.550
1772571600000,68233.30,68233.30,67778.40,67976.50,5601.340
1772575200000,67976.50,68485.50,67976.50,68275.10,3828.395
1772578800000,68275.20,68821.50,68206.40,68295.30,5639.779
1772582400000,68295.20,68383.40,67826.00,68065.80,6011.630
1772586000000,68065.80,68887.90,67922.40,68377.90,11304.590
1772589600000,68384.60,68419.70,67950.00,68286.00,5555.688
1772593200000,68286.00,68360.20,67350.00,67700.10,10820.920
1772596800000,67700.10,67926.90,67421.90,67755.80,8295.566
1772600400000,67755.80,68353.90,67635.40,68173.20,6613.261
1772604000000,68173.20,68650.10,68001.70,68472.20,8162.030
1772607600000,68472.30,69676.40,68316.00,69464.50,16259.938
1772611200000,69464.50,71200.00,69100.20,70993.70,30573.652
1772614800000,70993.70,71887.90,70700.00,71487.10,36488.931
1772618400000,71487.10,71844.00,71155.10,71310.90,16418.918
1772622000000,71310.80,71468.00,70893.10,71082.40,11129.631
1772625600000,71082.30,71340.00,70559.70,71307.80,14975.823
1772629200000,71307.90,71589.80,71177.70,71447.90,9645.846
1772632800000,71448.00,72630.00,71234.60,71580.50,36307.387
1772636400000,71580.40,73436.40,71527.60,73339.70,31689.444
1772640000000,73339.70,73473.00,72467.20,73241.20,19384.847
1772643600000,73241.20,73702.10,72858.00,73174.20,18949.695
1772647200000,73174.30,73686.60,72854.00,73651.40,11649.014
1772650800000,73651.30,74046.50,73470.00,73580.20,17042.452
1772654400000,73580.30,73678.20,72961.80,72971.80,7734.423
1772658000000,72973.30,73290.80,72830.80,73273.50,6584.225
1772661600000,73273.60,73495.00,72601.20,72678.90,6322.508
1772665200000,72678.90,72885.10,72273.00,72641.40,9223.077
1772668800000,72641.40,72972.80,72511.50,72725.00,5461.309
1772672400000,72725.10,73295.70,72369.30,72507.80,8015.490
1772676000000,72507.80,72856.30,72300.00,72468.90,5624.209
1772679600000,72469.00,72718.10,72305.80,72469.60,4490.677
1772683200000,72469.50,73060.00,72412.80,72784.00,7056.768
1772686800000,72784.10,72897.90,72200.60,72374.90,5711.142
1772690400000,72375.00,72637.80,72000.10,72520.30,9364.676
1772694000000,72520.30,72650.00,71740.00,72025.50,10496.501
1772697600000,72025.40,72340.00,71716.30,72307.60,7873.804
1772701200000,72307.60,72863.00,72272.00,72563.20,8980.675
1772704800000,72563.10,73539.10,72480.60,73347.00,13356.231
1772708400000,73346.90,73410.90,72745.40,72879.90,8191.802
1772712000000,72880.00,73032.00,72625.10,72842.20,6507.231
1772715600000,72842.20,72896.80,72150.10,72435.50,11672.873
1772719200000,72435.50,72817.00,71900.10,72574.70,15877.660
1772722800000,72574.70,72741.40,71136.20,71611.70,28134.123
1772726400000,71611.70,71620.60,70753.30,71267.90,23809.250
1772730000000,71267.90,71537.20,70612.80,70668.50,11791.622
1772733600000,70668.50,71052.50,70622.10,70962.80,7008.813
1772737200000,70962.90,71444.80,70836.00,70875.50,8352.600
1772740800000,70875.50,71360.90,70805.90,71206.20,5278.268
1772744400000,71205.80,71530.40,70974.50,71099.70,5394.081
1772748000000,71099.60,71340.00,71022.10,71170.90,3506.972
1772751600000,71170.90,71268.10,70737.90,70854.80,4211.503
1772755200000,70854.80,71024.90,70740.00,70952.50,3722.132
1772758800000,70952.50,71257.60,70339.60,71217.00,10302.634
1772762400000,71217.00,71387.50,70976.80,71204.10,5832.058
1772766000000,71204.00,71253.00,70955.00,71045.40,3423.096
1772769600000,71045.40,71081.50,70212.10,70578.10,8042.787
1772773200000,70578.20,70628.70,70100.00,70396.40,8954.235
1772776800000,70396.40,70830.90,70220.90,70565.50,5493.066
1772780400000,70565.50,71168.00,70430.70,71026.70,7121.896
1772784000000,71026.70,71035.30,70696.40,70750.20,5540.301
1772787600000,70750.20,70789.90,70254.50,70521.40,7216.330
1772791200000,70521.30,70768.20,70430.20,70506.80,5855.599
1772794800000,70506.80,70621.00,70164.90,70185.60,6456.736
1772798400000,70185.60,70200.70,69617.00,69895.20,16131.245
1772802000000,69895.20,70328.50,69179.40,69189.60,19434.724
1772805600000,69189.60,69241.10,68121.60,68367.60,32722.829
1772809200000,68367.70,69079.60,68258.80,68468.40,16443.814
1772812800000,68468.30,68759.50,68186.00,68410.20,9474.656
1772816400000,68410.20,68611.40,67712.30,67930.70,13802.563
1772820000000,67930.60,68444.00,67921.50,68144.00,7159.918
1772823600000,68143.90,68450.00,67967.20,68101.00,4463.330
1772827200000,68100.90,68259.00,67731.00,68078.20,6522.438
1772830800000,68078.10,68306.60,67890.70,68258.30,3942.370
1772834400000,68258.30,68406.60,68190.00,68291.20,2405.901
1772838000000,68291.20,68343.40,68059.70,68083.00,2918.045
1772841600000,68083.00,68372.30,68075.30,68243.20,3947.187
1772845200000,68243.10,68332.00,68140.00,68222.20,2165.539
1772848800000,68222.20,68346.60,68018.70,68320.10,3311.096
1772852400000,68320.00,68524.90,68063.00,68063.20,4750.837
1772856000000,68063.30,68130.70,67764.10,68028.00,4612.641
1772859600000,68028.00,68111.20,67867.40,67990.10,3104.785
1772863200000,67990.00,67998.00,67570.30,67665.70,5214.520
1772866800000,67665.90,67837.40,67411.00,67809.40,7321.815
1772870400000,67809.50,68035.30,67675.00,67767.60,4204.746
1772874000000,67767.60,68045.30,67700.00,67970.50,2627.490
1772877600000,67970.50,68078.00,67835.10,67851.60,2423.835
1772881200000,67851.70,68215.60,67808.40,67975.90,4583.017
1772884800000,67976.00,68050.60,67855.20,67954.60,2241.462
1772888400000,67954.60,68042.30,67810.00,67891.30,2874.732
1772892000000,67891.20,68061.10,67568.40,67980.10,5505.818
1772895600000,67980.10,68000.00,67732.10,67844.80,2756.401
1772899200000,67844.80,67859.10,67663.30,67757.50,2484.100
1772902800000,67757.60,67913.60,67728.10,67749.70,1634.560
1772906400000,67749.70,67749.80,67400.00,67530.80,5378.419
1772910000000,67530.80,67537.40,66850.10,67042.60,10028.411
1772913600000,67042.60,67397.50,67028.00,67354.40,4183.176
1772917200000,67354.40,67445.90,67233.50,67416.40,2984.912
1772920800000,67416.30,67434.30,67058.00,67220.00,3495.084
1772924400000,67220.00,67373.90,67137.40,67232.10,2735.579
1772928000000,67232.10,67459.00,67138.00,67161.00,3238.005
1772931600000,67161.00,67329.70,67055.30,67266.30,3186.835
1772935200000,67266.20,67399.80,66720.80,66894.80,6471.532
1772938800000,66894.90,67060.50,66804.00,66974.90,3989.017
1772942400000,66974.90,67059.90,66508.00,66602.70,6115.794
1772946000000,66602.70,67221.10,66584.00,67115.40,5510.805
1772949600000,67115.30,67202.50,67002.40,67134.30,2597.991
1772953200000,67134.40,67430.00,67121.30,67277.20,4329.469
1772956800000,67277.10,67565.30,67121.10,67490.90,4182.357
1772960400000,67491.00,67888.00,67432.70,67662.90,7791.766
1772964000000,67663.00,68171.60,67659.50,67869.10,7938.315
1772967600000,67869.00,67869.00,67377.00,67490.00,7889.439
1772971200000,67490.10,67623.00,66851.30,67286.00,9841.173
1772974800000,67286.00,67411.30,66730.00,67196.90,9377.126
1772978400000,67196.80,67399.90,67018.00,67304.10,4444.089
1772982000000,67304.10,67333.10,67030.10,67174.70,3677.216
1772985600000,67174.60,67232.00,66761.80,66829.90,5456.960
1772989200000,66830.00,67151.70,66752.50,67017.00,4587.480
1772992800000,67017.10,67047.30,66707.00,66777.50,3290.315
1772996400000,66777.60,67459.20,66746.00,67299.00,5520.081
1773000000000,67299.00,67496.40,67000.00,67195.70,5379.717
1773003600000,67195.60,67231.90,66666.60,66977.10,4698.142
1773007200000,66977.10,66978.30,65569.20,66198.40,28794.349
1773010800000,66198.40,66527.20,65880.00,65934.30,7440.000
1773014400000,65934.30,66730.00,65770.50,66326.90,9031.717
1773018000000,66326.80,66655.50,66081.50,66150.10,8094.460
1773021600000,66150.10,66678.20,65916.90,66500.00,8121.416
1773025200000,66500.10,67646.00,66476.90,67165.30,16188.390
1773028800000,67165.30,67593.00,67067.30,67100.30,6821.112
1773032400000,67100.30,68038.40,67080.20,67869.60,19434.419
1773036000000,67869.70,67894.00,67177.00,67229.80,7260.539
1773039600000,67229.90,67536.90,66833.90,67504.80,9142.616
1773043200000,67504.90,67885.30,67344.40,67772.40,7326.334
1773046800000,67772.40,68441.50,67523.00,67946.50,12990.961
1773050400000,67946.40,68058.20,67518.00,67571.20,7279.910
1773054000000,67571.30,67832.60,67301.00,67723.30,5816.612
1773057600000,67723.30,68311.70,67714.20,68124.10,9150.791
1773061200000,68124.10,69273.90,68102.20,68939.90,25828.099
1773064800000,68940.00,69449.10,68641.50,69112.80,19049.533
1773068400000,69112.80,69215.00,68688.40,68832.30,10472.653
1773072000000,68832.40,69188.00,68586.40,68920.50,8276.447
1773075600000,68920.60,69056.10,68217.00,68570.00,9203.080
1773079200000,68570.00,68673.00,68200.10,68327.40,5898.916
1773082800000,68327.50,69498.00,68327.50,68951.80,16556.025
1773086400000,68951.80,69100.20,68718.00,68916.30,4040.448
1773090000000,68916.30,69064.10,68621.40,68882.70,4209.388
1773093600000,68882.70,69000.00,68554.20,68602.20,3669.173
1773097200000,68602.20,68663.00,68333.00,68394.10,3348.508
1773100800000,68394.00,69259.90,68345.00,69113.10,9307.003
1773104400000,69113.20,69362.90,68721.40,69229.00,6185.545
1773108000000,69229.00,70555.00,69064.00,70242.00,21185.276
1773111600000,70242.00,70348.10,69338.50,69391.00,14851.618
1773115200000,69391.00,70094.70,69391.00,70035.80,7588.522
1773118800000,70035.80,70330.40,69842.70,69938.30,5896.564
1773122400000,69938.30,70160.30,69719.40,69879.60,5295.311
1773126000000,69879.60,70500.00,69793.70,70374.70,9538.167
1773129600000,70374.70,71067.20,70332.20,70650.90,17259.654
1773133200000,70650.90,71272.40,70615.50,71030.40,9706.299
1773136800000,71030.50,71049.90,70619.50,70737.60,6456.746
1773140400000,70737.60,70837.10,70505.30,70570.10,5481.434
1773144000000,70570.10,70602.50,70250.20,70486.80,7433.234
1773147600000,70486.90,70888.00,69680.00,69883.70,21024.626
1773151200000,69883.70,71499.90,69184.80,71435.70,29703.516
1773154800000,71435.70,71748.10,70856.30,71296.90,21662.665
1773158400000,71296.90,71665.80,70900.00,71224.50,11120.174
1773162000000,71224.50,71412.30,70465.10,70827.10,10212.150
1773165600000,70827.10,70871.70,69854.70,69975.20,13175.467
1773169200000,69975.20,70249.10,69688.00,70005.20,8965.888
1773172800000,70005.10,70311.40,69958.10,70192.90,4454.993
1773176400000,70192.90,70375.40,69485.70,69712.80,8217.244
1773180000000,69712.90,69830.20,69388.00,69653.90,5305.285
1773183600000,69653.90,69938.20,69644.60,69901.90,5647.103
1773187200000,69901.80,70139.60,69707.80,69998.10,6635.470
1773190800000,69998.10,70114.20,69829.40,70027.80,3919.190
1773194400000,70027.90,70087.50,69563.30,69778.20,4765.802
1773198000000,69778.20,69863.00,69455.60,69517.00,4613.949
1773201600000,69517.00,70249.10,69462.10,70089.70,6002.448
1773205200000,70089.80,70162.40,69329.70,69463.70,6668.643
1773208800000,69463.70,69970.20,69454.90,69907.00,5019.578
1773212400000,69907.10,69986.80,69456.40,69622.10,4738.076
1773216000000,69622.20,69750.00,69464.00,69617.40,4399.906
1773219600000,69617.40,69729.00,69324.10,69431.20,5367.111
1773223200000,69431.30,69689.80,69350.50,69570.50,4089.022
1773226800000,69570.50,69641.60,69098.00,69144.00,5735.532
1773230400000,69144.00,69767.80,68932.90,69319.00,13495.200
1773234000000,69318.90,71060.70,69294.10,70134.80,30965.931
1773237600000,70134.80,70938.10,69917.50,70536.60,21395.633
1773241200000,70536.70,70612.50,69618.60,70186.90,15405.756
1773244800000,70187.00,70799.90,70093.20,70538.90,9608.144
1773248400000,70539.00,71286.00,70474.20,70745.10,16496.708
1773252000000,70745.10,70866.50,70353.50,70582.20,7697.976
1773255600000,70582.10,70700.00,70333.30,70600.80,3502.006
1773259200000,70600.70,70692.80,70349.50,70586.10,3275.618
1773262800000,70586.10,70766.70,70451.80,70702.30,2629.442
1773266400000,70702.40,70931.90,70200.20,70329.10,5275.465
1773270000000,70329.20,70466.00,70078.60,70150.00,3925.350
1773273600000,70150.00,70314.10,70087.10,70176.90,2964.321
1773277200000,70176.90,70188.10,69706.10,69800.80,7061.504
1773280800000,69800.70,69851.50,69180.00,69242.90,8560.615
1773284400000,69243.00,69595.90,69187.60,69402.60,6091.142
1773288000000,69402.60,69640.30,69250.10,69330.10,3849.667
1773291600000,69330.10,69514.60,69150.00,69429.90,4753.901
1773295200000,69430.00,69526.60,69320.00,69461.50,2909.494
1773298800000,69461.40,69818.80,69370.70,69782.60,6108.768
1773302400000,69782.70,70079.10,69667.30,69865.10,8311.135
1773306000000,69865.10,70377.70,69540.90,69914.90,9674.587
1773309600000,69915.00,70477.00,69815.40,70372.30,8357.019
1773313200000,70372.40,70756.50,70321.70,70388.50,8697.954
1773316800000,70388.60,70584.20,70244.70,70348.60,6574.590
1773320400000,70348.60,70490.00,69614.80,69930.50,15650.398
1773324000000,69930.40,70625.00,69303.80,69549.40,21443.973
1773327600000,69549.30,70532.00,69430.00,70282.90,16693.319
1773331200000,70282.80,70530.00,69856.40,70328.30,13571.222
1773334800000,70328.30,70499.90,70017.40,70167.30,6725.804
1773338400000,70167.30,70256.50,69754.80,69781.00,6054.058
1773342000000,69781.10,70511.20,69725.00,70393.70,6687.861
1773345600000,70393.70,70508.80,70063.70,70127.00,3586.321
1773349200000,70127.10,70433.40,70127.10,70244.50,2145.981
1773352800000,70244.40,70281.50,69974.70,70141.10,2678.993
1773356400000,70141.10,70727.90,70122.70,70480.10,7337.966
1773360000000,70480.10,71979.20,70342.70,71443.30,28271.449
1773363600000,71443.40,71738.60,71240.00,71629.90,8176.876
1773367200000,71630.00,71665.20,71006.50,71114.60,6723.880
1773370800000,71114.60,71485.60,70920.10,71366.30,5902.390
1773374400000,71366.30,71469.00,71200.00,71352.50,3522.549
1773378000000,71352.60,71616.00,71201.00,71515.40,5486.551
1773381600000,71515.50,71568.50,71150.00,71315.90,5496.209
1773385200000,71315.90,71649.70,71208.00,71585.30,8265.269
1773388800000,71585.20,72156.40,71347.10,71790.00,13687.535
1773392400000,71790.00,72060.00,71549.90,71960.00,8154.063
1773396000000,71959.90,72547.00,71953.00,72421.20,15033.044
1773399600000,72421.10,72491.00,72150.00,72189.90,6918.892
1773403200000,72189.80,72882.80,72166.10,72735.30,11703.434
1773406800000,72735.30,73568.00,72635.80,73344.80,25615.346
1773410400000,73344.70,73870.00,72328.40,72353.40,33755.741
1773414000000,72353.30,72828.20,71700.00,71800.00,24440.083
1773417600000,71800.10,72090.20,71130.60,71846.00,30212.328
1773421200000,71846.00,72215.10,70862.30,70999.50,20572.140
1773424800000,70999.50,71318.80,70811.00,71020.10,11260.354
1773428400000,71020.00,71273.10,70963.00,71148.00,5744.749
1773432000000,71148.10,71447.20,71111.10,71307.40,4345.861
1773435600000,71307.50,71452.10,71021.20,71063.10,3524.914
1773439200000,71063.10,71150.00,70510.80,70785.80,8860.743
1773442800000,70785.70,70982.90,70658.90,70895.50,4557.721
1773446400000,70895.50,70920.00,70520.50,70600.00,5679.351
1773450000000,70600.00,70872.50,70436.20,70790.30,5009.742
1773453600000,70790.30,70870.00,70690.10,70749.20,2354.624
1773457200000,70749.20,71141.70,70749.20,71034.30,4867.581
1773460800000,71034.30,71272.30,70977.00,70996.30,4016.781
1773464400000,70996.30,71119.00,70871.10,70980.70,2745.678
1773468000000,70980.70,70980.70,70256.00,70591.90,9801.249
1773471600000,70591.90,70706.00,70444.00,70565.60,4206.031
1773475200000,70565.60,70672.90,70495.00,70550.60,2289.069
1773478800000,70550.60,70707.00,70360.00,70474.70,4012.780
1773482400000,70474.70,70550.70,70350.00,70531.80,2990.127
1773486000000,70531.80,70745.10,70521.50,70705.00,2512.142
1773489600000,70705.00,70800.00,70568.00,70733.40,2977.484
1773493200000,70733.50,70900.00,70661.00,70813.40,3496.382
1773496800000,70813.30,70914.60,70532.30,70566.80,3209.641
1773500400000,70566.80,70695.70,70444.10,70554.60,3042.084
1773504000000,70554.70,70674.50,70455.60,70636.70,2249.613
1773507600000,70636.70,70707.90,70545.90,70586.10,1292.443
1773511200000,70586.20,70662.90,70515.20,70623.50,1067.167
1773514800000,70623.50,70705.70,70552.60,70664.10,1101.622
1773518400000,70664.10,70835.00,70607.70,70765.30,1658.468
1773522000000,70765.30,70784.60,70611.90,70769.60,1404.215
1773525600000,70769.50,70772.70,70661.90,70678.50,1023.816
1773529200000,70678.50,71221.90,70678.50,71174.40,6274.924
1773532800000,71174.40,71186.80,70912.80,70950.40,2792.203
1773536400000,70950.50,71000.00,70815.70,70960.80,2167.676
1773540000000,70960.80,71599.90,70960.80,71404.40,8104.479
1773543600000,71404.30,71489.60,71166.30,71314.80,4055.312
1773547200000,71314.80,71629.60,71277.10,71546.30,4456.508
1773550800000,71546.40,71750.00,71428.10,71448.60,5405.750
1773554400000,71448.50,71549.00,71343.50,71415.20,2755.295
1773558000000,71415.10,71626.10,71370.00,71420.80,3413.868
1773561600000,71420.80,71679.90,71420.80,71674.80,3017.447
1773565200000,71674.90,71897.90,71651.70,71751.30,6049.378
1773568800000,71751.30,71878.90,71676.00,71740.60,1908.317
1773572400000,71740.50,71850.00,71612.40,71800.00,3127.999
1773576000000,71800.10,71800.10,71526.90,71578.80,2657.858
1773579600000,71578.80,71650.00,71220.10,71575.30,10762.788
1773583200000,71575.30,71600.10,71311.00,71588.00,3755.556
1773586800000,71588.00,71590.00,71375.70,71444.40,2293.764
1773590400000,71444.40,71556.40,71275.00,71405.50,3825.282
1773594000000,71405.50,71971.80,71373.30,71788.00,5865.921
1773597600000,71787.90,71856.00,71275.00,71346.80,4854.116
1773601200000,71346.70,71547.70,71300.00,71515.20,2570.180
1773604800000,71515.20,71899.60,71396.40,71690.10,3727.199
1773608400000,71690.00,72200.00,71587.60,72074.60,6268.383
1773612000000,72074.60,73130.20,71681.40,72715.60,17191.267
1773615600000,72715.70,73199.90,72376.20,72778.90,15447.696
1773619200000,72778.80,72980.10,72417.90,72497.40,6246.679
1773622800000,72497.40,72819.20,72235.60,72724.10,5724.735
1773626400000,72724.20,72823.50,72333.00,72481.10,3663.383
1773630000000,72481.00,74307.30,72400.00,73539.50,35246.124
1773633600000,73539.50,74444.00,73539.40,73799.50,25110.534
1773637200000,73799.40,74237.00,73677.90,74176.50,15191.963
1773640800000,74176.60,74181.40,73549.70,73680.70,8310.378
1773644400000,73680.60,73886.00,73345.90,73427.70,7332.282
1773648000000,73427.80,73755.80,72841.90,73098.30,13412.886
1773651600000,73098.40,73299.70,73030.00,73219.70,4018.360
1773655200000,73219.70,73762.90,73159.20,73745.50,8333.953
1773658800000,73745.50,73856.60,73466.30,73515.30,5218.038
1773662400000,73515.30,74043.00,73420.40,73830.00,10877.388
1773666000000,73830.00,74481.50,73746.30,74075.00,16330.868
1773669600000,74075.00,74450.00,72926.40,73519.80,25291.011
1773673200000,73519.80,74000.00,73141.10,73240.20,12751.139
1773676800000,73240.20,73887.50,73122.00,73726.30,8627.214
1773680400000,73726.40,74066.00,73614.40,73911.70,6751.767
1773684000000,73911.70,74330.60,73818.70,73883.00,9104.554
1773687600000,73883.10,74399.90,73715.00,73928.80,7461.842
1773691200000,73928.80,74200.00,73819.00,74191.50,3463.303
1773694800000,74191.40,74777.70,74094.30,74360.30,12807.692
1773698400000,74360.30,74875.00,74331.80,74718.90,9380.607
1773702000000,74719.00,74880.00,74201.10,74846.40,8420.290
1773705600000,74846.40,75488.00,74567.10,75283.90,18886.662
1773709200000,75283.80,75998.90,75028.50,75584.70,17772.292
1773712800000,75584.60,75641.30,75068.00,75157.30,8038.383
1773716400000,75157.30,75287.90,74231.60,74424.90,13778.491
1773720000000,74424.90,74652.20,73943.30,74203.30,13603.837
1773723600000,74203.30,74428.70,73723.40,73996.00,10540.132
1773727200000,73996.00,74242.00,73835.40,74045.10,6338.871
1773730800000,74045.00,74415.70,74026.30,74212.70,4432.188
1773734400000,74212.80,74418.50,74057.50,74150.00,4444.943
1773738000000,74150.10,74362.00,73791.80,73890.10,6385.859
1773741600000,73890.00,73922.20,73512.00,73706.10,11119.234
1773745200000,73705.80,74230.70,73651.10,73997.10,7533.879
1773748800000,73997.10,74150.00,73643.50,73711.10,7602.062
1773752400000,73711.00,74167.20,73330.30,73580.60,16715.180
1773756000000,73580.70,74388.00,73389.00,74340.20,11501.167
1773759600000,74340.20,74856.20,73616.20,73878.50,15875.715
1773763200000,73878.50,74314.00,73826.80,74120.00,7027.845
1773766800000,74120.00,74555.00,73961.50,74480.10,7718.785
1773770400000,74480.10,74723.70,74330.80,74637.00,6723.015
1773774000000,74637.10,74763.60,74364.40,74460.80,5842.572
1773777600000,74460.80,74648.60,74325.00,74469.90,3125.502
1773781200000,74470.00,74777.00,74413.10,74650.30,3729.501
1773784800000,74650.20,74739.40,73893.50,74265.80,5839.468
1773788400000,74265.80,74360.00,73829.50,73872.40,3703.390
1773792000000,73872.30,74027.80,73492.00,73821.30,6333.021
1773795600000,73821.30,74167.50,73780.00,74035.20,3766.059
1773799200000,74035.20,74437.00,73999.20,74300.00,3298.644
1773802800000,74299.90,74633.00,74202.00,74414.60,4455.363
1773806400000,74414.70,74455.70,74100.00,74139.60,3277.020
1773810000000,74139.50,74271.00,73785.00,73911.20,4726.670
1773813600000,73911.20,74190.10,73892.00,73910.00,3289.509
1773817200000,73910.10,73959.40,73636.50,73840.00,4764.118
1773820800000,73840.10,74080.10,73814.30,74005.80,3907.408
1773824400000,74005.90,74246.20,73991.10,74136.00,3205.114
1773828000000,74136.00,74220.00,73761.50,73895.00,4121.247
1773831600000,73895.00,74034.80,72731.60,72906.40,23087.977
1773835200000,72906.40,72947.40,72237.50,72325.10,21114.301
1773838800000,72325.10,72547.50,71938.60,72104.40,22977.528
1773842400000,72104.50,72194.10,70975.10,71160.30,25339.969
1773846000000,71160.40,71497.00,70821.20,71436.40,24860.847
1773849600000,71436.30,71536.00,71001.80,71289.50,10289.980
1773853200000,71289.50,71722.20,71164.70,71556.60,7932.424
1773856800000,71556.60,71980.50,70904.50,71066.50,14351.540
1773860400000,71066.50,71460.30,70858.30,71030.30,8216.553
1773864000000,71030.30,71298.00,70456.00,71172.30,13364.436
1773867600000,71172.30,71438.10,71127.50,71219.70,3158.011
1773871200000,71219.70,71233.20,70899.90,71118.00,3553.792
1773874800000,71117.90,71333.10,71024.80,71202.90,3363.938
1773878400000,71202.90,71283.30,70940.00,70970.10,3893.570
1773882000000,70970.00,71149.90,70921.50,71078.50,2691.269
1773885600000,71078.50,71226.70,70858.40,71020.60,3181.217
1773889200000,71020.70,71598.30,71020.70,71180.00,7040.244
1773892800000,71180.00,71180.00,70619.30,70790.70,7360.058
1773896400000,70790.70,70879.00,70608.10,70792.80,3273.492
1773900000000,70792.70,70945.50,70468.00,70552.40,5644.206
1773903600000,70552.40,70570.00,69421.10,70145.10,29674.655
1773907200000,70145.00,70255.00,69860.30,69957.40,10244.859
1773910800000,69957.40,70535.00,69950.00,70463.00,9450.491
1773914400000,70463.00,70499.00,70082.40,70102.00,4002.772
1773918000000,70102.10,70238.70,69872.30,69926.80,5000.304
1773921600000,69926.80,69926.80,69069.00,69264.60,15880.386
1773925200000,69264.70,70058.00,69050.00,69866.30,17941.572
1773928800000,69866.20,70144.60,69060.00,69450.10,15442.120
1773932400000,69450.00,69879.10,68750.00,69372.70,23601.855
1773936000000,69372.80,69611.60,69124.00,69426.30,9611.965
1773939600000,69426.30,69938.10,69065.40,69820.00,8509.825
1773943200000,69820.00,69900.00,69547.70,69787.50,3893.126
1773946800000,69787.40,70563.50,69765.50,70233.10,14880.105
1773950400000,70233.00,70655.20,70160.90,70444.30,4006.962
1773954000000,70444.40,70654.40,70331.90,70376.10,3314.339
1773957600000,70376.00,70475.90,69910.20,70157.00,4898.918
1773961200000,70156.90,70260.00,69677.10,69887.40,5207.867
1773964800000,69887.40,70280.60,69801.30,70159.90,4090.204
1773968400000,70159.90,70563.80,70150.00,70370.90,4257.968
1773972000000,70370.80,70485.10,70030.60,70373.80,4122.069
1773975600000,70373.80,70777.00,70345.20,70696.10,5649.932
1773979200000,70696.10,70944.90,70520.00,70743.40,6625.442
1773982800000,70743.30,70833.80,70454.80,70570.20,3678.727
1773986400000,70570.30,70623.70,70307.00,70462.00,3815.846
1773990000000,70461.90,70900.00,70161.00,70811.90,7878.613
1773993600000,70812.00,71342.20,70751.90,71000.40,11657.132
1773997200000,71000.40,71001.00,70369.60,70544.90,9569.016
1774000800000,70545.00,70651.20,70175.00,70580.90,7665.232
1774004400000,70580.90,70780.80,70266.00,70439.90,6576.485
1774008000000,70440.00,70647.50,70210.10,70304.60,5698.294
1774011600000,70304.70,70580.00,69755.00,69831.10,17011.366
1774015200000,69831.00,70240.00,69562.50,69706.00,25363.363
1774018800000,69705.90,69983.00,69450.00,69829.50,13612.749
1774022400000,69829.50,70080.00,69577.00,69792.10,6707.506
1774026000000,69792.10,70035.00,69350.00,69970.80,8524.573
1774029600000,69970.90,70048.90,69484.00,69733.30,7316.206
1774033200000,69733.60,70161.00,69634.80,70141.90,5484.211
1774036800000,70141.90,70225.00,69701.30,70019.70,4882.621
1774040400000,70019.70,70720.60,69900.90,70498.30,8129.399
1774044000000,70498.30,70888.00,70495.70,70739.20,4817.785
1774047600000,70739.20,70739.30,70388.30,70472.70,3106.778
1774051200000,70472.60,70803.10,70430.20,70643.90,2903.318
1774054800000,70643.90,70726.80,70419.40,70430.30,1737.986
1774058400000,70430.40,70758.20,70403.20,70703.70,2552.383
1774062000000,70703.70,70752.60,70590.00,70638.00,1573.183
1774065600000,70637.90,70798.50,70582.70,70602.70,2350.833
1774069200000,70602.80,70800.00,70598.70,70673.90,1965.170
1774072800000,70673.80,70786.10,70655.10,70739.20,1710.307
1774076400000,70739.20,70849.20,70639.00,70687.30,2290.090
1774080000000,70687.40,70721.70,70455.60,70563.30,3947.704
1774083600000,70563.30,70711.50,70537.70,70633.50,2079.133
1774087200000,70633.50,70666.00,70521.20,70576.00,1612.020
1774090800000,70576.00,70619.90,70525.10,70618.30,1200.689
1774094400000,70618.20,70769.60,70618.20,70680.00,1926.136
1774098000000,70680.00,70785.10,70668.50,70700.30,1321.546
1774101600000,70700.30,71077.70,70550.00,70595.00,7576.268
1774105200000,70595.00,70739.00,70420.00,70599.10,4021.483
1774108800000,70599.10,70620.20,70214.80,70274.90,4396.147
1774112400000,70275.00,70399.00,70163.00,70280.10,2927.629
1774116000000,70280.00,70504.70,70261.40,70360.60,2015.728
1774119600000,70360.60,70417.70,70290.50,70365.90,938.101
1774123200000,70365.80,70472.90,70332.30,70432.40,1400.832
1774126800000,70432.50,70482.20,70231.70,70321.60,1334.627
1774130400000,70321.50,70354.90,70226.70,70253.20,1354.826
1774134000000,70253.20,70265.50,68511.30,68881.50,18948.747
1774137600000,68881.50,69122.50,68189.00,68904.50,19627.927
1774141200000,68904.50,69065.70,68713.50,68926.10,4491.852
1774144800000,68926.00,69377.90,68899.90,69237.60,5965.106
1774148400000,69237.50,69555.80,69080.30,69307.00,5639.463
1774152000000,69307.10,69493.20,69167.00,69313.40,4300.958
1774155600000,69313.30,69317.60,69110.00,69116.40,2453.496
1774159200000,69116.30,69215.20,69025.60,69126.90,2360.808
1774162800000,69126.90,69219.40,68846.40,68884.50,4043.791
1774166400000,68884.50,68950.00,68500.10,68756.70,8310.042
1774170000000,68756.60,68862.00,68536.70,68780.10,3327.611
1774173600000,68780.10,68809.50,68539.50,68601.10,2373.528
1774177200000,68601.10,68650.00,68030.00,68177.00,8390.650
1774180800000,68177.00,68740.50,68153.10,68614.50,7278.973
1774184400000,68614.40,68932.80,68500.90,68660.30,5691.479
1774188000000,68660.40,68888.00,68501.00,68675.50,3609.015
1774191600000,68675.50,69000.00,68670.00,68814.90,3931.235
1774195200000,68814.90,68852.30,68627.90,68761.90,1968.113
1774198800000,68761.80,68820.00,68635.00,68635.00,1692.107
1774202400000,68635.00,68712.00,68300.10,68580.30,3474.251
1774206000000,68580.20,68595.90,68108.00,68170.60,4201.514
1774209600000,68170.60,68470.60,68044.40,68134.90,3567.592
1774213200000,68135.00,68196.90,67300.00,67864.40,14801.570
1774216800000,67864.50,68376.90,67528.30,68301.50,8113.744
1774220400000,68301.50,68434.30,67804.10,67830.60,5265.739
1774224000000,67830.70,68130.60,67400.10,67642.50,8708.507
1774227600000,67642.50,68127.00,67500.00,67875.60,5750.364
1774231200000,67875.60,68375.80,67764.20,68282.40,6201.781
1774234800000,68282.30,68555.50,68022.60,68045.10,4838.080
1774238400000,68045.20,68517.00,68011.20,68504.50,4255.380
1774242000000,68504.40,68872.40,68504.40,68864.20,8866.004
1774245600000,68864.10,68865.20,67653.10,67845.30,11928.680
1774249200000,67845.20,68426.40,67456.70,68306.00,12967.744
1774252800000,68305.90,68670.00,68281.60,68400.10,6548.073
1774256400000,68400.20,68439.60,67880.00,68305.00,5950.262
1774260000000,68304.90,68688.00,68261.00,68512.20,5788.214
1774263600000,68512.20,71468.00,68505.70,70097.30,80533.880
1774267200000,70097.20,70850.00,69644.00,70710.00,22583.079
1774270800000,70710.00,71564.90,70551.30,71450.00,20003.766
1774274400000,71449.90,71789.80,71080.90,71409.80,18180.731
1774278000000,71409.80,71635.50,70074.70,70112.20,21463.132
1774281600000,70112.20,70736.40,70100.50,70539.60,13490.929
1774285200000,70539.60,71094.20,70325.60,71052.70,7996.099
1774288800000,71052.60,71166.00,70836.40,71040.50,6371.552
1774292400000,71040.50,71232.00,70612.50,70647.10,5709.420
1774296000000,70647.10,70953.50,70509.30,70876.60,3721.269
1774299600000,70876.60,70976.30,70786.10,70813.70,1745.940
1774303200000,70813.90,70859.00,70477.10,70745.10,3283.294
1774306800000,70745.10,70973.80,70370.00,70865.90,4213.498
1774310400000,70866.00,71080.00,70377.90,70650.00,6199.428
1774314000000,70650.10,70845.70,70232.00,70479.90,4958.563
1774317600000,70479.90,70668.70,70329.90,70416.00,3286.238
1774321200000,70416.00,70558.90,70362.60,70512.10,2460.375
1774324800000,70512.10,70726.40,70214.30,70339.90,4046.127
1774328400000,70340.00,70352.90,70075.50,70249.60,5168.093
1774332000000,70249.60,70544.90,70220.00,70507.80,3416.960
1774335600000,70507.90,71377.50,70439.80,71255.20,12633.339
1774339200000,71255.20,71314.30,70823.90,70933.80,6615.475
1774342800000,70933.80,71339.80,70812.70,71288.50,4817.413
1774346400000,71288.50,71299.80,71050.10,71237.40,4072.220
1774350000000,71237.40,71301.90,70916.90,71116.40,5395.558
1774353600000,71116.40,71144.00,70822.20,70924.40,4417.190
1774357200000,70924.40,71029.20,69888.00,70067.00,19945.411
1774360800000,70067.00,70449.00,69467.80,69847.60,23659.283
1774364400000,69847.60,70240.00,69739.50,69837.70,12541.380
1774368000000,69837.60,69979.00,69281.20,69448.30,13279.255
1774371600000,69448.40,69486.00,68884.50,69205.00,14034.956
1774375200000,69205.00,69724.80,69127.40,69399.50,8865.940
1774378800000,69399.50,69668.80,69226.00,69342.60,4274.805
1774382400000,69342.60,70270.00,69257.90,70066.60,12582.894
1774386000000,70066.60,70386.60,69844.30,70296.20,5844.120
1774389600000,70296.20,70548.10,70084.00,70277.90,5708.524
1774393200000,70278.00,70800.00,70216.70,70523.90,7968.403
1774396800000,70524.00,71028.00,70422.60,70804.30,6825.485
1774400400000,70804.30,70950.00,70590.60,70643.10,4999.115
1774404000000,70643.10,70741.50,70460.10,70500.00,3665.029
1774407600000,70500.00,70777.90,70375.00,70689.30,4678.112
1774411200000,70689.20,70949.30,70659.90,70938.10,3587.173
1774414800000,70938.10,71319.90,70900.20,71080.10,7548.801
1774418400000,71080.10,71233.70,70928.50,70962.80,4549.668
1774422000000,70962.80,71233.60,70850.00,70900.00,4490.549
1774425600000,70899.90,71478.00,70752.50,71209.10,9095.110
1774429200000,71209.20,71376.00,71058.40,71301.50,4503.705
1774432800000,71301.40,71600.00,71250.90,71462.70,5659.848
1774436400000,71462.70,71999.90,71425.00,71650.30,12351.222
1774440000000,71650.30,71933.30,71085.50,71685.40,16689.829
1774443600000,71685.40,71931.90,71473.30,71546.60,8415.183
1774447200000,71546.60,71666.60,71190.00,71203.60,8453.325
1774450800000,71203.60,71282.30,70531.40,70792.40,16505.570
1774454400000,70792.40,71742.20,70671.30,71290.00,15025.604
1774458000000,71290.00,71361.80,70676.80,70752.60,6405.954
1774461600000,70752.60,71121.30,70623.40,70786.80,5942.276
1774465200000,70786.80,71082.30,70741.80,70853.20,3149.210
1774468800000,70853.30,71028.00,70603.00,70970.00,3982.230
1774472400000,70970.00,71149.60,70889.60,71000.00,2495.037
1774476000000,71000.00,71606.00,70907.10,71330.10,4778.789
1774479600000,71330.00,71412.10,71143.50,71297.50,2719.025
1774483200000,71297.50,71408.10,71088.10,71265.80,3747.894
1774486800000,71265.80,71341.00,71116.90,71212.90,2453.274
1774490400000,71212.90,71257.10,70640.00,70855.00,5808.408
1774494000000,70855.00,70944.90,70650.00,70881.90,3359.798
1774497600000,70882.00,70882.00,70680.00,70737.00,2582.728
1774501200000,70737.00,70767.60,69906.20,69988.70,12385.966
1774504800000,69988.60,70126.60,69815.40,70057.50,7671.515
1774508400000,70057.40,70140.00,69722.60,70053.80,5530.530
1774512000000,70053.80,70095.70,69769.70,69985.90,5593.527
1774515600000,69986.00,70131.50,69366.00,69537.60,12236.506
1774519200000,69537.60,69693.70,69417.00,69480.00,4654.052
1774522800000,69480.00,69620.00,69127.20,69239.30,8815.363
1774526400000,69239.30,69428.00,69187.40,69395.10,5163.581
1774530000000,69395.20,69872.20,69158.90,69617.40,15536.501
1774533600000,69615.80,69800.00,69217.00,69450.10,9137.728
1774537200000,69450.00,69472.60,68553.40,69054.80,19276.690
1774540800000,69054.90,69054.90,68797.80,68904.80,6328.572
1774544400000,68904.80,69138.80,68325.20,68456.10,10124.779
1774548000000,68456.20,68581.30,68115.80,68457.00,11417.160
1774551600000,68457.00,68657.40,68317.90,68502.70,4550.355
1774555200000,68502.70,69466.60,68378.50,68973.80,16540.148
1774558800000,68973.90,69213.30,68849.80,68885.80,4792.691
1774562400000,68885.80,69000.00,68542.50,68862.50,5102.573
1774566000000,68862.50,68968.90,68600.00,68788.00,3663.275
1774569600000,68788.10,68942.20,68458.50,68746.40,6047.978
1774573200000,68746.40,69033.30,68654.80,69016.40,3407.459
1774576800000,69016.50,69142.70,68815.50,68870.80,2719.084
1774580400000,68870.80,68888.40,68621.50,68728.80,3607.926
1774584000000,68728.80,68764.50,68257.20,68540.20,7518.881
1774587600000,68540.10,68830.00,68453.60,68588.80,4033.462
1774591200000,68588.80,68811.00,68530.60,68621.50,2797.227
1774594800000,68621.50,68925.00,68416.50,68501.70,8267.991
1774598400000,68501.80,68619.90,67560.00,67876.60,18150.811
1774602000000,67876.70,67912.10,67500.20,67651.90,8934.715
1774605600000,67652.00,67737.90,66257.40,66456.40,26602.953
1774609200000,66456.40,66810.90,66175.40,66663.20,12567.309
1774612800000,66663.30,66742.20,66388.00,66579.40,6083.774
1774616400000,66579.40,66699.90,65950.00,66153.90,15382.501
1774620000000,66153.90,66375.20,65681.50,66162.70,20797.151
1774623600000,66162.70,66615.00,65930.30,66092.00,17540.701
1774627200000,66091.90,66149.60,65731.80,65945.50,11439.941
1774630800000,65945.50,66267.40,65550.00,65604.00,10726.045
1774634400000,65604.00,65939.10,65501.00,65804.00,6797.913
1774638000000,65804.00,66119.60,65666.60,66005.40,5796.107
1774641600000,66005.50,66125.80,65766.10,65983.00,4697.996
1774645200000,65983.10,66148.00,65972.60,66040.30,2232.358
1774648800000,66040.40,66053.20,65874.40,65981.10,2472.071
1774652400000,65981.10,66384.00,65931.50,66364.20,3728.694
1774656000000,66364.10,66472.40,66239.90,66389.90,3310.686
1774659600000,66389.90,66389.90,66006.10,66137.10,3788.397
1774663200000,66137.20,66214.00,65888.00,66020.10,3887.024
1774666800000,66020.00,66217.50,66020.00,66191.80,2461.721
1774670400000,66191.80,66274.70,66068.30,66243.50,2029.542
1774674000000,66243.60,66349.00,66169.00,66310.00,2222.047
1774677600000,66310.00,66460.00,66270.90,66358.20,2682.148
1774681200000,66358.10,66533.90,66341.30,66520.80,2427.447
1774684800000,66520.90,66529.40,66352.10,66374.90,2746.771
1774688400000,66374.90,66374.90,66203.50,66270.90,2795.618
1774692000000,66271.00,66379.90,66087.30,66184.90,2899.948
1774695600000,66184.90,66325.70,66162.00,66288.50,2252.391
1774699200000,66288.40,66498.10,66191.70,66416.70,3513.902
1774702800000,66416.70,67148.70,66363.60,66813.30,13186.355
1774706400000,66813.40,66942.30,66631.50,66716.20,5360.550
1774710000000,66716.10,67284.00,66678.10,66982.30,9848.298
1774713600000,66982.40,67065.00,66821.30,66894.30,3986.863
1774717200000,66894.30,66965.70,66644.00,66808.60,3473.794
1774720800000,66808.60,66920.00,66801.00,66871.10,2489.409
1774724400000,66871.20,66916.50,66764.70,66873.00,1312.886
1774728000000,66873.00,66978.00,66868.30,66885.50,1862.549
1774731600000,66885.60,66890.00,66526.80,66644.80,2392.101
1774735200000,66644.90,66758.90,66562.00,66729.00,2394.618
1774738800000,66729.00,66729.00,66233.60,66334.80,6048.427
1774742400000,66334.80,66468.60,66235.60,66444.40,2548.004
1774746000000,66444.30,66585.90,66344.20,66536.10,3135.536
1774749600000,66536.00,66820.00,66500.40,66773.70,3493.131
1774753200000,66773.70,67100.00,66724.00,66875.70,5860.433
1774756800000,66875.70,66907.50,66683.30,66701.90,2363.996
1774760400000,66701.90,66799.50,66565.00,66741.30,3093.997
1774764000000,66741.30,66845.00,66601.10,66704.40,2055.614
1774767600000,66704.40,66720.00,66521.40,66632.50,3044.013
1774771200000,66632.40,66743.70,66560.00,66689.50,1886.205
1774774800000,66689.40,66740.00,66500.90,66600.10,2076.043
1774778400000,66600.00,66600.00,66375.50,66473.40,3040.430
1774782000000,66473.40,66986.80,66473.30,66780.80,4790.749
1774785600000,66780.80,66844.30,66668.00,66818.60,2808.839
1774789200000,66818.70,66849.00,66483.90,66546.00,3973.710
1774792800000,66546.10,66764.90,66420.00,66556.20,4257.793
1774796400000,66556.30,66695.00,66288.10,66500.00,5548.023
1774800000000,66499.90,66639.00,66400.00,66467.80,2852.833
1774803600000,66467.80,66518.20,66111.00,66356.60,5384.339
1774807200000,66356.60,66524.00,66291.20,66397.20,1725.593
1774810800000,66397.10,66453.40,66282.10,66320.20,2175.189
1774814400000,66320.30,66767.90,66312.70,66578.60,4462.303
1774818000000,66578.60,66734.50,66477.50,66678.80,2390.255
1774821600000,66678.80,66686.10,64918.20,65820.30,25831.762
1774825200000,65820.20,66350.40,65819.00,65977.90,11479.606
1774828800000,65978.00,67043.20,65754.20,66251.20,16555.213
1774832400000,66251.20,66806.10,66251.10,66624.10,7416.652
1774836000000,66624.20,67487.70,66538.50,67087.00,14215.662
1774839600000,67087.10,67288.80,66934.70,67139.80,5264.700
1774843200000,67140.00,67625.10,67129.30,67579.10,7756.250
1774846800000,67579.20,67777.00,67404.00,67459.00,6598.791
1774850400000,67459.00,67550.00,67238.60,67273.40,5357.868
1774854000000,67273.50,67612.60,67180.50,67595.90,5275.695
1774857600000,67595.90,67920.00,67574.60,67634.00,9898.419
1774861200000,67633.90,67667.90,67426.00,67466.20,4284.723
1774864800000,67466.20,67498.00,67333.30,67463.00,3205.103
1774868400000,67463.10,67998.00,67459.70,67651.50,7852.554
1774872000000,67651.50,67950.00,67627.70,67859.30,5273.290
1774875600000,67859.40,68148.40,67378.70,67490.90,13074.572
1774879200000,67490.80,67843.80,67055.00,67762.70,14799.320
1774882800000,67762.80,67875.00,67373.70,67590.20,9621.943
1774886400000,67590.20,67614.90,67188.00,67333.00,5589.669
1774890000000,67332.90,67443.80,66617.30,66805.20,11208.178
1774893600000,66805.10,66899.90,66456.40,66620.60,8496.874
1774897200000,66620.60,66640.00,66200.10,66516.00,8875.348
1774900800000,66515.90,66662.60,66488.70,66614.90,2850.822
1774904400000,66614.90,66973.50,66550.00,66770.60,5139.640
1774908000000,66770.60,66971.20,66650.90,66746.50,3017.686
1774911600000,66746.40,66769.10,66377.10,66764.40,5430.093
1774915200000,66764.40,67276.00,66498.90,67172.50,8170.125
1774918800000,67172.50,68377.00,67004.20,67896.20,21388.751
1774922400000,67896.10,68072.70,67726.90,67911.80,4698.842
1774926000000,67911.80,67974.80,67610.50,67670.80,4526.069
1774929600000,67670.80,67865.70,67441.80,67510.10,5390.717
1774933200000,67510.10,67756.80,67356.40,67648.90,5254.856
1774936800000,67649.00,67679.50,67300.10,67465.40,4352.913
1774940400000,67465.40,67497.00,67071.90,67343.80,6776.714
1774944000000,67343.90,67476.90,66655.00,66745.10,11064.148
1774947600000,66745.10,66891.80,65938.00,66099.30,14984.779
1774951200000,66099.30,66442.00,66067.00,66329.40,8862.329
1774954800000,66329.40,66850.00,66205.00,66652.40,10995.373
1774958400000,66652.40,66909.30,66480.00,66623.80,6400.174
1774962000000,66623.80,67375.00,66623.80,67255.60,13271.792
1774965600000,67255.60,67765.80,66374.40,66555.90,24281.881
1774969200000,66556.00,67262.20,66555.90,66700.00,16438.359
1774972800000,66700.00,67985.50,66695.90,67632.60,17863.811
1774976400000,67632.60,68600.00,67357.10,67493.90,31074.877
1774980000000,67493.80,67929.70,67488.00,67814.60,6671.407
1774983600000,67814.50,67996.00,67671.30,67803.00,4561.967
1774987200000,67803.00,68234.00,67794.80,68227.20,5345.004
1774990800000,68227.30,68382.90,67840.40,68234.60,4214.782
1774994400000,68234.70,68306.90,67919.50,68141.60,3539.410
1774998000000,68141.70,68332.60,68050.00,68241.50,3204.005
1775001600000,68241.40,68305.10,67808.10,68288.00,5899.344
1775005200000,68288.00,68330.00,67707.50,67746.40,5867.034
1775008800000,67746.40,67881.20,67534.90,67623.80,4392.190
1775012400000,67623.90,68214.50,67623.90,68134.00,4893.429
1775016000000,68134.00,68450.00,67965.00,68272.30,6806.107
1775019600000,68272.30,68732.50,68114.50,68418.20,8388.280
1775023200000,68418.30,69220.00,68418.20,69069.10,14347.278
1775026800000,69069.10,69288.00,68631.10,68651.90,9948.863
1775030400000,68651.90,68821.50,68425.50,68630.80,7971.803
1775034000000,68630.90,68702.30,68360.00,68608.40,5165.172
1775037600000,68608.40,68632.10,68370.10,68545.10,3236.913
1775041200000,68545.20,68702.30,68471.50,68669.90,3332.164
1775044800000,68670.00,68773.90,68220.90,68363.80,9084.820
1775048400000,68364.10,68650.00,67883.70,68091.40,12785.834
1775052000000,68091.40,68657.10,68020.00,68559.10,8903.706
1775055600000,68559.20,68938.80,68380.30,68877.00,7696.492
1775059200000,68876.90,68961.60,68570.00,68781.10,6621.467
1775062800000,68781.10,69142.60,68212.10,68239.70,8742.133
1775066400000,68239.70,68313.80,67900.40,68054.20,8261.383
1775070000000,68054.20,68269.90,68000.00,68143.80,3616.318
1775073600000,68143.70,68217.80,67927.00,68159.80,2825.356
1775077200000,68159.70,68510.60,68136.50,68324.70,3518.395
1775080800000,68324.80,68324.80,68032.90,68088.40,2650.481
1775084400000,68088.50,68220.90,67952.20,68086.50,2321.258
1775088000000,68086.40,68639.10,68013.30,68565.10,4810.862
1775091600000,68565.20,68565.20,67000.30,67316.40,28476.843
1775095200000,67316.40,67316.40,66590.00,66821.60,10945.857
1775098800000,66821.60,66931.90,66455.90,66538.40,6817.005
1775102400000,66538.40,66617.70,66171.80,66300.20,7198.698
1775106000000,66300.20,66628.80,66270.00,66558.20,7378.976
1775109600000,66558.20,66798.90,66506.40,66652.90,6658.861
1775113200000,66653.00,66898.50,66521.40,66887.90,3805.262
1775116800000,66887.80,66887.90,66372.90,66418.20,5263.115
1775120400000,66418.10,66487.70,66256.00,66428.60,4756.070
1775124000000,66428.70,66471.90,66188.10,66424.00,3978.965
1775127600000,66424.10,66449.70,66065.10,66180.60,5811.944
1775131200000,66180.60,66215.20,65919.10,66014.20,9031.717
1775134800000,66014.30,66250.00,65676.10,66227.30,15856.243
1775138400000,66227.30,67080.00,66123.00,66822.40,20636.572
1775142000000,66822.30,66960.70,66596.20,66810.60,8566.429
1775145600000,66810.60,67234.40,66707.60,67050.10,7916.796
1775149200000,67050.00,67400.00,66622.40,66641.40,12264.218
1775152800000,66641.40,67044.80,66550.00,66941.60,5634.322
1775156400000,66941.70,67082.90,66827.80,66943.20,3699.127
1775160000000,66943.20,67078.90,66755.60,66906.30,3029.761
1775163600000,66906.40,66993.40,66681.30,66910.70,2094.620
1775167200000,66910.70,67008.50,66782.00,66954.00,2072.862
1775170800000,66954.00,67070.20,66820.60,66868.50,1653.796
1775174400000,66868.60,66976.20,66671.00,66761.80,2723.057
1775178000000,66761.80,66881.30,66450.00,66599.00,4087.425
1775181600000,66599.10,66726.70,66240.00,66504.60,7272.397
1775185200000,66504.60,66698.50,66461.00,66550.00,4129.956
1775188800000,66550.10,66666.00,66468.00,66578.80,1744.992
1775192400000,66578.80,66789.60,66375.10,66574.90,3463.985
1775196000000,66574.90,66770.00,66523.20,66762.00,2064.989
1775199600000,66762.10,67233.30,66716.40,67008.80,6199.006
1775203200000,67008.80,67258.00,66864.10,66935.00,4767.938
1775206800000,66935.10,66976.00,66714.30,66828.90,2763.018
1775210400000,66828.90,66871.90,66644.00,66845.30,2217.705
1775214000000,66845.30,67041.90,66790.60,66983.40,2737.691
1775217600000,66983.50,67350.00,66605.90,66690.40,8947.233
1775221200000,66690.40,66707.10,66478.50,66644.60,6171.178
1775224800000,66644.60,66968.10,66600.00,66900.00,4449.791
1775228400000,66899.90,66999.00,66778.90,66806.10,2790.320
1775232000000,66806.00,67046.10,66800.00,66972.50,2190.628
1775235600000,66972.50,67040.00,66714.10,66811.00,3190.914
1775239200000,66811.00,66899.70,66746.90,66783.70,1313.064
1775242800000,66783.60,66882.90,66740.60,66857.00,1227.270
1775246400000,66857.00,66888.00,66800.00,66800.10,776.851
1775250000000,66800.00,66946.30,66791.80,66929.50,1612.364
1775253600000,66929.40,66943.00,66813.00,66860.00,1236.070
1775257200000,66859.90,66930.00,66800.70,66930.00,1189.991
1775260800000,66930.00,66935.30,66838.90,66863.40,939.228
1775264400000,66863.40,66895.70,66795.80,66820.00,1195.529
1775268000000,66820.00,66891.40,66773.30,66814.10,1049.257
1775271600000,66814.00,66875.40,66798.80,66799.10,718.718
1775275200000,66799.10,66840.00,66745.50,66833.50,802.699
1775278800000,66833.50,66908.40,66817.80,66871.00,1487.395
1775282400000,66871.00,67023.70,66871.00,66981.50,1922.566
1775286000000,66981.50,67019.10,66904.00,66982.00,1794.695
1775289600000,66982.10,67025.00,66874.50,66907.80,1638.621
1775293200000,66907.80,66958.20,66882.10,66952.10,884.970
1775296800000,66952.10,67150.30,66880.90,67139.10,2711.761
1775300400000,67139.10,67223.80,67050.00,67128.90,2757.579
1775304000000,67128.90,67152.50,67025.20,67062.00,1463.379
1775307600000,67061.90,67245.30,67044.80,67170.00,2344.200
1775311200000,67170.00,67193.30,67003.70,67177.60,4367.856
1775314800000,67177.50,67554.50,67145.60,67357.30,8203.922
1775318400000,67357.40,67500.00,67292.00,67335.20,5582.375
1775322000000,67335.10,67386.00,67249.90,67302.30,1946.546
1775325600000,67302.30,67350.00,67226.40,67265.70,1442.733
1775329200000,67265.60,67523.80,67245.60,67262.70,2205.233
1775332800000,67262.80,67269.40,67150.60,67240.20,1456.190
1775336400000,67240.20,67452.70,67180.90,67325.00,1362.401
1775340000000,67325.00,67438.70,67305.40,67368.90,1151.500
1775343600000,67368.90,67371.40,67214.20,67271.00,1340.984
1775347200000,67271.10,67279.20,67131.10,67177.00,1420.572
1775350800000,67177.00,67200.00,67045.20,67060.60,1631.698
1775354400000,67060.60,67154.00,66900.00,67144.30,3024.169
1775358000000,67144.30,67166.90,67058.00,67113.50,827.213
1775361600000,67113.40,67160.00,67034.80,67066.20,1007.637
1775365200000,67066.30,67127.50,66822.80,66905.10,2325.371
1775368800000,66905.20,66918.60,66575.50,66771.60,7701.988
1775372400000,66771.60,66887.10,66685.30,66787.40,2881.334
1775376000000,66787.40,66910.00,66782.10,66892.50,1538.000
1775379600000,66892.60,67020.40,66862.30,66996.00,2024.531
1775383200000,66996.10,67132.80,66928.10,67012.30,2032.778
1775386800000,67012.40,67054.10,66934.40,66972.70,1308.905
1775390400000,66972.70,66972.70,66650.00,66751.40,5228.659
1775394000000,66751.50,66892.90,66666.00,66863.40,2779.283
1775397600000,66863.50,66940.20,66783.10,66892.50,2313.054
1775401200000,66892.60,67828.60,66792.60,67272.20,17243.801
1775404800000,67272.20,67381.00,67132.20,67178.80,3833.608
1775408400000,67178.90,67376.30,67150.00,67342.20,2318.157
1775412000000,67342.20,67428.20,67246.60,67381.10,1759.782
1775415600000,67381.20,67540.00,67250.00,67329.10,2721.463
1775419200000,67329.10,67681.60,67302.40,67636.70,3902.447
1775422800000,67636.70,67672.90,67377.20,67519.50,3003.776
1775426400000,67519.50,68347.90,67313.60,68313.00,14605.362
1775430000000,68313.00,69108.00,68232.00,68997.90,17484.581
1775433600000,68997.90,69583.00,68997.90,69051.90,14169.018
1775437200000,69051.90,69103.10,68761.00,68782.90,6282.170
1775440800000,68782.90,69386.20,68740.20,69183.60,7133.971
1775444400000,69183.60,69223.40,69026.60,69092.40,3887.373
1775448000000,69092.30,69188.00,68943.30,69107.60,3311.978
1775451600000,69107.60,69214.50,69052.00,69167.10,1991.853
1775455200000,69167.00,69338.20,68769.60,68958.70,6473.617
1775458800000,68958.80,69190.80,68800.00,69089.70,4997.301
1775462400000,69089.80,69328.70,69047.70,69191.70,3993.886
1775466000000,69191.70,70252.90,69180.00,69699.40,18431.974
1775469600000,69699.40,69982.20,69666.00,69739.20,5348.035
1775473200000,69739.20,69739.20,69524.00,69583.60,3764.749
1775476800000,69583.50,69602.40,69283.00,69337.30,4709.786
1775480400000,69337.40,69521.40,69200.10,69399.80,6493.035
1775484000000,69399.70,69791.30,69088.00,69620.00,12807.333
1775487600000,69620.00,69931.90,69490.00,69922.50,7526.043
1775491200000,69922.40,70332.50,69737.60,69759.20,10741.826
1775494800000,69759.20,69778.40,69240.00,69540.60,9573.939
1775498400000,69540.60,69955.30,69436.40,69852.90,5050.802
1775502000000,69852.80,69862.20,69543.80,69704.80,3330.826
1775505600000,69704.80,69940.00,69578.00,69779.40,2833.907
1775509200000,69779.50,69784.30,69400.00,69476.50,2367.163
1775512800000,69476.50,69554.20,68777.00,68777.10,7405.076
1775516400000,68777.00,68880.10,68227.50,68817.90,14131.575
1775520000000,68817.90,69111.80,68682.70,68738.70,7076.461
1775523600000,68738.60,68878.30,68291.00,68363.90,7228.844
1775527200000,68363.90,68684.60,68241.90,68640.30,5150.666
1775530800000,68640.30,68780.00,68586.50,68746.30,2875.385
1775534400000,68746.40,68955.60,68510.50,68819.30,4248.648
1775538000000,68819.20,68831.00,68577.60,68627.50,2555.837
1775541600000,68627.40,68635.90,68400.60,68540.00,3505.289
1775545200000,68539.90,68677.80,68470.00,68592.10,2041.225
1775548800000,68592.00,68963.40,68570.70,68907.10,4642.324
1775552400000,68907.10,69219.00,68900.00,69109.80,6058.021
1775556000000,69109.90,69170.00,68151.80,68196.00,13660.183
1775559600000,68196.10,68430.10,68033.00,68310.80,7993.096
1775563200000,68310.70,68579.30,68039.80,68367.00,7657.761
1775566800000,68366.90,68613.80,68168.00,68208.10,8543.123
1775570400000,68208.10,68232.10,67741.00,67831.00,14376.041
1775574000000,67831.10,68250.00,67711.00,68138.40,7962.196
1775577600000,68138.50,68431.80,68049.90,68207.20,6229.966
1775581200000,68207.20,68996.00,68164.50,68670.00,7980.601
1775584800000,68670.10,68746.70,68318.10,68413.70,4727.513
1775588400000,68413.70,69068.60,68315.30,68975.90,9428.713
1775592000000,68975.90,69500.00,68975.90,69285.20,9691.622
1775595600000,69285.30,70200.00,69273.30,69886.70,18637.709
1775599200000,69886.70,71499.90,69886.60,71479.90,31964.577
1775602800000,71479.90,72743.40,71155.00,71890.20,38592.446
1775606400000,71890.20,72086.40,71505.20,71681.90,12154.360
1775610000000,71681.90,71732.60,71416.90,71446.50,5646.636
1775613600000,71446.50,71698.00,71186.00,71330.00,6209.708
1775617200000,71329.90,71449.90,71231.30,71259.60,2746.993
1775620800000,71259.70,71649.80,71250.00,71528.60,5039.550
1775624400000,71528.60,71797.00,71516.30,71701.60,3933.249
1775628000000,71701.50,71919.00,71539.20,71697.50,4019.369
1775631600000,71697.40,71873.70,71551.80,71612.00,4017.693
1775635200000,71612.10,71808.50,71612.00,71776.00,3116.268
1775638800000,71776.00,71945.00,71555.30,71655.40,3363.095
1775642400000,71655.40,71782.10,71415.30,71445.70,3263.796
1775646000000,71445.70,71687.60,71367.00,71650.20,4717.931
1775649600000,71650.20,72169.50,71542.60,72023.60,10583.578
1775653200000,72023.60,72858.50,71460.10,71563.20,37732.505
1775656800000,71563.20,71723.80,70671.60,70888.00,20733.852
1775660400000,70888.00,71327.20,70796.40,71274.80,10170.443
1775664000000,71274.90,71655.00,71218.90,71560.90,7730.290
1775667600000,71561.00,71934.50,71447.40,71847.50,8262.334
1775671200000,71847.50,71847.70,71035.80,71064.90,10227.962
1775674800000,71064.90,71333.00,70980.00,71283.00,5944.079
1775678400000,71283.00,71444.80,71226.00,71336.90,2304.428
1775682000000,71337.00,71726.70,71293.20,71509.50,3112.217
1775685600000,71509.60,71536.20,71024.20,71024.30,3942.192
1775689200000,71024.20,71198.40,70850.90,71038.10,4405.964
1775692800000,71038.20,71107.00,70622.90,70779.00,5843.190
1775696400000,70779.00,70940.80,70428.00,70900.00,7732.073
1775700000000,70899.90,71168.00,70777.00,71029.70,4609.518
1775703600000,71029.60,71091.90,70818.00,70961.20,3009.072
1775707200000,70961.20,70980.50,70700.00,70760.10,3066.357
1775710800000,70760.10,71063.00,70666.00,70959.70,3706.321
1775714400000,70959.60,71058.60,70780.10,70998.80,2557.880
1775718000000,70998.80,71087.80,70913.50,70945.00,2671.884
1775721600000,70945.00,71342.00,70831.90,71207.60,4857.915
1775725200000,71207.50,71533.00,71060.90,71488.70,5655.474
1775728800000,71488.70,71498.90,71234.70,71234.70,3102.242
1775732400000,71234.70,71317.00,71007.80,71109.90,3694.561
1775736000000,71109.90,71299.60,70978.80,71245.00,3685.525
1775739600000,71244.90,71320.00,70590.00,70765.20,9043.698
1775743200000,70765.20,71224.50,70470.20,71083.50,10350.748
1775746800000,71083.40,72320.00,70887.80,72108.00,26071.831
1775750400000,72108.00,72377.40,71688.80,72048.00,13698.746
1775754000000,72048.10,72517.90,72028.20,72306.90,12725.975
1775757600000,72307.00,72339.00,71705.00,71849.30,6911.030
1775761200000,71849.30,72267.30,71701.30,72055.90,8541.443
1775764800000,72055.80,72419.80,71945.00,72377.60,4197.604
1775768400000,72377.60,72666.60,72102.50,72230.10,5983.887
1775772000000,72230.20,73128.00,71911.10,71911.20,15253.827
1775775600000,71911.10,71999.00,71539.90,71750.40,8835.656
1775779200000,71750.40,71995.80,71546.00,71932.30,6397.971
1775782800000,71932.30,72350.00,71620.60,72124.00,8235.607
1775786400000,72124.00,72255.00,71882.30,71926.30,4051.442
1775790000000,71926.20,71993.00,71770.50,71837.30,3030.935
1775793600000,71837.30,72199.90,71781.90,72088.80,3096.039
1775797200000,72088.80,72243.60,71973.80,72098.60,2811.713
1775800800000,72098.40,72154.80,71759.00,71778.10,3516.103
1775804400000,71778.10,71821.10,71382.10,71461.20,7061.726
1775808000000,71461.20,71730.00,71395.00,71571.60,5531.598
1775811600000,71571.60,71840.80,71555.80,71746.20,3388.617
1775815200000,71746.10,71910.00,71658.80,71872.40,3363.748
1775818800000,71872.50,72229.00,71861.50,72092.70,6834.269
1775822400000,72092.80,72467.30,71960.50,72225.50,12107.361
1775826000000,72225.40,72381.00,71868.50,72284.00,7453.352
1775829600000,72283.90,73123.90,72209.80,72870.60,24555.643
1775833200000,72870.60,73255.70,72309.50,72421.00,13827.109
1775836800000,72421.10,73024.10,72350.00,72954.00,8170.920
1775840400000,72954.00,73125.10,72750.00,73079.90,4994.395
1775844000000,73079.90,73127.60,72830.70,73056.70,4415.006
1775847600000,73056.70,73223.40,72850.50,73187.30,5777.684
1775851200000,73187.40,73450.00,72995.80,73310.50,8258.764
1775854800000,73310.50,73311.50,72883.70,73156.20,2777.080
1775858400000,73156.20,73213.40,72669.10,72834.20,4476.923
1775862000000,72834.20,72925.00,72744.10,72917.40,2435.661
1775865600000,72917.40,72917.40,72730.80,72792.50,1856.280
1775869200000,72792.50,72972.50,72615.00,72920.10,3067.207
1775872800000,72920.10,73066.20,72872.60,72928.30,3039.481
1775876400000,72928.20,73048.50,72769.40,72835.10,2161.031
1775880000000,72835.10,72921.50,72633.50,72771.20,4560.284
1775883600000,72771.30,72800.00,72631.00,72680.00,2073.160
1775887200000,72680.00,72738.00,72566.40,72727.50,2678.317
1775890800000,72727.50,72790.90,72630.00,72707.70,2594.582
1775894400000,72707.80,72767.50,72595.00,72625.40,1952.428
1775898000000,72625.40,72883.00,72580.00,72874.00,3161.384
1775901600000,72874.10,72886.00,72723.20,72801.20,1747.576
1775905200000,72801.30,72874.10,72781.40,72868.20,1252.593
1775908800000,72868.20,72945.00,72760.30,72895.60,2157.533
1775912400000,72895.60,72895.60,72451.90,72612.20,6262.790
1775916000000,72612.30,72728.50,72560.40,72660.90,1953.307
1775919600000,72660.80,72869.90,72638.80,72817.30,2043.715
1775923200000,72817.30,73180.00,72775.30,72991.30,5048.943
1775926800000,72991.30,73140.80,72900.10,73056.20,2137.239
1775930400000,73056.20,73700.00,72990.20,73515.90,10134.865
1775934000000,73515.90,73773.40,73400.40,73635.90,6313.742
1775937600000,73635.90,73648.80,73183.50,73252.90,3776.169
1775941200000,73252.80,73500.00,73155.00,73384.70,2632.347
1775944800000,73384.70,73529.00,73183.40,73333.30,3102.654
1775948400000,73333.30,73333.40,72861.20,73013.40,4462.043
1775952000000,73013.40,73077.60,72817.40,73038.80,2584.790
1775955600000,73038.70,73094.40,71259.00,71598.70,25394.345
1775959200000,71598.70,72000.00,71302.00,71723.70,10553.114
1775962800000,71723.70,71831.80,71556.30,71563.60,4636.933
1775966400000,71563.60,71656.30,71407.70,71428.70,3979.590
1775970000000,71428.70,71750.00,71369.70,71665.10,4332.298
1775973600000,71665.00,71728.00,71602.00,71618.90,2011.767
1775977200000,71618.80,71716.20,71541.40,71628.10,1699.934
1775980800000,71628.20,71750.00,71555.00,71592.30,1973.322
1775984400000,71592.40,71600.00,71461.70,71502.40,1676.216
1775988000000,71502.30,71655.20,71309.70,71416.10,2947.051
1775991600000,71416.10,71510.00,71384.30,71435.00,2223.504
1775995200000,71435.00,71478.00,71000.00,71050.10,8813.353
1775998800000,71050.00,71117.20,70818.70,70861.50,11631.888
1776002400000,70861.40,71063.80,70655.60,70714.30,7906.214
1776006000000,70714.30,70898.00,70566.50,70856.20,6590.007
1776009600000,70856.10,70926.70,70777.00,70890.90,2601.419
1776013200000,70890.80,71188.00,70853.10,71099.90,4177.012
1776016800000,71100.00,71177.30,71010.00,71092.60,2607.767
1776020400000,71092.50,71199.00,71034.60,71055.20,2131.614
1776024000000,71055.20,71417.90,70920.40,71302.90,5128.901
1776027600000,71302.80,71423.90,71110.30,71331.70,2565.008
1776031200000,71331.40,71332.40,70458.20,70875.60,13082.450
1776034800000,70875.50,70882.40,70533.00,70711.10,3574.492
1776038400000,70711.20,71225.00,70574.00,71130.00,5326.491
1776042000000,71129.90,71193.60,70990.70,71156.10,3835.131
1776045600000,71156.00,71245.00,70941.40,71047.00,3419.461
1776049200000,71047.00,71128.80,70874.40,70944.80,2551.518
1776052800000,70944.80,71114.90,70812.70,70854.30,2218.709
1776056400000,70854.40,70892.40,70627.90,70847.80,2818.291
1776060000000,70847.70,71068.00,70843.70,70989.60,2518.392
1776063600000,70989.70,71045.10,70640.30,70780.00,3837.005
1776067200000,70780.10,70833.00,70517.30,70644.80,3558.489
1776070800000,70644.90,70875.30,70634.90,70758.40,2639.981
1776074400000,70758.30,70814.20,70643.50,70716.00,1970.778
1776078000000,70716.00,70960.30,70700.30,70883.90,3104.390
1776081600000,70883.90,71188.00,70722.30,71043.00,5697.803
1776085200000,71043.00,71677.90,70780.00,71623.00,17540.464
1776088800000,71623.00,72358.50,71326.30,72347.20,20806.650
1776092400000,72347.10,72431.00,71600.10,71823.60,13405.348
1776096000000,71823.60,72393.80,71629.50,72157.30,13649.973
1776099600000,72157.40,72549.20,72015.50,72101.00,11559.413
1776103200000,72100.90,72424.90,72000.00,72380.00,5777.540
1776106800000,72380.10,73441.70,72248.50,73272.20,25327.444
1776110400000,73272.10,73349.30,72953.30,73098.90,9281.046
1776114000000,73098.80,73329.40,73026.70,73140.00,3643.338
1776117600000,73140.00,74750.00,73130.00,74599.90,31775.073
1776121200000,74600.00,74870.00,74367.60,74385.00,16766.791
1776124800000,74384.90,74493.40,74057.70,74127.90,8218.546
1776128400000,74127.90,74400.00,73946.90,74345.50,4810.747
1776132000000,74345.50,74583.10,74236.10,74294.40,3853.264
1776135600000,74294.50,74461.90,74212.80,74408.80,2768.526
1776139200000,74408.80,74476.10,74316.90,74355.50,2265.702
1776142800000,74355.50,74401.80,74112.20,74184.50,3115.487
1776146400000,74184.50,74519.90,74184.50,74485.00,3312.115
1776150000000,74485.10,74900.00,74395.60,74513.40,7521.321
1776153600000,74513.30,74873.50,74419.10,74713.90,5411.496
1776157200000,74714.00,74799.50,74403.10,74471.90,4221.747
1776160800000,74471.90,74581.70,74300.00,74309.80,3610.194
1776164400000,74309.80,74430.00,74267.20,74342.40,2981.975
1776168000000,74342.40,74459.60,74234.00,74416.70,4585.221
1776171600000,74416.70,75484.00,74366.00,75471.20,21163.234
1776175200000,75471.10,76009.00,74964.70,74966.30,32074.453
1776178800000,74966.30,75396.90,74514.10,75268.10,17275.135
1776182400000,75268.10,75684.90,74450.00,74597.10,13496.273
1776186000000,74597.20,74902.70,74200.20,74699.90,9405.722
1776189600000,74699.90,74765.00,73789.70,74050.00,11823.288
1776193200000,74049.90,74362.80,73833.50,74176.40,7221.741
1776196800000,74176.50,74387.70,73960.00,74059.00,3417.497
1776200400000,74058.90,74295.70,73903.80,74230.30,2657.168
1776204000000,74230.30,74339.40,73766.80,73987.50,4679.750
1776207600000,73987.60,74200.10,73961.30,74106.90,3370.888
1776211200000,74106.90,74635.00,74085.00,74520.30,6386.687
1776214800000,74520.30,74739.20,74450.80,74568.30,3793.236
1776218400000,74568.30,74653.40,74142.70,74280.00,3803.950
1776222000000,74280.00,74338.90,74123.60,74296.80,2219.931
1776225600000,74296.80,74400.00,74211.30,74290.80,1828.487
1776229200000,74290.70,74390.00,73822.60,73983.20,5600.465
1776232800000,73983.10,74015.70,73822.00,73851.10,2724.877
1776236400000,73851.00,73987.00,73449.00,73705.10,9147.153
1776240000000,73705.20,74154.30,73640.10,74070.40,4910.157
1776243600000,74070.40,74143.50,73868.00,73968.30,2961.195
1776247200000,73968.30,74222.70,73750.00,73825.90,5354.748
1776250800000,73825.90,74227.50,73825.90,74155.10,4233.263
1776254400000,74155.00,74473.50,74001.10,74228.70,5486.241
1776258000000,74228.80,74397.00,73769.50,74015.80,7645.902
1776261600000,74015.90,74466.00,73776.50,74108.80,9303.464
1776265200000,74108.80,74290.00,73540.00,73797.50,9855.922
1776268800000,73797.50,74145.20,73714.90,73900.40,5052.861
1776272400000,73900.30,74197.10,73873.80,74099.10,3734.784
1776276000000,74099.00,74369.20,74028.00,74349.10,3731.718
1776279600000,74349.10,75240.00,74311.90,74957.80,12055.200
1776283200000,74957.70,74991.50,74466.50,74796.80,6702.826
1776286800000,74796.70,74816.00,74498.60,74703.00,2535.824
1776290400000,74703.10,75425.60,74696.00,74931.30,7850.458
1776294000000,74931.30,74932.10,74579.00,74776.20,4110.422
1776297600000,74776.30,74839.00,74400.00,74772.00,4289.958
1776301200000,74772.10,74772.10,74415.00,74612.80,2427.540
1776304800000,74612.80,75232.70,74556.70,74840.80,5925.410
1776308400000,74840.70,75123.50,74825.10,74851.90,3008.342
1776312000000,74851.90,75130.00,74675.40,74899.90,7685.073
1776315600000,74900.00,75100.00,74852.40,75006.10,2772.243
1776319200000,75006.00,75079.10,74801.80,74985.90,2797.074
1776322800000,74985.90,75039.00,74590.30,74667.70,3790.884
1776326400000,74667.70,74711.80,74466.90,74634.30,4804.128
1776330000000,74634.20,74866.90,74550.00,74558.70,3450.627
1776333600000,74558.60,74621.10,74226.20,74267.80,7078.903
1776337200000,74267.70,74537.30,74234.90,74528.40,5244.012
1776340800000,74528.40,74836.60,74524.70,74577.70,5712.038
1776344400000,74577.80,74981.10,73256.80,73755.90,21382.008
1776348000000,73756.00,74155.70,73388.00,73937.00,16481.072
1776351600000,73936.80,74880.00,73900.00,74659.50,13140.692
1776355200000,74659.50,74901.60,74007.60,74140.60,9530.226
1776358800000,74140.60,74410.70,73873.50,74301.60,6691.907
1776362400000,74301.60,75073.00,74202.00,75000.00,7853.120
1776366000000,75000.10,75378.10,74711.00,75309.40,8837.111
1776369600000,75309.50,75500.00,74964.60,75188.90,6256.538
1776373200000,75189.00,75245.70,74736.50,74902.20,3984.835
1776376800000,74902.30,75090.80,74787.70,74833.90,2612.399
1776380400000,74833.90,75149.10,74800.00,75106.80,2641.585
1776384000000,75106.80,75118.40,74848.40,74900.20,2958.114
1776387600000,74900.20,74998.20,74532.90,74707.60,4650.303
1776391200000,74707.70,74770.00,74480.00,74670.60,2338.740
1776394800000,74670.50,74814.10,74558.90,74582.80,3160.293
1776398400000,74582.80,74818.10,74550.00,74748.40,1846.248
1776402000000,74748.30,74770.50,74508.20,74604.80,2378.041
1776405600000,74604.80,74904.20,74559.70,74895.10,3090.866
1776409200000,74895.20,75060.40,74892.70,75047.40,4376.710
1776412800000,75047.40,75869.00,74951.60,75749.80,14296.900
1776416400000,75749.80,76350.00,75463.20,75746.00,21235.691
1776420000000,75746.10,75853.70,75030.20,75229.70,13662.049
1776423600000,75229.60,75564.70,75195.70,75542.20,4279.613
1776427200000,75542.10,76235.40,75481.80,76195.60,13125.431
1776430800000,76195.70,77376.30,76006.70,77294.30,49562.355
1776434400000,77294.20,77999.90,76951.10,77825.10,31429.916
1776438000000,77825.10,77940.00,77389.00,77736.20,13716.929
1776441600000,77736.20,78300.00,77660.00,77805.10,15584.467
1776445200000,77805.10,77870.00,77042.00,77465.30,12363.466
1776448800000,77465.30,77521.30,77028.40,77112.10,6498.194
1776452400000,77112.00,77429.80,76921.90,77348.80,6106.231
1776456000000,77349.20,77566.00,77111.00,77283.70,3754.339
1776459600000,77283.70,77459.00,77228.60,77400.10,1994.375
1776463200000,77400.00,77477.10,77222.10,77261.80,2677.990
1776466800000,77261.90,77267.00,76854.20,77030.60,4308.654
1776470400000,77030.60,77216.20,76931.00,77135.10,2853.470
1776474000000,77135.20,77287.90,77072.70,77175.90,2416.708
1776477600000,77175.90,77380.00,77085.60,77249.50,2121.763
1776481200000,77249.60,77254.30,76903.20,76964.30,2495.093
1776484800000,76964.40,77131.80,76824.10,77065.90,3532.251
1776488400000,77065.80,77233.60,77063.50,77085.00,2162.711
1776492000000,77085.10,77177.00,77008.00,77078.70,1684.268
1776495600000,77078.70,77086.50,76826.80,76951.00,3315.779
1776499200000,76951.00,77004.20,76460.00,76695.10,10953.848
1776502800000,76695.10,76695.10,76357.10,76557.10,6580.507
1776506400000,76557.10,76557.20,76091.80,76150.00,9595.160
1776510000000,76150.00,76150.00,75710.60,76002.00,10561.507
1776513600000,76002.00,76277.40,76000.00,76168.00,5429.196
1776517200000,76168.00,76176.00,75738.00,76080.50,5094.502
1776520800000,76080.50,76268.20,75924.40,76211.20,3696.291
1776524400000,76211.20,76342.70,75931.90,76124.80,3212.335
1776528000000,76124.80,76176.60,75584.10,75897.90,8581.227
1776531600000,75897.90,75930.50,75724.80,75783.90,3440.030
1776535200000,75783.90,75805.10,75395.90,75603.70,8666.619
1776538800000,75603.70,75761.10,75532.30,75604.20,2321.470
1776542400000,75604.20,75799.90,75558.60,75706.10,1982.126
1776546000000,75706.10,75795.00,75551.00,75766.50,1443.332
1776549600000,75766.40,75836.90,75560.00,75765.50,2228.389
1776553200000,75765.50,75843.30,75653.40,75653.80,1525.809
1776556800000,75653.80,75804.00,75506.10,75627.30,2629.124
1776560400000,75627.40,75757.70,75408.50,75577.40,2691.631
1776564000000,75577.40,75692.30,75353.00,75450.10,2887.502
1776567600000,75450.00,75607.90,75314.00,75473.00,2654.256
1776571200000,75472.90,75747.30,75371.60,75623.70,3516.273
1776574800000,75623.70,75650.00,75466.30,75505.10,2602.877
1776578400000,75505.10,75505.10,75234.20,75359.70,3342.324
1776582000000,75359.60,75363.20,74824.30,75205.60,8669.567
1776585600000,75205.70,75250.00,75024.30,75220.00,2655.875
1776589200000,75220.10,75232.10,74863.60,74974.60,3069.234
1776592800000,74974.60,75199.00,74888.00,75175.50,2776.047
1776596400000,75175.50,75589.20,75170.00,75557.40,5863.313
1776600000000,75557.50,75665.70,75386.40,75529.30,5131.535
1776603600000,75529.20,76200.00,75505.10,75877.90,11571.736
1776607200000,75878.00,76100.00,75625.90,75971.30,5966.627
1776610800000,75971.40,76116.80,75342.30,75807.60,6299.713
1776614400000,75807.70,75817.70,75255.70,75345.60,4713.196
1776618000000,75345.50,75348.40,74560.00,74742.40,12311.531
1776621600000,74742.30,74876.90,74550.00,74736.20,5348.541
1776625200000,74736.20,75043.10,74736.20,74917.90,2859.308
1776628800000,74918.00,74920.20,74375.00,74591.60,5630.174
1776632400000,74591.70,74776.30,74304.50,74379.50,3737.525
1776636000000,74379.40,74379.50,73700.20,74005.00,16669.971
1776639600000,74005.00,74018.60,73746.40,73758.40,5380.331
1776643200000,73758.40,74322.90,73669.00,74228.10,9071.563
1776646800000,74228.10,74697.60,74167.60,74549.40,5474.771
1776650400000,74549.50,74588.30,74254.90,74364.50,2909.538
1776654000000,74364.50,74600.00,74309.80,74593.90,3778.122
1776657600000,74593.90,74598.10,74389.10,74523.70,1990.290
1776661200000,74523.70,74523.70,74061.20,74226.50,3849.183
1776664800000,74226.50,74860.00,74206.70,74751.10,5500.076
1776668400000,74751.20,75539.30,74618.00,74795.50,14105.339
1776672000000,74795.50,74970.50,74563.20,74691.70,5466.570
1776675600000,74691.70,75200.00,74660.80,75028.80,5031.636
1776679200000,75028.90,75375.10,74964.80,74993.20,4324.018
1776682800000,74993.30,75243.00,74907.10,75148.70,3197.964
1776686400000,75148.80,75633.00,74939.10,75245.00,7621.821
1776690000000,75245.10,75392.00,74811.70,75232.80,9118.652
1776693600000,75232.70,75734.00,74873.10,75000.10,12377.784
1776697200000,75000.10,75750.00,74639.50,75668.10,13391.763
1776700800000,75668.10,75676.30,75250.00,75300.00,5228.528
1776704400000,75300.00,75975.40,75242.50,75853.70,8252.788
1776708000000,75853.70,76439.00,75853.70,76388.80,14061.343
1776711600000,76389.30,76449.80,76105.60,76252.50,11150.177
1776715200000,76252.50,76531.00,76072.90,76229.90,8890.150
1776718800000,76230.00,76323.90,75721.70,75909.50,5425.270
1776722400000,75909.40,76105.40,75851.10,75927.70,2157.720
1776726000000,75927.70,75927.70,75556.20,75790.10,3774.601
1776729600000,75790.10,76054.00,75650.00,76050.00,3649.862
1776733200000,76049.90,76232.30,75798.60,75887.00,3218.622
1776736800000,75887.10,75889.90,75532.00,75540.00,3920.912
1776740400000,75540.00,75680.00,75433.10,75669.10,3049.000
1776744000000,75669.10,75790.30,75558.80,75768.30,2636.054
1776747600000,75768.20,75947.10,75732.30,75760.80,3034.910
1776751200000,75760.70,76088.00,75658.30,75930.50,3253.014
1776754800000,75930.40,76276.60,75770.00,76050.00,5348.542
1776758400000,76050.00,76999.00,76025.00,76462.40,9688.673
1776762000000,76462.40,76565.20,76103.30,76324.20,6005.276
1776765600000,76324.20,76844.50,76306.30,76702.10,5702.752
1776769200000,76702.20,76716.70,76281.10,76408.30,6424.410
1776772800000,76408.30,76491.10,75631.20,75972.80,13349.788
1776776400000,75972.90,76144.00,75688.00,75859.90,7392.452
1776780000000,75860.00,76574.30,75571.70,75628.90,17784.574
1776783600000,75628.90,75950.20,75355.20,75799.90,9750.346
1776787200000,75800.00,76155.00,75705.40,75739.20,5816.389
1776790800000,75739.30,75875.10,75017.80,75516.00,14476.413
1776794400000,75515.90,75639.60,75273.00,75563.10,4921.306
1776798000000,75563.10,75900.00,74777.90,74988.60,13354.564
1776801600000,74988.70,75824.80,74942.20,75649.40,10187.902
1776805200000,75649.30,75732.50,75402.90,75506.40,1945.077
1776808800000,75506.40,75608.60,75250.00,75598.60,2856.061
1776812400000,75598.60,76396.20,75570.30,76288.20,6994.088
1776816000000,76288.30,76471.20,76170.00,76327.10,5396.425
1776819600000,76327.10,76380.00,76078.60,76267.30,3004.863
1776823200000,76267.40,77613.00,76183.70,77568.10,20988.269
1776826800000,77568.00,77699.00,77366.00,77488.30,9672.167
1776830400000,77488.40,77670.80,77321.70,77475.50,4496.121
1776834000000,77475.40,78447.50,77406.00,77954.40,26969.743
1776837600000,77954.40,78008.80,77860.00,77971.60,4519.224
1776841200000,77971.50,78098.00,77774.30,77979.80,5242.797
1776844800000,77979.70,78186.00,77895.30,77970.00,5187.109
1776848400000,77970.00,78152.80,77912.10,77959.90,3001.630
1776852000000,77959.90,78151.00,77908.60,78117.80,2672.693
1776855600000,78117.80,78365.80,78054.50,78263.20,4820.256
1776859200000,78263.20,78490.80,78060.00,78196.60,6410.168
1776862800000,78196.60,78799.00,78120.10,78794.50,12886.624
1776866400000,78794.40,79142.80,78511.10,78996.80,20184.835
1776870000000,78996.70,79370.00,78800.30,79234.30,13529.874
1776873600000,79234.30,79444.00,78586.70,78705.10,11368.472
1776877200000,78705.10,78998.60,78660.00,78869.80,5456.211
1776880800000,78869.80,79129.80,78783.70,78989.50,3353.919
1776884400000,78989.50,79020.00,78654.60,78791.30,6915.525
1776888000000,78791.30,78868.90,78360.00,78395.80,5886.107
1776891600000,78395.80,78788.30,78361.40,78713.80,2432.296
1776895200000,78713.90,78784.00,78403.20,78552.10,2555.670
1776898800000,78552.10,78559.20,78111.60,78139.80,4136.098
1776902400000,78139.70,78534.90,77526.80,78389.90,12884.746
1776906000000,78390.00,78445.20,78015.00,78311.00,3983.736
1776909600000,78310.90,78320.00,77715.00,77897.60,5149.543
1776913200000,77897.60,77991.70,77410.70,77704.30,7028.582
1776916800000,77704.30,77912.00,77627.40,77871.60,4028.953
1776920400000,77871.50,78093.20,77724.40,77991.90,4466.369
1776924000000,77992.00,78310.10,77992.00,78167.00,5625.923
1776927600000,78167.00,78210.90,77925.90,78009.10,3450.478
1776931200000,78009.10,78142.20,77680.00,77822.10,5585.852
1776934800000,77822.10,77830.00,77400.20,77613.00,7413.850
1776938400000,77613.00,77678.30,76504.60,77362.90,17017.695
1776942000000,77363.00,77709.10,77321.60,77649.90,5446.003
1776945600000,77650.00,77837.60,77460.40,77826.80,8226.825
1776949200000,77826.80,77875.70,77322.80,77486.70,5854.600
1776952800000,77486.60,78176.00,77378.40,78132.80,9478.995
1776956400000,78132.80,78648.00,77929.00,78329.20,11934.225
1776960000000,78329.30,78466.80,77965.80,78049.00,5475.753
1776963600000,78049.10,78137.80,76900.10,77715.20,21713.346
1776967200000,77715.10,78100.00,77617.80,77631.70,10340.909
1776970800000,77631.50,77859.90,77543.40,77670.50,5665.343
1776974400000,77670.40,78020.00,77598.40,77841.30,3884.977
1776978000000,77841.30,78044.20,77743.30,77819.60,1877.423
1776981600000,77819.50,78299.00,77819.50,78194.20,3629.261
1776985200000,78194.10,78266.00,77983.50,78216.80,2321.625
1776988800000,78217.40,78459.10,78120.00,78376.70,2948.463
1776992400000,78376.70,78399.00,77901.00,78369.90,5826.227
1776996000000,78369.80,78546.00,77986.00,78074.00,5936.447
1776999600000,78074.00,78134.00,77500.00,77690.10,8698.496
1777003200000,77690.10,77814.70,77413.00,77620.50,3937.802
1777006800000,77620.50,78019.20,77401.50,77911.00,6692.759
1777010400000,77911.10,77945.00,77704.00,77741.90,2572.110
1777014000000,77742.00,77814.00,77500.00,77620.50,4052.743
1777017600000,77620.50,77987.20,77530.10,77744.60,4542.119
1777021200000,77744.60,77773.90,77355.80,77497.20,5508.841
1777024800000,77497.20,77765.50,77410.00,77715.20,3019.545
1777028400000,77715.20,78346.10,77715.10,78194.80,12224.384
1777032000000,78194.90,78309.20,77963.60,78233.00,4968.190
1777035600000,78233.00,78432.90,77870.00,78050.10,8477.317
1777039200000,78050.00,78060.50,77639.00,77986.40,8895.171
1777042800000,77986.30,78199.00,77521.00,78007.30,9049.207
1777046400000,78007.30,78031.90,77543.40,77732.70,6053.347
1777050000000,77732.60,77792.90,77414.40,77644.60,7098.563
1777053600000,77644.50,77681.60,77308.00,77579.20,4310.364
1777057200000,77579.20,77711.00,77485.10,77596.10,2617.260
1777060800000,77596.00,77727.00,77412.80,77688.20,3057.022
1777064400000,77688.20,77718.50,77490.00,77490.10,1860.883
1777068000000,77490.00,77579.90,77206.80,77294.50,3447.770
1777071600000,77294.60,77439.10,77288.90,77395.40,1987.975
1777075200000,77395.30,77459.70,77254.70,77419.90,1878.806
1777078800000,77420.00,77579.30,77392.70,77490.00,1991.297
1777082400000,77490.00,77608.20,77450.00,77567.60,1315.087
1777086000000,77567.60,77678.00,77500.00,77629.00,1474.251
1777089600000,77629.00,77653.20,77545.00,77579.50,949.516
1777093200000,77579.50,77579.50,77438.10,77475.80,1311.610
1777096800000,77475.80,77547.00,77437.00,77458.80,1193.859
1777100400000,77458.90,77533.20,77400.00,77449.90,1791.902
1777104000000,77449.90,77615.60,77444.00,77603.30,1450.313
1777107600000,77603.40,77736.80,77536.20,77672.50,1877.998
1777111200000,77672.60,77847.00,77672.50,77749.30,2789.797
1777114800000,77749.30,77749.30,77564.00,77638.70,2448.382
1777118400000,77638.70,77673.00,77500.10,77518.30,1903.699
1777122000000,77518.30,77676.50,77518.30,77650.10,1504.373
1777125600000,77650.10,77719.10,77589.80,77618.20,1893.011
1777129200000,77618.30,77691.10,77263.00,77289.30,4449.411
1777132800000,77289.30,77411.80,77100.00,77364.00,5349.276
1777136400000,77364.00,77379.70,77162.00,77213.40,1763.102
1777140000000,77213.30,77353.60,77174.20,77256.80,1995.754
1777143600000,77256.80,77312.60,77153.00,77285.60,1493.528
1777147200000,77285.70,77450.00,77267.30,77439.10,1483.127
1777150800000,77439.00,77500.00,77367.00,77492.90,1480.822
1777154400000,77492.90,77599.90,77455.40,77513.20,1373.441
1777158000000,77513.30,77615.70,77480.90,77585.00,1430.124
1777161600000,77585.00,77607.70,77401.80,77457.40,2173.275
1777165200000,77457.40,77531.60,77395.20,77417.40,1409.129
1777168800000,77417.30,77553.90,77410.00,77480.10,1127.320
1777172400000,77480.00,77500.00,77280.00,77349.30,1661.189
1777176000000,77349.30,77777.00,77338.40,77727.00,3838.691
1777179600000,77727.10,78164.70,77670.90,77949.40,7947.368
1777183200000,77949.40,78012.20,77851.20,77963.20,1957.273
1777186800000,77963.30,78085.00,77920.50,78061.50,1433.480
1777190400000,78061.50,78182.80,77973.50,77989.00,2223.646
1777194000000,77989.10,78020.00,77880.00,77971.80,1527.171
1777197600000,77971.80,78017.70,77914.50,77961.40,1201.415
1777201200000,77961.50,78114.50,77961.40,78050.00,1385.869
1777204800000,78050.00,78063.50,77715.00,77795.50,3074.328
1777208400000,77795.40,77953.20,77742.60,77940.10,2320.964
1777212000000,77940.00,78136.50,77840.50,78053.40,3469.246
1777215600000,78053.50,78091.30,77912.50,78007.90,2519.454
1777219200000,78007.90,78055.70,77890.00,77890.00,1674.536
1777222800000,77890.10,78026.90,77815.00,77976.70,1583.178
1777226400000,77976.70,78326.20,77945.70,78238.10,5398.017
1777230000000,78238.10,78477.90,77967.90,78183.10,6594.545
1777233600000,78183.20,78355.10,78107.00,78150.10,1663.712
1777237200000,78150.00,78994.80,77777.00,78369.70,9228.611
1777240800000,78369.60,78821.10,77915.50,78274.70,8267.639
1777244400000,78274.70,78870.30,77988.10,78613.50,6263.249
1777248000000,78614.40,79338.00,78319.10,79263.70,10372.842
1777251600000,79264.10,79455.00,78671.80,79245.30,10667.809
1777255200000,79245.30,79268.80,78984.70,79082.90,4176.886
1777258800000,79082.90,79273.40,79032.30,79065.10,3114.466
1777262400000,79065.10,79128.10,78830.00,78882.60,3575.923
1777266000000,78882.60,78904.10,77503.60,77730.60,28902.851
1777269600000,77730.50,77834.00,77408.60,77657.90,9659.834
1777273200000,77657.90,77698.20,77512.30,77556.70,3917.886
1777276800000,77556.70,77775.30,77500.00,77763.50,4632.246
1777280400000,77763.40,77949.90,77657.10,77856.10,5931.398
1777284000000,77856.10,77903.10,77740.10,77806.70,2606.755
1777287600000,77806.70,77854.20,77700.00,77804.30,1914.929
1777291200000,77804.30,77835.70,77575.00,77627.40,4219.551
1777294800000,77627.30,77930.30,77516.40,77700.00,7031.140
1777298400000,77700.30,78232.00,77627.20,77776.00,9667.156
1777302000000,77775.90,77796.30,76524.00,76760.00,24615.058
1777305600000,76760.00,76829.10,76509.70,76587.90,7100.753
1777309200000,76587.90,76902.70,76585.40,76702.30,5273.641
1777312800000,76702.30,76858.50,76623.10,76790.70,2159.377
1777316400000,76790.60,76863.00,76400.00,76844.40,5721.293
1777320000000,76844.30,77037.00,76780.90,76915.80,2744.525
1777323600000,76915.80,76944.50,76740.30,76741.40,1559.525
1777327200000,76741.40,77037.00,76714.80,77025.80,3020.956
1777330800000,77025.80,77419.70,76971.50,77331.20,6514.083
1777334400000,77331.20,77450.00,77171.10,77334.90,4722.234
1777338000000,77334.90,77356.80,76989.00,77047.20,3331.975
1777341600000,77047.20,77187.70,76632.40,76845.00,5540.628
1777345200000,76844.90,76866.50,76633.00,76770.60,2711.856
1777348800000,76770.60,76921.80,76654.60,76845.20,2736.878
1777352400000,76845.20,77132.40,76760.90,76848.00,4399.965
1777356000000,76848.10,76985.10,76525.60,76664.90,4227.650
1777359600000,76665.00,76888.00,76324.10,76828.40,6137.080
1777363200000,76828.30,76956.00,76701.00,76820.10,3054.310
1777366800000,76820.00,76823.60,76443.00,76557.20,2792.382
1777370400000,76557.30,76657.00,76427.80,76580.10,2723.919
1777374000000,76580.10,76612.30,76088.00,76198.80,7667.234
1777377600000,76198.90,76403.70,76129.00,76345.60,5418.068
1777381200000,76345.60,76388.00,75904.40,76158.20,10356.863
1777384800000,76158.40,76175.00,75635.60,75920.00,11447.593
1777388400000,75920.00,76053.00,75789.60,76027.80,5697.881
1777392000000,76027.70,76224.20,75840.30,76091.70,3808.818
1777395600000,76091.70,76247.00,75915.20,76154.20,3441.505
1777399200000,76154.10,76251.00,76100.00,76208.20,2834.587
1777402800000,76208.10,76352.00,76032.30,76293.60,2431.825
1777406400000,76293.50,76432.50,76287.10,76420.00,2552.304
1777410000000,76420.00,76448.00,76217.80,76321.50,2075.404
1777413600000,76321.50,76409.60,76178.00,76206.20,2016.484
1777417200000,76206.10,76340.80,76150.00,76298.10,1791.434
1777420800000,76298.20,76519.80,76227.50,76470.90,2818.370
1777424400000,76471.00,76633.30,76138.70,76534.90,4055.817
1777428000000,76535.00,76633.30,76350.80,76488.10,2303.457
1777431600000,76488.00,77098.80,76466.50,76955.70,8580.322
1777435200000,76955.70,77432.10,76839.80,77224.20,10431.888
1777438800000,77224.10,77298.90,77150.00,77254.70,3625.768
1777442400000,77254.70,77294.40,76888.00,76978.50,6541.227
1777446000000,76978.50,77140.00,76951.00,77003.80,3425.117
1777449600000,77003.80,77113.60,76921.20,76998.50,2062.265
1777453200000,76998.40,77774.00,76918.50,77605.50,10758.462
1777456800000,77605.40,77873.20,77506.80,77575.30,8863.719
1777460400000,77575.30,77654.70,77440.00,77552.50,4039.518
1777464000000,77552.50,77563.60,76945.10,77110.00,9040.986
1777467600000,77110.00,77225.70,76385.00,76748.70,14778.858
1777471200000,76748.60,76850.00,76441.50,76540.30,7706.251
1777474800000,76540.20,76607.50,75675.20,75889.10,15958.521
1777478400000,75889.10,76115.40,75653.00,75774.70,12042.679
1777482000000,75774.70,76145.80,75752.50,76139.60,6567.744
1777485600000,76139.30,76220.00,74868.00,75470.10,29543.330
1777489200000,75470.10,75564.00,75251.60,75518.50,6232.553
1777492800000,75518.40,75826.70,75448.00,75636.00,7360.038
1777496400000,75636.10,76061.20,75562.30,75883.10,3816.321
1777500000000,75883.10,75966.00,75775.70,75884.50,3301.140
1777503600000,75884.50,75956.80,75651.30,75749.90,2679.152
1777507200000,75749.90,76300.00,75612.20,76199.10,6686.166
1777510800000,76199.10,76445.00,76130.10,76193.90,4748.673
1777514400000,76193.90,76311.80,75448.90,75663.60,8068.355
1777518000000,75663.50,75950.00,75608.60,75882.10,2571.359
1777521600000,75881.60,75931.70,75363.20,75458.30,4706.240
1777525200000,75458.40,75721.00,75273.50,75569.60,3431.262
1777528800000,75569.60,75835.60,75540.10,75720.60,2811.479
1777532400000,75720.60,76148.00,75684.60,76129.90,4812.983
1777536000000,76129.90,76180.00,75987.60,76025.70,4692.217
1777539600000,76025.80,76332.60,75973.30,76062.70,3618.199
1777543200000,76062.70,76136.60,75943.30,76001.60,2477.841
1777546800000,76001.70,76233.00,75836.00,76032.90,4543.519
1777550400000,76032.90,76375.10,76009.80,76259.00,5432.389
1777554000000,76259.00,76630.30,76066.60,76370.30,8634.181
1777557600000,76370.40,76546.70,76044.70,76256.00,7816.799
1777561200000,76256.10,76614.90,76116.00,76423.00,5078.328
1777564800000,76423.00,76446.90,76181.90,76220.10,2781.497
1777568400000,76220.20,76294.20,76060.40,76209.20,3008.420
1777572000000,76209.20,76440.00,76166.30,76309.10,2871.700
1777575600000,76309.20,76470.50,76264.20,76366.70,3099.220
1777579200000,76366.70,76536.20,76273.30,76451.10,3025.849
1777582800000,76451.10,76495.40,76186.00,76202.80,1910.851
1777586400000,76202.80,76409.30,76155.10,76197.90,1508.830
1777590000000,76198.00,76347.00,76173.30,76305.40,1418.103
1777593600000,76305.40,76557.30,76265.40,76415.10,2833.122
1777597200000,76415.10,76738.30,76400.10,76644.10,3011.553
1777600800000,76644.00,76703.20,76485.20,76552.90,2376.300
1777604400000,76552.80,77421.20,76510.00,77082.60,13452.056
1777608000000,77082.60,77177.10,76900.00,76997.40,4141.156
1777611600000,76997.30,77155.00,76988.00,77135.30,1833.901
1777615200000,77135.30,77143.50,76833.70,76953.90,2858.941
1777618800000,76953.80,77110.00,76922.40,77100.00,3484.420
1777622400000,77099.90,77480.00,77010.50,77340.00,7056.179
1777626000000,77340.10,77358.50,77160.00,77239.30,3412.386
1777629600000,77239.30,77408.70,77118.10,77268.90,2931.392
1777633200000,77268.90,77588.40,77232.40,77429.50,4473.362
1777636800000,77429.60,78145.30,77368.20,77847.20,18429.963
1777640400000,77847.20,78879.90,77847.10,78691.30,22865.238
1777644000000,78691.30,78860.00,78004.10,78312.90,15174.189
1777647600000,78312.80,78688.00,78130.00,78395.40,10478.480
1777651200000,78395.40,78642.00,78130.00,78175.40,7267.884
1777654800000,78175.40,78557.40,78081.50,78509.20,4667.591
1777658400000,78509.30,78597.90,78336.10,78392.10,3962.063
1777662000000,78392.10,78514.20,78274.00,78316.90,3138.280
1777665600000,78317.00,78402.90,77717.70,77838.20,6294.832
1777669200000,77838.10,78163.80,77815.00,78163.80,3397.600
1777672800000,78163.80,78368.30,78091.80,78105.90,3177.489
1777676400000,78105.90,78214.50,77990.90,78192.00,2279.929
1777680000000,78191.90,78358.70,78123.00,78303.30,2196.897
1777683600000,78303.30,78413.40,78246.50,78295.80,1674.330
1777687200000,78295.80,78480.00,78210.30,78319.20,1651.331
1777690800000,78319.30,78503.90,78183.40,78377.70,2593.320
1777694400000,78377.70,78416.80,78040.00,78137.40,3846.424
1777698000000,78137.30,78219.60,77979.30,78140.00,3285.902
1777701600000,78140.10,78322.00,78099.40,78278.30,1731.257
1777705200000,78278.30,78304.20,78156.10,78181.60,1391.002
1777708800000,78181.60,78318.00,78113.00,78272.20,1385.259
1777712400000,78272.20,78359.20,78168.40,78252.30,1283.755
1777716000000,78252.40,78273.10,78175.00,78205.40,886.618
1777719600000,78205.50,78205.50,78055.70,78105.70,1999.778
1777723200000,78105.70,78232.00,78056.00,78169.70,1727.077
1777726800000,78169.70,78403.10,78169.60,78332.00,2617.892
1777730400000,78331.90,78458.20,78271.80,78380.90,2683.317
1777734000000,78380.80,78450.00,78320.00,78449.80,1206.057
1777737600000,78449.80,78565.90,78390.00,78419.90,2698.317
1777741200000,78419.90,78453.90,78328.10,78362.10,1005.401
1777744800000,78362.10,78459.00,78277.00,78432.10,1216.117
1777748400000,78432.00,78486.50,78404.80,78443.80,682.391
1777752000000,78444.10,78449.00,78376.00,78415.20,551.750
1777755600000,78415.30,79145.00,78401.50,78689.80,8643.996
1777759200000,78689.70,78838.00,78569.20,78793.20,2889.876
1777762800000,78793.20,78793.20,78588.30,78652.90,1593.044
1777766400000,78652.80,78740.50,78437.80,78499.90,3340.415
1777770000000,78499.90,78500.00,78100.00,78200.00,4310.343
1777773600000,78200.00,78272.00,78069.00,78131.30,3527.589
1777777200000,78131.40,78185.00,78075.10,78162.40,2031.354
1777780800000,78162.30,78202.60,78075.80,78132.30,1381.549
1777784400000,78132.30,78227.70,78121.10,78208.50,1139.456
1777788000000,78208.50,78318.70,78027.00,78249.00,2139.475
1777791600000,78249.00,78415.40,78248.90,78316.60,2420.464
1777795200000,78316.60,78475.30,78316.50,78343.50,1313.598
1777798800000,78343.50,78579.00,78295.10,78496.50,2342.270
1777802400000,78496.60,78499.90,78358.30,78369.40,1126.267
1777806000000,78369.30,78814.70,78340.00,78620.50,4413.802
1777809600000,78620.60,78850.00,78620.60,78715.40,3638.846
1777813200000,78715.30,78739.80,78522.90,78634.30,2282.920
1777816800000,78634.40,78750.00,78577.00,78700.60,1937.694
1777820400000,78700.60,78787.70,78584.10,78625.20,1990.431
1777824000000,78625.20,78749.50,78550.00,78619.10,1400.374
1777827600000,78619.20,78790.00,78514.20,78693.70,1981.687
1777831200000,78693.70,78730.60,78588.20,78706.70,984.952
1777834800000,78706.70,78832.20,78637.80,78729.10,1376.932
1777838400000,78729.10,79266.00,78690.00,78889.00,7057.354
1777842000000,78889.00,79026.00,78608.80,78794.50,3120.386
1777845600000,78794.60,79428.90,78794.60,79141.40,10542.259
1777849200000,79141.50,79260.30,78440.00,78529.00,6233.204
1777852800000,78529.00,78538.30,78235.40,78504.90,5606.024
1777856400000,78505.00,79849.80,78374.90,79755.90,18031.254
1777860000000,79756.00,80400.00,79493.00,80136.60,26000.914
1777863600000,80136.60,80426.00,79873.30,80278.70,9846.020
1777867200000,80278.70,80590.20,80184.80,80300.00,9960.785
1777870800000,80300.00,80370.00,79905.00,79983.90,8772.023
1777874400000,79984.00,80005.80,79440.00,79824.70,8760.329
1777878000000,79824.70,79907.60,79633.00,79663.50,3303.354
1777881600000,79663.40,79768.60,79555.80,79666.50,3890.024
1777885200000,79666.60,79900.00,79600.20,79800.10,3658.996
1777888800000,79800.10,79851.30,78128.30,78894.80,48091.994
1777892400000,78894.90,79080.00,78658.10,78753.50,9358.674
1777896000000,78753.50,78993.70,78670.60,78816.10,4486.148
1777899600000,78816.10,79099.70,78532.90,78747.60,10649.286
1777903200000,78747.60,80528.90,78450.00,80160.10,28439.342
1777906800000,80165.20,80332.80,79246.70,79976.70,32330.021
1777910400000,79976.60,80352.00,79562.00,79982.40,13490.048
1777914000000,79982.30,80771.70,79978.60,80339.80,13498.969
1777917600000,80339.80,80395.90,80001.00,80080.90,7363.536
1777921200000,80080.90,80108.00,79848.50,80018.40,4571.725
1777924800000,80018.30,80124.70,79846.50,79896.50,2597.615
1777928400000,79896.50,80349.60,79896.40,80216.90,2456.981
1777932000000,80216.90,80363.20,80003.60,80031.90,2463.022
1777935600000,80031.90,80032.00,79715.90,79826.10,3289.498
1777939200000,79826.10,80150.00,79761.20,80130.90,3195.753
1777942800000,80130.90,80343.00,80031.50,80310.90,3348.090
1777946400000,80310.90,80871.40,80255.50,80514.40,8623.726
1777950000000,80514.40,81050.00,80411.10,80836.90,8859.476
1777953600000,80836.80,80941.90,80671.40,80850.80,4460.610
1777957200000,80850.90,81278.20,80783.80,80924.10,13806.146
1777960800000,80924.20,80973.80,80750.00,80934.60,3804.971
1777964400000,80934.70,81111.00,80793.70,80815.80,4895.190
1777968000000,80815.80,80837.90,80674.70,80776.00,5268.223
1777971600000,80776.00,80776.00,80480.60,80551.00,4744.606
1777975200000,80551.00,80789.00,80488.00,80786.80,3965.855
1777978800000,80786.70,81071.00,80735.80,80973.00,7935.593
1777982400000,80973.10,81258.00,80879.50,81223.30,7294.890
1777986000000,81223.30,81656.60,81138.00,81278.30,23631.782
1777989600000,81278.30,81458.80,80890.00,81284.10,10606.334
1777993200000,81284.00,81640.70,81184.00,81488.70,7558.484
1777996800000,81488.70,81578.10,81000.00,81250.70,9912.893
1778000400000,81250.60,81420.00,81133.30,81223.60,3484.672
1778004000000,81223.60,81577.40,81223.60,81463.60,3167.069
1778007600000,81463.60,81636.40,81347.50,81554.40,3810.260
1778011200000,81554.30,81729.30,81458.00,81607.20,8236.403
1778014800000,81607.20,81745.40,81266.50,81363.30,4414.086
1778018400000,81363.40,81564.40,80752.80,81076.70,10927.281
1778022000000,81076.70,81176.90,80716.80,80861.90,4969.135
1778025600000,80861.90,81228.40,80651.20,80980.50,6787.966
1778029200000,80980.40,81490.00,80942.70,81390.40,4493.266
1778032800000,81390.40,81400.00,81000.00,81319.50,2928.988
1778036400000,81319.50,81716.30,81308.70,81535.90,5125.641
1778040000000,81535.90,81599.00,81223.60,81285.10,3240.989
1778043600000,81285.00,81307.30,81005.60,81277.80,3446.870
1778047200000,81277.90,81474.90,81154.60,81431.70,2787.037
1778050800000,81431.70,81571.40,81269.50,81333.30,3593.762
1778054400000,81333.40,81945.00,81280.00,81903.60,11607.808
1778058000000,81903.70,82019.20,81618.70,81959.30,12700.462
1778061600000,81959.20,82360.90,81929.90,82242.10,13253.165
1778065200000,82242.00,82828.70,82211.30,82485.40,15315.668
1778068800000,82485.30,82508.70,82120.00,82188.00,9116.091
1778072400000,82187.90,82187.90,81539.40,81621.10,14320.789
1778076000000,81621.40,81934.60,81073.10,81471.60,16993.761
1778079600000,81471.60,81780.00,81257.10,81656.40,6583.026
1778083200000,81656.40,81855.00,81372.60,81575.30,5659.811
1778086800000,81575.40,81667.30,81335.00,81401.50,3115.004
1778090400000,81401.60,81520.90,81213.20,81300.00,3202.617
1778094000000,81300.00,81470.40,81137.80,81416.50,2722.756
1778097600000,81416.50,81655.00,81251.70,81378.50,3420.381
1778101200000,81378.60,81579.00,81250.00,81494.60,1471.516
1778104800000,81494.70,81502.70,81192.30,81295.80,1996.033
1778108400000,81295.80,81404.00,80929.80,81390.10,4317.101
1778112000000,81390.00,81450.50,80925.60,80966.90,4684.830
1778115600000,80967.00,81245.90,80767.10,81121.20,6285.660
1778119200000,81121.20,81134.10,80836.00,81076.80,4769.925
1778122800000,81076.70,81076.70,80780.00,80797.30,2629.383
1778126400000,80797.40,80961.80,80675.80,80939.90,4053.290
1778130000000,80939.90,81145.70,80930.00,81047.40,2984.082
1778133600000,81047.40,81400.00,80842.40,81395.30,5453.313
1778137200000,81395.30,81680.60,81350.00,81480.10,7065.961
1778140800000,81480.00,81564.60,81161.60,81195.90,4516.181
1778144400000,81196.00,81196.00,80803.00,80888.90,5990.831
1778148000000,80888.80,80970.70,80521.80,80800.00,6040.833
1778151600000,80800.10,81028.70,80738.00,80827.90,3470.722
1778155200000,80827.90,81158.70,80800.00,81118.50,3425.996
1778158800000,81118.40,81123.90,80187.90,80457.50,11703.803
1778162400000,80457.60,80656.20,80000.10,80130.10,12818.532
1778166000000,80130.20,80242.30,79605.00,79861.60,13029.125
1778169600000,79861.50,79991.70,79667.40,79763.30,6606.246
1778173200000,79763.30,80094.70,79461.50,80053.30,7873.508
1778176800000,80053.30,80235.00,79952.70,80160.10,5178.866
1778180400000,80160.10,80175.60,79885.90,80103.10,3311.416
1778184000000,80103.10,80331.60,79809.30,79838.20,3633.550
1778187600000,79838.30,79888.00,79576.30,79683.70,3777.471
1778191200000,79683.70,79946.30,79531.10,79872.10,3732.548
1778194800000,79872.10,80026.40,79820.00,79969.40,1691.580
1778198400000,79969.50,80106.30,79671.00,79796.10,3436.384
1778202000000,79796.20,79871.00,79566.00,79699.90,2388.101
1778205600000,79700.00,79715.20,79288.00,79449.70,6526.980
1778209200000,79449.70,79634.60,79137.40,79540.00,5128.074
1778212800000,79539.90,79723.30,79506.40,79619.00,2337.291
1778216400000,79618.90,79743.80,79557.00,79560.20,1893.804
1778220000000,79560.20,79616.00,79370.00,79484.10,2652.384
1778223600000,79484.10,79690.00,79208.00,79635.00,5630.974
1778227200000,79635.00,79951.50,79626.00,79849.30,4927.268
1778230800000,79849.20,80044.60,79743.30,79826.30,4308.926
1778234400000,79826.20,80252.90,79729.50,80162.30,5670.134
1778238000000,80162.30,80287.00,80080.30,80181.90,4339.445
1778241600000,80181.80,80478.00,79922.00,79987.60,6909.317
1778245200000,79987.70,80053.90,79507.60,79612.40,10296.964
1778248800000,79612.30,80424.40,79612.30,80114.40,10748.764
1778252400000,80114.30,80173.20,79585.00,80119.10,7570.867
1778256000000,80119.10,80164.60,79706.00,79768.70,4154.568
1778259600000,79768.70,80230.00,79692.40,80030.50,5374.958
1778263200000,80030.40,80266.60,80024.10,80044.40,3460.621
1778266800000,80044.40,80152.10,79903.80,80147.70,2214.693
1778270400000,80147.90,80260.90,80044.70,80104.00,1607.586
1778274000000,80104.00,80225.00,80072.90,80222.10,1014.531
1778277600000,80222.20,80376.00,80187.40,80234.10,2472.108
1778281200000,80234.20,80254.50,80063.80,80155.20,1698.171
1778284800000,80155.20,80200.00,80080.00,80193.30,1134.298
1778288400000,80193.30,80405.00,80177.40,80280.00,2050.670
1778292000000,80280.10,80448.20,80280.00,80379.20,1892.314
1778295600000,80379.20,80542.00,80261.20,80340.60,2345.466
1778299200000,80340.70,80641.80,80325.70,80345.00,3766.222
1778302800000,80345.00,80445.00,80303.10,80331.40,1474.842
1778306400000,80331.40,80393.40,80154.50,80214.90,3218.227
1778310000000,80215.00,80268.40,80084.30,80181.70,2522.361
1778313600000,80181.60,80422.30,80171.60,80378.10,2869.702
1778317200000,80378.00,80383.00,80166.10,80199.90,1828.419
1778320800000,80199.90,80317.60,80124.80,80232.70,1662.459
1778324400000,80232.80,80349.90,80220.00,80310.40,997.632
1778328000000,80310.40,80388.00,80235.30,80367.20,1275.419
1778331600000,80367.20,80382.00,80274.70,80359.40,978.258
1778335200000,80359.40,80395.00,80200.20,80292.40,2838.423
1778338800000,80292.30,80566.00,80190.00,80488.30,4497.106
1778342400000,80488.30,80796.90,80440.00,80576.10,4825.568
1778346000000,80576.10,80891.00,80576.10,80766.00,4922.273
1778349600000,80765.80,81043.20,80744.30,80865.10,4483.974
1778353200000,80865.10,80928.30,80733.30,80896.90,1733.971
1778356800000,80897.10,80900.00,80688.00,80764.60,1305.423
1778360400000,80764.60,80856.90,80700.00,80735.80,849.114
1778364000000,80735.90,80788.00,80632.20,80731.00,1247.104
1778367600000,80730.90,80817.00,80569.00,80634.00,1238.089
1778371200000,80634.00,80739.90,80588.10,80634.90,2017.527
1778374800000,80635.00,80660.20,80533.70,80654.00,1816.550
1778378400000,80653.90,80760.80,80576.00,80748.60,1153.086
1778382000000,80748.90,80859.90,80667.00,80735.10,1252.522
1778385600000,80735.20,80809.40,80688.50,80717.80,751.361
1778389200000,80717.70,80778.40,80631.00,80660.80,950.520
1778392800000,80660.90,80725.00,80619.60,80700.00,1259.232
1778396400000,80700.00,80766.00,80680.10,80695.90,957.256
1778400000000,80695.90,80873.60,80671.00,80797.10,1549.874
1778403600000,80797.10,80880.00,80713.00,80766.90,927.115
1778407200000,80766.80,80857.90,80641.50,80836.50,2767.290
1778410800000,80836.50,80939.50,80711.80,80782.10,1929.416
1778414400000,80782.10,80918.00,80743.20,80891.10,1263.623
1778418000000,80891.00,80970.00,80825.00,80932.20,1459.079
1778421600000,80932.30,80980.00,80771.00,80944.20,2282.117
1778425200000,80944.30,81423.20,80893.00,81381.40,10734.822
1778428800000,81381.50,81475.00,81151.00,81338.70,6334.735
1778432400000,81338.80,81587.90,81179.80,81441.50,4353.713
1778436000000,81441.40,81472.70,81194.80,81235.10,2318.995
1778439600000,81235.20,81467.20,81105.60,81398.00,2373.468
1778443200000,81398.00,81432.20,80225.10,80691.20,12943.246
1778446800000,80691.10,80911.00,80528.90,80674.00,5670.107
1778450400000,80674.00,82138.90,80614.00,82013.30,17281.489
1778454000000,82013.20,82460.50,82009.40,82177.70,10603.660
1778457600000,82177.70,82350.00,81230.00,81430.30,12936.410
1778461200000,81430.50,81724.50,81242.90,81463.20,4976.807
1778464800000,81463.20,81527.20,81067.20,81136.60,4701.696
1778468400000,81136.60,81152.30,80470.10,80693.40,11522.220
1778472000000,80693.40,80848.00,80597.80,80782.30,3122.216
1778475600000,80782.20,80948.40,80708.10,80799.90,2892.382
1778479200000,80799.90,81033.30,80713.80,80790.70,2579.719
1778482800000,80790.80,80803.40,80614.90,80708.90,2667.858
1778486400000,80708.80,80829.90,80580.00,80723.70,2639.153
1778490000000,80723.60,80965.40,80716.60,80923.30,1865.061
1778493600000,80923.30,81162.40,80889.90,80900.80,3424.195
1778497200000,80900.80,81172.60,80860.00,81167.10,2745.014
1778500800000,81167.10,81320.00,80983.50,81013.50,5130.927
1778504400000,81013.50,81299.70,80716.00,81032.90,7340.647
1778508000000,81032.80,81221.00,80394.00,80917.50,10192.160
1778511600000,80917.40,81434.80,80796.40,81403.40,6794.771
1778515200000,81403.40,81880.00,81297.50,81526.80,10551.693
1778518800000,81526.90,82033.80,81322.30,81894.00,6762.573
1778522400000,81894.10,82098.90,81784.30,81819.20,5085.299
1778526000000,81819.30,82055.00,81691.70,81917.10,5030.178
1778529600000,81917.80,82051.10,81707.60,81778.50,2841.064
1778533200000,81778.50,81885.50,81555.00,81784.60,2099.166
1778536800000,81784.60,81937.30,81689.00,81788.40,2227.720
1778540400000,81788.40,81788.40,81521.50,81699.10,1861.492
1778544000000,81699.10,81757.30,81429.90,81508.70,3316.101
1778547600000,81508.70,81581.50,80661.20,81148.40,11795.954
1778551200000,81148.40,81298.90,81030.10,81223.50,3004.215
1778554800000,81223.50,81255.20,80988.90,81028.30,2840.740
1778558400000,81028.30,81270.20,80964.40,81194.90,3436.103
1778562000000,81194.90,81270.20,81140.40,81186.80,1928.061
1778565600000,81186.80,81269.50,80979.80,80989.90,2977.394
1778569200000,80989.90,81101.90,80756.00,80809.20,6380.894
1778572800000,80809.20,80930.70,80719.30,80797.50,3827.000
1778576400000,80797.50,80925.00,80670.00,80799.10,4292.249
1778580000000,80799.10,80806.50,80560.00,80634.00,3443.489
1778583600000,80634.00,80754.60,80444.00,80742.70,4833.637
1778587200000,80742.70,80968.60,80577.80,80846.30,7670.628
1778590800000,80846.40,80897.30,80360.90,80433.60,8491.521
1778594400000,80433.60,80859.90,80360.00,80511.00,9825.647
1778598000000,80511.00,80639.80,80143.00,80301.60,10196.046
1778601600000,80301.60,80400.00,79801.00,79967.10,11633.264
1778605200000,79967.10,80588.30,79907.60,80492.90,7443.427
1778608800000,80493.00,80733.30,80385.90,80641.20,3966.691
1778612400000,80641.30,80836.50,80639.00,80799.50,2563.775
1778616000000,80799.60,80848.60,80601.00,80656.80,1861.800
1778619600000,80656.90,80700.00,80454.30,80550.00,1798.247
1778623200000,80549.90,80763.00,80549.90,80613.40,1516.763
1778626800000,80613.50,80679.30,80393.90,80461.00,2270.310
1778630400000,80461.00,80735.10,80364.50,80673.40,2549.773
1778634000000,80673.40,81168.40,80635.10,80960.10,5772.717
1778637600000,80960.10,81239.10,80882.70,81018.10,3027.334
1778641200000,81018.10,81268.00,80941.90,81217.10,2831.866
1778644800000,81217.00,81253.50,81078.00,81199.90,2398.252
1778648400000,81200.00,81203.40,80958.10,80985.50,2698.326
1778652000000,80985.60,81126.00,80929.00,80945.60,2231.558
1778655600000,80945.60,81015.70,80847.00,80981.90,2309.579
1778659200000,80981.90,81166.70,80903.80,81161.00,2553.111
1778662800000,81160.90,81270.20,81094.00,81255.50,4233.662
1778666400000,81255.40,81266.60,80763.80,80766.20,4637.605
1778670000000,80766.20,80809.70,80444.00,80460.10,6288.426
1778673600000,80460.00,80558.00,79801.10,80160.10,15655.334
1778677200000,80160.00,80316.60,79540.00,79617.90,13369.333
1778680800000,79617.80,79868.00,79431.70,79727.30,9456.011
1778684400000,79727.30,79832.40,78753.10,78794.70,19297.477
1778688000000,78794.70,79199.10,78713.80,79069.50,13331.653
1778691600000,79069.50,79541.20,79043.20,79470.10,6341.514
1778695200000,79470.10,79776.20,79470.10,79554.90,5474.637
1778698800000,79554.90,79610.10,79353.90,79604.80,3983.766
1778702400000,79604.80,79729.10,79575.90,79671.40,2261.986
1778706000000,79671.40,79675.00,79279.60,79363.20,3106.530
1778709600000,79363.10,79442.10,79188.00,79395.10,3208.323
1778713200000,79395.10,79464.20,79191.00,79288.30,2681.872
1778716800000,79288.20,79656.70,79272.90,79540.00,3463.788
1778720400000,79540.10,79659.90,79370.10,79565.90,2787.076
1778724000000,79565.80,79648.00,79171.10,79329.00,4764.253
1778727600000,79328.90,79427.80,78869.40,79005.30,7656.568
1778731200000,79005.40,79440.00,78934.80,79403.70,3677.318
1778734800000,79403.60,79962.50,79333.30,79771.50,7732.266
1778738400000,79771.60,79909.90,79723.50,79769.70,3623.461
1778742000000,79769.70,79900.00,79659.80,79699.90,3718.552
1778745600000,79700.00,79900.00,79592.20,79776.80,3773.214
1778749200000,79776.80,79872.00,79530.00,79594.90,2754.342
1778752800000,79594.80,79727.90,79369.00,79530.00,3250.538
1778756400000,79529.90,79571.70,79188.00,79216.60,3799.256
1778760000000,79216.70,79729.20,79196.40,79719.40,5129.310
1778763600000,79719.40,80042.00,79624.00,79660.90,12588.827
1778767200000,79660.90,81000.00,79514.50,80929.50,23977.504
1778770800000,80929.60,81270.20,80743.50,81245.50,18477.567
1778774400000,81245.60,81877.90,81020.50,81839.30,22939.351
1778778000000,81839.20,81999.00,81211.60,81620.00,18599.469
1778781600000,81620.00,81912.00,81386.00,81529.90,7752.742
1778785200000,81530.00,81677.90,81257.30,81373.70,5264.720
1778788800000,81373.80,81540.00,81114.80,81371.90,3424.525
1778792400000,81372.00,81490.10,81222.00,81352.00,1750.907
1778796000000,81352.00,81530.00,81286.50,81418.90,1770.961
1778799600000,81418.80,81418.90,81007.90,81048.90,3207.110
1778803200000,81048.80,81623.80,81018.80,81468.70,5036.890
1778806800000,81468.70,81570.10,81066.00,81092.10,3464.623
1778810400000,81092.10,81328.90,80706.90,81262.00,8962.240
1778814000000,81262.00,81305.70,80886.70,81022.70,4189.866
1778817600000,81022.70,81073.20,80650.40,80682.20,3302.164
1778821200000,80682.10,80846.00,80266.80,80320.10,11578.932
1778824800000,80320.00,80597.00,80266.90,80541.80,5427.570
1778828400000,80541.90,80971.30,80519.10,80782.80,6574.767
1778832000000,80782.90,80793.00,80368.90,80606.30,4188.012
1778835600000,80606.20,80638.00,80323.00,80449.80,3441.505
1778839200000,80449.90,80730.00,80364.60,80670.10,4295.626
1778842800000,80670.20,80716.90,80545.00,80582.10,2072.820
1778846400000,80582.00,80596.70,80280.00,80349.90,6901.952
1778850000000,80349.80,80349.80,78638.80,78727.80,37417.044
1778853600000,78727.80,79325.30,78610.00,79120.60,18928.541
1778857200000,79120.60,79337.90,78980.30,79118.00,6193.980
1778860800000,79118.10,79363.70,79098.70,79264.70,3964.471
1778864400000,79264.70,79475.80,79188.80,79432.10,3785.646
1778868000000,79432.20,79532.10,79135.40,79241.20,3660.491
1778871600000,79241.10,79257.90,79012.50,79104.20,3297.179
1778875200000,79104.30,79185.00,78955.00,79081.10,2297.386
1778878800000,79081.00,79168.00,78861.60,78931.30,2254.988
1778882400000,78931.40,79113.70,78931.30,79070.10,1362.084
1778886000000,79070.00,79135.30,79035.10,79074.00,1224.728
1778889600000,79074.00,79199.70,79031.70,79075.60,1866.350
1778893200000,79075.60,79155.90,78970.40,79128.50,1948.608
1778896800000,79128.40,79178.00,79040.70,79113.90,1461.703
1778900400000,79113.90,79153.70,79017.60,79041.70,1343.056
1778904000000,79041.70,79096.80,78811.00,78999.90,3080.363
1778907600000,78999.90,79001.00,78889.70,78989.90,1488.420
1778911200000,78989.90,79012.90,78393.90,78610.20,9244.159
1778914800000,78610.20,78610.30,78000.40,78334.30,13808.169
1778918400000,78334.30,78527.80,78291.00,78389.50,3590.485
1778922000000,78389.50,78410.10,77850.00,78052.10,10664.700
1778925600000,78052.10,78071.90,77601.80,77937.60,10160.386
1778929200000,77937.50,78163.30,77937.50,78042.50,3897.654
1778932800000,78042.50,78100.00,77889.00,77980.00,2627.039
1778936400000,77980.00,77987.90,77800.00,77987.90,2790.145
1778940000000,77987.90,78327.00,77850.50,78090.30,4921.309
1778943600000,78090.30,78254.00,78034.00,78194.10,2455.911
1778947200000,78194.00,78337.40,78069.10,78167.70,2931.052
1778950800000,78167.70,78285.10,78159.10,78159.20,1043.525
1778954400000,78159.10,78306.60,78113.10,78200.00,1625.933
1778958000000,78200.00,78270.90,78166.80,78223.80,984.661
1778961600000,78223.80,78287.80,78160.00,78214.70,767.876
1778965200000,78214.70,78274.60,78167.50,78229.20,1283.883
1778968800000,78229.20,78248.70,78133.30,78143.50,923.596
1778972400000,78143.50,78240.00,78085.20,78104.20,1241.468
1778976000000,78104.30,78213.90,77760.00,77915.40,3840.451
1778979600000,77915.30,78085.40,77675.40,77688.10,5411.676
1778983200000,77688.00,77913.60,77688.00,77856.30,2548.060
1778986800000,77856.30,78050.00,77845.60,77990.20,1809.776
1778990400000,77990.20,78179.10,77957.20,78117.40,1965.339
1778994000000,78117.40,78300.00,78064.80,78087.70,2299.316
1778997600000,78087.60,78172.70,77970.00,78071.60,1561.292
1779001200000,78071.60,78175.30,78015.00,78137.20,1336.456
1779004800000,78137.30,78157.90,77992.10,78050.70,1306.842
1779008400000,78050.70,78266.60,78041.80,78214.30,1740.301
1779012000000,78214.30,78564.30,78208.20,78423.00,5786.248
1779015600000,78423.00,78436.00,78245.70,78371.50,2147.004
1779019200000,78371.40,78515.70,78280.10,78326.90,2107.738
1779022800000,78326.90,78331.20,78128.50,78165.00,2499.130
1779026400000,78165.00,78177.80,77800.00,78009.60,5105.450
1779030000000,78009.70,78087.00,77875.00,78006.90,2191.933
1779033600000,78006.90,78165.30,77979.80,77995.00,1737.293
1779037200000,77995.10,78054.30,77811.50,78044.80,2930.670
1779040800000,78044.80,78235.20,77960.70,78226.20,1824.560
1779044400000,78226.20,78432.00,78172.20,78369.00,2074.009
1779048000000,78368.90,78393.90,78208.90,78230.00,1173.721
1779051600000,78230.10,78453.00,78190.60,78365.40,2194.705
1779055200000,78365.40,78372.80,77777.00,77961.60,5643.159
1779058800000,77961.70,77970.00,76666.00,77430.40,24982.540
1779062400000,77430.40,77452.70,76875.00,77175.70,10777.547
1779066000000,77175.70,77274.80,76700.00,77084.50,10313.877
1779069600000,77084.50,77190.00,76668.80,76809.40,5970.755
1779073200000,76809.40,76999.20,76777.00,76900.00,3091.878
1779076800000,76900.10,77045.90,76740.00,77000.20,3443.145
1779080400000,77000.20,77059.60,76850.00,76886.50,3158.444
1779084000000,76886.50,76942.00,76534.50,76881.30,7189.696
1779087600000,76881.40,77054.60,76728.70,77039.40,4449.391
1779091200000,77039.50,77193.50,76850.00,77001.00,3716.680
1779094800000,77001.00,77025.10,76840.10,76901.40,1667.379
1779098400000,76901.40,76923.40,76670.10,76733.20,4468.687
1779102000000,76733.30,77375.00,76627.00,77255.00,7756.521
1779105600000,77255.10,77757.50,77241.50,77599.90,12046.144
1779109200000,77599.90,77601.90,76650.00,76914.00,14647.288
1779112800000,76913.90,76927.50,76200.00,76369.80,19478.281
1779116400000,76369.70,76463.60,76014.20,76393.50,15564.299
1779120000000,76393.60,76657.10,76174.10,76377.30,11404.463
1779123600000,76377.30,76725.70,76332.10,76671.10,4384.489
1779127200000,76671.00,76674.40,76107.70,76221.60,6729.802
1779130800000,76221.60,76963.70,76200.00,76898.50,11367.930
1779134400000,76898.50,77160.30,76829.30,76868.10,6224.955
1779138000000,76868.10,77149.70,76753.60,77063.10,3535.747
1779141600000,77063.10,77187.30,76894.60,77045.10,4653.374
1779145200000,77045.00,77133.40,76900.10,76963.20,2322.727
1779148800000,76963.20,77384.60,76913.80,77102.60,4592.602
1779152400000,77102.60,77122.70,76634.00,76635.40,5818.494
1779156000000,76635.40,76973.70,76451.30,76586.20,4745.720
1779159600000,76586.20,76837.00,76550.00,76749.90,2677.159
1779163200000,76750.00,76916.50,76658.00,76889.40,2587.324
1779166800000,76889.40,76978.00,76595.70,76872.80,2806.705
1779170400000,76872.80,77070.40,76846.90,76985.20,2999.916
1779174000000,76985.10,77247.70,76929.50,77200.40,4023.829
1779177600000,77200.40,77291.30,76932.00,77015.80,3821.060
1779181200000,77015.90,77047.40,76671.10,76787.40,4536.807
1779184800000,76787.30,77070.00,76666.00,77005.80,3518.738
1779188400000,77005.80,77039.10,76576.80,76677.10,3674.566
1779192000000,76677.00,76947.50,76609.50,76901.30,2310.159
1779195600000,76901.20,77033.90,76556.00,76846.10,7623.165
1779199200000,76846.10,76981.40,76107.10,76365.70,14484.518
1779202800000,76365.60,76650.00,76302.70,76487.90,7036.931
1779206400000,76488.00,76888.00,76377.00,76858.30,6217.088
1779210000000,76858.40,76992.60,76720.50,76821.20,4679.182
1779213600000,76821.10,76916.10,76704.80,76764.20,2165.322
1779217200000,76764.20,77042.30,76720.90,76780.00,2209.798
1779220800000,76780.00,77000.00,76780.00,76976.30,1046.262
1779224400000,76976.40,77003.10,76929.60,76942.40,1005.069
1779228000000,76942.40,76942.50,76610.40,76676.10,2919.944
1779231600000,76676.00,76948.10,76633.00,76799.90,1546.281
1779235200000,76800.00,76863.40,76485.00,76760.90,3965.277
1779238800000,76761.00,76900.00,76501.80,76787.50,5182.516
1779242400000,76787.50,76880.00,76563.10,76654.50,3578.599
1779246000000,76654.50,76795.00,76573.90,76689.60,1991.117
1779249600000,76689.60,76814.60,76650.00,76748.10,1955.352
1779253200000,76748.10,77300.00,76748.00,77170.40,8685.078
1779256800000,77170.30,77387.90,77153.40,77379.80,3653.484
1779260400000,77379.90,77444.00,77208.30,77249.90,4258.277
1779264000000,77250.00,77612.00,77170.30,77430.00,6800.627
1779267600000,77430.10,77516.00,77333.90,77449.90,4113.947
1779271200000,77450.00,77639.30,77450.00,77475.80,2665.450
1779274800000,77475.80,77530.00,77286.10,77351.20,2758.672
1779278400000,77351.20,77733.00,77329.70,77590.20,3699.957
1779282000000,77590.20,77617.20,76925.60,77175.30,10364.743
1779285600000,77175.20,77545.00,76855.00,77410.00,9811.109
1779289200000,77410.00,77825.80,77266.60,77423.00,9366.432
1779292800000,77423.00,77527.20,76975.00,77301.00,5465.178
1779296400000,77300.90,77685.40,77191.60,77537.10,4298.010
1779300000000,77537.10,77600.00,77350.20,77375.50,2425.662
1779303600000,77375.50,77677.20,77304.30,77630.60,3152.964
1779307200000,77630.50,77735.20,77433.40,77679.60,3278.975
1779310800000,77678.90,77735.60,77464.50,77464.50,1496.545
1779314400000,77464.50,77472.70,77183.70,77468.20,3045.356
1779318000000,77468.10,77520.00,77339.90,77510.30,1594.079
1779321600000,77510.30,78051.00,77472.50,77929.10,6591.019
1779325200000,77929.10,78150.00,77759.80,77818.10,5435.164
1779328800000,77818.10,78071.20,77778.50,77915.50,3066.939
1779332400000,77915.50,78066.00,77867.40,78039.10,1946.099
1779336000000,78039.20,78143.20,77922.90,77993.50,2561.402
1779339600000,77993.50,78106.80,77651.70,77795.00,3182.763
1779343200000,77795.10,77845.40,77501.30,77591.70,3558.168
1779346800000,77591.60,77870.00,77485.10,77846.20,3716.381
1779350400000,77846.10,78180.00,77846.10,77888.10,5550.024
1779354000000,77888.00,77950.00,77590.00,77596.80,3170.098
1779357600000,77596.80,77651.70,77140.70,77172.60,10146.961
1779361200000,77172.60,77342.80,77111.00,77157.40,4288.535
1779364800000,77157.30,77328.90,77024.40,77244.00,4246.594
1779368400000,77244.10,77322.00,76696.70,77090.10,10674.629
1779372000000,77090.00,77220.00,76744.10,76944.00,5882.902
1779375600000,76944.00,77379.10,76861.70,77224.30,4754.630
1779379200000,77224.30,77318.30,76970.00,77166.70,3670.982
1779382800000,77166.80,78063.80,77140.00,77831.10,16086.780
1779386400000,77831.00,77890.00,77209.30,77354.50,8725.868
1779390000000,77354.40,77768.00,77333.00,77657.10,3675.524
1779393600000,77657.10,77772.20,77602.70,77671.40,1433.181
1779397200000,77671.50,77777.20,77604.30,77636.20,1339.524
1779400800000,77636.20,77721.80,77513.20,77589.60,1895.354
1779404400000,77589.60,77714.20,77490.80,77586.20,1495.640
1779408000000,77586.30,77602.50,77333.30,77344.70,2082.007
1779411600000,77344.80,77634.80,77288.00,77580.00,2163.772
1779415200000,77579.90,77697.90,77557.00,77638.20,1697.063
1779418800000,77638.20,77775.90,77638.10,77740.00,1766.581
1779422400000,77739.90,77862.70,77600.00,77619.90,2451.568
1779426000000,77620.00,77691.80,77418.30,77450.00,2444.911
1779429600000,77450.00,77494.00,77324.20,77386.00,3827.195
1779433200000,77386.00,77514.50,77237.10,77366.90,3924.108
1779436800000,77366.80,77505.70,77170.00,77237.60,2961.840
1779440400000,77237.60,77329.40,77160.80,77269.80,2244.446
1779444000000,77269.90,77335.80,77222.40,77282.00,1442.070
1779447600000,77282.00,77397.40,77138.30,77394.80,1905.227
1779451200000,77394.80,77548.50,77353.60,77491.30,3130.076
1779454800000,77491.40,77517.20,77085.50,77255.60,5449.535
1779458400000,77255.50,77255.50,76701.30,76734.60,14182.806
1779462000000,76734.70,76994.90,76528.00,76756.50,10355.079
1779465600000,76756.50,76967.70,76730.00,76913.80,2972.973
1779469200000,76913.80,77070.10,76714.20,76714.50,4149.934
1779472800000,76714.50,76870.00,76049.90,76498.60,11242.276
1779476400000,76498.60,76554.10,75620.00,75827.10,17912.083
1779480000000,75827.10,76047.40,75778.60,75939.40,5416.150
1779483600000,75939.50,76054.10,75888.00,75940.00,1867.463
1779487200000,75940.10,75949.80,75500.00,75704.00,5125.544
1779490800000,75704.10,75850.00,75322.00,75513.10,5491.506
1779494400000,75513.10,75615.70,75184.90,75329.20,8179.709
1779498000000,75329.30,75482.80,75316.60,75460.90,2849.403
1779501600000,75461.00,75558.20,75381.70,75542.90,2608.116
1779505200000,75543.00,75633.70,75530.00,75599.10,1799.290
1779508800000,75599.00,75620.00,75475.30,75506.00,1814.964
1779512400000,75505.90,75527.90,75435.00,75448.00,1899.022
1779516000000,75448.00,75463.40,75350.00,75368.00,2208.532
1779519600000,75368.00,75407.80,74203.60,74573.10,25592.607
1779523200000,74573.20,74718.70,74307.00,74655.00,12107.617
1779526800000,74655.00,74740.40,74591.40,74630.20,3579.382
1779530400000,74630.30,74759.50,74630.30,74687.70,2548.908
1779534000000,74687.70,74839.10,74680.60,74763.30,2185.752
1779537600000,74763.30,74766.90,74620.90,74726.00,2226.204
1779541200000,74726.00,75226.10,74721.00,75180.70,10266.113
1779544800000,75180.80,75670.80,75065.90,75500.40,10950.928
1779548400000,75500.50,75641.40,75363.30,75486.90,5790.604
1779552000000,75487.00,75606.60,75372.10,75406.40,3515.661
1779555600000,75406.60,75494.00,75333.30,75457.10,2207.582
1779559200000,75457.10,75985.30,75429.50,75812.40,6282.486
1779562800000,75812.40,76000.20,75737.70,75949.50,3412.532
1779566400000,75949.50,77284.20,75913.90,77246.90,20428.290
1779570000000,77246.90,77427.00,76505.70,76778.00,11701.129
1779573600000,76778.00,76864.10,76362.90,76553.00,5535.193
1779577200000,76553.00,76799.00,76501.10,76715.20,4137.729
1779580800000,76715.30,76920.40,76596.90,76812.50,3293.468
1779584400000,76812.60,76899.70,76720.80,76855.90,2375.273
1779588000000,76855.90,76936.00,76665.50,76790.00,2239.859
1779591600000,76790.10,76983.10,76672.30,76702.80,2969.001
1779595200000,76702.80,76823.90,76685.10,76748.00,1681.603
1779598800000,76747.90,76831.20,76611.00,76780.40,2226.391
1779602400000,76780.30,77040.00,76684.40,76956.10,2788.319
1779606000000,76956.00,76985.70,76749.90,76771.30,2471.327
1779609600000,76771.40,76824.00,76691.40,76800.70,2179.170
1779613200000,76800.70,77025.60,76784.30,76991.80,2496.026
1779616800000,76991.80,77600.00,76888.00,77163.40,9533.591
1779620400000,77163.30,77327.70,77150.00,77289.50,3013.851
1779624000000,77289.50,77294.40,77005.40,77077.90,3308.068
1779627600000,77077.90,77094.90,76650.00,76765.00,5478.682
1779631200000,76764.90,76811.00,76159.70,76428.20,12558.112
1779634800000,76428.10,76514.10,76317.80,76343.70,2743.360
1779638400000,76343.80,76722.20,76343.70,76645.10,4555.406
1779642000000,76645.10,76777.00,76531.80,76661.60,1846.578
1779645600000,76661.60,76763.00,76554.10,76632.40,1585.016
1779649200000,76632.50,76753.30,76574.80,76738.50,1120.609
1779652800000,76738.50,76768.40,76567.20,76639.10,1796.010
1779656400000,76639.10,76718.20,76056.00,76106.00,6222.431
1779660000000,76105.90,76983.80,76086.30,76771.20,8877.384
1779663600000,76771.20,77193.40,76771.10,77030.30,3774.742
1779667200000,77030.30,77253.90,77030.30,77120.00,3113.027
1779670800000,77119.90,77213.20,76871.40,76905.60,3940.460
1779674400000,76905.50,77450.60,76905.50,77064.10,5679.911
1779678000000,77064.20,77127.70,76951.70,76989.00,1915.903
1779681600000,76989.00,77418.10,76950.00,77357.00,3207.912
1779685200000,77357.10,77469.30,77285.70,77370.00,3238.872
1779688800000,77369.90,77677.60,77182.40,77386.10,5357.844
1779692400000,77386.10,77486.30,77135.80,77377.00,2779.619
1779696000000,77376.90,77433.00,77241.70,77422.30,2571.397
1779699600000,77422.30,77699.00,77383.00,77565.00,5700.730
1779703200000,77565.10,77650.00,77448.40,77500.00,2914.677
1779706800000,77500.00,77500.10,77281.10,77318.20,2454.081
1779710400000,77318.20,77405.80,77244.80,77325.70,2554.033
1779714000000,77325.70,77419.20,77244.80,77302.10,2190.977
1779717600000,77302.00,77743.40,77273.20,77676.40,5263.778
1779721200000,77676.40,77887.90,77515.50,77587.20,5225.847
1779724800000,77587.20,77784.90,77471.50,77694.50,2952.467
1779728400000,77694.50,77770.00,77511.10,77523.20,2774.683
1779732000000,77523.30,77629.80,77502.90,77511.70,1224.041
1779735600000,77511.70,77515.80,77313.00,77403.30,2057.725
1779739200000,77403.40,77472.00,77172.00,77243.70,2621.954
1779742800000,77243.70,77366.70,77240.50,77340.80,1674.347
1779746400000,77340.90,77430.00,77011.30,77084.70,3533.606
1779750000000,77084.70,77338.00,77040.20,77281.50,1760.517
1779753600000,77281.50,77319.60,76532.10,76750.10,7837.287
1779757200000,76750.10,76879.20,76550.00,76717.80,4014.825
1779760800000,76717.80,76790.00,76472.60,76630.70,3663.677
1779764400000,76630.80,76685.00,76434.00,76629.00,2990.608
1779768000000,76629.00,76784.40,76569.80,76713.90,2832.751
1779771600000,76713.90,76950.00,76668.20,76887.30,2859.933
1779775200000,76887.40,77045.90,76735.20,76869.80,3362.296
1779778800000,76869.90,76886.60,76556.90,76685.10,3492.107
1779782400000,76685.00,76819.70,76652.40,76687.90,1834.031
1779786000000,76687.80,76779.20,76606.00,76641.00,2007.840
1779789600000,76640.90,77600.00,76543.80,77398.60,12291.589
1779793200000,77398.70,77477.70,77136.20,77153.90,4704.800
1779796800000,77153.80,77200.00,76847.80,77098.90,5875.831
1779800400000,77098.90,77432.60,76641.70,77199.20,10219.396
1779804000000,77199.20,78077.10,76682.30,76873.60,32872.397
1779807600000,76873.60,76983.40,76234.70,76478.20,17760.011
1779811200000,76478.20,76678.70,76171.00,76534.60,8964.023
1779814800000,76534.70,76624.90,75809.50,75909.60,15095.075
1779818400000,75909.60,76296.70,75711.00,75822.60,7810.546
1779822000000,75822.60,76080.00,75782.00,76028.30,3462.471
1779825600000,76028.40,76157.80,75960.20,76082.00,2352.054
1779829200000,76081.90,76092.30,75822.60,75864.00,1938.109
1779832800000,75864.00,75975.60,75641.20,75729.60,4011.581
1779836400000,75729.70,75962.00,75729.70,75905.50,2666.844
1779840000000,75905.60,76069.00,75854.90,76055.30,3043.727
1779843600000,76055.30,76083.90,75794.90,75846.60,2849.437
1779847200000,75846.60,75868.10,75654.80,75850.90,2802.311
1779850800000,75850.90,75940.00,75555.10,75635.60,3565.669
1779854400000,75635.60,75680.10,75277.80,75542.90,8840.360
1779858000000,75543.00,75708.60,75539.90,75676.40,3364.243
1779861600000,75676.40,75864.40,75649.10,75800.00,2659.380
1779865200000,75800.00,75940.00,75721.40,75935.00,3278.243
1779868800000,75935.00,76038.00,75800.00,75838.40,3812.843
1779872400000,75838.50,75943.70,75666.00,75875.60,3099.093
1779876000000,75875.70,76010.20,75835.00,75863.70,2498.476
1779879600000,75863.80,75992.20,75723.60,75737.90,2781.790
1779883200000,75737.90,76155.50,75541.00,75655.00,8053.742
1779886800000,75654.90,75735.60,74835.00,75054.30,20743.151
1779890400000,75054.30,75250.00,74735.70,75000.70,13749.777
1779894000000,75000.70,75485.90,74950.10,75300.00,8717.531
1779897600000,75300.00,75382.60,74961.00,75273.90,5753.912
1779901200000,75273.90,75316.80,74645.00,74838.20,8594.176
1779904800000,74838.20,75007.90,74632.00,75000.00,4699.102
1779908400000,75000.00,75077.60,74920.00,75039.90,3599.445
1779912000000,75039.80,75391.00,75022.40,75237.60,3476.208
1779915600000,75237.60,75237.60,74300.10,74439.90,10168.630
1779919200000,74440.00,74742.70,74218.20,74390.00,8980.344
1779922800000,74389.90,74545.80,74210.00,74418.10,5583.871
1779926400000,74418.00,74555.50,74336.70,74541.60,3138.599
1779930000000,74541.70,74565.30,74100.00,74313.00,5741.343
1779933600000,74313.00,74373.60,74081.90,74256.60,3652.024
1779937200000,74256.60,74355.60,73036.00,73224.50,31055.812
1779940800000,73224.40,73240.00,72667.90,73145.10,15398.619
1779944400000,73145.10,73145.10,72872.50,72959.90,5389.586
1779948000000,72960.00,73182.20,72729.20,73170.90,7675.794
1779951600000,73171.00,73485.00,73113.20,73467.00,6114.880
1779955200000,73467.00,73474.80,73167.40,73294.00,3701.156
1779958800000,73293.90,73535.70,73230.00,73514.10,3180.086
1779962400000,73514.00,73592.10,73316.50,73375.20,4263.274
1779966000000,73375.30,73510.00,73280.70,73479.10,2762.540
1779969600000,73479.00,73555.00,73221.60,73496.50,4128.714
1779973200000,73496.40,73549.90,72739.20,72988.50,13507.443
1779976800000,72988.50,73557.30,72556.00,72997.50,27209.387
1779980400000,72997.40,73155.40,72662.20,72899.10,6242.022
1779984000000,72899.00,73415.00,72704.00,73415.00,7672.331
1779987600000,73414.90,73722.50,73280.00,73518.20,7308.713
1779991200000,73518.20,73723.00,73474.90,73626.40,3740.600
1779994800000,73626.40,73626.50,73336.00,73393.50,3831.301
1779998400000,73393.40,73698.60,73212.30,73553.50,4473.723
1780002000000,73553.50,73900.00,73535.00,73796.30,3755.034
1780005600000,73796.30,73932.20,73423.40,73448.70,3684.541
1780009200000,73448.70,73695.00,73448.70,73591.40,1818.155
1780012800000,73591.40,73834.60,73591.40,73693.80,2940.584
1780016400000,73693.90,73844.00,73430.50,73558.50,3074.380
1780020000000,73558.50,73616.90,73158.80,73201.90,3531.777
1780023600000,73201.90,73434.20,73201.90,73269.20,2273.527
1780027200000,73269.10,73485.70,73171.80,73466.40,2687.266
1780030800000,73466.30,73682.30,73459.10,73663.00,2586.277
1780034400000,73663.00,73908.60,73599.60,73752.50,3791.082
1780038000000,73752.50,73797.30,73333.00,73488.00,6589.026
1780041600000,73488.10,73799.80,73480.10,73625.20,3720.672
1780045200000,73625.10,73866.80,73615.00,73707.80,3377.656
1780048800000,73707.80,73709.30,73556.10,73601.90,2012.414
1780052400000,73601.90,73662.30,73305.10,73447.60,2660.912
1780056000000,73447.50,73447.50,73166.00,73260.00,4671.173
1780059600000,73260.10,73320.00,72866.00,73114.60,10431.330
1780063200000,73114.60,73206.80,72436.00,73065.80,17958.003
1780066800000,73065.80,74177.00,72970.10,73775.40,26414.410
1780070400000,73775.40,74124.00,73528.50,74022.00,10671.356
1780074000000,74022.10,74293.10,73876.10,73954.30,9236.416
1780077600000,73954.70,74040.30,73057.80,73343.00,11357.399
1780081200000,73342.90,73693.60,73207.30,73489.00,5063.897
1780084800000,73489.00,73735.20,73474.20,73644.90,2733.462
1780088400000,73644.90,73829.20,73369.90,73385.30,2960.778
1780092000000,73385.20,73537.60,73344.60,73446.50,2819.480
1780095600000,73446.50,73478.30,73279.30,73428.20,2593.905
1780099200000,73428.20,73545.30,73367.30,73463.30,2044.480
1780102800000,73463.30,73625.90,73430.90,73623.60,1904.226
1780106400000,73623.60,73747.60,73575.00,73747.40,1656.896
1780110000000,73747.40,73757.90,73485.00,73492.40,2342.889
1780113600000,73492.40,73549.70,73130.10,73365.90,5392.981
1780117200000,73365.90,73671.20,73309.40,73567.50,3787.971
1780120800000,73567.50,73685.00,73492.00,73550.70,1817.693
1780124400000,73550.70,73555.00,73448.40,73513.90,1146.127
1780128000000,73514.00,73527.70,73471.00,73491.60,936.345
1780131600000,73491.70,73590.30,73470.50,73576.80,1025.741
1780135200000,73576.80,73648.00,73558.00,73615.40,1539.798
1780138800000,73615.40,73619.80,73529.10,73567.90,983.089
1780142400000,73568.00,73697.20,73556.40,73661.50,1208.698
1780146000000,73661.50,73814.20,73638.20,73805.00,3299.249
1780149600000,73804.90,74078.60,73783.50,73901.00,6239.784
1780153200000,73901.00,74011.20,73803.10,73888.00,2752.922
1780156800000,73888.00,73949.40,73844.30,73899.90,1681.044
1780160400000,73900.00,73989.90,73772.50,73982.00,2549.851
1780164000000,73982.00,74108.80,73899.00,74007.50,2577.946
1780167600000,74007.50,74045.00,73934.90,73980.10,1515.724
1780171200000,73980.00,73986.20,73888.50,73944.50,1402.262
1780174800000,73944.40,74028.30,73888.10,73954.80,1396.510
1780178400000,73954.80,73954.80,73755.60,73849.80,1581.454
1780182000000,73849.80,73971.50,73750.00,73856.80,1760.006
1780185600000,73856.90,74013.80,73821.40,74003.70,1656.714
1780189200000,74003.70,74250.00,73991.10,74021.10,3923.269
1780192800000,74021.20,74211.40,73839.00,74060.90,3386.507
1780196400000,74061.00,74200.00,74030.70,74107.60,1568.561
1780200000000,74107.50,74194.60,74061.80,74144.30,1527.358
1780203600000,74144.30,74180.10,74018.10,74027.90,1185.690
1780207200000,74027.80,74077.50,73958.10,74020.00,1375.184
1780210800000,74020.10,74020.10,73793.20,73833.30,2630.692
1780214400000,73833.20,73952.90,73816.80,73913.40,2101.272
1780218000000,73913.40,73998.90,73779.80,73814.50,1278.977
1780221600000,73814.60,73875.60,73701.00,73871.50,1881.903
1780225200000,73871.50,73949.00,73868.40,73913.60,1037.673
1780228800000,73913.60,73975.10,73841.60,73892.10,1075.096
1780232400000,73892.20,73997.80,73770.10,73841.00,1208.222
1780236000000,73841.00,73841.10,73388.00,73570.30,10243.792
1780239600000,73570.20,73745.60,73550.20,73613.50,1798.301
1780243200000,73613.40,73697.30,73340.70,73499.90,3882.979
1780246800000,73500.00,73704.00,73431.30,73681.30,1743.969
1780250400000,73681.30,73681.30,73540.20,73573.80,1074.422
1780254000000,73573.70,73623.40,73417.20,73521.90,1267.919
1780257600000,73521.90,73732.70,73521.90,73710.90,1887.159
1780261200000,73710.90,73897.60,73590.20,73860.60,2408.604
1780264800000,73860.50,73975.00,73645.60,73918.50,2766.503
1780268400000,73918.60,74179.90,73470.80,73653.20,5330.693
1780272000000,73653.20,74070.50,73620.00,73855.00,3770.449
1780275600000,73854.90,73890.00,73235.00,73257.80,5614.578
1780279200000,73257.90,73865.00,73171.00,73766.30,5651.739
1780282800000,73766.20,73998.80,73692.90,73731.30,3361.378
1780286400000,73731.40,73815.90,73307.70,73497.60,4968.162
1780290000000,73497.50,73507.90,73283.50,73319.50,2267.135
1780293600000,73319.50,73339.30,72917.00,73106.60,7954.820
1780297200000,73106.60,73177.80,72668.00,72776.10,6817.045
1780300800000,72776.10,72907.80,72573.50,72875.70,6995.320
1780304400000,72875.80,73084.00,72801.10,72855.20,5876.471
1780308000000,72855.20,72878.10,72551.00,72725.90,4945.966
1780311600000,72725.90,72742.00,72188.00,72452.80,9571.993
1780315200000,72452.70,72583.70,71862.60,72193.10,22210.026
1780318800000,72193.20,72288.00,71350.00,71698.70,32500.860
1780322400000,71698.80,71884.90,71387.60,71548.50,14314.072
1780326000000,71548.50,71662.60,71035.30,71099.40,17524.364
1780329600000,71099.50,71600.00,70650.90,71537.70,20585.239
1780333200000,71537.70,71788.50,71438.90,71617.90,9208.610
1780336800000,71617.50,71670.70,71350.10,71470.10,5092.421
1780340400000,71470.10,71645.20,71358.00,71571.00,3402.005
1780344000000,71571.00,71670.00,71383.80,71419.80,2339.282
1780347600000,71419.70,71419.80,70911.00,71004.60,6654.354
1780351200000,71004.60,71439.50,70806.00,71376.60,7396.047
1780354800000,71376.70,71564.00,71199.00,71391.50,4448.792
1780358400000,71391.50,71397.00,71071.50,71266.60,3758.490
1780362000000,71266.50,71357.20,70555.70,70615.20,8460.939
1780365600000,70612.20,70855.90,70038.00,70820.00,18148.055
1780369200000,70820.00,71022.40,70768.50,70920.70,4366.617
1780372800000,70920.80,71022.70,70690.10,70782.30,4111.213
1780376400000,70782.30,70820.80,70222.20,70235.10,9508.479
1780380000000,70235.10,70414.90,69889.10,70076.70,12658.956
1780383600000,70076.60,70249.60,69666.80,70079.40,12331.391
1780387200000,70079.50,70146.20,69677.60,69794.40,6528.391
1780390800000,69794.40,69820.40,69277.80,69393.20,13831.280
1780394400000,69393.10,69732.20,69316.50,69620.80,7571.511
1780398000000,69620.90,69635.00,69364.10,69430.20,3599.617
1780401600000,69430.20,69514.60,68955.00,68985.50,12233.401
1780405200000,68985.40,69171.00,68736.00,68788.90,18381.657
1780408800000,68788.90,68818.40,67573.50,67990.00,44046.045
1780412400000,67989.90,68075.00,67035.50,67274.00,32842.651
1780416000000,67274.00,68121.90,67196.20,67393.00,26315.425
1780419600000,67393.10,67821.90,67345.00,67466.00,9351.260
1780423200000,67466.00,67641.60,67088.00,67315.50,7382.764
1780426800000,67315.50,67474.20,66388.00,67286.70,27447.846
1780430400000,67286.70,67687.40,66880.10,67556.00,12855.437
1780434000000,67556.00,67899.90,67373.50,67532.10,8980.536
1780437600000,67532.10,67532.10,66210.00,66354.20,21317.088
1780441200000,66354.30,66844.80,66150.70,66730.00,20673.103
1780444800000,66730.10,67195.70,66620.40,66900.20,14643.212
1780448400000,66900.30,67010.00,66442.00,66890.80,10585.483
1780452000000,66890.80,66913.00,66547.40,66588.00,4630.414
1780455600000,66588.00,66635.00,65359.10,65818.40,29211.393
1780459200000,65818.30,66594.70,65791.40,66439.20,13975.579
1780462800000,66439.10,67380.00,66439.10,67290.20,22670.597
1780466400000,67290.20,67493.80,66913.10,66949.30,10542.247
1780470000000,66949.40,67299.90,66828.50,67186.70,6907.108
1780473600000,67186.70,67226.70,66933.60,66987.70,7143.703
1780477200000,66987.70,67313.90,66620.00,67040.90,18551.588
1780480800000,67041.00,67448.00,67032.60,67260.00,6922.156
1780484400000,67260.00,67340.00,67026.60,67040.10,3936.714
1780488000000,67040.10,67142.10,66760.00,67050.80,8318.896
1780491600000,67050.70,67220.20,66605.10,66884.80,10450.216
1780495200000,66884.80,66975.00,66611.90,66840.90,7494.408
1780498800000,66841.00,66880.00,66036.20,66046.50,19094.974
1780502400000,66046.60,66359.40,65508.30,66037.40,24860.392
1780506000000,66037.40,66159.00,65674.90,65934.00,9175.749
1780509600000,65934.00,66141.70,65711.40,66006.60,5382.664
1780513200000,66006.50,66030.70,65199.00,65428.60,13312.575
1780516800000,65428.50,65581.60,64711.10,64971.70,18176.176
1780520400000,64971.80,65829.40,64919.10,65738.60,12497.286
1780524000000,65738.60,65814.20,64733.90,64882.10,13287.809
1780527600000,64882.10,64957.70,64050.80,64117.70,19130.199
1780531200000,64117.70,64412.90,62911.90,63314.40,32017.216
1780534800000,63314.50,63478.50,62066.60,62140.30,33187.939
1780538400000,62140.40,63598.70,61344.80,63198.40,48264.122
1780542000000,63198.40,64495.90,63186.70,64336.20,25029.440
1780545600000,64336.20,64739.80,64233.00,64364.00,12138.136
1780549200000,64363.90,64363.90,63607.40,63927.60,15516.364
1780552800000,63927.60,64480.00,63858.60,64007.20,7456.889
1780556400000,64007.40,64041.80,63450.00,63561.70,13651.696
1780560000000,63561.80,63875.90,63201.10,63595.50,12293.700
1780563600000,63595.50,63616.30,62666.00,63237.40,19123.543
1780567200000,63237.50,63250.00,62256.00,62391.60,29859.942
1780570800000,62391.60,62800.00,62150.80,62520.70,21741.816
1780574400000,62520.70,63947.80,62344.10,63738.10,25027.312
1780578000000,63738.20,64223.10,63038.00,64202.70,28666.685
1780581600000,64202.70,64463.70,63733.00,63923.90,16138.466
1780585200000,63923.80,64380.00,63650.00,63864.80,13018.872
1780588800000,63864.80,63898.90,63412.90,63529.40,8547.533
1780592400000,63529.40,63698.70,62910.00,63511.20,14376.367
1780596000000,63511.10,64091.70,63117.60,63791.10,15695.290
1780599600000,63791.20,64150.80,63508.60,63600.30,9010.124
1780603200000,63600.20,63628.00,63140.80,63600.80,10580.497
1780606800000,63600.80,63847.90,63040.00,63250.20,6186.469
1780610400000,63250.10,63740.20,63150.70,63702.20,6948.656
1780614000000,63702.30,63897.00,63335.10,63853.40,6697.537
1780617600000,63853.40,63955.00,63366.00,63398.30,6077.139
1780621200000,63398.30,63547.50,63011.00,63347.00,8705.901
1780624800000,63347.00,63416.90,62552.20,62585.50,12937.021
1780628400000,62585.60,62861.00,62300.00,62699.70,11767.388
1780632000000,62700.00,63629.90,62456.00,63588.90,12198.337
1780635600000,63589.00,63674.90,62229.60,62294.40,17219.625
1780639200000,62294.10,62614.20,61067.60,61916.80,43244.607
1780642800000,61916.70,63084.40,61330.50,63075.60,22919.441
1780646400000,63075.50,63088.00,62234.30,62429.90,11546.341
1780650000000,62429.90,63231.80,62405.10,62832.50,10276.570
1780653600000,62832.40,62910.50,62342.10,62510.10,6267.222
1780657200000,62510.00,62621.90,61928.30,61929.50,9661.694
1780660800000,61929.60,62437.50,61578.40,61939.70,18065.956
1780664400000,61939.70,62310.00,60690.80,60700.40,26689.674
1780668000000,60700.40,61217.80,60300.00,60832.70,38987.144
1780671600000,60832.60,61105.60,60005.80,60400.80,31939.718
1780675200000,60400.80,61550.00,59739.10,61358.10,58804.844
1780678800000,61358.10,61487.90,60621.20,60786.50,12594.401
1780682400000,60786.50,60933.00,59105.40,59362.20,32030.644
1780686000000,59362.10,60435.20,59080.00,60267.70,23692.266
1780689600000,60267.40,61800.00,59903.80,61586.20,22351.565
1780693200000,61586.10,61985.10,61400.00,61639.50,12170.417
1780696800000,61639.40,61942.40,61169.10,61556.60,13850.543
1780700400000,61556.70,61745.00,60458.00,61022.00,14163.427
1780704000000,61022.00,61500.00,61012.00,61238.40,7564.048
1780707600000,61238.40,61349.70,60912.30,61025.60,4623.780
1780711200000,61025.60,61164.50,60642.40,60918.40,5765.277
1780714800000,60918.30,60940.50,60490.00,60662.60,5489.751
1780718400000,60662.60,60847.50,59451.30,60068.40,22031.624
1780722000000,60068.50,61070.20,59578.80,60918.90,20702.862
1780725600000,60919.00,61250.00,60644.50,60771.80,11698.016
1780729200000,60771.80,61212.70,60705.40,60975.20,7336.922
1780732800000,60975.20,61475.00,60850.00,61239.60,8498.100
1780736400000,61239.50,61298.20,60854.10,60956.70,5320.274
1780740000000,60956.70,60956.70,60146.00,60555.30,14536.034
1780743600000,60555.20,60938.00,60520.00,60773.50,5694.791
1780747200000,60773.50,61173.50,60599.90,61003.60,9784.197
1780750800000,61003.60,61073.60,60668.80,60779.50,5213.726
1780754400000,60779.50,60990.80,60733.00,60762.50,3560.698
1780758000000,60762.50,60900.00,60353.40,60754.10,7524.848
1780761600000,60754.20,60949.90,60417.60,60749.80,6038.819
1780765200000,60749.90,60817.20,60463.00,60553.30,3936.273
1780768800000,60553.20,60723.50,60363.00,60606.00,3583.649
1780772400000,60606.00,60760.40,60502.10,60563.90,2214.691
1780776000000,60563.90,60729.10,60484.50,60678.50,2440.763
1780779600000,60678.40,60969.20,60673.20,60719.30,3053.205
1780783200000,60719.20,60788.60,60390.00,60513.00,5032.414
1780786800000,60513.00,60911.00,60511.00,60849.70,3116.081
1780790400000,60849.70,60962.70,60708.00,60748.30,2990.633
1780794000000,60748.20,61641.40,60720.90,61452.50,13447.678
1780797600000,61452.50,61540.10,61150.00,61469.20,5320.335
1780801200000,61469.30,61763.90,61376.70,61671.10,5046.674
1780804800000,61671.10,61866.00,61447.20,61854.10,5279.246
1780808400000,61854.20,62132.00,61607.90,61709.20,9364.910
1780812000000,61709.30,62254.90,61573.50,62080.10,9917.458
1780815600000,62080.10,62380.00,61951.00,62366.00,8886.719
1780819200000,62366.00,62942.40,62217.40,62823.00,16219.509
1780822800000,62823.00,62887.50,62361.50,62510.00,7994.466
1780826400000,62509.90,62547.80,62273.00,62343.70,5250.485
1780830000000,62343.70,62730.00,62333.00,62598.80,5263.381
1780833600000,62598.80,62617.70,61509.10,61871.10,21819.579
1780837200000,61871.10,61880.00,61612.20,61675.00,5955.280
1780840800000,61675.10,62283.60,61675.00,61872.00,10111.376
1780844400000,61871.90,62196.00,61640.10,62071.60,6764.069
1780848000000,62071.70,62327.00,61912.70,62054.20,5219.030
1780851600000,62054.10,62315.60,62012.20,62129.60,4071.011
1780855200000,62129.60,62267.20,61989.00,62001.60,2079.999
1780858800000,62001.60,62009.10,61150.20,61303.80,15448.708
1780862400000,61303.70,61949.30,61189.70,61843.00,6748.756
1780866000000,61843.10,61980.00,61618.50,61755.00,3502.586
1780869600000,61754.90,64250.00,61690.30,62833.50,32662.168
1780873200000,62833.00,63429.90,62759.50,63298.50,8114.977
1780876800000,63299.00,63849.50,63111.30,63599.20,9954.623
1780880400000,63599.30,63619.50,62676.80,63188.00,12067.272
1780884000000,63188.00,63238.30,62881.90,63097.20,4283.889
1780887600000,63097.20,63438.20,62944.10,63101.60,4210.952
1780891200000,63101.60,63150.00,62616.90,62654.70,5895.229
1780894800000,62654.70,62800.00,62377.00,62740.80,7325.169
1780898400000,62740.80,63119.70,62702.00,62958.80,5677.298
1780902000000,62958.90,63320.90,62779.00,63259.90,5891.372
1780905600000,63259.90,63259.90,62955.70,63100.80,3576.879
1780909200000,63100.90,63554.70,63093.50,63469.90,7425.603
1780912800000,63469.90,63525.00,63053.40,63131.50,6189.668
1780916400000,63131.40,63861.30,63020.00,63450.10,11047.181
1780920000000,63450.10,63948.20,62658.40,63844.50,22904.142
1780923600000,63844.60,63920.00,63330.40,63720.60,13790.780
1780927200000,63720.50,64075.60,63531.90,63933.70,10811.608
1780930800000,63933.70,64179.50,63673.00,63745.40,11587.537
1780934400000,63745.30,64029.50,63430.60,63496.80,7607.381
1780938000000,63496.80,63620.00,63209.60,63519.20,7842.552
1780941600000,63519.10,63659.10,63305.00,63438.00,3208.045
1780945200000,63438.00,63572.10,63317.70,63348.20,3103.656
1780948800000,63348.30,63459.30,63120.40,63459.10,4563.368
1780952400000,63459.10,63832.50,63455.10,63690.80,4030.441
1780956000000,63690.70,63690.70,63171.20,63407.50,6036.812
1780959600000,63407.60,63567.60,62939.70,63057.90,5409.596
1780963200000,63057.90,63157.30,62381.20,62522.60,15947.710
1780966800000,62522.60,62846.60,62513.00,62732.90,6038.258
1780970400000,62732.80,62849.50,62506.80,62840.00,4490.164
1780974000000,62839.90,62945.80,62664.30,62841.00,3847.384
1780977600000,62841.10,63402.00,62715.40,63213.70,9505.940
1780981200000,63213.80,63499.90,63088.00,63318.50,5631.349
1780984800000,63318.50,63487.10,63202.60,63279.40,4791.047
1780988400000,63279.50,63424.00,62970.60,63170.80,6015.433
1780992000000,63170.90,63183.00,62646.00,62816.90,8266.540
1780995600000,62817.00,62923.70,62555.50,62682.50,5482.787
1780999200000,62682.60,62802.70,62560.90,62750.00,4015.766
1781002800000,62750.00,62786.90,62457.50,62679.40,6806.713
1781006400000,62679.50,62868.20,62404.00,62611.60,6095.652
1781010000000,62611.60,62717.70,62125.00,62244.40,13535.918
1781013600000,62244.40,62371.60,61075.90,61511.60,35615.599
1781017200000,61511.60,61680.90,61001.00,61100.70,16545.058
1781020800000,61100.60,61490.00,60755.00,61367.50,26909.919
1781024400000,61367.50,61860.00,61367.00,61667.10,12632.633
1781028000000,61667.20,61939.00,61563.30,61756.10,5648.053
1781031600000,61756.20,62079.50,61685.00,62068.80,6032.774
1781035200000,62068.90,62253.20,61920.90,62132.30,4702.846
1781038800000,62132.30,62149.80,61660.00,61732.20,5903.611
1781042400000,61732.50,61945.40,61630.20,61688.00,3249.560
1781046000000,61687.90,61850.00,61519.00,61695.00,3688.760
1781049600000,61694.90,61908.90,61404.60,61886.50,5067.624
1781053200000,61886.50,61947.40,61544.20,61680.70,4252.258
1781056800000,61680.70,61807.90,61201.00,61271.30,6430.764
1781060400000,61271.40,61571.10,61250.00,61518.20,3472.635
1781064000000,61518.30,61535.00,61153.50,61269.60,4116.843
1781067600000,61269.60,61368.00,61045.70,61321.60,4160.181
1781071200000,61321.60,61493.00,61108.80,61436.50,4853.421
1781074800000,61436.40,61783.40,61400.70,61654.30,6313.665
1781078400000,61654.30,61707.60,61128.70,61228.70,7510.133
1781082000000,61228.80,61396.40,60691.90,61302.70,12001.158
1781085600000,61303.20,61426.70,61113.20,61350.10,4009.363
1781089200000,61350.10,61406.00,60824.50,61003.10,9567.514
1781092800000,61003.10,61918.00,60930.00,61531.70,17186.613
1781096400000,61531.80,62445.00,61406.80,62123.90,18689.305
1781100000000,62123.90,62230.00,61782.00,62170.80,11613.002
1781103600000,62170.90,62840.20,61814.00,62604.80,18864.285
1781107200000,62604.70,62617.10,61891.20,62194.50,9692.542
1781110800000,62194.60,62330.30,61616.00,61944.50,11161.950
1781114400000,61944.40,62137.30,61552.00,61856.00,6181.953
1781118000000,61856.00,62038.00,61641.40,61908.70,4545.789
1781121600000,61908.70,61921.20,61644.40,61770.10,3195.626
1781125200000,61770.10,61773.10,61150.10,61327.30,7887.368
1781128800000,61327.40,61547.90,61068.60,61353.20,7637.894
1781132400000,61353.10,61582.10,61135.80,61483.70,4642.378
1781136000000,61483.60,61955.80,61483.60,61794.60,6629.261
1781139600000,61794.60,62350.00,61793.50,62180.30,6360.787
1781143200000,62180.40,62278.30,61911.50,62113.50,4726.248
1781146800000,62113.50,62922.00,61975.60,62657.50,11223.901
1781150400000,62657.50,62827.00,62512.60,62692.90,6342.014
1781154000000,62692.80,62696.70,62527.50,62581.70,3206.604
1781157600000,62581.70,62993.40,62507.90,62734.20,7813.001
1781161200000,62734.10,62812.20,62574.30,62693.30,4667.736
1781164800000,62693.20,63043.10,62691.70,62927.20,6684.514
1781168400000,62927.20,62970.70,62753.30,62899.90,4093.748
1781172000000,62900.00,63188.00,62771.00,63120.30,8162.024
1781175600000,63120.20,63235.90,63020.60,63078.00,7361.917
1781179200000,63078.00,63173.80,62455.80,62978.30,20933.227
1781182800000,62978.30,63200.00,62644.70,63046.10,13026.119
1781186400000,63046.10,63060.00,62697.00,62699.60,7669.427
1781190000000,62699.60,62856.70,62494.60,62721.10,8504.570
1781193600000,62721.20,62810.00,62502.40,62546.60,4781.270
1781197200000,62546.60,63643.00,62315.00,63614.20,28276.294
1781200800000,63614.20,63768.70,63283.40,63426.00,9903.762
1781204400000,63426.00,63915.30,63350.40,63567.60,10032.986
1781208000000,63567.70,63633.60,63235.80,63361.90,4935.297
1781211600000,63361.90,63571.50,63359.70,63487.20,2172.230
1781215200000,63487.30,63640.60,63425.00,63467.10,2216.095
1781218800000,63467.10,63712.30,63328.10,63597.90,4271.542
1781222400000,63598.00,63777.00,63489.80,63617.70,4243.194
1781226000000,63617.70,63617.70,63271.60,63402.90,4466.191
1781229600000,63402.90,63758.40,63402.90,63589.30,3408.002
1781233200000,63589.20,63620.10,63314.70,63490.00,2027.229
1781236800000,63490.10,63843.20,63391.20,63670.40,5901.952
1781240400000,63670.50,63695.40,63265.40,63317.60,6047.081
1781244000000,63317.60,63385.90,62800.00,62955.90,8541.968
1781247600000,62956.00,63180.80,62919.90,63066.50,4785.190
1781251200000,63066.50,63587.00,63063.90,63440.50,6555.915
1781254800000,63440.50,63929.90,63398.30,63729.50,7939.036
1781258400000,63729.50,63824.00,63541.90,63665.10,4205.305
1781262000000,63665.20,63855.80,63650.00,63729.40,3381.030
1781265600000,63729.40,63745.10,63331.90,63433.70,5597.360
1781269200000,63433.80,63507.90,63020.60,63200.30,9236.386
1781272800000,63200.30,63988.00,63160.40,63971.00,14271.383
1781276400000,63971.10,64362.60,63504.20,63557.00,26003.214
1781280000000,63557.10,63974.80,63477.50,63951.20,8532.953
1781283600000,63951.20,64083.30,63708.00,63836.90,4217.505
1781287200000,63836.90,63907.00,63647.90,63661.80,3095.609
1781290800000,63661.80,63790.80,63555.00,63555.10,3164.169
1781294400000,63555.00,63664.40,63352.30,63417.90,4000.142
1781298000000,63418.20,63608.10,63413.00,63450.10,2246.705
1781301600000,63450.00,63633.30,63435.60,63482.80,2214.568
1781305200000,63482.80,63554.70,63394.30,63547.00,1641.695
1781308800000,63547.00,63625.20,63480.00,63573.90,1951.164
1781312400000,63573.90,63828.40,63573.90,63801.00,2669.191
1781316000000,63801.10,63806.90,63517.80,63612.00,2457.955
1781319600000,63612.10,63695.00,63360.00,63494.40,3026.794
1781323200000,63494.40,63619.10,63444.90,63475.20,1293.536
1781326800000,63475.20,63564.80,63456.00,63554.90,1208.298
1781330400000,63554.90,63720.20,63516.30,63707.20,1642.636
1781334000000,63707.20,63879.00,63637.10,63823.90,4873.909
1781337600000,63823.90,63896.50,63729.80,63771.60,3461.243
1781341200000,63771.50,63833.00,63708.20,63709.90,1419.807
1781344800000,63709.90,63883.20,63683.10,63812.90,2679.471
1781348400000,63813.00,63949.90,63809.40,63936.10,2414.403
1781352000000,63936.10,64187.70,63882.60,64103.10,4756.321
1781355600000,64103.00,64217.00,64026.60,64071.00,4732.652
1781359200000,64071.00,64208.80,64052.30,64189.70,2178.915
1781362800000,64189.80,64323.00,64147.20,64265.00,4558.288
1781366400000,64265.10,64280.00,63862.90,63996.20,8214.293
1781370000000,63996.10,64090.10,63902.00,63939.70,2988.244
1781373600000,63939.70,64247.80,63939.60,64122.70,3116.164
1781377200000,64122.70,64298.70,64111.10,64264.20,3087.802
1781380800000,64264.20,64264.30,64195.30,64252.40,1079.311
1781384400000,64252.40,64738.00,64189.60,64435.20,7334.893
1781388000000,64435.20,64529.00,64349.30,64413.40,2850.590
1781391600000,64413.40,64572.00,64350.50,64418.20,2165.507
1781395200000,64418.30,64548.60,64338.80,64519.30,2060.185
1781398800000,64519.20,64682.20,64466.40,64534.10,2612.929
1781402400000,64534.00,64606.40,64436.70,64450.00,2045.452
1781406000000,64450.10,64518.40,64421.70,64515.00,3269.628
1781409600000,64515.00,64532.80,64281.00,64300.00,2599.296
1781413200000,64300.00,64378.50,64260.00,64318.10,2076.942
1781416800000,64318.10,64450.10,64208.50,64258.00,3360.246
1781420400000,64258.00,64412.70,64186.50,64392.00,2472.615
1781424000000,64392.10,64486.90,64353.20,64423.10,1629.080
1781427600000,64423.10,64593.10,64281.10,64584.70,3100.679
1781431200000,64584.80,64640.60,64452.80,64485.40,2531.790
1781434800000,64485.50,64614.40,64419.30,64511.70,1865.041
1781438400000,64511.70,64531.20,64255.90,64296.80,3294.214
1781442000000,64296.70,64369.00,64207.30,64287.50,2943.823
1781445600000,64287.40,64313.10,63830.00,63953.70,8475.881
1781449200000,63953.70,64123.80,63945.80,63995.20,4281.190
1781452800000,63995.20,64183.40,63901.30,63913.80,3323.998
1781456400000,63913.80,64000.00,63650.00,63706.10,5470.458
1781460000000,63706.20,63791.90,63650.90,63783.90,3170.311
1781463600000,63783.90,63830.90,63702.00,63777.30,1358.481
1781467200000,63777.40,64070.00,63761.50,63978.10,3073.059
1781470800000,63978.20,65652.00,63973.40,65284.40,27695.963
1781474400000,65284.40,65555.00,64918.20,65389.20,14246.288
1781478000000,65389.20,65775.00,65217.00,65702.10,9775.909
1781481600000,65702.10,65880.00,65444.00,65591.40,9044.986
1781485200000,65591.40,65705.60,65314.30,65482.60,5936.809
1781488800000,65482.60,65749.00,65383.60,65429.30,3923.620
1781492400000,65429.30,65996.80,65393.40,65894.70,9255.319
1781496000000,65894.60,65894.70,65601.80,65612.20,3331.818
1781499600000,65612.20,65844.70,65577.80,65828.10,3066.816
1781503200000,65828.00,65933.00,65716.40,65773.00,4071.861
1781506800000,65773.00,65978.10,65580.00,65642.30,5386.600
1781510400000,65642.40,65768.10,65580.30,65619.90,3912.200
1781514000000,65620.00,65740.10,65469.00,65559.90,3326.393
1781517600000,65559.80,65934.30,65545.20,65884.70,7895.239
1781521200000,65884.70,66346.20,65807.30,66192.00,15452.401
1781524800000,66192.00,66570.00,66056.40,66528.50,12174.401
1781528400000,66528.50,66915.20,66375.10,66410.80,20545.811
1781532000000,66410.80,66646.80,66265.00,66552.30,8252.837
1781535600000,66552.40,67255.40,66541.50,67248.50,13362.263
1781539200000,67248.50,67254.50,67051.10,67122.30,7578.852
1781542800000,67122.30,67122.40,66635.10,66820.70,8193.907
1781546400000,66820.70,66900.00,66678.50,66726.10,3557.451
1781550000000,66726.10,66856.10,66302.40,66579.20,6172.572
1781553600000,66579.10,66658.20,66445.00,66489.60,2244.671
1781557200000,66489.60,66534.80,66284.80,66337.10,2945.274
1781560800000,66337.10,66446.20,66065.10,66170.00,5545.129
1781564400000,66170.00,66335.50,66086.60,66285.90,2775.711
1781568000000,66285.90,66426.90,66197.20,66216.90,3431.519
1781571600000,66216.80,66388.80,66206.60,66309.90,2298.901
1781575200000,66309.90,66331.80,65655.00,65714.10,9099.747
1781578800000,65714.00,66145.40,65607.10,66125.40,6605.331
1781582400000,66125.40,66252.20,65768.70,65811.10,5555.333
1781586000000,65811.10,66119.90,65811.10,66028.00,3516.107
1781589600000,66028.10,66543.50,66025.10,66406.40,5633.376
1781593200000,66406.30,66497.00,66272.10,66341.70,3952.601
1781596800000,66341.80,66956.70,66310.50,66863.90,9095.480
1781600400000,66863.90,66884.60,66440.10,66478.40,5305.599
1781604000000,66478.50,66755.50,66451.10,66476.10,3834.460
1781607600000,66476.10,66619.30,66325.40,66456.00,3380.096
1781611200000,66456.00,66787.10,66325.20,66390.50,6611.999
1781614800000,66390.50,66435.60,65893.20,66012.70,10953.391
1781618400000,66012.80,66239.30,65328.80,65630.20,15588.828
1781622000000,65630.20,65981.50,65580.00,65841.80,7659.939
1781625600000,65841.80,65932.30,65675.20,65730.80,3289.048
1781629200000,65730.90,65991.70,65677.10,65946.20,3368.206
1781632800000,65946.20,66246.10,65767.00,65822.40,5488.113
1781636400000,65822.50,65822.50,65529.00,65653.20,4965.888
1781640000000,65653.20,65832.70,65561.30,65824.00,2517.971
1781643600000,65824.00,65908.40,65609.80,65741.20,2613.731
1781647200000,65741.30,65855.00,65644.60,65745.20,2574.361
1781650800000,65745.20,65805.00,65580.10,65644.80,1766.401
1781654400000,65644.80,65821.00,65644.80,65679.40,2124.110
1781658000000,65679.40,65925.10,65427.90,65901.10,4784.400
1781661600000,65901.10,66092.50,65743.00,65872.70,3487.582
1781665200000,65872.60,65872.70,65671.80,65818.60,1896.242
1781668800000,65818.60,66019.00,65744.20,65852.50,1896.801
1781672400000,65852.50,65948.50,65702.90,65796.10,2152.245
1781676000000,65796.10,65869.80,65535.00,65589.40,3412.922
1781679600000,65589.40,65680.30,65200.00,65504.00,9271.031
1781683200000,65503.90,65549.80,64800.00,64889.80,13620.919
1781686800000,64889.90,65045.00,64800.40,64880.10,6116.040
1781690400000,64880.00,64964.20,64733.50,64770.40,3937.974
1781694000000,64770.40,64834.90,64525.00,64774.50,8169.245
1781697600000,64774.60,65080.30,64550.70,65005.30,7979.636
1781701200000,65005.20,65333.00,64804.10,65232.90,9997.319
1781704800000,65232.60,65434.10,64722.60,65072.40,10063.625
1781708400000,65072.40,65834.10,64943.50,65712.70,9718.331
1781712000000,65712.70,66419.20,65676.80,65829.70,14049.492
1781715600000,65829.60,66160.00,65755.00,66073.10,5298.208
1781719200000,66073.10,66085.30,64746.60,65481.30,32342.617
1781722800000,65481.20,65632.00,64015.00,64271.30,27562.287
1781726400000,64271.40,64460.80,64137.10,64405.90,7023.720
1781730000000,64405.90,64427.00,64104.00,64229.40,4138.350
1781733600000,64229.40,64415.70,63881.20,64265.30,7515.198
1781737200000,64265.30,64495.30,64216.60,64472.90,2928.005
1781740800000,64472.90,64676.50,64422.40,64432.80,3367.814
1781744400000,64432.80,64780.00,64429.10,64520.90,3711.292
1781748000000,64520.90,64750.00,64453.20,64652.30,2543.649
1781751600000,64652.30,64652.30,64228.90,64255.00,5092.146
1781755200000,64255.00,64323.40,63785.00,63850.10,9767.176
1781758800000,63850.10,64000.00,63660.10,63961.80,5961.032
1781762400000,63961.90,64097.70,63811.30,64054.90,4272.735
1781766000000,64054.90,64491.10,63985.30,64470.30,6502.533
1781769600000,64470.40,64631.50,64349.20,64370.00,5742.264
1781773200000,64370.00,64450.00,64162.50,64172.60,3905.742
1781776800000,64172.70,64198.00,63880.20,64050.00,6808.319
1781780400000,64050.10,64175.90,63855.00,63940.10,4133.313
1781784000000,63940.10,64377.80,63892.80,64345.90,5211.011
1781787600000,64345.80,64423.40,63753.00,63952.30,12076.440
1781791200000,63952.40,64181.70,63565.00,63784.10,13161.056
1781794800000,63784.20,63796.60,62232.10,62337.80,40637.073
1781798400000,62337.80,62789.00,62308.60,62664.20,14208.574
1781802000000,62664.20,62730.00,62241.00,62579.10,11740.083
1781805600000,62579.20,62932.70,62552.80,62683.50,9150.288
1781809200000,62683.50,62985.00,62608.00,62925.40,4674.584
1781812800000,62925.30,63266.80,62925.30,63063.10,6155.035
1781816400000,63063.10,63098.70,62831.80,62936.00,3244.761
1781820000000,62936.00,62962.10,62710.50,62853.00,3104.191
1781823600000,62852.90,62959.90,62717.00,62924.10,2527.605
1781827200000,62924.00,63066.70,62812.70,62991.70,2446.187
1781830800000,62991.70,63073.00,62814.30,62994.50,2562.735
1781834400000,62994.50,63088.00,62858.20,62974.20,2107.975
1781838000000,62974.20,63004.80,62237.20,62745.10,11677.236
1781841600000,62745.10,62888.80,62375.70,62421.70,5551.656
1781845200000,62421.80,62715.00,62417.40,62707.00,3774.762
1781848800000,62707.10,62888.70,62691.00,62865.10,2658.473
1781852400000,62865.00,62896.80,62465.60,62592.40,5319.797
1781856000000,62592.40,62758.10,62504.70,62575.70,3585.070
1781859600000,62575.70,62623.20,62272.40,62353.00,6117.203
1781863200000,62352.90,62570.10,62347.80,62506.20,3659.625
1781866800000,62506.30,62664.30,62419.50,62600.00,3035.836
1781870400000,62600.00,62844.80,62315.20,62799.40,6739.352
1781874000000,62799.40,63410.30,62629.50,63174.20,13878.128
1781877600000,63174.10,63398.30,62972.80,63174.80,7794.914
1781881200000,63174.80,63266.30,62992.00,63193.00,4428.801
1781884800000,63193.10,63376.60,62897.80,62943.70,6372.556
1781888400000,62943.70,63213.00,62836.60,63166.70,4859.398
1781892000000,63166.60,63175.30,62958.00,63079.30,2166.381
1781895600000,63079.20,63117.00,62907.40,63001.90,1719.554
1781899200000,63001.80,63245.90,62926.20,63217.40,1587.361
1781902800000,63217.30,63253.60,63024.10,63048.00,1954.973
1781906400000,63048.00,63345.10,63015.10,63287.80,3005.024
1781910000000,63287.80,63645.00,63250.00,63512.60,5223.884
1781913600000,63512.50,63757.20,63435.00,63496.80,5620.834
1781917200000,63496.80,63594.20,63368.50,63550.90,2644.972
1781920800000,63551.00,63551.00,63301.80,63305.70,2722.798
1781924400000,63305.80,63487.20,63283.50,63440.50,1781.829
1781928000000,63440.50,63590.00,63367.60,63553.90,2036.026
1781931600000,63553.90,63894.00,63509.10,63645.50,6526.429
1781935200000,63645.40,63730.00,63608.60,63710.00,1912.419
1781938800000,63710.10,63774.20,63558.40,63625.00,3533.917
1781942400000,63625.00,63630.00,63360.00,63390.80,4745.106
1781946000000,63390.80,63760.80,63390.30,63700.80,3687.354
1781949600000,63700.80,63747.70,63559.80,63649.70,2170.014
1781953200000,63649.60,63770.00,63586.80,63651.30,1580.907
1781956800000,63651.40,63756.00,63497.30,63627.80,3118.595
1781960400000,63627.70,63627.80,63242.00,63368.00,6104.423
1781964000000,63368.00,64150.00,63136.20,63929.50,15156.582
1781967600000,63929.40,64370.90,63810.00,64139.50,11736.081
1781971200000,64139.40,64150.00,63875.00,63999.90,4431.632
1781974800000,63999.90,64015.00,63661.90,63810.70,5116.225
1781978400000,63810.80,63899.00,63750.30,63776.40,1651.649
1781982000000,63776.30,63940.30,63764.20,63905.50,1802.738
1781985600000,63905.50,63945.00,63820.00,63899.40,958.033
1781989200000,63899.40,64066.60,63886.60,63983.00,1679.864
1781992800000,63983.00,64326.00,63943.60,64245.90,3225.948
1781996400000,64245.90,64317.60,64219.70,64270.00,1732.321
1782000000000,64270.10,64303.00,64217.60,64264.30,2410.512
1782003600000,64264.30,64297.00,64199.00,64221.30,2876.502
1782007200000,64221.30,64251.20,64199.00,64219.50,1446.395
1782010800000,64219.50,64450.00,64207.00,64398.80,3632.131
1782014400000,64398.80,64568.00,64223.30,64252.70,4422.656
1782018000000,64252.60,64339.70,64199.00,64226.50,2673.680
1782021600000,64226.60,64300.00,64168.70,64270.00,1874.008
1782025200000,64269.90,64270.00,64143.20,64170.10,3195.625
1782028800000,64170.00,64204.80,63871.30,63987.90,5172.436
1782032400000,63987.90,64224.50,63928.40,64189.80,3868.644
1782036000000,64189.80,64384.00,64175.50,64338.90,4012.600
1782039600000,64339.00,64453.30,64077.30,64149.90,4721.509
1782043200000,64149.80,64208.70,63916.00,64161.10,4648.175
1782046800000,64161.10,64161.10,63981.20,64123.20,2524.614
1782050400000,64123.20,64128.30,63969.70,64120.00,1789.791
1782054000000,64120.00,64337.30,64081.50,64200.30,2931.074
1782057600000,64200.20,64231.60,64013.00,64122.30,2597.496
1782061200000,64122.20,64197.10,64046.40,64114.60,1339.794
1782064800000,64114.60,64221.00,63907.40,64180.00,2519.631
1782068400000,64180.10,64284.90,64135.10,64173.60,1206.193
1782072000000,64173.70,64243.40,63641.30,63824.80,4784.615
1782075600000,63824.80,63950.00,63475.30,63778.20,7220.217
1782079200000,63778.10,63840.00,63543.00,63775.30,5017.033
1782082800000,63775.30,63775.30,63220.00,63287.10,8096.745
1782086400000,63287.20,64076.00,63286.20,63867.20,8324.368
1782090000000,63867.30,64788.00,63818.00,64574.50,16112.153
1782093600000,64574.50,64643.70,64213.80,64226.50,4686.405
1782097200000,64226.50,64434.60,63857.10,63935.10,8838.637
1782100800000,63935.10,64085.40,63833.40,64063.60,3987.486
1782104400000,64063.50,64311.80,64050.60,64219.50,3574.110
1782108000000,64219.50,64299.00,63912.80,63960.70,2873.557
1782111600000,63960.60,64384.30,63931.00,64187.90,4308.349
1782115200000,64188.00,64332.40,64014.90,64133.80,3083.064
1782118800000,64133.90,64232.50,64019.00,64114.80,1760.141
1782122400000,64114.70,64250.00,64044.10,64109.80,1568.598
1782126000000,64109.90,64750.00,64064.50,64624.30,9530.798
1782129600000,64624.20,65199.00,64545.70,65120.10,14700.714
1782133200000,65120.00,65565.70,64915.60,65548.00,15228.832
1782136800000,65547.90,65597.20,64802.30,64943.00,14941.027
1782140400000,64943.10,65117.20,64722.20,64808.00,6535.352
1782144000000,64808.00,64835.60,64481.00,64695.70,8721.001
1782147600000,64695.80,64746.40,64355.00,64580.60,5298.329
1782151200000,64580.60,64708.00,64249.60,64312.90,5474.731
1782154800000,64312.90,64475.80,64240.00,64447.90,4662.824
1782158400000,64450.60,64637.10,64326.00,64409.80,3634.307
1782162000000,64409.80,64461.00,64112.10,64291.00,3088.035
1782165600000,64291.00,64370.80,63758.30,63948.40,7545.433
1782169200000,63948.50,64030.70,63843.80,63990.20,3364.757
1782172800000,63990.10,64130.00,63803.20,64119.40,3891.308
1782176400000,64119.40,64242.80,63852.50,64125.20,5358.072
1782180000000,64125.10,64247.20,64005.50,64165.90,2594.761
1782183600000,64165.80,64172.20,63933.30,64037.30,3099.414
1782187200000,64037.20,64068.00,63569.20,63594.90,5712.933
1782190800000,63594.80,63707.50,63322.00,63372.10,8699.821
1782194400000,63372.00,63374.40,62532.40,62905.50,25443.262
1782198000000,62905.50,63070.10,62828.00,62849.20,5860.475
1782201600000,62849.30,62916.50,61870.00,62353.70,25191.723
1782205200000,62353.60,62482.00,62309.00,62350.20,4877.636
1782208800000,62350.30,62563.90,62207.10,62290.40,5432.761
1782212400000,62290.40,62600.00,62289.20,62478.50,5964.423
1782216000000,62478.40,62531.60,62157.00,62227.90,5881.479
1782219600000,62228.00,62513.40,61916.90,62446.60,15070.538
1782223200000,62446.50,62837.10,62359.20,62462.80,14169.381
1782226800000,62462.80,62480.30,62161.20,62455.80,7509.637
1782230400000,62455.90,62812.20,62393.40,62522.90,8663.062
1782234000000,62522.90,62668.70,62301.70,62330.00,3484.745
1782237600000,62330.00,62420.00,62075.60,62215.30,4189.498
1782241200000,62215.30,62467.20,62201.30,62365.70,2790.577
1782244800000,62365.70,62518.50,62344.20,62439.80,2217.701
1782248400000,62439.90,62629.90,62434.90,62563.10,2110.412
1782252000000,62563.10,62749.90,62488.10,62560.10,2806.833
1782255600000,62560.10,62770.60,62463.70,62696.70,1898.787
1782259200000,62696.70,62999.90,62696.70,62982.10,4509.603
1782262800000,62982.10,63090.90,62737.00,62904.60,3777.468
1782266400000,62904.60,62994.60,62572.10,62598.00,4358.540
1782270000000,62598.00,62804.00,62402.80,62704.60,5111.386
1782273600000,62704.60,62779.90,62500.00,62720.60,2797.018
1782277200000,62720.70,63053.50,62678.00,62859.90,3935.298
1782280800000,62859.80,62888.00,62700.00,62754.60,1940.615
1782284400000,62754.70,62822.00,62570.80,62630.30,3406.243
1782288000000,62630.40,62786.20,62574.00,62773.00,2748.793
1782291600000,62773.00,62773.00,62608.60,62650.20,1488.171
1782295200000,62650.20,62657.80,62365.40,62416.80,4330.738
1782298800000,62416.90,63209.60,62272.10,62887.70,11430.749
1782302400000,62887.80,62939.30,62543.40,62589.50,5404.984
1782306000000,62589.50,62604.00,61220.70,61308.20,35472.770
1782309600000,61308.20,61434.50,60866.00,61085.30,24983.872
1782313200000,61085.30,61128.90,60238.00,60254.90,24553.002
1782316800000,60254.90,60649.10,59260.00,59808.20,37783.564
1782320400000,59808.30,60025.20,59060.00,59363.70,33548.446
1782324000000,59363.60,59895.30,59269.40,59569.50,16224.690
1782327600000,59569.50,59973.30,59484.70,59923.80,7889.569
1782331200000,59923.70,61188.00,59813.90,60926.50,26953.645
1782334800000,60926.50,61115.20,60633.10,61073.60,6808.637
1782338400000,61073.60,61256.00,60752.80,60850.20,5756.512
1782342000000,60850.30,61086.30,60799.90,61051.20,2882.991
1782345600000,61051.20,61138.90,60666.00,60786.90,5410.751
1782349200000,60786.90,60960.50,60686.80,60892.90,3603.816
1782352800000,60892.90,60939.00,60660.00,60763.20,4314.462
1782356400000,60763.30,60877.70,60648.00,60853.90,3048.144
1782360000000,60854.00,61389.00,60756.40,61323.20,6224.548
1782363600000,61323.30,61800.00,61241.90,61567.10,13551.642
1782367200000,61567.10,61829.10,61567.10,61693.50,4754.255
1782370800000,61693.50,61931.10,61632.20,61886.70,6467.034
1782374400000,61886.80,61897.60,61653.00,61686.40,5343.995
1782378000000,61686.50,61764.90,61578.40,61707.80,3667.260
1782381600000,61707.90,61727.90,61228.40,61245.30,7304.194
1782385200000,61245.40,61395.30,61033.50,61258.20,11773.247
1782388800000,61258.20,61742.90,61048.50,61216.40,12542.989
1782392400000,61216.40,61346.40,58030.00,58248.40,65568.385
1782396000000,58248.40,60466.90,58248.40,59448.70,68127.991
1782399600000,59448.70,59630.20,58835.20,59536.20,20883.361
1782403200000,59536.20,60035.70,59130.00,59284.00,13732.675
1782406800000,59284.10,59720.00,59114.40,59656.30,7827.950
1782410400000,59656.30,59775.00,59333.00,59491.00,7260.279
1782414000000,59491.20,59496.60,59152.70,59299.80,7110.978
1782417600000,59299.90,59723.50,59298.70,59428.80,6367.176
1782421200000,59428.90,60245.00,59422.70,60180.70,6267.020
1782424800000,60180.70,60180.80,59705.40,59815.10,6099.121
1782428400000,59815.10,60164.30,59709.10,59771.90,4578.901
1782432000000,59772.00,59882.20,59608.10,59638.20,3871.116
1782435600000,59638.20,59761.30,59200.00,59413.00,6344.268
1782439200000,59413.10,59432.30,58325.60,58536.00,24980.279
1782442800000,58536.00,60125.70,58288.00,60015.00,26425.366
1782446400000,60015.00,60234.80,59802.30,59899.90,8739.818
1782450000000,59899.90,60039.10,59703.10,59921.80,5871.329
1782453600000,59921.90,60440.00,59666.20,60298.90,10771.225
1782457200000,60298.90,60734.00,60252.60,60491.00,14629.556
1782460800000,60491.00,60542.60,60112.00,60215.30,7945.368
1782464400000,60215.30,60229.80,59544.70,59709.30,10679.166
1782468000000,59709.30,59834.20,59210.40,59290.00,10744.708
1782471600000,59290.00,59569.00,59233.10,59392.40,6798.892
1782475200000,59392.40,59998.40,58940.00,59167.60,23971.564
1782478800000,59167.60,60189.50,58388.00,60153.30,35902.970
1782482400000,60153.50,60274.20,59358.80,59568.90,21091.080
1782486000000,59568.90,60494.10,59560.00,60296.60,16399.595
1782489600000,60296.90,60580.00,59933.10,60017.80,13029.495
1782493200000,60017.80,60276.50,59921.40,60000.00,6949.554
1782496800000,60000.00,60140.70,59530.70,59648.90,5774.528
1782500400000,59648.90,60077.80,59586.30,59719.70,7106.059
1782504000000,59719.90,59970.00,59556.00,59694.70,4861.161
1782507600000,59694.70,60028.00,59649.20,59887.60,2664.982
1782511200000,59887.60,60051.00,59717.10,60007.50,3088.676
1782514800000,60007.60,60090.80,59871.90,60072.00,3454.396
1782518400000,60071.90,60167.30,59846.20,60033.40,3606.601
1782522000000,60033.40,60046.90,59904.80,59919.10,1013.631
1782525600000,59919.00,60349.00,59888.70,60256.60,4979.232
1782529200000,60256.60,60387.80,60134.50,60274.70,3264.048
1782532800000,60274.80,60472.20,60189.40,60215.90,3433.958
1782536400000,60215.90,60286.00,60101.90,60208.30,1945.532
1782540000000,60208.40,60492.20,60074.50,60345.30,4271.161
1782543600000,60345.20,60557.80,60266.00,60522.30,3356.548
1782547200000,60522.40,60522.50,60336.20,60425.10,2454.040
1782550800000,60425.20,60482.90,60261.00,60391.20,2310.771
1782554400000,60391.30,60466.50,60350.00,60390.30,1032.741
1782558000000,60390.30,60425.40,60162.00,60331.90,3122.375
1782561600000,60331.90,60407.10,60222.60,60394.00,1807.192
1782565200000,60394.00,60643.10,60356.10,60554.60,4154.884
1782568800000,60554.60,60697.60,60480.00,60588.90,3321.500
1782572400000,60589.00,60924.70,60541.10,60817.20,7814.952
1782576000000,60817.30,60850.00,60648.20,60785.00,2778.326
1782579600000,60784.90,60796.60,60383.00,60495.60,6435.887
1782583200000,60495.60,60547.30,60420.20,60537.80,1662.956
1782586800000,60537.90,60576.90,60050.00,60149.90,5900.770
1782590400000,60149.90,60283.40,60141.70,60272.80,1563.196
1782594000000,60272.80,60469.80,60108.90,60173.40,2727.898
1782597600000,60173.40,60230.00,59819.80,60204.30,4692.970
1782601200000,60204.30,60303.20,59913.90,60000.30,3651.424
1782604800000,60000.40,60168.70,59983.30,60125.10,1900.278
1782608400000,60125.10,60256.80,59950.00,60193.00,2439.438
1782612000000,60193.10,60314.30,60017.20,60121.20,2057.691
1782615600000,60121.20,60250.40,60121.20,60169.50,1454.945
1782619200000,60169.50,60205.40,60060.00,60108.10,1216.104
1782622800000,60108.00,60112.30,59714.80,59956.60,5438.200
1782626400000,59956.60,60020.00,59772.90,59970.00,2915.154
1782630000000,59970.00,60247.10,59965.80,60192.50,3433.223
1782633600000,60192.40,60543.30,60109.50,60340.10,4910.201
1782637200000,60340.10,60444.00,60223.10,60230.00,2760.374
1782640800000,60230.00,60271.80,60037.00,60138.50,2477.136
1782644400000,60138.40,60351.30,60091.40,60314.90,2495.801
1782648000000,60315.00,60435.80,60161.20,60270.00,2227.610
1782651600000,60269.90,60269.90,59934.30,60044.50,4290.318
1782655200000,60044.60,60228.50,59983.00,59995.30,2937.391
1782658800000,59995.30,60103.20,59781.80,59849.90,5771.027
1782662400000,59850.00,59915.70,59550.00,59655.90,7424.561
1782666000000,59655.90,59821.90,59366.60,59557.30,8401.918
1782669600000,59557.30,59678.80,59466.90,59580.70,3170.957
1782673200000,59580.70,59658.20,59224.60,59451.40,5640.911
1782676800000,59451.30,59747.70,59443.80,59634.00,4223.368
1782680400000,59634.10,59773.80,59300.00,59418.10,4650.660
1782684000000,59418.10,59883.20,58888.00,59040.10,13650.068
1782687600000,59040.00,59820.40,58975.00,59550.20,7711.363
1782691200000,59550.20,59678.10,58978.20,59637.30,9238.488
1782694800000,59637.30,59674.30,59170.50,59413.00,5035.286
1782698400000,59413.00,59788.00,58850.00,59731.70,13997.776
1782702000000,59731.80,60219.40,59731.80,60019.80,9982.299
1782705600000,60019.90,60031.50,59717.00,59806.20,2746.071
1782709200000,59806.20,60088.00,59360.30,60082.70,6969.253
1782712800000,60082.70,60325.00,60022.20,60051.00,7371.999
1782716400000,60051.10,60162.50,59900.70,59998.90,3635.785
1782720000000,59998.90,60070.10,59712.80,59806.90,4899.419
1782723600000,59806.90,60089.10,59750.10,60031.30,5094.505
1782727200000,60031.30,60287.10,60031.30,60062.40,5511.908
1782730800000,60062.30,60193.20,59770.40,59927.20,6062.808
1782734400000,59927.20,60758.30,59552.60,59923.50,34963.613
1782738000000,59923.50,60313.00,59302.80,59559.30,21676.377
1782741600000,59559.40,59689.60,58988.00,59444.00,22336.282
1782745200000,59444.10,59939.20,59067.60,59800.20,18439.212
1782748800000,59800.30,59999.00,59562.60,59870.90,6543.241
1782752400000,59870.90,60666.60,59870.90,60396.00,17431.193
1782756000000,60396.00,60500.10,60150.20,60275.40,6924.679
1782759600000,60275.40,60540.00,60127.40,60409.30,6026.141
1782763200000,60409.30,60535.00,60265.10,60271.20,4954.154
1782766800000,60271.20,60565.60,60232.10,60454.90,2822.026
1782770400000,60454.90,60493.20,60314.00,60326.50,2066.396
1782774000000,60326.40,60353.90,60134.00,60224.70,3047.364
1782777600000,60224.70,60250.00,59667.50,59806.10,9133.247
1782781200000,59806.10,60024.90,59740.00,59919.60,4682.306
1782784800000,59919.60,60021.40,59719.60,59920.40,3470.210
1782788400000,59920.40,60007.90,59570.00,59596.10,5570.503
1782792000000,59596.10,59672.10,59400.00,59458.30,8066.536
1782795600000,59458.30,59633.50,59329.20,59627.70,7258.542
1782799200000,59627.80,59698.90,59488.60,59571.70,3736.821
1782802800000,59571.60,59611.70,59423.30,59497.70,3824.498
1782806400000,59497.70,59532.70,59159.00,59285.80,8863.332
1782810000000,59285.80,59397.00,59225.00,59348.70,4167.963
1782813600000,59348.70,59403.00,59264.50,59303.60,2380.900
1782817200000,59303.70,59399.30,59100.00,59162.30,6214.318
1782820800000,59162.20,59162.30,58351.00,58374.80,25243.040
1782824400000,58374.80,58791.70,58200.00,58711.90,26034.559
1782828000000,58711.80,59264.40,58400.10,58458.60,23045.692
1782831600000,58458.70,58785.60,58160.00,58356.20,18133.224
1782835200000,58356.20,58617.40,58223.30,58479.30,7812.900
1782838800000,58479.20,58604.80,58290.00,58396.70,4252.186
1782842400000,58396.80,58675.00,58334.00,58659.80,4692.250
1782846000000,58659.90,58819.90,58560.00,58794.40,4770.762
1782849600000,58794.00,58850.00,58621.30,58708.00,3590.107
1782853200000,58708.00,58744.30,58472.30,58612.10,3145.534
1782856800000,58612.30,58780.00,58477.10,58575.80,2005.278
1782860400000,58575.70,58636.70,58518.80,58605.40,1551.593
1782864000000,58605.40,58720.00,58270.00,58548.70,5536.729
1782867600000,58548.70,58991.60,57758.60,58741.70,28902.834
1782871200000,58741.80,59152.00,58632.40,59063.30,12017.600
1782874800000,59063.30,59298.40,58823.90,59169.60,9833.129
1782878400000,59169.70,59444.50,59030.90,59311.20,5966.189
1782882000000,59311.10,59350.00,59085.00,59122.40,4463.091
1782885600000,59122.30,59130.00,58500.10,58726.80,13792.727
1782889200000,58726.70,58797.60,58567.20,58744.40,4204.786
1782892800000,58744.40,58965.00,58450.70,58950.80,6346.255
1782896400000,58950.80,59069.70,58792.80,58921.40,5253.469
1782900000000,58921.40,58923.30,58590.90,58631.60,3734.411
1782903600000,58631.60,58733.50,58524.20,58592.90,3608.449
1782907200000,58592.80,58655.60,58294.10,58495.60,8651.069
1782910800000,58495.60,59486.70,58495.50,59463.10,22483.032
1782914400000,59463.00,60067.90,59239.90,59523.80,29537.612
1782918000000,59523.70,60520.00,59496.90,60118.50,22422.372
1782921600000,60118.60,60244.00,59836.10,59902.80,7712.896
1782925200000,59902.90,60218.20,59762.60,60166.50,6967.927
1782928800000,60166.50,60278.90,59992.70,60141.50,4929.144
1782932400000,60141.50,60332.80,59952.30,60000.00,5201.063
1782936000000,60000.00,60170.30,59844.50,60100.30,4206.586
1782939600000,60100.30,60827.80,60092.70,60799.90,16099.760
1782943200000,60799.90,61322.00,60319.30,60446.30,23792.275
1782946800000,60446.30,60446.30,59949.20,59999.60,8275.076
1782950400000,59999.60,60005.70,59555.00,59719.70,11009.328
1782954000000,59719.70,60298.00,59688.90,60150.00,8878.647
1782957600000,60150.00,60467.20,59978.30,60392.50,5419.480
1782961200000,60392.40,61102.50,60259.10,61032.90,12526.353
1782964800000,61032.90,61033.00,60703.10,60757.70,7263.034
1782968400000,60757.70,60852.90,60450.00,60479.90,9042.359
1782972000000,60480.00,60623.50,60232.60,60247.60,8467.548
1782975600000,60247.60,60288.00,60080.90,60125.80,9344.837
1782979200000,60125.80,60542.20,60113.50,60486.80,6198.207
1782982800000,60486.70,61447.00,60342.50,61159.60,25607.036
1782986400000,61159.60,61330.00,61019.80,61238.50,9252.747
1782990000000,61238.40,61367.30,61100.00,61329.10,12681.094
1782993600000,61329.10,61591.10,61109.90,61507.40,18071.778
1782997200000,61507.30,62077.30,61472.00,61913.50,25674.180
1783000800000,61913.60,62180.00,61368.80,61669.80,18344.228
1783004400000,61669.70,61844.40,61400.00,61584.00,7696.828
1783008000000,61584.00,61754.90,61113.80,61646.80,13879.115
1783011600000,61646.80,61900.00,61592.80,61643.00,6139.152
1783015200000,61643.00,61847.20,61633.70,61733.50,3075.802
1783018800000,61733.50,61739.70,61388.10,61452.50,5108.610
1783022400000,61452.40,61576.80,61308.30,61555.40,4121.371
1783026000000,61555.30,61634.30,61500.00,61570.60,1957.081
1783029600000,61570.50,61570.60,61388.00,61445.00,3574.010
1783033200000,61444.90,61588.20,61333.00,61540.60,2617.247
1783036800000,61540.50,61558.80,61229.00,61283.90,3597.556
1783040400000,61283.90,61727.20,61261.00,61566.50,4451.238
1783044000000,61566.60,61647.00,61271.00,61411.80,3999.381
1783047600000,61411.90,61558.00,61300.00,61407.60,3005.736
1783051200000,61407.50,61504.60,61300.40,61420.50,2696.433
1783054800000,61420.50,61788.00,61403.10,61674.80,4765.665
1783058400000,61674.70,61825.10,61584.00,61680.50,3450.463
1783062000000,61680.60,61849.70,61634.10,61733.60,3348.266
1783065600000,61733.70,61875.30,61525.90,61553.50,4222.917
1783069200000,61553.60,61760.70,61480.70,61686.80,3311.924
1783072800000,61686.90,62017.70,61640.20,61886.60,5642.212
1783076400000,61886.50,62078.60,61808.10,61992.80,5889.006
1783080000000,61992.80,62149.30,61841.00,61952.50,8242.179
1783083600000,61952.60,62271.90,61910.50,62083.80,5936.240
1783087200000,62083.90,62257.00,61653.00,62142.90,8788.007
1783090800000,62142.90,62386.70,61778.10,61895.20,13581.616
1783094400000,61895.20,62103.50,61877.60,62081.90,4059.255
1783098000000,62081.90,62266.80,62036.00,62171.50,4094.585
1783101600000,62171.50,62223.70,62087.40,62180.20,2583.154
1783105200000,62180.30,62292.40,62120.10,62178.40,3755.875
1783108800000,62178.40,62898.00,62151.20,62759.30,21132.140
1783112400000,62759.30,62957.20,62488.80,62706.80,7035.750
1783116000000,62706.90,62726.00,62513.00,62549.30,2682.334
1783119600000,62549.30,62688.00,62507.10,62565.50,2226.562
1783123200000,62565.50,62925.70,62560.50,62735.10,5338.885
1783126800000,62735.00,62735.10,62381.60,62450.00,5177.732
1783130400000,62450.00,62556.50,62404.00,62514.00,1900.751
1783134000000,62514.10,62734.70,62460.00,62609.60,2757.480
1783137600000,62609.60,62735.20,62568.80,62661.50,1944.821
1783141200000,62661.60,62661.60,62395.70,62445.60,2620.858
1783144800000,62445.70,62538.60,62302.60,62473.20,2993.905
1783148400000,62473.10,62612.60,62441.80,62549.00,2131.436
1783152000000,62549.10,62654.10,62485.10,62528.00,2712.962
1783155600000,62527.90,62559.30,62386.10,62466.00,1929.560
1783159200000,62466.00,62518.80,62418.30,62483.90,1203.457
1783162800000,62483.80,62545.40,62430.10,62458.70,1559.204
1783166400000,62458.60,62671.50,62458.60,62634.10,1790.061
1783170000000,62634.00,62755.50,62509.40,62563.00,2399.918
1783173600000,62562.90,62719.30,62562.40,62671.90,1875.000
1783177200000,62671.80,63069.60,62666.70,62908.80,9460.185
1783180800000,62908.70,62943.00,62752.90,62895.20,2956.899
1783184400000,62895.20,63420.00,62769.80,63245.60,10022.122
1783188000000,63245.50,63324.80,63070.00,63137.50,3957.615
1783191600000,63137.50,63450.00,63090.00,63268.10,4202.383
1783195200000,63268.00,63367.00,63128.40,63208.90,2485.990
1783198800000,63208.80,63430.00,63172.80,63274.70,2460.986
1783202400000,63274.60,63286.40,63129.40,63167.70,1955.701
1783206000000,63167.70,63215.80,62902.70,63114.80,3811.613
1783209600000,63114.90,63114.90,62824.40,62962.50,3551.601
1783213200000,62962.60,63022.60,62762.30,62859.80,4010.604
1783216800000,62859.80,62902.60,62549.60,62673.80,4562.372
1783220400000,62673.70,62766.00,62626.50,62739.10,2361.782
1783224000000,62739.10,62928.00,62680.00,62787.30,2921.002
1783227600000,62787.00,62788.40,62628.00,62716.40,2140.339
1783231200000,62716.40,62800.00,62644.30,62749.90,1389.733
1783234800000,62749.80,63039.30,62690.50,62995.10,3714.195
1783238400000,62995.10,63084.00,62868.00,62893.30,2742.219
1783242000000,62893.40,62908.70,62410.10,62600.30,6542.351
1783245600000,62600.20,62737.90,62507.20,62737.60,2252.572
1783249200000,62737.60,62799.90,62582.30,62630.00,1774.562
1783252800000,62630.00,62752.00,62534.30,62718.20,2260.963
1783256400000,62718.30,62797.90,62617.50,62769.90,2043.696
1783260000000,62769.90,62793.60,62621.50,62785.30,1709.374
1783263600000,62785.20,62923.70,62646.90,62711.90,4065.907
1783267200000,62711.90,62745.60,62570.00,62612.00,3034.915
1783270800000,62612.00,62800.00,62564.40,62601.30,2087.571
1783274400000,62601.40,62865.00,62587.80,62787.60,1904.702
1783278000000,62787.60,62848.50,62691.20,62744.00,1276.560
1783281600000,62744.10,62815.10,62667.50,62704.70,862.240
1783285200000,62704.80,63224.70,62580.00,63070.40,6287.574
1783288800000,63070.40,63979.30,62976.30,63717.10,20592.411
1783292400000,63717.10,63990.70,63542.80,63617.10,8537.899
1783296000000,63617.20,63760.00,63308.30,63728.40,7726.289
1783299600000,63728.30,63900.00,63520.00,63544.20,4911.735
1783303200000,63544.10,63644.10,63340.40,63425.10,5031.491
1783306800000,63425.10,63478.40,63101.20,63273.00,6110.788
1783310400000,63272.90,63368.30,63154.60,63242.90,2765.979
1783314000000,63242.80,63242.80,62912.60,63086.00,6116.520
1783317600000,63086.00,63125.60,62940.00,62962.60,3366.096
1783321200000,62962.60,63102.70,62858.40,63064.50,4208.151
1783324800000,63064.50,63226.40,62807.10,62876.10,5227.929
1783328400000,62876.00,62893.90,62610.00,62646.60,5981.406
1783332000000,62646.50,63019.30,62641.50,62797.60,5488.250
1783335600000,62797.70,62979.40,62461.40,62461.40,10912.522
1783339200000,62461.20,62467.20,61652.00,61733.60,34860.280
1783342800000,61733.60,62023.80,61297.00,61751.70,25787.251
1783346400000,61751.70,62397.30,61679.40,62019.70,16281.511
1783350000000,62019.70,63531.10,62019.70,63523.10,28807.014
1783353600000,63523.00,63850.00,63356.80,63710.40,21207.184
1783357200000,63710.40,63977.90,63539.90,63565.20,11369.867
1783360800000,63565.20,63867.50,63532.80,63675.70,4653.007
1783364400000,63675.80,63874.40,63628.00,63709.80,3459.098
1783368000000,63709.90,63868.00,63560.00,63798.00,3993.392
1783371600000,63798.10,64691.90,63781.70,64475.90,17905.498
1783375200000,64475.90,64488.80,64129.40,64227.20,3777.611
1783378800000,64227.20,64330.50,64002.00,64023.60,2844.930
1783382400000,64023.50,64298.10,63981.60,64175.20,4516.091
1783386000000,64175.10,64175.20,63738.90,63815.00,6656.918
1783389600000,63815.00,63884.10,63257.00,63298.20,12011.750
1783393200000,63298.20,63412.80,63122.00,63165.00,6438.175
1783396800000,63164.90,63266.70,63030.70,63069.00,5517.363
1783400400000,63069.00,63232.70,62745.60,63092.50,10146.888
1783404000000,63092.40,63373.30,62954.40,63310.00,6420.153
1783407600000,63309.90,63424.20,63050.00,63062.60,5308.971
1783411200000,63062.70,63165.70,62958.40,63074.00,3246.141
1783414800000,63074.00,63317.40,63030.00,63226.90,3984.997
1783418400000,63227.00,63432.80,63185.40,63258.60,4429.345
1783422000000,63258.60,63427.80,63080.00,63377.70,4669.388
1783425600000,63377.80,63868.00,63365.70,63451.90,11307.971
1783429200000,63451.80,63455.40,62960.30,63033.20,13510.125
1783432800000,63033.30,63617.80,62638.00,63536.50,19586.851
1783436400000,63536.50,64096.00,63349.40,63910.00,15827.862
1783440000000,63910.00,64234.10,63780.30,63962.40,8485.483
1783443600000,63962.40,64211.00,63868.20,64164.70,4437.323
1783447200000,64164.60,64168.80,63646.50,63653.80,6767.564
1783450800000,63653.60,63873.20,63351.40,63794.90,8996.679
1783454400000,63794.90,63874.60,63588.50,63668.30,2860.895
1783458000000,63668.40,63839.90,63264.00,63399.50,5782.613
1783461600000,63399.50,63635.40,63177.00,63514.90,3966.559
1783465200000,63514.90,63679.50,63288.00,63335.40,2329.733
1783468800000,63335.40,63740.20,63274.10,63585.90,3564.601
1783472400000,63585.90,63624.00,62883.60,63003.70,8120.007
1783476000000,63003.70,63037.10,62466.90,62951.30,13015.007
1783479600000,62951.40,63067.90,62666.00,62741.00,4155.352
1783483200000,62741.00,62873.30,62643.60,62767.30,3191.098
1783486800000,62766.90,62851.20,62520.40,62613.80,4053.867
1783490400000,62613.80,62718.20,62434.90,62628.50,5098.065
1783494000000,62628.50,62867.70,62519.30,62854.10,5614.701
1783497600000,62854.10,62921.80,61821.00,61989.80,24133.055
1783501200000,61989.80,62142.90,61708.20,62031.70,11392.528
1783504800000,62031.80,62164.70,61876.00,62149.80,5056.481
1783508400000,62149.90,62366.00,62025.20,62270.00,5367.666
1783512000000,62270.00,62394.10,61933.00,61933.90,5991.213
1783515600000,61933.90,62073.60,61615.00,61923.00,12545.108
1783519200000,61922.90,62151.90,61686.70,61865.50,10860.112
1783522800000,61865.60,61900.50,61520.00,61674.50,9713.099
1783526400000,61674.60,62129.80,61666.00,62086.40,7113.853
1783530000000,62086.30,62372.70,62005.20,62086.50,6899.963
1783533600000,62086.40,62331.00,62014.10,62158.80,3724.733
1783537200000,62158.90,62270.40,62043.00,62251.90,2519.071
1783540800000,62251.90,62287.10,62051.20,62076.20,2354.879
1783544400000,62076.20,62226.40,61926.90,62162.40,4462.192
1783548000000,62162.40,62331.80,62144.40,62303.50,2226.252
1783551600000,62303.50,62320.60,62139.30,62255.30,1922.822
1783555200000,62255.10,62284.40,62025.40,62101.80,3023.797
1783558800000,62101.80,62620.20,61796.10,61882.20,10363.949
1783562400000,61882.20,62098.00,61666.00,61753.70,4989.881
1783566000000,61753.80,62042.70,61693.10,61943.10,3408.734
1783569600000,61943.20,62427.70,61929.00,62420.40,5177.524
1783573200000,62420.30,62599.60,62204.90,62565.80,7762.964
1783576800000,62565.80,62958.00,62452.10,62934.00,10744.759
1783580400000,62933.90,63286.50,62774.50,62973.70,11947.227
1783584000000,62973.60,63083.90,62822.80,62872.60,4400.093
1783587600000,62872.60,62980.40,62753.10,62925.00,3618.009
1783591200000,62925.00,63030.50,62653.80,62757.20,3716.851
1783594800000,62757.20,62804.80,62583.40,62756.00,5140.324
1783598400000,62755.90,62934.30,62428.50,62583.30,19486.300
1783602000000,62583.30,63215.00,62490.20,62999.90,9489.196
1783605600000,63000.00,63117.90,62620.10,62982.50,7113.788
1783609200000,62982.40,63233.00,62782.50,62835.40,6941.238
1783612800000,62835.40,62969.30,62525.20,62670.70,5324.178
1783616400000,62670.70,63146.00,62640.20,63114.70,5492.868
1783620000000,63114.80,63484.90,63041.90,63199.80,10034.920
1783623600000,63199.90,63365.00,63130.00,63222.90,2981.368
1783627200000,63222.90,63300.00,63148.10,63288.70,1854.485
1783630800000,63288.80,63371.70,63162.70,63248.90,1886.986
1783634400000,63249.00,63395.90,63180.90,63186.10,2732.059
1783638000000,63186.20,63299.90,63032.20,63197.00,3222.795
1783641600000,63197.10,63239.20,62897.00,63085.30,4961.377
1783645200000,63085.30,63938.80,62931.70,63726.60,11961.053
1783648800000,63726.70,64022.00,63662.60,63935.00,7618.357
1783652400000,63935.00,64019.70,63789.00,63917.20,4041.922
1783656000000,63917.30,64168.00,63826.40,64019.30,6097.263
1783659600000,64019.20,64185.00,63915.00,64090.00,4203.902
1783663200000,64089.90,64138.70,63804.40,63832.80,4672.326
1783666800000,63832.80,63980.00,63765.50,63956.10,4743.281
1783670400000,63956.10,64387.90,63949.10,64211.40,12036.605
1783674000000,64211.50,64459.90,64065.70,64360.40,8387.949
1783677600000,64360.40,64478.30,64244.60,64374.00,4417.956
1783681200000,64374.00,64450.30,64309.00,64394.20,2719.427
1783684800000,64394.20,64587.90,64236.30,64258.90,6480.494
1783688400000,64258.90,64680.00,64127.00,64453.70,9691.781
1783692000000,64453.60,64491.80,63768.00,63897.90,13660.447
1783695600000,63897.90,64196.10,63875.50,64018.70,5262.220
1783699200000,64018.70,64208.10,63802.40,64118.90,4431.076
1783702800000,64118.90,64139.60,63803.60,63804.00,2988.902
1783706400000,63804.10,63990.00,63718.10,63792.00,2758.665
1783710000000,63792.00,64029.90,63755.80,63900.40,3498.343
1783713600000,63900.40,63909.20,63619.90,63820.00,6698.936
1783717200000,63820.10,64086.40,63813.60,63987.60,2417.892
1783720800000,63987.70,64142.70,63953.90,64089.90,2814.802
1783724400000,64089.80,64176.90,63989.20,64129.50,2223.081
1783728000000,64129.50,64137.10,64000.00,64090.10,1731.884
1783731600000,64090.10,64288.70,63969.90,63979.20,2766.132
1783735200000,63979.10,64137.80,63950.10,64130.50,1433.009
1783738800000,64130.50,64169.10,64037.40,64117.20,1351.120
1783742400000,64117.20,64182.00,64047.20,64123.40,1026.864
1783746000000,64123.40,64198.80,64085.20,64141.60,1652.038
1783749600000,64141.60,64250.00,64091.60,64186.70,1422.943
1783753200000,64186.70,64224.00,64120.60,64132.60,1227.267
1783756800000,64132.60,64280.00,64123.00,64239.60,1627.259
1783760400000,64239.60,64272.70,64129.00,64143.00,1347.449
1783764000000,64143.10,64185.00,64110.20,64163.90,1266.216
1783767600000,64163.90,64192.80,64146.30,64176.00,761.804
1783771200000,64176.10,64207.00,64112.00,64168.40,1196.286
1783774800000,64168.50,64245.40,64144.40,64213.90,1495.498
1783778400000,64213.90,64497.40,64213.90,64321.00,4280.166
1783782000000,64321.00,64461.40,63668.80,64139.00,11703.971
1783785600000,64139.10,64245.30,64050.40,64148.20,2521.736
1783789200000,64148.10,64375.80,64133.40,64289.80,2299.591
1783792800000,64289.80,64368.60,64258.10,64299.70,1059.229
1783796400000,64299.70,64313.10,64205.70,64262.00,899.660
1783800000000,64261.90,64438.90,64261.90,64353.20,1218.353
1783803600000,64353.30,64404.70,64310.00,64325.50,906.265
1783807200000,64325.50,64405.20,64110.50,64169.10,2214.267
1783810800000,64169.10,64223.20,63776.00,63783.00,6265.888
1783814400000,63783.10,63884.90,63657.40,63802.90,4816.995
1783818000000,63802.90,64146.20,63783.00,64106.00,3478.097
1783821600000,64106.00,64112.70,64002.00,64049.20,1748.455
1783825200000,64049.20,64217.80,64002.90,64201.80,2142.993
1783828800000,64201.90,64238.00,63912.50,63974.30,2506.065
1783832400000,63974.20,63998.60,63867.00,63938.00,1922.293
1783836000000,63938.00,63938.00,63602.80,63728.70,5247.130
1783839600000,63728.60,63879.00,63708.20,63856.40,1638.415
1783843200000,63856.40,64083.70,63854.10,63951.60,2612.699
1783846800000,63951.60,64024.40,63730.70,63930.00,3030.600
1783850400000,63930.10,63930.10,63807.30,63838.90,1174.004
1783854000000,63838.90,64012.80,63796.30,63993.80,1872.650
1783857600000,63993.80,64118.50,63946.00,63998.40,2403.082
1783861200000,63998.50,64073.40,63959.30,63997.30,1262.062
1783864800000,63997.30,64271.90,63928.00,64175.00,2804.565
1783868400000,64175.00,64238.90,64091.50,64149.90,2903.188
1783872000000,64150.00,64184.80,64013.00,64146.80,2987.458
1783875600000,64146.70,64146.80,63983.10,64050.30,1096.969
1783879200000,64050.20,64126.60,63985.10,64124.60,1249.778
1783882800000,64124.70,64248.00,64114.90,64201.90,1298.912
1783886400000,64202.00,64227.40,64141.60,64168.50,878.789
1783890000000,64168.50,64207.40,63856.30,63889.60,2630.665
1783893600000,63889.50,63895.80,63634.10,63855.00,6060.141
1783897200000,63855.00,63883.60,63693.00,63750.00,2325.941
1783900800000,63749.90,64411.80,63538.00,64041.80,16536.408
1783904400000,64041.80,64044.00,63366.00,63382.10,12315.440
1783908000000,63382.10,63527.60,63204.00,63344.80,7882.245
1783911600000,63344.90,63362.40,62705.00,62780.20,15709.528
1783915200000,62780.10,62884.80,62592.10,62649.80,6758.166
1783918800000,62649.70,62880.00,62434.90,62764.10,8371.052
1783922400000,62764.10,62848.20,62675.00,62766.60,2684.940
1783926000000,62766.60,63030.00,62719.40,62952.70,6413.166
1783929600000,62952.80,63260.00,62902.50,63174.90,5653.085
1783933200000,63174.90,63179.30,63064.40,63074.00,3292.544
1783936800000,63074.00,63130.90,62834.40,62844.60,9350.106
1783940400000,62844.70,63116.10,62844.70,62881.30,4701.727
1783944000000,62881.40,62970.70,62531.00,62597.90,8803.456
1783947600000,62597.90,62752.40,62141.20,62300.10,18486.590
1783951200000,62300.10,62777.00,62061.30,62770.30,15429.637
1783954800000,62770.20,62965.00,62543.50,62596.60,9348.486
1783958400000,62596.70,62614.50,62183.90,62258.00,8644.969
1783962000000,62258.00,62347.20,61877.00,61877.00,8894.990
1783965600000,61877.10,62077.60,61806.00,61997.30,7281.929
1783969200000,61997.40,62267.00,61962.50,62258.00,4034.752
1783972800000,62257.90,62299.00,62020.00,62179.30,3539.601
1783976400000,62179.30,62192.10,61868.00,62034.10,3364.102
1783980000000,62034.00,62199.00,61883.10,61897.90,3177.324
1783983600000,61897.90,62333.40,61854.50,62307.00,5107.980
1783987200000,62307.00,62639.30,62240.90,62520.70,5906.236
1783990800000,62520.70,62614.20,62427.00,62505.20,3019.814
1783994400000,62505.20,62610.00,62286.90,62516.80,3512.258
1783998000000,62516.80,62576.20,62279.00,62538.20,3341.315
1784001600000,62538.30,62744.40,62511.00,62713.60,3346.574
1784005200000,62713.60,62848.00,62669.40,62699.90,3751.791
1784008800000,62699.90,62752.00,62537.00,62600.10,3174.255
1784012400000,62600.10,62633.00,62489.70,62529.70,2683.890
1784016000000,62529.70,62780.00,62458.30,62680.10,3017.401
1784019600000,62680.10,62721.20,62502.30,62604.20,2286.405
1784023200000,62604.20,62880.00,62577.50,62767.50,3460.434
1784026800000,62767.60,62896.00,62680.70,62810.30,3168.243
1784030400000,62810.30,63956.00,62756.50,63935.20,42323.953
1784034000000,63935.20,64162.20,63666.00,63802.80,18520.356
1784037600000,63802.80,64310.00,63550.00,64277.30,13029.805
1784041200000,64277.20,64950.00,64163.60,64727.50,25734.552
1784044800000,64727.40,64879.00,64589.30,64703.90,8467.888
1784048400000,64704.00,64704.00,64200.00,64597.50,14211.303
1784052000000,64597.50,64631.60,64448.70,64544.00,2451.479
1784055600000,64544.00,64687.90,64456.30,64543.00,2680.106
1784059200000,64543.10,64576.40,64390.40,64538.60,2370.521
1784062800000,64538.60,64877.70,64496.20,64650.00,3377.629
1784066400000,64649.90,65130.00,64485.40,64837.10,12393.571
1784070000000,64837.20,65040.30,64750.00,65014.70,4645.404
1784073600000,65014.60,65043.30,64743.60,64798.10,4489.662
1784077200000,64798.10,64830.20,64618.80,64643.70,3480.114
1784080800000,64643.70,64732.60,64456.70,64473.00,3174.884
1784084400000,64473.10,64820.10,64473.00,64760.80,2866.928
1784088000000,64760.90,64868.00,64686.60,64723.50,2176.426
1784091600000,64723.60,64941.70,64580.00,64920.50,2716.995
1784095200000,64920.50,65260.00,64784.70,64784.70,8661.145
1784098800000,64784.80,64850.00,64450.90,64528.00,6827.282
1784102400000,64528.00,64785.80,64528.00,64745.00,3889.073
1784106000000,64744.90,64899.90,64626.20,64644.60,3146.199
1784109600000,64644.60,64826.80,64582.70,64633.00,2611.385
1784113200000,64633.00,64728.70,64585.60,64707.50,1873.463
1784116800000,64707.40,65241.30,64568.80,65133.70,12263.474
1784120400000,65133.70,65550.50,64852.50,65090.20,18067.990
1784124000000,65090.20,65497.00,65033.50,65364.80,10429.982
1784127600000,65364.80,65589.70,65230.00,65391.60,7683.692
1784131200000,65391.50,65438.00,64752.00,65089.50,14894.086
1784134800000,65089.60,65148.20,64939.50,65023.10,8953.781
1784138400000,65023.10,65130.00,64817.10,64837.40,3429.166
1784142000000,64837.40,64967.90,64708.00,64942.00,2826.502
1784145600000,64942.10,65030.50,64869.80,64939.90,1207.369
1784149200000,64939.90,64985.90,64756.70,64800.00,1958.445
1784152800000,64800.00,64949.70,64739.00,64831.50,2140.517
1784156400000,64831.60,64912.50,64660.00,64721.40,2455.054
1784160000000,64721.40,64814.70,64464.00,64554.30,4878.987
1784163600000,64554.30,64807.90,64362.20,64698.60,4747.944
1784167200000,64698.60,64705.00,64550.00,64616.10,1791.299
1784170800000,64616.10,64723.30,64521.00,64593.00,2045.084
1784174400000,64593.00,64667.00,64512.00,64610.90,2014.066
1784178000000,64610.90,64974.50,64573.40,64897.90,6259.940
1784181600000,64898.00,64951.20,64603.40,64750.00,3438.699
1784185200000,64749.90,64750.00,64005.60,64200.00,12271.054
1784188800000,64200.10,64340.00,63843.10,64096.70,14623.947
1784192400000,64096.60,64155.90,63985.10,64063.80,3330.267
1784196000000,64063.90,64241.30,64047.70,64186.90,2653.349
1784199600000,64187.00,64245.60,64057.20,64226.60,2957.306
1784203200000,64226.60,64226.60,63833.00,63938.10,6794.898
1784206800000,63938.20,64458.70,63930.10,64354.40,11289.067
1784210400000,64354.30,64844.30,64300.10,64510.00,12450.661
1784214000000,64510.00,64874.70,64281.60,64677.70,8163.410
1784217600000,64677.70,64687.60,64299.40,64448.40,5409.449
1784221200000,64448.40,64453.10,63958.00,64045.60,7575.592
1784224800000,64045.50,64306.80,64022.30,64217.10,3448.519
1784228400000,64217.00,64277.70,64120.20,64241.60,1749.703
1784232000000,64241.70,64249.90,64075.10,64090.10,1258.646
1784235600000,64090.10,64217.60,64077.30,64135.90,1257.933
1784239200000,64136.00,64221.30,63922.60,63939.50,3705.960
1784242800000,63939.60,63978.60,63712.60,63801.00,6353.682
1784246400000,63801.10,63890.40,63580.00,63862.90,6331.479
1784250000000,63862.90,64041.60,63435.60,63510.80,8486.817
1784253600000,63510.70,63628.00,63358.00,63457.50,5328.647
1784257200000,63457.50,63693.20,63450.10,63538.10,3554.461
1784260800000,63538.00,63560.00,63281.00,63460.00,5069.199
1784264400000,63460.10,63460.10,62754.60,62807.30,15626.008
1784268000000,62807.40,62961.70,62655.00,62915.40,10696.868
1784271600000,62915.50,62947.10,62761.30,62792.90,4831.261
1784275200000,62792.80,62905.00,62611.00,62857.50,6784.932
1784278800000,62857.40,63039.80,62831.80,62962.20,4213.740
1784282400000,62962.30,63165.90,62962.20,63146.90,4237.483
1784286000000,63146.90,63337.40,63031.30,63273.20,5404.240
1784289600000,63273.10,63320.00,63037.00,63073.90,5253.453
1784293200000,63073.90,63155.80,62505.10,63128.60,16457.338
1784296800000,63128.70,63496.00,63051.40,63142.50,11255.645
1784300400000,63142.50,63432.50,62817.00,63432.40,9297.664
1784304000000,63432.40,63681.30,63272.40,63553.70,9059.142
1784307600000,63553.70,64194.60,63553.70,64011.80,12832.426
1784311200000,64011.80,64356.70,63855.80,64220.10,8585.457
1784314800000,64220.10,64226.10,63943.50,64121.40,4380.552
1784318400000,64121.40,64165.70,63928.90,64086.10,3417.904
1784322000000,64086.20,64188.20,64031.60,64070.60,1550.761
1784325600000,64070.60,64117.50,63891.60,63952.80,1753.780
1784329200000,63952.70,63985.00,63860.00,63909.90,1443.556
1784332800000,63909.90,63991.00,63859.60,63881.60,1490.455
1784336400000,63881.60,63980.00,63862.00,63929.20,1280.563
1784340000000,63929.20,64014.90,63900.00,63931.50,1347.221
1784343600000,63931.60,63995.80,63900.00,63989.50,1220.595
1784347200000,63989.50,63992.80,63915.00,63946.30,780.402
1784350800000,63946.30,63973.30,63894.30,63936.30,1075.625
1784354400000,63936.30,63979.00,63914.10,63954.10,888.648
1784358000000,63954.20,64000.00,63952.80,63980.10,1583.413
1784361600000,63980.00,63997.80,63930.40,63977.20,1367.761
1784365200000,63977.20,63985.00,63912.00,63961.20,1041.152
1784368800000,63961.10,63990.00,63957.30,63981.20,581.795
1784372400000,63981.20,64073.20,63981.20,64033.30,1101.390
1784376000000,64033.20,64237.70,64019.40,64181.40,3668.169
1784379600000,64181.50,64185.40,63925.20,64081.30,3187.123
1784383200000,64081.20,64167.20,64065.80,64099.00,1539.936
1784386800000,64099.00,64135.60,64000.00,64090.00,1415.443
1784390400000,64090.00,64298.60,64054.50,64278.20,3832.348
1784394000000,64278.30,64466.00,64250.30,64450.00,5266.335
1784397600000,64450.00,64666.00,64424.50,64477.30,4442.025
1784401200000,64477.40,64566.00,64445.50,64526.30,1721.549
1784404800000,64526.40,64738.20,64467.20,64665.50,3210.202
1784408400000,64665.50,64819.20,64584.20,64697.60,3096.293
1784412000000,64697.50,64837.40,64680.60,64774.40,2034.289
1784415600000,64774.30,64818.10,64677.70,64806.70,2054.006
1784419200000,64806.70,64878.80,64750.00,64756.50,2842.165
1784422800000,64756.50,64771.80,64750.00,64750.00,2790.617
1784426400000,64750.00,64948.80,64672.40,64795.40,5032.332
1784430000000,64795.50,64815.80,64594.60,64686.80,2849.995
1784433600000,64686.80,64775.20,64580.40,64692.20,1668.466
1784437200000,64692.20,64789.80,64643.40,64695.10,1325.774
1784440800000,64695.00,64737.70,64670.00,64682.30,934.088
1784444400000,64682.20,64759.30,64643.40,64692.20,1918.387
1784448000000,64692.10,64723.50,64600.00,64678.10,2064.203
1784451600000,64678.20,64694.00,64467.20,64495.20,3177.976
1784455200000,64495.10,64677.70,64454.60,64561.40,2700.580
1784458800000,64561.40,64610.00,64415.00,64445.70,2748.941
1784462400000,64445.70,64445.70,64259.50,64417.50,4959.504
1784466000000,64417.40,64497.90,64273.40,64453.00,2219.753
1784469600000,64453.00,64633.00,64389.00,64561.10,2455.842
1784473200000,64561.00,64594.70,64466.60,64545.20,1616.379
1784476800000,64545.30,64624.80,64474.20,64510.70,1470.209
1784480400000,64510.70,64733.00,64365.70,64520.00,3957.134
1784484000000,64520.00,64529.10,64262.90,64399.80,3442.309
1784487600000,64399.80,64442.20,64319.50,64438.10,1085.170
1784491200000,64438.10,64534.30,64438.00,64515.90,1059.316
1784494800000,64516.00,64539.00,64305.00,64393.70,1677.019
1784498400000,64393.60,64874.90,64319.30,64642.70,6743.994
1784502000000,64642.80,64748.10,64534.90,64694.70,2054.877
1784505600000,64694.80,65084.60,64380.00,64526.00,9897.467
1784509200000,64526.00,65011.00,64470.00,64594.70,5478.733
1784512800000,64594.70,64940.00,64551.60,64800.10,4762.318
1784516400000,64800.10,64887.00,64610.20,64839.40,2578.628
1784520000000,64839.30,64843.40,64503.00,64511.30,3108.675
1784523600000,64511.40,64536.10,64046.00,64101.70,9123.542
1784527200000,64101.80,64198.30,63736.10,63890.00,10191.102
1784530800000,63890.00,64285.50,63865.00,64250.00,5480.100
1784534400000,64250.00,64337.00,63858.10,64031.40,8326.137
1784538000000,64031.40,64260.00,63984.50,64176.60,3055.595
1784541600000,64176.60,64393.20,64137.00,64280.50,3345.929
1784545200000,64280.50,65048.30,64237.10,64970.80,13005.770
1784548800000,64970.80,64982.00,64571.00,64627.20,10164.095
1784552400000,64627.10,64737.50,64174.50,64315.00,9833.494
1784556000000,64315.00,64550.00,64034.30,64393.00,7606.114
1784559600000,64393.00,65688.00,64386.80,65570.10,26658.588
1784563200000,65570.10,65615.50,65301.80,65478.60,10648.534
1784566800000,65478.60,65642.00,65313.90,65560.00,6542.949
1784570400000,65560.00,65788.00,65168.00,65215.80,11084.442
1784574000000,65215.70,65256.10,65011.40,65119.30,7696.738
1784577600000,65119.30,65435.30,65030.20,65344.70,4390.078
1784581200000,65344.80,65416.40,65241.60,65258.50,1872.846
1784584800000,65258.40,65258.50,65061.20,65118.70,2625.107
1784588400000,65118.80,65244.90,65098.80,65224.80,2029.166
1784592000000,65224.70,65561.00,65115.30,65538.90,4344.322
1784595600000,65538.80,65634.40,65202.10,65205.10,4372.902
1784599200000,65205.10,65479.50,65145.10,65386.40,3325.329
1784602800000,65386.40,65572.20,65380.00,65539.50,3014.818
1784606400000,65539.50,65723.00,65453.50,65494.20,4594.005
1784610000000,65494.20,65927.90,65460.10,65724.90,6383.305
1784613600000,65724.80,65970.00,65604.80,65892.40,5914.487
1784617200000,65892.50,66240.00,65828.20,66166.90,10295.944
1784620800000,66166.80,66337.80,66103.40,66200.00,9095.828
1784624400000,66199.90,66320.40,66110.00,66261.20,3769.983
1784628000000,66261.30,66390.00,66145.50,66161.10,6340.189
1784631600000,66161.00,66333.00,66117.10,66317.90,3759.054
1784635200000,66317.90,66618.00,66236.00,66527.70,7956.073
1784638800000,66527.70,66777.00,66290.40,66748.80,11900.874
1784642400000,66748.70,66924.10,66609.00,66804.30,13494.794
1784646000000,66804.30,66804.40,66487.90,66648.50,6212.963
1784649600000,66648.50,66736.70,66428.50,66507.10,4088.719
1784653200000,66507.10,66537.10,65939.00,66181.10,12541.970
1784656800000,66181.10,66333.00,66071.20,66287.50,4476.600
1784660400000,66287.60,66467.40,66230.00,66409.50,3604.885
1784664000000,66409.50,66465.60,66326.30,66373.80,1670.198
1784667600000,66373.80,66380.80,66261.70,66352.40,2220.280
1784671200000,66352.40,66352.60,66172.00,66271.20,2432.153
1784674800000,66271.30,66544.80,66200.00,66522.40,3085.240
1784678400000,66522.30,66711.00,66503.90,66591.70,4924.600
1784682000000,66591.80,66629.30,66253.00,66399.90,3861.949
1784685600000,66399.90,66513.80,66264.90,66283.20,2039.117
1784689200000,66283.20,66343.40,66141.70,66176.70,2975.392
1784692800000,66176.60,66399.00,66161.40,66349.30,1913.639
1784696400000,66349.20,66349.30,65909.10,65954.50,7960.255
1784700000000,65954.40,66000.00,65800.10,65906.80,6026.171
1784703600000,65906.70,65941.50,65668.60,65813.40,6294.319
1784707200000,65813.40,66140.50,65813.40,65953.50,5831.709
1784710800000,65953.40,66053.20,65816.40,65896.40,3223.673
1784714400000,65896.30,66077.30,65861.40,66016.20,7121.677
1784718000000,66016.20,66057.90,65872.10,65981.40,3175.036
1784721600000,65981.30,65986.00,65505.00,65604.20,7832.203
1784725200000,65604.10,65956.00,65531.70,65924.90,8594.386
1784728800000,65924.90,66190.40,65556.30,65770.20,10598.179
1784732400000,65770.20,66100.00,65770.00,66014.80,6873.918
1784736000000,66014.80,66363.60,65877.00,66199.70,7769.463
1784739600000,66199.80,66249.30,65912.60,65997.50,3809.016
1784743200000,65997.50,66052.80,65701.20,65860.50,4340.972
1784746800000,65860.60,65924.00,65650.20,65891.10,3197.039
1784750400000,65891.20,65954.30,65753.00,65887.80,2320.046
1784754000000,65887.80,66103.10,65853.20,66034.50,2201.826
1784757600000,66034.50,66046.00,65891.80,66013.80,1660.556
1784761200000,66013.90,66116.50,65808.50,66082.00,2265.474
1784764800000,66082.00,66284.10,66020.00,66023.80,4469.351
1784768400000,66023.80,66180.00,65715.90,65793.80,5399.416
1784772000000,65793.70,65808.90,65616.30,65777.40,3027.886
1784775600000,65777.40,65788.20,65548.00,65626.80,3847.550
1784779200000,65626.70,65710.00,65558.00,65585.30,2534.037
1784782800000,65585.40,65764.80,65543.10,65663.90,2512.364
1784786400000,65663.90,65793.70,65593.90,65763.20,2021.415
1784790000000,65763.30,65763.30,65313.70,65405.30,8530.657
1784793600000,65405.30,65637.20,65383.60,65605.90,3577.763
1784797200000,65605.80,65732.30,65573.80,65607.90,3031.028
1784800800000,65607.90,65756.60,65555.10,65704.20,2837.969
1784804400000,65704.10,65709.40,65511.00,65525.40,2374.826
1784808000000,65525.40,65557.80,64927.30,65138.00,15552.526
1784811600000,65138.00,65215.30,64839.10,64858.60,14102.630
1784815200000,64858.70,65197.00,64801.00,64884.60,11702.687
1784818800000,64884.70,65003.60,64696.20,64940.40,10141.344
1784822400000,64940.40,64940.50,64688.00,64731.40,4677.967
1784826000000,64731.50,64877.60,64636.00,64654.40,4543.014
1784829600000,64654.40,64924.90,64654.30,64842.50,3309.665
1784833200000,64842.50,64908.10,64670.00,64820.70,3454.039
1784836800000,64820.70,65176.00,64809.70,65117.70,5482.380
1784840400000,65117.60,65183.10,64979.90,65137.40,2461.061
1784844000000,65137.40,65193.50,64976.70,65158.20,3003.047
1784847600000,65158.20,65189.50,65018.80,65069.60,2173.156
1784851200000,65069.60,65084.00,64733.20,64953.10,4831.001
1784854800000,64953.00,65146.40,64912.40,65053.20,3089.748
1784858400000,65053.20,65164.80,64890.50,65091.80,3231.376
1784862000000,65091.80,65436.80,65045.00,65425.40,7118.962
1784865600000,65425.50,65440.00,65235.40,65281.90,3917.507
1784869200000,65282.00,65365.90,65213.00,65282.30,1810.830
1784872800000,65282.40,65490.00,65245.60,65441.60,3572.790
1784876400000,65441.60,65780.00,65338.00,65470.00,12855.234
1784880000000,65470.10,65477.20,65274.50,65274.60,3662.526
1784883600000,65274.60,65290.70,64919.70,65088.10,7663.998
1784887200000,65088.20,65132.20,64878.00,64927.80,3324.749
1784890800000,64927.70,65073.60,64821.90,65045.70,4034.095
1784894400000,65045.70,65110.10,64707.50,64746.60,4732.922
1784898000000,64746.50,64774.50,63882.30,64129.10,29360.681
1784901600000,64129.10,64170.00,63666.00,64031.40,18282.036
1784905200000,64031.30,64305.80,63824.30,64065.10,15421.724
1784908800000,64065.10,64176.50,63854.30,63930.40,5378.185
1784912400000,63930.30,64177.90,63882.60,64154.90,3685.779
1784916000000,64154.90,64262.30,64104.10,64242.80,3081.464
1784919600000,64242.70,64266.90,64113.40,64199.50,2530.206
1784923200000,64199.50,64260.10,64105.00,64139.60,2090.567
1784926800000,64139.60,64195.10,64098.70,64112.20,1832.950
1784930400000,64112.20,64187.60,64098.70,64132.70,1039.951
1784934000000,64132.80,64155.00,64102.20,64116.50,988.191
1784937600000,64116.50,64155.00,64005.40,64049.60,6490.967
1784941200000,64049.60,64135.00,63977.00,64039.20,2142.025
1784944800000,64039.10,64072.30,63988.40,64010.50,1372.173
1784948400000,64010.50,64073.70,63988.40,64052.90,1221.840
1784952000000,64053.00,64181.00,64052.90,64146.90,1255.783
1784955600000,64147.00,64166.60,63940.70,63990.10,1755.924
1784959200000,63990.00,64032.00,63933.20,63982.90,1842.202
1784962800000,63982.90,64005.50,63966.80,63972.90,1138.406
1784966400000,63973.00,63973.10,63760.50,63844.30,3567.434
1784970000000,63844.40,64000.00,63794.20,63973.90,2160.102
1784973600000,63973.80,64039.70,63959.30,64039.60,1751.971
1784977200000,64039.60,64078.50,64014.70,64031.30,1213.513
1784980800000,64031.20,64088.20,64006.20,64088.20,1166.645
1784984400000,64088.10,64236.80,64072.20,64136.90,2768.490
1784988000000,64136.80,64187.40,64079.20,64177.70,1570.678
1784991600000,64177.70,64243.60,64135.50,64150.00,1961.221
1784995200000,64150.10,64219.00,64092.20,64180.90,1548.050
1784998800000,64180.80,64330.20,64162.10,64236.60,2620.615
1785002400000,64236.70,64417.10,64236.70,64391.40,2559.510
1785006000000,64391.30,64410.00,64351.40,64359.60,1546.182
1785009600000,64359.70,64367.80,64282.90,64303.90,1212.571
1785013200000,64304.00,64407.10,64233.00,64318.50,1521.137
1785016800000,64318.60,64393.00,64318.50,64377.60,868.254
1785020400000,64377.70,64393.40,64331.90,64338.10,991.941
1785024000000,64338.00,64482.70,64317.90,64482.60,1921.435
1785027600000,64482.70,64514.10,64422.60,64434.30,1584.646
1785031200000,64434.30,64500.00,64394.00,64490.60,1140.605
1785034800000,64490.60,64553.90,64453.20,64518.80,1560.582
1785038400000,64518.90,64566.00,64452.90,64493.10,1510.232
1785042000000,64493.20,64493.20,64359.30,64386.00,2022.339
1785045600000,64386.00,64428.70,64256.40,64408.90,3152.044
1785049200000,64409.00,64439.10,64313.50,64341.20,1444.629
1785052800000,64341.30,64467.50,64320.20,64450.10,1158.466
1785056400000,64450.00,64525.20,64450.00,64512.30,1615.264
1785060000000,64512.30,64557.30,64472.40,64490.90,1709.222
1785063600000,64491.00,64507.20,64470.00,64481.40,968.837
1785067200000,64481.50,64639.00,64405.90,64434.20,3951.260
1785070800000,64434.20,64548.30,64379.70,64491.80,2041.798
1785074400000,64491.90,64748.30,64491.80,64687.20,5026.726
1785078000000,64687.20,64819.30,64640.00,64733.60,3665.271
1785081600000,64733.50,64909.00,64670.10,64700.00,4283.747
1785085200000,64700.00,64769.10,64639.90,64663.20,2119.427
1785088800000,64663.30,64749.40,64634.00,64706.80,1135.743
1785092400000,64706.80,64729.40,64638.80,64665.50,791.484
1785096000000,64665.60,64676.20,64606.30,64621.30,748.268
1785099600000,64621.20,64897.10,64621.20,64821.70,1929.004
1785103200000,64821.70,65480.00,64821.70,65384.70,13652.278
1785106800000,65384.70,65555.00,65245.60,65375.10,6629.856
1785110400000,65375.20,65398.80,65033.00,65106.00,5619.723
1785114000000,65106.00,65196.70,64872.00,65179.80,5474.232
1785117600000,65179.90,65254.40,65088.00,65145.70,2410.619
1785121200000,65145.60,65344.00,65143.50,65261.50,2331.283
1785124800000,65261.50,65484.60,65216.00,65257.20,3606.450
1785128400000,65257.20,65468.20,65251.00,65434.30,2052.379
1785132000000,65434.20,65722.50,65377.50,65388.00,6825.399
1785135600000,65388.00,65421.30,65190.00,65195.90,4161.868
1785139200000,65196.00,65234.00,65092.30,65133.00,3777.889
1785142800000,65132.90,65315.70,65066.30,65234.40,3233.697
1785146400000,65234.50,65412.80,65202.10,65314.70,2361.136
1785150000000,65314.70,65314.80,65061.10,65073.10,2731.686
1785153600000,65073.10,65240.20,64811.00,65065.00,8493.576
1785157200000,65065.00,65689.60,64885.30,65189.40,16449.888
1785160800000,65189.40,65409.30,64418.90,64663.40,18708.373
1785164400000,64663.40,64750.00,64374.40,64517.10,9045.046
1785168000000,64517.20,64941.70,64479.00,64871.00,6852.718
1785171600000,64871.00,65069.40,64761.70,64994.30,4101.367
1785175200000,64994.20,65034.90,64727.30,64854.70,3642.720
1785178800000,64854.70,65056.80,64782.00,64959.20,2642.628
1785182400000,64959.20,65030.80,64873.60,64940.40,1671.359
1785186000000,64940.30,64940.40,64762.10,64790.20,1614.505
1785189600000,64790.30,64790.30,63755.30,63755.40,16449.150
1785193200000,63755.50,63903.60,63567.00,63720.80,13574.042
1785196800000,63720.70,63794.30,63439.10,63453.10,7909.745
1785200400000,63453.10,63500.00,63021.00,63195.90,13354.768
1785204000000,63195.90,63269.80,63069.80,63148.20,4990.923
1785207600000,63148.10,63342.80,63131.90,63310.10,4066.350
1785211200000,63310.00,63333.30,63187.20,63323.50,4684.392
1785214800000,63323.50,63588.00,63294.90,63417.40,5443.976
1785218400000,63417.50,63642.20,63365.40,63609.40,3804.782
1785222000000,63609.40,63635.40,63421.00,63476.80,3883.873
1785225600000,63476.80,63513.90,63370.10,63401.70,2415.759
1785229200000,63401.60,63557.00,63337.70,63367.80,4377.904
1785232800000,63367.80,63532.10,63263.50,63439.60,7147.337
1785236400000,63439.60,63569.00,63322.60,63430.80,3763.568
1785240000000,63430.70,63548.80,63355.40,63520.10,3288.693
1785243600000,63520.10,63568.60,62660.10,63078.90,16804.472
1785247200000,63078.90,63521.00,62937.00,63384.10,10759.073
1785250800000,63384.00,64014.20,63231.90,63899.40,15235.464
1785254400000,63899.50,64084.50,63746.40,64020.00,5705.085
1785258000000,64019.90,64020.00,63477.20,63666.00,6338.588
1785261600000,63666.00,63824.00,63646.60,63710.80,2521.312
1785265200000,63710.80,63882.40,63650.10,63882.40,2666.007
1785268800000,63882.40,63993.20,63850.40,63890.80,3090.519
1785272400000,63890.70,64047.90,63863.80,63950.10,2344.876
1785276000000,63950.10,64000.00,63739.80,63754.60,3276.390
1785279600000,63754.60,63934.30,63526.00,63903.60,6400.006
1785283200000,63903.60,64175.00,63846.00,63927.50,5771.301
1785286800000,63927.50,63978.70,63657.80,63682.50,4706.938
1785290400000,63682.50,64110.50,63630.00,63955.00,5422.055
1785294000000,63955.00,63984.70,63684.70,63727.00,4992.940
1785297600000,63727.00,63950.00,63569.50,63944.20,4296.721
1785301200000,63944.30,64071.10,63866.40,64045.30,3574.698
1785304800000,64045.30,64444.00,64004.70,64407.70,9275.804
1785308400000,64407.80,64544.00,64376.10,64539.00,5453.408
1785312000000,64539.10,64556.60,64251.00,64391.20,5688.224
1785315600000,64391.20,64715.90,64353.20,64660.70,5905.262
1785319200000,64660.80,64691.40,64381.20,64444.00,4695.380
1785322800000,64444.00,64565.20,64388.00,64480.00,2928.166
1785326400000,64479.90,64480.00,64175.40,64248.20,4373.432
1785330000000,64248.20,64639.90,64113.60,64634.60,10594.764
1785333600000,64634.60,64688.00,64019.00,64078.10,8887.439
1785337200000,64078.20,64170.70,63857.40,63940.20,6804.924
1785340800000,63940.20,64131.90,63600.00,63786.60,10205.123
1785344400000,63786.60,64287.30,63680.10,64247.50,7085.746
1785348000000,64247.40,64703.90,63742.90,64484.50,24784.012
1785351600000,64484.40,64575.70,63483.90,63564.10,14295.245
1785355200000,63564.00,63721.00,63336.00,63487.90,9804.197
1785358800000,63487.80,63831.80,63234.00,63831.10,9361.784
1785362400000,63831.20,64108.40,63831.10,63916.90,8261.334
1785366000000,63916.90,64044.40,63868.00,63958.90,2807.402
1785369600000,63958.90,64098.20,63576.40,63673.70,6274.187
1785373200000,63673.70,64355.90,63662.60,64245.30,6840.859
1785376800000,64245.20,64393.00,64139.00,64163.70,3764.311
1785380400000,64163.70,64282.80,64109.00,64134.00,2384.038
1785384000000,64134.00,64152.30,63980.00,63998.50,2650.287
1785387600000,63998.60,64156.40,63881.00,64013.60,3410.620
1785391200000,64013.50,64054.80,63930.00,63974.60,1486.362
1785394800000,63974.60,64121.90,63913.60,63981.90,3159.857
1785398400000,63981.90,64334.60,63950.00,64280.40,4231.718
1785402000000,64280.40,64618.10,64257.10,64550.00,6694.068
1785405600000,64550.00,64612.50,64538.20,64548.90,3675.459
1785409200000,64548.90,64870.00,64515.10,64766.80,7542.228
1785412800000,64766.90,65015.60,64765.60,64892.60,9133.871
1785416400000,64892.70,65157.00,64663.00,64995.90,14010.887
1785420000000,64995.80,65015.30,64588.40,64649.00,9678.971
1785423600000,64649.10,64861.40,64571.40,64694.20,4737.528
1785427200000,64694.20,64933.00,64694.20,64785.10,3285.643
1785430800000,64785.10,64957.20,64738.10,64842.40,2494.063
1785434400000,64842.40,64871.10,64657.40,64668.90,1921.207
1785438000000,64668.90,64875.00,64668.80,64778.60,1965.073
1785441600000,64778.50,64909.00,64723.40,64750.00,2723.326
1785445200000,64750.00,64780.80,64678.20,64706.50,1435.863
1785448800000,64706.60,64995.00,64636.30,64827.40,3686.525
1785452400000,64827.30,65062.90,64698.50,64750.00,5668.781
1785456000000,64750.00,64878.00,64663.70,64698.50,2973.540
1785459600000,64698.50,65391.30,64444.00,64535.10,16749.679
1785463200000,64535.20,64593.30,64177.90,64271.90,9560.756
1785466800000,64272.00,64410.40,64138.00,64344.00,5854.658
1785470400000,64344.00,64425.60,64210.00,64281.60,3166.071
1785474000000,64281.60,64396.70,64242.50,64334.40,2568.023
1785477600000,64334.30,64476.80,64179.90,64208.50,4155.684
1785481200000,64208.40,64217.00,63835.60,63909.10,11234.331
1785484800000,63909.10,63950.00,63777.70,63801.90,6279.775
1785488400000,63801.80,63820.00,63601.20,63689.00,5255.291
1785492000000,63689.10,63923.40,63577.00,63886.10,5345.605
1785495600000,63886.20,63982.20,63755.10,63779.40,3656.002
1785499200000,63779.40,63804.10,63595.30,63727.40,5013.922
1785502800000,63727.40,63807.50,63216.20,63248.10,15778.254
1785506400000,63248.00,63291.60,62410.50,62663.80,37380.196
1785510000000,62663.90,62749.70,62458.00,62695.40,9158.832
1785513600000,62695.30,62913.40,62680.10,62849.40,6323.225
1785517200000,62849.40,63270.10,62780.80,63215.60,6762.001
1785520800000,63215.60,63275.70,62935.10,63064.90,5633.135
1785524400000,63065.00,63133.00,62906.30,62947.20,2889.931
1785528000000,62947.10,63003.00,62901.00,62928.70,2268.918
1785531600000,62928.70,63037.00,62814.10,62924.70,2820.424
1785535200000,62924.80,62996.70,62835.00,62916.70,2306.850
1785538800000,62916.80,62990.00,62825.00,62859.90,1829.832
1785542400000,62859.90,62995.00,62859.80,62909.40,1932.848
1785546000000,62909.40,62964.60,62888.90,62946.70,1321.888
1785549600000,62946.70,63084.60,62946.70,63040.80,1697.140
1785553200000,63040.80,63045.70,62937.50,62973.80,1561.868
1785556800000,62973.80,63079.20,62964.10,63073.90,869.586
1785560400000,63074.00,63118.70,62969.60,62999.80,1857.218
1785564000000,62999.80,63053.10,62965.20,63049.90,1072.175
1785567600000,63049.90,63086.30,63001.40,63019.60,1210.920
1785571200000,63019.60,63126.60,63019.50,63097.40,934.337
1785574800000,63097.40,63111.40,63014.10,63021.40,1156.469
1785578400000,63021.40,63085.00,62956.50,63029.10,1810.404
1785582000000,63029.10,63064.00,63010.10,63045.10,768.514
1785585600000,63045.20,63094.10,63045.10,63068.90,855.032
1785589200000,63068.90,63075.90,63010.10,63036.70,819.617
1785592800000,63036.60,63097.50,63036.60,63097.10,1142.167
1785596400000,63097.10,63097.10,62976.40,62976.40,1171.027
1785600000000,62976.40,63006.60,62838.80,62899.90,3428.637
1785603600000,62899.90,62969.50,62633.30,62684.00,4837.737
1785607200000,62684.10,62710.70,62228.80,62552.50,14262.623
1785610800000,62552.60,62596.50,62430.80,62502.10,3508.188
1785614400000,62502.10,62642.90,62456.90,62631.80,2312.844
1785618000000,62631.80,62844.90,62631.80,62789.40,2927.597
1785621600000,62789.50,62844.50,62762.40,62800.10,1470.999
1785625200000,62800.10,62830.00,62737.10,62792.30,1808.308
1785628800000,62792.30,62950.00,62782.30,62807.50,2672.436
1785632400000,62807.50,63066.00,62807.50,62960.80,2926.684
1785636000000,62960.90,63542.00,62925.60,63425.40,12933.753
1785639600000,63425.50,63529.40,63351.30,63436.70,3586.883
1785643200000,63436.80,63600.00,63436.70,63557.10,3013.823
1785646800000,63557.10,63620.00,63382.90,63428.50,4618.916
1785650400000,63428.60,63478.80,63402.50,63460.00,1474.959
1785654000000,63460.10,63514.20,63449.00,63468.10,1659.781
1785657600000,63468.00,63507.80,63141.00,63171.10,5958.386
1785661200000,63171.20,63301.60,63065.30,63249.80,3576.767
1785664800000,63249.70,63249.70,63096.00,63176.70,2669.631
1785668400000,63176.60,63186.10,62961.10,63007.30,3493.646
1785672000000,63007.20,63215.10,63007.20,63097.20,2639.051
1785675600000,63097.20,63119.20,62974.40,63095.00,2038.879
1785679200000,63095.00,63163.20,63031.70,63042.70,2352.318
1785682800000,63042.60,63158.20,63023.00,63081.60,1494.069
1785686400000,63081.60,63258.80,63038.00,63158.60,2692.429
1785690000000,63158.60,63323.60,63130.00,63279.70,2274.703
1785693600000,63279.60,63594.60,63266.40,63364.20,4291.389
1785697200000,63364.20,63459.80,63306.00,63432.90,1673.194
1785700800000,63433.00,63483.30,63383.00,63477.20,1450.820
1785704400000,63477.30,63774.60,63459.90,63560.00,5300.800
1785708000000,63560.00,63779.00,63343.20,63398.00,5877.130
1785711600000,63398.00,63577.10,63306.20,63550.00,3369.960
1785715200000,63550.00,63575.60,63168.30,63298.90,4052.018
1785718800000,63299.00,63332.80,63088.00,63185.90,3482.062
1785722400000,63185.90,63266.10,63068.10,63118.30,2410.406
1785726000000,63118.20,63152.80,62745.00,62839.70,4979.180
1785729600000,62839.80,62976.80,62745.30,62765.30,4163.223
1785733200000,62765.20,62848.00,62716.00,62799.90,3595.518
1785736800000,62800.00,62850.10,62576.20,62594.90,5547.075
1785740400000,62594.80,62671.60,62520.00,62591.00,4637.457
1785744000000,62591.00,62624.00,62268.20,62512.40,8236.907
1785747600000,62512.40,62846.30,62487.90,62806.00,5851.477
1785751200000,62806.00,62838.50,62584.80,62708.80,4413.061
1785754800000,62708.90,62746.40,62506.80,62534.10,4475.438
1785758400000,62534.10,62769.10,62400.00,62669.90,6014.563
1785762000000,62669.90,63368.10,62533.30,63317.60,15971.818
1785765600000,63317.60,63956.40,63109.70,63927.90,26813.636
1785769200000,63928.00,63960.00,63610.20,63659.50,11323.139
1785772800000,63659.50,63907.40,63626.20,63738.00,6259.343
1785776400000,63737.90,64049.50,63680.00,63874.10,6860.221
1785780000000,63874.10,63973.10,63735.00,63835.50,3895.435
1785783600000,63835.60,64058.80,63807.30,63836.90,3800.436
1785787200000,63836.90,63992.90,63737.20,63755.90,3034.017
1785790800000,63755.90,63763.50,63505.40,63561.10,4604.113
1785794400000,63561.10,63648.70,63352.20,63587.60,5207.228
1785798000000,63587.60,63596.50,63435.30,63497.20,2216.091
1785801600000,63497.10,63558.80,63290.20,63337.60,4583.870
1785805200000,63337.60,63911.60,63337.50,63816.10,6903.460
1785808800000,63816.10,63958.60,63651.80,63802.30,4783.866
1785812400000,63802.30,63843.70,63624.10,63771.00,2334.425
1785816000000,63771.00,64239.80,63732.00,64004.40,7952.488
1785819600000,64004.50,64032.80,63762.00,63783.70,3638.718
1785823200000,63783.60,63830.00,63630.00,63653.40,3456.987
1785826800000,63653.30,63736.90,63480.00,63666.50,4904.829
1785830400000,63666.50,63730.00,63539.00,63559.70,2609.749
1785834000000,63559.70,63589.20,63495.40,63576.40,2185.984
1785837600000,63576.40,63818.70,63428.80,63743.30,5279.762
1785841200000,63743.40,63926.00,63679.50,63900.20,4126.374
1785844800000,63900.20,64034.30,63763.10,63875.10,4293.500
1785848400000,63875.20,64080.00,63625.50,63663.70,10799.238
1785852000000,63663.70,64177.00,63582.10,64100.00,11058.252
1785855600000,64100.00,64200.00,63782.70,64088.40,8897.609
1785859200000,64088.30,64104.00,63866.50,63928.90,3915.478
1785862800000,63928.80,64159.40,63856.40,63936.10,4901.409
1785866400000,63936.20,64370.00,63932.00,64270.70,7829.049
1785870000000,64270.80,64388.00,64140.10,64197.30,4649.673
1785873600000,64197.30,64397.60,63918.20,64316.30,8943.027
1785877200000,64316.40,64316.40,64145.90,64166.80,2465.453
1785880800000,64166.70,64267.20,64107.50,64238.00,1795.952
1785884400000,64237.90,64512.90,64017.70,64075.50,7716.148
1785888000000,64075.60,64163.80,63951.10,63970.90,4766.197
1785891600000,63970.90,64321.30,63917.10,64306.30,4245.749
1785895200000,64306.30,64480.00,64292.80,64340.30,9877.637
1785898800000,64340.30,64416.90,64010.10,64145.60,7495.926
1785902400000,64145.60,64193.00,64052.40,64141.50,2290.237
1785906000000,64141.50,64500.00,64131.50,64307.70,5101.008
1785909600000,64307.70,64345.80,64204.80,64226.00,1966.560
1785913200000,64226.00,64247.80,63962.40,64141.00,6925.510
1785916800000,64141.00,64257.10,64066.10,64096.30,4358.430
1785920400000,64096.40,64181.60,64068.40,64127.50,1503.340
1785924000000,64127.40,64217.00,63982.20,64033.00,3577.567
1785927600000,64033.00,64116.00,64013.10,64044.60,2057.405
1785931200000,64044.70,64575.20,64003.00,64295.40,14059.433
1785934800000,64295.30,64387.00,63847.00,64387.00,15093.068
1785938400000,64386.90,64548.60,64265.40,64443.30,11150.930
1785942000000,64443.40,64728.50,64348.70,64353.60,11548.133
1785945600000,64353.60,64740.50,64352.50,64631.90,6761.453
1785949200000,64631.80,64780.00,64506.30,64733.60,4461.880
1785952800000,64733.60,64810.00,64634.10,64762.80,5385.628
1785956400000,64762.70,64898.00,64745.20,64805.70,4535.966
1785960000000,64805.70,65022.00,64772.30,64804.20,9232.270
1785963600000,64804.20,64804.30,64635.60,64710.10,3860.378
1785967200000,64710.10,64766.20,64601.00,64607.00,2152.793
1785970800000,64607.00,64721.20,64535.60,64633.90,2712.749
1785974400000,64634.00,64696.00,64533.90,64614.80,2300.603
1785978000000,64614.80,64634.90,64461.00,64560.00,2589.924
1785981600000,64560.10,64627.60,64386.30,64550.60,4992.736
1785985200000,64550.70,64551.30,64463.20,64496.20,1867.043
1785988800000,64496.30,64702.90,64461.90,64695.90,2863.612
1785992400000,64695.90,64971.70,64695.60,64879.50,5627.794
1785996000000,64879.60,64879.60,64712.60,64830.50,2343.979
1785999600000,64830.50,64944.30,64750.00,64789.40,3687.138
1786003200000,64789.30,64971.00,64730.90,64913.90,3207.820
1786006800000,64913.90,64917.50,64597.20,64649.10,5386.342
1786010400000,64649.10,64656.00,64552.60,64589.20,2311.452
1786014000000,64589.30,64629.00,64473.00,64590.10,3162.992
1786017600000,64590.10,64614.30,64360.20,64392.40,4278.024
1786021200000,64392.40,64501.00,64111.00,64404.80,13899.038
1786024800000,64404.80,64825.00,64333.00,64748.20,10338.045
1786028400000,64748.20,64962.00,64588.50,64604.20,9352.801
1786032000000,64604.20,64745.50,64556.70,64723.20,3997.601
1786035600000,64723.30,64807.40,64514.10,64583.10,2877.794
1786039200000,64583.10,64589.60,64343.70,64388.80,3671.221
1786042800000,64388.80,64445.60,64323.20,64412.80,2676.737
1786046400000,64412.80,64510.70,64403.70,64403.70,2034.784
1786050000000,64403.70,64490.20,64371.90,64411.80,1686.019
1786053600000,64411.90,64419.30,64294.30,64317.80,1387.384
1786057200000,64317.70,64333.10,64163.50,64300.00,2763.901
1786060800000,64299.90,64387.30,64195.20,64291.90,2509.823
1786064400000,64291.90,64450.00,64263.00,64394.80,2466.496
1786068000000,64394.70,64524.80,64220.00,64369.50,4915.454
1786071600000,64369.40,64380.50,64227.80,64264.00,2084.467
1786075200000,64264.00,64340.20,64128.30,64225.80,3064.777
1786078800000,64225.80,64370.10,64139.70,64310.60,2632.881
1786082400000,64310.70,64441.00,64255.00,64280.10,2733.573
1786086000000,64280.20,64405.00,64229.90,64288.90,3039.671
1786089600000,64288.80,64646.60,64268.90,64576.40,4583.667
1786093200000,64576.30,64939.40,64576.30,64809.00,9312.554
1786096800000,64809.10,64888.70,64768.50,64867.30,3470.548
1786100400000,64867.40,65187.90,64867.40,64996.10,9560.374
1786104000000,64996.20,65358.00,64954.00,65259.10,17634.528
1786107600000,65259.00,65305.60,64946.80,64984.80,10184.300
1786111200000,64984.90,65250.00,64756.80,64927.30,14288.394
1786114800000,64927.30,65117.70,64859.50,64885.40,4051.070
1786118400000,64885.50,65050.00,64779.90,64779.90,4422.972
1786122000000,64779.90,64805.10,64490.00,64740.30,10381.643
1786125600000,64740.20,64857.90,64655.00,64712.10,3281.064
1786129200000,64712.10,65000.00,64712.00,64932.90,3973.989
1786132800000,64932.90,65015.30,64916.60,64942.10,1622.043
1786136400000,64942.20,65078.70,64895.00,64895.30,2027.278
1786140000000,64895.30,64919.60,64815.30,64857.30,1480.192
1786143600000,64857.30,64885.80,64846.30,64885.40,666.622
1786147200000,64885.50,64927.60,64784.30,64890.30,1273.139
1786150800000,64890.30,64927.80,64871.60,64880.60,860.364
1786154400000,64880.60,64931.80,64863.50,64889.50,932.115
1786158000000,64889.50,65046.10,64884.00,65000.00,1510.176
1786161600000,65000.00,65040.10,64934.90,64976.50,1306.273
1786165200000,64976.50,65000.00,64942.60,64967.00,716.826
1786168800000,64967.10,64991.00,64931.80,64978.20,886.154
1786172400000,64978.30,64983.00,64919.50,64936.30,705.086
1786176000000,64936.30,64988.20,64920.00,64963.20,748.373
1786179600000,64963.10,65026.90,64960.00,64960.10,1002.810
1786183200000,64960.00,64996.30,64960.00,64980.60,585.457
1786186800000,64980.60,64995.60,64930.00,64938.50,674.148
1786190400000,64938.40,65024.70,64890.80,64973.80,1443.805
1786194000000,64973.80,64994.60,64967.20,64985.40,623.733
1786197600000,64985.40,65163.00,64985.30,65100.00,3560.648
1786201200000,65100.10,65123.80,65027.90,65049.30,1199.135
1786204800000,65049.40,65088.00,65000.10,65056.10,1005.182
1786208400000,65056.10,65123.10,65045.60,65086.20,1085.982
1786212000000,65086.20,65094.10,65000.00,65015.30,1172.248
1786215600000,65015.30,65089.20,64986.20,65045.50,1090.996
1786219200000,65045.50,65059.10,65026.70,65046.90,874.204
1786222800000,65046.90,65046.90,64957.30,64989.80,834.994
1786226400000,64989.80,65012.80,64915.20,64915.20,1243.507
1786230000000,64915.20,64954.10,64907.90,64928.50,1102.947
1786233600000,64928.60,64957.70,64928.40,64952.90,781.704
1786237200000,64952.90,64982.40,64818.00,64838.40,1842.755
1786240800000,64838.40,64838.40,64752.00,64798.00,1681.963
1786244400000,64798.00,64798.00,64700.00,64759.00,1637.031
1786248000000,64758.90,64806.30,64758.90,64759.80,840.473
1786251600000,64759.70,64777.90,64747.40,64777.90,750.522
1786255200000,64777.80,64835.00,64776.90,64822.90,1267.843
1786258800000,64822.90,64827.80,64791.90,64793.60,932.539
1786262400000,64793.70,64911.10,64759.20,64792.50,2330.142
1786266000000,64792.50,64850.90,64774.50,64850.90,909.039
1786269600000,64850.90,64948.70,64850.80,64927.40,1516.361
1786273200000,64927.50,64978.00,64921.70,64921.80,952.862
1786276800000,64921.70,64928.50,64884.30,64928.50,828.295
1786280400000,64928.40,65245.50,64928.40,65194.90,5738.746
1786284000000,65195.00,65279.90,65118.40,65237.30,3169.124
1786287600000,65237.30,65240.90,65177.00,65207.70,1907.952
1786291200000,65207.80,65243.10,65147.20,65204.60,1854.060
1786294800000,65204.60,65212.80,65165.90,65170.00,821.961
1786298400000,65169.90,65200.00,65161.20,65167.10,801.241
1786302000000,65167.10,65188.60,65147.60,65153.20,805.502
1786305600000,65153.20,65161.40,65043.50,65114.10,1946.781
1786309200000,65114.00,65229.90,65091.20,65165.00,1376.098
1786312800000,65165.10,65482.70,64936.20,65046.30,8588.987
1786316400000,65046.20,65080.30,64805.10,64867.80,4566.481
1786320000000,64867.80,65300.00,64794.40,64945.30,6977.175
1786323600000,64945.30,65373.60,64864.00,65172.90,4797.875
1786327200000,65172.90,65193.30,64871.00,65077.70,4553.587
1786330800000,65077.70,65150.00,64875.00,64946.40,3323.683
1786334400000,64946.40,65076.40,64892.10,64980.60,1876.553
1786338000000,64980.40,65142.10,64952.30,65117.10,1694.269
1786341600000,65117.20,65313.20,65104.10,65273.20,3310.909
1786345200000,65273.10,65348.40,65173.10,65183.00,3596.096
1786348800000,65183.00,65306.90,65160.20,65220.60,1987.063
1786352400000,65220.60,65220.70,64928.00,64941.10,4638.212
1786356000000,64941.00,65053.30,64939.50,64988.70,2367.413
1786359600000,64988.80,65108.40,64950.00,65097.60,1926.582
1786363200000,65097.50,65221.20,64812.60,64838.30,6276.873
1786366800000,64838.30,64942.50,64482.10,64533.70,12568.287
1786370400000,64533.60,64856.70,64510.00,64594.50,8146.670
1786374000000,64594.60,64691.20,64171.80,64268.80,16204.295
1786377600000,64268.70,64330.00,63808.90,63888.60,17921.622
1786381200000,63888.60,64009.00,63810.00,63932.70,6540.095
1786384800000,63932.60,64005.40,63788.00,63866.40,7492.295
1786388400000,63866.30,64072.80,63859.90,64017.20,3901.694
1786392000000,64017.20,64189.30,63989.50,64129.60,3300.092
1786395600000,64129.70,64129.70,63946.80,63949.00,2086.206
1786399200000,63949.00,64027.40,63908.00,63987.50,1502.142
1786402800000,63987.50,63992.10,63881.60,63939.30,1836.040
1786406400000,63939.30,64032.60,63863.90,64006.10,3142.738
1786410000000,64006.10,64048.20,63923.90,64026.60,2609.513
1786413600000,64026.60,64054.00,63999.90,64012.90,1604.216
1786417200000,64012.80,64148.00,64012.80,64110.70,2071.084
1786420800000,64110.70,64124.20,63997.00,63997.00,1750.423
1786424400000,63997.00,64023.40,63929.20,63965.00,2036.285
1786428000000,63965.00,64021.80,63820.00,63940.00,2921.294
1786431600000,63940.00,64077.00,63876.40,64031.70,2829.318
1786435200000,64031.70,64124.80,64010.40,64109.80,2186.279
1786438800000,64109.70,64281.00,64106.00,64281.00,3780.751
1786442400000,64280.90,64290.10,64172.00,64205.30,3721.684
1786446000000,64205.30,64380.00,64205.30,64358.30,3681.559
1786449600000,64358.40,64470.00,64259.10,64303.20,6171.780
1786453200000,64303.10,64345.90,64020.20,64174.40,7649.265
1786456800000,64174.40,64240.00,63680.00,63747.00,10714.093
1786460400000,63747.00,63845.70,63420.00,63585.30,13464.299
1786464000000,63585.30,63637.50,63436.50,63488.50,5033.969
1786467600000,63488.50,63615.50,63432.30,63580.10,3181.764
1786471200000,63580.20,63609.10,63222.00,63352.50,10329.621
1786474800000,63352.50,63513.90,63211.60,63508.50,4952.141
1786478400000,63508.50,63732.70,63508.50,63720.80,6134.490
1786482000000,63720.80,63757.50,63590.70,63641.50,2558.645
1786485600000,63641.60,63746.40,63601.20,63641.60,1640.366
1786489200000,63641.70,63641.70,63527.30,63572.00,1858.069
1786492800000,63571.90,63722.40,63505.30,63717.20,2371.705
1786496400000,63717.20,63828.70,63665.20,63796.00,2737.398
1786500000000,63796.00,63886.00,63701.20,63722.60,3052.798
1786503600000,63722.50,63819.20,63678.40,63800.10,1932.499
1786507200000,63800.10,63863.60,63706.40,63747.20,2612.303
1786510800000,63747.20,63846.30,63698.20,63811.40,1728.328
1786514400000,63811.30,63811.30,63574.60,63688.00,4221.534
1786518000000,63687.90,63812.50,63603.40,63804.80,2398.382
1786521600000,63804.80,63844.00,63741.10,63769.90,2661.075
1786525200000,63770.00,64077.00,63735.40,64077.00,6820.246
1786528800000,64076.90,64191.80,64026.50,64111.40,5679.101
1786532400000,64111.40,64222.20,64080.00,64207.30,3180.652
1786536000000,64207.30,64450.00,63939.10,64090.00,18249.748
1786539600000,64089.90,64131.40,63799.00,63805.90,9560.772
1786543200000,63806.00,63911.90,63334.40,63344.40,15269.702
1786546800000,63344.30,63551.90,63291.10,63421.40,8496.489
1786550400000,63421.30,63557.50,63338.90,63462.30,4639.985
1786554000000,63462.30,63528.20,63388.80,63450.10,2173.354
1786557600000,63450.00,63507.00,63350.00,63360.00,2249.864
1786561200000,63360.00,63441.00,63283.00,63394.90,4255.020
1786564800000,63394.80,63573.50,63392.50,63573.50,2578.409
1786568400000,63573.50,63629.80,63389.90,63441.40,2882.359
1786572000000,63441.40,63508.00,63337.50,63405.90,2193.769
1786575600000,63405.80,63466.00,63350.00,63454.70,2487.321
1786579200000,63454.60,63694.90,63437.00,63530.10,3940.765
1786582800000,63530.00,63611.40,63355.10,63428.80,2951.738
1786586400000,63428.90,63553.70,63343.80,63522.40,2239.393
1786590000000,63522.40,63670.10,63474.00,63623.50,4781.724
1786593600000,63623.50,63763.60,63564.90,63672.90,2602.124
1786597200000,63672.90,63990.70,63647.60,63844.40,7918.487
1786600800000,63844.40,63914.60,63725.20,63914.50,3534.784
1786604400000,63914.50,63916.60,63824.20,63833.00,1773.196
1786608000000,63833.00,63881.30,63710.60,63743.80,2831.573
1786611600000,63743.70,63768.00,63559.90,63757.00,3594.305
1786615200000,63757.10,63800.00,63536.00,63628.90,4839.388
1786618800000,63628.80,63637.80,63318.10,63458.50,6057.359
1786622400000,63458.60,63697.70,63414.40,63669.20,5311.097
1786626000000,63669.20,63828.00,63534.00,63699.90,7463.579
1786629600000,63700.00,63980.60,63655.00,63835.60,6906.181
1786633200000,63835.70,63920.00,63385.00,63385.00,7615.275
1786636800000,63385.00,63544.00,62800.00,63139.00,24202.169
1786640400000,63138.90,63276.40,63047.60,63121.40,5843.432
1786644000000,63121.50,63348.00,63088.00,63284.70,3314.350
1786647600000,63284.70,63488.00,63284.70,63387.40,4508.057
1786651200000,63387.30,63447.00,63343.40,63385.60,1859.547
1786654800000,63385.60,63477.40,63360.90,63444.70,2046.483
1786658400000,63444.70,63613.60,63444.60,63497.70,4047.845
1786662000000,63497.60,63512.80,63366.60,63456.70,2483.241
1786665600000,63456.70,63534.00,63378.10,63517.60,2223.859
1786669200000,63517.60,63567.80,63428.90,63545.50,2084.168
1786672800000,63545.40,63595.10,63437.10,63437.10,1913.641
1786676400000,63437.10,63556.10,63277.10,63288.10,3097.959
1786680000000,63288.00,63449.60,63243.20,63349.90,1867.377
1786683600000,63350.00,63375.60,63256.70,63357.80,1736.005
1786687200000,63357.80,63357.80,62900.20,62944.60,7665.619
1786690800000,62944.60,63079.10,62888.00,62888.10,5972.257
1786694400000,62888.00,62974.40,62658.80,62904.90,11490.409
1786698000000,62904.90,62904.90,62709.30,62763.90,3840.164
1786701600000,62763.90,62912.40,62712.00,62787.70,3235.522
1786705200000,62787.70,62906.20,62779.30,62837.40,2994.434
1786708800000,62837.50,62885.30,62688.10,62706.00,4305.086
1786712400000,62706.10,62794.80,62555.50,62639.60,11535.398
1786716000000,62639.80,62774.90,62484.20,62581.00,9306.042
1786719600000,62581.00,63061.70,62576.50,62956.00,9143.660
1786723200000,62956.00,63194.40,62933.70,63105.80,5866.763
1786726800000,63105.90,63215.30,62965.00,62988.40,4557.206
1786730400000,62988.40,63050.00,62857.90,62900.00,3336.892
1786734000000,62899.90,62968.00,62781.40,62936.30,3002.679
1786737600000,62936.40,62995.10,62864.60,62878.50,1728.939
1786741200000,62878.50,62912.20,62846.70,62897.60,930.979
1786744800000,62897.70,62936.70,62770.90,62856.80,1597.601
1786748400000,62856.90,63040.30,62838.40,63015.00,1915.098
1786752000000,63014.90,63039.00,62964.40,62991.70,1097.535
1786755600000,62991.70,63015.00,62966.70,63010.70,879.952
1786759200000,63010.80,63114.00,63007.50,63113.60,1520.347
1786762800000,63113.60,63170.00,63014.00,63030.30,1666.448
1786766400000,63030.30,63127.50,63030.30,63092.50,885.606
1786770000000,63092.50,63127.50,63013.40,63055.40,1159.429
1786773600000,63055.50,63108.30,63003.80,63087.30,978.661
1786777200000,63087.20,63104.30,63011.00,63049.80,1537.473
1786780800000,63049.90,63058.40,62902.00,62908.50,1687.577
1786784400000,62908.60,63019.90,62890.20,62999.10,1725.527
1786788000000,62999.20,63025.40,62971.90,63015.60,672.563
1786791600000,63015.70,63031.40,62967.90,62993.10,763.325
1786795200000,62993.00,63030.40,62920.90,63028.80,1276.574
1786798800000,63028.80,63058.20,62992.20,63031.30,1175.084
1786802400000,63031.20,63031.30,62961.90,63011.70,797.520
1786806000000,63011.70,63096.70,62997.90,63068.00,1055.600
1786809600000,63068.10,63097.30,63032.70,63066.30,999.172
1786813200000,63066.30,63077.80,63032.10,63043.50,544.085
1786816800000,63043.40,63083.00,63011.60,63026.30,1116.068
1786820400000,63026.30,63093.60,63026.20,63093.60,898.285
1786824000000,63093.60,63093.60,63040.10,63077.10,479.901
1786827600000,63077.00,63138.70,63068.90,63123.70,790.999
1786831200000,63123.80,63141.60,63096.60,63100.70,678.759
1786834800000,63100.70,63110.30,63049.90,63053.90,744.695
1786838400000,63053.90,63057.40,63032.90,63051.10,735.332
1786842000000,63051.00,63052.40,62975.90,63051.30,1037.097
1786845600000,63051.30,63132.20,62988.90,63092.30,1563.573
1786849200000,63092.40,63103.10,63080.00,63096.60,580.017
1786852800000,63096.50,63122.70,63056.60,63056.70,479.960
1786856400000,63056.60,63068.40,63007.10,63027.70,728.793
1786860000000,63027.70,63056.10,63009.20,63036.50,686.311
1786863600000,63036.50,63036.60,63024.00,63034.30,495.858
1786867200000,63034.40,63045.10,63030.10,63039.50,540.295
1786870800000,63039.60,63039.60,62936.00,62957.00,1313.992
1786874400000,62957.00,62982.10,62928.50,62979.20,1023.286
1786878000000,62979.20,62981.10,62945.90,62981.10,807.194
1786881600000,62981.10,63000.00,62959.10,62986.40,845.037
1786885200000,62986.40,63040.90,62986.30,63036.10,911.138
1786888800000,63036.10,63078.60,63031.90,63078.50,1127.530
1786892400000,63078.60,63113.80,63077.70,63113.80,1150.483
1786896000000,63113.80,63370.00,63108.40,63232.70,7768.378
1786899600000,63232.70,63247.20,63087.30,63130.70,1823.456
1786903200000,63130.60,63148.00,63092.00,63111.30,1231.306
1786906800000,63111.40,63201.70,63063.60,63082.20,1559.083
1786910400000,63082.30,63117.10,62988.30,63041.00,1583.882
1786914000000,63041.00,63067.30,62700.10,62900.00,4510.582
1786917600000,62900.10,62930.00,62681.10,62885.00,4833.639
1786921200000,62885.00,62967.00,62803.70,62876.00,2591.853
1786924800000,62876.00,62936.60,62723.90,62887.30,3253.191
1786928400000,62887.30,63230.00,62867.20,63084.00,6012.772
1786932000000,63084.10,63482.00,63008.20,63382.70,7690.808
1786935600000,63382.80,63498.00,63314.70,63409.80,4196.522
1786939200000,63409.70,63564.30,63409.70,63512.30,4683.954
1786942800000,63512.30,63572.60,63414.40,63488.00,3204.194
1786946400000,63488.10,63693.20,63447.80,63633.10,4945.539
1786950000000,63633.20,63636.30,63492.50,63493.50,2846.054
1786953600000,63493.50,63524.90,63320.20,63350.10,4969.626
1786957200000,63350.10,63405.70,63255.00,63290.10,2845.361
1786960800000,63290.10,63671.20,63265.30,63661.90,6339.423
1786964400000,63661.80,63753.00,63554.00,63600.00,5103.033
1786968000000,63600.00,63655.70,63502.40,63526.60,7564.124
1786971600000,63526.60,63776.00,63412.50,63647.00,8333.860
1786975200000,63646.90,63880.00,63561.30,63871.70,6867.205
1786978800000,63871.80,64199.90,63779.30,64169.90,14978.133
1786982400000,64169.80,64185.60,64022.30,64082.10,5899.198
1786986000000,64082.20,64388.00,63944.30,64293.10,12850.189
1786989600000,64293.20,64600.80,64243.70,64402.70,11398.121
1786993200000,64402.80,64402.80,64258.30,64280.40,3547.645
1786996800000,64280.40,64414.30,64231.30,64360.70,2390.860
1787000400000,64360.70,64405.50,64269.80,64350.30,1665.376
1787004000000,64350.20,64390.00,64247.80,64267.70,2352.839
1787007600000,64267.60,64555.40,64261.10,64504.10,4311.304
1787011200000,64504.10,64541.60,64330.00,64357.40,3099.834
1787014800000,64357.40,64361.00,64116.70,64174.90,4414.977
1787018400000,64174.90,64246.00,64000.00,64074.00,5255.036
1787022000000,64074.00,64156.70,64005.50,64147.40,3385.553
1787025600000,64147.50,64215.60,64055.00,64184.50,2972.239
1787029200000,64184.50,64245.60,64107.00,64202.70,3291.425
1787032800000,64202.70,64425.00,64130.00,64297.90,3536.995
1787036400000,64297.90,64329.80,64135.90,64170.90,2998.706
1787040000000,64170.80,64310.00,64056.40,64264.50,3399.073
1787043600000,64264.40,64264.40,64106.60,64140.50,1610.937
1787047200000,64140.50,64194.60,64100.10,64171.70,1434.300
1787050800000,64171.60,64380.00,64161.40,64326.00,3568.211
1787054400000,64326.10,64328.20,64170.20,64194.50,2094.554
1787058000000,64194.60,64262.50,63979.20,64187.50,8177.518
1787061600000,64187.60,65057.90,64187.50,64683.60,24838.684
1787065200000,64683.50,64861.00,64615.00,64823.90,5715.988
1787068800000,64823.90,64861.70,64642.50,64804.70,4138.217
1787072400000,64804.70,64804.80,64634.30,64634.30,2884.983
1787076000000,64634.40,64793.80,64621.90,64744.70,1964.354
1787079600000,64744.70,64773.50,64611.30,64619.70,1956.137
1787083200000,64619.80,64631.00,64528.90,64547.50,2114.031
1787086800000,64547.40,64628.20,64532.70,64576.00,1341.005
1787090400000,64576.00,64621.80,64528.40,64607.00,1474.724
1787094000000,64607.00,64755.50,64598.70,64694.00,1846.407
1787097600000,64694.10,64705.70,64451.10,64459.40,3008.166
1787101200000,64459.30,64523.20,64354.10,64371.60,3713.200
1787104800000,64371.60,64389.10,64315.00,64322.10,2628.600
1787108400000,64322.10,64390.40,64252.00,64296.30,2896.920
1787112000000,64296.30,64367.80,64262.30,64285.40,2133.047
1787115600000,64285.40,64382.20,64204.60,64209.10,2318.548
1787119200000,64209.20,64321.30,64131.30,64315.10,4535.412
1787122800000,64315.10,64377.50,64244.00,64266.10,3345.037
1787126400000,64266.00,64482.50,64219.60,64385.00,3886.868
1787130000000,64385.10,64446.40,64323.20,64395.30,1865.222
1787133600000,64395.40,64431.00,64333.40,64423.90,2397.835
1787137200000,64423.90,64509.70,64417.30,64479.00,2920.218
1787140800000,64479.10,64961.90,64440.00,64857.30,14924.672
1787144400000,64857.30,65190.00,64757.60,64984.10,22886.726
1787148000000,64984.10,65950.00,64984.10,65895.60,32824.906
1787151600000,65895.50,70450.00,65863.20,68523.70,103351.850
1787155200000,68523.70,68998.00,68373.00,68430.70,22434.140
1787158800000,68430.70,68512.30,67803.60,68170.60,18732.512
1787162400000,68170.50,68430.10,68010.20,68360.70,6368.812
1787166000000,68360.80,68460.40,68070.40,68404.10,7452.061
1787169600000,68404.10,69591.00,68356.90,69016.10,17877.437
1787173200000,69016.00,70048.20,68946.70,69685.10,27698.633
1787176800000,69685.10,69813.30,68950.30,69227.10,10500.854
1787180400000,69227.10,69439.60,69130.40,69310.00,5794.806
1787184000000,69310.10,69765.50,69286.70,69389.10,7999.323
1787187600000,69389.20,69867.90,69245.90,69691.40,7170.612
1787191200000,69691.50,69800.00,69247.50,69284.60,7638.714
1787194800000,69284.60,69342.50,68882.10,69183.50,8407.260
1787198400000,69183.50,69622.00,69155.00,69480.10,5135.099
1787202000000,69480.00,69657.70,69350.00,69408.30,6039.330
1787205600000,69408.40,69921.90,69330.30,69838.80,7770.864
1787209200000,69838.80,69999.00,69482.00,69815.90,8339.512
1787212800000,69815.90,71799.60,69771.80,71560.60,48626.779
1787216400000,71560.50,72081.70,71449.30,71781.20,23225.419
1787220000000,71781.20,72487.50,71690.00,71978.20,18551.815
1787223600000,71978.10,72300.10,71783.50,71896.20,10448.470
1787227200000,71896.20,71990.80,71435.60,71930.10,15605.441
1787230800000,71930.10,72099.00,71100.00,71663.70,19006.555
1787234400000,71663.70,71967.70,71309.40,71792.90,10563.446
1787238000000,71793.00,72849.90,71760.10,72429.00,26731.833
1787241600000,72429.10,72887.90,72159.80,72805.90,9519.638
1787245200000,72806.00,72945.30,72482.90,72694.60,8640.844
1787248800000,72694.50,72780.00,72352.30,72398.40,8631.450
1787252400000,72398.40,72748.10,72280.10,72649.70,4779.779
1787256000000,72649.80,73106.90,72554.00,72638.50,6624.961
1787259600000,72638.50,72819.20,72514.80,72706.90,3058.172
1787263200000,72706.90,72854.30,72458.70,72648.50,4415.149
1787266800000,72648.40,73399.70,72625.00,72998.70,12531.358
1787270400000,72998.80,73985.80,72992.40,73682.10,17552.213
1787274000000,73682.10,75767.50,73635.10,75103.30,39782.588
1787277600000,75103.30,75175.00,74347.00,74410.60,15829.449
1787281200000,74410.70,74847.30,74214.40,74482.90,10254.851
1787284800000,74482.90,75000.00,74482.80,74990.30,7186.851
1787288400000,74990.40,75472.00,74871.60,75433.00,12799.658
1787292000000,75433.10,75720.80,75066.00,75613.30,11726.347
1787295600000,75613.30,76900.00,75577.00,76310.40,39329.551
1787299200000,76310.30,79555.50,76253.20,79269.00,61417.857
1787302800000,79268.90,79372.80,77255.00,77900.60,53147.863
1787306400000,77900.50,78243.50,77600.90,77803.30,11866.675
1787310000000,77803.20,77858.00,76393.10,76749.00,27863.595
1787313600000,76748.90,77487.20,76537.80,77228.10,16233.661
1787317200000,77228.10,77721.90,76237.00,77244.30,24468.433
1787320800000,77244.40,77450.00,76538.90,77387.70,17198.886
1787324400000,77387.70,77871.60,77157.30,77219.80,11451.783
1787328000000,77219.80,77549.00,76757.00,77462.30,9741.837
1787331600000,77462.30,77711.10,77162.80,77381.80,8982.590
1787335200000,77381.70,77543.80,76576.40,77115.40,11024.729
1787338800000,77115.40,77328.60,76817.60,76995.40,5309.034
1787342400000,76995.40,77517.40,76815.60,77480.00,5624.118
1787346000000,77480.00,78666.00,77345.90,78491.50,14202.248
1787349600000,78491.40,78748.80,78061.60,78436.80,10842.943
1787353200000,78436.80,78705.80,78093.30,78309.10,6424.312
1787356800000,78309.10,78486.60,77649.70,77921.60,8031.792
1787360400000,77921.60,78223.10,77780.90,77807.70,4596.191
1787364000000,77807.60,78549.90,77763.00,78467.90,5863.939
1787367600000,78467.90,78831.80,78344.30,78395.00,6088.611
1787371200000,78395.00,78815.20,78183.10,78453.30,5979.954
1787374800000,78453.20,78589.90,76510.00,77371.60,27422.098
1787378400000,77371.50,77564.10,76963.50,77476.60,6868.833
1787382000000,77476.60,77675.00,77201.40,77286.70,5117.109
1787385600000,77286.70,77430.00,77012.90,77193.50,5677.897
1787389200000,77193.50,77385.00,76816.40,77047.50,5740.672
1787392800000,77047.60,77194.80,76512.90,76975.70,9733.902
1787396400000,76975.70,77224.90,76815.60,77137.90,4987.271
1787400000000,77137.90,77390.00,77081.70,77295.60,3765.510
1787403600000,77295.60,77381.10,77104.70,77290.60,2485.317
1787407200000,77290.60,77322.00,76936.10,77018.60,3658.325
1787410800000,77018.60,77118.30,76888.00,76995.60,2501.087
1787414400000,76995.60,77590.60,76969.40,77299.00,4869.702
1787418000000,77299.00,77394.90,77081.10,77289.20,2564.264
1787421600000,77289.10,77370.90,77139.80,77276.50,1373.264
1787425200000,77276.50,77484.30,77209.40,77422.40,1548.910
1787428800000,77422.30,77498.00,77267.60,77330.30,1609.542
1787432400000,77330.30,77330.30,76818.10,76862.80,3459.906
1787436000000,76862.80,77173.00,76772.00,77000.80,3675.984
1787439600000,77000.90,77146.10,76905.30,77084.50,1317.364
1787443200000,77084.50,77377.40,77058.90,77308.00,2238.181
1787446800000,77308.10,77423.80,77169.50,77202.10,2706.332
1787450400000,77202.10,77227.60,77015.80,77080.60,2226.928
1787454000000,77080.60,77158.30,76842.10,76941.10,3375.125
1787457600000,76941.20,77046.80,76425.40,76610.70,8498.955
1787461200000,76610.70,76747.70,75588.00,76064.90,22939.296
1787464800000,76065.00,76380.20,75870.00,76110.30,6569.908
1787468400000,76110.30,76368.80,75900.00,76020.30,4194.267
1787472000000,76020.20,76694.30,75966.70,76486.50,7368.871
1787475600000,76486.50,76656.60,76470.00,76540.20,2722.155
1787479200000,76540.30,76940.10,76535.50,76784.40,5920.259
1787482800000,76784.40,77400.00,76738.00,77296.00,8697.874
1787486400000,77296.10,77300.00,77003.80,77202.90,3448.487
1787490000000,77203.00,77771.60,77189.80,77471.80,8393.742
1787493600000,77471.70,77636.30,76762.10,77174.10,10800.613
1787497200000,77174.20,77317.00,76900.00,77124.00,4205.655
1787500800000,77124.00,77450.00,77124.00,77389.00,2455.419
1787504400000,77389.00,77420.00,77115.80,77158.30,2367.621
1787508000000,77158.20,77381.50,77075.10,77317.60,2673.438
1787511600000,77317.70,77467.80,77217.20,77305.10,1574.190
1787515200000,77305.00,77438.50,77167.30,77376.70,1246.297
1787518800000,77376.70,78057.60,77376.70,77808.80,8328.816
1787522400000,77808.70,77960.60,77535.30,77578.40,3657.937
1787526000000,77578.40,77803.00,77252.50,77719.10,4470.968
1787529600000,77719.00,77728.40,77104.80,77674.10,5661.933
1787533200000,77674.10,77715.90,76888.00,76892.90,6701.374
1787536800000,76892.90,77542.20,76857.10,77461.70,6580.441
1787540400000,77461.60,77516.70,76916.10,76925.20,4688.387
1787544000000,76925.20,77249.00,76649.00,76889.90,6070.600
1787547600000,76889.90,77230.20,76829.30,77139.30,4986.745
1787551200000,77139.30,77520.00,77053.50,77455.50,5253.388
1787554800000,77455.50,77789.70,77272.70,77301.80,5516.272
1787558400000,77301.80,77402.00,76802.90,77032.90,7386.267
1787562000000,77032.90,77598.10,77012.70,77546.20,5668.213
1787565600000,77546.30,78016.60,77525.50,77614.30,10775.098
1787569200000,77614.30,78594.20,77434.80,78429.40,17419.924
1787572800000,78429.40,79324.20,77950.00,79146.40,17591.131
1787576400000,79146.30,79440.80,77800.00,78565.20,25905.710
1787580000000,78565.30,79810.80,78556.80,79481.10,29141.641
1787583600000,79481.10,79974.80,78777.80,79069.30,22539.614
1787587200000,79069.30,79839.80,78839.00,79021.90,13799.995
1787590800000,79022.00,79161.00,78410.00,78726.30,14827.665
1787594400000,78726.30,79053.00,78680.00,78902.10,5396.806
1787598000000,78902.00,79089.10,78520.60,78715.10,6510.704
1787601600000,78715.10,78961.40,78520.30,78905.70,3505.798
1787605200000,78906.20,79012.60,78810.70,78944.30,2196.917
1787608800000,78944.20,78958.40,78619.20,78703.80,2042.422
1787612400000,78703.90,78971.00,78579.70,78953.00,2335.305
1787616000000,78952.90,79859.30,78675.70,79703.10,10347.752
1787619600000,79703.10,79958.00,79439.30,79806.10,9324.995
1787623200000,79806.10,81270.50,79710.00,80630.40,31306.468
1787626800000,80630.40,80932.00,80286.00,80457.60,9794.530
1787630400000,80457.60,80588.60,80128.00,80348.90,6846.184
1787634000000,80348.80,80800.00,80301.90,80709.70,7939.657
1787637600000,80709.70,80912.00,80383.40,80549.00,6582.725
1787641200000,80548.90,80789.00,79288.50,79661.50,16749.651
