openTime,open,high,low,close,volume
1771923600000,63357.20,63384.00,62900.00,63213.30,5799.677
1771927200000,63213.40,63341.60,63068.60,63250.00,3115.546
1771930800000,63250.00,63295.90,63027.00,63192.20,3404.000
1771934400000,63192.10,63319.20,62923.00,62936.00,5583.868
1771938000000,62935.90,63083.70,62401.70,62877.00,16775.853
1771941600000,62877.00,63807.50,62727.00,63422.00,19172.078
1771945200000,63422.00,63993.10,63270.60,63933.40,14213.937
1771948800000,63933.40,64388.00,63664.80,64227.30,17533.603
1771952400000,64227.40,64491.00,64013.50,64188.80,10364.420
1771956000000,64188.80,64478.50,63850.00,64395.10,8711.554
1771959600000,64395.10,64719.10,64214.30,64405.40,7655.551
1771963200000,64405.40,64566.50,64281.50,64430.80,3535.966
1771966800000,64430.80,64430.80,63769.20,64009.20,7279.071
1771970400000,64009.20,64200.00,63943.50,64091.80,2811.420
1771974000000,64091.80,64217.20,63821.50,64031.30,3706.044
1771977600000,64031.40,64288.00,63876.00,64188.90,3357.423
1771981200000,64189.00,66283.10,64106.00,65860.40,33987.242
1771984800000,65860.40,66279.10,65817.20,65852.00,10049.211
1771988400000,65852.00,65928.70,65310.50,65361.70,9461.209
1771992000000,65361.70,65627.50,65053.90,65427.90,7601.452
1771995600000,65428.00,65488.20,64720.40,64847.90,9492.636
1771999200000,64847.90,65098.50,64828.80,64862.60,4110.235
1772002800000,64862.60,65160.40,64735.50,65001.10,5408.190
1772006400000,65001.20,65550.00,64929.70,65490.90,6516.588
1772010000000,65491.00,65674.10,65389.40,65524.20,5041.966
1772013600000,65524.20,65640.00,65303.70,65364.40,3393.598
1772017200000,65364.50,65457.30,65161.00,65396.70,4109.429
1772020800000,65396.60,66222.00,65280.10,66038.70,12344.160
1772024400000,66038.70,66687.10,65987.30,66209.50,16065.453
1772028000000,66209.50,66985.50,66179.20,66936.90,17904.632
1772031600000,66936.70,67548.00,66680.00,67362.30,23031.077
1772035200000,67362.40,68300.50,67354.20,68249.90,20141.855
1772038800000,68249.90,68842.00,67977.70,68625.60,21743.254
1772042400000,68625.60,69531.30,68340.00,69293.30,23250.448
1772046000000,69293.30,69375.10,68720.80,69005.20,12030.281
1772049600000,69005.20,69350.00,68567.90,69104.90,11219.910
1772053200000,69104.90,69999.00,68720.00,68874.20,16882.927
1772056800000,68874.20,69149.70,68014.80,68402.00,10522.275
1772060400000,68402.00,68665.20,67557.00,67952.50,11573.367
1772064000000,67952.50,68504.30,67690.10,68294.40,9314.348
1772067600000,68294.30,68666.00,68172.60,68213.90,5815.129
1772071200000,68213.90,68346.40,67756.80,68219.20,5909.991
1772074800000,68219.10,68350.00,68003.70,68187.50,3139.778
1772078400000,68187.40,68850.00,68150.00,68533.10,6339.379
1772082000000,68533.10,68534.30,68080.00,68408.20,5313.482
1772085600000,68408.30,68487.80,68025.50,68146.10,3448.274
1772089200000,68146.10,68269.90,67780.00,67800.00,4904.038
1772092800000,67800.00,68218.30,67750.00,67923.30,5660.488
1772096400000,67923.40,68617.30,67900.00,68553.00,7564.554
1772100000000,68553.00,68689.70,68221.90,68271.90,5677.056
1772103600000,68272.00,68371.30,67952.00,68025.20,4131.917
1772107200000,68025.20,68270.90,67968.20,68140.90,4562.323
1772110800000,68140.90,68187.00,67810.20,67877.80,5085.134
1772114400000,67877.80,68263.50,67235.80,67659.80,18560.813
1772118000000,67659.80,67707.80,66730.70,67353.40,22208.114
1772121600000,67353.30,67558.70,66462.00,66617.30,17506.162
1772125200000,66617.30,67026.80,66567.90,66795.50,9250.342
1772128800000,66795.40,67347.40,66536.10,67268.90,10783.800
1772132400000,67268.80,67888.00,67246.30,67550.70,9781.421
1772136000000,67550.70,67790.10,67250.30,67386.50,5013.719
1772139600000,67386.60,67549.90,67114.00,67432.10,3217.343
1772143200000,67432.10,67592.90,67269.10,67531.40,2128.634
1772146800000,67531.30,67618.10,67352.30,67448.20,2520.816
1772150400000,67448.10,67502.90,66959.00,67190.30,5416.236
1772154000000,67190.30,67344.60,66841.60,67315.90,7510.213
1772157600000,67315.90,67500.00,67220.00,67226.50,4414.605
1772161200000,67226.40,67670.00,67050.00,67557.40,4966.812
1772164800000,67557.40,68188.80,67533.80,67709.20,11610.448
1772168400000,67709.10,67887.90,67634.00,67685.80,3511.289
1772172000000,67685.80,67787.30,67470.00,67617.10,3421.470
1772175600000,67617.10,67733.70,67417.40,67644.10,4247.954
1772179200000,67644.10,68050.00,67618.50,67897.40,5538.297
1772182800000,67897.50,68127.80,67245.00,67318.40,8171.319
1772186400000,67318.30,67381.00,66540.40,66575.10,17347.378
1772190000000,66575.20,66762.60,65923.00,66094.10,19157.119
1772193600000,66094.00,66198.00,65714.20,65902.40,10737.721
1772197200000,65902.50,66320.00,65626.10,66240.00,15499.709
1772200800000,66240.00,66300.00,65656.00,65855.50,16692.908
1772204400000,65855.40,66289.80,65804.80,66072.60,10996.948
1772208000000,66072.50,66095.20,65433.20,65449.30,13536.014
1772211600000,65449.30,65724.30,65080.00,65673.00,12844.531
1772215200000,65672.90,65772.40,65180.00,65284.80,6397.309
1772218800000,65284.80,65433.70,65135.30,65365.40,4953.940
1772222400000,65365.40,65638.00,65365.40,65564.20,4137.960
1772226000000,65564.30,65721.60,65366.50,65502.30,3322.086
1772229600000,65502.20,65647.20,64875.60,65609.00,7159.562
1772233200000,65609.00,65921.70,65517.60,65836.00,4365.536
1772236800000,65836.00,65990.00,65681.90,65906.30,3731.321
1772240400000,65906.30,65943.60,65701.20,65747.20,2477.010
1772244000000,65747.30,65994.70,65734.20,65926.90,1986.768
1772247600000,65927.00,65949.70,65700.90,65763.80,2469.945
1772251200000,65763.80,65786.80,65441.00,65632.00,4292.979
1772254800000,65632.10,65700.00,65462.10,65558.60,2751.317
1772258400000,65558.60,65560.00,62979.50,63173.80,43103.630
1772262000000,63173.80,64298.70,62981.20,63788.40,27050.351
1772265600000,63787.40,63851.30,63356.10,63439.70,11400.498
1772269200000,63439.60,63923.60,63313.90,63621.40,7329.197
1772272800000,63621.30,64030.00,63377.50,63964.50,7531.393
1772276400000,63964.50,64267.90,63736.00,63810.40,9652.625
1772280000000,63810.40,64053.30,63782.20,63980.00,4061.843
1772283600000,63979.90,65190.00,63865.60,65069.50,19174.396
1772287200000,65069.50,65335.80,64239.30,64402.40,22265.916
1772290800000,64402.50,64991.80,64175.80,64800.00,10106.884
1772294400000,64800.10,65170.50,64635.00,65053.80,5441.518
1772298000000,65053.70,65581.30,64800.00,65395.40,7093.869
1772301600000,65395.30,66165.80,65139.40,65873.00,11466.289
1772305200000,65872.90,66642.80,65557.30,66318.10,15159.578
1772308800000,66318.10,67138.00,66150.00,66918.60,12499.792
1772312400000,66918.60,67009.90,66329.70,66684.80,10109.567
1772316000000,66684.80,67735.00,66579.10,67081.40,11439.266
1772319600000,67081.40,67183.30,66688.30,66937.10,5326.834
1772323200000,66937.00,67089.60,66578.30,66755.60,5453.855
1772326800000,66755.50,67686.70,65812.00,67311.60,22231.963
1772330400000,67311.70,68189.00,67305.20,67588.30,21306.568
1772334000000,67588.30,67793.40,67351.00,67474.70,7567.478
1772337600000,67474.80,67582.20,67017.40,67313.00,7115.379
1772341200000,67313.10,67547.30,67163.50,67264.20,4624.974
1772344800000,67264.20,67320.00,66757.20,66890.10,8291.891
1772348400000,66890.00,67201.20,66757.90,67113.90,4429.365
1772352000000,67114.00,67275.50,66429.80,66535.00,7870.480
1772355600000,66535.00,66745.40,66205.80,66380.10,7940.514
1772359200000,66380.10,66720.20,66160.40,66430.00,6282.750
1772362800000,66429.90,66638.00,66344.00,66439.00,3236.298
1772366400000,66439.00,66525.90,66211.60,66270.60,3458.030
1772370000000,66270.50,67333.00,66100.00,66907.10,13102.466
1772373600000,66907.20,67280.00,66702.90,66817.50,8503.088
1772377200000,66817.50,67219.10,66770.20,66810.80,6402.057
1772380800000,66810.80,67083.00,65777.00,66112.20,14881.785
1772384400000,66112.20,66200.00,65681.30,65956.80,10459.874
1772388000000,65956.70,66656.00,65954.20,66288.10,8012.274
1772391600000,66288.00,66325.80,65750.00,65926.00,5738.349
1772395200000,65925.90,65932.00,65030.30,65255.70,11496.845
1772398800000,65255.70,65726.70,65242.00,65629.30,4805.846
1772402400000,65629.20,66888.00,65011.00,65241.00,16839.769
1772406000000,65241.00,66052.60,65092.40,65750.00,9059.538
1772409600000,65749.90,66766.00,65726.00,66472.50,9209.574
1772413200000,66472.60,67082.50,66326.70,66500.00,7438.848
1772416800000,66500.00,66585.00,65842.50,66242.20,6462.206
1772420400000,66242.20,67014.90,66071.00,66787.30,6935.105
1772424000000,66787.30,66950.00,66600.10,66825.10,4900.156
1772427600000,66825.20,66966.00,66513.80,66701.20,4040.023
1772431200000,66701.20,66703.10,66015.00,66176.90,6189.233
1772434800000,66176.80,66182.90,65509.00,65981.30,8780.148
1772438400000,65981.20,66279.20,65612.40,66247.90,7684.981
1772442000000,66247.90,66707.50,66118.80,66132.30,8485.670
1772445600000,66132.30,66368.50,66039.60,66284.00,3720.637
1772449200000,66284.00,66455.70,65973.10,66329.90,5955.186
1772452800000,66329.80,66369.10,65879.60,65927.80,4353.668
1772456400000,65927.70,66111.90,65319.90,65412.30,10340.986
1772460000000,65412.30,67188.00,65234.40,67128.70,27469.276
1772463600000,67128.60,69588.00,66911.20,69089.10,58354.380
1772467200000,69089.10,70100.00,68871.60,69395.60,34435.940
1772470800000,69395.20,69549.20,68757.60,69170.30,14982.278
1772474400000,69170.00,69247.10,68700.10,68853.80,9943.864
1772478000000,68853.80,69039.10,68519.80,68928.40,9926.528
1772481600000,68928.40,69468.40,68529.50,69054.20,11481.181
1772485200000,69054.10,69500.00,68953.90,69366.90,4924.284
1772488800000,69366.90,69459.00,69103.00,69414.20,4427.311
1772492400000,69414.20,69453.80,68700.00,68801.80,6936.569
1772496000000,68801.80,69132.20,68600.00,69051.90,5873.573
1772499600000,69051.80,69221.60,68717.40,68724.60,4829.284
1772503200000,68724.50,68744.00,68142.10,68478.10,10001.474
1772506800000,68478.00,68516.20,68186.40,68349.30,3949.677
1772510400000,68349.40,68425.70,68018.00,68093.00,4139.493
1772514000000,68093.10,68561.90,67801.00,67911.60,9362.483
1772517600000,67911.60,68248.00,67759.60,68070.00,6540.543
1772521200000,68070.00,68264.20,67915.20,68138.30,5141.807
1772524800000,68138.20,68281.60,66853.50,66972.70,18782.595
1772528400000,66972.80,67157.00,66270.70,66614.50,19131.814
1772532000000,66614.40,67035.60,66400.00,66826.30,10902.445
1772535600000,66826.40,67134.80,66729.00,67000.00,8766.398
1772539200000,67000.00,68000.00,67000.00,67360.10,14562.660
1772542800000,67360.10,67400.00,66600.50,66893.60,11113.994
1772546400000,66893.70,67559.00,66080.00,66539.90,22608.560
1772550000000,66539.90,67830.90,66424.10,67692.50,19647.813
1772553600000,67692.50,68972.90,67440.00,68137.40,29658.399
1772557200000,68137.40,68377.90,67582.60,68280.50,12272.207
1772560800000,68280.50,68885.00,67934.20,68589.90,9732.567
1772564400000,68590.00,68845.80,68260.00,68395.90,9839.050
1772568000000,68395.90,68557.40,68042.40,68232.90,5543.550
1772571600000,68233.30,68233.30,67778.40,67976.50,5601.340
1772575200000,67976.50,68485.50,67976.50,68275.10,3828.395
1772578800000,68275.20,68821.50,68206.40,68295.30,5639.779
1772582400000,68295.20,68383.40,67826.00,68065.80,6011.630
1772586000000,68065.80,68887.90,67922.40,68377.90,11304.590
1772589600000,68384.60,68419.70,67950.00,68286.00,5555.688
1772593200000,68286.00,68360.20,67350.00,67700.10,10820.920
1772596800000,67700.10,67926.90,67421.90,67755.80,8295.566
1772600400000,67755.80,68353.90,67635.40,68173.20,6613.261
1772604000000,68173.20,68650.10,68001.70,68472.20,8162.030
1772607600000,68472.30,69676.40,68316.00,69464.50,16259.938
1772611200000,69464.50,71200.00,69100.20,70993.70,30573.652
1772614800000,70993.70,71887.90,70700.00,71487.10,36488.931
1772618400000,71487.10,71844.00,71155.10,71310.90,16418.918
1772622000000,71310.80,71468.00,70893.10,71082.40,11129.631
1772625600000,71082.30,71340.00,70559.70,71307.80,14975.823
1772629200000,71307.90,71589.80,71177.70,71447.90,9645.846
1772632800000,71448.00,72630.00,71234.60,71580.50,36307.387
1772636400000,71580.40,73436.40,71527.60,73339.70,31689.444
1772640000000,73339.70,73473.00,72467.20,73241.20,19384.847
1772643600000,73241.20,73702.10,72858.00,73174.20,18949.695
1772647200000,73174.30,73686.60,72854.00,73651.40,11649.014
1772650800000,73651.30,74046.50,73470.00,73580.20,17042.452
1772654400000,73580.30,73678.20,72961.80,72971.80,7734.423
1772658000000,72973.30,73290.80,72830.80,73273.50,6584.225
1772661600000,73273.60,73495.00,72601.20,72678.90,6322.508
1772665200000,72678.90,72885.10,72273.00,72641.40,9223.077
1772668800000,72641.40,72972.80,72511.50,72725.00,5461.309
1772672400000,72725.10,73295.70,72369.30,72507.80,8015.490
1772676000000,72507.80,72856.30,72300.00,72468.90,5624.209
1772679600000,72469.00,72718.10,72305.80,72469.60,4490.677
1772683200000,72469.50,73060.00,72412.80,72784.00,7056.768
1772686800000,72784.10,72897.90,72200.60,72374.90,5711.142
1772690400000,72375.00,72637.80,72000.10,72520.30,9364.676
1772694000000,72520.30,72650.00,71740.00,72025.50,10496.501
1772697600000,72025.40,72340.00,71716.30,72307.60,7873.804
1772701200000,72307.60,72863.00,72272.00,72563.20,8980.675
1772704800000,72563.10,73539.10,72480.60,73347.00,13356.231
1772708400000,73346.90,73410.90,72745.40,72879.90,8191.802
1772712000000,72880.00,73032.00,72625.10,72842.20,6507.231
1772715600000,72842.20,72896.80,72150.10,72435.50,11672.873
1772719200000,72435.50,72817.00,71900.10,72574.70,15877.660
1772722800000,72574.70,72741.40,71136.20,71611.70,28134.123
1772726400000,71611.70,71620.60,70753.30,71267.90,23809.250
1772730000000,71267.90,71537.20,70612.80,70668.50,11791.622
1772733600000,70668.50,71052.50,70622.10,70962.80,7008.813
1772737200000,70962.90,71444.80,70836.00,70875.50,8352.600
1772740800000,70875.50,71360.90,70805.90,71206.20,5278.268
1772744400000,71205.80,71530.40,70974.50,71099.70,5394.081
1772748000000,71099.60,71340.00,71022.10,71170.90,3506.972
1772751600000,71170.90,71268.10,70737.90,70854.80,4211.503
1772755200000,70854.80,71024.90,70740.00,70952.50,3722.132
1772758800000,70952.50,71257.60,70339.60,71217.00,10302.634
1772762400000,71217.00,71387.50,70976.80,71204.10,5832.058
1772766000000,71204.00,71253.00,70955.00,71045.40,3423.096
1772769600000,71045.40,71081.50,70212.10,70578.10,8042.787
1772773200000,70578.20,70628.70,70100.00,70396.40,8954.235
1772776800000,70396.40,70830.90,70220.90,70565.50,5493.066
1772780400000,70565.50,71168.00,70430.70,71026.70,7121.896
1772784000000,71026.70,71035.30,70696.40,70750.20,5540.301
1772787600000,70750.20,70789.90,70254.50,70521.40,7216.330
1772791200000,70521.30,70768.20,70430.20,70506.80,5855.599
1772794800000,70506.80,70621.00,70164.90,70185.60,6456.736
1772798400000,70185.60,70200.70,69617.00,69895.20,16131.245
1772802000000,69895.20,70328.50,69179.40,69189.60,19434.724
1772805600000,69189.60,69241.10,68121.60,68367.60,32722.829
1772809200000,68367.70,69079.60,68258.80,68468.40,16443.814
1772812800000,68468.30,68759.50,68186.00,68410.20,9474.656
1772816400000,68410.20,68611.40,67712.30,67930.70,13802.563
1772820000000,67930.60,68444.00,67921.50,68144.00,7159.918
1772823600000,68143.90,68450.00,67967.20,68101.00,4463.330
1772827200000,68100.90,68259.00,67731.00,68078.20,6522.438
1772830800000,68078.10,68306.60,67890.70,68258.30,3942.370
1772834400000,68258.30,68406.60,68190.00,68291.20,2405.901
1772838000000,68291.20,68343.40,68059.70,68083.00,2918.045
1772841600000,68083.00,68372.30,68075.30,68243.20,3947.187
1772845200000,68243.10,68332.00,68140.00,68222.20,2165.539
1772848800000,68222.20,68346.60,68018.70,68320.10,3311.096
1772852400000,68320.00,68524.90,68063.00,68063.20,4750.837
1772856000000,68063.30,68130.70,67764.10,68028.00,4612.641
1772859600000,68028.00,68111.20,67867.40,67990.10,3104.785
1772863200000,67990.00,67998.00,67570.30,67665.70,5214.520
1772866800000,67665.90,67837.40,67411.00,67809.40,7321.815
1772870400000,67809.50,68035.30,67675.00,67767.60,4204.746
1772874000000,67767.60,68045.30,67700.00,67970.50,2627.490
1772877600000,67970.50,68078.00,67835.10,67851.60,2423.835
1772881200000,67851.70,68215.60,67808.40,67975.90,4583.017
1772884800000,67976.00,68050.60,67855.20,67954.60,2241.462
1772888400000,67954.60,68042.30,67810.00,67891.30,2874.732
1772892000000,67891.20,68061.10,67568.40,67980.10,5505.818
1772895600000,67980.10,68000.00,67732.10,67844.80,2756.401
1772899200000,67844.80,67859.10,67663.30,67757.50,2484.100
1772902800000,67757.60,67913.60,67728.10,67749.70,1634.560
1772906400000,67749.70,67749.80,67400.00,67530.80,5378.419
1772910000000,67530.80,67537.40,66850.10,67042.60,10028.411
1772913600000,67042.60,67397.50,67028.00,67354.40,4183.176
1772917200000,67354.40,67445.90,67233.50,67416.40,2984.912
1772920800000,67416.30,67434.30,67058.00,67220.00,3495.084
1772924400000,67220.00,67373.90,67137.40,67232.10,2735.579
1772928000000,67232.10,67459.00,67138.00,67161.00,3238.005
1772931600000,67161.00,67329.70,67055.30,67266.30,3186.835
1772935200000,67266.20,67399.80,66720.80,66894.80,6471.532
1772938800000,66894.90,67060.50,66804.00,66974.90,3989.017
1772942400000,66974.90,67059.90,66508.00,66602.70,6115.794
1772946000000,66602.70,67221.10,66584.00,67115.40,5510.805
1772949600000,67115.30,67202.50,67002.40,67134.30,2597.991
1772953200000,67134.40,67430.00,67121.30,67277.20,4329.469
1772956800000,67277.10,67565.30,67121.10,67490.90,4182.357
1772960400000,67491.00,67888.00,67432.70,67662.90,7791.766
1772964000000,67663.00,68171.60,67659.50,67869.10,7938.315
1772967600000,67869.00,67869.00,67377.00,67490.00,7889.439
1772971200000,67490.10,67623.00,66851.30,67286.00,9841.173
1772974800000,67286.00,67411.30,66730.00,67196.90,9377.126
1772978400000,67196.80,67399.90,67018.00,67304.10,4444.089
1772982000000,67304.10,67333.10,67030.10,67174.70,3677.216
1772985600000,67174.60,67232.00,66761.80,66829.90,5456.960
1772989200000,66830.00,67151.70,66752.50,67017.00,4587.480
1772992800000,67017.10,67047.30,66707.00,66777.50,3290.315
1772996400000,66777.60,67459.20,66746.00,67299.00,5520.081
1773000000000,67299.00,67496.40,67000.00,67195.70,5379.717
1773003600000,67195.60,67231.90,66666.60,66977.10,4698.142
1773007200000,66977.10,66978.30,65569.20,66198.40,28794.349
1773010800000,66198.40,66527.20,65880.00,65934.30,7440.000
1773014400000,65934.30,66730.00,65770.50,66326.90,9031.717
1773018000000,66326.80,66655.50,66081.50,66150.10,8094.460
1773021600000,66150.10,66678.20,65916.90,66500.00,8121.416
1773025200000,66500.10,67646.00,66476.90,67165.30,16188.390
1773028800000,67165.30,67593.00,67067.30,67100.30,6821.112
1773032400000,67100.30,68038.40,67080.20,67869.60,19434.419
1773036000000,67869.70,67894.00,67177.00,67229.80,7260.539
1773039600000,67229.90,67536.90,66833.90,67504.80,9142.616
1773043200000,67504.90,67885.30,67344.40,67772.40,7326.334
1773046800000,67772.40,68441.50,67523.00,67946.50,12990.961
1773050400000,67946.40,68058.20,67518.00,67571.20,7279.910
1773054000000,67571.30,67832.60,67301.00,67723.30,5816.612
1773057600000,67723.30,68311.70,67714.20,68124.10,9150.791
1773061200000,68124.10,69273.90,68102.20,68939.90,25828.099
1773064800000,68940.00,69449.10,68641.50,69112.80,19049.533
1773068400000,69112.80,69215.00,68688.40,68832.30,10472.653
1773072000000,68832.40,69188.00,68586.40,68920.50,8276.447
1773075600000,68920.60,69056.10,68217.00,68570.00,9203.080
1773079200000,68570.00,68673.00,68200.10,68327.40,5898.916
1773082800000,68327.50,69498.00,68327.50,68951.80,16556.025
1773086400000,68951.80,69100.20,68718.00,68916.30,4040.448
1773090000000,68916.30,69064.10,68621.40,68882.70,4209.388
1773093600000,68882.70,69000.00,68554.20,68602.20,3669.173
1773097200000,68602.20,68663.00,68333.00,68394.10,3348.508
1773100800000,68394.00,69259.90,68345.00,69113.10,9307.003
1773104400000,69113.20,69362.90,68721.40,69229.00,6185.545
1773108000000,69229.00,70555.00,69064.00,70242.00,21185.276
1773111600000,70242.00,70348.10,69338.50,69391.00,14851.618
1773115200000,69391.00,70094.70,69391.00,70035.80,7588.522
1773118800000,70035.80,70330.40,69842.70,69938.30,5896.564
1773122400000,69938.30,70160.30,69719.40,69879.60,5295.311
1773126000000,69879.60,70500.00,69793.70,70374.70,9538.167
1773129600000,70374.70,71067.20,70332.20,70650.90,17259.654
1773133200000,70650.90,71272.40,70615.50,71030.40,9706.299
1773136800000,71030.50,71049.90,70619.50,70737.60,6456.746
1773140400000,70737.60,70837.10,70505.30,70570.10,5481.434
1773144000000,70570.10,70602.50,70250.20,70486.80,7433.234
1773147600000,70486.90,70888.00,69680.00,69883.70,21024.626
1773151200000,69883.70,71499.90,69184.80,71435.70,29703.516
1773154800000,71435.70,71748.10,70856.30,71296.90,21662.665
1773158400000,71296.90,71665.80,70900.00,71224.50,11120.174
1773162000000,71224.50,71412.30,70465.10,70827.10,10212.150
1773165600000,70827.10,70871.70,69854.70,69975.20,13175.467
1773169200000,69975.20,70249.10,69688.00,70005.20,8965.888
1773172800000,70005.10,70311.40,69958.10,70192.90,4454.993
1773176400000,70192.90,70375.40,69485.70,69712.80,8217.244
1773180000000,69712.90,69830.20,69388.00,69653.90,5305.285
1773183600000,69653.90,69938.20,69644.60,69901.90,5647.103
1773187200000,69901.80,70139.60,69707.80,69998.10,6635.470
1773190800000,69998.10,70114.20,69829.40,70027.80,3919.190
1773194400000,70027.90,70087.50,69563.30,69778.20,4765.802
1773198000000,69778.20,69863.00,69455.60,69517.00,4613.949
1773201600000,69517.00,70249.10,69462.10,70089.70,6002.448
1773205200000,70089.80,70162.40,69329.70,69463.70,6668.643
1773208800000,69463.70,69970.20,69454.90,69907.00,5019.578
1773212400000,69907.10,69986.80,69456.40,69622.10,4738.076
1773216000000,69622.20,69750.00,69464.00,69617.40,4399.906
1773219600000,69617.40,69729.00,69324.10,69431.20,5367.111
1773223200000,69431.30,69689.80,69350.50,69570.50,4089.022
1773226800000,69570.50,69641.60,69098.00,69144.00,5735.532
1773230400000,69144.00,69767.80,68932.90,69319.00,13495.200
1773234000000,69318.90,71060.70,69294.10,70134.80,30965.931
1773237600000,70134.80,70938.10,69917.50,70536.60,21395.633
1773241200000,70536.70,70612.50,69618.60,70186.90,15405.756
1773244800000,70187.00,70799.90,70093.20,70538.90,9608.144
1773248400000,70539.00,71286.00,70474.20,70745.10,16496.708
1773252000000,70745.10,70866.50,70353.50,70582.20,7697.976
1773255600000,70582.10,70700.00,70333.30,70600.80,3502.006
1773259200000,70600.70,70692.80,70349.50,70586.10,3275.618
1773262800000,70586.10,70766.70,70451.80,70702.30,2629.442
1773266400000,70702.40,70931.90,70200.20,70329.10,5275.465
1773270000000,70329.20,70466.00,70078.60,70150.00,3925.350
1773273600000,70150.00,70314.10,70087.10,70176.90,2964.321
1773277200000,70176.90,70188.10,69706.10,69800.80,7061.504
1773280800000,69800.70,69851.50,69180.00,69242.90,8560.615
1773284400000,69243.00,69595.90,69187.60,69402.60,6091.142
1773288000000,69402.60,69640.30,69250.10,69330.10,3849.667
1773291600000,69330.10,69514.60,69150.00,69429.90,4753.901
1773295200000,69430.00,69526.60,69320.00,69461.50,2909.494
1773298800000,69461.40,69818.80,69370.70,69782.60,6108.768
1773302400000,69782.70,70079.10,69667.30,69865.10,8311.135
1773306000000,69865.10,70377.70,69540.90,69914.90,9674.587
1773309600000,69915.00,70477.00,69815.40,70372.30,8357.019
1773313200000,70372.40,70756.50,70321.70,70388.50,8697.954
1773316800000,70388.60,70584.20,70244.70,70348.60,6574.590
1773320400000,70348.60,70490.00,69614.80,69930.50,15650.398
1773324000000,69930.40,70625.00,69303.80,69549.40,21443.973
1773327600000,69549.30,70532.00,69430.00,70282.90,16693.319
1773331200000,70282.80,70530.00,69856.40,70328.30,13571.222
1773334800000,70328.30,70499.90,70017.40,70167.30,6725.804
1773338400000,70167.30,70256.50,69754.80,69781.00,6054.058
1773342000000,69781.10,70511.20,69725.00,70393.70,6687.861
1773345600000,70393.70,70508.80,70063.70,70127.00,3586.321
1773349200000,70127.10,70433.40,70127.10,70244.50,2145.981
1773352800000,70244.40,70281.50,69974.70,70141.10,2678.993
1773356400000,70141.10,70727.90,70122.70,70480.10,7337.966
1773360000000,70480.10,71979.20,70342.70,71443.30,28271.449
1773363600000,71443.40,71738.60,71240.00,71629.90,8176.876
1773367200000,71630.00,71665.20,71006.50,71114.60,6723.880
1773370800000,71114.60,71485.60,70920.10,71366.30,5902.390
1773374400000,71366.30,71469.00,71200.00,71352.50,3522.549
1773378000000,71352.60,71616.00,71201.00,71515.40,5486.551
1773381600000,71515.50,71568.50,71150.00,71315.90,5496.209
1773385200000,71315.90,71649.70,71208.00,71585.30,8265.269
1773388800000,71585.20,72156.40,71347.10,71790.00,13687.535
1773392400000,71790.00,72060.00,71549.90,71960.00,8154.063
1773396000000,71959.90,72547.00,71953.00,72421.20,15033.044
1773399600000,72421.10,72491.00,72150.00,72189.90,6918.892
1773403200000,72189.80,72882.80,72166.10,72735.30,11703.434
1773406800000,72735.30,73568.00,72635.80,73344.80,25615.346
1773410400000,73344.70,73870.00,72328.40,72353.40,33755.741
1773414000000,72353.30,72828.20,71700.00,71800.00,24440.083
1773417600000,71800.10,72090.20,71130.60,71846.00,30212.328
1773421200000,71846.00,72215.10,70862.30,70999.50,20572.140
1773424800000,70999.50,71318.80,70811.00,71020.10,11260.354
1773428400000,71020.00,71273.10,70963.00,71148.00,5744.749
1773432000000,71148.10,71447.20,71111.10,71307.40,4345.861
1773435600000,71307.50,71452.10,71021.20,71063.10,3524.914
1773439200000,71063.10,71150.00,70510.80,70785.80,8860.743
1773442800000,70785.70,70982.90,70658.90,70895.50,4557.721
1773446400000,70895.50,70920.00,70520.50,70600.00,5679.351
1773450000000,70600.00,70872.50,70436.20,70790.30,5009.742
1773453600000,70790.30,70870.00,70690.10,70749.20,2354.624
1773457200000,70749.20,71141.70,70749.20,71034.30,4867.581
1773460800000,71034.30,71272.30,70977.00,70996.30,4016.781
1773464400000,70996.30,71119.00,70871.10,70980.70,2745.678
1773468000000,70980.70,70980.70,70256.00,70591.90,9801.249
1773471600000,70591.90,70706.00,70444.00,70565.60,4206.031
1773475200000,70565.60,70672.90,70495.00,70550.60,2289.069
1773478800000,70550.60,70707.00,70360.00,70474.70,4012.780
1773482400000,70474.70,70550.70,70350.00,70531.80,2990.127
1773486000000,70531.80,70745.10,70521.50,70705.00,2512.142
1773489600000,70705.00,70800.00,70568.00,70733.40,2977.484
1773493200000,70733.50,70900.00,70661.00,70813.40,3496.382
1773496800000,70813.30,70914.60,70532.30,70566.80,3209.641
1773500400000,70566.80,70695.70,70444.10,70554.60,3042.084
1773504000000,70554.70,70674.50,70455.60,70636.70,2249.613
1773507600000,70636.70,70707.90,70545.90,70586.10,1292.443
1773511200000,70586.20,70662.90,70515.20,70623.50,1067.167
1773514800000,70623.50,70705.70,70552.60,70664.10,1101.622
1773518400000,70664.10,70835.00,70607.70,70765.30,1658.468
1773522000000,70765.30,70784.60,70611.90,70769.60,1404.215
1773525600000,70769.50,70772.70,70661.90,70678.50,1023.816
1773529200000,70678.50,71221.90,70678.50,71174.40,6274.924
1773532800000,71174.40,71186.80,70912.80,70950.40,2792.203
1773536400000,70950.50,71000.00,70815.70,70960.80,2167.676
1773540000000,70960.80,71599.90,70960.80,71404.40,8104.479
1773543600000,71404.30,71489.60,71166.30,71314.80,4055.312
1773547200000,71314.80,71629.60,71277.10,71546.30,4456.508
1773550800000,71546.40,71750.00,71428.10,71448.60,5405.750
1773554400000,71448.50,71549.00,71343.50,71415.20,2755.295
1773558000000,71415.10,71626.10,71370.00,71420.80,3413.868
1773561600000,71420.80,71679.90,71420.80,71674.80,3017.447
1773565200000,71674.90,71897.90,71651.70,71751.30,6049.378
1773568800000,71751.30,71878.90,71676.00,71740.60,1908.317
1773572400000,71740.50,71850.00,71612.40,71800.00,3127.999
1773576000000,71800.10,71800.10,71526.90,71578.80,2657.858
1773579600000,71578.80,71650.00,71220.10,71575.30,10762.788
1773583200000,71575.30,71600.10,71311.00,71588.00,3755.556
1773586800000,71588.00,71590.00,71375.70,71444.40,2293.764
1773590400000,71444.40,71556.40,71275.00,71405.50,3825.282
1773594000000,71405.50,71971.80,71373.30,71788.00,5865.921
1773597600000,71787.90,71856.00,71275.00,71346.80,4854.116
1773601200000,71346.70,71547.70,71300.00,71515.20,2570.180
1773604800000,71515.20,71899.60,71396.40,71690.10,3727.199
1773608400000,71690.00,72200.00,71587.60,72074.60,6268.383
1773612000000,72074.60,73130.20,71681.40,72715.60,17191.267
1773615600000,72715.70,73199.90,72376.20,72778.90,15447.696
1773619200000,72778.80,72980.10,72417.90,72497.40,6246.679
1773622800000,72497.40,72819.20,72235.60,72724.10,5724.735
1773626400000,72724.20,72823.50,72333.00,72481.10,3663.383
1773630000000,72481.00,74307.30,72400.00,73539.50,35246.124
1773633600000,73539.50,74444.00,73539.40,73799.50,25110.534
1773637200000,73799.40,74237.00,73677.90,74176.50,15191.963
1773640800000,74176.60,74181.40,73549.70,73680.70,8310.378
1773644400000,73680.60,73886.00,73345.90,73427.70,7332.282
1773648000000,73427.80,73755.80,72841.90,73098.30,13412.886
1773651600000,73098.40,73299.70,73030.00,73219.70,4018.360
1773655200000,73219.70,73762.90,73159.20,73745.50,8333.953
1773658800000,73745.50,73856.60,73466.30,73515.30,5218.038
1773662400000,73515.30,74043.00,73420.40,73830.00,10877.388
1773666000000,73830.00,74481.50,73746.30,74075.00,16330.868
1773669600000,74075.00,74450.00,72926.40,73519.80,25291.011
1773673200000,73519.80,74000.00,73141.10,73240.20,12751.139
1773676800000,73240.20,73887.50,73122.00,73726.30,8627.214
1773680400000,73726.40,74066.00,73614.40,73911.70,6751.767
1773684000000,73911.70,74330.60,73818.70,73883.00,9104.554
1773687600000,73883.10,74399.90,73715.00,73928.80,7461.842
1773691200000,73928.80,74200.00,73819.00,74191.50,3463.303
1773694800000,74191.40,74777.70,74094.30,74360.30,12807.692
1773698400000,74360.30,74875.00,74331.80,74718.90,9380.607
1773702000000,74719.00,74880.00,74201.10,74846.40,8420.290
1773705600000,74846.40,75488.00,74567.10,75283.90,18886.662
1773709200000,75283.80,75998.90,75028.50,75584.70,17772.292
1773712800000,75584.60,75641.30,75068.00,75157.30,8038.383
1773716400000,75157.30,75287.90,74231.60,74424.90,13778.491
1773720000000,74424.90,74652.20,73943.30,74203.30,13603.837
1773723600000,74203.30,74428.70,73723.40,73996.00,10540.132
1773727200000,73996.00,74242.00,73835.40,74045.10,6338.871
1773730800000,74045.00,74415.70,74026.30,74212.70,4432.188
1773734400000,74212.80,74418.50,74057.50,74150.00,4444.943
1773738000000,74150.10,74362.00,73791.80,73890.10,6385.859
1773741600000,73890.00,73922.20,73512.00,73706.10,11119.234
1773745200000,73705.80,74230.70,73651.10,73997.10,7533.879
1773748800000,73997.10,74150.00,73643.50,73711.10,7602.062
1773752400000,73711.00,74167.20,73330.30,73580.60,16715.180
1773756000000,73580.70,74388.00,73389.00,74340.20,11501.167
1773759600000,74340.20,74856.20,73616.20,73878.50,15875.715
1773763200000,73878.50,74314.00,73826.80,74120.00,7027.845
1773766800000,74120.00,74555.00,73961.50,74480.10,7718.785
1773770400000,74480.10,74723.70,74330.80,74637.00,6723.015
1773774000000,74637.10,74763.60,74364.40,74460.80,5842.572
1773777600000,74460.80,74648.60,74325.00,74469.90,3125.502
1773781200000,74470.00,74777.00,74413.10,74650.30,3729.501
1773784800000,74650.20,74739.40,73893.50,74265.80,5839.468
1773788400000,74265.80,74360.00,73829.50,73872.40,3703.390
1773792000000,73872.30,74027.80,73492.00,73821.30,6333.021
1773795600000,73821.30,74167.50,73780.00,74035.20,3766.059
1773799200000,74035.20,74437.00,73999.20,74300.00,3298.644
1773802800000,74299.90,74633.00,74202.00,74414.60,4455.363
1773806400000,74414.70,74455.70,74100.00,74139.60,3277.020
1773810000000,74139.50,74271.00,73785.00,73911.20,4726.670
1773813600000,73911.20,74190.10,73892.00,73910.00,3289.509
1773817200000,73910.10,73959.40,73636.50,73840.00,4764.118
1773820800000,73840.10,74080.10,73814.30,74005.80,3907.408
1773824400000,74005.90,74246.20,73991.10,74136.00,3205.114
1773828000000,74136.00,74220.00,73761.50,73895.00,4121.247
1773831600000,73895.00,74034.80,72731.60,72906.40,23087.977
1773835200000,72906.40,72947.40,72237.50,72325.10,21114.301
1773838800000,72325.10,72547.50,71938.60,72104.40,22977.528
1773842400000,72104.50,72194.10,70975.10,71160.30,25339.969
1773846000000,71160.40,71497.00,70821.20,71436.40,24860.847
1773849600000,71436.30,71536.00,71001.80,71289.50,10289.980
1773853200000,71289.50,71722.20,71164.70,71556.60,7932.424
1773856800000,71556.60,71980.50,70904.50,71066.50,14351.540
1773860400000,71066.50,71460.30,70858.30,71030.30,8216.553
1773864000000,71030.30,71298.00,70456.00,71172.30,13364.436
1773867600000,71172.30,71438.10,71127.50,71219.70,3158.011
1773871200000,71219.70,71233.20,70899.90,71118.00,3553.792
1773874800000,71117.90,71333.10,71024.80,71202.90,3363.938
1773878400000,71202.90,71283.30,70940.00,70970.10,3893.570
1773882000000,70970.00,71149.90,70921.50,71078.50,2691.269
1773885600000,71078.50,71226.70,70858.40,71020.60,3181.217
1773889200000,71020.70,71598.30,71020.70,71180.00,7040.244
1773892800000,71180.00,71180.00,70619.30,70790.70,7360.058
1773896400000,70790.70,70879.00,70608.10,70792.80,3273.492
1773900000000,70792.70,70945.50,70468.00,70552.40,5644.206
1773903600000,70552.40,70570.00,69421.10,70145.10,29674.655
1773907200000,70145.00,70255.00,69860.30,69957.40,10244.859
1773910800000,69957.40,70535.00,69950.00,70463.00,9450.491
1773914400000,70463.00,70499.00,70082.40,70102.00,4002.772
1773918000000,70102.10,70238.70,69872.30,69926.80,5000.304
1773921600000,69926.80,69926.80,69069.00,69264.60,15880.386
1773925200000,69264.70,70058.00,69050.00,69866.30,17941.572
1773928800000,69866.20,70144.60,69060.00,69450.10,15442.120
1773932400000,69450.00,69879.10,68750.00,69372.70,23601.855
1773936000000,69372.80,69611.60,69124.00,69426.30,9611.965
1773939600000,69426.30,69938.10,69065.40,69820.00,8509.825
1773943200000,69820.00,69900.00,69547.70,69787.50,3893.126
1773946800000,69787.40,70563.50,69765.50,70233.10,14880.105
1773950400000,70233.00,70655.20,70160.90,70444.30,4006.962
1773954000000,70444.40,70654.40,70331.90,70376.10,3314.339
1773957600000,70376.00,70475.90,69910.20,70157.00,4898.918
1773961200000,70156.90,70260.00,69677.10,69887.40,5207.867
1773964800000,69887.40,70280.60,69801.30,70159.90,4090.204
1773968400000,70159.90,70563.80,70150.00,70370.90,4257.968
1773972000000,70370.80,70485.10,70030.60,70373.80,4122.069
1773975600000,70373.80,70777.00,70345.20,70696.10,5649.932
1773979200000,70696.10,70944.90,70520.00,70743.40,6625.442
1773982800000,70743.30,70833.80,70454.80,70570.20,3678.727
1773986400000,70570.30,70623.70,70307.00,70462.00,3815.846
1773990000000,70461.90,70900.00,70161.00,70811.90,7878.613
1773993600000,70812.00,71342.20,70751.90,71000.40,11657.132
1773997200000,71000.40,71001.00,70369.60,70544.90,9569.016
1774000800000,70545.00,70651.20,70175.00,70580.90,7665.232
1774004400000,70580.90,70780.80,70266.00,70439.90,6576.485
1774008000000,70440.00,70647.50,70210.10,70304.60,5698.294
1774011600000,70304.70,70580.00,69755.00,69831.10,17011.366
1774015200000,69831.00,70240.00,69562.50,69706.00,25363.363
1774018800000,69705.90,69983.00,69450.00,69829.50,13612.749
1774022400000,69829.50,70080.00,69577.00,69792.10,6707.506
1774026000000,69792.10,70035.00,69350.00,69970.80,8524.573
1774029600000,69970.90,70048.90,69484.00,69733.30,7316.206
1774033200000,69733.60,70161.00,69634.80,70141.90,5484.211
1774036800000,70141.90,70225.00,69701.30,70019.70,4882.621
1774040400000,70019.70,70720.60,69900.90,70498.30,8129.399
1774044000000,70498.30,70888.00,70495.70,70739.20,4817.785
1774047600000,70739.20,70739.30,70388.30,70472.70,3106.778
1774051200000,70472.60,70803.10,70430.20,70643.90,2903.318
1774054800000,70643.90,70726.80,70419.40,70430.30,1737.986
1774058400000,70430.40,70758.20,70403.20,70703.70,2552.383
1774062000000,70703.70,70752.60,70590.00,70638.00,1573.183
1774065600000,70637.90,70798.50,70582.70,70602.70,2350.833
1774069200000,70602.80,70800.00,70598.70,70673.90,1965.170
1774072800000,70673.80,70786.10,70655.10,70739.20,1710.307
1774076400000,70739.20,70849.20,70639.00,70687.30,2290.090
1774080000000,70687.40,70721.70,70455.60,70563.30,3947.704
1774083600000,70563.30,70711.50,70537.70,70633.50,2079.133
1774087200000,70633.50,70666.00,70521.20,70576.00,1612.020
1774090800000,70576.00,70619.90,70525.10,70618.30,1200.689
1774094400000,70618.20,70769.60,70618.20,70680.00,1926.136
1774098000000,70680.00,70785.10,70668.50,70700.30,1321.546
1774101600000,70700.30,71077.70,70550.00,70595.00,7576.268
1774105200000,70595.00,70739.00,70420.00,70599.10,4021.483
1774108800000,70599.10,70620.20,70214.80,70274.90,4396.147
1774112400000,70275.00,70399.00,70163.00,70280.10,2927.629
1774116000000,70280.00,70504.70,70261.40,70360.60,2015.728
1774119600000,70360.60,70417.70,70290.50,70365.90,938.101
1774123200000,70365.80,70472.90,70332.30,70432.40,1400.832
1774126800000,70432.50,70482.20,70231.70,70321.60,1334.627
1774130400000,70321.50,70354.90,70226.70,70253.20,1354.826
1774134000000,70253.20,70265.50,68511.30,68881.50,18948.747
1774137600000,68881.50,69122.50,68189.00,68904.50,19627.927
1774141200000,68904.50,69065.70,68713.50,68926.10,4491.852
1774144800000,68926.00,69377.90,68899.90,69237.60,5965.106
1774148400000,69237.50,69555.80,69080.30,69307.00,5639.463
1774152000000,69307.10,69493.20,69167.00,69313.40,4300.958
1774155600000,69313.30,69317.60,69110.00,69116.40,2453.496
1774159200000,69116.30,69215.20,69025.60,69126.90,2360.808
1774162800000,69126.90,69219.40,68846.40,68884.50,4043.791
1774166400000,68884.50,68950.00,68500.10,68756.70,8310.042
1774170000000,68756.60,68862.00,68536.70,68780.10,3327.611
1774173600000,68780.10,68809.50,68539.50,68601.10,2373.528
1774177200000,68601.10,68650.00,68030.00,68177.00,8390.650
1774180800000,68177.00,68740.50,68153.10,68614.50,7278.973
1774184400000,68614.40,68932.80,68500.90,68660.30,5691.479
1774188000000,68660.40,68888.00,68501.00,68675.50,3609.015
1774191600000,68675.50,69000.00,68670.00,68814.90,3931.235
1774195200000,68814.90,68852.30,68627.90,68761.90,1968.113
1774198800000,68761.80,68820.00,68635.00,68635.00,1692.107
1774202400000,68635.00,68712.00,68300.10,68580.30,3474.251
1774206000000,68580.20,68595.90,68108.00,68170.60,4201.514
1774209600000,68170.60,68470.60,68044.40,68134.90,3567.592
1774213200000,68135.00,68196.90,67300.00,67864.40,14801.570
1774216800000,67864.50,68376.90,67528.30,68301.50,8113.744
1774220400000,68301.50,68434.30,67804.10,67830.60,5265.739
1774224000000,67830.70,68130.60,67400.10,67642.50,8708.507
1774227600000,67642.50,68127.00,67500.00,67875.60,5750.364
1774231200000,67875.60,68375.80,67764.20,68282.40,6201.781
1774234800000,68282.30,68555.50,68022.60,68045.10,4838.080
1774238400000,68045.20,68517.00,68011.20,68504.50,4255.380
1774242000000,68504.40,68872.40,68504.40,68864.20,8866.004
1774245600000,68864.10,68865.20,67653.10,67845.30,11928.680
1774249200000,67845.20,68426.40,67456.70,68306.00,12967.744
1774252800000,68305.90,68670.00,68281.60,68400.10,6548.073
1774256400000,68400.20,68439.60,67880.00,68305.00,5950.262
1774260000000,68304.90,68688.00,68261.00,68512.20,5788.214
1774263600000,68512.20,71468.00,68505.70,70097.30,80533.880
1774267200000,70097.20,70850.00,69644.00,70710.00,22583.079
1774270800000,70710.00,71564.90,70551.30,71450.00,20003.766
1774274400000,71449.90,71789.80,71080.90,71409.80,18180.731
1774278000000,71409.80,71635.50,70074.70,70112.20,21463.132
1774281600000,70112.20,70736.40,70100.50,70539.60,13490.929
1774285200000,70539.60,71094.20,70325.60,71052.70,7996.099
1774288800000,71052.60,71166.00,70836.40,71040.50,6371.552
1774292400000,71040.50,71232.00,70612.50,70647.10,5709.420
1774296000000,70647.10,70953.50,70509.30,70876.60,3721.269
1774299600000,70876.60,70976.30,70786.10,70813.70,1745.940
1774303200000,70813.90,70859.00,70477.10,70745.10,3283.294
1774306800000,70745.10,70973.80,70370.00,70865.90,4213.498
1774310400000,70866.00,71080.00,70377.90,70650.00,6199.428
1774314000000,70650.10,70845.70,70232.00,70479.90,4958.563
1774317600000,70479.90,70668.70,70329.90,70416.00,3286.238
1774321200000,70416.00,70558.90,70362.60,70512.10,2460.375
1774324800000,70512.10,70726.40,70214.30,70339.90,4046.127
1774328400000,70340.00,70352.90,70075.50,70249.60,5168.093
1774332000000,70249.60,70544.90,70220.00,70507.80,3416.960
1774335600000,70507.90,71377.50,70439.80,71255.20,12633.339
1774339200000,71255.20,71314.30,70823.90,70933.80,6615.475
1774342800000,70933.80,71339.80,70812.70,71288.50,4817.413
1774346400000,71288.50,71299.80,71050.10,71237.40,4072.220
1774350000000,71237.40,71301.90,70916.90,71116.40,5395.558
1774353600000,71116.40,71144.00,70822.20,70924.40,4417.190
1774357200000,70924.40,71029.20,69888.00,70067.00,19945.411
1774360800000,70067.00,70449.00,69467.80,69847.60,23659.283
1774364400000,69847.60,70240.00,69739.50,69837.70,12541.380
1774368000000,69837.60,69979.00,69281.20,69448.30,13279.255
1774371600000,69448.40,69486.00,68884.50,69205.00,14034.956
1774375200000,69205.00,69724.80,69127.40,69399.50,8865.940
1774378800000,69399.50,69668.80,69226.00,69342.60,4274.805
1774382400000,69342.60,70270.00,69257.90,70066.60,12582.894
1774386000000,70066.60,70386.60,69844.30,70296.20,5844.120
1774389600000,70296.20,70548.10,70084.00,70277.90,5708.524
1774393200000,70278.00,70800.00,70216.70,70523.90,7968.403
1774396800000,70524.00,71028.00,70422.60,70804.30,6825.485
1774400400000,70804.30,70950.00,70590.60,70643.10,4999.115
1774404000000,70643.10,70741.50,70460.10,70500.00,3665.029
1774407600000,70500.00,70777.90,70375.00,70689.30,4678.112
1774411200000,70689.20,70949.30,70659.90,70938.10,3587.173
1774414800000,70938.10,71319.90,70900.20,71080.10,7548.801
1774418400000,71080.10,71233.70,70928.50,70962.80,4549.668
1774422000000,70962.80,71233.60,70850.00,70900.00,4490.549
1774425600000,70899.90,71478.00,70752.50,71209.10,9095.110
1774429200000,71209.20,71376.00,71058.40,71301.50,4503.705
1774432800000,71301.40,71600.00,71250.90,71462.70,5659.848
1774436400000,71462.70,71999.90,71425.00,71650.30,12351.222
1774440000000,71650.30,71933.30,71085.50,71685.40,16689.829
1774443600000,71685.40,71931.90,71473.30,71546.60,8415.183
1774447200000,71546.60,71666.60,71190.00,71203.60,8453.325
1774450800000,71203.60,71282.30,70531.40,70792.40,16505.570
1774454400000,70792.40,71742.20,70671.30,71290.00,15025.604
1774458000000,71290.00,71361.80,70676.80,70752.60,6405.954
1774461600000,70752.60,71121.30,70623.40,70786.80,5942.276
1774465200000,70786.80,71082.30,70741.80,70853.20,3149.210
1774468800000,70853.30,71028.00,70603.00,70970.00,3982.230
1774472400000,70970.00,71149.60,70889.60,71000.00,2495.037
1774476000000,71000.00,71606.00,70907.10,71330.10,4778.789
1774479600000,71330.00,71412.10,71143.50,71297.50,2719.025
1774483200000,71297.50,71408.10,71088.10,71265.80,3747.894
1774486800000,71265.80,71341.00,71116.90,71212.90,2453.274
1774490400000,71212.90,71257.10,70640.00,70855.00,5808.408
1774494000000,70855.00,70944.90,70650.00,70881.90,3359.798
1774497600000,70882.00,70882.00,70680.00,70737.00,2582.728
1774501200000,70737.00,70767.60,69906.20,69988.70,12385.966
1774504800000,69988.60,70126.60,69815.40,70057.50,7671.515
1774508400000,70057.40,70140.00,69722.60,70053.80,5530.530
1774512000000,70053.80,70095.70,69769.70,69985.90,5593.527
1774515600000,69986.00,70131.50,69366.00,69537.60,12236.506
1774519200000,69537.60,69693.70,69417.00,69480.00,4654.052
1774522800000,69480.00,69620.00,69127.20,69239.30,8815.363
1774526400000,69239.30,69428.00,69187.40,69395.10,5163.581
1774530000000,69395.20,69872.20,69158.90,69617.40,15536.501
1774533600000,69615.80,69800.00,69217.00,69450.10,9137.728
1774537200000,69450.00,69472.60,68553.40,69054.80,19276.690
1774540800000,69054.90,69054.90,68797.80,68904.80,6328.572
1774544400000,68904.80,69138.80,68325.20,68456.10,10124.779
1774548000000,68456.20,68581.30,68115.80,68457.00,11417.160
1774551600000,68457.00,68657.40,68317.90,68502.70,4550.355
1774555200000,68502.70,69466.60,68378.50,68973.80,16540.148
1774558800000,68973.90,69213.30,68849.80,68885.80,4792.691
1774562400000,68885.80,69000.00,68542.50,68862.50,5102.573
1774566000000,68862.50,68968.90,68600.00,68788.00,3663.275
1774569600000,68788.10,68942.20,68458.50,68746.40,6047.978
1774573200000,68746.40,69033.30,68654.80,69016.40,3407.459
1774576800000,69016.50,69142.70,68815.50,68870.80,2719.084
1774580400000,68870.80,68888.40,68621.50,68728.80,3607.926
1774584000000,68728.80,68764.50,68257.20,68540.20,7518.881
1774587600000,68540.10,68830.00,68453.60,68588.80,4033.462
1774591200000,68588.80,68811.00,68530.60,68621.50,2797.227
1774594800000,68621.50,68925.00,68416.50,68501.70,8267.991
1774598400000,68501.80,68619.90,67560.00,67876.60,18150.811
1774602000000,67876.70,67912.10,67500.20,67651.90,8934.715
1774605600000,67652.00,67737.90,66257.40,66456.40,26602.953
1774609200000,66456.40,66810.90,66175.40,66663.20,12567.309
1774612800000,66663.30,66742.20,66388.00,66579.40,6083.774
1774616400000,66579.40,66699.90,65950.00,66153.90,15382.501
1774620000000,66153.90,66375.20,65681.50,66162.70,20797.151
1774623600000,66162.70,66615.00,65930.30,66092.00,17540.701
1774627200000,66091.90,66149.60,65731.80,65945.50,11439.941
1774630800000,65945.50,66267.40,65550.00,65604.00,10726.045
1774634400000,65604.00,65939.10,65501.00,65804.00,6797.913
1774638000000,65804.00,66119.60,65666.60,66005.40,5796.107
1774641600000,66005.50,66125.80,65766.10,65983.00,4697.996
1774645200000,65983.10,66148.00,65972.60,66040.30,2232.358
1774648800000,66040.40,66053.20,65874.40,65981.10,2472.071
1774652400000,65981.10,66384.00,65931.50,66364.20,3728.694
1774656000000,66364.10,66472.40,66239.90,66389.90,3310.686
1774659600000,66389.90,66389.90,66006.10,66137.10,3788.397
1774663200000,66137.20,66214.00,65888.00,66020.10,3887.024
1774666800000,66020.00,66217.50,66020.00,66191.80,2461.721
1774670400000,66191.80,66274.70,66068.30,66243.50,2029.542
1774674000000,66243.60,66349.00,66169.00,66310.00,2222.047
1774677600000,66310.00,66460.00,66270.90,66358.20,2682.148
1774681200000,66358.10,66533.90,66341.30,66520.80,2427.447
1774684800000,66520.90,66529.40,66352.10,66374.90,2746.771
1774688400000,66374.90,66374.90,66203.50,66270.90,2795.618
1774692000000,66271.00,66379.90,66087.30,66184.90,2899.948
1774695600000,66184.90,66325.70,66162.00,66288.50,2252.391
1774699200000,66288.40,66498.10,66191.70,66416.70,3513.902
1774702800000,66416.70,67148.70,66363.60,66813.30,13186.355
1774706400000,66813.40,66942.30,66631.50,66716.20,5360.550
1774710000000,66716.10,67284.00,66678.10,66982.30,9848.298
1774713600000,66982.40,67065.00,66821.30,66894.30,3986.863
1774717200000,66894.30,66965.70,66644.00,66808.60,3473.794
1774720800000,66808.60,66920.00,66801.00,66871.10,2489.409
1774724400000,66871.20,66916.50,66764.70,66873.00,1312.886
1774728000000,66873.00,66978.00,66868.30,66885.50,1862.549
1774731600000,66885.60,66890.00,66526.80,66644.80,2392.101
1774735200000,66644.90,66758.90,66562.00,66729.00,2394.618
1774738800000,66729.00,66729.00,66233.60,66334.80,6048.427
1774742400000,66334.80,66468.60,66235.60,66444.40,2548.004
1774746000000,66444.30,66585.90,66344.20,66536.10,3135.536
1774749600000,66536.00,66820.00,66500.40,66773.70,3493.131
1774753200000,66773.70,67100.00,66724.00,66875.70,5860.433
1774756800000,66875.70,66907.50,66683.30,66701.90,2363.996
1774760400000,66701.90,66799.50,66565.00,66741.30,3093.997
1774764000000,66741.30,66845.00,66601.10,66704.40,2055.614
1774767600000,66704.40,66720.00,66521.40,66632.50,3044.013
1774771200000,66632.40,66743.70,66560.00,66689.50,1886.205
1774774800000,66689.40,66740.00,66500.90,66600.10,2076.043
1774778400000,66600.00,66600.00,66375.50,66473.40,3040.430
1774782000000,66473.40,66986.80,66473.30,66780.80,4790.749
1774785600000,66780.80,66844.30,66668.00,66818.60,2808.839
1774789200000,66818.70,66849.00,66483.90,66546.00,3973.710
1774792800000,66546.10,66764.90,66420.00,66556.20,4257.793
1774796400000,66556.30,66695.00,66288.10,66500.00,5548.023
1774800000000,66499.90,66639.00,66400.00,66467.80,2852.833
1774803600000,66467.80,66518.20,66111.00,66356.60,5384.339
1774807200000,66356.60,66524.00,66291.20,66397.20,1725.593
1774810800000,66397.10,66453.40,66282.10,66320.20,2175.189
1774814400000,66320.30,66767.90,66312.70,66578.60,4462.303
1774818000000,66578.60,66734.50,66477.50,66678.80,2390.255
1774821600000,66678.80,66686.10,64918.20,65820.30,25831.762
1774825200000,65820.20,66350.40,65819.00,65977.90,11479.606
1774828800000,65978.00,67043.20,65754.20,66251.20,16555.213
1774832400000,66251.20,66806.10,66251.10,66624.10,7416.652
1774836000000,66624.20,67487.70,66538.50,67087.00,14215.662
1774839600000,67087.10,67288.80,66934.70,67139.80,5264.700
1774843200000,67140.00,67625.10,67129.30,67579.10,7756.250
1774846800000,67579.20,67777.00,67404.00,67459.00,6598.791
1774850400000,67459.00,67550.00,67238.60,67273.40,5357.868
1774854000000,67273.50,67612.60,67180.50,67595.90,5275.695
1774857600000,67595.90,67920.00,67574.60,67634.00,9898.419
1774861200000,67633.90,67667.90,67426.00,67466.20,4284.723
1774864800000,67466.20,67498.00,67333.30,67463.00,3205.103
1774868400000,67463.10,67998.00,67459.70,67651.50,7852.554
1774872000000,67651.50,67950.00,67627.70,67859.30,5273.290
1774875600000,67859.40,68148.40,67378.70,67490.90,13074.572
1774879200000,67490.80,67843.80,67055.00,67762.70,14799.320
1774882800000,67762.80,67875.00,67373.70,67590.20,9621.943
1774886400000,67590.20,67614.90,67188.00,67333.00,5589.669
1774890000000,67332.90,67443.80,66617.30,66805.20,11208.178
1774893600000,66805.10,66899.90,66456.40,66620.60,8496.874
1774897200000,66620.60,66640.00,66200.10,66516.00,8875.348
1774900800000,66515.90,66662.60,66488.70,66614.90,2850.822
1774904400000,66614.90,66973.50,66550.00,66770.60,5139.640
1774908000000,66770.60,66971.20,66650.90,66746.50,3017.686
1774911600000,66746.40,66769.10,66377.10,66764.40,5430.093
1774915200000,66764.40,67276.00,66498.90,67172.50,8170.125
1774918800000,67172.50,68377.00,67004.20,67896.20,21388.751
1774922400000,67896.10,68072.70,67726.90,67911.80,4698.842
1774926000000,67911.80,67974.80,67610.50,67670.80,4526.069
1774929600000,67670.80,67865.70,67441.80,67510.10,5390.717
1774933200000,67510.10,67756.80,67356.40,67648.90,5254.856
1774936800000,67649.00,67679.50,67300.10,67465.40,4352.913
1774940400000,67465.40,67497.00,67071.90,67343.80,6776.714
1774944000000,67343.90,67476.90,66655.00,66745.10,11064.148
1774947600000,66745.10,66891.80,65938.00,66099.30,14984.779
1774951200000,66099.30,66442.00,66067.00,66329.40,8862.329
1774954800000,66329.40,66850.00,66205.00,66652.40,10995.373
1774958400000,66652.40,66909.30,66480.00,66623.80,6400.174
1774962000000,66623.80,67375.00,66623.80,67255.60,13271.792
1774965600000,67255.60,67765.80,66374.40,66555.90,24281.881
1774969200000,66556.00,67262.20,66555.90,66700.00,16438.359
1774972800000,66700.00,67985.50,66695.90,67632.60,17863.811
1774976400000,67632.60,68600.00,67357.10,67493.90,31074.877
1774980000000,67493.80,67929.70,67488.00,67814.60,6671.407
1774983600000,67814.50,67996.00,67671.30,67803.00,4561.967
1774987200000,67803.00,68234.00,67794.80,68227.20,5345.004
1774990800000,68227.30,68382.90,67840.40,68234.60,4214.782
1774994400000,68234.70,68306.90,67919.50,68141.60,3539.410
1774998000000,68141.70,68332.60,68050.00,68241.50,3204.005
1775001600000,68241.40,68305.10,67808.10,68288.00,5899.344
1775005200000,68288.00,68330.00,67707.50,67746.40,5867.034
1775008800000,67746.40,67881.20,67534.90,67623.80,4392.190
1775012400000,67623.90,68214.50,67623.90,68134.00,4893.429
1775016000000,68134.00,68450.00,67965.00,68272.30,6806.107
1775019600000,68272.30,68732.50,68114.50,68418.20,8388.280
1775023200000,68418.30,69220.00,68418.20,69069.10,14347.278
1775026800000,69069.10,69288.00,68631.10,68651.90,9948.863
1775030400000,68651.90,68821.50,68425.50,68630.80,7971.803
1775034000000,68630.90,68702.30,68360.00,68608.40,5165.172
1775037600000,68608.40,68632.10,68370.10,68545.10,3236.913
1775041200000,68545.20,68702.30,68471.50,68669.90,3332.164
1775044800000,68670.00,68773.90,68220.90,68363.80,9084.820
1775048400000,68364.10,68650.00,67883.70,68091.40,12785.834
1775052000000,68091.40,68657.10,68020.00,68559.10,8903.706
1775055600000,68559.20,68938.80,68380.30,68877.00,7696.492
1775059200000,68876.90,68961.60,68570.00,68781.10,6621.467
1775062800000,68781.10,69142.60,68212.10,68239.70,8742.133
1775066400000,68239.70,68313.80,67900.40,68054.20,8261.383
1775070000000,68054.20,68269.90,68000.00,68143.80,3616.318
1775073600000,68143.70,68217.80,67927.00,68159.80,2825.356
1775077200000,68159.70,68510.60,68136.50,68324.70,3518.395
1775080800000,68324.80,68324.80,68032.90,68088.40,2650.481
1775084400000,68088.50,68220.90,67952.20,68086.50,2321.258
1775088000000,68086.40,68639.10,68013.30,68565.10,4810.862
1775091600000,68565.20,68565.20,67000.30,67316.40,28476.843
1775095200000,67316.40,67316.40,66590.00,66821.60,10945.857
1775098800000,66821.60,66931.90,66455.90,66538.40,6817.005
1775102400000,66538.40,66617.70,66171.80,66300.20,7198.698
1775106000000,66300.20,66628.80,66270.00,66558.20,7378.976
1775109600000,66558.20,66798.90,66506.40,66652.90,6658.861
1775113200000,66653.00,66898.50,66521.40,66887.90,3805.262
1775116800000,66887.80,66887.90,66372.90,66418.20,5263.115
1775120400000,66418.10,66487.70,66256.00,66428.60,4756.070
1775124000000,66428.70,66471.90,66188.10,66424.00,3978.965
1775127600000,66424.10,66449.70,66065.10,66180.60,5811.944
1775131200000,66180.60,66215.20,65919.10,66014.20,9031.717
1775134800000,66014.30,66250.00,65676.10,66227.30,15856.243
1775138400000,66227.30,67080.00,66123.00,66822.40,20636.572
1775142000000,66822.30,66960.70,66596.20,66810.60,8566.429
1775145600000,66810.60,67234.40,66707.60,67050.10,7916.796
1775149200000,67050.00,67400.00,66622.40,66641.40,12264.218
1775152800000,66641.40,67044.80,66550.00,66941.60,5634.322
1775156400000,66941.70,67082.90,66827.80,66943.20,3699.127
1775160000000,66943.20,67078.90,66755.60,66906.30,3029.761
1775163600000,66906.40,66993.40,66681.30,66910.70,2094.620
1775167200000,66910.70,67008.50,66782.00,66954.00,2072.862
1775170800000,66954.00,67070.20,66820.60,66868.50,1653.796
1775174400000,66868.60,66976.20,66671.00,66761.80,2723.057
1775178000000,66761.80,66881.30,66450.00,66599.00,4087.425
1775181600000,66599.10,66726.70,66240.00,66504.60,7272.397
1775185200000,66504.60,66698.50,66461.00,66550.00,4129.956
1775188800000,66550.10,66666.00,66468.00,66578.80,1744.992
1775192400000,66578.80,66789.60,66375.10,66574.90,3463.985
1775196000000,66574.90,66770.00,66523.20,66762.00,2064.989
1775199600000,66762.10,67233.30,66716.40,67008.80,6199.006
1775203200000,67008.80,67258.00,66864.10,66935.00,4767.938
1775206800000,66935.10,66976.00,66714.30,66828.90,2763.018
1775210400000,66828.90,66871.90,66644.00,66845.30,2217.705
1775214000000,66845.30,67041.90,66790.60,66983.40,2737.691
1775217600000,66983.50,67350.00,66605.90,66690.40,8947.233
1775221200000,66690.40,66707.10,66478.50,66644.60,6171.178
1775224800000,66644.60,66968.10,66600.00,66900.00,4449.791
1775228400000,66899.90,66999.00,66778.90,66806.10,2790.320
1775232000000,66806.00,67046.10,66800.00,66972.50,2190.628
1775235600000,66972.50,67040.00,66714.10,66811.00,3190.914
1775239200000,66811.00,66899.70,66746.90,66783.70,1313.064
1775242800000,66783.60,66882.90,66740.60,66857.00,1227.270
1775246400000,66857.00,66888.00,66800.00,66800.10,776.851
1775250000000,66800.00,66946.30,66791.80,66929.50,1612.364
1775253600000,66929.40,66943.00,66813.00,66860.00,1236.070
1775257200000,66859.90,66930.00,66800.70,66930.00,1189.991
1775260800000,66930.00,66935.30,66838.90,66863.40,939.228
1775264400000,66863.40,66895.70,66795.80,66820.00,1195.529
1775268000000,66820.00,66891.40,66773.30,66814.10,1049.257
1775271600000,66814.00,66875.40,66798.80,66799.10,718.718
1775275200000,66799.10,66840.00,66745.50,66833.50,802.699
1775278800000,66833.50,66908.40,66817.80,66871.00,1487.395
1775282400000,66871.00,67023.70,66871.00,66981.50,1922.566
1775286000000,66981.50,67019.10,66904.00,66982.00,1794.695
1775289600000,66982.10,67025.00,66874.50,66907.80,1638.621
1775293200000,66907.80,66958.20,66882.10,66952.10,884.970
1775296800000,66952.10,67150.30,66880.90,67139.10,2711.761
1775300400000,67139.10,67223.80,67050.00,67128.90,2757.579
1775304000000,67128.90,67152.50,67025.20,67062.00,1463.379
1775307600000,67061.90,67245.30,67044.80,67170.00,2344.200
1775311200000,67170.00,67193.30,67003.70,67177.60,4367.856
1775314800000,67177.50,67554.50,67145.60,67357.30,8203.922
1775318400000,67357.40,67500.00,67292.00,67335.20,5582.375
1775322000000,67335.10,67386.00,67249.90,67302.30,1946.546
1775325600000,67302.30,67350.00,67226.40,67265.70,1442.733
1775329200000,67265.60,67523.80,67245.60,67262.70,2205.233
1775332800000,67262.80,67269.40,67150.60,67240.20,1456.190
1775336400000,67240.20,67452.70,67180.90,67325.00,1362.401
1775340000000,67325.00,67438.70,67305.40,67368.90,1151.500
1775343600000,67368.90,67371.40,67214.20,67271.00,1340.984
1775347200000,67271.10,67279.20,67131.10,67177.00,1420.572
1775350800000,67177.00,67200.00,67045.20,67060.60,1631.698
1775354400000,67060.60,67154.00,66900.00,67144.30,3024.169
1775358000000,67144.30,67166.90,67058.00,67113.50,827.213
1775361600000,67113.40,67160.00,67034.80,67066.20,1007.637
1775365200000,67066.30,67127.50,66822.80,66905.10,2325.371
1775368800000,66905.20,66918.60,66575.50,66771.60,7701.988
1775372400000,66771.60,66887.10,66685.30,66787.40,2881.334
1775376000000,66787.40,66910.00,66782.10,66892.50,1538.000
1775379600000,66892.60,67020.40,66862.30,66996.00,2024.531
1775383200000,66996.10,67132.80,66928.10,67012.30,2032.778
1775386800000,67012.40,67054.10,66934.40,66972.70,1308.905
1775390400000,66972.70,66972.70,66650.00,66751.40,5228.659
1775394000000,66751.50,66892.90,66666.00,66863.40,2779.283
1775397600000,66863.50,66940.20,66783.10,66892.50,2313.054
1775401200000,66892.60,67828.60,66792.60,67272.20,17243.801
1775404800000,67272.20,67381.00,67132.20,67178.80,3833.608
1775408400000,67178.90,67376.30,67150.00,67342.20,2318.157
1775412000000,67342.20,67428.20,67246.60,67381.10,1759.782
1775415600000,67381.20,67540.00,67250.00,67329.10,2721.463
1775419200000,67329.10,67681.60,67302.40,67636.70,3902.447
1775422800000,67636.70,67672.90,67377.20,67519.50,3003.776
1775426400000,67519.50,68347.90,67313.60,68313.00,14605.362
1775430000000,68313.00,69108.00,68232.00,68997.90,17484.581
1775433600000,68997.90,69583.00,68997.90,69051.90,14169.018
1775437200000,69051.90,69103.10,68761.00,68782.90,6282.170
1775440800000,68782.90,69386.20,68740.20,69183.60,7133.971
1775444400000,69183.60,69223.40,69026.60,69092.40,3887.373
1775448000000,69092.30,69188.00,68943.30,69107.60,3311.978
1775451600000,69107.60,69214.50,69052.00,69167.10,1991.853
1775455200000,69167.00,69338.20,68769.60,68958.70,6473.617
1775458800000,68958.80,69190.80,68800.00,69089.70,4997.301
1775462400000,69089.80,69328.70,69047.70,69191.70,3993.886
1775466000000,69191.70,70252.90,69180.00,69699.40,18431.974
1775469600000,69699.40,69982.20,69666.00,69739.20,5348.035
1775473200000,69739.20,69739.20,69524.00,69583.60,3764.749
1775476800000,69583.50,69602.40,69283.00,69337.30,4709.786
1775480400000,69337.40,69521.40,69200.10,69399.80,6493.035
1775484000000,69399.70,69791.30,69088.00,69620.00,12807.333
1775487600000,69620.00,69931.90,69490.00,69922.50,7526.043
1775491200000,69922.40,70332.50,69737.60,69759.20,10741.826
1775494800000,69759.20,69778.40,69240.00,69540.60,9573.939
1775498400000,69540.60,69955.30,69436.40,69852.90,5050.802
1775502000000,69852.80,69862.20,69543.80,69704.80,3330.826
1775505600000,69704.80,69940.00,69578.00,69779.40,2833.907
1775509200000,69779.50,69784.30,69400.00,69476.50,2367.163
1775512800000,69476.50,69554.20,68777.00,68777.10,7405.076
1775516400000,68777.00,68880.10,68227.50,68817.90,14131.575
1775520000000,68817.90,69111.80,68682.70,68738.70,7076.461
1775523600000,68738.60,68878.30,68291.00,68363.90,7228.844
1775527200000,68363.90,68684.60,68241.90,68640.30,5150.666
1775530800000,68640.30,68780.00,68586.50,68746.30,2875.385
1775534400000,68746.40,68955.60,68510.50,68819.30,4248.648
1775538000000,68819.20,68831.00,68577.60,68627.50,2555.837
1775541600000,68627.40,68635.90,68400.60,68540.00,3505.289
1775545200000,68539.90,68677.80,68470.00,68592.10,2041.225
1775548800000,68592.00,68963.40,68570.70,68907.10,4642.324
1775552400000,68907.10,69219.00,68900.00,69109.80,6058.021
1775556000000,69109.90,69170.00,68151.80,68196.00,13660.183
1775559600000,68196.10,68430.10,68033.00,68310.80,7993.096
1775563200000,68310.70,68579.30,68039.80,68367.00,7657.761
1775566800000,68366.90,68613.80,68168.00,68208.10,8543.123
1775570400000,68208.10,68232.10,67741.00,67831.00,14376.041
1775574000000,67831.10,68250.00,67711.00,68138.40,7962.196
1775577600000,68138.50,68431.80,68049.90,68207.20,6229.966
1775581200000,68207.20,68996.00,68164.50,68670.00,7980.601
1775584800000,68670.10,68746.70,68318.10,68413.70,4727.513
1775588400000,68413.70,69068.60,68315.30,68975.90,9428.713
1775592000000,68975.90,69500.00,68975.90,69285.20,9691.622
1775595600000,69285.30,70200.00,69273.30,69886.70,18637.709
1775599200000,69886.70,71499.90,69886.60,71479.90,31964.577
1775602800000,71479.90,72743.40,71155.00,71890.20,38592.446
1775606400000,71890.20,72086.40,71505.20,71681.90,12154.360
1775610000000,71681.90,71732.60,71416.90,71446.50,5646.636
1775613600000,71446.50,71698.00,71186.00,71330.00,6209.708
1775617200000,71329.90,71449.90,71231.30,71259.60,2746.993
1775620800000,71259.70,71649.80,71250.00,71528.60,5039.550
1775624400000,71528.60,71797.00,71516.30,71701.60,3933.249
1775628000000,71701.50,71919.00,71539.20,71697.50,4019.369
1775631600000,71697.40,71873.70,71551.80,71612.00,4017.693
1775635200000,71612.10,71808.50,71612.00,71776.00,3116.268
1775638800000,71776.00,71945.00,71555.30,71655.40,3363.095
1775642400000,71655.40,71782.10,71415.30,71445.70,3263.796
1775646000000,71445.70,71687.60,71367.00,71650.20,4717.931
1775649600000,71650.20,72169.50,71542.60,72023.60,10583.578
1775653200000,72023.60,72858.50,71460.10,71563.20,37732.505
1775656800000,71563.20,71723.80,70671.60,70888.00,20733.852
1775660400000,70888.00,71327.20,70796.40,71274.80,10170.443
1775664000000,71274.90,71655.00,71218.90,71560.90,7730.290
1775667600000,71561.00,71934.50,71447.40,71847.50,8262.334
1775671200000,71847.50,71847.70,71035.80,71064.90,10227.962
1775674800000,71064.90,71333.00,70980.00,71283.00,5944.079
1775678400000,71283.00,71444.80,71226.00,71336.90,2304.428
1775682000000,71337.00,71726.70,71293.20,71509.50,3112.217
1775685600000,71509.60,71536.20,71024.20,71024.30,3942.192
1775689200000,71024.20,71198.40,70850.90,71038.10,4405.964
1775692800000,71038.20,71107.00,70622.90,70779.00,5843.190
1775696400000,70779.00,70940.80,70428.00,70900.00,7732.073
1775700000000,70899.90,71168.00,70777.00,71029.70,4609.518
1775703600000,71029.60,71091.90,70818.00,70961.20,3009.072
1775707200000,70961.20,70980.50,70700.00,70760.10,3066.357
1775710800000,70760.10,71063.00,70666.00,70959.70,3706.321
1775714400000,70959.60,71058.60,70780.10,70998.80,2557.880
1775718000000,70998.80,71087.80,70913.50,70945.00,2671.884
1775721600000,70945.00,71342.00,70831.90,71207.60,4857.915
1775725200000,71207.50,71533.00,71060.90,71488.70,5655.474
1775728800000,71488.70,71498.90,71234.70,71234.70,3102.242
1775732400000,71234.70,71317.00,71007.80,71109.90,3694.561
1775736000000,71109.90,71299.60,70978.80,71245.00,3685.525
1775739600000,71244.90,71320.00,70590.00,70765.20,9043.698
1775743200000,70765.20,71224.50,70470.20,71083.50,10350.748
1775746800000,71083.40,72320.00,70887.80,72108.00,26071.831
1775750400000,72108.00,72377.40,71688.80,72048.00,13698.746
1775754000000,72048.10,72517.90,72028.20,72306.90,12725.975
1775757600000,72307.00,72339.00,71705.00,71849.30,6911.030
1775761200000,71849.30,72267.30,71701.30,72055.90,8541.443
1775764800000,72055.80,72419.80,71945.00,72377.60,4197.604
1775768400000,72377.60,72666.60,72102.50,72230.10,5983.887
1775772000000,72230.20,73128.00,71911.10,71911.20,15253.827
1775775600000,71911.10,71999.00,71539.90,71750.40,8835.656
1775779200000,71750.40,71995.80,71546.00,71932.30,6397.971
1775782800000,71932.30,72350.00,71620.60,72124.00,8235.607
1775786400000,72124.00,72255.00,71882.30,71926.30,4051.442
1775790000000,71926.20,71993.00,71770.50,71837.30,3030.935
1775793600000,71837.30,72199.90,71781.90,72088.80,3096.039
1775797200000,72088.80,72243.60,71973.80,72098.60,2811.713
1775800800000,72098.40,72154.80,71759.00,71778.10,3516.103
1775804400000,71778.10,71821.10,71382.10,71461.20,7061.726
1775808000000,71461.20,71730.00,71395.00,71571.60,5531.598
1775811600000,71571.60,71840.80,71555.80,71746.20,3388.617
1775815200000,71746.10,71910.00,71658.80,71872.40,3363.748
1775818800000,71872.50,72229.00,71861.50,72092.70,6834.269
1775822400000,72092.80,72467.30,71960.50,72225.50,12107.361
1775826000000,72225.40,72381.00,71868.50,72284.00,7453.352
1775829600000,72283.90,73123.90,72209.80,72870.60,24555.643
1775833200000,72870.60,73255.70,72309.50,72421.00,13827.109
1775836800000,72421.10,73024.10,72350.00,72954.00,8170.920
1775840400000,72954.00,73125.10,72750.00,73079.90,4994.395
1775844000000,73079.90,73127.60,72830.70,73056.70,4415.006
1775847600000,73056.70,73223.40,72850.50,73187.30,5777.684
1775851200000,73187.40,73450.00,72995.80,73310.50,8258.764
1775854800000,73310.50,73311.50,72883.70,73156.20,2777.080
1775858400000,73156.20,73213.40,72669.10,72834.20,4476.923
1775862000000,72834.20,72925.00,72744.10,72917.40,2435.661
1775865600000,72917.40,72917.40,72730.80,72792.50,1856.280
1775869200000,72792.50,72972.50,72615.00,72920.10,3067.207
1775872800000,72920.10,73066.20,72872.60,72928.30,3039.481
1775876400000,72928.20,73048.50,72769.40,72835.10,2161.031
1775880000000,72835.10,72921.50,72633.50,72771.20,4560.284
1775883600000,72771.30,72800.00,72631.00,72680.00,2073.160
1775887200000,72680.00,72738.00,72566.40,72727.50,2678.317
1775890800000,72727.50,72790.90,72630.00,72707.70,2594.582
1775894400000,72707.80,72767.50,72595.00,72625.40,1952.428
1775898000000,72625.40,72883.00,72580.00,72874.00,3161.384
1775901600000,72874.10,72886.00,72723.20,72801.20,1747.576
1775905200000,72801.30,72874.10,72781.40,72868.20,1252.593
1775908800000,72868.20,72945.00,72760.30,72895.60,2157.533
1775912400000,72895.60,72895.60,72451.90,72612.20,6262.790
1775916000000,72612.30,72728.50,72560.40,72660.90,1953.307
1775919600000,72660.80,72869.90,72638.80,72817.30,2043.715
1775923200000,72817.30,73180.00,72775.30,72991.30,5048.943
1775926800000,72991.30,73140.80,72900.10,73056.20,2137.239
1775930400000,73056.20,73700.00,72990.20,73515.90,10134.865
1775934000000,73515.90,73773.40,73400.40,73635.90,6313.742
1775937600000,73635.90,73648.80,73183.50,73252.90,3776.169
1775941200000,73252.80,73500.00,73155.00,73384.70,2632.347
1775944800000,73384.70,73529.00,73183.40,73333.30,3102.654
1775948400000,73333.30,73333.40,72861.20,73013.40,4462.043
1775952000000,73013.40,73077.60,72817.40,73038.80,2584.790
1775955600000,73038.70,73094.40,71259.00,71598.70,25394.345
1775959200000,71598.70,72000.00,71302.00,71723.70,10553.114
1775962800000,71723.70,71831.80,71556.30,71563.60,4636.933
1775966400000,71563.60,71656.30,71407.70,71428.70,3979.590
1775970000000,71428.70,71750.00,71369.70,71665.10,4332.298
1775973600000,71665.00,71728.00,71602.00,71618.90,2011.767
1775977200000,71618.80,71716.20,71541.40,71628.10,1699.934
1775980800000,71628.20,71750.00,71555.00,71592.30,1973.322
1775984400000,71592.40,71600.00,71461.70,71502.40,1676.216
1775988000000,71502.30,71655.20,71309.70,71416.10,2947.051
1775991600000,71416.10,71510.00,71384.30,71435.00,2223.504
1775995200000,71435.00,71478.00,71000.00,71050.10,8813.353
1775998800000,71050.00,71117.20,70818.70,70861.50,11631.888
1776002400000,70861.40,71063.80,70655.60,70714.30,7906.214
1776006000000,70714.30,70898.00,70566.50,70856.20,6590.007
1776009600000,70856.10,70926.70,70777.00,70890.90,2601.419
1776013200000,70890.80,71188.00,70853.10,71099.90,4177.012
1776016800000,71100.00,71177.30,71010.00,71092.60,2607.767
1776020400000,71092.50,71199.00,71034.60,71055.20,2131.614
1776024000000,71055.20,71417.90,70920.40,71302.90,5128.901
1776027600000,71302.80,71423.90,71110.30,71331.70,2565.008
1776031200000,71331.40,71332.40,70458.20,70875.60,13082.450
1776034800000,70875.50,70882.40,70533.00,70711.10,3574.492
1776038400000,70711.20,71225.00,70574.00,71130.00,5326.491
1776042000000,71129.90,71193.60,70990.70,71156.10,3835.131
1776045600000,71156.00,71245.00,70941.40,71047.00,3419.461
1776049200000,71047.00,71128.80,70874.40,70944.80,2551.518
1776052800000,70944.80,71114.90,70812.70,70854.30,2218.709
1776056400000,70854.40,70892.40,70627.90,70847.80,2818.291
1776060000000,70847.70,71068.00,70843.70,70989.60,2518.392
1776063600000,70989.70,71045.10,70640.30,70780.00,3837.005
1776067200000,70780.10,70833.00,70517.30,70644.80,3558.489
1776070800000,70644.90,70875.30,70634.90,70758.40,2639.981
1776074400000,70758.30,70814.20,70643.50,70716.00,1970.778
1776078000000,70716.00,70960.30,70700.30,70883.90,3104.390
1776081600000,70883.90,71188.00,70722.30,71043.00,5697.803
1776085200000,71043.00,71677.90,70780.00,71623.00,17540.464
1776088800000,71623.00,72358.50,71326.30,72347.20,20806.650
1776092400000,72347.10,72431.00,71600.10,71823.60,13405.348
1776096000000,71823.60,72393.80,71629.50,72157.30,13649.973
1776099600000,72157.40,72549.20,72015.50,72101.00,11559.413
1776103200000,72100.90,72424.90,72000.00,72380.00,5777.540
1776106800000,72380.10,73441.70,72248.50,73272.20,25327.444
1776110400000,73272.10,73349.30,72953.30,73098.90,9281.046
1776114000000,73098.80,73329.40,73026.70,73140.00,3643.338
1776117600000,73140.00,74750.00,73130.00,74599.90,31775.073
1776121200000,74600.00,74870.00,74367.60,74385.00,16766.791
1776124800000,74384.90,74493.40,74057.70,74127.90,8218.546
1776128400000,74127.90,74400.00,73946.90,74345.50,4810.747
1776132000000,74345.50,74583.10,74236.10,74294.40,3853.264
1776135600000,74294.50,74461.90,74212.80,74408.80,2768.526
1776139200000,74408.80,74476.10,74316.90,74355.50,2265.702
1776142800000,74355.50,74401.80,74112.20,74184.50,3115.487
1776146400000,74184.50,74519.90,74184.50,74485.00,3312.115
1776150000000,74485.10,74900.00,74395.60,74513.40,7521.321
1776153600000,74513.30,74873.50,74419.10,74713.90,5411.496
1776157200000,74714.00,74799.50,74403.10,74471.90,4221.747
1776160800000,74471.90,74581.70,74300.00,74309.80,3610.194
1776164400000,74309.80,74430.00,74267.20,74342.40,2981.975
1776168000000,74342.40,74459.60,74234.00,74416.70,4585.221
1776171600000,74416.70,75484.00,74366.00,75471.20,21163.234
1776175200000,75471.10,76009.00,74964.70,74966.30,32074.453
1776178800000,74966.30,75396.90,74514.10,75268.10,17275.135
1776182400000,75268.10,75684.90,74450.00,74597.10,13496.273
1776186000000,74597.20,74902.70,74200.20,74699.90,9405.722
1776189600000,74699.90,74765.00,73789.70,74050.00,11823.288
1776193200000,74049.90,74362.80,73833.50,74176.40,7221.741
1776196800000,74176.50,74387.70,73960.00,74059.00,3417.497
1776200400000,74058.90,74295.70,73903.80,74230.30,2657.168
1776204000000,74230.30,74339.40,73766.80,73987.50,4679.750
1776207600000,73987.60,74200.10,73961.30,74106.90,3370.888
1776211200000,74106.90,74635.00,74085.00,74520.30,6386.687
1776214800000,74520.30,74739.20,74450.80,74568.30,3793.236
1776218400000,74568.30,74653.40,74142.70,74280.00,3803.950
1776222000000,74280.00,74338.90,74123.60,74296.80,2219.931
1776225600000,74296.80,74400.00,74211.30,74290.80,1828.487
1776229200000,74290.70,74390.00,73822.60,73983.20,5600.465
1776232800000,73983.10,74015.70,73822.00,73851.10,2724.877
1776236400000,73851.00,73987.00,73449.00,73705.10,9147.153
1776240000000,73705.20,74154.30,73640.10,74070.40,4910.157
1776243600000,74070.40,74143.50,73868.00,73968.30,2961.195
1776247200000,73968.30,74222.70,73750.00,73825.90,5354.748
1776250800000,73825.90,74227.50,73825.90,74155.10,4233.263
1776254400000,74155.00,74473.50,74001.10,74228.70,5486.241
1776258000000,74228.80,74397.00,73769.50,74015.80,7645.902
1776261600000,74015.90,74466.00,73776.50,74108.80,9303.464
1776265200000,74108.80,74290.00,73540.00,73797.50,9855.922
1776268800000,73797.50,74145.20,73714.90,73900.40,5052.861
1776272400000,73900.30,74197.10,73873.80,74099.10,3734.784
1776276000000,74099.00,74369.20,74028.00,74349.10,3731.718
1776279600000,74349.10,75240.00,74311.90,74957.80,12055.200
1776283200000,74957.70,74991.50,74466.50,74796.80,6702.826
1776286800000,74796.70,74816.00,74498.60,74703.00,2535.824
1776290400000,74703.10,75425.60,74696.00,74931.30,7850.458
1776294000000,74931.30,74932.10,74579.00,74776.20,4110.422
1776297600000,74776.30,74839.00,74400.00,74772.00,4289.958
1776301200000,74772.10,74772.10,74415.00,74612.80,2427.540
1776304800000,74612.80,75232.70,74556.70,74840.80,5925.410
1776308400000,74840.70,75123.50,74825.10,74851.90,3008.342
1776312000000,74851.90,75130.00,74675.40,74899.90,7685.073
1776315600000,74900.00,75100.00,74852.40,75006.10,2772.243
1776319200000,75006.00,75079.10,74801.80,74985.90,2797.074
1776322800000,74985.90,75039.00,74590.30,74667.70,3790.884
1776326400000,74667.70,74711.80,74466.90,74634.30,4804.128
1776330000000,74634.20,74866.90,74550.00,74558.70,3450.627
1776333600000,74558.60,74621.10,74226.20,74267.80,7078.903
1776337200000,74267.70,74537.30,74234.90,74528.40,5244.012
1776340800000,74528.40,74836.60,74524.70,74577.70,5712.038
1776344400000,74577.80,74981.10,73256.80,73755.90,21382.008
1776348000000,73756.00,74155.70,73388.00,73937.00,16481.072
1776351600000,73936.80,74880.00,73900.00,74659.50,13140.692
1776355200000,74659.50,74901.60,74007.60,74140.60,9530.226
1776358800000,74140.60,74410.70,73873.50,74301.60,6691.907
1776362400000,74301.60,75073.00,74202.00,75000.00,7853.120
1776366000000,75000.10,75378.10,74711.00,75309.40,8837.111
1776369600000,75309.50,75500.00,74964.60,75188.90,6256.538
1776373200000,75189.00,75245.70,74736.50,74902.20,3984.835
1776376800000,74902.30,75090.80,74787.70,74833.90,2612.399
1776380400000,74833.90,75149.10,74800.00,75106.80,2641.585
1776384000000,75106.80,75118.40,74848.40,74900.20,2958.114
1776387600000,74900.20,74998.20,74532.90,74707.60,4650.303
1776391200000,74707.70,74770.00,74480.00,74670.60,2338.740
1776394800000,74670.50,74814.10,74558.90,74582.80,3160.293
1776398400000,74582.80,74818.10,74550.00,74748.40,1846.248
1776402000000,74748.30,74770.50,74508.20,74604.80,2378.041
1776405600000,74604.80,74904.20,74559.70,74895.10,3090.866
1776409200000,74895.20,75060.40,74892.70,75047.40,4376.710
1776412800000,75047.40,75869.00,74951.60,75749.80,14296.900
1776416400000,75749.80,76350.00,75463.20,75746.00,21235.691
1776420000000,75746.10,75853.70,75030.20,75229.70,13662.049
1776423600000,75229.60,75564.70,75195.70,75542.20,4279.613
1776427200000,75542.10,76235.40,75481.80,76195.60,13125.431
1776430800000,76195.70,77376.30,76006.70,77294.30,49562.355
1776434400000,77294.20,77999.90,76951.10,77825.10,31429.916
1776438000000,77825.10,77940.00,77389.00,77736.20,13716.929
1776441600000,77736.20,78300.00,77660.00,77805.10,15584.467
1776445200000,77805.10,77870.00,77042.00,77465.30,12363.466
1776448800000,77465.30,77521.30,77028.40,77112.10,6498.194
1776452400000,77112.00,77429.80,76921.90,77348.80,6106.231
1776456000000,77349.20,77566.00,77111.00,77283.70,3754.339
1776459600000,77283.70,77459.00,77228.60,77400.10,1994.375
1776463200000,77400.00,77477.10,77222.10,77261.80,2677.990
1776466800000,77261.90,77267.00,76854.20,77030.60,4308.654
1776470400000,77030.60,77216.20,76931.00,77135.10,2853.470
1776474000000,77135.20,77287.90,77072.70,77175.90,2416.708
1776477600000,77175.90,77380.00,77085.60,77249.50,2121.763
1776481200000,77249.60,77254.30,76903.20,76964.30,2495.093
1776484800000,76964.40,77131.80,76824.10,77065.90,3532.251
1776488400000,77065.80,77233.60,77063.50,77085.00,2162.711
1776492000000,77085.10,77177.00,77008.00,77078.70,1684.268
1776495600000,77078.70,77086.50,76826.80,76951.00,3315.779
1776499200000,76951.00,77004.20,76460.00,76695.10,10953.848
1776502800000,76695.10,76695.10,76357.10,76557.10,6580.507
1776506400000,76557.10,76557.20,76091.80,76150.00,9595.160
1776510000000,76150.00,76150.00,75710.60,76002.00,10561.507
1776513600000,76002.00,76277.40,76000.00,76168.00,5429.196
1776517200000,76168.00,76176.00,75738.00,76080.50,5094.502
1776520800000,76080.50,76268.20,75924.40,76211.20,3696.291
1776524400000,76211.20,76342.70,75931.90,76124.80,3212.335
1776528000000,76124.80,76176.60,75584.10,75897.90,8581.227
1776531600000,75897.90,75930.50,75724.80,75783.90,3440.030
1776535200000,75783.90,75805.10,75395.90,75603.70,8666.619
1776538800000,75603.70,75761.10,75532.30,75604.20,2321.470
1776542400000,75604.20,75799.90,75558.60,75706.10,1982.126
1776546000000,75706.10,75795.00,75551.00,75766.50,1443.332
1776549600000,75766.40,75836.90,75560.00,75765.50,2228.389
1776553200000,75765.50,75843.30,75653.40,75653.80,1525.809
1776556800000,75653.80,75804.00,75506.10,75627.30,2629.124
1776560400000,75627.40,75757.70,75408.50,75577.40,2691.631
1776564000000,75577.40,75692.30,75353.00,75450.10,2887.502
1776567600000,75450.00,75607.90,75314.00,75473.00,2654.256
1776571200000,75472.90,75747.30,75371.60,75623.70,3516.273
1776574800000,75623.70,75650.00,75466.30,75505.10,2602.877
1776578400000,75505.10,75505.10,75234.20,75359.70,3342.324
1776582000000,75359.60,75363.20,74824.30,75205.60,8669.567
1776585600000,75205.70,75250.00,75024.30,75220.00,2655.875
1776589200000,75220.10,75232.10,74863.60,74974.60,3069.234
1776592800000,74974.60,75199.00,74888.00,75175.50,2776.047
1776596400000,75175.50,75589.20,75170.00,75557.40,5863.313
1776600000000,75557.50,75665.70,75386.40,75529.30,5131.535
1776603600000,75529.20,76200.00,75505.10,75877.90,11571.736
1776607200000,75878.00,76100.00,75625.90,75971.30,5966.627
1776610800000,75971.40,76116.80,75342.30,75807.60,6299.713
1776614400000,75807.70,75817.70,75255.70,75345.60,4713.196
1776618000000,75345.50,75348.40,74560.00,74742.40,12311.531
1776621600000,74742.30,74876.90,74550.00,74736.20,5348.541
1776625200000,74736.20,75043.10,74736.20,74917.90,2859.308
1776628800000,74918.00,74920.20,74375.00,74591.60,5630.174
1776632400000,74591.70,74776.30,74304.50,74379.50,3737.525
1776636000000,74379.40,74379.50,73700.20,74005.00,16669.971
1776639600000,74005.00,74018.60,73746.40,73758.40,5380.331
1776643200000,73758.40,74322.90,73669.00,74228.10,9071.563
1776646800000,74228.10,74697.60,74167.60,74549.40,5474.771
1776650400000,74549.50,74588.30,74254.90,74364.50,2909.538
1776654000000,74364.50,74600.00,74309.80,74593.90,3778.122
1776657600000,74593.90,74598.10,74389.10,74523.70,1990.290
1776661200000,74523.70,74523.70,74061.20,74226.50,3849.183
1776664800000,74226.50,74860.00,74206.70,74751.10,5500.076
1776668400000,74751.20,75539.30,74618.00,74795.50,14105.339
1776672000000,74795.50,74970.50,74563.20,74691.70,5466.570
1776675600000,74691.70,75200.00,74660.80,75028.80,5031.636
1776679200000,75028.90,75375.10,74964.80,74993.20,4324.018
1776682800000,74993.30,75243.00,74907.10,75148.70,3197.964
1776686400000,75148.80,75633.00,74939.10,75245.00,7621.821
1776690000000,75245.10,75392.00,74811.70,75232.80,9118.652
1776693600000,75232.70,75734.00,74873.10,75000.10,12377.784
1776697200000,75000.10,75750.00,74639.50,75668.10,13391.763
1776700800000,75668.10,75676.30,75250.00,75300.00,5228.528
1776704400000,75300.00,75975.40,75242.50,75853.70,8252.788
1776708000000,75853.70,76439.00,75853.70,76388.80,14061.343
1776711600000,76389.30,76449.80,76105.60,76252.50,11150.177
1776715200000,76252.50,76531.00,76072.90,76229.90,8890.150
1776718800000,76230.00,76323.90,75721.70,75909.50,5425.270
1776722400000,75909.40,76105.40,75851.10,75927.70,2157.720
1776726000000,75927.70,75927.70,75556.20,75790.10,3774.601
1776729600000,75790.10,76054.00,75650.00,76050.00,3649.862
1776733200000,76049.90,76232.30,75798.60,75887.00,3218.622
1776736800000,75887.10,75889.90,75532.00,75540.00,3920.912
1776740400000,75540.00,75680.00,75433.10,75669.10,3049.000
1776744000000,75669.10,75790.30,75558.80,75768.30,2636.054
1776747600000,75768.20,75947.10,75732.30,75760.80,3034.910
1776751200000,75760.70,76088.00,75658.30,75930.50,3253.014
1776754800000,75930.40,76276.60,75770.00,76050.00,5348.542
1776758400000,76050.00,76999.00,76025.00,76462.40,9688.673
1776762000000,76462.40,76565.20,76103.30,76324.20,6005.276
1776765600000,76324.20,76844.50,76306.30,76702.10,5702.752
1776769200000,76702.20,76716.70,76281.10,76408.30,6424.410
1776772800000,76408.30,76491.10,75631.20,75972.80,13349.788
1776776400000,75972.90,76144.00,75688.00,75859.90,7392.452
1776780000000,75860.00,76574.30,75571.70,75628.90,17784.574
1776783600000,75628.90,75950.20,75355.20,75799.90,9750.346
1776787200000,75800.00,76155.00,75705.40,75739.20,5816.389
1776790800000,75739.30,75875.10,75017.80,75516.00,14476.413
1776794400000,75515.90,75639.60,75273.00,75563.10,4921.306
1776798000000,75563.10,75900.00,74777.90,74988.60,13354.564
1776801600000,74988.70,75824.80,74942.20,75649.40,10187.902
1776805200000,75649.30,75732.50,75402.90,75506.40,1945.077
1776808800000,75506.40,75608.60,75250.00,75598.60,2856.061
1776812400000,75598.60,76396.20,75570.30,76288.20,6994.088
1776816000000,76288.30,76471.20,76170.00,76327.10,5396.425
1776819600000,76327.10,76380.00,76078.60,76267.30,3004.863
1776823200000,76267.40,77613.00,76183.70,77568.10,20988.269
1776826800000,77568.00,77699.00,77366.00,77488.30,9672.167
1776830400000,77488.40,77670.80,77321.70,77475.50,4496.121
1776834000000,77475.40,78447.50,77406.00,77954.40,26969.743
1776837600000,77954.40,78008.80,77860.00,77971.60,4519.224
1776841200000,77971.50,78098.00,77774.30,77979.80,5242.797
1776844800000,77979.70,78186.00,77895.30,77970.00,5187.109
1776848400000,77970.00,78152.80,77912.10,77959.90,3001.630
1776852000000,77959.90,78151.00,77908.60,78117.80,2672.693
1776855600000,78117.80,78365.80,78054.50,78263.20,4820.256
1776859200000,78263.20,78490.80,78060.00,78196.60,6410.168
1776862800000,78196.60,78799.00,78120.10,78794.50,12886.624
1776866400000,78794.40,79142.80,78511.10,78996.80,20184.835
1776870000000,78996.70,79370.00,78800.30,79234.30,13529.874
1776873600000,79234.30,79444.00,78586.70,78705.10,11368.472
1776877200000,78705.10,78998.60,78660.00,78869.80,5456.211
1776880800000,78869.80,79129.80,78783.70,78989.50,3353.919
1776884400000,78989.50,79020.00,78654.60,78791.30,6915.525
1776888000000,78791.30,78868.90,78360.00,78395.80,5886.107
1776891600000,78395.80,78788.30,78361.40,78713.80,2432.296
1776895200000,78713.90,78784.00,78403.20,78552.10,2555.670
1776898800000,78552.10,78559.20,78111.60,78139.80,4136.098
1776902400000,78139.70,78534.90,77526.80,78389.90,12884.746
1776906000000,78390.00,78445.20,78015.00,78311.00,3983.736
1776909600000,78310.90,78320.00,77715.00,77897.60,5149.543
1776913200000,77897.60,77991.70,77410.70,77704.30,7028.582
1776916800000,77704.30,77912.00,77627.40,77871.60,4028.953
1776920400000,77871.50,78093.20,77724.40,77991.90,4466.369
1776924000000,77992.00,78310.10,77992.00,78167.00,5625.923
1776927600000,78167.00,78210.90,77925.90,78009.10,3450.478
1776931200000,78009.10,78142.20,77680.00,77822.10,5585.852
1776934800000,77822.10,77830.00,77400.20,77613.00,7413.850
1776938400000,77613.00,77678.30,76504.60,77362.90,17017.695
1776942000000,77363.00,77709.10,77321.60,77649.90,5446.003
1776945600000,77650.00,77837.60,77460.40,77826.80,8226.825
1776949200000,77826.80,77875.70,77322.80,77486.70,5854.600
1776952800000,77486.60,78176.00,77378.40,78132.80,9478.995
1776956400000,78132.80,78648.00,77929.00,78329.20,11934.225
1776960000000,78329.30,78466.80,77965.80,78049.00,5475.753
1776963600000,78049.10,78137.80,76900.10,77715.20,21713.346
1776967200000,77715.10,78100.00,77617.80,77631.70,10340.909
1776970800000,77631.50,77859.90,77543.40,77670.50,5665.343
1776974400000,77670.40,78020.00,77598.40,77841.30,3884.977
1776978000000,77841.30,78044.20,77743.30,77819.60,1877.423
1776981600000,77819.50,78299.00,77819.50,78194.20,3629.261
1776985200000,78194.10,78266.00,77983.50,78216.80,2321.625
1776988800000,78217.40,78459.10,78120.00,78376.70,2948.463
1776992400000,78376.70,78399.00,77901.00,78369.90,5826.227
1776996000000,78369.80,78546.00,77986.00,78074.00,5936.447
1776999600000,78074.00,78134.00,77500.00,77690.10,8698.496
1777003200000,77690.10,77814.70,77413.00,77620.50,3937.802
1777006800000,77620.50,78019.20,77401.50,77911.00,6692.759
1777010400000,77911.10,77945.00,77704.00,77741.90,2572.110
1777014000000,77742.00,77814.00,77500.00,77620.50,4052.743
1777017600000,77620.50,77987.20,77530.10,77744.60,4542.119
1777021200000,77744.60,77773.90,77355.80,77497.20,5508.841
1777024800000,77497.20,77765.50,77410.00,77715.20,3019.545
1777028400000,77715.20,78346.10,77715.10,78194.80,12224.384
1777032000000,78194.90,78309.20,77963.60,78233.00,4968.190
1777035600000,78233.00,78432.90,77870.00,78050.10,8477.317
1777039200000,78050.00,78060.50,77639.00,77986.40,8895.171
1777042800000,77986.30,78199.00,77521.00,78007.30,9049.207
1777046400000,78007.30,78031.90,77543.40,77732.70,6053.347
1777050000000,77732.60,77792.90,77414.40,77644.60,7098.563
1777053600000,77644.50,77681.60,77308.00,77579.20,4310.364
1777057200000,77579.20,77711.00,77485.10,77596.10,2617.260
1777060800000,77596.00,77727.00,77412.80,77688.20,3057.022
1777064400000,77688.20,77718.50,77490.00,77490.10,1860.883
1777068000000,77490.00,77579.90,77206.80,77294.50,3447.770
1777071600000,77294.60,77439.10,77288.90,77395.40,1987.975
1777075200000,77395.30,77459.70,77254.70,77419.90,1878.806
1777078800000,77420.00,77579.30,77392.70,77490.00,1991.297
1777082400000,77490.00,77608.20,77450.00,77567.60,1315.087
1777086000000,77567.60,77678.00,77500.00,77629.00,1474.251
1777089600000,77629.00,77653.20,77545.00,77579.50,949.516
1777093200000,77579.50,77579.50,77438.10,77475.80,1311.610
1777096800000,77475.80,77547.00,77437.00,77458.80,1193.859
1777100400000,77458.90,77533.20,77400.00,77449.90,1791.902
1777104000000,77449.90,77615.60,77444.00,77603.30,1450.313
1777107600000,77603.40,77736.80,77536.20,77672.50,1877.998
1777111200000,77672.60,77847.00,77672.50,77749.30,2789.797
1777114800000,77749.30,77749.30,77564.00,77638.70,2448.382
1777118400000,77638.70,77673.00,77500.10,77518.30,1903.699
1777122000000,77518.30,77676.50,77518.30,77650.10,1504.373
1777125600000,77650.10,77719.10,77589.80,77618.20,1893.011
1777129200000,77618.30,77691.10,77263.00,77289.30,4449.411
1777132800000,77289.30,77411.80,77100.00,77364.00,5349.276
1777136400000,77364.00,77379.70,77162.00,77213.40,1763.102
1777140000000,77213.30,77353.60,77174.20,77256.80,1995.754
1777143600000,77256.80,77312.60,77153.00,77285.60,1493.528
1777147200000,77285.70,77450.00,77267.30,77439.10,1483.127
1777150800000,77439.00,77500.00,77367.00,77492.90,1480.822
1777154400000,77492.90,77599.90,77455.40,77513.20,1373.441
1777158000000,77513.30,77615.70,77480.90,77585.00,1430.124
1777161600000,77585.00,77607.70,77401.80,77457.40,2173.275
1777165200000,77457.40,77531.60,77395.20,77417.40,1409.129
1777168800000,77417.30,77553.90,77410.00,77480.10,1127.320
1777172400000,77480.00,77500.00,77280.00,77349.30,1661.189
1777176000000,77349.30,77777.00,77338.40,77727.00,3838.691
1777179600000,77727.10,78164.70,77670.90,77949.40,7947.368
1777183200000,77949.40,78012.20,77851.20,77963.20,1957.273
1777186800000,77963.30,78085.00,77920.50,78061.50,1433.480
1777190400000,78061.50,78182.80,77973.50,77989.00,2223.646
1777194000000,77989.10,78020.00,77880.00,77971.80,1527.171
1777197600000,77971.80,78017.70,77914.50,77961.40,1201.415
1777201200000,77961.50,78114.50,77961.40,78050.00,1385.869
1777204800000,78050.00,78063.50,77715.00,77795.50,3074.328
1777208400000,77795.40,77953.20,77742.60,77940.10,2320.964
1777212000000,77940.00,78136.50,77840.50,78053.40,3469.246
1777215600000,78053.50,78091.30,77912.50,78007.90,2519.454
1777219200000,78007.90,78055.70,77890.00,77890.00,1674.536
1777222800000,77890.10,78026.90,77815.00,77976.70,1583.178
1777226400000,77976.70,78326.20,77945.70,78238.10,5398.017
1777230000000,78238.10,78477.90,77967.90,78183.10,6594.545
1777233600000,78183.20,78355.10,78107.00,78150.10,1663.712
1777237200000,78150.00,78994.80,77777.00,78369.70,9228.611
1777240800000,78369.60,78821.10,77915.50,78274.70,8267.639
1777244400000,78274.70,78870.30,77988.10,78613.50,6263.249
1777248000000,78614.40,79338.00,78319.10,79263.70,10372.842
1777251600000,79264.10,79455.00,78671.80,79245.30,10667.809
1777255200000,79245.30,79268.80,78984.70,79082.90,4176.886
1777258800000,79082.90,79273.40,79032.30,79065.10,3114.466
1777262400000,79065.10,79128.10,78830.00,78882.60,3575.923
1777266000000,78882.60,78904.10,77503.60,77730.60,28902.851
1777269600000,77730.50,77834.00,77408.60,77657.90,9659.834
1777273200000,77657.90,77698.20,77512.30,77556.70,3917.886
1777276800000,77556.70,77775.30,77500.00,77763.50,4632.246
1777280400000,77763.40,77949.90,77657.10,77856.10,5931.398
1777284000000,77856.10,77903.10,77740.10,77806.70,2606.755
1777287600000,77806.70,77854.20,77700.00,77804.30,1914.929
1777291200000,77804.30,77835.70,77575.00,77627.40,4219.551
1777294800000,77627.30,77930.30,77516.40,77700.00,7031.140
1777298400000,77700.30,78232.00,77627.20,77776.00,9667.156
1777302000000,77775.90,77796.30,76524.00,76760.00,24615.058
1777305600000,76760.00,76829.10,76509.70,76587.90,7100.753
1777309200000,76587.90,76902.70,76585.40,76702.30,5273.641
1777312800000,76702.30,76858.50,76623.10,76790.70,2159.377
1777316400000,76790.60,76863.00,76400.00,76844.40,5721.293
1777320000000,76844.30,77037.00,76780.90,76915.80,2744.525
1777323600000,76915.80,76944.50,76740.30,76741.40,1559.525
1777327200000,76741.40,77037.00,76714.80,77025.80,3020.956
1777330800000,77025.80,77419.70,76971.50,77331.20,6514.083
1777334400000,77331.20,77450.00,77171.10,77334.90,4722.234
1777338000000,77334.90,77356.80,76989.00,77047.20,3331.975
1777341600000,77047.20,77187.70,76632.40,76845.00,5540.628
1777345200000,76844.90,76866.50,76633.00,76770.60,2711.856
1777348800000,76770.60,76921.80,76654.60,76845.20,2736.878
1777352400000,76845.20,77132.40,76760.90,76848.00,4399.965
1777356000000,76848.10,76985.10,76525.60,76664.90,4227.650
1777359600000,76665.00,76888.00,76324.10,76828.40,6137.080
1777363200000,76828.30,76956.00,76701.00,76820.10,3054.310
1777366800000,76820.00,76823.60,76443.00,76557.20,2792.382
1777370400000,76557.30,76657.00,76427.80,76580.10,2723.919
1777374000000,76580.10,76612.30,76088.00,76198.80,7667.234
1777377600000,76198.90,76403.70,76129.00,76345.60,5418.068
1777381200000,76345.60,76388.00,75904.40,76158.20,10356.863
1777384800000,76158.40,76175.00,75635.60,75920.00,11447.593
1777388400000,75920.00,76053.00,75789.60,76027.80,5697.881
1777392000000,76027.70,76224.20,75840.30,76091.70,3808.818
1777395600000,76091.70,76247.00,75915.20,76154.20,3441.505
1777399200000,76154.10,76251.00,76100.00,76208.20,2834.587
1777402800000,76208.10,76352.00,76032.30,76293.60,2431.825
1777406400000,76293.50,76432.50,76287.10,76420.00,2552.304
1777410000000,76420.00,76448.00,76217.80,76321.50,2075.404
1777413600000,76321.50,76409.60,76178.00,76206.20,2016.484
1777417200000,76206.10,76340.80,76150.00,76298.10,1791.434
1777420800000,76298.20,76519.80,76227.50,76470.90,2818.370
1777424400000,76471.00,76633.30,76138.70,76534.90,4055.817
1777428000000,76535.00,76633.30,76350.80,76488.10,2303.457
1777431600000,76488.00,77098.80,76466.50,76955.70,8580.322
1777435200000,76955.70,77432.10,76839.80,77224.20,10431.888
1777438800000,77224.10,77298.90,77150.00,77254.70,3625.768
1777442400000,77254.70,77294.40,76888.00,76978.50,6541.227
1777446000000,76978.50,77140.00,76951.00,77003.80,3425.117
1777449600000,77003.80,77113.60,76921.20,76998.50,2062.265
1777453200000,76998.40,77774.00,76918.50,77605.50,10758.462
1777456800000,77605.40,77873.20,77506.80,77575.30,8863.719
1777460400000,77575.30,77654.70,77440.00,77552.50,4039.518
1777464000000,77552.50,77563.60,76945.10,77110.00,9040.986
1777467600000,77110.00,77225.70,76385.00,76748.70,14778.858
1777471200000,76748.60,76850.00,76441.50,76540.30,7706.251
1777474800000,76540.20,76607.50,75675.20,75889.10,15958.521
1777478400000,75889.10,76115.40,75653.00,75774.70,12042.679
1777482000000,75774.70,76145.80,75752.50,76139.60,6567.744
1777485600000,76139.30,76220.00,74868.00,75470.10,29543.330
1777489200000,75470.10,75564.00,75251.60,75518.50,6232.553
1777492800000,75518.40,75826.70,75448.00,75636.00,7360.038
1777496400000,75636.10,76061.20,75562.30,75883.10,3816.321
1777500000000,75883.10,75966.00,75775.70,75884.50,3301.140
1777503600000,75884.50,75956.80,75651.30,75749.90,2679.152
1777507200000,75749.90,76300.00,75612.20,76199.10,6686.166
1777510800000,76199.10,76445.00,76130.10,76193.90,4748.673
1777514400000,76193.90,76311.80,75448.90,75663.60,8068.355
1777518000000,75663.50,75950.00,75608.60,75882.10,2571.359
1777521600000,75881.60,75931.70,75363.20,75458.30,4706.240
1777525200000,75458.40,75721.00,75273.50,75569.60,3431.262
1777528800000,75569.60,75835.60,75540.10,75720.60,2811.479
1777532400000,75720.60,76148.00,75684.60,76129.90,4812.983
1777536000000,76129.90,76180.00,75987.60,76025.70,4692.217
1777539600000,76025.80,76332.60,75973.30,76062.70,3618.199
1777543200000,76062.70,76136.60,75943.30,76001.60,2477.841
1777546800000,76001.70,76233.00,75836.00,76032.90,4543.519
1777550400000,76032.90,76375.10,76009.80,76259.00,5432.389
1777554000000,76259.00,76630.30,76066.60,76370.30,8634.181
1777557600000,76370.40,76546.70,76044.70,76256.00,7816.799
1777561200000,76256.10,76614.90,76116.00,76423.00,5078.328
1777564800000,76423.00,76446.90,76181.90,76220.10,2781.497
1777568400000,76220.20,76294.20,76060.40,76209.20,3008.420
1777572000000,76209.20,76440.00,76166.30,76309.10,2871.700
1777575600000,76309.20,76470.50,76264.20,76366.70,3099.220
1777579200000,76366.70,76536.20,76273.30,76451.10,3025.849
1777582800000,76451.10,76495.40,76186.00,76202.80,1910.851
1777586400000,76202.80,76409.30,76155.10,76197.90,1508.830
1777590000000,76198.00,76347.00,76173.30,76305.40,1418.103
1777593600000,76305.40,76557.30,76265.40,76415.10,2833.122
1777597200000,76415.10,76738.30,76400.10,76644.10,3011.553
1777600800000,76644.00,76703.20,76485.20,76552.90,2376.300
1777604400000,76552.80,77421.20,76510.00,77082.60,13452.056
1777608000000,77082.60,77177.10,76900.00,76997.40,4141.156
1777611600000,76997.30,77155.00,76988.00,77135.30,1833.901
1777615200000,77135.30,77143.50,76833.70,76953.90,2858.941
1777618800000,76953.80,77110.00,76922.40,77100.00,3484.420
1777622400000,77099.90,77480.00,77010.50,77340.00,7056.179
1777626000000,77340.10,77358.50,77160.00,77239.30,3412.386
1777629600000,77239.30,77408.70,77118.10,77268.90,2931.392
1777633200000,77268.90,77588.40,77232.40,77429.50,4473.362
1777636800000,77429.60,78145.30,77368.20,77847.20,18429.963
1777640400000,77847.20,78879.90,77847.10,78691.30,22865.238
1777644000000,78691.30,78860.00,78004.10,78312.90,15174.189
1777647600000,78312.80,78688.00,78130.00,78395.40,10478.480
1777651200000,78395.40,78642.00,78130.00,78175.40,7267.884
1777654800000,78175.40,78557.40,78081.50,78509.20,4667.591
1777658400000,78509.30,78597.90,78336.10,78392.10,3962.063
1777662000000,78392.10,78514.20,78274.00,78316.90,3138.280
1777665600000,78317.00,78402.90,77717.70,77838.20,6294.832
1777669200000,77838.10,78163.80,77815.00,78163.80,3397.600
1777672800000,78163.80,78368.30,78091.80,78105.90,3177.489
1777676400000,78105.90,78214.50,77990.90,78192.00,2279.929
1777680000000,78191.90,78358.70,78123.00,78303.30,2196.897
1777683600000,78303.30,78413.40,78246.50,78295.80,1674.330
1777687200000,78295.80,78480.00,78210.30,78319.20,1651.331
1777690800000,78319.30,78503.90,78183.40,78377.70,2593.320
1777694400000,78377.70,78416.80,78040.00,78137.40,3846.424
1777698000000,78137.30,78219.60,77979.30,78140.00,3285.902
1777701600000,78140.10,78322.00,78099.40,78278.30,1731.257
1777705200000,78278.30,78304.20,78156.10,78181.60,1391.002
1777708800000,78181.60,78318.00,78113.00,78272.20,1385.259
1777712400000,78272.20,78359.20,78168.40,78252.30,1283.755
1777716000000,78252.40,78273.10,78175.00,78205.40,886.618
1777719600000,78205.50,78205.50,78055.70,78105.70,1999.778
1777723200000,78105.70,78232.00,78056.00,78169.70,1727.077
1777726800000,78169.70,78403.10,78169.60,78332.00,2617.892
1777730400000,78331.90,78458.20,78271.80,78380.90,2683.317
1777734000000,78380.80,78450.00,78320.00,78449.80,1206.057
1777737600000,78449.80,78565.90,78390.00,78419.90,2698.317
1777741200000,78419.90,78453.90,78328.10,78362.10,1005.401
1777744800000,78362.10,78459.00,78277.00,78432.10,1216.117
1777748400000,78432.00,78486.50,78404.80,78443.80,682.391
1777752000000,78444.10,78449.00,78376.00,78415.20,551.750
1777755600000,78415.30,79145.00,78401.50,78689.80,8643.996
1777759200000,78689.70,78838.00,78569.20,78793.20,2889.876
1777762800000,78793.20,78793.20,78588.30,78652.90,1593.044
1777766400000,78652.80,78740.50,78437.80,78499.90,3340.415
1777770000000,78499.90,78500.00,78100.00,78200.00,4310.343
1777773600000,78200.00,78272.00,78069.00,78131.30,3527.589
1777777200000,78131.40,78185.00,78075.10,78162.40,2031.354
1777780800000,78162.30,78202.60,78075.80,78132.30,1381.549
1777784400000,78132.30,78227.70,78121.10,78208.50,1139.456
1777788000000,78208.50,78318.70,78027.00,78249.00,2139.475
1777791600000,78249.00,78415.40,78248.90,78316.60,2420.464
1777795200000,78316.60,78475.30,78316.50,78343.50,1313.598
1777798800000,78343.50,78579.00,78295.10,78496.50,2342.270
1777802400000,78496.60,78499.90,78358.30,78369.40,1126.267
1777806000000,78369.30,78814.70,78340.00,78620.50,4413.802
1777809600000,78620.60,78850.00,78620.60,78715.40,3638.846
1777813200000,78715.30,78739.80,78522.90,78634.30,2282.920
1777816800000,78634.40,78750.00,78577.00,78700.60,1937.694
1777820400000,78700.60,78787.70,78584.10,78625.20,1990.431
1777824000000,78625.20,78749.50,78550.00,78619.10,1400.374
1777827600000,78619.20,78790.00,78514.20,78693.70,1981.687
1777831200000,78693.70,78730.60,78588.20,78706.70,984.952
1777834800000,78706.70,78832.20,78637.80,78729.10,1376.932
1777838400000,78729.10,79266.00,78690.00,78889.00,7057.354
1777842000000,78889.00,79026.00,78608.80,78794.50,3120.386
1777845600000,78794.60,79428.90,78794.60,79141.40,10542.259
1777849200000,79141.50,79260.30,78440.00,78529.00,6233.204
1777852800000,78529.00,78538.30,78235.40,78504.90,5606.024
1777856400000,78505.00,79849.80,78374.90,79755.90,18031.254
1777860000000,79756.00,80400.00,79493.00,80136.60,26000.914
1777863600000,80136.60,80426.00,79873.30,80278.70,9846.020
1777867200000,80278.70,80590.20,80184.80,80300.00,9960.785
1777870800000,80300.00,80370.00,79905.00,79983.90,8772.023
1777874400000,79984.00,80005.80,79440.00,79824.70,8760.329
1777878000000,79824.70,79907.60,79633.00,79663.50,3303.354
1777881600000,79663.40,79768.60,79555.80,79666.50,3890.024
1777885200000,79666.60,79900.00,79600.20,79800.10,3658.996
1777888800000,79800.10,79851.30,78128.30,78894.80,48091.994
1777892400000,78894.90,79080.00,78658.10,78753.50,9358.674
1777896000000,78753.50,78993.70,78670.60,78816.10,4486.148
1777899600000,78816.10,79099.70,78532.90,78747.60,10649.286
1777903200000,78747.60,80528.90,78450.00,80160.10,28439.342
1777906800000,80165.20,80332.80,79246.70,79976.70,32330.021
1777910400000,79976.60,80352.00,79562.00,79982.40,13490.048
1777914000000,79982.30,80771.70,79978.60,80339.80,13498.969
1777917600000,80339.80,80395.90,80001.00,80080.90,7363.536
1777921200000,80080.90,80108.00,79848.50,80018.40,4571.725
1777924800000,80018.30,80124.70,79846.50,79896.50,2597.615
1777928400000,79896.50,80349.60,79896.40,80216.90,2456.981
1777932000000,80216.90,80363.20,80003.60,80031.90,2463.022
1777935600000,80031.90,80032.00,79715.90,79826.10,3289.498
1777939200000,79826.10,80150.00,79761.20,80130.90,3195.753
1777942800000,80130.90,80343.00,80031.50,80310.90,3348.090
1777946400000,80310.90,80871.40,80255.50,80514.40,8623.726
1777950000000,80514.40,81050.00,80411.10,80836.90,8859.476
1777953600000,80836.80,80941.90,80671.40,80850.80,4460.610
1777957200000,80850.90,81278.20,80783.80,80924.10,13806.146
1777960800000,80924.20,80973.80,80750.00,80934.60,3804.971
1777964400000,80934.70,81111.00,80793.70,80815.80,4895.190
1777968000000,80815.80,80837.90,80674.70,80776.00,5268.223
1777971600000,80776.00,80776.00,80480.60,80551.00,4744.606
1777975200000,80551.00,80789.00,80488.00,80786.80,3965.855
1777978800000,80786.70,81071.00,80735.80,80973.00,7935.593
1777982400000,80973.10,81258.00,80879.50,81223.30,7294.890
1777986000000,81223.30,81656.60,81138.00,81278.30,23631.782
1777989600000,81278.30,81458.80,80890.00,81284.10,10606.334
1777993200000,81284.00,81640.70,81184.00,81488.70,7558.484
1777996800000,81488.70,81578.10,81000.00,81250.70,9912.893
1778000400000,81250.60,81420.00,81133.30,81223.60,3484.672
1778004000000,81223.60,81577.40,81223.60,81463.60,3167.069
1778007600000,81463.60,81636.40,81347.50,81554.40,3810.260
1778011200000,81554.30,81729.30,81458.00,81607.20,8236.403
1778014800000,81607.20,81745.40,81266.50,81363.30,4414.086
1778018400000,81363.40,81564.40,80752.80,81076.70,10927.281
1778022000000,81076.70,81176.90,80716.80,80861.90,4969.135
1778025600000,80861.90,81228.40,80651.20,80980.50,6787.966
1778029200000,80980.40,81490.00,80942.70,81390.40,4493.266
1778032800000,81390.40,81400.00,81000.00,81319.50,2928.988
1778036400000,81319.50,81716.30,81308.70,81535.90,5125.641
1778040000000,81535.90,81599.00,81223.60,81285.10,3240.989
1778043600000,81285.00,81307.30,81005.60,81277.80,3446.870
1778047200000,81277.90,81474.90,81154.60,81431.70,2787.037
1778050800000,81431.70,81571.40,81269.50,81333.30,3593.762
1778054400000,81333.40,81945.00,81280.00,81903.60,11607.808
1778058000000,81903.70,82019.20,81618.70,81959.30,12700.462
1778061600000,81959.20,82360.90,81929.90,82242.10,13253.165
1778065200000,82242.00,82828.70,82211.30,82485.40,15315.668
1778068800000,82485.30,82508.70,82120.00,82188.00,9116.091
1778072400000,82187.90,82187.90,81539.40,81621.10,14320.789
1778076000000,81621.40,81934.60,81073.10,81471.60,16993.761
1778079600000,81471.60,81780.00,81257.10,81656.40,6583.026
1778083200000,81656.40,81855.00,81372.60,81575.30,5659.811
1778086800000,81575.40,81667.30,81335.00,81401.50,3115.004
1778090400000,81401.60,81520.90,81213.20,81300.00,3202.617
1778094000000,81300.00,81470.40,81137.80,81416.50,2722.756
1778097600000,81416.50,81655.00,81251.70,81378.50,3420.381
1778101200000,81378.60,81579.00,81250.00,81494.60,1471.516
1778104800000,81494.70,81502.70,81192.30,81295.80,1996.033
1778108400000,81295.80,81404.00,80929.80,81390.10,4317.101
1778112000000,81390.00,81450.50,80925.60,80966.90,4684.830
1778115600000,80967.00,81245.90,80767.10,81121.20,6285.660
1778119200000,81121.20,81134.10,80836.00,81076.80,4769.925
1778122800000,81076.70,81076.70,80780.00,80797.30,2629.383
1778126400000,80797.40,80961.80,80675.80,80939.90,4053.290
1778130000000,80939.90,81145.70,80930.00,81047.40,2984.082
1778133600000,81047.40,81400.00,80842.40,81395.30,5453.313
1778137200000,81395.30,81680.60,81350.00,81480.10,7065.961
1778140800000,81480.00,81564.60,81161.60,81195.90,4516.181
1778144400000,81196.00,81196.00,80803.00,80888.90,5990.831
1778148000000,80888.80,80970.70,80521.80,80800.00,6040.833
1778151600000,80800.10,81028.70,80738.00,80827.90,3470.722
1778155200000,80827.90,81158.70,80800.00,81118.50,3425.996
1778158800000,81118.40,81123.90,80187.90,80457.50,11703.803
1778162400000,80457.60,80656.20,80000.10,80130.10,12818.532
1778166000000,80130.20,80242.30,79605.00,79861.60,13029.125
1778169600000,79861.50,79991.70,79667.40,79763.30,6606.246
1778173200000,79763.30,80094.70,79461.50,80053.30,7873.508
1778176800000,80053.30,80235.00,79952.70,80160.10,5178.866
1778180400000,80160.10,80175.60,79885.90,80103.10,3311.416
1778184000000,80103.10,80331.60,79809.30,79838.20,3633.550
1778187600000,79838.30,79888.00,79576.30,79683.70,3777.471
1778191200000,79683.70,79946.30,79531.10,79872.10,3732.548
1778194800000,79872.10,80026.40,79820.00,79969.40,1691.580
1778198400000,79969.50,80106.30,79671.00,79796.10,3436.384
1778202000000,79796.20,79871.00,79566.00,79699.90,2388.101
1778205600000,79700.00,79715.20,79288.00,79449.70,6526.980
1778209200000,79449.70,79634.60,79137.40,79540.00,5128.074
1778212800000,79539.90,79723.30,79506.40,79619.00,2337.291
1778216400000,79618.90,79743.80,79557.00,79560.20,1893.804
1778220000000,79560.20,79616.00,79370.00,79484.10,2652.384
1778223600000,79484.10,79690.00,79208.00,79635.00,5630.974
1778227200000,79635.00,79951.50,79626.00,79849.30,4927.268
1778230800000,79849.20,80044.60,79743.30,79826.30,4308.926
1778234400000,79826.20,80252.90,79729.50,80162.30,5670.134
1778238000000,80162.30,80287.00,80080.30,80181.90,4339.445
1778241600000,80181.80,80478.00,79922.00,79987.60,6909.317
1778245200000,79987.70,80053.90,79507.60,79612.40,10296.964
1778248800000,79612.30,80424.40,79612.30,80114.40,10748.764
1778252400000,80114.30,80173.20,79585.00,80119.10,7570.867
1778256000000,80119.10,80164.60,79706.00,79768.70,4154.568
1778259600000,79768.70,80230.00,79692.40,80030.50,5374.958
1778263200000,80030.40,80266.60,80024.10,80044.40,3460.621
1778266800000,80044.40,80152.10,79903.80,80147.70,2214.693
1778270400000,80147.90,80260.90,80044.70,80104.00,1607.586
1778274000000,80104.00,80225.00,80072.90,80222.10,1014.531
1778277600000,80222.20,80376.00,80187.40,80234.10,2472.108
1778281200000,80234.20,80254.50,80063.80,80155.20,1698.171
1778284800000,80155.20,80200.00,80080.00,80193.30,1134.298
1778288400000,80193.30,80405.00,80177.40,80280.00,2050.670
1778292000000,80280.10,80448.20,80280.00,80379.20,1892.314
1778295600000,80379.20,80542.00,80261.20,80340.60,2345.466
1778299200000,80340.70,80641.80,80325.70,80345.00,3766.222
1778302800000,80345.00,80445.00,80303.10,80331.40,1474.842
1778306400000,80331.40,80393.40,80154.50,80214.90,3218.227
1778310000000,80215.00,80268.40,80084.30,80181.70,2522.361
1778313600000,80181.60,80422.30,80171.60,80378.10,2869.702
1778317200000,80378.00,80383.00,80166.10,80199.90,1828.419
1778320800000,80199.90,80317.60,80124.80,80232.70,1662.459
1778324400000,80232.80,80349.90,80220.00,80310.40,997.632
1778328000000,80310.40,80388.00,80235.30,80367.20,1275.419
1778331600000,80367.20,80382.00,80274.70,80359.40,978.258
1778335200000,80359.40,80395.00,80200.20,80292.40,2838.423
1778338800000,80292.30,80566.00,80190.00,80488.30,4497.106
1778342400000,80488.30,80796.90,80440.00,80576.10,4825.568
1778346000000,80576.10,80891.00,80576.10,80766.00,4922.273
1778349600000,80765.80,81043.20,80744.30,80865.10,4483.974
1778353200000,80865.10,80928.30,80733.30,80896.90,1733.971
1778356800000,80897.10,80900.00,80688.00,80764.60,1305.423
1778360400000,80764.60,80856.90,80700.00,80735.80,849.114
1778364000000,80735.90,80788.00,80632.20,80731.00,1247.104
1778367600000,80730.90,80817.00,80569.00,80634.00,1238.089
1778371200000,80634.00,80739.90,80588.10,80634.90,2017.527
1778374800000,80635.00,80660.20,80533.70,80654.00,1816.550
1778378400000,80653.90,80760.80,80576.00,80748.60,1153.086
1778382000000,80748.90,80859.90,80667.00,80735.10,1252.522
1778385600000,80735.20,80809.40,80688.50,80717.80,751.361
1778389200000,80717.70,80778.40,80631.00,80660.80,950.520
1778392800000,80660.90,80725.00,80619.60,80700.00,1259.232
1778396400000,80700.00,80766.00,80680.10,80695.90,957.256
1778400000000,80695.90,80873.60,80671.00,80797.10,1549.874
1778403600000,80797.10,80880.00,80713.00,80766.90,927.115
1778407200000,80766.80,80857.90,80641.50,80836.50,2767.290
1778410800000,80836.50,80939.50,80711.80,80782.10,1929.416
1778414400000,80782.10,80918.00,80743.20,80891.10,1263.623
1778418000000,80891.00,80970.00,80825.00,80932.20,1459.079
1778421600000,80932.30,80980.00,80771.00,80944.20,2282.117
1778425200000,80944.30,81423.20,80893.00,81381.40,10734.822
1778428800000,81381.50,81475.00,81151.00,81338.70,6334.735
1778432400000,81338.80,81587.90,81179.80,81441.50,4353.713
1778436000000,81441.40,81472.70,81194.80,81235.10,2318.995
1778439600000,81235.20,81467.20,81105.60,81398.00,2373.468
1778443200000,81398.00,81432.20,80225.10,80691.20,12943.246
1778446800000,80691.10,80911.00,80528.90,80674.00,5670.107
1778450400000,80674.00,82138.90,80614.00,82013.30,17281.489
1778454000000,82013.20,82460.50,82009.40,82177.70,10603.660
1778457600000,82177.70,82350.00,81230.00,81430.30,12936.410
1778461200000,81430.50,81724.50,81242.90,81463.20,4976.807
1778464800000,81463.20,81527.20,81067.20,81136.60,4701.696
1778468400000,81136.60,81152.30,80470.10,80693.40,11522.220
1778472000000,80693.40,80848.00,80597.80,80782.30,3122.216
1778475600000,80782.20,80948.40,80708.10,80799.90,2892.382
1778479200000,80799.90,81033.30,80713.80,80790.70,2579.719
1778482800000,80790.80,80803.40,80614.90,80708.90,2667.858
1778486400000,80708.80,80829.90,80580.00,80723.70,2639.153
1778490000000,80723.60,80965.40,80716.60,80923.30,1865.061
1778493600000,80923.30,81162.40,80889.90,80900.80,3424.195
1778497200000,80900.80,81172.60,80860.00,81167.10,2745.014
1778500800000,81167.10,81320.00,80983.50,81013.50,5130.927
1778504400000,81013.50,81299.70,80716.00,81032.90,7340.647
1778508000000,81032.80,81221.00,80394.00,80917.50,10192.160
1778511600000,80917.40,81434.80,80796.40,81403.40,6794.771
1778515200000,81403.40,81880.00,81297.50,81526.80,10551.693
1778518800000,81526.90,82033.80,81322.30,81894.00,6762.573
1778522400000,81894.10,82098.90,81784.30,81819.20,5085.299
1778526000000,81819.30,82055.00,81691.70,81917.10,5030.178
1778529600000,81917.80,82051.10,81707.60,81778.50,2841.064
1778533200000,81778.50,81885.50,81555.00,81784.60,2099.166
1778536800000,81784.60,81937.30,81689.00,81788.40,2227.720
1778540400000,81788.40,81788.40,81521.50,81699.10,1861.492
1778544000000,81699.10,81757.30,81429.90,81508.70,3316.101
1778547600000,81508.70,81581.50,80661.20,81148.40,11795.954
1778551200000,81148.40,81298.90,81030.10,81223.50,3004.215
1778554800000,81223.50,81255.20,80988.90,81028.30,2840.740
1778558400000,81028.30,81270.20,80964.40,81194.90,3436.103
1778562000000,81194.90,81270.20,81140.40,81186.80,1928.061
1778565600000,81186.80,81269.50,80979.80,80989.90,2977.394
1778569200000,80989.90,81101.90,80756.00,80809.20,6380.894
1778572800000,80809.20,80930.70,80719.30,80797.50,3827.000
1778576400000,80797.50,80925.00,80670.00,80799.10,4292.249
1778580000000,80799.10,80806.50,80560.00,80634.00,3443.489
1778583600000,80634.00,80754.60,80444.00,80742.70,4833.637
1778587200000,80742.70,80968.60,80577.80,80846.30,7670.628
1778590800000,80846.40,80897.30,80360.90,80433.60,8491.521
1778594400000,80433.60,80859.90,80360.00,80511.00,9825.647
1778598000000,80511.00,80639.80,80143.00,80301.60,10196.046
1778601600000,80301.60,80400.00,79801.00,79967.10,11633.264
1778605200000,79967.10,80588.30,79907.60,80492.90,7443.427
1778608800000,80493.00,80733.30,80385.90,80641.20,3966.691
1778612400000,80641.30,80836.50,80639.00,80799.50,2563.775
1778616000000,80799.60,80848.60,80601.00,80656.80,1861.800
1778619600000,80656.90,80700.00,80454.30,80550.00,1798.247
1778623200000,80549.90,80763.00,80549.90,80613.40,1516.763
1778626800000,80613.50,80679.30,80393.90,80461.00,2270.310
1778630400000,80461.00,80735.10,80364.50,80673.40,2549.773
1778634000000,80673.40,81168.40,80635.10,80960.10,5772.717
1778637600000,80960.10,81239.10,80882.70,81018.10,3027.334
1778641200000,81018.10,81268.00,80941.90,81217.10,2831.866
1778644800000,81217.00,81253.50,81078.00,81199.90,2398.252
1778648400000,81200.00,81203.40,80958.10,80985.50,2698.326
1778652000000,80985.60,81126.00,80929.00,80945.60,2231.558
1778655600000,80945.60,81015.70,80847.00,80981.90,2309.579
1778659200000,80981.90,81166.70,80903.80,81161.00,2553.111
1778662800000,81160.90,81270.20,81094.00,81255.50,4233.662
1778666400000,81255.40,81266.60,80763.80,80766.20,4637.605
1778670000000,80766.20,80809.70,80444.00,80460.10,6288.426
1778673600000,80460.00,80558.00,79801.10,80160.10,15655.334
1778677200000,80160.00,80316.60,79540.00,79617.90,13369.333
1778680800000,79617.80,79868.00,79431.70,79727.30,9456.011
1778684400000,79727.30,79832.40,78753.10,78794.70,19297.477
1778688000000,78794.70,79199.10,78713.80,79069.50,13331.653
1778691600000,79069.50,79541.20,79043.20,79470.10,6341.514
1778695200000,79470.10,79776.20,79470.10,79554.90,5474.637
1778698800000,79554.90,79610.10,79353.90,79604.80,3983.766
1778702400000,79604.80,79729.10,79575.90,79671.40,2261.986
1778706000000,79671.40,79675.00,79279.60,79363.20,3106.530
1778709600000,79363.10,79442.10,79188.00,79395.10,3208.323
1778713200000,79395.10,79464.20,79191.00,79288.30,2681.872
1778716800000,79288.20,79656.70,79272.90,79540.00,3463.788
1778720400000,79540.10,79659.90,79370.10,79565.90,2787.076
1778724000000,79565.80,79648.00,79171.10,79329.00,4764.253
1778727600000,79328.90,79427.80,78869.40,79005.30,7656.568
1778731200000,79005.40,79440.00,78934.80,79403.70,3677.318
1778734800000,79403.60,79962.50,79333.30,79771.50,7732.266
1778738400000,79771.60,79909.90,79723.50,79769.70,3623.461
1778742000000,79769.70,79900.00,79659.80,79699.90,3718.552
1778745600000,79700.00,79900.00,79592.20,79776.80,3773.214
1778749200000,79776.80,79872.00,79530.00,79594.90,2754.342
1778752800000,79594.80,79727.90,79369.00,79530.00,3250.538
1778756400000,79529.90,79571.70,79188.00,79216.60,3799.256
1778760000000,79216.70,79729.20,79196.40,79719.40,5129.310
1778763600000,79719.40,80042.00,79624.00,79660.90,12588.827
1778767200000,79660.90,81000.00,79514.50,80929.50,23977.504
1778770800000,80929.60,81270.20,80743.50,81245.50,18477.567
1778774400000,81245.60,81877.90,81020.50,81839.30,22939.351
1778778000000,81839.20,81999.00,81211.60,81620.00,18599.469
1778781600000,81620.00,81912.00,81386.00,81529.90,7752.742
1778785200000,81530.00,81677.90,81257.30,81373.70,5264.720
1778788800000,81373.80,81540.00,81114.80,81371.90,3424.525
1778792400000,81372.00,81490.10,81222.00,81352.00,1750.907
1778796000000,81352.00,81530.00,81286.50,81418.90,1770.961
1778799600000,81418.80,81418.90,81007.90,81048.90,3207.110
1778803200000,81048.80,81623.80,81018.80,81468.70,5036.890
1778806800000,81468.70,81570.10,81066.00,81092.10,3464.623
1778810400000,81092.10,81328.90,80706.90,81262.00,8962.240
1778814000000,81262.00,81305.70,80886.70,81022.70,4189.866
1778817600000,81022.70,81073.20,80650.40,80682.20,3302.164
1778821200000,80682.10,80846.00,80266.80,80320.10,11578.932
1778824800000,80320.00,80597.00,80266.90,80541.80,5427.570
1778828400000,80541.90,80971.30,80519.10,80782.80,6574.767
1778832000000,80782.90,80793.00,80368.90,80606.30,4188.012
1778835600000,80606.20,80638.00,80323.00,80449.80,3441.505
1778839200000,80449.90,80730.00,80364.60,80670.10,4295.626
1778842800000,80670.20,80716.90,80545.00,80582.10,2072.820
1778846400000,80582.00,80596.70,80280.00,80349.90,6901.952
1778850000000,80349.80,80349.80,78638.80,78727.80,37417.044
1778853600000,78727.80,79325.30,78610.00,79120.60,18928.541
1778857200000,79120.60,79337.90,78980.30,79118.00,6193.980
1778860800000,79118.10,79363.70,79098.70,79264.70,3964.471
1778864400000,79264.70,79475.80,79188.80,79432.10,3785.646
1778868000000,79432.20,79532.10,79135.40,79241.20,3660.491
1778871600000,79241.10,79257.90,79012.50,79104.20,3297.179
1778875200000,79104.30,79185.00,78955.00,79081.10,2297.386
1778878800000,79081.00,79168.00,78861.60,78931.30,2254.988
1778882400000,78931.40,79113.70,78931.30,79070.10,1362.084
1778886000000,79070.00,79135.30,79035.10,79074.00,1224.728
1778889600000,79074.00,79199.70,79031.70,79075.60,1866.350
1778893200000,79075.60,79155.90,78970.40,79128.50,1948.608
1778896800000,79128.40,79178.00,79040.70,79113.90,1461.703
1778900400000,79113.90,79153.70,79017.60,79041.70,1343.056
1778904000000,79041.70,79096.80,78811.00,78999.90,3080.363
1778907600000,78999.90,79001.00,78889.70,78989.90,1488.420
1778911200000,78989.90,79012.90,78393.90,78610.20,9244.159
1778914800000,78610.20,78610.30,78000.40,78334.30,13808.169
1778918400000,78334.30,78527.80,78291.00,78389.50,3590.485
1778922000000,78389.50,78410.10,77850.00,78052.10,10664.700
1778925600000,78052.10,78071.90,77601.80,77937.60,10160.386
1778929200000,77937.50,78163.30,77937.50,78042.50,3897.654
1778932800000,78042.50,78100.00,77889.00,77980.00,2627.039
1778936400000,77980.00,77987.90,77800.00,77987.90,2790.145
1778940000000,77987.90,78327.00,77850.50,78090.30,4921.309
1778943600000,78090.30,78254.00,78034.00,78194.10,2455.911
1778947200000,78194.00,78337.40,78069.10,78167.70,2931.052
1778950800000,78167.70,78285.10,78159.10,78159.20,1043.525
1778954400000,78159.10,78306.60,78113.10,78200.00,1625.933
1778958000000,78200.00,78270.90,78166.80,78223.80,984.661
1778961600000,78223.80,78287.80,78160.00,78214.70,767.876
1778965200000,78214.70,78274.60,78167.50,78229.20,1283.883
1778968800000,78229.20,78248.70,78133.30,78143.50,923.596
1778972400000,78143.50,78240.00,78085.20,78104.20,1241.468
1778976000000,78104.30,78213.90,77760.00,77915.40,3840.451
1778979600000,77915.30,78085.40,77675.40,77688.10,5411.676
1778983200000,77688.00,77913.60,77688.00,77856.30,2548.060
1778986800000,77856.30,78050.00,77845.60,77990.20,1809.776
1778990400000,77990.20,78179.10,77957.20,78117.40,1965.339
1778994000000,78117.40,78300.00,78064.80,78087.70,2299.316
1778997600000,78087.60,78172.70,77970.00,78071.60,1561.292
1779001200000,78071.60,78175.30,78015.00,78137.20,1336.456
1779004800000,78137.30,78157.90,77992.10,78050.70,1306.842
1779008400000,78050.70,78266.60,78041.80,78214.30,1740.301
1779012000000,78214.30,78564.30,78208.20,78423.00,5786.248
1779015600000,78423.00,78436.00,78245.70,78371.50,2147.004
1779019200000,78371.40,78515.70,78280.10,78326.90,2107.738
1779022800000,78326.90,78331.20,78128.50,78165.00,2499.130
1779026400000,78165.00,78177.80,77800.00,78009.60,5105.450
1779030000000,78009.70,78087.00,77875.00,78006.90,2191.933
1779033600000,78006.90,78165.30,77979.80,77995.00,1737.293
1779037200000,77995.10,78054.30,77811.50,78044.80,2930.670
1779040800000,78044.80,78235.20,77960.70,78226.20,1824.560
1779044400000,78226.20,78432.00,78172.20,78369.00,2074.009
1779048000000,78368.90,78393.90,78208.90,78230.00,1173.721
1779051600000,78230.10,78453.00,78190.60,78365.40,2194.705
1779055200000,78365.40,78372.80,77777.00,77961.60,5643.159
1779058800000,77961.70,77970.00,76666.00,77430.40,24982.540
1779062400000,77430.40,77452.70,76875.00,77175.70,10777.547
1779066000000,77175.70,77274.80,76700.00,77084.50,10313.877
1779069600000,77084.50,77190.00,76668.80,76809.40,5970.755
1779073200000,76809.40,76999.20,76777.00,76900.00,3091.878
1779076800000,76900.10,77045.90,76740.00,77000.20,3443.145
1779080400000,77000.20,77059.60,76850.00,76886.50,3158.444
1779084000000,76886.50,76942.00,76534.50,76881.30,7189.696
1779087600000,76881.40,77054.60,76728.70,77039.40,4449.391
1779091200000,77039.50,77193.50,76850.00,77001.00,3716.680
1779094800000,77001.00,77025.10,76840.10,76901.40,1667.379
1779098400000,76901.40,76923.40,76670.10,76733.20,4468.687
1779102000000,76733.30,77375.00,76627.00,77255.00,7756.521
1779105600000,77255.10,77757.50,77241.50,77599.90,12046.144
1779109200000,77599.90,77601.90,76650.00,76914.00,14647.288
1779112800000,76913.90,76927.50,76200.00,76369.80,19478.281
1779116400000,76369.70,76463.60,76014.20,76393.50,15564.299
1779120000000,76393.60,76657.10,76174.10,76377.30,11404.463
1779123600000,76377.30,76725.70,76332.10,76671.10,4384.489
1779127200000,76671.00,76674.40,76107.70,76221.60,6729.802
1779130800000,76221.60,76963.70,76200.00,76898.50,11367.930
1779134400000,76898.50,77160.30,76829.30,76868.10,6224.955
1779138000000,76868.10,77149.70,76753.60,77063.10,3535.747
1779141600000,77063.10,77187.30,76894.60,77045.10,4653.374
1779145200000,77045.00,77133.40,76900.10,76963.20,2322.727
1779148800000,76963.20,77384.60,76913.80,77102.60,4592.602
1779152400000,77102.60,77122.70,76634.00,76635.40,5818.494
1779156000000,76635.40,76973.70,76451.30,76586.20,4745.720
1779159600000,76586.20,76837.00,76550.00,76749.90,2677.159
1779163200000,76750.00,76916.50,76658.00,76889.40,2587.324
1779166800000,76889.40,76978.00,76595.70,76872.80,2806.705
1779170400000,76872.80,77070.40,76846.90,76985.20,2999.916
1779174000000,76985.10,77247.70,76929.50,77200.40,4023.829
1779177600000,77200.40,77291.30,76932.00,77015.80,3821.060
1779181200000,77015.90,77047.40,76671.10,76787.40,4536.807
1779184800000,76787.30,77070.00,76666.00,77005.80,3518.738
1779188400000,77005.80,77039.10,76576.80,76677.10,3674.566
1779192000000,76677.00,76947.50,76609.50,76901.30,2310.159
1779195600000,76901.20,77033.90,76556.00,76846.10,7623.165
1779199200000,76846.10,76981.40,76107.10,76365.70,14484.518
1779202800000,76365.60,76650.00,76302.70,76487.90,7036.931
1779206400000,76488.00,76888.00,76377.00,76858.30,6217.088
1779210000000,76858.40,76992.60,76720.50,76821.20,4679.182
1779213600000,76821.10,76916.10,76704.80,76764.20,2165.322
1779217200000,76764.20,77042.30,76720.90,76780.00,2209.798
1779220800000,76780.00,77000.00,76780.00,76976.30,1046.262
1779224400000,76976.40,77003.10,76929.60,76942.40,1005.069
1779228000000,76942.40,76942.50,76610.40,76676.10,2919.944
1779231600000,76676.00,76948.10,76633.00,76799.90,1546.281
1779235200000,76800.00,76863.40,76485.00,76760.90,3965.277
1779238800000,76761.00,76900.00,76501.80,76787.50,5182.516
1779242400000,76787.50,76880.00,76563.10,76654.50,3578.599
1779246000000,76654.50,76795.00,76573.90,76689.60,1991.117
1779249600000,76689.60,76814.60,76650.00,76748.10,1955.352
1779253200000,76748.10,77300.00,76748.00,77170.40,8685.078
1779256800000,77170.30,77387.90,77153.40,77379.80,3653.484
1779260400000,77379.90,77444.00,77208.30,77249.90,4258.277
1779264000000,77250.00,77612.00,77170.30,77430.00,6800.627
1779267600000,77430.10,77516.00,77333.90,77449.90,4113.947
1779271200000,77450.00,77639.30,77450.00,77475.80,2665.450
1779274800000,77475.80,77530.00,77286.10,77351.20,2758.672
1779278400000,77351.20,77733.00,77329.70,77590.20,3699.957
1779282000000,77590.20,77617.20,76925.60,77175.30,10364.743
1779285600000,77175.20,77545.00,76855.00,77410.00,9811.109
1779289200000,77410.00,77825.80,77266.60,77423.00,9366.432
1779292800000,77423.00,77527.20,76975.00,77301.00,5465.178
1779296400000,77300.90,77685.40,77191.60,77537.10,4298.010
1779300000000,77537.10,77600.00,77350.20,77375.50,2425.662
1779303600000,77375.50,77677.20,77304.30,77630.60,3152.964
1779307200000,77630.50,77735.20,77433.40,77679.60,3278.975
1779310800000,77678.90,77735.60,77464.50,77464.50,1496.545
1779314400000,77464.50,77472.70,77183.70,77468.20,3045.356
1779318000000,77468.10,77520.00,77339.90,77510.30,1594.079
1779321600000,77510.30,78051.00,77472.50,77929.10,6591.019
1779325200000,77929.10,78150.00,77759.80,77818.10,5435.164
1779328800000,77818.10,78071.20,77778.50,77915.50,3066.939
1779332400000,77915.50,78066.00,77867.40,78039.10,1946.099
1779336000000,78039.20,78143.20,77922.90,77993.50,2561.402
1779339600000,77993.50,78106.80,77651.70,77795.00,3182.763
1779343200000,77795.10,77845.40,77501.30,77591.70,3558.168
1779346800000,77591.60,77870.00,77485.10,77846.20,3716.381
1779350400000,77846.10,78180.00,77846.10,77888.10,5550.024
1779354000000,77888.00,77950.00,77590.00,77596.80,3170.098
1779357600000,77596.80,77651.70,77140.70,77172.60,10146.961
1779361200000,77172.60,77342.80,77111.00,77157.40,4288.535
1779364800000,77157.30,77328.90,77024.40,77244.00,4246.594
1779368400000,77244.10,77322.00,76696.70,77090.10,10674.629
1779372000000,77090.00,77220.00,76744.10,76944.00,5882.902
1779375600000,76944.00,77379.10,76861.70,77224.30,4754.630
1779379200000,77224.30,77318.30,76970.00,77166.70,3670.982
1779382800000,77166.80,78063.80,77140.00,77831.10,16086.780
1779386400000,77831.00,77890.00,77209.30,77354.50,8725.868
1779390000000,77354.40,77768.00,77333.00,77657.10,3675.524
1779393600000,77657.10,77772.20,77602.70,77671.40,1433.181
1779397200000,77671.50,77777.20,77604.30,77636.20,1339.524
1779400800000,77636.20,77721.80,77513.20,77589.60,1895.354
1779404400000,77589.60,77714.20,77490.80,77586.20,1495.640
1779408000000,77586.30,77602.50,77333.30,77344.70,2082.007
1779411600000,77344.80,77634.80,77288.00,77580.00,2163.772
1779415200000,77579.90,77697.90,77557.00,77638.20,1697.063
1779418800000,77638.20,77775.90,77638.10,77740.00,1766.581
1779422400000,77739.90,77862.70,77600.00,77619.90,2451.568
1779426000000,77620.00,77691.80,77418.30,77450.00,2444.911
1779429600000,77450.00,77494.00,77324.20,77386.00,3827.195
1779433200000,77386.00,77514.50,77237.10,77366.90,3924.108
1779436800000,77366.80,77505.70,77170.00,77237.60,2961.840
1779440400000,77237.60,77329.40,77160.80,77269.80,2244.446
1779444000000,77269.90,77335.80,77222.40,77282.00,1442.070
1779447600000,77282.00,77397.40,77138.30,77394.80,1905.227
1779451200000,77394.80,77548.50,77353.60,77491.30,3130.076
1779454800000,77491.40,77517.20,77085.50,77255.60,5449.535
1779458400000,77255.50,77255.50,76701.30,76734.60,14182.806
1779462000000,76734.70,76994.90,76528.00,76756.50,10355.079
1779465600000,76756.50,76967.70,76730.00,76913.80,2972.973
1779469200000,76913.80,77070.10,76714.20,76714.50,4149.934
1779472800000,76714.50,76870.00,76049.90,76498.60,11242.276
1779476400000,76498.60,76554.10,75620.00,75827.10,17912.083
1779480000000,75827.10,76047.40,75778.60,75939.40,5416.150
1779483600000,75939.50,76054.10,75888.00,75940.00,1867.463
1779487200000,75940.10,75949.80,75500.00,75704.00,5125.544
1779490800000,75704.10,75850.00,75322.00,75513.10,5491.506
1779494400000,75513.10,75615.70,75184.90,75329.20,8179.709
1779498000000,75329.30,75482.80,75316.60,75460.90,2849.403
1779501600000,75461.00,75558.20,75381.70,75542.90,2608.116
1779505200000,75543.00,75633.70,75530.00,75599.10,1799.290
1779508800000,75599.00,75620.00,75475.30,75506.00,1814.964
1779512400000,75505.90,75527.90,75435.00,75448.00,1899.022
1779516000000,75448.00,75463.40,75350.00,75368.00,2208.532
1779519600000,75368.00,75407.80,74203.60,74573.10,25592.607
1779523200000,74573.20,74718.70,74307.00,74655.00,12107.617
1779526800000,74655.00,74740.40,74591.40,74630.20,3579.382
1779530400000,74630.30,74759.50,74630.30,74687.70,2548.908
1779534000000,74687.70,74839.10,74680.60,74763.30,2185.752
1779537600000,74763.30,74766.90,74620.90,74726.00,2226.204
1779541200000,74726.00,75226.10,74721.00,75180.70,10266.113
1779544800000,75180.80,75670.80,75065.90,75500.40,10950.928
1779548400000,75500.50,75641.40,75363.30,75486.90,5790.604
1779552000000,75487.00,75606.60,75372.10,75406.40,3515.661
1779555600000,75406.60,75494.00,75333.30,75457.10,2207.582
1779559200000,75457.10,75985.30,75429.50,75812.40,6282.486
1779562800000,75812.40,76000.20,75737.70,75949.50,3412.532
1779566400000,75949.50,77284.20,75913.90,77246.90,20428.290
1779570000000,77246.90,77427.00,76505.70,76778.00,11701.129
1779573600000,76778.00,76864.10,76362.90,76553.00,5535.193
1779577200000,76553.00,76799.00,76501.10,76715.20,4137.729
1779580800000,76715.30,76920.40,76596.90,76812.50,3293.468
1779584400000,76812.60,76899.70,76720.80,76855.90,2375.273
1779588000000,76855.90,76936.00,76665.50,76790.00,2239.859
1779591600000,76790.10,76983.10,76672.30,76702.80,2969.001
1779595200000,76702.80,76823.90,76685.10,76748.00,1681.603
1779598800000,76747.90,76831.20,76611.00,76780.40,2226.391
1779602400000,76780.30,77040.00,76684.40,76956.10,2788.319
1779606000000,76956.00,76985.70,76749.90,76771.30,2471.327
1779609600000,76771.40,76824.00,76691.40,76800.70,2179.170
1779613200000,76800.70,77025.60,76784.30,76991.80,2496.026
1779616800000,76991.80,77600.00,76888.00,77163.40,9533.591
1779620400000,77163.30,77327.70,77150.00,77289.50,3013.851
1779624000000,77289.50,77294.40,77005.40,77077.90,3308.068
1779627600000,77077.90,77094.90,76650.00,76765.00,5478.682
1779631200000,76764.90,76811.00,76159.70,76428.20,12558.112
1779634800000,76428.10,76514.10,76317.80,76343.70,2743.360
1779638400000,76343.80,76722.20,76343.70,76645.10,4555.406
1779642000000,76645.10,76777.00,76531.80,76661.60,1846.578
1779645600000,76661.60,76763.00,76554.10,76632.40,1585.016
1779649200000,76632.50,76753.30,76574.80,76738.50,1120.609
1779652800000,76738.50,76768.40,76567.20,76639.10,1796.010
1779656400000,76639.10,76718.20,76056.00,76106.00,6222.431
1779660000000,76105.90,76983.80,76086.30,76771.20,8877.384
1779663600000,76771.20,77193.40,76771.10,77030.30,3774.742
1779667200000,77030.30,77253.90,77030.30,77120.00,3113.027
1779670800000,77119.90,77213.20,76871.40,76905.60,3940.460
1779674400000,76905.50,77450.60,76905.50,77064.10,5679.911
1779678000000,77064.20,77127.70,76951.70,76989.00,1915.903
1779681600000,76989.00,77418.10,76950.00,77357.00,3207.912
1779685200000,77357.10,77469.30,77285.70,77370.00,3238.872
1779688800000,77369.90,77677.60,77182.40,77386.10,5357.844
1779692400000,77386.10,77486.30,77135.80,77377.00,2779.619
1779696000000,77376.90,77433.00,77241.70,77422.30,2571.397
1779699600000,77422.30,77699.00,77383.00,77565.00,5700.730
1779703200000,77565.10,77650.00,77448.40,77500.00,2914.677
1779706800000,77500.00,77500.10,77281.10,77318.20,2454.081
1779710400000,77318.20,77405.80,77244.80,77325.70,2554.033
1779714000000,77325.70,77419.20,77244.80,77302.10,2190.977
1779717600000,77302.00,77743.40,77273.20,77676.40,5263.778
1779721200000,77676.40,77887.90,77515.50,77587.20,5225.847
1779724800000,77587.20,77784.90,77471.50,77694.50,2952.467
1779728400000,77694.50,77770.00,77511.10,77523.20,2774.683
1779732000000,77523.30,77629.80,77502.90,77511.70,1224.041
1779735600000,77511.70,77515.80,77313.00,77403.30,2057.725
1779739200000,77403.40,77472.00,77172.00,77243.70,2621.954
1779742800000,77243.70,77366.70,77240.50,77340.80,1674.347
1779746400000,77340.90,77430.00,77011.30,77084.70,3533.606
1779750000000,77084.70,77338.00,77040.20,77281.50,1760.517
1779753600000,77281.50,77319.60,76532.10,76750.10,7837.287
1779757200000,76750.10,76879.20,76550.00,76717.80,4014.825
1779760800000,76717.80,76790.00,76472.60,76630.70,3663.677
1779764400000,76630.80,76685.00,76434.00,76629.00,2990.608
1779768000000,76629.00,76784.40,76569.80,76713.90,2832.751
1779771600000,76713.90,76950.00,76668.20,76887.30,2859.933
1779775200000,76887.40,77045.90,76735.20,76869.80,3362.296
1779778800000,76869.90,76886.60,76556.90,76685.10,3492.107
1779782400000,76685.00,76819.70,76652.40,76687.90,1834.031
1779786000000,76687.80,76779.20,76606.00,76641.00,2007.840
1779789600000,76640.90,77600.00,76543.80,77398.60,12291.589
1779793200000,77398.70,77477.70,77136.20,77153.90,4704.800
1779796800000,77153.80,77200.00,76847.80,77098.90,5875.831
1779800400000,77098.90,77432.60,76641.70,77199.20,10219.396
1779804000000,77199.20,78077.10,76682.30,76873.60,32872.397
1779807600000,76873.60,76983.40,76234.70,76478.20,17760.011
1779811200000,76478.20,76678.70,76171.00,76534.60,8964.023
1779814800000,76534.70,76624.90,75809.50,75909.60,15095.075
1779818400000,75909.60,76296.70,75711.00,75822.60,7810.546
1779822000000,75822.60,76080.00,75782.00,76028.30,3462.471
1779825600000,76028.40,76157.80,75960.20,76082.00,2352.054
1779829200000,76081.90,76092.30,75822.60,75864.00,1938.109
1779832800000,75864.00,75975.60,75641.20,75729.60,4011.581
1779836400000,75729.70,75962.00,75729.70,75905.50,2666.844
1779840000000,75905.60,76069.00,75854.90,76055.30,3043.727
1779843600000,76055.30,76083.90,75794.90,75846.60,2849.437
1779847200000,75846.60,75868.10,75654.80,75850.90,2802.311
1779850800000,75850.90,75940.00,75555.10,75635.60,3565.669
1779854400000,75635.60,75680.10,75277.80,75542.90,8840.360
1779858000000,75543.00,75708.60,75539.90,75676.40,3364.243
1779861600000,75676.40,75864.40,75649.10,75800.00,2659.380
1779865200000,75800.00,75940.00,75721.40,75935.00,3278.243
1779868800000,75935.00,76038.00,75800.00,75838.40,3812.843
1779872400000,75838.50,75943.70,75666.00,75875.60,3099.093
1779876000000,75875.70,76010.20,75835.00,75863.70,2498.476
1779879600000,75863.80,75992.20,75723.60,75737.90,2781.790
1779883200000,75737.90,76155.50,75541.00,75655.00,8053.742
1779886800000,75654.90,75735.60,74835.00,75054.30,20743.151
1779890400000,75054.30,75250.00,74735.70,75000.70,13749.777
1779894000000,75000.70,75485.90,74950.10,75300.00,8717.531
1779897600000,75300.00,75382.60,74961.00,75273.90,5753.912
1779901200000,75273.90,75316.80,74645.00,74838.20,8594.176
1779904800000,74838.20,75007.90,74632.00,75000.00,4699.102
1779908400000,75000.00,75077.60,74920.00,75039.90,3599.445
1779912000000,75039.80,75391.00,75022.40,75237.60,3476.208
1779915600000,75237.60,75237.60,74300.10,74439.90,10168.630
1779919200000,74440.00,74742.70,74218.20,74390.00,8980.344
1779922800000,74389.90,74545.80,74210.00,74418.10,5583.871
1779926400000,74418.00,74555.50,74336.70,74541.60,3138.599
1779930000000,74541.70,74565.30,74100.00,74313.00,5741.343
1779933600000,74313.00,74373.60,74081.90,74256.60,3652.024
1779937200000,74256.60,74355.60,73036.00,73224.50,31055.812
1779940800000,73224.40,73240.00,72667.90,73145.10,15398.619
1779944400000,73145.10,73145.10,72872.50,72959.90,5389.586
1779948000000,72960.00,73182.20,72729.20,73170.90,7675.794
1779951600000,73171.00,73485.00,73113.20,73467.00,6114.880
1779955200000,73467.00,73474.80,73167.40,73294.00,3701.156
1779958800000,73293.90,73535.70,73230.00,73514.10,3180.086
1779962400000,73514.00,73592.10,73316.50,73375.20,4263.274
1779966000000,73375.30,73510.00,73280.70,73479.10,2762.540
1779969600000,73479.00,73555.00,73221.60,73496.50,4128.714
1779973200000,73496.40,73549.90,72739.20,72988.50,13507.443
1779976800000,72988.50,73557.30,72556.00,72997.50,27209.387
1779980400000,72997.40,73155.40,72662.20,72899.10,6242.022
1779984000000,72899.00,73415.00,72704.00,73415.00,7672.331
1779987600000,73414.90,73722.50,73280.00,73518.20,7308.713
1779991200000,73518.20,73723.00,73474.90,73626.40,3740.600
1779994800000,73626.40,73626.50,73336.00,73393.50,3831.301
1779998400000,73393.40,73698.60,73212.30,73553.50,4473.723
1780002000000,73553.50,73900.00,73535.00,73796.30,3755.034
1780005600000,73796.30,73932.20,73423.40,73448.70,3684.541
1780009200000,73448.70,73695.00,73448.70,73591.40,1818.155
1780012800000,73591.40,73834.60,73591.40,73693.80,2940.584
1780016400000,73693.90,73844.00,73430.50,73558.50,3074.380
1780020000000,73558.50,73616.90,73158.80,73201.90,3531.777
1780023600000,73201.90,73434.20,73201.90,73269.20,2273.527
1780027200000,73269.10,73485.70,73171.80,73466.40,2687.266
1780030800000,73466.30,73682.30,73459.10,73663.00,2586.277
1780034400000,73663.00,73908.60,73599.60,73752.50,3791.082
1780038000000,73752.50,73797.30,73333.00,73488.00,6589.026
1780041600000,73488.10,73799.80,73480.10,73625.20,3720.672
1780045200000,73625.10,73866.80,73615.00,73707.80,3377.656
1780048800000,73707.80,73709.30,73556.10,73601.90,2012.414
1780052400000,73601.90,73662.30,73305.10,73447.60,2660.912
1780056000000,73447.50,73447.50,73166.00,73260.00,4671.173
1780059600000,73260.10,73320.00,72866.00,73114.60,10431.330
1780063200000,73114.60,73206.80,72436.00,73065.80,17958.003
1780066800000,73065.80,74177.00,72970.10,73775.40,26414.410
1780070400000,73775.40,74124.00,73528.50,74022.00,10671.356
1780074000000,74022.10,74293.10,73876.10,73954.30,9236.416
1780077600000,73954.70,74040.30,73057.80,73343.00,11357.399
1780081200000,73342.90,73693.60,73207.30,73489.00,5063.897
1780084800000,73489.00,73735.20,73474.20,73644.90,2733.462
1780088400000,73644.90,73829.20,73369.90,73385.30,2960.778
1780092000000,73385.20,73537.60,73344.60,73446.50,2819.480
1780095600000,73446.50,73478.30,73279.30,73428.20,2593.905
1780099200000,73428.20,73545.30,73367.30,73463.30,2044.480
1780102800000,73463.30,73625.90,73430.90,73623.60,1904.226
1780106400000,73623.60,73747.60,73575.00,73747.40,1656.896
1780110000000,73747.40,73757.90,73485.00,73492.40,2342.889
1780113600000,73492.40,73549.70,73130.10,73365.90,5392.981
1780117200000,73365.90,73671.20,73309.40,73567.50,3787.971
1780120800000,73567.50,73685.00,73492.00,73550.70,1817.693
1780124400000,73550.70,73555.00,73448.40,73513.90,1146.127
1780128000000,73514.00,73527.70,73471.00,73491.60,936.345
1780131600000,73491.70,73590.30,73470.50,73576.80,1025.741
1780135200000,73576.80,73648.00,73558.00,73615.40,1539.798
1780138800000,73615.40,73619.80,73529.10,73567.90,983.089
1780142400000,73568.00,73697.20,73556.40,73661.50,1208.698
1780146000000,73661.50,73814.20,73638.20,73805.00,3299.249
1780149600000,73804.90,74078.60,73783.50,73901.00,6239.784
1780153200000,73901.00,74011.20,73803.10,73888.00,2752.922
1780156800000,73888.00,73949.40,73844.30,73899.90,1681.044
1780160400000,73900.00,73989.90,73772.50,73982.00,2549.851
1780164000000,73982.00,74108.80,73899.00,74007.50,2577.946
1780167600000,74007.50,74045.00,73934.90,73980.10,1515.724
1780171200000,73980.00,73986.20,73888.50,73944.50,1402.262
1780174800000,73944.40,74028.30,73888.10,73954.80,1396.510
1780178400000,73954.80,73954.80,73755.60,73849.80,1581.454
1780182000000,73849.80,73971.50,73750.00,73856.80,1760.006
1780185600000,73856.90,74013.80,73821.40,74003.70,1656.714
1780189200000,74003.70,74250.00,73991.10,74021.10,3923.269
1780192800000,74021.20,74211.40,73839.00,74060.90,3386.507
1780196400000,74061.00,74200.00,74030.70,74107.60,1568.561
1780200000000,74107.50,74194.60,74061.80,74144.30,1527.358
1780203600000,74144.30,74180.10,74018.10,74027.90,1185.690
1780207200000,74027.80,74077.50,73958.10,74020.00,1375.184
1780210800000,74020.10,74020.10,73793.20,73833.30,2630.692
1780214400000,73833.20,73952.90,73816.80,73913.40,2101.272
1780218000000,73913.40,73998.90,73779.80,73814.50,1278.977
1780221600000,73814.60,73875.60,73701.00,73871.50,1881.903
1780225200000,73871.50,73949.00,73868.40,73913.60,1037.673
1780228800000,73913.60,73975.10,73841.60,73892.10,1075.096
1780232400000,73892.20,73997.80,73770.10,73841.00,1208.222
1780236000000,73841.00,73841.10,73388.00,73570.30,10243.792
1780239600000,73570.20,73745.60,73550.20,73613.50,1798.301
1780243200000,73613.40,73697.30,73340.70,73499.90,3882.979
1780246800000,73500.00,73704.00,73431.30,73681.30,1743.969
1780250400000,73681.30,73681.30,73540.20,73573.80,1074.422
1780254000000,73573.70,73623.40,73417.20,73521.90,1267.919
1780257600000,73521.90,73732.70,73521.90,73710.90,1887.159
1780261200000,73710.90,73897.60,73590.20,73860.60,2408.604
1780264800000,73860.50,73975.00,73645.60,73918.50,2766.503
1780268400000,73918.60,74179.90,73470.80,73653.20,5330.693
1780272000000,73653.20,74070.50,73620.00,73855.00,3770.449
1780275600000,73854.90,73890.00,73235.00,73257.80,5614.578
1780279200000,73257.90,73865.00,73171.00,73766.30,5651.739
1780282800000,73766.20,73998.80,73692.90,73731.30,3361.378
1780286400000,73731.40,73815.90,73307.70,73497.60,4968.162
1780290000000,73497.50,73507.90,73283.50,73319.50,2267.135
1780293600000,73319.50,73339.30,72917.00,73106.60,7954.820
1780297200000,73106.60,73177.80,72668.00,72776.10,6817.045
1780300800000,72776.10,72907.80,72573.50,72875.70,6995.320
1780304400000,72875.80,73084.00,72801.10,72855.20,5876.471
1780308000000,72855.20,72878.10,72551.00,72725.90,4945.966
1780311600000,72725.90,72742.00,72188.00,72452.80,9571.993
1780315200000,72452.70,72583.70,71862.60,72193.10,22210.026
1780318800000,72193.20,72288.00,71350.00,71698.70,32500.860
1780322400000,71698.80,71884.90,71387.60,71548.50,14314.072
1780326000000,71548.50,71662.60,71035.30,71099.40,17524.364
1780329600000,71099.50,71600.00,70650.90,71537.70,20585.239
1780333200000,71537.70,71788.50,71438.90,71617.90,9208.610
1780336800000,71617.50,71670.70,71350.10,71470.10,5092.421
1780340400000,71470.10,71645.20,71358.00,71571.00,3402.005
1780344000000,71571.00,71670.00,71383.80,71419.80,2339.282
1780347600000,71419.70,71419.80,70911.00,71004.60,6654.354
1780351200000,71004.60,71439.50,70806.00,71376.60,7396.047
1780354800000,71376.70,71564.00,71199.00,71391.50,4448.792
1780358400000,71391.50,71397.00,71071.50,71266.60,3758.490
1780362000000,71266.50,71357.20,70555.70,70615.20,8460.939
1780365600000,70612.20,70855.90,70038.00,70820.00,18148.055
1780369200000,70820.00,71022.40,70768.50,70920.70,4366.617
1780372800000,70920.80,71022.70,70690.10,70782.30,4111.213
1780376400000,70782.30,70820.80,70222.20,70235.10,9508.479
1780380000000,70235.10,70414.90,69889.10,70076.70,12658.956
1780383600000,70076.60,70249.60,69666.80,70079.40,12331.391
1780387200000,70079.50,70146.20,69677.60,69794.40,6528.391
1780390800000,69794.40,69820.40,69277.80,69393.20,13831.280
1780394400000,69393.10,69732.20,69316.50,69620.80,7571.511
1780398000000,69620.90,69635.00,69364.10,69430.20,3599.617
1780401600000,69430.20,69514.60,68955.00,68985.50,12233.401
1780405200000,68985.40,69171.00,68736.00,68788.90,18381.657
1780408800000,68788.90,68818.40,67573.50,67990.00,44046.045
1780412400000,67989.90,68075.00,67035.50,67274.00,32842.651
1780416000000,67274.00,68121.90,67196.20,67393.00,26315.425
1780419600000,67393.10,67821.90,67345.00,67466.00,9351.260
1780423200000,67466.00,67641.60,67088.00,67315.50,7382.764
1780426800000,67315.50,67474.20,66388.00,67286.70,27447.846
1780430400000,67286.70,67687.40,66880.10,67556.00,12855.437
1780434000000,67556.00,67899.90,67373.50,67532.10,8980.536
1780437600000,67532.10,67532.10,66210.00,66354.20,21317.088
1780441200000,66354.30,66844.80,66150.70,66730.00,20673.103
1780444800000,66730.10,67195.70,66620.40,66900.20,14643.212
1780448400000,66900.30,67010.00,66442.00,66890.80,10585.483
1780452000000,66890.80,66913.00,66547.40,66588.00,4630.414
1780455600000,66588.00,66635.00,65359.10,65818.40,29211.393
1780459200000,65818.30,66594.70,65791.40,66439.20,13975.579
1780462800000,66439.10,67380.00,66439.10,67290.20,22670.597
1780466400000,67290.20,67493.80,66913.10,66949.30,10542.247
1780470000000,66949.40,67299.90,66828.50,67186.70,6907.108
1780473600000,67186.70,67226.70,66933.60,66987.70,7143.703
1780477200000,66987.70,67313.90,66620.00,67040.90,18551.588
1780480800000,67041.00,67448.00,67032.60,67260.00,6922.156
1780484400000,67260.00,67340.00,67026.60,67040.10,3936.714
1780488000000,67040.10,67142.10,66760.00,67050.80,8318.896
1780491600000,67050.70,67220.20,66605.10,66884.80,10450.216
1780495200000,66884.80,66975.00,66611.90,66840.90,7494.408
1780498800000,66841.00,66880.00,66036.20,66046.50,19094.974
1780502400000,66046.60,66359.40,65508.30,66037.40,24860.392
1780506000000,66037.40,66159.00,65674.90,65934.00,9175.749
1780509600000,65934.00,66141.70,65711.40,66006.60,5382.664
1780513200000,66006.50,66030.70,65199.00,65428.60,13312.575
1780516800000,65428.50,65581.60,64711.10,64971.70,18176.176
1780520400000,64971.80,65829.40,64919.10,65738.60,12497.286
1780524000000,65738.60,65814.20,64733.90,64882.10,13287.809
1780527600000,64882.10,64957.70,64050.80,64117.70,19130.199
1780531200000,64117.70,64412.90,62911.90,63314.40,32017.216
1780534800000,63314.50,63478.50,62066.60,62140.30,33187.939
1780538400000,62140.40,63598.70,61344.80,63198.40,48264.122
1780542000000,63198.40,64495.90,63186.70,64336.20,25029.440
1780545600000,64336.20,64739.80,64233.00,64364.00,12138.136
1780549200000,64363.90,64363.90,63607.40,63927.60,15516.364
1780552800000,63927.60,64480.00,63858.60,64007.20,7456.889
1780556400000,64007.40,64041.80,63450.00,63561.70,13651.696
1780560000000,63561.80,63875.90,63201.10,63595.50,12293.700
1780563600000,63595.50,63616.30,62666.00,63237.40,19123.543
1780567200000,63237.50,63250.00,62256.00,62391.60,29859.942
1780570800000,62391.60,62800.00,62150.80,62520.70,21741.816
1780574400000,62520.70,63947.80,62344.10,63738.10,25027.312
1780578000000,63738.20,64223.10,63038.00,64202.70,28666.685
1780581600000,64202.70,64463.70,63733.00,63923.90,16138.466
1780585200000,63923.80,64380.00,63650.00,63864.80,13018.872
1780588800000,63864.80,63898.90,63412.90,63529.40,8547.533
1780592400000,63529.40,63698.70,62910.00,63511.20,14376.367
1780596000000,63511.10,64091.70,63117.60,63791.10,15695.290
1780599600000,63791.20,64150.80,63508.60,63600.30,9010.124
1780603200000,63600.20,63628.00,63140.80,63600.80,10580.497
1780606800000,63600.80,63847.90,63040.00,63250.20,6186.469
1780610400000,63250.10,63740.20,63150.70,63702.20,6948.656
1780614000000,63702.30,63897.00,63335.10,63853.40,6697.537
1780617600000,63853.40,63955.00,63366.00,63398.30,6077.139
1780621200000,63398.30,63547.50,63011.00,63347.00,8705.901
1780624800000,63347.00,63416.90,62552.20,62585.50,12937.021
1780628400000,62585.60,62861.00,62300.00,62699.70,11767.388
1780632000000,62700.00,63629.90,62456.00,63588.90,12198.337
1780635600000,63589.00,63674.90,62229.60,62294.40,17219.625
1780639200000,62294.10,62614.20,61067.60,61916.80,43244.607
1780642800000,61916.70,63084.40,61330.50,63075.60,22919.441
1780646400000,63075.50,63088.00,62234.30,62429.90,11546.341
1780650000000,62429.90,63231.80,62405.10,62832.50,10276.570
1780653600000,62832.40,62910.50,62342.10,62510.10,6267.222
1780657200000,62510.00,62621.90,61928.30,61929.50,9661.694
1780660800000,61929.60,62437.50,61578.40,61939.70,18065.956
1780664400000,61939.70,62310.00,60690.80,60700.40,26689.674
1780668000000,60700.40,61217.80,60300.00,60832.70,38987.144
1780671600000,60832.60,61105.60,60005.80,60400.80,31939.718
1780675200000,60400.80,61550.00,59739.10,61358.10,58804.844
1780678800000,61358.10,61487.90,60621.20,60786.50,12594.401
1780682400000,60786.50,60933.00,59105.40,59362.20,32030.644
1780686000000,59362.10,60435.20,59080.00,60267.70,23692.266
1780689600000,60267.40,61800.00,59903.80,61586.20,22351.565
1780693200000,61586.10,61985.10,61400.00,61639.50,12170.417
1780696800000,61639.40,61942.40,61169.10,61556.60,13850.543
1780700400000,61556.70,61745.00,60458.00,61022.00,14163.427
1780704000000,61022.00,61500.00,61012.00,61238.40,7564.048
1780707600000,61238.40,61349.70,60912.30,61025.60,4623.780
1780711200000,61025.60,61164.50,60642.40,60918.40,5765.277
1780714800000,60918.30,60940.50,60490.00,60662.60,5489.751
1780718400000,60662.60,60847.50,59451.30,60068.40,22031.624
1780722000000,60068.50,61070.20,59578.80,60918.90,20702.862
1780725600000,60919.00,61250.00,60644.50,60771.80,11698.016
1780729200000,60771.80,61212.70,60705.40,60975.20,7336.922
1780732800000,60975.20,61475.00,60850.00,61239.60,8498.100
1780736400000,61239.50,61298.20,60854.10,60956.70,5320.274
1780740000000,60956.70,60956.70,60146.00,60555.30,14536.034
1780743600000,60555.20,60938.00,60520.00,60773.50,5694.791
1780747200000,60773.50,61173.50,60599.90,61003.60,9784.197
1780750800000,61003.60,61073.60,60668.80,60779.50,5213.726
1780754400000,60779.50,60990.80,60733.00,60762.50,3560.698
1780758000000,60762.50,60900.00,60353.40,60754.10,7524.848
1780761600000,60754.20,60949.90,60417.60,60749.80,6038.819
1780765200000,60749.90,60817.20,60463.00,60553.30,3936.273
1780768800000,60553.20,60723.50,60363.00,60606.00,3583.649
1780772400000,60606.00,60760.40,60502.10,60563.90,2214.691
1780776000000,60563.90,60729.10,60484.50,60678.50,2440.763
1780779600000,60678.40,60969.20,60673.20,60719.30,3053.205
1780783200000,60719.20,60788.60,60390.00,60513.00,5032.414
1780786800000,60513.00,60911.00,60511.00,60849.70,3116.081
1780790400000,60849.70,60962.70,60708.00,60748.30,2990.633
1780794000000,60748.20,61641.40,60720.90,61452.50,13447.678
1780797600000,61452.50,61540.10,61150.00,61469.20,5320.335
1780801200000,61469.30,61763.90,61376.70,61671.10,5046.674
1780804800000,61671.10,61866.00,61447.20,61854.10,5279.246
1780808400000,61854.20,62132.00,61607.90,61709.20,9364.910
1780812000000,61709.30,62254.90,61573.50,62080.10,9917.458
1780815600000,62080.10,62380.00,61951.00,62366.00,8886.719
1780819200000,62366.00,62942.40,62217.40,62823.00,16219.509
1780822800000,62823.00,62887.50,62361.50,62510.00,7994.466
1780826400000,62509.90,62547.80,62273.00,62343.70,5250.485
1780830000000,62343.70,62730.00,62333.00,62598.80,5263.381
1780833600000,62598.80,62617.70,61509.10,61871.10,21819.579
1780837200000,61871.10,61880.00,61612.20,61675.00,5955.280
1780840800000,61675.10,62283.60,61675.00,61872.00,10111.376
1780844400000,61871.90,62196.00,61640.10,62071.60,6764.069
1780848000000,62071.70,62327.00,61912.70,62054.20,5219.030
1780851600000,62054.10,62315.60,62012.20,62129.60,4071.011
1780855200000,62129.60,62267.20,61989.00,62001.60,2079.999
1780858800000,62001.60,62009.10,61150.20,61303.80,15448.708
1780862400000,61303.70,61949.30,61189.70,61843.00,6748.756
1780866000000,61843.10,61980.00,61618.50,61755.00,3502.586
1780869600000,61754.90,64250.00,61690.30,62833.50,32662.168
1780873200000,62833.00,63429.90,62759.50,63298.50,8114.977
1780876800000,63299.00,63849.50,63111.30,63599.20,9954.623
1780880400000,63599.30,63619.50,62676.80,63188.00,12067.272
1780884000000,63188.00,63238.30,62881.90,63097.20,4283.889
1780887600000,63097.20,63438.20,62944.10,63101.60,4210.952
1780891200000,63101.60,63150.00,62616.90,62654.70,5895.229
1780894800000,62654.70,62800.00,62377.00,62740.80,7325.169
1780898400000,62740.80,63119.70,62702.00,62958.80,5677.298
1780902000000,62958.90,63320.90,62779.00,63259.90,5891.372
1780905600000,63259.90,63259.90,62955.70,63100.80,3576.879
1780909200000,63100.90,63554.70,63093.50,63469.90,7425.603
1780912800000,63469.90,63525.00,63053.40,63131.50,6189.668
1780916400000,63131.40,63861.30,63020.00,63450.10,11047.181
1780920000000,63450.10,63948.20,62658.40,63844.50,22904.142
1780923600000,63844.60,63920.00,63330.40,63720.60,13790.780
1780927200000,63720.50,64075.60,63531.90,63933.70,10811.608
1780930800000,63933.70,64179.50,63673.00,63745.40,11587.537
1780934400000,63745.30,64029.50,63430.60,63496.80,7607.381
1780938000000,63496.80,63620.00,63209.60,63519.20,7842.552
1780941600000,63519.10,63659.10,63305.00,63438.00,3208.045
1780945200000,63438.00,63572.10,63317.70,63348.20,3103.656
1780948800000,63348.30,63459.30,63120.40,63459.10,4563.368
1780952400000,63459.10,63832.50,63455.10,63690.80,4030.441
1780956000000,63690.70,63690.70,63171.20,63407.50,6036.812
1780959600000,63407.60,63567.60,62939.70,63057.90,5409.596
1780963200000,63057.90,63157.30,62381.20,62522.60,15947.710
1780966800000,62522.60,62846.60,62513.00,62732.90,6038.258
1780970400000,62732.80,62849.50,62506.80,62840.00,4490.164
1780974000000,62839.90,62945.80,62664.30,62841.00,3847.384
1780977600000,62841.10,63402.00,62715.40,63213.70,9505.940
1780981200000,63213.80,63499.90,63088.00,63318.50,5631.349
1780984800000,63318.50,63487.10,63202.60,63279.40,4791.047
1780988400000,63279.50,63424.00,62970.60,63170.80,6015.433
1780992000000,63170.90,63183.00,62646.00,62816.90,8266.540
1780995600000,62817.00,62923.70,62555.50,62682.50,5482.787
1780999200000,62682.60,62802.70,62560.90,62750.00,4015.766
1781002800000,62750.00,62786.90,62457.50,62679.40,6806.713
1781006400000,62679.50,62868.20,62404.00,62611.60,6095.652
1781010000000,62611.60,62717.70,62125.00,62244.40,13535.918
1781013600000,62244.40,62371.60,61075.90,61511.60,35615.599
1781017200000,61511.60,61680.90,61001.00,61100.70,16545.058
1781020800000,61100.60,61490.00,60755.00,61367.50,26909.919
1781024400000,61367.50,61860.00,61367.00,61667.10,12632.633
1781028000000,61667.20,61939.00,61563.30,61756.10,5648.053
1781031600000,61756.20,62079.50,61685.00,62068.80,6032.774
1781035200000,62068.90,62253.20,61920.90,62132.30,4702.846
1781038800000,62132.30,62149.80,61660.00,61732.20,5903.611
1781042400000,61732.50,61945.40,61630.20,61688.00,3249.560
1781046000000,61687.90,61850.00,61519.00,61695.00,3688.760
1781049600000,61694.90,61908.90,61404.60,61886.50,5067.624
1781053200000,61886.50,61947.40,61544.20,61680.70,4252.258
1781056800000,61680.70,61807.90,61201.00,61271.30,6430.764
1781060400000,61271.40,61571.10,61250.00,61518.20,3472.635
1781064000000,61518.30,61535.00,61153.50,61269.60,4116.843
1781067600000,61269.60,61368.00,61045.70,61321.60,4160.181
1781071200000,61321.60,61493.00,61108.80,61436.50,4853.421
1781074800000,61436.40,61783.40,61400.70,61654.30,6313.665
1781078400000,61654.30,61707.60,61128.70,61228.70,7510.133
1781082000000,61228.80,61396.40,60691.90,61302.70,12001.158
1781085600000,61303.20,61426.70,61113.20,61350.10,4009.363
1781089200000,61350.10,61406.00,60824.50,61003.10,9567.514
1781092800000,61003.10,61918.00,60930.00,61531.70,17186.613
1781096400000,61531.80,62445.00,61406.80,62123.90,18689.305
1781100000000,62123.90,62230.00,61782.00,62170.80,11613.002
1781103600000,62170.90,62840.20,61814.00,62604.80,18864.285
1781107200000,62604.70,62617.10,61891.20,62194.50,9692.542
1781110800000,62194.60,62330.30,61616.00,61944.50,11161.950
1781114400000,61944.40,62137.30,61552.00,61856.00,6181.953
1781118000000,61856.00,62038.00,61641.40,61908.70,4545.789
1781121600000,61908.70,61921.20,61644.40,61770.10,3195.626
1781125200000,61770.10,61773.10,61150.10,61327.30,7887.368
1781128800000,61327.40,61547.90,61068.60,61353.20,7637.894
1781132400000,61353.10,61582.10,61135.80,61483.70,4642.378
1781136000000,61483.60,61955.80,61483.60,61794.60,6629.261
1781139600000,61794.60,62350.00,61793.50,62180.30,6360.787
1781143200000,62180.40,62278.30,61911.50,62113.50,4726.248
1781146800000,62113.50,62922.00,61975.60,62657.50,11223.901
1781150400000,62657.50,62827.00,62512.60,62692.90,6342.014
1781154000000,62692.80,62696.70,62527.50,62581.70,3206.604
1781157600000,62581.70,62993.40,62507.90,62734.20,7813.001
1781161200000,62734.10,62812.20,62574.30,62693.30,4667.736
1781164800000,62693.20,63043.10,62691.70,62927.20,6684.514
1781168400000,62927.20,62970.70,62753.30,62899.90,4093.748
1781172000000,62900.00,63188.00,62771.00,63120.30,8162.024
1781175600000,63120.20,63235.90,63020.60,63078.00,7361.917
1781179200000,63078.00,63173.80,62455.80,62978.30,20933.227
1781182800000,62978.30,63200.00,62644.70,63046.10,13026.119
1781186400000,63046.10,63060.00,62697.00,62699.60,7669.427
1781190000000,62699.60,62856.70,62494.60,62721.10,8504.570
1781193600000,62721.20,62810.00,62502.40,62546.60,4781.270
1781197200000,62546.60,63643.00,62315.00,63614.20,28276.294
1781200800000,63614.20,63768.70,63283.40,63426.00,9903.762
1781204400000,63426.00,63915.30,63350.40,63567.60,10032.986
1781208000000,63567.70,63633.60,63235.80,63361.90,4935.297
1781211600000,63361.90,63571.50,63359.70,63487.20,2172.230
1781215200000,63487.30,63640.60,63425.00,63467.10,2216.095
1781218800000,63467.10,63712.30,63328.10,63597.90,4271.542
1781222400000,63598.00,63777.00,63489.80,63617.70,4243.194
1781226000000,63617.70,63617.70,63271.60,63402.90,4466.191
1781229600000,63402.90,63758.40,63402.90,63589.30,3408.002
1781233200000,63589.20,63620.10,63314.70,63490.00,2027.229
1781236800000,63490.10,63843.20,63391.20,63670.40,5901.952
1781240400000,63670.50,63695.40,63265.40,63317.60,6047.081
1781244000000,63317.60,63385.90,62800.00,62955.90,8541.968
1781247600000,62956.00,63180.80,62919.90,63066.50,4785.190
1781251200000,63066.50,63587.00,63063.90,63440.50,6555.915
1781254800000,63440.50,63929.90,63398.30,63729.50,7939.036
1781258400000,63729.50,63824.00,63541.90,63665.10,4205.305
1781262000000,63665.20,63855.80,63650.00,63729.40,3381.030
1781265600000,63729.40,63745.10,63331.90,63433.70,5597.360
1781269200000,63433.80,63507.90,63020.60,63200.30,9236.386
1781272800000,63200.30,63988.00,63160.40,63971.00,14271.383
1781276400000,63971.10,64362.60,63504.20,63557.00,26003.214
1781280000000,63557.10,63974.80,63477.50,63951.20,8532.953
1781283600000,63951.20,64083.30,63708.00,63836.90,4217.505
1781287200000,63836.90,63907.00,63647.90,63661.80,3095.609
1781290800000,63661.80,63790.80,63555.00,63555.10,3164.169
1781294400000,63555.00,63664.40,63352.30,63417.90,4000.142
1781298000000,63418.20,63608.10,63413.00,63450.10,2246.705
1781301600000,63450.00,63633.30,63435.60,63482.80,2214.568
1781305200000,63482.80,63554.70,63394.30,63547.00,1641.695
1781308800000,63547.00,63625.20,63480.00,63573.90,1951.164
1781312400000,63573.90,63828.40,63573.90,63801.00,2669.191
1781316000000,63801.10,63806.90,63517.80,63612.00,2457.955
1781319600000,63612.10,63695.00,63360.00,63494.40,3026.794
1781323200000,63494.40,63619.10,63444.90,63475.20,1293.536
1781326800000,63475.20,63564.80,63456.00,63554.90,1208.298
1781330400000,63554.90,63720.20,63516.30,63707.20,1642.636
1781334000000,63707.20,63879.00,63637.10,63823.90,4873.909
1781337600000,63823.90,63896.50,63729.80,63771.60,3461.243
1781341200000,63771.50,63833.00,63708.20,63709.90,1419.807
1781344800000,63709.90,63883.20,63683.10,63812.90,2679.471
1781348400000,63813.00,63949.90,63809.40,63936.10,2414.403
1781352000000,63936.10,64187.70,63882.60,64103.10,4756.321
1781355600000,64103.00,64217.00,64026.60,64071.00,4732.652
1781359200000,64071.00,64208.80,64052.30,64189.70,2178.915
1781362800000,64189.80,64323.00,64147.20,64265.00,4558.288
1781366400000,64265.10,64280.00,63862.90,63996.20,8214.293
1781370000000,63996.10,64090.10,63902.00,63939.70,2988.244
1781373600000,63939.70,64247.80,63939.60,64122.70,3116.164
1781377200000,64122.70,64298.70,64111.10,64264.20,3087.802
1781380800000,64264.20,64264.30,64195.30,64252.40,1079.311
1781384400000,64252.40,64738.00,64189.60,64435.20,7334.893
1781388000000,64435.20,64529.00,64349.30,64413.40,2850.590
1781391600000,64413.40,64572.00,64350.50,64418.20,2165.507
1781395200000,64418.30,64548.60,64338.80,64519.30,2060.185
1781398800000,64519.20,64682.20,64466.40,64534.10,2612.929
1781402400000,64534.00,64606.40,64436.70,64450.00,2045.452
1781406000000,64450.10,64518.40,64421.70,64515.00,3269.628
1781409600000,64515.00,64532.80,64281.00,64300.00,2599.296
1781413200000,64300.00,64378.50,64260.00,64318.10,2076.942
1781416800000,64318.10,64450.10,64208.50,64258.00,3360.246
1781420400000,64258.00,64412.70,64186.50,64392.00,2472.615
1781424000000,64392.10,64486.90,64353.20,64423.10,1629.080
1781427600000,64423.10,64593.10,64281.10,64584.70,3100.679
1781431200000,64584.80,64640.60,64452.80,64485.40,2531.790
1781434800000,64485.50,64614.40,64419.30,64511.70,1865.041
1781438400000,64511.70,64531.20,64255.90,64296.80,3294.214
1781442000000,64296.70,64369.00,64207.30,64287.50,2943.823
1781445600000,64287.40,64313.10,63830.00,63953.70,8475.881
1781449200000,63953.70,64123.80,63945.80,63995.20,4281.190
1781452800000,63995.20,64183.40,63901.30,63913.80,3323.998
1781456400000,63913.80,64000.00,63650.00,63706.10,5470.458
1781460000000,63706.20,63791.90,63650.90,63783.90,3170.311
1781463600000,63783.90,63830.90,63702.00,63777.30,1358.481
1781467200000,63777.40,64070.00,63761.50,63978.10,3073.059
1781470800000,63978.20,65652.00,63973.40,65284.40,27695.963
1781474400000,65284.40,65555.00,64918.20,65389.20,14246.288
1781478000000,65389.20,65775.00,65217.00,65702.10,9775.909
1781481600000,65702.10,65880.00,65444.00,65591.40,9044.986
1781485200000,65591.40,65705.60,65314.30,65482.60,5936.809
1781488800000,65482.60,65749.00,65383.60,65429.30,3923.620
1781492400000,65429.30,65996.80,65393.40,65894.70,9255.319
1781496000000,65894.60,65894.70,65601.80,65612.20,3331.818
1781499600000,65612.20,65844.70,65577.80,65828.10,3066.816
1781503200000,65828.00,65933.00,65716.40,65773.00,4071.861
1781506800000,65773.00,65978.10,65580.00,65642.30,5386.600
1781510400000,65642.40,65768.10,65580.30,65619.90,3912.200
1781514000000,65620.00,65740.10,65469.00,65559.90,3326.393
1781517600000,65559.80,65934.30,65545.20,65884.70,7895.239
1781521200000,65884.70,66346.20,65807.30,66192.00,15452.401
1781524800000,66192.00,66570.00,66056.40,66528.50,12174.401
1781528400000,66528.50,66915.20,66375.10,66410.80,20545.811
1781532000000,66410.80,66646.80,66265.00,66552.30,8252.837
1781535600000,66552.40,67255.40,66541.50,67248.50,13362.263
1781539200000,67248.50,67254.50,67051.10,67122.30,7578.852
1781542800000,67122.30,67122.40,66635.10,66820.70,8193.907
1781546400000,66820.70,66900.00,66678.50,66726.10,3557.451
1781550000000,66726.10,66856.10,66302.40,66579.20,6172.572
1781553600000,66579.10,66658.20,66445.00,66489.60,2244.671
1781557200000,66489.60,66534.80,66284.80,66337.10,2945.274
1781560800000,66337.10,66446.20,66065.10,66170.00,5545.129
1781564400000,66170.00,66335.50,66086.60,66285.90,2775.711
1781568000000,66285.90,66426.90,66197.20,66216.90,3431.519
1781571600000,66216.80,66388.80,66206.60,66309.90,2298.901
1781575200000,66309.90,66331.80,65655.00,65714.10,9099.747
1781578800000,65714.00,66145.40,65607.10,66125.40,6605.331
1781582400000,66125.40,66252.20,65768.70,65811.10,5555.333
1781586000000,65811.10,66119.90,65811.10,66028.00,3516.107
1781589600000,66028.10,66543.50,66025.10,66406.40,5633.376
1781593200000,66406.30,66497.00,66272.10,66341.70,3952.601
1781596800000,66341.80,66956.70,66310.50,66863.90,9095.480
1781600400000,66863.90,66884.60,66440.10,66478.40,5305.599
1781604000000,66478.50,66755.50,66451.10,66476.10,3834.460
1781607600000,66476.10,66619.30,66325.40,66456.00,3380.096
1781611200000,66456.00,66787.10,66325.20,66390.50,6611.999
1781614800000,66390.50,66435.60,65893.20,66012.70,10953.391
1781618400000,66012.80,66239.30,65328.80,65630.20,15588.828
1781622000000,65630.20,65981.50,65580.00,65841.80,7659.939
1781625600000,65841.80,65932.30,65675.20,65730.80,3289.048
1781629200000,65730.90,65991.70,65677.10,65946.20,3368.206
1781632800000,65946.20,66246.10,65767.00,65822.40,5488.113
1781636400000,65822.50,65822.50,65529.00,65653.20,4965.888
1781640000000,65653.20,65832.70,65561.30,65824.00,2517.971
1781643600000,65824.00,65908.40,65609.80,65741.20,2613.731
1781647200000,65741.30,65855.00,65644.60,65745.20,2574.361
1781650800000,65745.20,65805.00,65580.10,65644.80,1766.401
1781654400000,65644.80,65821.00,65644.80,65679.40,2124.110
1781658000000,65679.40,65925.10,65427.90,65901.10,4784.400
1781661600000,65901.10,66092.50,65743.00,65872.70,3487.582
1781665200000,65872.60,65872.70,65671.80,65818.60,1896.242
1781668800000,65818.60,66019.00,65744.20,65852.50,1896.801
1781672400000,65852.50,65948.50,65702.90,65796.10,2152.245
1781676000000,65796.10,65869.80,65535.00,65589.40,3412.922
1781679600000,65589.40,65680.30,65200.00,65504.00,9271.031
1781683200000,65503.90,65549.80,64800.00,64889.80,13620.919
1781686800000,64889.90,65045.00,64800.40,64880.10,6116.040
1781690400000,64880.00,64964.20,64733.50,64770.40,3937.974
1781694000000,64770.40,64834.90,64525.00,64774.50,8169.245
1781697600000,64774.60,65080.30,64550.70,65005.30,7979.636
1781701200000,65005.20,65333.00,64804.10,65232.90,9997.319
1781704800000,65232.60,65434.10,64722.60,65072.40,10063.625
1781708400000,65072.40,65834.10,64943.50,65712.70,9718.331
1781712000000,65712.70,66419.20,65676.80,65829.70,14049.492
1781715600000,65829.60,66160.00,65755.00,66073.10,5298.208
1781719200000,66073.10,66085.30,64746.60,65481.30,32342.617
1781722800000,65481.20,65632.00,64015.00,64271.30,27562.287
1781726400000,64271.40,64460.80,64137.10,64405.90,7023.720
1781730000000,64405.90,64427.00,64104.00,64229.40,4138.350
1781733600000,64229.40,64415.70,63881.20,64265.30,7515.198
1781737200000,64265.30,64495.30,64216.60,64472.90,2928.005
1781740800000,64472.90,64676.50,64422.40,64432.80,3367.814
1781744400000,64432.80,64780.00,64429.10,64520.90,3711.292
1781748000000,64520.90,64750.00,64453.20,64652.30,2543.649
1781751600000,64652.30,64652.30,64228.90,64255.00,5092.146
1781755200000,64255.00,64323.40,63785.00,63850.10,9767.176
1781758800000,63850.10,64000.00,63660.10,63961.80,5961.032
1781762400000,63961.90,64097.70,63811.30,64054.90,4272.735
1781766000000,64054.90,64491.10,63985.30,64470.30,6502.533
1781769600000,64470.40,64631.50,64349.20,64370.00,5742.264
1781773200000,64370.00,64450.00,64162.50,64172.60,3905.742
1781776800000,64172.70,64198.00,63880.20,64050.00,6808.319
1781780400000,64050.10,64175.90,63855.00,63940.10,4133.313
1781784000000,63940.10,64377.80,63892.80,64345.90,5211.011
1781787600000,64345.80,64423.40,63753.00,63952.30,12076.440
1781791200000,63952.40,64181.70,63565.00,63784.10,13161.056
1781794800000,63784.20,63796.60,62232.10,62337.80,40637.073
1781798400000,62337.80,62789.00,62308.60,62664.20,14208.574
1781802000000,62664.20,62730.00,62241.00,62579.10,11740.083
1781805600000,62579.20,62932.70,62552.80,62683.50,9150.288
1781809200000,62683.50,62985.00,62608.00,62925.40,4674.584
1781812800000,62925.30,63266.80,62925.30,63063.10,6155.035
1781816400000,63063.10,63098.70,62831.80,62936.00,3244.761
1781820000000,62936.00,62962.10,62710.50,62853.00,3104.191
1781823600000,62852.90,62959.90,62717.00,62924.10,2527.605
1781827200000,62924.00,63066.70,62812.70,62991.70,2446.187
1781830800000,62991.70,63073.00,62814.30,62994.50,2562.735
1781834400000,62994.50,63088.00,62858.20,62974.20,2107.975
1781838000000,62974.20,63004.80,62237.20,62745.10,11677.236
1781841600000,62745.10,62888.80,62375.70,62421.70,5551.656
1781845200000,62421.80,62715.00,62417.40,62707.00,3774.762
1781848800000,62707.10,62888.70,62691.00,62865.10,2658.473
1781852400000,62865.00,62896.80,62465.60,62592.40,5319.797
1781856000000,62592.40,62758.10,62504.70,62575.70,3585.070
1781859600000,62575.70,62623.20,62272.40,62353.00,6117.203
1781863200000,62352.90,62570.10,62347.80,62506.20,3659.625
1781866800000,62506.30,62664.30,62419.50,62600.00,3035.836
1781870400000,62600.00,62844.80,62315.20,62799.40,6739.352
1781874000000,62799.40,63410.30,62629.50,63174.20,13878.128
1781877600000,63174.10,63398.30,62972.80,63174.80,7794.914
1781881200000,63174.80,63266.30,62992.00,63193.00,4428.801
1781884800000,63193.10,63376.60,62897.80,62943.70,6372.556
1781888400000,62943.70,63213.00,62836.60,63166.70,4859.398
1781892000000,63166.60,63175.30,62958.00,63079.30,2166.381
1781895600000,63079.20,63117.00,62907.40,63001.90,1719.554
1781899200000,63001.80,63245.90,62926.20,63217.40,1587.361
1781902800000,63217.30,63253.60,63024.10,63048.00,1954.973
1781906400000,63048.00,63345.10,63015.10,63287.80,3005.024
1781910000000,63287.80,63645.00,63250.00,63512.60,5223.884
1781913600000,63512.50,63757.20,63435.00,63496.80,5620.834
1781917200000,63496.80,63594.20,63368.50,63550.90,2644.972
1781920800000,63551.00,63551.00,63301.80,63305.70,2722.798
1781924400000,63305.80,63487.20,63283.50,63440.50,1781.829
1781928000000,63440.50,63590.00,63367.60,63553.90,2036.026
1781931600000,63553.90,63894.00,63509.10,63645.50,6526.429
1781935200000,63645.40,63730.00,63608.60,63710.00,1912.419
1781938800000,63710.10,63774.20,63558.40,63625.00,3533.917
1781942400000,63625.00,63630.00,63360.00,63390.80,4745.106
1781946000000,63390.80,63760.80,63390.30,63700.80,3687.354
1781949600000,63700.80,63747.70,63559.80,63649.70,2170.014
1781953200000,63649.60,63770.00,63586.80,63651.30,1580.907
1781956800000,63651.40,63756.00,63497.30,63627.80,3118.595
1781960400000,63627.70,63627.80,63242.00,63368.00,6104.423
1781964000000,63368.00,64150.00,63136.20,63929.50,15156.582
1781967600000,63929.40,64370.90,63810.00,64139.50,11736.081
1781971200000,64139.40,64150.00,63875.00,63999.90,4431.632
1781974800000,63999.90,64015.00,63661.90,63810.70,5116.225
1781978400000,63810.80,63899.00,63750.30,63776.40,1651.649
1781982000000,63776.30,63940.30,63764.20,63905.50,1802.738
1781985600000,63905.50,63945.00,63820.00,63899.40,958.033
1781989200000,63899.40,64066.60,63886.60,63983.00,1679.864
1781992800000,63983.00,64326.00,63943.60,64245.90,3225.948
1781996400000,64245.90,64317.60,64219.70,64270.00,1732.321
1782000000000,64270.10,64303.00,64217.60,64264.30,2410.512
1782003600000,64264.30,64297.00,64199.00,64221.30,2876.502
1782007200000,64221.30,64251.20,64199.00,64219.50,1446.395
1782010800000,64219.50,64450.00,64207.00,64398.80,3632.131
1782014400000,64398.80,64568.00,64223.30,64252.70,4422.656
1782018000000,64252.60,64339.70,64199.00,64226.50,2673.680
1782021600000,64226.60,64300.00,64168.70,64270.00,1874.008
1782025200000,64269.90,64270.00,64143.20,64170.10,3195.625
1782028800000,64170.00,64204.80,63871.30,63987.90,5172.436
1782032400000,63987.90,64224.50,63928.40,64189.80,3868.644
1782036000000,64189.80,64384.00,64175.50,64338.90,4012.600
1782039600000,64339.00,64453.30,64077.30,64149.90,4721.509
1782043200000,64149.80,64208.70,63916.00,64161.10,4648.175
1782046800000,64161.10,64161.10,63981.20,64123.20,2524.614
1782050400000,64123.20,64128.30,63969.70,64120.00,1789.791
1782054000000,64120.00,64337.30,64081.50,64200.30,2931.074
1782057600000,64200.20,64231.60,64013.00,64122.30,2597.496
1782061200000,64122.20,64197.10,64046.40,64114.60,1339.794
1782064800000,64114.60,64221.00,63907.40,64180.00,2519.631
1782068400000,64180.10,64284.90,64135.10,64173.60,1206.193
1782072000000,64173.70,64243.40,63641.30,63824.80,4784.615
1782075600000,63824.80,63950.00,63475.30,63778.20,7220.217
1782079200000,63778.10,63840.00,63543.00,63775.30,5017.033
1782082800000,63775.30,63775.30,63220.00,63287.10,8096.745
1782086400000,63287.20,64076.00,63286.20,63867.20,8324.368
1782090000000,63867.30,64788.00,63818.00,64574.50,16112.153
1782093600000,64574.50,64643.70,64213.80,64226.50,4686.405
1782097200000,64226.50,64434.60,63857.10,63935.10,8838.637
1782100800000,63935.10,64085.40,63833.40,64063.60,3987.486
1782104400000,64063.50,64311.80,64050.60,64219.50,3574.110
1782108000000,64219.50,64299.00,63912.80,63960.70,2873.557
1782111600000,63960.60,64384.30,63931.00,64187.90,4308.349
1782115200000,64188.00,64332.40,64014.90,64133.80,3083.064
1782118800000,64133.90,64232.50,64019.00,64114.80,1760.141
1782122400000,64114.70,64250.00,64044.10,64109.80,1568.598
1782126000000,64109.90,64750.00,64064.50,64624.30,9530.798
1782129600000,64624.20,65199.00,64545.70,65120.10,14700.714
1782133200000,65120.00,65565.70,64915.60,65548.00,15228.832
1782136800000,65547.90,65597.20,64802.30,64943.00,14941.027
1782140400000,64943.10,65117.20,64722.20,64808.00,6535.352
1782144000000,64808.00,64835.60,64481.00,64695.70,8721.001
1782147600000,64695.80,64746.40,64355.00,64580.60,5298.329
1782151200000,64580.60,64708.00,64249.60,64312.90,5474.731
1782154800000,64312.90,64475.80,64240.00,64447.90,4662.824
1782158400000,64450.60,64637.10,64326.00,64409.80,3634.307
1782162000000,64409.80,64461.00,64112.10,64291.00,3088.035
1782165600000,64291.00,64370.80,63758.30,63948.40,7545.433
1782169200000,63948.50,64030.70,63843.80,63990.20,3364.757
1782172800000,63990.10,64130.00,63803.20,64119.40,3891.308
1782176400000,64119.40,64242.80,63852.50,64125.20,5358.072
1782180000000,64125.10,64247.20,64005.50,64165.90,2594.761
1782183600000,64165.80,64172.20,63933.30,64037.30,3099.414
1782187200000,64037.20,64068.00,63569.20,63594.90,5712.933
1782190800000,63594.80,63707.50,63322.00,63372.10,8699.821
1782194400000,63372.00,63374.40,62532.40,62905.50,25443.262
1782198000000,62905.50,63070.10,62828.00,62849.20,5860.475
1782201600000,62849.30,62916.50,61870.00,62353.70,25191.723
1782205200000,62353.60,62482.00,62309.00,62350.20,4877.636
1782208800000,62350.30,62563.90,62207.10,62290.40,5432.761
1782212400000,62290.40,62600.00,62289.20,62478.50,5964.423
1782216000000,62478.40,62531.60,62157.00,62227.90,5881.479
1782219600000,62228.00,62513.40,61916.90,62446.60,15070.538
1782223200000,62446.50,62837.10,62359.20,62462.80,14169.381
1782226800000,62462.80,62480.30,62161.20,62455.80,7509.637
1782230400000,62455.90,62812.20,62393.40,62522.90,8663.062
1782234000000,62522.90,62668.70,62301.70,62330.00,3484.745
1782237600000,62330.00,62420.00,62075.60,62215.30,4189.498
1782241200000,62215.30,62467.20,62201.30,62365.70,2790.577
1782244800000,62365.70,62518.50,62344.20,62439.80,2217.701
1782248400000,62439.90,62629.90,62434.90,62563.10,2110.412
1782252000000,62563.10,62749.90,62488.10,62560.10,2806.833
1782255600000,62560.10,62770.60,62463.70,62696.70,1898.787
1782259200000,62696.70,62999.90,62696.70,62982.10,4509.603
1782262800000,62982.10,63090.90,62737.00,62904.60,3777.468
1782266400000,62904.60,62994.60,62572.10,62598.00,4358.540
1782270000000,62598.00,62804.00,62402.80,62704.60,5111.386
1782273600000,62704.60,62779.90,62500.00,62720.60,2797.018
1782277200000,62720.70,63053.50,62678.00,62859.90,3935.298
1782280800000,62859.80,62888.00,62700.00,62754.60,1940.615
1782284400000,62754.70,62822.00,62570.80,62630.30,3406.243
1782288000000,62630.40,62786.20,62574.00,62773.00,2748.793
1782291600000,62773.00,62773.00,62608.60,62650.20,1488.171
1782295200000,62650.20,62657.80,62365.40,62416.80,4330.738
1782298800000,62416.90,63209.60,62272.10,62887.70,11430.749
1782302400000,62887.80,62939.30,62543.40,62589.50,5404.984
1782306000000,62589.50,62604.00,61220.70,61308.20,35472.770
1782309600000,61308.20,61434.50,60866.00,61085.30,24983.872
1782313200000,61085.30,61128.90,60238.00,60254.90,24553.002
1782316800000,60254.90,60649.10,59260.00,59808.20,37783.564
1782320400000,59808.30,60025.20,59060.00,59363.70,33548.446
1782324000000,59363.60,59895.30,59269.40,59569.50,16224.690
1782327600000,59569.50,59973.30,59484.70,59923.80,7889.569
1782331200000,59923.70,61188.00,59813.90,60926.50,26953.645
1782334800000,60926.50,61115.20,60633.10,61073.60,6808.637
1782338400000,61073.60,61256.00,60752.80,60850.20,5756.512
1782342000000,60850.30,61086.30,60799.90,61051.20,2882.991
1782345600000,61051.20,61138.90,60666.00,60786.90,5410.751
1782349200000,60786.90,60960.50,60686.80,60892.90,3603.816
1782352800000,60892.90,60939.00,60660.00,60763.20,4314.462
1782356400000,60763.30,60877.70,60648.00,60853.90,3048.144
1782360000000,60854.00,61389.00,60756.40,61323.20,6224.548
1782363600000,61323.30,61800.00,61241.90,61567.10,13551.642
1782367200000,61567.10,61829.10,61567.10,61693.50,4754.255
1782370800000,61693.50,61931.10,61632.20,61886.70,6467.034
1782374400000,61886.80,61897.60,61653.00,61686.40,5343.995
1782378000000,61686.50,61764.90,61578.40,61707.80,3667.260
1782381600000,61707.90,61727.90,61228.40,61245.30,7304.194
1782385200000,61245.40,61395.30,61033.50,61258.20,11773.247
1782388800000,61258.20,61742.90,61048.50,61216.40,12542.989
1782392400000,61216.40,61346.40,58030.00,58248.40,65568.385
1782396000000,58248.40,60466.90,58248.40,59448.70,68127.991
1782399600000,59448.70,59630.20,58835.20,59536.20,20883.361
1782403200000,59536.20,60035.70,59130.00,59284.00,13732.675
1782406800000,59284.10,59720.00,59114.40,59656.30,7827.950
1782410400000,59656.30,59775.00,59333.00,59491.00,7260.279
1782414000000,59491.20,59496.60,59152.70,59299.80,7110.978
1782417600000,59299.90,59723.50,59298.70,59428.80,6367.176
1782421200000,59428.90,60245.00,59422.70,60180.70,6267.020
1782424800000,60180.70,60180.80,59705.40,59815.10,6099.121
1782428400000,59815.10,60164.30,59709.10,59771.90,4578.901
1782432000000,59772.00,59882.20,59608.10,59638.20,3871.116
1782435600000,59638.20,59761.30,59200.00,59413.00,6344.268
1782439200000,59413.10,59432.30,58325.60,58536.00,24980.279
1782442800000,58536.00,60125.70,58288.00,60015.00,26425.366
1782446400000,60015.00,60234.80,59802.30,59899.90,8739.818
1782450000000,59899.90,60039.10,59703.10,59921.80,5871.329
1782453600000,59921.90,60440.00,59666.20,60298.90,10771.225
1782457200000,60298.90,60734.00,60252.60,60491.00,14629.556
1782460800000,60491.00,60542.60,60112.00,60215.30,7945.368
1782464400000,60215.30,60229.80,59544.70,59709.30,10679.166
1782468000000,59709.30,59834.20,59210.40,59290.00,10744.708
1782471600000,59290.00,59569.00,59233.10,59392.40,6798.892
1782475200000,59392.40,59998.40,58940.00,59167.60,23971.564
1782478800000,59167.60,60189.50,58388.00,60153.30,35902.970
1782482400000,60153.50,60274.20,59358.80,59568.90,21091.080
1782486000000,59568.90,60494.10,59560.00,60296.60,16399.595
1782489600000,60296.90,60580.00,59933.10,60017.80,13029.495
1782493200000,60017.80,60276.50,59921.40,60000.00,6949.554
1782496800000,60000.00,60140.70,59530.70,59648.90,5774.528
1782500400000,59648.90,60077.80,59586.30,59719.70,7106.059
1782504000000,59719.90,59970.00,59556.00,59694.70,4861.161
1782507600000,59694.70,60028.00,59649.20,59887.60,2664.982
1782511200000,59887.60,60051.00,59717.10,60007.50,3088.676
1782514800000,60007.60,60090.80,59871.90,60072.00,3454.396
1782518400000,60071.90,60167.30,59846.20,60033.40,3606.601
1782522000000,60033.40,60046.90,59904.80,59919.10,1013.631
1782525600000,59919.00,60349.00,59888.70,60256.60,4979.232
1782529200000,60256.60,60387.80,60134.50,60274.70,3264.048
1782532800000,60274.80,60472.20,60189.40,60215.90,3433.958
1782536400000,60215.90,60286.00,60101.90,60208.30,1945.532
1782540000000,60208.40,60492.20,60074.50,60345.30,4271.161
1782543600000,60345.20,60557.80,60266.00,60522.30,3356.548
1782547200000,60522.40,60522.50,60336.20,60425.10,2454.040
1782550800000,60425.20,60482.90,60261.00,60391.20,2310.771
1782554400000,60391.30,60466.50,60350.00,60390.30,1032.741
1782558000000,60390.30,60425.40,60162.00,60331.90,3122.375
1782561600000,60331.90,60407.10,60222.60,60394.00,1807.192
1782565200000,60394.00,60643.10,60356.10,60554.60,4154.884
1782568800000,60554.60,60697.60,60480.00,60588.90,3321.500
1782572400000,60589.00,60924.70,60541.10,60817.20,7814.952
1782576000000,60817.30,60850.00,60648.20,60785.00,2778.326
1782579600000,60784.90,60796.60,60383.00,60495.60,6435.887
1782583200000,60495.60,60547.30,60420.20,60537.80,1662.956
1782586800000,60537.90,60576.90,60050.00,60149.90,5900.770
1782590400000,60149.90,60283.40,60141.70,60272.80,1563.196
1782594000000,60272.80,60469.80,60108.90,60173.40,2727.898
1782597600000,60173.40,60230.00,59819.80,60204.30,4692.970
1782601200000,60204.30,60303.20,59913.90,60000.30,3651.424
1782604800000,60000.40,60168.70,59983.30,60125.10,1900.278
1782608400000,60125.10,60256.80,59950.00,60193.00,2439.438
1782612000000,60193.10,60314.30,60017.20,60121.20,2057.691
1782615600000,60121.20,60250.40,60121.20,60169.50,1454.945
1782619200000,60169.50,60205.40,60060.00,60108.10,1216.104
1782622800000,60108.00,60112.30,59714.80,59956.60,5438.200
1782626400000,59956.60,60020.00,59772.90,59970.00,2915.154
1782630000000,59970.00,60247.10,59965.80,60192.50,3433.223
1782633600000,60192.40,60543.30,60109.50,60340.10,4910.201
1782637200000,60340.10,60444.00,60223.10,60230.00,2760.374
1782640800000,60230.00,60271.80,60037.00,60138.50,2477.136
1782644400000,60138.40,60351.30,60091.40,60314.90,2495.801
1782648000000,60315.00,60435.80,60161.20,60270.00,2227.610
1782651600000,60269.90,60269.90,59934.30,60044.50,4290.318
1782655200000,60044.60,60228.50,59983.00,59995.30,2937.391
1782658800000,59995.30,60103.20,59781.80,59849.90,5771.027
1782662400000,59850.00,59915.70,59550.00,59655.90,7424.561
1782666000000,59655.90,59821.90,59366.60,59557.30,8401.918
1782669600000,59557.30,59678.80,59466.90,59580.70,3170.957
1782673200000,59580.70,59658.20,59224.60,59451.40,5640.911
1782676800000,59451.30,59747.70,59443.80,59634.00,4223.368
1782680400000,59634.10,59773.80,59300.00,59418.10,4650.660
1782684000000,59418.10,59883.20,58888.00,59040.10,13650.068
1782687600000,59040.00,59820.40,58975.00,59550.20,7711.363
1782691200000,59550.20,59678.10,58978.20,59637.30,9238.488
1782694800000,59637.30,59674.30,59170.50,59413.00,5035.286
1782698400000,59413.00,59788.00,58850.00,59731.70,13997.776
1782702000000,59731.80,60219.40,59731.80,60019.80,9982.299
1782705600000,60019.90,60031.50,59717.00,59806.20,2746.071
1782709200000,59806.20,60088.00,59360.30,60082.70,6969.253
1782712800000,60082.70,60325.00,60022.20,60051.00,7371.999
1782716400000,60051.10,60162.50,59900.70,59998.90,3635.785
1782720000000,59998.90,60070.10,59712.80,59806.90,4899.419
1782723600000,59806.90,60089.10,59750.10,60031.30,5094.505
1782727200000,60031.30,60287.10,60031.30,60062.40,5511.908
1782730800000,60062.30,60193.20,59770.40,59927.20,6062.808
1782734400000,59927.20,60758.30,59552.60,59923.50,34963.613
1782738000000,59923.50,60313.00,59302.80,59559.30,21676.377
1782741600000,59559.40,59689.60,58988.00,59444.00,22336.282
1782745200000,59444.10,59939.20,59067.60,59800.20,18439.212
1782748800000,59800.30,59999.00,59562.60,59870.90,6543.241
1782752400000,59870.90,60666.60,59870.90,60396.00,17431.193
1782756000000,60396.00,60500.10,60150.20,60275.40,6924.679
1782759600000,60275.40,60540.00,60127.40,60409.30,6026.141
1782763200000,60409.30,60535.00,60265.10,60271.20,4954.154
1782766800000,60271.20,60565.60,60232.10,60454.90,2822.026
1782770400000,60454.90,60493.20,60314.00,60326.50,2066.396
1782774000000,60326.40,60353.90,60134.00,60224.70,3047.364
1782777600000,60224.70,60250.00,59667.50,59806.10,9133.247
1782781200000,59806.10,60024.90,59740.00,59919.60,4682.306
1782784800000,59919.60,60021.40,59719.60,59920.40,3470.210
1782788400000,59920.40,60007.90,59570.00,59596.10,5570.503
1782792000000,59596.10,59672.10,59400.00,59458.30,8066.536
1782795600000,59458.30,59633.50,59329.20,59627.70,7258.542
1782799200000,59627.80,59698.90,59488.60,59571.70,3736.821
1782802800000,59571.60,59611.70,59423.30,59497.70,3824.498
1782806400000,59497.70,59532.70,59159.00,59285.80,8863.332
1782810000000,59285.80,59397.00,59225.00,59348.70,4167.963
1782813600000,59348.70,59403.00,59264.50,59303.60,2380.900
1782817200000,59303.70,59399.30,59100.00,59162.30,6214.318
1782820800000,59162.20,59162.30,58351.00,58374.80,25243.040
1782824400000,58374.80,58791.70,58200.00,58711.90,26034.559
1782828000000,58711.80,59264.40,58400.10,58458.60,23045.692
1782831600000,58458.70,58785.60,58160.00,58356.20,18133.224
1782835200000,58356.20,58617.40,58223.30,58479.30,7812.900
1782838800000,58479.20,58604.80,58290.00,58396.70,4252.186
1782842400000,58396.80,58675.00,58334.00,58659.80,4692.250
1782846000000,58659.90,58819.90,58560.00,58794.40,4770.762
1782849600000,58794.00,58850.00,58621.30,58708.00,3590.107
1782853200000,58708.00,58744.30,58472.30,58612.10,3145.534
1782856800000,58612.30,58780.00,58477.10,58575.80,2005.278
1782860400000,58575.70,58636.70,58518.80,58605.40,1551.593
1782864000000,58605.40,58720.00,58270.00,58548.70,5536.729
1782867600000,58548.70,58991.60,57758.60,58741.70,28902.834
1782871200000,58741.80,59152.00,58632.40,59063.30,12017.600
1782874800000,59063.30,59298.40,58823.90,59169.60,9833.129
1782878400000,59169.70,59444.50,59030.90,59311.20,5966.189
1782882000000,59311.10,59350.00,59085.00,59122.40,4463.091
1782885600000,59122.30,59130.00,58500.10,58726.80,13792.727
1782889200000,58726.70,58797.60,58567.20,58744.40,4204.786
1782892800000,58744.40,58965.00,58450.70,58950.80,6346.255
1782896400000,58950.80,59069.70,58792.80,58921.40,5253.469
1782900000000,58921.40,58923.30,58590.90,58631.60,3734.411
1782903600000,58631.60,58733.50,58524.20,58592.90,3608.449
1782907200000,58592.80,58655.60,58294.10,58495.60,8651.069
1782910800000,58495.60,59486.70,58495.50,59463.10,22483.032
1782914400000,59463.00,60067.90,59239.90,59523.80,29537.612
1782918000000,59523.70,60520.00,59496.90,60118.50,22422.372
1782921600000,60118.60,60244.00,59836.10,59902.80,7712.896
1782925200000,59902.90,60218.20,59762.60,60166.50,6967.927
1782928800000,60166.50,60278.90,59992.70,60141.50,4929.144
1782932400000,60141.50,60332.80,59952.30,60000.00,5201.063
1782936000000,60000.00,60170.30,59844.50,60100.30,4206.586
1782939600000,60100.30,60827.80,60092.70,60799.90,16099.760
1782943200000,60799.90,61322.00,60319.30,60446.30,23792.275
1782946800000,60446.30,60446.30,59949.20,59999.60,8275.076
1782950400000,59999.60,60005.70,59555.00,59719.70,11009.328
1782954000000,59719.70,60298.00,59688.90,60150.00,8878.647
1782957600000,60150.00,60467.20,59978.30,60392.50,5419.480
1782961200000,60392.40,61102.50,60259.10,61032.90,12526.353
1782964800000,61032.90,61033.00,60703.10,60757.70,7263.034
1782968400000,60757.70,60852.90,60450.00,60479.90,9042.359
1782972000000,60480.00,60623.50,60232.60,60247.60,8467.548
1782975600000,60247.60,60288.00,60080.90,60125.80,9344.837
1782979200000,60125.80,60542.20,60113.50,60486.80,6198.207
1782982800000,60486.70,61447.00,60342.50,61159.60,25607.036
1782986400000,61159.60,61330.00,61019.80,61238.50,9252.747
1782990000000,61238.40,61367.30,61100.00,61329.10,12681.094
1782993600000,61329.10,61591.10,61109.90,61507.40,18071.778
1782997200000,61507.30,62077.30,61472.00,61913.50,25674.180
1783000800000,61913.60,62180.00,61368.80,61669.80,18344.228
1783004400000,61669.70,61844.40,61400.00,61584.00,7696.828
1783008000000,61584.00,61754.90,61113.80,61646.80,13879.115
1783011600000,61646.80,61900.00,61592.80,61643.00,6139.152
1783015200000,61643.00,61847.20,61633.70,61733.50,3075.802
1783018800000,61733.50,61739.70,61388.10,61452.50,5108.610
1783022400000,61452.40,61576.80,61308.30,61555.40,4121.371
1783026000000,61555.30,61634.30,61500.00,61570.60,1957.081
1783029600000,61570.50,61570.60,61388.00,61445.00,3574.010
1783033200000,61444.90,61588.20,61333.00,61540.60,2617.247
1783036800000,61540.50,61558.80,61229.00,61283.90,3597.556
1783040400000,61283.90,61727.20,61261.00,61566.50,4451.238
1783044000000,61566.60,61647.00,61271.00,61411.80,3999.381
1783047600000,61411.90,61558.00,61300.00,61407.60,3005.736
1783051200000,61407.50,61504.60,61300.40,61420.50,2696.433
1783054800000,61420.50,61788.00,61403.10,61674.80,4765.665
1783058400000,61674.70,61825.10,61584.00,61680.50,3450.463
1783062000000,61680.60,61849.70,61634.10,61733.60,3348.266
1783065600000,61733.70,61875.30,61525.90,61553.50,4222.917
1783069200000,61553.60,61760.70,61480.70,61686.80,3311.924
1783072800000,61686.90,62017.70,61640.20,61886.60,5642.212
1783076400000,61886.50,62078.60,61808.10,61992.80,5889.006
1783080000000,61992.80,62149.30,61841.00,61952.50,8242.179
1783083600000,61952.60,62271.90,61910.50,62083.80,5936.240
1783087200000,62083.90,62257.00,61653.00,62142.90,8788.007
1783090800000,62142.90,62386.70,61778.10,61895.20,13581.616
1783094400000,61895.20,62103.50,61877.60,62081.90,4059.255
1783098000000,62081.90,62266.80,62036.00,62171.50,4094.585
1783101600000,62171.50,62223.70,62087.40,62180.20,2583.154
1783105200000,62180.30,62292.40,62120.10,62178.40,3755.875
1783108800000,62178.40,62898.00,62151.20,62759.30,21132.140
1783112400000,62759.30,62957.20,62488.80,62706.80,7035.750
1783116000000,62706.90,62726.00,62513.00,62549.30,2682.334
1783119600000,62549.30,62688.00,62507.10,62565.50,2226.562
1783123200000,62565.50,62925.70,62560.50,62735.10,5338.885
1783126800000,62735.00,62735.10,62381.60,62450.00,5177.732
1783130400000,62450.00,62556.50,62404.00,62514.00,1900.751
1783134000000,62514.10,62734.70,62460.00,62609.60,2757.480
1783137600000,62609.60,62735.20,62568.80,62661.50,1944.821
1783141200000,62661.60,62661.60,62395.70,62445.60,2620.858
1783144800000,62445.70,62538.60,62302.60,62473.20,2993.905
1783148400000,62473.10,62612.60,62441.80,62549.00,2131.436
1783152000000,62549.10,62654.10,62485.10,62528.00,2712.962
1783155600000,62527.90,62559.30,62386.10,62466.00,1929.560
1783159200000,62466.00,62518.80,62418.30,62483.90,1203.457
1783162800000,62483.80,62545.40,62430.10,62458.70,1559.204
1783166400000,62458.60,62671.50,62458.60,62634.10,1790.061
1783170000000,62634.00,62755.50,62509.40,62563.00,2399.918
1783173600000,62562.90,62719.30,62562.40,62671.90,1875.000
1783177200000,62671.80,63069.60,62666.70,62908.80,9460.185
1783180800000,62908.70,62943.00,62752.90,62895.20,2956.899
1783184400000,62895.20,63420.00,62769.80,63245.60,10022.122
1783188000000,63245.50,63324.80,63070.00,63137.50,3957.615
1783191600000,63137.50,63450.00,63090.00,63268.10,4202.383
1783195200000,63268.00,63367.00,63128.40,63208.90,2485.990
1783198800000,63208.80,63430.00,63172.80,63274.70,2460.986
1783202400000,63274.60,63286.40,63129.40,63167.70,1955.701
1783206000000,63167.70,63215.80,62902.70,63114.80,3811.613
1783209600000,63114.90,63114.90,62824.40,62962.50,3551.601
1783213200000,62962.60,63022.60,62762.30,62859.80,4010.604
1783216800000,62859.80,62902.60,62549.60,62673.80,4562.372
1783220400000,62673.70,62766.00,62626.50,62739.10,2361.782
1783224000000,62739.10,62928.00,62680.00,62787.30,2921.002
1783227600000,62787.00,62788.40,62628.00,62716.40,2140.339
1783231200000,62716.40,62800.00,62644.30,62749.90,1389.733
1783234800000,62749.80,63039.30,62690.50,62995.10,3714.195
1783238400000,62995.10,63084.00,62868.00,62893.30,2742.219
1783242000000,62893.40,62908.70,62410.10,62600.30,6542.351
1783245600000,62600.20,62737.90,62507.20,62737.60,2252.572
1783249200000,62737.60,62799.90,62582.30,62630.00,1774.562
1783252800000,62630.00,62752.00,62534.30,62718.20,2260.963
1783256400000,62718.30,62797.90,62617.50,62769.90,2043.696
1783260000000,62769.90,62793.60,62621.50,62785.30,1709.374
1783263600000,62785.20,62923.70,62646.90,62711.90,4065.907
1783267200000,62711.90,62745.60,62570.00,62612.00,3034.915
1783270800000,62612.00,62800.00,62564.40,62601.30,2087.571
1783274400000,62601.40,62865.00,62587.80,62787.60,1904.702
1783278000000,62787.60,62848.50,62691.20,62744.00,1276.560
1783281600000,62744.10,62815.10,62667.50,62704.70,862.240
1783285200000,62704.80,63224.70,62580.00,63070.40,6287.574
1783288800000,63070.40,63979.30,62976.30,63717.10,20592.411
1783292400000,63717.10,63990.70,63542.80,63617.10,8537.899
1783296000000,63617.20,63760.00,63308.30,63728.40,7726.289
1783299600000,63728.30,63900.00,63520.00,63544.20,4911.735
1783303200000,63544.10,63644.10,63340.40,63425.10,5031.491
1783306800000,63425.10,63478.40,63101.20,63273.00,6110.788
1783310400000,63272.90,63368.30,63154.60,63242.90,2765.979
1783314000000,63242.80,63242.80,62912.60,63086.00,6116.520
1783317600000,63086.00,63125.60,62940.00,62962.60,3366.096
1783321200000,62962.60,63102.70,62858.40,63064.50,4208.151
1783324800000,63064.50,63226.40,62807.10,62876.10,5227.929
1783328400000,62876.00,62893.90,62610.00,62646.60,5981.406
1783332000000,62646.50,63019.30,62641.50,62797.60,5488.250
1783335600000,62797.70,62979.40,62461.40,62461.40,10912.522
1783339200000,62461.20,62467.20,61652.00,61733.60,34860.280
1783342800000,61733.60,62023.80,61297.00,61751.70,25787.251
1783346400000,61751.70,62397.30,61679.40,62019.70,16281.511
1783350000000,62019.70,63531.10,62019.70,63523.10,28807.014
1783353600000,63523.00,63850.00,63356.80,63710.40,21207.184
1783357200000,63710.40,63977.90,63539.90,63565.20,11369.867
1783360800000,63565.20,63867.50,63532.80,63675.70,4653.007
1783364400000,63675.80,63874.40,63628.00,63709.80,3459.098
1783368000000,63709.90,63868.00,63560.00,63798.00,3993.392
1783371600000,63798.10,64691.90,63781.70,64475.90,17905.498
1783375200000,64475.90,64488.80,64129.40,64227.20,3777.611
1783378800000,64227.20,64330.50,64002.00,64023.60,2844.930
1783382400000,64023.50,64298.10,63981.60,64175.20,4516.091
1783386000000,64175.10,64175.20,63738.90,63815.00,6656.918
1783389600000,63815.00,63884.10,63257.00,63298.20,12011.750
1783393200000,63298.20,63412.80,63122.00,63165.00,6438.175
1783396800000,63164.90,63266.70,63030.70,63069.00,5517.363
1783400400000,63069.00,63232.70,62745.60,63092.50,10146.888
1783404000000,63092.40,63373.30,62954.40,63310.00,6420.153
1783407600000,63309.90,63424.20,63050.00,63062.60,5308.971
1783411200000,63062.70,63165.70,62958.40,63074.00,3246.141
1783414800000,63074.00,63317.40,63030.00,63226.90,3984.997
1783418400000,63227.00,63432.80,63185.40,63258.60,4429.345
1783422000000,63258.60,63427.80,63080.00,63377.70,4669.388
1783425600000,63377.80,63868.00,63365.70,63451.90,11307.971
1783429200000,63451.80,63455.40,62960.30,63033.20,13510.125
1783432800000,63033.30,63617.80,62638.00,63536.50,19586.851
1783436400000,63536.50,64096.00,63349.40,63910.00,15827.862
1783440000000,63910.00,64234.10,63780.30,63962.40,8485.483
1783443600000,63962.40,64211.00,63868.20,64164.70,4437.323
1783447200000,64164.60,64168.80,63646.50,63653.80,6767.564
1783450800000,63653.60,63873.20,63351.40,63794.90,8996.679
1783454400000,63794.90,63874.60,63588.50,63668.30,2860.895
1783458000000,63668.40,63839.90,63264.00,63399.50,5782.613
1783461600000,63399.50,63635.40,63177.00,63514.90,3966.559
1783465200000,63514.90,63679.50,63288.00,63335.40,2329.733
1783468800000,63335.40,63740.20,63274.10,63585.90,3564.601
1783472400000,63585.90,63624.00,62883.60,63003.70,8120.007
1783476000000,63003.70,63037.10,62466.90,62951.30,13015.007
1783479600000,62951.40,63067.90,62666.00,62741.00,4155.352
1783483200000,62741.00,62873.30,62643.60,62767.30,3191.098
1783486800000,62766.90,62851.20,62520.40,62613.80,4053.867
1783490400000,62613.80,62718.20,62434.90,62628.50,5098.065
1783494000000,62628.50,62867.70,62519.30,62854.10,5614.701
1783497600000,62854.10,62921.80,61821.00,61989.80,24133.055
1783501200000,61989.80,62142.90,61708.20,62031.70,11392.528
1783504800000,62031.80,62164.70,61876.00,62149.80,5056.481
1783508400000,62149.90,62366.00,62025.20,62270.00,5367.666
1783512000000,62270.00,62394.10,61933.00,61933.90,5991.213
1783515600000,61933.90,62073.60,61615.00,61923.00,12545.108
1783519200000,61922.90,62151.90,61686.70,61865.50,10860.112
1783522800000,61865.60,61900.50,61520.00,61674.50,9713.099
1783526400000,61674.60,62129.80,61666.00,62086.40,7113.853
1783530000000,62086.30,62372.70,62005.20,62086.50,6899.963
1783533600000,62086.40,62331.00,62014.10,62158.80,3724.733
1783537200000,62158.90,62270.40,62043.00,62251.90,2519.071
1783540800000,62251.90,62287.10,62051.20,62076.20,2354.879
1783544400000,62076.20,62226.40,61926.90,62162.40,4462.192
1783548000000,62162.40,62331.80,62144.40,62303.50,2226.252
1783551600000,62303.50,62320.60,62139.30,62255.30,1922.822
1783555200000,62255.10,62284.40,62025.40,62101.80,3023.797
1783558800000,62101.80,62620.20,61796.10,61882.20,10363.949
1783562400000,61882.20,62098.00,61666.00,61753.70,4989.881
1783566000000,61753.80,62042.70,61693.10,61943.10,3408.734
1783569600000,61943.20,62427.70,61929.00,62420.40,5177.524
1783573200000,62420.30,62599.60,62204.90,62565.80,7762.964
1783576800000,62565.80,62958.00,62452.10,62934.00,10744.759
1783580400000,62933.90,63286.50,62774.50,62973.70,11947.227
1783584000000,62973.60,63083.90,62822.80,62872.60,4400.093
1783587600000,62872.60,62980.40,62753.10,62925.00,3618.009
1783591200000,62925.00,63030.50,62653.80,62757.20,3716.851
1783594800000,62757.20,62804.80,62583.40,62756.00,5140.324
1783598400000,62755.90,62934.30,62428.50,62583.30,19486.300
1783602000000,62583.30,63215.00,62490.20,62999.90,9489.196
1783605600000,63000.00,63117.90,62620.10,62982.50,7113.788
1783609200000,62982.40,63233.00,62782.50,62835.40,6941.238
1783612800000,62835.40,62969.30,62525.20,62670.70,5324.178
1783616400000,62670.70,63146.00,62640.20,63114.70,5492.868
1783620000000,63114.80,63484.90,63041.90,63199.80,10034.920
1783623600000,63199.90,63365.00,63130.00,63222.90,2981.368
1783627200000,63222.90,63300.00,63148.10,63288.70,1854.485
1783630800000,63288.80,63371.70,63162.70,63248.90,1886.986
1783634400000,63249.00,63395.90,63180.90,63186.10,2732.059
1783638000000,63186.20,63299.90,63032.20,63197.00,3222.795
1783641600000,63197.10,63239.20,62897.00,63085.30,4961.377
1783645200000,63085.30,63938.80,62931.70,63726.60,11961.053
1783648800000,63726.70,64022.00,63662.60,63935.00,7618.357
1783652400000,63935.00,64019.70,63789.00,63917.20,4041.922
1783656000000,63917.30,64168.00,63826.40,64019.30,6097.263
1783659600000,64019.20,64185.00,63915.00,64090.00,4203.902
1783663200000,64089.90,64138.70,63804.40,63832.80,4672.326
1783666800000,63832.80,63980.00,63765.50,63956.10,4743.281
1783670400000,63956.10,64387.90,63949.10,64211.40,12036.605
1783674000000,64211.50,64459.90,64065.70,64360.40,8387.949
1783677600000,64360.40,64478.30,64244.60,64374.00,4417.956
1783681200000,64374.00,64450.30,64309.00,64394.20,2719.427
1783684800000,64394.20,64587.90,64236.30,64258.90,6480.494
1783688400000,64258.90,64680.00,64127.00,64453.70,9691.781
1783692000000,64453.60,64491.80,63768.00,63897.90,13660.447
1783695600000,63897.90,64196.10,63875.50,64018.70,5262.220
1783699200000,64018.70,64208.10,63802.40,64118.90,4431.076
1783702800000,64118.90,64139.60,63803.60,63804.00,2988.902
1783706400000,63804.10,63990.00,63718.10,63792.00,2758.665
1783710000000,63792.00,64029.90,63755.80,63900.40,3498.343
1783713600000,63900.40,63909.20,63619.90,63820.00,6698.936
1783717200000,63820.10,64086.40,63813.60,63987.60,2417.892
1783720800000,63987.70,64142.70,63953.90,64089.90,2814.802
1783724400000,64089.80,64176.90,63989.20,64129.50,2223.081
1783728000000,64129.50,64137.10,64000.00,64090.10,1731.884
1783731600000,64090.10,64288.70,63969.90,63979.20,2766.132
1783735200000,63979.10,64137.80,63950.10,64130.50,1433.009
1783738800000,64130.50,64169.10,64037.40,64117.20,1351.120
1783742400000,64117.20,64182.00,64047.20,64123.40,1026.864
1783746000000,64123.40,64198.80,64085.20,64141.60,1652.038
1783749600000,64141.60,64250.00,64091.60,64186.70,1422.943
1783753200000,64186.70,64224.00,64120.60,64132.60,1227.267
1783756800000,64132.60,64280.00,64123.00,64239.60,1627.259
1783760400000,64239.60,64272.70,64129.00,64143.00,1347.449
1783764000000,64143.10,64185.00,64110.20,64163.90,1266.216
1783767600000,64163.90,64192.80,64146.30,64176.00,761.804
1783771200000,64176.10,64207.00,64112.00,64168.40,1196.286
1783774800000,64168.50,64245.40,64144.40,64213.90,1495.498
1783778400000,64213.90,64497.40,64213.90,64321.00,4280.166
1783782000000,64321.00,64461.40,63668.80,64139.00,11703.971
1783785600000,64139.10,64245.30,64050.40,64148.20,2521.736
1783789200000,64148.10,64375.80,64133.40,64289.80,2299.591
1783792800000,64289.80,64368.60,64258.10,64299.70,1059.229
1783796400000,64299.70,64313.10,64205.70,64262.00,899.660
1783800000000,64261.90,64438.90,64261.90,64353.20,1218.353
1783803600000,64353.30,64404.70,64310.00,64325.50,906.265
1783807200000,64325.50,64405.20,64110.50,64169.10,2214.267
1783810800000,64169.10,64223.20,63776.00,63783.00,6265.888
1783814400000,63783.10,63884.90,63657.40,63802.90,4816.995
1783818000000,63802.90,64146.20,63783.00,64106.00,3478.097
1783821600000,64106.00,64112.70,64002.00,64049.20,1748.455
1783825200000,64049.20,64217.80,64002.90,64201.80,2142.993
1783828800000,64201.90,64238.00,63912.50,63974.30,2506.065
1783832400000,63974.20,63998.60,63867.00,63938.00,1922.293
1783836000000,63938.00,63938.00,63602.80,63728.70,5247.130
1783839600000,63728.60,63879.00,63708.20,63856.40,1638.415
1783843200000,63856.40,64083.70,63854.10,63951.60,2612.699
1783846800000,63951.60,64024.40,63730.70,63930.00,3030.600
1783850400000,63930.10,63930.10,63807.30,63838.90,1174.004
1783854000000,63838.90,64012.80,63796.30,63993.80,1872.650
1783857600000,63993.80,64118.50,63946.00,63998.40,2403.082
1783861200000,63998.50,64073.40,63959.30,63997.30,1262.062
1783864800000,63997.30,64271.90,63928.00,64175.00,2804.565
1783868400000,64175.00,64238.90,64091.50,64149.90,2903.188
1783872000000,64150.00,64184.80,64013.00,64146.80,2987.458
1783875600000,64146.70,64146.80,63983.10,64050.30,1096.969
1783879200000,64050.20,64126.60,63985.10,64124.60,1249.778
1783882800000,64124.70,64248.00,64114.90,64201.90,1298.912
1783886400000,64202.00,64227.40,64141.60,64168.50,878.789
1783890000000,64168.50,64207.40,63856.30,63889.60,2630.665
1783893600000,63889.50,63895.80,63634.10,63855.00,6060.141
1783897200000,63855.00,63883.60,63693.00,63750.00,2325.941
1783900800000,63749.90,64411.80,63538.00,64041.80,16536.408
1783904400000,64041.80,64044.00,63366.00,63382.10,12315.440
1783908000000,63382.10,63527.60,63204.00,63344.80,7882.245
1783911600000,63344.90,63362.40,62705.00,62780.20,15709.528
1783915200000,62780.10,62884.80,62592.10,62649.80,6758.166
1783918800000,62649.70,62880.00,62434.90,62764.10,8371.052
1783922400000,62764.10,62848.20,62675.00,62766.60,2684.940
1783926000000,62766.60,63030.00,62719.40,62952.70,6413.166
1783929600000,62952.80,63260.00,62902.50,63174.90,5653.085
1783933200000,63174.90,63179.30,63064.40,63074.00,3292.544
1783936800000,63074.00,63130.90,62834.40,62844.60,9350.106
1783940400000,62844.70,63116.10,62844.70,62881.30,4701.727
1783944000000,62881.40,62970.70,62531.00,62597.90,8803.456
1783947600000,62597.90,62752.40,62141.20,62300.10,18486.590
1783951200000,62300.10,62777.00,62061.30,62770.30,15429.637
1783954800000,62770.20,62965.00,62543.50,62596.60,9348.486
1783958400000,62596.70,62614.50,62183.90,62258.00,8644.969
1783962000000,62258.00,62347.20,61877.00,61877.00,8894.990
1783965600000,61877.10,62077.60,61806.00,61997.30,7281.929
1783969200000,61997.40,62267.00,61962.50,62258.00,4034.752
1783972800000,62257.90,62299.00,62020.00,62179.30,3539.601
1783976400000,62179.30,62192.10,61868.00,62034.10,3364.102
1783980000000,62034.00,62199.00,61883.10,61897.90,3177.324
1783983600000,61897.90,62333.40,61854.50,62307.00,5107.980
1783987200000,62307.00,62639.30,62240.90,62520.70,5906.236
1783990800000,62520.70,62614.20,62427.00,62505.20,3019.814
1783994400000,62505.20,62610.00,62286.90,62516.80,3512.258
1783998000000,62516.80,62576.20,62279.00,62538.20,3341.315
1784001600000,62538.30,62744.40,62511.00,62713.60,3346.574
1784005200000,62713.60,62848.00,62669.40,62699.90,3751.791
1784008800000,62699.90,62752.00,62537.00,62600.10,3174.255
1784012400000,62600.10,62633.00,62489.70,62529.70,2683.890
1784016000000,62529.70,62780.00,62458.30,62680.10,3017.401
1784019600000,62680.10,62721.20,62502.30,62604.20,2286.405
1784023200000,62604.20,62880.00,62577.50,62767.50,3460.434
1784026800000,62767.60,62896.00,62680.70,62810.30,3168.243
1784030400000,62810.30,63956.00,62756.50,63935.20,42323.953
1784034000000,63935.20,64162.20,63666.00,63802.80,18520.356
1784037600000,63802.80,64310.00,63550.00,64277.30,13029.805
1784041200000,64277.20,64950.00,64163.60,64727.50,25734.552
1784044800000,64727.40,64879.00,64589.30,64703.90,8467.888
1784048400000,64704.00,64704.00,64200.00,64597.50,14211.303
1784052000000,64597.50,64631.60,64448.70,64544.00,2451.479
1784055600000,64544.00,64687.90,64456.30,64543.00,2680.106
1784059200000,64543.10,64576.40,64390.40,64538.60,2370.521
1784062800000,64538.60,64877.70,64496.20,64650.00,3377.629
1784066400000,64649.90,65130.00,64485.40,64837.10,12393.571
1784070000000,64837.20,65040.30,64750.00,65014.70,4645.404
1784073600000,65014.60,65043.30,64743.60,64798.10,4489.662
1784077200000,64798.10,64830.20,64618.80,64643.70,3480.114
1784080800000,64643.70,64732.60,64456.70,64473.00,3174.884
1784084400000,64473.10,64820.10,64473.00,64760.80,2866.928
1784088000000,64760.90,64868.00,64686.60,64723.50,2176.426
1784091600000,64723.60,64941.70,64580.00,64920.50,2716.995
1784095200000,64920.50,65260.00,64784.70,64784.70,8661.145
1784098800000,64784.80,64850.00,64450.90,64528.00,6827.282
1784102400000,64528.00,64785.80,64528.00,64745.00,3889.073
1784106000000,64744.90,64899.90,64626.20,64644.60,3146.199
1784109600000,64644.60,64826.80,64582.70,64633.00,2611.385
1784113200000,64633.00,64728.70,64585.60,64707.50,1873.463
1784116800000,64707.40,65241.30,64568.80,65133.70,12263.474
1784120400000,65133.70,65550.50,64852.50,65090.20,18067.990
1784124000000,65090.20,65497.00,65033.50,65364.80,10429.982
1784127600000,65364.80,65589.70,65230.00,65391.60,7683.692
1784131200000,65391.50,65438.00,64752.00,65089.50,14894.086
1784134800000,65089.60,65148.20,64939.50,65023.10,8953.781
1784138400000,65023.10,65130.00,64817.10,64837.40,3429.166
1784142000000,64837.40,64967.90,64708.00,64942.00,2826.502
1784145600000,64942.10,65030.50,64869.80,64939.90,1207.369
1784149200000,64939.90,64985.90,64756.70,64800.00,1958.445
1784152800000,64800.00,64949.70,64739.00,64831.50,2140.517
1784156400000,64831.60,64912.50,64660.00,64721.40,2455.054
1784160000000,64721.40,64814.70,64464.00,64554.30,4878.987
1784163600000,64554.30,64807.90,64362.20,64698.60,4747.944
1784167200000,64698.60,64705.00,64550.00,64616.10,1791.299
1784170800000,64616.10,64723.30,64521.00,64593.00,2045.084
1784174400000,64593.00,64667.00,64512.00,64610.90,2014.066
1784178000000,64610.90,64974.50,64573.40,64897.90,6259.940
1784181600000,64898.00,64951.20,64603.40,64750.00,3438.699
1784185200000,64749.90,64750.00,64005.60,64200.00,12271.054
1784188800000,64200.10,64340.00,63843.10,64096.70,14623.947
1784192400000,64096.60,64155.90,63985.10,64063.80,3330.267
1784196000000,64063.90,64241.30,64047.70,64186.90,2653.349
1784199600000,64187.00,64245.60,64057.20,64226.60,2957.306
1784203200000,64226.60,64226.60,63833.00,63938.10,6794.898
1784206800000,63938.20,64458.70,63930.10,64354.40,11289.067
1784210400000,64354.30,64844.30,64300.10,64510.00,12450.661
1784214000000,64510.00,64874.70,64281.60,64677.70,8163.410
1784217600000,64677.70,64687.60,64299.40,64448.40,5409.449
1784221200000,64448.40,64453.10,63958.00,64045.60,7575.592
1784224800000,64045.50,64306.80,64022.30,64217.10,3448.519
1784228400000,64217.00,64277.70,64120.20,64241.60,1749.703
1784232000000,64241.70,64249.90,64075.10,64090.10,1258.646
1784235600000,64090.10,64217.60,64077.30,64135.90,1257.933
1784239200000,64136.00,64221.30,63922.60,63939.50,3705.960
1784242800000,63939.60,63978.60,63712.60,63801.00,6353.682
1784246400000,63801.10,63890.40,63580.00,63862.90,6331.479
1784250000000,63862.90,64041.60,63435.60,63510.80,8486.817
1784253600000,63510.70,63628.00,63358.00,63457.50,5328.647
1784257200000,63457.50,63693.20,63450.10,63538.10,3554.461
1784260800000,63538.00,63560.00,63281.00,63460.00,5069.199
1784264400000,63460.10,63460.10,62754.60,62807.30,15626.008
1784268000000,62807.40,62961.70,62655.00,62915.40,10696.868
1784271600000,62915.50,62947.10,62761.30,62792.90,4831.261
1784275200000,62792.80,62905.00,62611.00,62857.50,6784.932
1784278800000,62857.40,63039.80,62831.80,62962.20,4213.740
1784282400000,62962.30,63165.90,62962.20,63146.90,4237.483
1784286000000,63146.90,63337.40,63031.30,63273.20,5404.240
1784289600000,63273.10,63320.00,63037.00,63073.90,5253.453
1784293200000,63073.90,63155.80,62505.10,63128.60,16457.338
1784296800000,63128.70,63496.00,63051.40,63142.50,11255.645
1784300400000,63142.50,63432.50,62817.00,63432.40,9297.664
1784304000000,63432.40,63681.30,63272.40,63553.70,9059.142
1784307600000,63553.70,64194.60,63553.70,64011.80,12832.426
1784311200000,64011.80,64356.70,63855.80,64220.10,8585.457
1784314800000,64220.10,64226.10,63943.50,64121.40,4380.552
1784318400000,64121.40,64165.70,63928.90,64086.10,3417.904
1784322000000,64086.20,64188.20,64031.60,64070.60,1550.761
1784325600000,64070.60,64117.50,63891.60,63952.80,1753.780
1784329200000,63952.70,63985.00,63860.00,63909.90,1443.556
1784332800000,63909.90,63991.00,63859.60,63881.60,1490.455
1784336400000,63881.60,63980.00,63862.00,63929.20,1280.563
1784340000000,63929.20,64014.90,63900.00,63931.50,1347.221
1784343600000,63931.60,63995.80,63900.00,63989.50,1220.595
1784347200000,63989.50,63992.80,63915.00,63946.30,780.402
1784350800000,63946.30,63973.30,63894.30,63936.30,1075.625
1784354400000,63936.30,63979.00,63914.10,63954.10,888.648
1784358000000,63954.20,64000.00,63952.80,63980.10,1583.413
1784361600000,63980.00,63997.80,63930.40,63977.20,1367.761
1784365200000,63977.20,63985.00,63912.00,63961.20,1041.152
1784368800000,63961.10,63990.00,63957.30,63981.20,581.795
1784372400000,63981.20,64073.20,63981.20,64033.30,1101.390
1784376000000,64033.20,64237.70,64019.40,64181.40,3668.169
1784379600000,64181.50,64185.40,63925.20,64081.30,3187.123
1784383200000,64081.20,64167.20,64065.80,64099.00,1539.936
1784386800000,64099.00,64135.60,64000.00,64090.00,1415.443
1784390400000,64090.00,64298.60,64054.50,64278.20,3832.348
1784394000000,64278.30,64466.00,64250.30,64450.00,5266.335
1784397600000,64450.00,64666.00,64424.50,64477.30,4442.025
1784401200000,64477.40,64566.00,64445.50,64526.30,1721.549
1784404800000,64526.40,64738.20,64467.20,64665.50,3210.202
1784408400000,64665.50,64819.20,64584.20,64697.60,3096.293
1784412000000,64697.50,64837.40,64680.60,64774.40,2034.289
1784415600000,64774.30,64818.10,64677.70,64806.70,2054.006
1784419200000,64806.70,64878.80,64750.00,64756.50,2842.165
1784422800000,64756.50,64771.80,64750.00,64750.00,2790.617
1784426400000,64750.00,64948.80,64672.40,64795.40,5032.332
1784430000000,64795.50,64815.80,64594.60,64686.80,2849.995
1784433600000,64686.80,64775.20,64580.40,64692.20,1668.466
1784437200000,64692.20,64789.80,64643.40,64695.10,1325.774
1784440800000,64695.00,64737.70,64670.00,64682.30,934.088
1784444400000,64682.20,64759.30,64643.40,64692.20,1918.387
1784448000000,64692.10,64723.50,64600.00,64678.10,2064.203
1784451600000,64678.20,64694.00,64467.20,64495.20,3177.976
1784455200000,64495.10,64677.70,64454.60,64561.40,2700.580
1784458800000,64561.40,64610.00,64415.00,64445.70,2748.941
1784462400000,64445.70,64445.70,64259.50,64417.50,4959.504
1784466000000,64417.40,64497.90,64273.40,64453.00,2219.753
1784469600000,64453.00,64633.00,64389.00,64561.10,2455.842
1784473200000,64561.00,64594.70,64466.60,64545.20,1616.379
1784476800000,64545.30,64624.80,64474.20,64510.70,1470.209
1784480400000,64510.70,64733.00,64365.70,64520.00,3957.134
1784484000000,64520.00,64529.10,64262.90,64399.80,3442.309
1784487600000,64399.80,64442.20,64319.50,64438.10,1085.170
1784491200000,64438.10,64534.30,64438.00,64515.90,1059.316
1784494800000,64516.00,64539.00,64305.00,64393.70,1677.019
1784498400000,64393.60,64874.90,64319.30,64642.70,6743.994
1784502000000,64642.80,64748.10,64534.90,64694.70,2054.877
1784505600000,64694.80,65084.60,64380.00,64526.00,9897.467
1784509200000,64526.00,65011.00,64470.00,64594.70,5478.733
1784512800000,64594.70,64940.00,64551.60,64800.10,4762.318
1784516400000,64800.10,64887.00,64610.20,64839.40,2578.628
1784520000000,64839.30,64843.40,64503.00,64511.30,3108.675
1784523600000,64511.40,64536.10,64046.00,64101.70,9123.542
1784527200000,64101.80,64198.30,63736.10,63890.00,10191.102
1784530800000,63890.00,64285.50,63865.00,64250.00,5480.100
1784534400000,64250.00,64337.00,63858.10,64031.40,8326.137
1784538000000,64031.40,64260.00,63984.50,64176.60,3055.595
1784541600000,64176.60,64393.20,64137.00,64280.50,3345.929
1784545200000,64280.50,65048.30,64237.10,64970.80,13005.770
1784548800000,64970.80,64982.00,64571.00,64627.20,10164.095
1784552400000,64627.10,64737.50,64174.50,64315.00,9833.494
1784556000000,64315.00,64550.00,64034.30,64393.00,7606.114
1784559600000,64393.00,65688.00,64386.80,65570.10,26658.588
1784563200000,65570.10,65615.50,65301.80,65478.60,10648.534
1784566800000,65478.60,65642.00,65313.90,65560.00,6542.949
1784570400000,65560.00,65788.00,65168.00,65215.80,11084.442
1784574000000,65215.70,65256.10,65011.40,65119.30,7696.738
1784577600000,65119.30,65435.30,65030.20,65344.70,4390.078
1784581200000,65344.80,65416.40,65241.60,65258.50,1872.846
1784584800000,65258.40,65258.50,65061.20,65118.70,2625.107
1784588400000,65118.80,65244.90,65098.80,65224.80,2029.166
1784592000000,65224.70,65561.00,65115.30,65538.90,4344.322
1784595600000,65538.80,65634.40,65202.10,65205.10,4372.902
1784599200000,65205.10,65479.50,65145.10,65386.40,3325.329
1784602800000,65386.40,65572.20,65380.00,65539.50,3014.818
1784606400000,65539.50,65723.00,65453.50,65494.20,4594.005
1784610000000,65494.20,65927.90,65460.10,65724.90,6383.305
1784613600000,65724.80,65970.00,65604.80,65892.40,5914.487
1784617200000,65892.50,66240.00,65828.20,66166.90,10295.944
1784620800000,66166.80,66337.80,66103.40,66200.00,9095.828
1784624400000,66199.90,66320.40,66110.00,66261.20,3769.983
1784628000000,66261.30,66390.00,66145.50,66161.10,6340.189
1784631600000,66161.00,66333.00,66117.10,66317.90,3759.054
1784635200000,66317.90,66618.00,66236.00,66527.70,7956.073
1784638800000,66527.70,66777.00,66290.40,66748.80,11900.874
1784642400000,66748.70,66924.10,66609.00,66804.30,13494.794
1784646000000,66804.30,66804.40,66487.90,66648.50,6212.963
1784649600000,66648.50,66736.70,66428.50,66507.10,4088.719
1784653200000,66507.10,66537.10,65939.00,66181.10,12541.970
1784656800000,66181.10,66333.00,66071.20,66287.50,4476.600
1784660400000,66287.60,66467.40,66230.00,66409.50,3604.885
1784664000000,66409.50,66465.60,66326.30,66373.80,1670.198
1784667600000,66373.80,66380.80,66261.70,66352.40,2220.280
1784671200000,66352.40,66352.60,66172.00,66271.20,2432.153
1784674800000,66271.30,66544.80,66200.00,66522.40,3085.240
1784678400000,66522.30,66711.00,66503.90,66591.70,4924.600
1784682000000,66591.80,66629.30,66253.00,66399.90,3861.949
1784685600000,66399.90,66513.80,66264.90,66283.20,2039.117
1784689200000,66283.20,66343.40,66141.70,66176.70,2975.392
1784692800000,66176.60,66399.00,66161.40,66349.30,1913.639
1784696400000,66349.20,66349.30,65909.10,65954.50,7960.255
1784700000000,65954.40,66000.00,65800.10,65906.80,6026.171
1784703600000,65906.70,65941.50,65668.60,65813.40,6294.319
1784707200000,65813.40,66140.50,65813.40,65953.50,5831.709
1784710800000,65953.40,66053.20,65816.40,65896.40,3223.673
1784714400000,65896.30,66077.30,65861.40,66016.20,7121.677
1784718000000,66016.20,66057.90,65872.10,65981.40,3175.036
1784721600000,65981.30,65986.00,65505.00,65604.20,7832.203
1784725200000,65604.10,65956.00,65531.70,65924.90,8594.386
1784728800000,65924.90,66190.40,65556.30,65770.20,10598.179
1784732400000,65770.20,66100.00,65770.00,66014.80,6873.918
1784736000000,66014.80,66363.60,65877.00,66199.70,7769.463
1784739600000,66199.80,66249.30,65912.60,65997.50,3809.016
1784743200000,65997.50,66052.80,65701.20,65860.50,4340.972
1784746800000,65860.60,65924.00,65650.20,65891.10,3197.039
1784750400000,65891.20,65954.30,65753.00,65887.80,2320.046
1784754000000,65887.80,66103.10,65853.20,66034.50,2201.826
1784757600000,66034.50,66046.00,65891.80,66013.80,1660.556
1784761200000,66013.90,66116.50,65808.50,66082.00,2265.474
1784764800000,66082.00,66284.10,66020.00,66023.80,4469.351
1784768400000,66023.80,66180.00,65715.90,65793.80,5399.416
1784772000000,65793.70,65808.90,65616.30,65777.40,3027.886
1784775600000,65777.40,65788.20,65548.00,65626.80,3847.550
1784779200000,65626.70,65710.00,65558.00,65585.30,2534.037
1784782800000,65585.40,65764.80,65543.10,65663.90,2512.364
1784786400000,65663.90,65793.70,65593.90,65763.20,2021.415
1784790000000,65763.30,65763.30,65313.70,65405.30,8530.657
1784793600000,65405.30,65637.20,65383.60,65605.90,3577.763
1784797200000,65605.80,65732.30,65573.80,65607.90,3031.028
1784800800000,65607.90,65756.60,65555.10,65704.20,2837.969
1784804400000,65704.10,65709.40,65511.00,65525.40,2374.826
1784808000000,65525.40,65557.80,64927.30,65138.00,15552.526
1784811600000,65138.00,65215.30,64839.10,64858.60,14102.630
1784815200000,64858.70,65197.00,64801.00,64884.60,11702.687
1784818800000,64884.70,65003.60,64696.20,64940.40,10141.344
1784822400000,64940.40,64940.50,64688.00,64731.40,4677.967
1784826000000,64731.50,64877.60,64636.00,64654.40,4543.014
1784829600000,64654.40,64924.90,64654.30,64842.50,3309.665
1784833200000,64842.50,64908.10,64670.00,64820.70,3454.039
1784836800000,64820.70,65176.00,64809.70,65117.70,5482.380
1784840400000,65117.60,65183.10,64979.90,65137.40,2461.061
1784844000000,65137.40,65193.50,64976.70,65158.20,3003.047
1784847600000,65158.20,65189.50,65018.80,65069.60,2173.156
1784851200000,65069.60,65084.00,64733.20,64953.10,4831.001
1784854800000,64953.00,65146.40,64912.40,65053.20,3089.748
1784858400000,65053.20,65164.80,64890.50,65091.80,3231.376
1784862000000,65091.80,65436.80,65045.00,65425.40,7118.962
1784865600000,65425.50,65440.00,65235.40,65281.90,3917.507
1784869200000,65282.00,65365.90,65213.00,65282.30,1810.830
1784872800000,65282.40,65490.00,65245.60,65441.60,3572.790
1784876400000,65441.60,65780.00,65338.00,65470.00,12855.234
1784880000000,65470.10,65477.20,65274.50,65274.60,3662.526
1784883600000,65274.60,65290.70,64919.70,65088.10,7663.998
1784887200000,65088.20,65132.20,64878.00,64927.80,3324.749
1784890800000,64927.70,65073.60,64821.90,65045.70,4034.095
1784894400000,65045.70,65110.10,64707.50,64746.60,4732.922
1784898000000,64746.50,64774.50,63882.30,64129.10,29360.681
1784901600000,64129.10,64170.00,63666.00,64031.40,18282.036
1784905200000,64031.30,64305.80,63824.30,64065.10,15421.724
1784908800000,64065.10,64176.50,63854.30,63930.40,5378.185
1784912400000,63930.30,64177.90,63882.60,64154.90,3685.779
1784916000000,64154.90,64262.30,64104.10,64242.80,3081.464
1784919600000,64242.70,64266.90,64113.40,64199.50,2530.206
1784923200000,64199.50,64260.10,64105.00,64139.60,2090.567
1784926800000,64139.60,64195.10,64098.70,64112.20,1832.950
1784930400000,64112.20,64187.60,64098.70,64132.70,1039.951
1784934000000,64132.80,64155.00,64102.20,64116.50,988.191
1784937600000,64116.50,64155.00,64005.40,64049.60,6490.967
1784941200000,64049.60,64135.00,63977.00,64039.20,2142.025
1784944800000,64039.10,64072.30,63988.40,64010.50,1372.173
1784948400000,64010.50,64073.70,63988.40,64052.90,1221.840
1784952000000,64053.00,64181.00,64052.90,64146.90,1255.783
1784955600000,64147.00,64166.60,63940.70,63990.10,1755.924
1784959200000,63990.00,64032.00,63933.20,63982.90,1842.202
1784962800000,63982.90,64005.50,63966.80,63972.90,1138.406
1784966400000,63973.00,63973.10,63760.50,63844.30,3567.434
1784970000000,63844.40,64000.00,63794.20,63973.90,2160.102
1784973600000,63973.80,64039.70,63959.30,64039.60,1751.971
1784977200000,64039.60,64078.50,64014.70,64031.30,1213.513
1784980800000,64031.20,64088.20,64006.20,64088.20,1166.645
1784984400000,64088.10,64236.80,64072.20,64136.90,2768.490
1784988000000,64136.80,64187.40,64079.20,64177.70,1570.678
1784991600000,64177.70,64243.60,64135.50,64150.00,1961.221
1784995200000,64150.10,64219.00,64092.20,64180.90,1548.050
1784998800000,64180.80,64330.20,64162.10,64236.60,2620.615
1785002400000,64236.70,64417.10,64236.70,64391.40,2559.510
1785006000000,64391.30,64410.00,64351.40,64359.60,1546.182
1785009600000,64359.70,64367.80,64282.90,64303.90,1212.571
1785013200000,64304.00,64407.10,64233.00,64318.50,1521.137
1785016800000,64318.60,64393.00,64318.50,64377.60,868.254
1785020400000,64377.70,64393.40,64331.90,64338.10,991.941
1785024000000,64338.00,64482.70,64317.90,64482.60,1921.435
1785027600000,64482.70,64514.10,64422.60,64434.30,1584.646
1785031200000,64434.30,64500.00,64394.00,64490.60,1140.605
1785034800000,64490.60,64553.90,64453.20,64518.80,1560.582
1785038400000,64518.90,64566.00,64452.90,64493.10,1510.232
1785042000000,64493.20,64493.20,64359.30,64386.00,2022.339
1785045600000,64386.00,64428.70,64256.40,64408.90,3152.044
1785049200000,64409.00,64439.10,64313.50,64341.20,1444.629
1785052800000,64341.30,64467.50,64320.20,64450.10,1158.466
1785056400000,64450.00,64525.20,64450.00,64512.30,1615.264
1785060000000,64512.30,64557.30,64472.40,64490.90,1709.222
1785063600000,64491.00,64507.20,64470.00,64481.40,968.837
1785067200000,64481.50,64639.00,64405.90,64434.20,3951.260
1785070800000,64434.20,64548.30,64379.70,64491.80,2041.798
1785074400000,64491.90,64748.30,64491.80,64687.20,5026.726
1785078000000,64687.20,64819.30,64640.00,64733.60,3665.271
1785081600000,64733.50,64909.00,64670.10,64700.00,4283.747
1785085200000,64700.00,64769.10,64639.90,64663.20,2119.427
1785088800000,64663.30,64749.40,64634.00,64706.80,1135.743
1785092400000,64706.80,64729.40,64638.80,64665.50,791.484
1785096000000,64665.60,64676.20,64606.30,64621.30,748.268
1785099600000,64621.20,64897.10,64621.20,64821.70,1929.004
1785103200000,64821.70,65480.00,64821.70,65384.70,13652.278
1785106800000,65384.70,65555.00,65245.60,65375.10,6629.856
1785110400000,65375.20,65398.80,65033.00,65106.00,5619.723
1785114000000,65106.00,65196.70,64872.00,65179.80,5474.232
1785117600000,65179.90,65254.40,65088.00,65145.70,2410.619
1785121200000,65145.60,65344.00,65143.50,65261.50,2331.283
1785124800000,65261.50,65484.60,65216.00,65257.20,3606.450
1785128400000,65257.20,65468.20,65251.00,65434.30,2052.379
1785132000000,65434.20,65722.50,65377.50,65388.00,6825.399
1785135600000,65388.00,65421.30,65190.00,65195.90,4161.868
1785139200000,65196.00,65234.00,65092.30,65133.00,3777.889
1785142800000,65132.90,65315.70,65066.30,65234.40,3233.697
1785146400000,65234.50,65412.80,65202.10,65314.70,2361.136
1785150000000,65314.70,65314.80,65061.10,65073.10,2731.686
1785153600000,65073.10,65240.20,64811.00,65065.00,8493.576
1785157200000,65065.00,65689.60,64885.30,65189.40,16449.888
1785160800000,65189.40,65409.30,64418.90,64663.40,18708.373
1785164400000,64663.40,64750.00,64374.40,64517.10,9045.046
1785168000000,64517.20,64941.70,64479.00,64871.00,6852.718
1785171600000,64871.00,65069.40,64761.70,64994.30,4101.367
1785175200000,64994.20,65034.90,64727.30,64854.70,3642.720
1785178800000,64854.70,65056.80,64782.00,64959.20,2642.628
1785182400000,64959.20,65030.80,64873.60,64940.40,1671.359
1785186000000,64940.30,64940.40,64762.10,64790.20,1614.505
1785189600000,64790.30,64790.30,63755.30,63755.40,16449.150
1785193200000,63755.50,63903.60,63567.00,63720.80,13574.042
1785196800000,63720.70,63794.30,63439.10,63453.10,7909.745
1785200400000,63453.10,63500.00,63021.00,63195.90,13354.768
1785204000000,63195.90,63269.80,63069.80,63148.20,4990.923
1785207600000,63148.10,63342.80,63131.90,63310.10,4066.350
1785211200000,63310.00,63333.30,63187.20,63323.50,4684.392
1785214800000,63323.50,63588.00,63294.90,63417.40,5443.976
1785218400000,63417.50,63642.20,63365.40,63609.40,3804.782
1785222000000,63609.40,63635.40,63421.00,63476.80,3883.873
1785225600000,63476.80,63513.90,63370.10,63401.70,2415.759
1785229200000,63401.60,63557.00,63337.70,63367.80,4377.904
1785232800000,63367.80,63532.10,63263.50,63439.60,7147.337
1785236400000,63439.60,63569.00,63322.60,63430.80,3763.568
1785240000000,63430.70,63548.80,63355.40,63520.10,3288.693
1785243600000,63520.10,63568.60,62660.10,63078.90,16804.472
1785247200000,63078.90,63521.00,62937.00,63384.10,10759.073
1785250800000,63384.00,64014.20,63231.90,63899.40,15235.464
1785254400000,63899.50,64084.50,63746.40,64020.00,5705.085
1785258000000,64019.90,64020.00,63477.20,63666.00,6338.588
1785261600000,63666.00,63824.00,63646.60,63710.80,2521.312
1785265200000,63710.80,63882.40,63650.10,63882.40,2666.007
1785268800000,63882.40,63993.20,63850.40,63890.80,3090.519
1785272400000,63890.70,64047.90,63863.80,63950.10,2344.876
1785276000000,63950.10,64000.00,63739.80,63754.60,3276.390
1785279600000,63754.60,63934.30,63526.00,63903.60,6400.006
1785283200000,63903.60,64175.00,63846.00,63927.50,5771.301
1785286800000,63927.50,63978.70,63657.80,63682.50,4706.938
1785290400000,63682.50,64110.50,63630.00,63955.00,5422.055
1785294000000,63955.00,63984.70,63684.70,63727.00,4992.940
1785297600000,63727.00,63950.00,63569.50,63944.20,4296.721
1785301200000,63944.30,64071.10,63866.40,64045.30,3574.698
1785304800000,64045.30,64444.00,64004.70,64407.70,9275.804
1785308400000,64407.80,64544.00,64376.10,64539.00,5453.408
1785312000000,64539.10,64556.60,64251.00,64391.20,5688.224
1785315600000,64391.20,64715.90,64353.20,64660.70,5905.262
1785319200000,64660.80,64691.40,64381.20,64444.00,4695.380
1785322800000,64444.00,64565.20,64388.00,64480.00,2928.166
1785326400000,64479.90,64480.00,64175.40,64248.20,4373.432
1785330000000,64248.20,64639.90,64113.60,64634.60,10594.764
1785333600000,64634.60,64688.00,64019.00,64078.10,8887.439
1785337200000,64078.20,64170.70,63857.40,63940.20,6804.924
1785340800000,63940.20,64131.90,63600.00,63786.60,10205.123
1785344400000,63786.60,64287.30,63680.10,64247.50,7085.746
1785348000000,64247.40,64703.90,63742.90,64484.50,24784.012
1785351600000,64484.40,64575.70,63483.90,63564.10,14295.245
1785355200000,63564.00,63721.00,63336.00,63487.90,9804.197
1785358800000,63487.80,63831.80,63234.00,63831.10,9361.784
1785362400000,63831.20,64108.40,63831.10,63916.90,8261.334
1785366000000,63916.90,64044.40,63868.00,63958.90,2807.402
1785369600000,63958.90,64098.20,63576.40,63673.70,6274.187
1785373200000,63673.70,64355.90,63662.60,64245.30,6840.859
1785376800000,64245.20,64393.00,64139.00,64163.70,3764.311
1785380400000,64163.70,64282.80,64109.00,64134.00,2384.038
1785384000000,64134.00,64152.30,63980.00,63998.50,2650.287
1785387600000,63998.60,64156.40,63881.00,64013.60,3410.620
1785391200000,64013.50,64054.80,63930.00,63974.60,1486.362
1785394800000,63974.60,64121.90,63913.60,63981.90,3159.857
1785398400000,63981.90,64334.60,63950.00,64280.40,4231.718
1785402000000,64280.40,64618.10,64257.10,64550.00,6694.068
1785405600000,64550.00,64612.50,64538.20,64548.90,3675.459
1785409200000,64548.90,64870.00,64515.10,64766.80,7542.228
1785412800000,64766.90,65015.60,64765.60,64892.60,9133.871
1785416400000,64892.70,65157.00,64663.00,64995.90,14010.887
1785420000000,64995.80,65015.30,64588.40,64649.00,9678.971
1785423600000,64649.10,64861.40,64571.40,64694.20,4737.528
1785427200000,64694.20,64933.00,64694.20,64785.10,3285.643
1785430800000,64785.10,64957.20,64738.10,64842.40,2494.063
1785434400000,64842.40,64871.10,64657.40,64668.90,1921.207
1785438000000,64668.90,64875.00,64668.80,64778.60,1965.073
1785441600000,64778.50,64909.00,64723.40,64750.00,2723.326
1785445200000,64750.00,64780.80,64678.20,64706.50,1435.863
1785448800000,64706.60,64995.00,64636.30,64827.40,3686.525
1785452400000,64827.30,65062.90,64698.50,64750.00,5668.781
1785456000000,64750.00,64878.00,64663.70,64698.50,2973.540
1785459600000,64698.50,65391.30,64444.00,64535.10,16749.679
1785463200000,64535.20,64593.30,64177.90,64271.90,9560.756
1785466800000,64272.00,64410.40,64138.00,64344.00,5854.658
1785470400000,64344.00,64425.60,64210.00,64281.60,3166.071
1785474000000,64281.60,64396.70,64242.50,64334.40,2568.023
1785477600000,64334.30,64476.80,64179.90,64208.50,4155.684
1785481200000,64208.40,64217.00,63835.60,63909.10,11234.331
1785484800000,63909.10,63950.00,63777.70,63801.90,6279.775
1785488400000,63801.80,63820.00,63601.20,63689.00,5255.291
1785492000000,63689.10,63923.40,63577.00,63886.10,5345.605
1785495600000,63886.20,63982.20,63755.10,63779.40,3656.002
1785499200000,63779.40,63804.10,63595.30,63727.40,5013.922
1785502800000,63727.40,63807.50,63216.20,63248.10,15778.254
1785506400000,63248.00,63291.60,62410.50,62663.80,37380.196
1785510000000,62663.90,62749.70,62458.00,62695.40,9158.832
1785513600000,62695.30,62913.40,62680.10,62849.40,6323.225
1785517200000,62849.40,63270.10,62780.80,63215.60,6762.001
1785520800000,63215.60,63275.70,62935.10,63064.90,5633.135
1785524400000,63065.00,63133.00,62906.30,62947.20,2889.931
1785528000000,62947.10,63003.00,62901.00,62928.70,2268.918
1785531600000,62928.70,63037.00,62814.10,62924.70,2820.424
1785535200000,62924.80,62996.70,62835.00,62916.70,2306.850
1785538800000,62916.80,62990.00,62825.00,62859.90,1829.832
1785542400000,62859.90,62995.00,62859.80,62909.40,1932.848
1785546000000,62909.40,62964.60,62888.90,62946.70,1321.888
1785549600000,62946.70,63084.60,62946.70,63040.80,1697.140
1785553200000,63040.80,63045.70,62937.50,62973.80,1561.868
1785556800000,62973.80,63079.20,62964.10,63073.90,869.586
1785560400000,63074.00,63118.70,62969.60,62999.80,1857.218
1785564000000,62999.80,63053.10,62965.20,63049.90,1072.175
1785567600000,63049.90,63086.30,63001.40,63019.60,1210.920
1785571200000,63019.60,63126.60,63019.50,63097.40,934.337
1785574800000,63097.40,63111.40,63014.10,63021.40,1156.469
1785578400000,63021.40,63085.00,62956.50,63029.10,1810.404
1785582000000,63029.10,63064.00,63010.10,63045.10,768.514
1785585600000,63045.20,63094.10,63045.10,63068.90,855.032
1785589200000,63068.90,63075.90,63010.10,63036.70,819.617
1785592800000,63036.60,63097.50,63036.60,63097.10,1142.167
1785596400000,63097.10,63097.10,62976.40,62976.40,1171.027
1785600000000,62976.40,63006.60,62838.80,62899.90,3428.637
1785603600000,62899.90,62969.50,62633.30,62684.00,4837.737
1785607200000,62684.10,62710.70,62228.80,62552.50,14262.623
1785610800000,62552.60,62596.50,62430.80,62502.10,3508.188
1785614400000,62502.10,62642.90,62456.90,62631.80,2312.844
1785618000000,62631.80,62844.90,62631.80,62789.40,2927.597
1785621600000,62789.50,62844.50,62762.40,62800.10,1470.999
1785625200000,62800.10,62830.00,62737.10,62792.30,1808.308
1785628800000,62792.30,62950.00,62782.30,62807.50,2672.436
1785632400000,62807.50,63066.00,62807.50,62960.80,2926.684
1785636000000,62960.90,63542.00,62925.60,63425.40,12933.753
1785639600000,63425.50,63529.40,63351.30,63436.70,3586.883
1785643200000,63436.80,63600.00,63436.70,63557.10,3013.823
1785646800000,63557.10,63620.00,63382.90,63428.50,4618.916
1785650400000,63428.60,63478.80,63402.50,63460.00,1474.959
1785654000000,63460.10,63514.20,63449.00,63468.10,1659.781
1785657600000,63468.00,63507.80,63141.00,63171.10,5958.386
1785661200000,63171.20,63301.60,63065.30,63249.80,3576.767
1785664800000,63249.70,63249.70,63096.00,63176.70,2669.631
1785668400000,63176.60,63186.10,62961.10,63007.30,3493.646
1785672000000,63007.20,63215.10,63007.20,63097.20,2639.051
1785675600000,63097.20,63119.20,62974.40,63095.00,2038.879
1785679200000,63095.00,63163.20,63031.70,63042.70,2352.318
1785682800000,63042.60,63158.20,63023.00,63081.60,1494.069
1785686400000,63081.60,63258.80,63038.00,63158.60,2692.429
1785690000000,63158.60,63323.60,63130.00,63279.70,2274.703
1785693600000,63279.60,63594.60,63266.40,63364.20,4291.389
1785697200000,63364.20,63459.80,63306.00,63432.90,1673.194
1785700800000,63433.00,63483.30,63383.00,63477.20,1450.820
1785704400000,63477.30,63774.60,63459.90,63560.00,5300.800
1785708000000,63560.00,63779.00,63343.20,63398.00,5877.130
1785711600000,63398.00,63577.10,63306.20,63550.00,3369.960
1785715200000,63550.00,63575.60,63168.30,63298.90,4052.018
1785718800000,63299.00,63332.80,63088.00,63185.90,3482.062
1785722400000,63185.90,63266.10,63068.10,63118.30,2410.406
1785726000000,63118.20,63152.80,62745.00,62839.70,4979.180
1785729600000,62839.80,62976.80,62745.30,62765.30,4163.223
1785733200000,62765.20,62848.00,62716.00,62799.90,3595.518
1785736800000,62800.00,62850.10,62576.20,62594.90,5547.075
1785740400000,62594.80,62671.60,62520.00,62591.00,4637.457
1785744000000,62591.00,62624.00,62268.20,62512.40,8236.907
1785747600000,62512.40,62846.30,62487.90,62806.00,5851.477
1785751200000,62806.00,62838.50,62584.80,62708.80,4413.061
1785754800000,62708.90,62746.40,62506.80,62534.10,4475.438
1785758400000,62534.10,62769.10,62400.00,62669.90,6014.563
1785762000000,62669.90,63368.10,62533.30,63317.60,15971.818
1785765600000,63317.60,63956.40,63109.70,63927.90,26813.636
1785769200000,63928.00,63960.00,63610.20,63659.50,11323.139
1785772800000,63659.50,63907.40,63626.20,63738.00,6259.343
1785776400000,63737.90,64049.50,63680.00,63874.10,6860.221
1785780000000,63874.10,63973.10,63735.00,63835.50,3895.435
1785783600000,63835.60,64058.80,63807.30,63836.90,3800.436
1785787200000,63836.90,63992.90,63737.20,63755.90,3034.017
1785790800000,63755.90,63763.50,63505.40,63561.10,4604.113
1785794400000,63561.10,63648.70,63352.20,63587.60,5207.228
1785798000000,63587.60,63596.50,63435.30,63497.20,2216.091
1785801600000,63497.10,63558.80,63290.20,63337.60,4583.870
1785805200000,63337.60,63911.60,63337.50,63816.10,6903.460
1785808800000,63816.10,63958.60,63651.80,63802.30,4783.866
1785812400000,63802.30,63843.70,63624.10,63771.00,2334.425
1785816000000,63771.00,64239.80,63732.00,64004.40,7952.488
1785819600000,64004.50,64032.80,63762.00,63783.70,3638.718
1785823200000,63783.60,63830.00,63630.00,63653.40,3456.987
1785826800000,63653.30,63736.90,63480.00,63666.50,4904.829
1785830400000,63666.50,63730.00,63539.00,63559.70,2609.749
1785834000000,63559.70,63589.20,63495.40,63576.40,2185.984
1785837600000,63576.40,63818.70,63428.80,63743.30,5279.762
1785841200000,63743.40,63926.00,63679.50,63900.20,4126.374
1785844800000,63900.20,64034.30,63763.10,63875.10,4293.500
1785848400000,63875.20,64080.00,63625.50,63663.70,10799.238
1785852000000,63663.70,64177.00,63582.10,64100.00,11058.252
1785855600000,64100.00,64200.00,63782.70,64088.40,8897.609
1785859200000,64088.30,64104.00,63866.50,63928.90,3915.478
1785862800000,63928.80,64159.40,63856.40,63936.10,4901.409
1785866400000,63936.20,64370.00,63932.00,64270.70,7829.049
1785870000000,64270.80,64388.00,64140.10,64197.30,4649.673
1785873600000,64197.30,64397.60,63918.20,64316.30,8943.027
1785877200000,64316.40,64316.40,64145.90,64166.80,2465.453
1785880800000,64166.70,64267.20,64107.50,64238.00,1795.952
1785884400000,64237.90,64512.90,64017.70,64075.50,7716.148
1785888000000,64075.60,64163.80,63951.10,63970.90,4766.197
1785891600000,63970.90,64321.30,63917.10,64306.30,4245.749
1785895200000,64306.30,64480.00,64292.80,64340.30,9877.637
1785898800000,64340.30,64416.90,64010.10,64145.60,7495.926
1785902400000,64145.60,64193.00,64052.40,64141.50,2290.237
1785906000000,64141.50,64500.00,64131.50,64307.70,5101.008
1785909600000,64307.70,64345.80,64204.80,64226.00,1966.560
1785913200000,64226.00,64247.80,63962.40,64141.00,6925.510
1785916800000,64141.00,64257.10,64066.10,64096.30,4358.430
1785920400000,64096.40,64181.60,64068.40,64127.50,1503.340
1785924000000,64127.40,64217.00,63982.20,64033.00,3577.567
1785927600000,64033.00,64116.00,64013.10,64044.60,2057.405
1785931200000,64044.70,64575.20,64003.00,64295.40,14059.433
1785934800000,64295.30,64387.00,63847.00,64387.00,15093.068
1785938400000,64386.90,64548.60,64265.40,64443.30,11150.930
1785942000000,64443.40,64728.50,64348.70,64353.60,11548.133
1785945600000,64353.60,64740.50,64352.50,64631.90,6761.453
1785949200000,64631.80,64780.00,64506.30,64733.60,4461.880
1785952800000,64733.60,64810.00,64634.10,64762.80,5385.628
1785956400000,64762.70,64898.00,64745.20,64805.70,4535.966
1785960000000,64805.70,65022.00,64772.30,64804.20,9232.270
1785963600000,64804.20,64804.30,64635.60,64710.10,3860.378
1785967200000,64710.10,64766.20,64601.00,64607.00,2152.793
1785970800000,64607.00,64721.20,64535.60,64633.90,2712.749
1785974400000,64634.00,64696.00,64533.90,64614.80,2300.603
1785978000000,64614.80,64634.90,64461.00,64560.00,2589.924
1785981600000,64560.10,64627.60,64386.30,64550.60,4992.736
1785985200000,64550.70,64551.30,64463.20,64496.20,1867.043
1785988800000,64496.30,64702.90,64461.90,64695.90,2863.612
1785992400000,64695.90,64971.70,64695.60,64879.50,5627.794
1785996000000,64879.60,64879.60,64712.60,64830.50,2343.979
1785999600000,64830.50,64944.30,64750.00,64789.40,3687.138
1786003200000,64789.30,64971.00,64730.90,64913.90,3207.820
1786006800000,64913.90,64917.50,64597.20,64649.10,5386.342
1786010400000,64649.10,64656.00,64552.60,64589.20,2311.452
1786014000000,64589.30,64629.00,64473.00,64590.10,3162.992
1786017600000,64590.10,64614.30,64360.20,64392.40,4278.024
1786021200000,64392.40,64501.00,64111.00,64404.80,13899.038
1786024800000,64404.80,64825.00,64333.00,64748.20,10338.045
1786028400000,64748.20,64962.00,64588.50,64604.20,9352.801
1786032000000,64604.20,64745.50,64556.70,64723.20,3997.601
1786035600000,64723.30,64807.40,64514.10,64583.10,2877.794
1786039200000,64583.10,64589.60,64343.70,64388.80,3671.221
1786042800000,64388.80,64445.60,64323.20,64412.80,2676.737
1786046400000,64412.80,64510.70,64403.70,64403.70,2034.784
1786050000000,64403.70,64490.20,64371.90,64411.80,1686.019
1786053600000,64411.90,64419.30,64294.30,64317.80,1387.384
1786057200000,64317.70,64333.10,64163.50,64300.00,2763.901
1786060800000,64299.90,64387.30,64195.20,64291.90,2509.823
1786064400000,64291.90,64450.00,64263.00,64394.80,2466.496
1786068000000,64394.70,64524.80,64220.00,64369.50,4915.454
1786071600000,64369.40,64380.50,64227.80,64264.00,2084.467
1786075200000,64264.00,64340.20,64128.30,64225.80,3064.777
1786078800000,64225.80,64370.10,64139.70,64310.60,2632.881
1786082400000,64310.70,64441.00,64255.00,64280.10,2733.573
1786086000000,64280.20,64405.00,64229.90,64288.90,3039.671
1786089600000,64288.80,64646.60,64268.90,64576.40,4583.667
1786093200000,64576.30,64939.40,64576.30,64809.00,9312.554
1786096800000,64809.10,64888.70,64768.50,64867.30,3470.548
1786100400000,64867.40,65187.90,64867.40,64996.10,9560.374
1786104000000,64996.20,65358.00,64954.00,65259.10,17634.528
1786107600000,65259.00,65305.60,64946.80,64984.80,10184.300
1786111200000,64984.90,65250.00,64756.80,64927.30,14288.394
1786114800000,64927.30,65117.70,64859.50,64885.40,4051.070
1786118400000,64885.50,65050.00,64779.90,64779.90,4422.972
1786122000000,64779.90,64805.10,64490.00,64740.30,10381.643
1786125600000,64740.20,64857.90,64655.00,64712.10,3281.064
1786129200000,64712.10,65000.00,64712.00,64932.90,3973.989
1786132800000,64932.90,65015.30,64916.60,64942.10,1622.043
1786136400000,64942.20,65078.70,64895.00,64895.30,2027.278
1786140000000,64895.30,64919.60,64815.30,64857.30,1480.192
1786143600000,64857.30,64885.80,64846.30,64885.40,666.622
1786147200000,64885.50,64927.60,64784.30,64890.30,1273.139
1786150800000,64890.30,64927.80,64871.60,64880.60,860.364
1786154400000,64880.60,64931.80,64863.50,64889.50,932.115
1786158000000,64889.50,65046.10,64884.00,65000.00,1510.176
1786161600000,65000.00,65040.10,64934.90,64976.50,1306.273
1786165200000,64976.50,65000.00,64942.60,64967.00,716.826
1786168800000,64967.10,64991.00,64931.80,64978.20,886.154
1786172400000,64978.30,64983.00,64919.50,64936.30,705.086
1786176000000,64936.30,64988.20,64920.00,64963.20,748.373
1786179600000,64963.10,65026.90,64960.00,64960.10,1002.810
1786183200000,64960.00,64996.30,64960.00,64980.60,585.457
1786186800000,64980.60,64995.60,64930.00,64938.50,674.148
1786190400000,64938.40,65024.70,64890.80,64973.80,1443.805
1786194000000,64973.80,64994.60,64967.20,64985.40,623.733
1786197600000,64985.40,65163.00,64985.30,65100.00,3560.648
1786201200000,65100.10,65123.80,65027.90,65049.30,1199.135
1786204800000,65049.40,65088.00,65000.10,65056.10,1005.182
1786208400000,65056.10,65123.10,65045.60,65086.20,1085.982
1786212000000,65086.20,65094.10,65000.00,65015.30,1172.248
1786215600000,65015.30,65089.20,64986.20,65045.50,1090.996
1786219200000,65045.50,65059.10,65026.70,65046.90,874.204
1786222800000,65046.90,65046.90,64957.30,64989.80,834.994
1786226400000,64989.80,65012.80,64915.20,64915.20,1243.507
1786230000000,64915.20,64954.10,64907.90,64928.50,1102.947
1786233600000,64928.60,64957.70,64928.40,64952.90,781.704
1786237200000,64952.90,64982.40,64818.00,64838.40,1842.755
1786240800000,64838.40,64838.40,64752.00,64798.00,1681.963
1786244400000,64798.00,64798.00,64700.00,64759.00,1637.031
1786248000000,64758.90,64806.30,64758.90,64759.80,840.473
1786251600000,64759.70,64777.90,64747.40,64777.90,750.522
1786255200000,64777.80,64835.00,64776.90,64822.90,1267.843
1786258800000,64822.90,64827.80,64791.90,64793.60,932.539
1786262400000,64793.70,64911.10,64759.20,64792.50,2330.142
1786266000000,64792.50,64850.90,64774.50,64850.90,909.039
1786269600000,64850.90,64948.70,64850.80,64927.40,1516.361
1786273200000,64927.50,64978.00,64921.70,64921.80,952.862
1786276800000,64921.70,64928.50,64884.30,64928.50,828.295
1786280400000,64928.40,65245.50,64928.40,65194.90,5738.746
1786284000000,65195.00,65279.90,65118.40,65237.30,3169.124
1786287600000,65237.30,65240.90,65177.00,65207.70,1907.952
1786291200000,65207.80,65243.10,65147.20,65204.60,1854.060
1786294800000,65204.60,65212.80,65165.90,65170.00,821.961
1786298400000,65169.90,65200.00,65161.20,65167.10,801.241
1786302000000,65167.10,65188.60,65147.60,65153.20,805.502
1786305600000,65153.20,65161.40,65043.50,65114.10,1946.781
1786309200000,65114.00,65229.90,65091.20,65165.00,1376.098
1786312800000,65165.10,65482.70,64936.20,65046.30,8588.987
1786316400000,65046.20,65080.30,64805.10,64867.80,4566.481
1786320000000,64867.80,65300.00,64794.40,64945.30,6977.175
1786323600000,64945.30,65373.60,64864.00,65172.90,4797.875
1786327200000,65172.90,65193.30,64871.00,65077.70,4553.587
1786330800000,65077.70,65150.00,64875.00,64946.40,3323.683
1786334400000,64946.40,65076.40,64892.10,64980.60,1876.553
1786338000000,64980.40,65142.10,64952.30,65117.10,1694.269
1786341600000,65117.20,65313.20,65104.10,65273.20,3310.909
1786345200000,65273.10,65348.40,65173.10,65183.00,3596.096
1786348800000,65183.00,65306.90,65160.20,65220.60,1987.063
1786352400000,65220.60,65220.70,64928.00,64941.10,4638.212
1786356000000,64941.00,65053.30,64939.50,64988.70,2367.413
1786359600000,64988.80,65108.40,64950.00,65097.60,1926.582
1786363200000,65097.50,65221.20,64812.60,64838.30,6276.873
1786366800000,64838.30,64942.50,64482.10,64533.70,12568.287
1786370400000,64533.60,64856.70,64510.00,64594.50,8146.670
1786374000000,64594.60,64691.20,64171.80,64268.80,16204.295
1786377600000,64268.70,64330.00,63808.90,63888.60,17921.622
1786381200000,63888.60,64009.00,63810.00,63932.70,6540.095
1786384800000,63932.60,64005.40,63788.00,63866.40,7492.295
1786388400000,63866.30,64072.80,63859.90,64017.20,3901.694
1786392000000,64017.20,64189.30,63989.50,64129.60,3300.092
1786395600000,64129.70,64129.70,63946.80,63949.00,2086.206
1786399200000,63949.00,64027.40,63908.00,63987.50,1502.142
1786402800000,63987.50,63992.10,63881.60,63939.30,1836.040
1786406400000,63939.30,64032.60,63863.90,64006.10,3142.738
1786410000000,64006.10,64048.20,63923.90,64026.60,2609.513
1786413600000,64026.60,64054.00,63999.90,64012.90,1604.216
1786417200000,64012.80,64148.00,64012.80,64110.70,2071.084
1786420800000,64110.70,64124.20,63997.00,63997.00,1750.423
1786424400000,63997.00,64023.40,63929.20,63965.00,2036.285
1786428000000,63965.00,64021.80,63820.00,63940.00,2921.294
1786431600000,63940.00,64077.00,63876.40,64031.70,2829.318
1786435200000,64031.70,64124.80,64010.40,64109.80,2186.279
1786438800000,64109.70,64281.00,64106.00,64281.00,3780.751
1786442400000,64280.90,64290.10,64172.00,64205.30,3721.684
1786446000000,64205.30,64380.00,64205.30,64358.30,3681.559
1786449600000,64358.40,64470.00,64259.10,64303.20,6171.780
1786453200000,64303.10,64345.90,64020.20,64174.40,7649.265
1786456800000,64174.40,64240.00,63680.00,63747.00,10714.093
1786460400000,63747.00,63845.70,63420.00,63585.30,13464.299
1786464000000,63585.30,63637.50,63436.50,63488.50,5033.969
1786467600000,63488.50,63615.50,63432.30,63580.10,3181.764
1786471200000,63580.20,63609.10,63222.00,63352.50,10329.621
1786474800000,63352.50,63513.90,63211.60,63508.50,4952.141
1786478400000,63508.50,63732.70,63508.50,63720.80,6134.490
1786482000000,63720.80,63757.50,63590.70,63641.50,2558.645
1786485600000,63641.60,63746.40,63601.20,63641.60,1640.366
1786489200000,63641.70,63641.70,63527.30,63572.00,1858.069
1786492800000,63571.90,63722.40,63505.30,63717.20,2371.705
1786496400000,63717.20,63828.70,63665.20,63796.00,2737.398
1786500000000,63796.00,63886.00,63701.20,63722.60,3052.798
1786503600000,63722.50,63819.20,63678.40,63800.10,1932.499
1786507200000,63800.10,63863.60,63706.40,63747.20,2612.303
1786510800000,63747.20,63846.30,63698.20,63811.40,1728.328
1786514400000,63811.30,63811.30,63574.60,63688.00,4221.534
1786518000000,63687.90,63812.50,63603.40,63804.80,2398.382
1786521600000,63804.80,63844.00,63741.10,63769.90,2661.075
1786525200000,63770.00,64077.00,63735.40,64077.00,6820.246
1786528800000,64076.90,64191.80,64026.50,64111.40,5679.101
1786532400000,64111.40,64222.20,64080.00,64207.30,3180.652
1786536000000,64207.30,64450.00,63939.10,64090.00,18249.748
1786539600000,64089.90,64131.40,63799.00,63805.90,9560.772
1786543200000,63806.00,63911.90,63334.40,63344.40,15269.702
1786546800000,63344.30,63551.90,63291.10,63421.40,8496.489
1786550400000,63421.30,63557.50,63338.90,63462.30,4639.985
1786554000000,63462.30,63528.20,63388.80,63450.10,2173.354
1786557600000,63450.00,63507.00,63350.00,63360.00,2249.864
1786561200000,63360.00,63441.00,63283.00,63394.90,4255.020
1786564800000,63394.80,63573.50,63392.50,63573.50,2578.409
1786568400000,63573.50,63629.80,63389.90,63441.40,2882.359
1786572000000,63441.40,63508.00,63337.50,63405.90,2193.769
1786575600000,63405.80,63466.00,63350.00,63454.70,2487.321
1786579200000,63454.60,63694.90,63437.00,63530.10,3940.765
1786582800000,63530.00,63611.40,63355.10,63428.80,2951.738
1786586400000,63428.90,63553.70,63343.80,63522.40,2239.393
1786590000000,63522.40,63670.10,63474.00,63623.50,4781.724
1786593600000,63623.50,63763.60,63564.90,63672.90,2602.124
1786597200000,63672.90,63990.70,63647.60,63844.40,7918.487
1786600800000,63844.40,63914.60,63725.20,63914.50,3534.784
1786604400000,63914.50,63916.60,63824.20,63833.00,1773.196
1786608000000,63833.00,63881.30,63710.60,63743.80,2831.573
1786611600000,63743.70,63768.00,63559.90,63757.00,3594.305
1786615200000,63757.10,63800.00,63536.00,63628.90,4839.388
1786618800000,63628.80,63637.80,63318.10,63458.50,6057.359
1786622400000,63458.60,63697.70,63414.40,63669.20,5311.097
1786626000000,63669.20,63828.00,63534.00,63699.90,7463.579
1786629600000,63700.00,63980.60,63655.00,63835.60,6906.181
1786633200000,63835.70,63920.00,63385.00,63385.00,7615.275
1786636800000,63385.00,63544.00,62800.00,63139.00,24202.169
1786640400000,63138.90,63276.40,63047.60,63121.40,5843.432
1786644000000,63121.50,63348.00,63088.00,63284.70,3314.350
1786647600000,63284.70,63488.00,63284.70,63387.40,4508.057
1786651200000,63387.30,63447.00,63343.40,63385.60,1859.547
1786654800000,63385.60,63477.40,63360.90,63444.70,2046.483
1786658400000,63444.70,63613.60,63444.60,63497.70,4047.845
1786662000000,63497.60,63512.80,63366.60,63456.70,2483.241
1786665600000,63456.70,63534.00,63378.10,63517.60,2223.859
1786669200000,63517.60,63567.80,63428.90,63545.50,2084.168
1786672800000,63545.40,63595.10,63437.10,63437.10,1913.641
1786676400000,63437.10,63556.10,63277.10,63288.10,3097.959
1786680000000,63288.00,63449.60,63243.20,63349.90,1867.377
1786683600000,63350.00,63375.60,63256.70,63357.80,1736.005
1786687200000,63357.80,63357.80,62900.20,62944.60,7665.619
1786690800000,62944.60,63079.10,62888.00,62888.10,5972.257
1786694400000,62888.00,62974.40,62658.80,62904.90,11490.409
1786698000000,62904.90,62904.90,62709.30,62763.90,3840.164
1786701600000,62763.90,62912.40,62712.00,62787.70,3235.522
1786705200000,62787.70,62906.20,62779.30,62837.40,2994.434
1786708800000,62837.50,62885.30,62688.10,62706.00,4305.086
1786712400000,62706.10,62794.80,62555.50,62639.60,11535.398
1786716000000,62639.80,62774.90,62484.20,62581.00,9306.042
1786719600000,62581.00,63061.70,62576.50,62956.00,9143.660
1786723200000,62956.00,63194.40,62933.70,63105.80,5866.763
1786726800000,63105.90,63215.30,62965.00,62988.40,4557.206
1786730400000,62988.40,63050.00,62857.90,62900.00,3336.892
1786734000000,62899.90,62968.00,62781.40,62936.30,3002.679
1786737600000,62936.40,62995.10,62864.60,62878.50,1728.939
1786741200000,62878.50,62912.20,62846.70,62897.60,930.979
1786744800000,62897.70,62936.70,62770.90,62856.80,1597.601
1786748400000,62856.90,63040.30,62838.40,63015.00,1915.098
1786752000000,63014.90,63039.00,62964.40,62991.70,1097.535
1786755600000,62991.70,63015.00,62966.70,63010.70,879.952
1786759200000,63010.80,63114.00,63007.50,63113.60,1520.347
1786762800000,63113.60,63170.00,63014.00,63030.30,1666.448
1786766400000,63030.30,63127.50,63030.30,63092.50,885.606
1786770000000,63092.50,63127.50,63013.40,63055.40,1159.429
1786773600000,63055.50,63108.30,63003.80,63087.30,978.661
1786777200000,63087.20,63104.30,63011.00,63049.80,1537.473
1786780800000,63049.90,63058.40,62902.00,62908.50,1687.577
1786784400000,62908.60,63019.90,62890.20,62999.10,1725.527
1786788000000,62999.20,63025.40,62971.90,63015.60,672.563
1786791600000,63015.70,63031.40,62967.90,62993.10,763.325
1786795200000,62993.00,63030.40,62920.90,63028.80,1276.574
1786798800000,63028.80,63058.20,62992.20,63031.30,1175.084
1786802400000,63031.20,63031.30,62961.90,63011.70,797.520
1786806000000,63011.70,63096.70,62997.90,63068.00,1055.600
1786809600000,63068.10,63097.30,63032.70,63066.30,999.172
1786813200000,63066.30,63077.80,63032.10,63043.50,544.085
1786816800000,63043.40,63083.00,63011.60,63026.30,1116.068
1786820400000,63026.30,63093.60,63026.20,63093.60,898.285
1786824000000,63093.60,63093.60,63040.10,63077.10,479.901
1786827600000,63077.00,63138.70,63068.90,63123.70,790.999
1786831200000,63123.80,63141.60,63096.60,63100.70,678.759
1786834800000,63100.70,63110.30,63049.90,63053.90,744.695
1786838400000,63053.90,63057.40,63032.90,63051.10,735.332
1786842000000,63051.00,63052.40,62975.90,63051.30,1037.097
1786845600000,63051.30,63132.20,62988.90,63092.30,1563.573
1786849200000,63092.40,63103.10,63080.00,63096.60,580.017
1786852800000,63096.50,63122.70,63056.60,63056.70,479.960
1786856400000,63056.60,63068.40,63007.10,63027.70,728.793
1786860000000,63027.70,63056.10,63009.20,63036.50,686.311
1786863600000,63036.50,63036.60,63024.00,63034.30,495.858
1786867200000,63034.40,63045.10,63030.10,63039.50,540.295
1786870800000,63039.60,63039.60,62936.00,62957.00,1313.992
1786874400000,62957.00,62982.10,62928.50,62979.20,1023.286
1786878000000,62979.20,62981.10,62945.90,62981.10,807.194
1786881600000,62981.10,63000.00,62959.10,62986.40,845.037
1786885200000,62986.40,63040.90,62986.30,63036.10,911.138
1786888800000,63036.10,63078.60,63031.90,63078.50,1127.530
1786892400000,63078.60,63113.80,63077.70,63113.80,1150.483
1786896000000,63113.80,63370.00,63108.40,63232.70,7768.378
1786899600000,63232.70,63247.20,63087.30,63130.70,1823.456
1786903200000,63130.60,63148.00,63092.00,63111.30,1231.306
1786906800000,63111.40,63201.70,63063.60,63082.20,1559.083
1786910400000,63082.30,63117.10,62988.30,63041.00,1583.882
1786914000000,63041.00,63067.30,62700.10,62900.00,4510.582
1786917600000,62900.10,62930.00,62681.10,62885.00,4833.639
1786921200000,62885.00,62967.00,62803.70,62876.00,2591.853
1786924800000,62876.00,62936.60,62723.90,62887.30,3253.191
1786928400000,62887.30,63230.00,62867.20,63084.00,6012.772
1786932000000,63084.10,63482.00,63008.20,63382.70,7690.808
1786935600000,63382.80,63498.00,63314.70,63409.80,4196.522
1786939200000,63409.70,63564.30,63409.70,63512.30,4683.954
1786942800000,63512.30,63572.60,63414.40,63488.00,3204.194
1786946400000,63488.10,63693.20,63447.80,63633.10,4945.539
1786950000000,63633.20,63636.30,63492.50,63493.50,2846.054
1786953600000,63493.50,63524.90,63320.20,63350.10,4969.626
1786957200000,63350.10,63405.70,63255.00,63290.10,2845.361
1786960800000,63290.10,63671.20,63265.30,63661.90,6339.423
1786964400000,63661.80,63753.00,63554.00,63600.00,5103.033
1786968000000,63600.00,63655.70,63502.40,63526.60,7564.124
1786971600000,63526.60,63776.00,63412.50,63647.00,8333.860
1786975200000,63646.90,63880.00,63561.30,63871.70,6867.205
1786978800000,63871.80,64199.90,63779.30,64169.90,14978.133
1786982400000,64169.80,64185.60,64022.30,64082.10,5899.198
1786986000000,64082.20,64388.00,63944.30,64293.10,12850.189
1786989600000,64293.20,64600.80,64243.70,64402.70,11398.121
1786993200000,64402.80,64402.80,64258.30,64280.40,3547.645
1786996800000,64280.40,64414.30,64231.30,64360.70,2390.860
1787000400000,64360.70,64405.50,64269.80,64350.30,1665.376
1787004000000,64350.20,64390.00,64247.80,64267.70,2352.839
1787007600000,64267.60,64555.40,64261.10,64504.10,4311.304
1787011200000,64504.10,64541.60,64330.00,64357.40,3099.834
1787014800000,64357.40,64361.00,64116.70,64174.90,4414.977
1787018400000,64174.90,64246.00,64000.00,64074.00,5255.036
1787022000000,64074.00,64156.70,64005.50,64147.40,3385.553
1787025600000,64147.50,64215.60,64055.00,64184.50,2972.239
1787029200000,64184.50,64245.60,64107.00,64202.70,3291.425
1787032800000,64202.70,64425.00,64130.00,64297.90,3536.995
1787036400000,64297.90,64329.80,64135.90,64170.90,2998.706
1787040000000,64170.80,64310.00,64056.40,64264.50,3399.073
1787043600000,64264.40,64264.40,64106.60,64140.50,1610.937
1787047200000,64140.50,64194.60,64100.10,64171.70,1434.300
1787050800000,64171.60,64380.00,64161.40,64326.00,3568.211
1787054400000,64326.10,64328.20,64170.20,64194.50,2094.554
1787058000000,64194.60,64262.50,63979.20,64187.50,8177.518
1787061600000,64187.60,65057.90,64187.50,64683.60,24838.684
1787065200000,64683.50,64861.00,64615.00,64823.90,5715.988
1787068800000,64823.90,64861.70,64642.50,64804.70,4138.217
1787072400000,64804.70,64804.80,64634.30,64634.30,2884.983
1787076000000,64634.40,64793.80,64621.90,64744.70,1964.354
1787079600000,64744.70,64773.50,64611.30,64619.70,1956.137
1787083200000,64619.80,64631.00,64528.90,64547.50,2114.031
1787086800000,64547.40,64628.20,64532.70,64576.00,1341.005
1787090400000,64576.00,64621.80,64528.40,64607.00,1474.724
1787094000000,64607.00,64755.50,64598.70,64694.00,1846.407
1787097600000,64694.10,64705.70,64451.10,64459.40,3008.166
1787101200000,64459.30,64523.20,64354.10,64371.60,3713.200
1787104800000,64371.60,64389.10,64315.00,64322.10,2628.600
1787108400000,64322.10,64390.40,64252.00,64296.30,2896.920
1787112000000,64296.30,64367.80,64262.30,64285.40,2133.047
1787115600000,64285.40,64382.20,64204.60,64209.10,2318.548
1787119200000,64209.20,64321.30,64131.30,64315.10,4535.412
1787122800000,64315.10,64377.50,64244.00,64266.10,3345.037
1787126400000,64266.00,64482.50,64219.60,64385.00,3886.868
1787130000000,64385.10,64446.40,64323.20,64395.30,1865.222
1787133600000,64395.40,64431.00,64333.40,64423.90,2397.835
1787137200000,64423.90,64509.70,64417.30,64479.00,2920.218
1787140800000,64479.10,64961.90,64440.00,64857.30,14924.672
1787144400000,64857.30,65190.00,64757.60,64984.10,22886.726
1787148000000,64984.10,65950.00,64984.10,65895.60,32824.906
1787151600000,65895.50,70450.00,65863.20,68523.70,103351.850
1787155200000,68523.70,68998.00,68373.00,68430.70,22434.140
1787158800000,68430.70,68512.30,67803.60,68170.60,18732.512
1787162400000,68170.50,68430.10,68010.20,68360.70,6368.812
1787166000000,68360.80,68460.40,68070.40,68404.10,7452.061
1787169600000,68404.10,69591.00,68356.90,69016.10,17877.437
1787173200000,69016.00,70048.20,68946.70,69685.10,27698.633
1787176800000,69685.10,69813.30,68950.30,69227.10,10500.854
1787180400000,69227.10,69439.60,69130.40,69310.00,5794.806
1787184000000,69310.10,69765.50,69286.70,69389.10,7999.323
1787187600000,69389.20,69867.90,69245.90,69691.40,7170.612
1787191200000,69691.50,69800.00,69247.50,69284.60,7638.714
1787194800000,69284.60,69342.50,68882.10,69183.50,8407.260
1787198400000,69183.50,69622.00,69155.00,69480.10,5135.099
1787202000000,69480.00,69657.70,69350.00,69408.30,6039.330
1787205600000,69408.40,69921.90,69330.30,69838.80,7770.864
1787209200000,69838.80,69999.00,69482.00,69815.90,8339.512
1787212800000,69815.90,71799.60,69771.80,71560.60,48626.779
1787216400000,71560.50,72081.70,71449.30,71781.20,23225.419
1787220000000,71781.20,72487.50,71690.00,71978.20,18551.815
1787223600000,71978.10,72300.10,71783.50,71896.20,10448.470
1787227200000,71896.20,71990.80,71435.60,71930.10,15605.441
1787230800000,71930.10,72099.00,71100.00,71663.70,19006.555
1787234400000,71663.70,71967.70,71309.40,71792.90,10563.446
1787238000000,71793.00,72849.90,71760.10,72429.00,26731.833
1787241600000,72429.10,72887.90,72159.80,72805.90,9519.638
1787245200000,72806.00,72945.30,72482.90,72694.60,8640.844
1787248800000,72694.50,72780.00,72352.30,72398.40,8631.450
1787252400000,72398.40,72748.10,72280.10,72649.70,4779.779
1787256000000,72649.80,73106.90,72554.00,72638.50,6624.961
1787259600000,72638.50,72819.20,72514.80,72706.90,3058.172
1787263200000,72706.90,72854.30,72458.70,72648.50,4415.149
1787266800000,72648.40,73399.70,72625.00,72998.70,12531.358
1787270400000,72998.80,73985.80,72992.40,73682.10,17552.213
1787274000000,73682.10,75767.50,73635.10,75103.30,39782.588
1787277600000,75103.30,75175.00,74347.00,74410.60,15829.449
1787281200000,74410.70,74847.30,74214.40,74482.90,10254.851
1787284800000,74482.90,75000.00,74482.80,74990.30,7186.851
1787288400000,74990.40,75472.00,74871.60,75433.00,12799.658
1787292000000,75433.10,75720.80,75066.00,75613.30,11726.347
1787295600000,75613.30,76900.00,75577.00,76310.40,39329.551
1787299200000,76310.30,79555.50,76253.20,79269.00,61417.857
1787302800000,79268.90,79372.80,77255.00,77900.60,53147.863
1787306400000,77900.50,78243.50,77600.90,77803.30,11866.675
1787310000000,77803.20,77858.00,76393.10,76749.00,27863.595
1787313600000,76748.90,77487.20,76537.80,77228.10,16233.661
1787317200000,77228.10,77721.90,76237.00,77244.30,24468.433
1787320800000,77244.40,77450.00,76538.90,77387.70,17198.886
1787324400000,77387.70,77871.60,77157.30,77219.80,11451.783
1787328000000,77219.80,77549.00,76757.00,77462.30,9741.837
1787331600000,77462.30,77711.10,77162.80,77381.80,8982.590
1787335200000,77381.70,77543.80,76576.40,77115.40,11024.729
1787338800000,77115.40,77328.60,76817.60,76995.40,5309.034
1787342400000,76995.40,77517.40,76815.60,77480.00,5624.118
1787346000000,77480.00,78666.00,77345.90,78491.50,14202.248
1787349600000,78491.40,78748.80,78061.60,78436.80,10842.943
1787353200000,78436.80,78705.80,78093.30,78309.10,6424.312
1787356800000,78309.10,78486.60,77649.70,77921.60,8031.792
1787360400000,77921.60,78223.10,77780.90,77807.70,4596.191
1787364000000,77807.60,78549.90,77763.00,78467.90,5863.939
1787367600000,78467.90,78831.80,78344.30,78395.00,6088.611
1787371200000,78395.00,78815.20,78183.10,78453.30,5979.954
1787374800000,78453.20,78589.90,76510.00,77371.60,27422.098
1787378400000,77371.50,77564.10,76963.50,77476.60,6868.833
1787382000000,77476.60,77675.00,77201.40,77286.70,5117.109
1787385600000,77286.70,77430.00,77012.90,77193.50,5677.897
1787389200000,77193.50,77385.00,76816.40,77047.50,5740.672
1787392800000,77047.60,77194.80,76512.90,76975.70,9733.902
1787396400000,76975.70,77224.90,76815.60,77137.90,4987.271
1787400000000,77137.90,77390.00,77081.70,77295.60,3765.510
1787403600000,77295.60,77381.10,77104.70,77290.60,2485.317
1787407200000,77290.60,77322.00,76936.10,77018.60,3658.325
1787410800000,77018.60,77118.30,76888.00,76995.60,2501.087
1787414400000,76995.60,77590.60,76969.40,77299.00,4869.702
1787418000000,77299.00,77394.90,77081.10,77289.20,2564.264
1787421600000,77289.10,77370.90,77139.80,77276.50,1373.264
1787425200000,77276.50,77484.30,77209.40,77422.40,1548.910
1787428800000,77422.30,77498.00,77267.60,77330.30,1609.542
1787432400000,77330.30,77330.30,76818.10,76862.80,3459.906
1787436000000,76862.80,77173.00,76772.00,77000.80,3675.984
1787439600000,77000.90,77146.10,76905.30,77084.50,1317.364
1787443200000,77084.50,77377.40,77058.90,77308.00,2238.181
1787446800000,77308.10,77423.80,77169.50,77202.10,2706.332
1787450400000,77202.10,77227.60,77015.80,77080.60,2226.928
1787454000000,77080.60,77158.30,76842.10,76941.10,3375.125
1787457600000,76941.20,77046.80,76425.40,76610.70,8498.955
1787461200000,76610.70,76747.70,75588.00,76064.90,22939.296
1787464800000,76065.00,76380.20,75870.00,76110.30,6569.908
1787468400000,76110.30,76368.80,75900.00,76020.30,4194.267
1787472000000,76020.20,76310.00,75966.70,76229.60,2149.426
