openTime,open,high,low,close,volume
1779718500000,77435.60,77588.00,77435.00,77580.50,1320.890
1779719400000,77580.40,77580.40,77502.50,77535.00,780.591
1779720300000,77535.00,77743.40,77534.90,77676.40,2103.952
1779721200000,77676.40,77887.90,77640.90,77668.40,2611.997
1779722100000,77668.50,77720.40,77556.00,77562.70,1370.865
1779723000000,77562.60,77648.60,77531.10,77624.20,642.924
1779723900000,77624.20,77629.40,77515.50,77587.20,600.061
1779724800000,77587.20,77608.30,77472.00,77473.90,781.224
1779725700000,77474.00,77597.80,77471.50,77549.50,751.769
1779726600000,77549.40,77655.20,77540.80,77649.40,535.452
1779727500000,77649.40,77784.90,77631.80,77694.50,884.022
1779728400000,77694.50,77770.00,77643.20,77650.60,1127.659
1779729300000,77650.60,77650.70,77552.00,77624.20,766.139
1779730200000,77624.30,77624.30,77532.70,77551.20,431.063
1779731100000,77551.10,77552.50,77511.10,77523.20,449.822
1779732000000,77523.30,77629.80,77502.90,77602.60,398.140
1779732900000,77602.60,77628.60,77560.70,77612.10,206.520
1779733800000,77612.10,77612.10,77542.10,77580.40,311.010
1779734700000,77580.40,77596.00,77511.70,77511.70,308.371
1779735600000,77511.70,77515.80,77379.10,77465.40,877.264
1779736500000,77465.50,77491.40,77413.40,77486.60,277.974
1779737400000,77486.50,77491.60,77313.00,77376.00,587.868
1779738300000,77375.90,77438.80,77361.60,77403.30,314.619
1779739200000,77403.40,77447.70,77377.50,77406.40,217.612
1779740100000,77406.30,77472.00,77398.40,77399.60,281.346
1779741000000,77399.60,77439.30,77172.00,77238.80,1557.802
1779741900000,77238.80,77324.40,77213.40,77243.70,565.194
1779742800000,77243.70,77340.00,77240.70,77334.80,346.165
1779743700000,77334.70,77334.80,77244.50,77323.80,330.106
1779744600000,77323.70,77344.70,77240.50,77272.20,534.210
1779745500000,77272.30,77366.70,77268.00,77340.80,463.866
1779746400000,77340.90,77430.00,77242.30,77381.30,709.449
1779747300000,77381.20,77404.50,77235.00,77266.40,470.745
1779748200000,77266.40,77266.40,77011.30,77157.60,1885.943
1779749100000,77157.50,77220.50,77084.60,77084.70,467.469
1779750000000,77084.70,77262.90,77040.20,77255.00,670.836
1779750900000,77255.00,77297.60,77218.30,77252.00,384.825
1779751800000,77252.10,77329.60,77225.70,77301.80,299.298
1779752700000,77301.80,77338.00,77249.60,77281.50,405.558
1779753600000,77281.50,77319.60,77175.10,77196.50,737.864
1779754500000,77196.40,77217.10,77051.00,77095.80,1017.641
1779755400000,77095.80,77168.40,76777.20,76839.50,2571.968
1779756300000,76839.40,76900.00,76532.10,76750.10,3509.814
1779757200000,76750.10,76847.90,76582.50,76806.30,1678.824
1779758100000,76806.40,76879.20,76690.80,76760.10,740.270
1779759000000,76760.10,76760.10,76550.00,76636.70,1043.003
1779759900000,76636.80,76767.10,76618.70,76717.80,552.728
1779760800000,76717.80,76790.00,76589.10,76734.70,1280.221
1779761700000,76734.60,76748.30,76627.70,76637.50,462.422
1779762600000,76637.60,76700.00,76557.10,76563.90,643.077
1779763500000,76564.00,76655.00,76472.60,76630.70,1277.957
1779764400000,76630.80,76630.90,76530.00,76530.00,456.060
1779765300000,76530.00,76583.60,76434.00,76550.00,1121.711
1779766200000,76550.00,76685.00,76520.10,76620.50,887.256
1779767100000,76620.50,76647.10,76601.00,76629.00,525.581
1779768000000,76629.00,76675.90,76588.00,76638.10,957.261
1779768900000,76638.10,76737.30,76569.80,76700.00,789.348
1779769800000,76700.00,76757.90,76700.00,76738.70,566.432
1779770700000,76738.70,76784.40,76713.60,76713.90,519.710
1779771600000,76713.90,76812.00,76668.20,76773.70,654.581
1779772500000,76773.70,76856.00,76773.70,76828.80,701.283
1779773400000,76828.80,76950.00,76818.00,76880.60,1000.643
1779774300000,76880.60,76895.10,76815.00,76887.30,503.426
1779775200000,76887.40,76887.40,76777.00,76838.30,946.130
1779776100000,76838.30,76873.90,76735.20,76805.30,748.266
1779777000000,76805.30,77045.90,76800.00,76942.60,1170.218
1779777900000,76942.60,76945.20,76862.30,76869.80,497.682
1779778800000,76869.90,76886.60,76621.90,76650.00,981.376
1779779700000,76649.90,76683.90,76556.90,76671.10,1202.633
1779780600000,76671.10,76671.10,76571.40,76611.80,837.852
1779781500000,76611.80,76728.90,76610.30,76685.10,470.246
1779782400000,76685.00,76780.00,76652.40,76751.20,522.672
1779783300000,76751.20,76780.60,76683.00,76770.20,528.994
1779784200000,76769.80,76819.70,76713.00,76794.40,403.996
1779785100000,76794.40,76799.90,76681.10,76687.90,378.369
1779786000000,76687.80,76710.60,76621.00,76651.20,538.465
1779786900000,76651.20,76779.20,76606.00,76701.60,570.935
1779787800000,76701.70,76750.20,76619.80,76654.10,643.655
1779788700000,76654.00,76671.20,76608.90,76641.00,254.785
1779789600000,76640.90,76695.10,76543.80,76686.90,784.867
1779790500000,76686.90,77242.50,76686.90,77198.50,3808.814
1779791400000,77198.40,77548.50,77129.40,77472.90,5257.368
1779792300000,77472.90,77600.00,77373.40,77398.60,2440.540
1779793200000,77398.70,77477.70,77224.40,77237.60,1512.339
1779794100000,77237.60,77326.50,77165.50,77197.00,1674.133
1779795000000,77197.00,77285.30,77136.20,77194.60,937.034
1779795900000,77194.60,77253.50,77150.00,77153.90,581.294
1779796800000,77153.80,77200.00,76847.80,77019.90,3237.635
1779797700000,77019.90,77074.00,76918.00,76992.00,1106.047
1779798600000,76992.00,77076.10,76932.10,77061.60,743.255
1779799500000,77061.60,77115.30,77024.20,77098.90,788.894
1779800400000,77098.90,77117.20,77016.00,77057.70,659.982
1779801300000,77057.70,77058.40,76742.10,76762.70,2682.269
1779802200000,76762.70,76961.30,76641.70,76867.20,2644.234
1779803100000,76867.10,77432.60,76867.10,77199.20,4232.911
1779804000000,77199.20,77377.00,77086.50,77376.90,2193.854
1779804900000,77377.00,78077.10,77325.70,77923.00,11829.269
1779805800000,77923.10,77973.40,76711.70,76788.10,12705.806
1779806700000,76788.10,77168.30,76682.30,76873.60,6143.468
1779807600000,76873.60,76983.40,76650.00,76935.90,2849.427
1779808500000,76935.90,76951.60,76501.00,76614.60,2915.725
1779809400000,76614.50,76667.40,76301.10,76500.90,8379.379
1779810300000,76500.80,76518.50,76234.70,76478.20,3615.480
1779811200000,76478.20,76493.30,76171.00,76304.80,2858.995
1779812100000,76304.90,76540.00,76276.40,76513.50,1965.305
1779813000000,76513.50,76678.70,76459.90,76510.20,2474.672
1779813900000,76510.30,76570.70,76379.00,76534.60,1665.051
1779814800000,76534.70,76624.90,76440.20,76451.40,869.835
1779815700000,76451.40,76458.80,76026.60,76030.40,4589.182
1779816600000,76030.40,76036.10,75809.50,76005.50,7364.502
1779817500000,76005.50,76137.80,75903.20,75909.60,2271.556
1779818400000,75909.60,76010.70,75831.20,75996.40,2632.889
1779819300000,75996.40,76296.70,75980.50,76074.40,2183.370
1779820200000,76074.40,76116.60,75860.20,75892.00,1280.395
1779821100000,75892.10,75986.60,75711.00,75822.60,1713.892
1779822000000,75822.60,75914.90,75807.60,75836.10,1067.250
1779822900000,75836.10,75912.40,75782.00,75895.50,646.537
1779823800000,75895.50,76035.10,75855.90,76000.10,786.693
1779824700000,76000.00,76080.00,75963.00,76028.30,961.991
1779825600000,76028.40,76100.00,76013.20,76089.20,787.584
1779826500000,76089.20,76135.80,75980.70,76135.80,630.744
1779827400000,76135.80,76157.80,75960.20,76048.40,583.675
1779828300000,76048.40,76097.10,76042.20,76082.00,350.051
1779829200000,76081.90,76092.30,75822.60,75870.40,664.677
1779830100000,75870.50,76032.90,75860.60,76022.40,358.784
1779831000000,76022.30,76064.40,75950.50,75972.40,310.561
1779831900000,75972.30,76016.80,75832.80,75864.00,604.087
1779832800000,75864.00,75975.60,75711.00,75767.30,1392.881
1779833700000,75767.40,75821.40,75721.20,75770.40,643.272
1779834600000,75770.30,75845.80,75740.40,75774.30,690.827
1779835500000,75774.30,75774.30,75641.20,75729.60,1284.601
1779836400000,75729.70,75912.30,75729.70,75867.60,1144.058
1779837300000,75867.50,75923.00,75836.60,75884.10,518.838
1779838200000,75884.00,75962.00,75862.50,75924.40,644.086
1779839100000,75924.50,75939.70,75868.60,75905.50,359.862
1779840000000,75905.60,75992.00,75890.80,75959.70,852.291
1779840900000,75959.70,75959.70,75854.90,75908.60,459.546
1779841800000,75908.60,76031.90,75873.20,75938.50,791.651
1779842700000,75938.50,76069.00,75925.60,76055.30,940.239
1779843600000,76055.30,76083.90,75984.40,76054.90,791.864
1779844500000,76055.00,76055.00,75794.90,75844.90,1014.882
1779845400000,75844.90,75906.90,75801.80,75841.00,480.894
1779846300000,75841.00,75959.50,75821.80,75846.60,561.797
1779847200000,75846.60,75868.10,75743.90,75788.30,737.600
1779848100000,75788.40,75811.00,75654.80,75732.60,992.740
1779849000000,75732.50,75815.90,75670.80,75710.40,531.144
1779849900000,75710.50,75861.20,75706.70,75850.90,540.827
1779850800000,75850.90,75940.00,75808.40,75856.80,871.105
1779851700000,75856.90,75867.50,75775.70,75817.70,656.961
1779852600000,75817.70,75838.50,75710.00,75740.00,450.114
1779853500000,75740.00,75747.10,75555.10,75635.60,1587.489
1779854400000,75635.60,75680.10,75593.30,75599.90,877.556
1779855300000,75600.00,75603.80,75467.00,75480.00,2054.867
1779856200000,75480.00,75491.40,75277.80,75321.60,4175.016
1779857100000,75321.60,75575.70,75321.60,75542.90,1732.921
1779858000000,75543.00,75616.40,75542.90,75596.00,960.041
1779858900000,75596.10,75684.60,75559.10,75638.50,867.944
1779859800000,75638.50,75692.00,75539.90,75603.80,922.194
1779860700000,75603.80,75708.60,75593.10,75676.40,614.064
1779861600000,75676.40,75769.50,75659.30,75707.00,996.994
1779862500000,75706.90,75715.30,75649.10,75707.00,328.066
1779863400000,75707.10,75795.40,75689.70,75795.40,484.058
1779864300000,75795.30,75864.40,75778.00,75800.00,850.262
1779865200000,75800.00,75855.50,75727.10,75757.60,546.880
1779866100000,75757.60,75836.30,75721.40,75832.90,519.716
1779867000000,75833.00,75938.00,75810.30,75847.40,1365.025
1779867900000,75847.40,75940.00,75847.40,75935.00,846.622
1779868800000,75935.00,75977.90,75862.00,75883.20,1238.702
1779869700000,75883.20,76038.00,75855.00,76010.20,1158.241
1779870600000,76010.20,76010.20,75917.10,75935.40,690.907
1779871500000,75935.40,75954.60,75800.00,75838.40,724.993
1779872400000,75838.50,75846.40,75689.10,75717.40,1093.766
1779873300000,75717.50,75817.70,75666.00,75783.80,776.666
1779874200000,75783.80,75943.70,75770.00,75891.40,775.577
1779875100000,75891.30,75910.00,75826.20,75875.60,453.084
1779876000000,75875.70,75919.90,75841.70,75919.80,578.909
1779876900000,75919.90,76010.20,75904.90,75957.80,858.270
1779877800000,75957.70,75982.70,75835.00,75872.80,549.907
1779878700000,75872.80,75912.00,75850.10,75863.70,511.390
1779879600000,75863.80,75965.50,75844.00,75918.90,500.754
1779880500000,75918.90,75992.20,75883.40,75883.50,677.158
1779881400000,75883.40,75883.50,75760.10,75804.80,1043.948
1779882300000,75804.90,75804.90,75723.60,75737.90,559.930
1779883200000,75737.90,75748.60,75571.90,75600.00,1328.271
1779884100000,75600.00,76155.50,75541.00,75910.90,4336.902
1779885000000,75910.90,75965.80,75788.00,75892.30,1073.882
1779885900000,75892.30,75892.40,75652.10,75655.00,1314.687
1779886800000,75654.90,75735.60,75359.00,75414.70,3070.697
1779887700000,75414.60,75459.20,75158.00,75167.00,4044.028
1779888600000,75167.00,75298.80,74839.10,74900.00,8900.447
1779889500000,74899.90,75079.90,74835.00,75054.30,4727.979
1779890400000,75054.30,75250.00,74933.90,74983.60,4744.627
1779891300000,74983.70,75150.00,74735.70,74851.10,4098.910
1779892200000,74851.00,75108.90,74783.60,75043.10,3668.035
1779893100000,75043.10,75138.10,74966.70,75000.70,1238.205
1779894000000,75000.70,75134.80,74950.10,75095.00,1416.754
1779894900000,75094.90,75399.60,75070.80,75328.10,3337.351
1779895800000,75328.10,75485.90,75129.80,75179.10,2311.075
1779896700000,75179.10,75408.00,75170.20,75300.00,1652.351
1779897600000,75300.00,75382.60,75174.30,75263.10,1116.892
1779898500000,75263.10,75283.90,75014.60,75068.10,1806.719
1779899400000,75068.00,75133.30,74961.00,75111.20,1616.604
1779900300000,75111.30,75300.00,75084.60,75273.90,1213.697
1779901200000,75273.90,75316.80,74925.10,74946.00,2923.495
1779902100000,74946.00,75057.50,74872.00,74977.30,1482.934
1779903000000,74977.30,75015.10,74826.80,74880.40,1372.164
1779903900000,74880.50,74949.70,74645.00,74838.20,2815.583
1779904800000,74838.20,74926.20,74632.00,74710.60,1986.911
1779905700000,74710.60,74908.30,74675.30,74880.90,1186.068
1779906600000,74880.80,74974.00,74856.10,74953.30,634.618
1779907500000,74953.20,75007.90,74922.10,75000.00,891.505
1779908400000,75000.00,75038.20,74940.00,75020.00,920.072
1779909300000,75020.10,75059.50,74945.40,75010.00,670.972
1779910200000,75009.90,75077.60,74942.50,74988.30,1172.410
1779911100000,74988.20,75048.40,74920.00,75039.90,835.991
1779912000000,75039.80,75280.00,75022.40,75271.80,1400.857
1779912900000,75271.80,75391.00,75234.10,75242.70,1320.374
1779913800000,75242.70,75259.90,75180.30,75220.00,389.597
1779914700000,75219.90,75260.10,75202.00,75237.60,365.380
1779915600000,75237.60,75237.60,75116.60,75136.70,587.149
1779916500000,75136.60,75176.80,75065.60,75065.60,449.981
1779917400000,75065.70,75077.30,74400.00,74600.00,3852.108
1779918300000,74599.90,74600.00,74300.10,74439.90,5279.392
1779919200000,74440.00,74742.70,74278.60,74363.10,4469.563
1779920100000,74363.10,74615.10,74218.20,74563.60,2773.446
1779921000000,74563.60,74638.70,74445.00,74592.10,798.757
1779921900000,74592.10,74627.70,74382.10,74390.00,938.578
1779922800000,74389.90,74444.70,74326.50,74420.30,970.732
1779923700000,74420.40,74545.80,74210.00,74270.90,1928.519
1779924600000,74270.90,74373.00,74231.00,74351.20,1238.730
1779925500000,74351.20,74461.80,74274.50,74418.10,1445.890
1779926400000,74418.00,74555.50,74395.00,74409.60,1216.348
1779927300000,74409.60,74545.60,74336.70,74449.90,888.117
1779928200000,74450.00,74547.50,74443.90,74547.50,493.060
1779929100000,74547.50,74554.90,74420.00,74541.60,541.074
1779930000000,74541.70,74565.30,74417.30,74449.10,486.531
1779930900000,74449.10,74513.00,74100.00,74258.00,3349.301
1779931800000,74258.00,74380.90,74130.00,74236.60,1381.576
1779932700000,74236.60,74353.40,74220.00,74313.00,523.935
1779933600000,74313.00,74373.60,74203.20,74334.50,736.987
1779934500000,74334.50,74355.20,74145.00,74180.70,970.644
1779935400000,74180.60,74263.70,74081.90,74231.70,1175.662
1779936300000,74231.70,74329.70,74206.00,74256.60,768.731
1779937200000,74256.60,74355.60,74100.60,74181.00,911.858
1779938100000,74181.10,74210.90,73436.40,73712.40,12297.811
1779939000000,73712.40,73758.60,73300.00,73396.80,9195.152
1779939900000,73396.70,73533.20,73036.00,73224.50,8650.991
1779940800000,73224.40,73240.00,72667.90,73053.60,8847.808
1779941700000,73053.70,73094.40,72775.30,72976.50,3198.345
1779942600000,72976.40,73169.70,72914.80,73150.10,2317.133
1779943500000,73150.00,73162.60,73052.10,73145.10,1035.333
1779944400000,73145.10,73145.10,72951.30,72992.10,1270.416
1779945300000,72992.10,73008.30,72889.00,72918.40,1199.516
1779946200000,72918.30,73050.60,72890.40,73003.60,1643.061
1779947100000,73003.50,73054.00,72872.50,72959.90,1276.593
1779948000000,72960.00,73003.50,72926.00,72965.60,812.298
1779948900000,72965.70,72999.10,72838.90,72905.80,1356.217
1779949800000,72905.80,72921.90,72729.20,72880.50,1578.921
1779950700000,72880.50,73182.20,72880.50,73170.90,3928.358
1779951600000,73171.00,73208.60,73113.20,73181.00,1592.720
1779952500000,73181.00,73314.00,73181.00,73229.70,1526.777
1779953400000,73229.70,73485.00,73229.70,73461.50,1770.167
1779954300000,73461.60,73476.60,73350.30,73467.00,1225.216
1779955200000,73467.00,73474.80,73309.90,73420.00,906.898
1779956100000,73419.90,73420.00,73189.20,73240.80,883.190
1779957000000,73240.80,73274.00,73167.40,73257.60,986.986
1779957900000,73257.50,73355.10,73249.70,73294.00,924.082
1779958800000,73293.90,73366.00,73230.00,73283.10,667.492
1779959700000,73283.00,73389.50,73270.10,73373.90,399.273
1779960600000,73374.00,73464.70,73330.40,73459.60,984.642
1779961500000,73459.60,73535.70,73457.00,73514.10,1128.679
1779962400000,73514.00,73592.10,73468.00,73548.10,1111.399
1779963300000,73548.00,73562.00,73316.50,73403.00,1303.346
1779964200000,73402.90,73489.20,73377.00,73486.60,594.957
1779965100000,73486.60,73572.30,73349.00,73375.20,1253.572
1779966000000,73375.30,73436.40,73312.00,73414.40,975.610
1779966900000,73414.40,73435.00,73304.90,73332.80,572.550
1779967800000,73332.80,73452.50,73280.70,73452.50,590.993
1779968700000,73452.50,73510.00,73400.20,73479.10,623.387
1779969600000,73479.00,73496.40,73372.70,73372.80,898.968
1779970500000,73372.80,73389.50,73221.60,73349.90,1108.666
1779971400000,73349.90,73525.60,73317.40,73454.00,1302.082
1779972300000,73453.90,73555.00,73451.00,73496.50,818.998
1779973200000,73496.40,73549.90,73297.30,73308.50,844.833
1779974100000,73308.60,73308.60,72933.90,73130.00,4338.395
1779975000000,73130.00,73136.00,72739.20,72755.20,4694.686
1779975900000,72755.10,73069.60,72755.10,72988.50,3629.529
1779976800000,72988.50,73316.40,72556.00,73283.70,12259.926
1779977700000,73283.70,73557.30,72855.20,72938.50,8638.999
1779978600000,72938.50,73023.50,72760.90,72828.90,3819.146
1779979500000,72828.90,73012.80,72662.20,72997.50,2491.316
1779980400000,72997.40,73155.40,72827.00,72836.00,1959.235
1779981300000,72835.90,72946.30,72662.20,72933.80,2290.203
1779982200000,72933.90,72986.10,72800.90,72986.10,1026.144
1779983100000,72986.00,73039.00,72860.00,72899.10,966.440
1779984000000,72899.00,73138.10,72704.00,73070.10,2330.349
1779984900000,73070.20,73280.00,73017.70,73123.10,1671.624
1779985800000,73123.20,73329.40,73121.40,73329.40,1473.896
1779986700000,73329.40,73415.00,73250.00,73415.00,2196.462
1779987600000,73414.90,73476.80,73285.80,73457.90,1948.243
1779988500000,73458.00,73461.60,73280.00,73336.40,1388.769
1779989400000,73336.50,73518.90,73307.90,73446.20,1142.970
1779990300000,73446.20,73722.50,73446.20,73518.20,2828.731
1779991200000,73518.20,73718.40,73474.90,73605.90,1362.957
1779992100000,73605.90,73723.00,73545.10,73557.50,950.456
1779993000000,73557.60,73660.00,73545.00,73573.10,836.998
1779993900000,73573.10,73710.00,73545.00,73626.40,590.189
1779994800000,73626.40,73626.50,73421.80,73452.00,843.971
1779995700000,73452.00,73537.20,73385.80,73537.20,657.642
1779996600000,73537.10,73574.40,73394.40,73409.60,678.667
1779997500000,73409.70,73499.70,73336.00,73393.50,1651.021
1779998400000,73393.40,73510.00,73212.30,73415.00,1821.620
1779999300000,73414.90,73639.60,73403.80,73620.00,954.650
1780000200000,73620.10,73698.60,73584.20,73669.70,771.227
1780001100000,73669.60,73669.70,73545.00,73553.50,926.226
1780002000000,73553.50,73697.10,73535.00,73669.60,649.960
1780002900000,73669.60,73738.20,73650.90,73669.70,675.423
1780003800000,73669.60,73900.00,73665.00,73877.80,1723.812
1780004700000,73877.80,73877.80,73765.30,73796.30,705.839
1780005600000,73796.30,73932.20,73670.70,73687.40,1354.656
1780006500000,73687.50,73695.00,73572.80,73584.10,729.134
1780007400000,73584.10,73592.30,73468.40,73472.10,955.601
1780008300000,73472.10,73568.90,73423.40,73448.70,645.150
1780009200000,73448.70,73572.60,73448.70,73572.50,577.020
1780010100000,73572.60,73673.70,73538.00,73661.60,434.890
1780011000000,73661.60,73695.00,73507.90,73577.60,424.656
1780011900000,73577.60,73618.80,73500.40,73591.40,381.589
1780012800000,73591.40,73768.20,73591.40,73724.40,1036.168
1780013700000,73724.40,73834.60,73656.20,73751.60,817.622
1780014600000,73751.70,73828.90,73718.40,73825.70,485.255
1780015500000,73825.80,73825.80,73651.70,73693.80,601.539
1780016400000,73693.90,73844.00,73693.80,73758.60,662.627
1780017300000,73758.50,73779.10,73538.60,73569.10,830.513
1780018200000,73569.10,73569.10,73450.00,73499.90,809.760
1780019100000,73500.00,73600.10,73430.50,73558.50,771.480
1780020000000,73558.50,73614.90,73520.70,73600.00,483.070
1780020900000,73599.90,73616.90,73331.10,73359.10,902.779
1780021800000,73359.20,73458.60,73300.00,73315.90,927.007
1780022700000,73316.00,73378.50,73158.80,73201.90,1218.921
1780023600000,73201.90,73434.20,73201.90,73422.40,881.732
1780024500000,73422.30,73422.40,73355.40,73363.20,325.062
1780025400000,73363.20,73418.00,73281.60,73332.10,615.378
1780026300000,73332.00,73335.60,73230.90,73269.20,451.355
1780027200000,73269.10,73343.70,73171.80,73197.60,1076.949
1780028100000,73197.60,73348.70,73197.60,73331.70,437.181
1780029000000,73331.60,73412.90,73318.30,73380.40,545.792
1780029900000,73380.50,73485.70,73370.40,73466.40,627.344
1780030800000,73466.30,73610.00,73459.10,73570.90,877.613
1780031700000,73570.90,73584.30,73501.10,73546.40,401.469
1780032600000,73546.30,73546.40,73460.80,73481.50,408.750
1780033500000,73481.50,73682.30,73473.40,73663.00,898.445
1780034400000,73663.00,73683.00,73599.60,73663.50,748.141
1780035300000,73663.50,73908.60,73663.40,73733.10,2090.385
1780036200000,73733.20,73738.70,73630.80,73670.00,535.317
1780037100000,73670.00,73787.20,73669.90,73752.50,417.239
1780038000000,73752.50,73792.90,73724.50,73786.50,596.700
1780038900000,73786.40,73797.30,73714.00,73734.60,657.251
1780039800000,73734.60,73734.70,73351.80,73368.80,2894.664
1780040700000,73368.80,73504.80,73333.00,73488.00,2440.411
1780041600000,73488.10,73694.20,73480.10,73681.60,1248.957
1780042500000,73681.50,73799.80,73661.90,73747.40,958.213
1780043400000,73747.40,73799.40,73678.70,73774.90,883.189
1780044300000,73774.90,73783.90,73600.10,73625.20,630.313
1780045200000,73625.10,73833.30,73615.00,73784.70,965.943
1780046100000,73784.70,73866.80,73770.60,73849.40,953.136
1780047000000,73849.30,73856.50,73786.60,73796.10,731.116
1780047900000,73796.10,73799.90,73680.60,73707.80,727.461
1780048800000,73707.80,73707.90,73636.50,73672.50,496.084
1780049700000,73672.50,73672.50,73581.50,73599.10,566.952
1780050600000,73599.10,73709.30,73556.10,73576.50,574.754
1780051500000,73576.50,73658.80,73561.40,73601.90,374.624
1780052400000,73601.90,73649.70,73560.60,73612.40,385.756
1780053300000,73612.30,73662.30,73516.80,73540.70,360.988
1780054200000,73540.60,73553.90,73447.00,73455.10,705.516
1780055100000,73455.00,73488.70,73305.10,73447.60,1208.652
1780056000000,73447.50,73447.50,73299.70,73335.00,949.112
1780056900000,73335.10,73384.00,73272.80,73293.90,959.419
1780057800000,73294.00,73306.40,73189.50,73246.10,1266.091
1780058700000,73246.00,73345.70,73166.00,73260.00,1496.551
1780059600000,73260.10,73267.60,73049.20,73099.30,2580.600
1780060500000,73099.20,73111.40,72930.90,73038.70,2461.493
1780061400000,73038.70,73280.70,72866.00,73235.10,3720.852
1780062300000,73235.10,73320.00,73032.50,73114.60,1668.385
1780063200000,73114.60,73176.40,72861.30,72982.50,1993.579
1780064100000,72982.40,73047.30,72436.00,72690.30,7134.264
1780065000000,72690.30,72860.00,72536.10,72619.70,3185.818
1780065900000,72619.70,73206.80,72575.60,73065.80,5644.342
1780066800000,73065.80,73732.60,72970.10,73664.70,7204.304
1780067700000,73664.70,73736.60,73436.40,73635.90,5703.972
1780068600000,73635.90,74177.00,73631.90,73793.20,10877.937
1780069500000,73793.20,73855.50,73671.40,73775.40,2628.197
1780070400000,73775.40,73988.30,73750.30,73921.90,2236.075
1780071300000,73921.90,73939.00,73528.50,73616.90,2796.421
1780072200000,73616.90,74079.00,73610.70,74047.60,2937.206
1780073100000,74047.70,74124.00,73888.00,74022.00,2701.654
1780074000000,74022.10,74272.50,73900.00,74211.80,3090.909
1780074900000,74211.80,74293.10,74113.30,74189.90,2990.638
1780075800000,74189.90,74292.30,74164.20,74177.40,1343.002
1780076700000,74177.40,74177.50,73876.10,73954.30,1811.867
1780077600000,73954.70,74040.30,73910.70,74012.40,887.054
1780078500000,74012.30,74019.90,73688.90,73758.10,3349.331
1780079400000,73758.00,73818.20,73713.70,73758.50,915.605
1780080300000,73758.60,73758.60,73057.80,73343.00,6205.409
1780081200000,73342.90,73485.10,73260.00,73395.10,1473.774
1780082100000,73395.00,73416.20,73207.30,73303.50,1256.433
1780083000000,73303.40,73693.60,73303.40,73650.00,1446.591
1780083900000,73650.00,73686.50,73482.50,73489.00,887.099
1780084800000,73489.00,73649.70,73474.20,73622.80,718.125
1780085700000,73622.70,73727.00,73560.90,73680.30,1205.208
1780086600000,73680.20,73735.20,73654.90,73669.60,349.001
1780087500000,73669.70,73720.90,73586.00,73644.90,461.128
1780088400000,73644.90,73829.20,73607.40,73770.00,490.347
1780089300000,73770.00,73778.00,73473.80,73499.90,1279.554
1780090200000,73499.90,73576.10,73424.40,73576.10,532.531
1780091100000,73576.00,73589.50,73369.90,73385.30,658.346
1780092000000,73385.20,73466.90,73344.60,73371.00,953.300
1780092900000,73371.00,73537.60,73370.90,73489.70,577.073
1780093800000,73489.70,73520.00,73394.60,73428.70,732.275
1780094700000,73428.70,73491.00,73367.40,73446.50,556.832
1780095600000,73446.50,73478.30,73347.00,73372.20,452.368
1780096500000,73372.30,73433.40,73279.30,73348.60,1042.344
1780097400000,73348.70,73394.40,73279.90,73394.30,662.746
1780098300000,73394.40,73462.30,73370.20,73428.20,436.447
1780099200000,73428.20,73489.70,73386.00,73447.90,385.208
1780100100000,73448.00,73512.70,73430.10,73430.10,652.912
1780101000000,73430.20,73483.90,73367.30,73483.60,382.738
1780101900000,73483.70,73545.30,73463.30,73463.30,623.622
1780102800000,73463.30,73575.90,73430.90,73537.90,490.044
1780103700000,73537.90,73614.80,73512.60,73589.70,624.077
1780104600000,73589.60,73625.90,73557.80,73565.10,462.339
1780105500000,73565.20,73623.60,73542.80,73623.60,327.766
1780106400000,73623.60,73672.20,73621.80,73633.80,454.909
1780107300000,73633.90,73653.00,73575.00,73594.50,276.826
1780108200000,73594.60,73695.20,73594.50,73674.80,421.923
1780109100000,73674.80,73747.60,73663.60,73747.40,503.238
1780110000000,73747.40,73757.90,73691.20,73726.10,621.116
1780110900000,73726.10,73726.20,73622.40,73630.60,456.302
1780111800000,73630.60,73630.70,73500.00,73505.60,737.353
1780112700000,73505.70,73562.60,73485.00,73492.40,528.118
1780113600000,73492.40,73549.70,73308.20,73460.00,1288.006
1780114500000,73459.90,73460.00,73262.40,73310.50,858.070
1780115400000,73310.40,73319.70,73130.10,73279.90,1818.453
1780116300000,73279.90,73374.00,73252.60,73365.90,1428.452
1780117200000,73365.90,73671.20,73309.40,73469.60,2782.088
1780118100000,73469.60,73530.00,73464.90,73481.60,402.106
1780119000000,73481.70,73549.70,73481.60,73549.70,258.464
1780119900000,73549.60,73606.80,73549.60,73567.50,345.313
1780120800000,73567.50,73582.60,73492.00,73507.10,529.529
1780121700000,73507.10,73595.10,73507.10,73576.40,261.765
1780122600000,73576.40,73685.00,73576.40,73628.10,566.610
1780123500000,73628.10,73634.40,73515.00,73550.70,459.789
1780124400000,73550.70,73555.00,73501.50,73507.00,285.499
1780125300000,73507.00,73546.20,73494.60,73528.40,183.346
1780126200000,73528.30,73546.20,73460.10,73460.10,317.225
1780127100000,73460.20,73514.70,73448.40,73513.90,360.057
1780128000000,73514.00,73525.00,73499.20,73525.00,204.617
1780128900000,73524.90,73527.70,73473.70,73520.00,208.348
1780129800000,73520.00,73524.10,73479.70,73490.00,235.654
1780130700000,73490.00,73506.70,73471.00,73491.60,287.726
1780131600000,73491.70,73517.00,73470.50,73515.00,248.371
1780132500000,73515.00,73549.90,73496.80,73529.90,263.895
1780133400000,73530.00,73547.10,73514.80,73535.60,207.810
1780134300000,73535.50,73590.30,73526.40,73576.80,305.665
1780135200000,73576.80,73626.00,73558.00,73598.90,270.952
1780136100000,73598.80,73648.00,73583.80,73597.30,491.161
1780137000000,73597.30,73619.80,73583.30,73604.30,477.370
1780137900000,73604.30,73635.70,73574.30,73615.40,300.315
1780138800000,73615.40,73619.80,73578.00,73582.70,210.976
1780139700000,73582.70,73592.00,73529.10,73556.50,330.500
1780140600000,73556.50,73602.80,73556.50,73595.50,204.291
1780141500000,73595.50,73599.60,73546.60,73567.90,237.322
1780142400000,73568.00,73581.70,73556.40,73570.80,207.407
1780143300000,73570.80,73650.00,73570.80,73619.50,357.771
1780144200000,73619.60,73697.20,73616.80,73646.00,359.548
1780145100000,73646.00,73668.00,73620.00,73661.50,283.972
1780146000000,73661.50,73750.00,73660.00,73705.90,693.618
1780146900000,73705.90,73814.20,73677.40,73742.60,1240.234
1780147800000,73742.70,73747.00,73638.20,73716.40,665.265
1780148700000,73716.40,73809.90,73713.60,73805.00,700.132
1780149600000,73804.90,73988.00,73783.50,73906.80,2151.273
1780150500000,73906.80,74035.00,73851.60,74009.50,1399.075
1780151400000,74009.50,74078.60,73965.90,73970.10,1887.182
1780152300000,73970.10,73996.80,73878.00,73901.00,802.254
1780153200000,73901.00,74011.20,73844.30,73999.10,704.126
1780154100000,73999.00,74007.40,73804.10,73908.50,1005.236
1780155000000,73908.60,73913.80,73803.10,73839.80,521.280
1780155900000,73839.90,73938.90,73839.80,73888.00,522.280
1780156800000,73888.00,73944.90,73844.30,73929.30,671.834
1780157700000,73929.40,73946.50,73864.50,73875.70,333.935
1780158600000,73875.80,73949.40,73865.60,73918.30,447.783
1780159500000,73918.40,73944.90,73865.10,73899.90,227.492
1780160400000,73900.00,73910.00,73840.10,73877.70,353.142
1780161300000,73877.80,73989.90,73866.00,73895.50,1048.286
1780162200000,73895.50,73918.40,73772.50,73918.40,847.302
1780163100000,73918.30,73988.00,73918.30,73982.00,301.121
1780164000000,73982.00,74000.00,73956.60,73984.10,334.293
1780164900000,73984.10,74077.00,73899.00,73935.80,909.777
1780165800000,73935.70,74065.70,73923.90,74064.00,550.698
1780166700000,74064.00,74108.80,73966.30,74007.50,783.178
1780167600000,74007.50,74013.00,73966.90,74003.80,298.923
1780168500000,74003.80,74036.10,73955.50,73959.60,246.106
1780169400000,73959.60,74011.90,73934.90,73992.70,702.902
1780170300000,73992.60,74045.00,73976.60,73980.10,267.793
1780171200000,73980.00,73986.20,73896.70,73922.80,386.209
1780172100000,73922.80,73941.60,73919.00,73928.60,143.322
1780173000000,73928.60,73940.90,73888.50,73893.50,545.104
1780173900000,73893.60,73949.20,73890.70,73944.50,327.627
1780174800000,73944.40,73960.30,73925.60,73951.00,211.258
1780175700000,73951.00,73975.50,73942.30,73955.40,466.833
1780176600000,73955.50,74028.30,73921.00,73954.50,282.130
1780177500000,73954.40,73988.20,73888.10,73954.80,436.289
1780178400000,73954.80,73954.80,73792.40,73871.20,596.827
1780179300000,73871.20,73898.40,73824.80,73871.00,281.051
1780180200000,73870.90,73871.00,73755.60,73779.60,495.554
1780181100000,73779.60,73861.20,73779.60,73849.80,208.022
1780182000000,73849.80,73971.50,73806.30,73818.50,752.733
1780182900000,73818.50,73857.80,73789.00,73823.00,402.418
1780183800000,73822.90,73823.00,73750.00,73772.90,328.774
1780184700000,73773.00,73856.90,73772.70,73856.80,276.081
1780185600000,73856.90,73905.00,73821.40,73852.30,478.917
1780186500000,73852.20,74010.80,73847.30,73943.40,608.191
1780187400000,73943.40,73999.90,73901.90,73917.80,191.779
1780188300000,73917.80,74013.80,73888.00,74003.70,377.827
1780189200000,74003.70,74137.00,73991.10,74111.80,958.444
1780190100000,74111.70,74250.00,74056.20,74072.20,1733.876
1780191000000,74072.20,74195.00,74036.70,74036.70,823.505
1780191900000,74036.70,74112.50,74017.10,74021.10,407.444
1780192800000,74021.20,74135.00,74020.30,74134.90,329.031
1780193700000,74134.90,74211.40,73925.80,73933.10,1280.196
1780194600000,73933.10,73999.60,73839.00,73943.80,943.992
1780195500000,73943.70,74085.20,73903.80,74060.90,833.288
1780196400000,74061.00,74137.00,74030.70,74126.90,538.196
1780197300000,74127.00,74200.00,74083.40,74178.10,483.854
1780198200000,74178.20,74188.60,74098.20,74137.90,329.198
1780199100000,74137.90,74158.00,74104.80,74107.60,217.313
1780200000000,74107.50,74135.50,74074.10,74079.90,253.402
1780200900000,74079.90,74193.50,74061.80,74160.90,587.692
1780201800000,74160.90,74179.70,74111.10,74165.90,409.010
1780202700000,74165.90,74194.60,74127.30,74144.30,277.254
1780203600000,74144.30,74180.10,74124.30,74143.60,216.598
1780204500000,74143.60,74164.90,74093.70,74136.00,273.831
1780205400000,74135.90,74150.80,74046.00,74071.10,356.178
1780206300000,74071.10,74071.70,74018.10,74027.90,339.083
1780207200000,74027.80,74031.80,73958.10,73969.90,530.399
1780208100000,73969.90,74011.40,73964.00,73994.60,345.856
1780209000000,73994.60,74077.50,73984.80,74032.90,332.899
1780209900000,74032.80,74047.40,74018.30,74020.00,166.030
1780210800000,74020.10,74020.10,73919.40,73934.20,611.042
1780211700000,73934.10,73939.30,73858.00,73863.40,574.962
1780212600000,73863.40,73877.70,73793.20,73828.20,946.952
1780213500000,73828.10,73872.90,73821.20,73833.30,497.736
1780214400000,73833.20,73943.00,73833.20,73878.00,909.624
1780215300000,73877.90,73952.90,73874.80,73946.00,435.799
1780216200000,73946.00,73946.00,73820.00,73853.90,381.492
1780217100000,73853.80,73949.70,73816.80,73913.40,374.357
1780218000000,73913.40,73913.40,73837.20,73866.30,237.638
1780218900000,73866.20,73946.00,73856.20,73926.90,206.020
1780219800000,73927.00,73998.90,73906.30,73945.60,280.593
1780220700000,73945.70,73977.70,73779.80,73814.50,554.726
1780221600000,73814.60,73838.80,73781.10,73826.10,403.571
1780222500000,73826.10,73826.20,73701.00,73778.50,885.242
1780223400000,73778.60,73813.80,73773.70,73812.00,297.565
1780224300000,73811.90,73875.60,73776.90,73871.50,295.525
1780225200000,73871.50,73915.30,73868.40,73880.00,377.526
1780226100000,73879.90,73944.10,73869.20,73944.10,179.308
1780227000000,73944.10,73944.10,73888.80,73926.10,259.084
1780227900000,73926.40,73949.00,73880.90,73913.60,221.755
1780228800000,73913.60,73956.60,73841.60,73892.60,281.709
1780229700000,73892.70,73975.10,73892.60,73908.10,321.922
1780230600000,73908.10,73950.00,73872.10,73949.90,253.266
1780231500000,73950.00,73955.20,73863.10,73892.10,218.199
1780232400000,73892.20,73928.40,73850.10,73913.30,202.314
1780233300000,73913.40,73997.80,73900.00,73930.00,276.584
1780234200000,73930.10,73944.10,73850.00,73868.20,274.184
1780235100000,73868.20,73871.80,73770.10,73841.00,455.140
1780236000000,73841.00,73841.10,73600.00,73689.70,1757.518
1780236900000,73689.70,73752.40,73388.00,73558.40,6160.583
1780237800000,73558.40,73712.50,73550.00,73577.70,1634.788
1780238700000,73577.70,73666.50,73550.10,73570.30,690.903
1780239600000,73570.20,73648.90,73550.20,73643.10,495.512
1780240500000,73643.20,73745.60,73616.20,73707.40,458.941
1780241400000,73707.30,73718.00,73571.40,73598.30,544.132
1780242300000,73598.30,73644.90,73595.00,73613.50,299.716
1780243200000,73613.40,73697.30,73573.40,73586.00,484.811
1780244100000,73585.90,73600.00,73480.70,73573.90,744.601
1780245000000,73573.90,73573.90,73340.70,73464.70,2232.255
1780245900000,73464.70,73517.40,73401.10,73499.90,421.312
1780246800000,73500.00,73533.40,73431.30,73488.40,547.909
1780247700000,73488.40,73564.60,73488.40,73564.50,296.202
1780248600000,73564.50,73687.50,73564.40,73687.40,661.120
1780249500000,73687.50,73704.00,73639.70,73681.30,238.738
1780250400000,73681.30,73681.30,73580.00,73615.20,361.705
1780251300000,73615.20,73646.90,73569.50,73595.40,227.293
1780252200000,73595.40,73680.00,73587.20,73604.20,194.289
1780253100000,73604.30,73607.50,73540.20,73573.80,291.135
1780254000000,73573.70,73623.40,73550.80,73557.00,330.780
1780254900000,73557.10,73587.60,73420.20,73498.10,400.964
1780255800000,73498.20,73516.40,73417.20,73490.30,373.030
1780256700000,73490.20,73542.00,73485.20,73521.90,163.145
1780257600000,73521.90,73709.50,73521.90,73658.50,1088.111
1780258500000,73658.60,73722.50,73630.10,73652.40,290.399
1780259400000,73652.40,73690.20,73633.70,73661.40,315.343
1780260300000,73661.40,73732.70,73661.30,73710.90,193.306
1780261200000,73710.90,73726.60,73650.30,73650.30,252.535
1780262100000,73650.30,73706.60,73590.20,73611.30,255.753
1780263000000,73611.30,73722.40,73597.20,73718.10,272.268
1780263900000,73718.00,73897.60,73718.00,73860.60,1628.048
1780264800000,73860.50,73945.00,73645.60,73879.40,1199.583
1780265700000,73879.50,73965.00,73773.50,73851.80,711.618
1780266600000,73851.70,73966.00,73835.00,73872.60,439.208
1780267500000,73872.70,73975.00,73872.70,73918.50,416.094
1780268400000,73918.60,74179.90,73903.70,73903.70,2168.409
1780269300000,73903.70,73938.80,73756.30,73800.10,703.835
1780270200000,73800.10,73803.80,73470.80,73550.00,1822.218
1780271100000,73549.90,73689.70,73531.60,73653.20,636.231
1780272000000,73653.20,73861.50,73620.00,73781.60,959.527
1780272900000,73781.70,73944.20,73683.10,73933.10,667.090
1780273800000,73933.10,74070.50,73800.00,73907.90,1304.847
1780274700000,73908.00,73993.10,73838.00,73855.00,838.985
1780275600000,73854.90,73890.00,73529.60,73533.60,1676.842
1780276500000,73533.50,73621.20,73533.50,73562.40,779.276
1780277400000,73562.40,73629.70,73420.00,73463.00,947.826
1780278300000,73463.10,73546.20,73235.00,73257.80,2210.634
1780279200000,73257.90,73539.60,73171.00,73514.90,1904.828
1780280100000,73515.00,73525.80,73415.00,73496.00,584.277
1780281000000,73496.10,73865.00,73432.40,73752.50,2109.832
1780281900000,73752.40,73838.00,73712.60,73766.30,1052.802
1780282800000,73766.20,73998.80,73761.50,73849.90,1488.257
1780283700000,73850.00,73949.00,73764.80,73887.70,829.835
1780284600000,73887.70,73951.00,73763.70,73824.70,529.025
1780285500000,73824.80,73884.30,73692.90,73731.30,514.261
1780286400000,73731.40,73815.90,73550.00,73566.50,940.860
1780287300000,73566.60,73586.30,73363.10,73368.40,2042.293
1780288200000,73368.40,73469.00,73365.00,73453.40,970.917
1780289100000,73453.40,73567.40,73307.70,73497.60,1014.092
1780290000000,73497.50,73507.90,73411.60,73496.50,556.086
1780290900000,73496.40,73500.00,73307.70,73307.70,696.873
1780291800000,73307.80,73399.90,73283.50,73393.70,577.823
1780292700000,73393.60,73435.50,73300.00,73319.50,436.353
1780293600000,73319.50,73339.30,73200.30,73259.40,1145.497
1780294500000,73259.40,73297.30,73105.50,73160.00,1522.770
1780295400000,73160.00,73211.20,72958.10,72971.40,2072.157
1780296300000,72971.40,73184.50,72917.00,73106.60,3214.396
1780297200000,73106.60,73177.80,73010.60,73091.70,880.962
1780298100000,73091.70,73109.00,72880.00,72950.50,2032.733
1780299000000,72950.50,72967.90,72830.00,72914.70,1504.583
1780299900000,72914.70,72930.50,72668.00,72776.10,2398.767
1780300800000,72776.10,72833.10,72754.50,72792.90,951.213
1780301700000,72792.90,72839.90,72573.50,72706.00,1584.699
1780302600000,72706.00,72836.70,72585.90,72730.00,2996.776
1780303500000,72730.00,72907.80,72729.90,72875.70,1462.632
1780304400000,72875.80,72990.50,72875.70,72940.80,1061.278
1780305300000,72940.80,73084.00,72907.30,72976.20,1770.179
1780306200000,72976.10,73019.60,72888.00,72922.00,988.138
1780307100000,72922.00,72980.00,72801.10,72855.20,2056.876
1780308000000,72855.20,72878.10,72733.40,72753.10,1073.165
1780308900000,72753.00,72780.90,72639.40,72680.40,1517.626
1780309800000,72680.50,72766.50,72551.00,72680.00,1514.281
1780310700000,72680.00,72787.00,72680.00,72725.90,840.894
1780311600000,72725.90,72741.80,72624.60,72651.70,697.107
1780312500000,72651.60,72714.60,72622.00,72643.10,458.902
1780313400000,72643.00,72720.80,72576.90,72689.50,874.818
1780314300000,72689.50,72742.00,72188.00,72452.80,7541.166
1780315200000,72452.70,72583.70,71862.60,72036.80,11319.444
1780316100000,72036.80,72282.70,72004.30,72198.60,4504.824
1780317000000,72198.60,72303.60,72168.00,72248.10,2296.047
1780317900000,72248.20,72272.10,72080.20,72193.10,4089.711
1780318800000,72193.20,72215.10,71700.20,71821.00,7867.299
1780319700000,71820.90,72019.90,71723.70,71806.10,5265.062
1780320600000,71806.10,72043.30,71548.00,71581.00,7032.731
1780321500000,71580.90,72288.00,71350.00,71698.70,12335.768
1780322400000,71698.80,71884.90,71494.70,71654.60,5584.985
1780323300000,71654.50,71720.40,71460.10,71515.60,3285.884
1780324200000,71515.60,71579.20,71387.60,71474.70,2881.430
1780325100000,71474.70,71596.50,71390.30,71548.50,2561.773
1780326000000,71548.50,71662.60,71406.50,71491.20,2270.005
1780326900000,71491.10,71518.60,71037.60,71057.20,7343.863
1780327800000,71057.10,71476.40,71050.10,71255.00,4731.628
1780328700000,71255.10,71280.20,71035.30,71099.40,3178.868
1780329600000,71099.50,71172.70,70650.90,70857.40,8240.888
1780330500000,70857.40,71070.50,70800.00,71070.50,3872.925
1780331400000,71070.50,71329.00,71018.60,71315.00,4149.863
1780332300000,71314.90,71600.00,71311.80,71537.70,4321.563
1780333200000,71537.70,71609.80,71438.90,71558.40,2433.965
1780334100000,71558.40,71720.50,71439.00,71707.30,2131.029
1780335000000,71707.30,71761.10,71500.00,71694.60,3081.556
1780335900000,71694.60,71788.50,71594.30,71617.90,1562.060
1780336800000,71617.50,71670.70,71431.20,71457.80,1503.371
1780337700000,71457.90,71527.00,71350.10,71527.00,1231.051
1780338600000,71527.00,71657.10,71480.10,71480.10,802.682
1780339500000,71480.10,71528.60,71355.60,71470.10,1555.317
1780340400000,71470.10,71477.20,71376.00,71404.30,654.730
1780341300000,71404.30,71613.40,71358.00,71600.10,827.185
1780342200000,71600.00,71645.20,71506.60,71612.10,999.770
1780343100000,71612.10,71612.10,71470.80,71571.00,920.320
1780344000000,71571.00,71571.00,71487.70,71548.00,526.236
1780344900000,71548.10,71670.00,71495.50,71580.30,545.006
1780345800000,71580.30,71643.90,71541.20,71562.30,394.546
1780346700000,71562.30,71586.10,71383.80,71419.80,873.494
1780347600000,71419.70,71419.80,71122.00,71193.50,2707.620
1780348500000,71193.50,71201.40,71046.00,71120.30,1301.328
1780349400000,71120.30,71133.20,70911.00,70989.30,1501.140
1780350300000,70989.50,71099.20,70936.40,71004.60,1144.266
1780351200000,71004.60,71010.30,70806.00,70948.90,1722.357
1780352100000,70948.80,71311.50,70946.10,71254.50,2859.606
1780353000000,71254.50,71336.00,71051.10,71116.40,1243.675
1780353900000,71116.30,71439.50,71116.30,71376.60,1570.409
1780354800000,71376.70,71424.00,71294.30,71341.50,1021.501
1780355700000,71341.50,71454.00,71217.10,71217.10,829.841
1780356600000,71217.20,71564.00,71199.00,71489.70,1530.351
1780357500000,71489.80,71532.80,71350.00,71391.50,1067.099
1780358400000,71391.50,71397.00,71227.00,71249.80,1245.222
1780359300000,71249.80,71286.40,71124.70,71214.00,841.282
1780360200000,71214.00,71283.00,71071.50,71158.60,1016.712
1780361100000,71158.70,71284.00,71126.10,71266.60,655.274
1780362000000,71266.50,71357.20,71205.00,71345.60,933.040
1780362900000,71345.60,71354.50,71174.60,71188.30,806.279
1780363800000,71188.20,71209.70,70752.40,70928.90,3509.807
1780364700000,70928.90,70929.00,70555.70,70615.20,3211.813
1780365600000,70612.20,70700.00,70038.00,70319.70,9991.891
1780366500000,70319.70,70800.00,70125.30,70775.50,3931.046
1780367400000,70775.60,70855.90,70550.40,70571.20,2158.955
1780368300000,70571.10,70820.00,70550.00,70820.00,2066.163
1780369200000,70820.00,71022.40,70768.50,70881.60,1921.644
1780370100000,70881.50,70988.10,70791.50,70934.10,1173.350
1780371000000,70934.20,70982.40,70880.10,70960.40,689.451
1780371900000,70960.40,70996.50,70910.00,70920.70,582.172
1780372800000,70920.80,70990.00,70690.10,70739.80,1361.583
1780373700000,70739.70,70999.00,70739.70,70942.90,1032.542
1780374600000,70942.80,71022.70,70890.60,70991.90,904.901
1780375500000,70992.00,70992.00,70728.60,70782.30,812.187
1780376400000,70782.30,70820.80,70555.00,70779.30,2032.801
1780377300000,70779.30,70786.90,70549.90,70572.20,1150.678
1780378200000,70572.30,70700.20,70400.00,70500.10,2518.083
1780379100000,70500.10,70507.50,70222.20,70235.10,3806.917
1780380000000,70235.10,70414.90,70188.80,70273.70,2545.264
1780380900000,70273.70,70366.50,70191.00,70333.50,1336.577
1780381800000,70333.50,70393.20,70215.60,70220.40,1560.136
1780382700000,70220.40,70309.50,69889.10,70076.70,7216.979
1780383600000,70076.60,70133.20,69666.80,70020.00,5609.410
1780384500000,70020.00,70249.60,69794.70,69877.30,3240.800
1780385400000,69877.30,70216.00,69869.30,70176.60,2193.802
1780386300000,70176.60,70185.50,70037.00,70079.40,1287.379
1780387200000,70079.50,70146.20,69931.60,70025.90,1268.762
1780388100000,70026.00,70060.00,69828.20,69997.60,1960.873
1780389000000,69997.50,70060.00,69821.40,69833.00,758.169
1780389900000,69833.10,69919.30,69677.60,69794.40,2540.587
1780390800000,69794.40,69820.40,69450.00,69533.00,5043.842
1780391700000,69533.00,69605.70,69277.80,69366.60,3754.602
1780392600000,69366.60,69538.60,69316.50,69460.60,2756.740
1780393500000,69460.60,69499.90,69348.00,69393.20,2276.096
1780394400000,69393.10,69732.20,69316.50,69624.90,3371.870
1780395300000,69624.90,69700.00,69483.30,69608.90,1765.448
1780396200000,69609.00,69647.40,69412.00,69440.50,1532.552
1780397100000,69440.50,69666.60,69440.50,69620.80,901.641
1780398000000,69620.90,69635.00,69465.70,69524.90,772.673
1780398900000,69524.90,69541.40,69390.90,69464.80,1083.372
1780399800000,69464.90,69500.00,69364.10,69438.90,1004.019
1780400700000,69439.00,69584.70,69425.20,69430.20,739.553
1780401600000,69430.20,69514.60,69224.60,69314.90,2689.864
1780402500000,69314.90,69417.50,69211.00,69263.20,2098.971
1780403400000,69263.10,69263.20,69033.40,69190.00,4420.755
1780404300000,69190.10,69229.60,68955.00,68985.50,3023.811
1780405200000,68985.40,69171.00,68864.00,68891.00,7545.381
1780406100000,68891.10,69080.30,68840.50,69002.60,2430.509
1780407000000,69002.50,69090.00,68746.00,68861.60,5234.059
1780407900000,68861.60,68960.00,68736.00,68788.90,3171.708
1780408800000,68788.90,68818.40,68268.30,68556.10,12457.682
1780409700000,68556.10,68562.10,67573.50,67858.70,17815.793
1780410600000,67858.60,68250.00,67832.90,68000.00,9520.758
1780411500000,67999.90,68250.00,67944.00,67990.00,4251.812
1780412400000,67989.90,68075.00,67789.10,67828.60,4691.969
1780413300000,67828.50,67833.70,67326.80,67422.10,10745.861
1780414200000,67422.20,67475.60,67035.50,67251.90,11582.800
1780415100000,67251.90,67472.60,67077.90,67274.00,5822.021
1780416000000,67274.00,67972.80,67196.20,67903.40,8469.498
1780416900000,67903.30,68121.90,67777.00,67840.00,7836.291
1780417800000,67840.10,67846.80,67508.00,67608.60,5792.471
1780418700000,67608.50,67818.60,67369.60,67393.00,4217.165
1780419600000,67393.10,67605.80,67345.00,67480.80,2701.816
1780420500000,67480.80,67790.00,67436.20,67707.60,2483.225
1780421400000,67707.60,67821.90,67437.10,67464.30,2540.665
1780422300000,67464.20,67499.80,67357.30,67466.00,1625.554
1780423200000,67466.00,67641.60,67465.00,67573.20,1541.375
1780424100000,67573.10,67599.80,67265.00,67281.90,1727.479
1780425000000,67281.90,67345.70,67175.70,67280.10,2270.806
1780425900000,67280.10,67341.50,67088.00,67315.50,1843.104
1780426800000,67315.50,67415.20,67200.30,67323.90,1220.299
1780427700000,67323.70,67344.20,66888.10,66950.00,6747.314
1780428600000,66949.90,66996.70,66388.00,66895.10,13537.504
1780429500000,66895.00,67474.20,66839.40,67286.70,5942.729
1780430400000,67286.70,67462.00,67047.30,67348.20,3376.314
1780431300000,67348.10,67360.30,66880.10,66923.90,3406.723
1780432200000,66924.00,67330.50,66913.30,67279.90,2486.173
1780433100000,67280.00,67687.40,67272.30,67556.00,3586.227
1780434000000,67556.00,67782.70,67373.50,67444.90,3829.148
1780434900000,67444.90,67890.10,67435.10,67862.90,2556.141
1780435800000,67862.80,67899.90,67677.00,67705.50,1610.198
1780436700000,67705.50,67710.00,67480.00,67532.10,985.049
1780437600000,67532.10,67532.10,67182.40,67196.70,2465.085
1780438500000,67196.60,67408.40,66896.60,67261.10,3679.374
1780439400000,67261.00,67289.20,66731.80,66920.70,4114.199
1780440300000,66920.60,66920.60,66210.00,66354.20,11058.430
1780441200000,66354.30,66665.70,66161.80,66665.40,5507.871
1780442100000,66665.30,66746.40,66150.70,66417.80,4914.911
1780443000000,66417.80,66712.90,66214.30,66692.20,6609.876
1780443900000,66692.40,66844.80,66638.60,66730.00,3640.445
1780444800000,66730.10,66888.00,66620.40,66787.10,5852.132
1780445700000,66787.00,67094.50,66740.00,66747.90,3728.451
1780446600000,66747.80,67195.70,66680.00,67038.70,3345.646
1780447500000,67038.60,67120.10,66900.00,66900.20,1716.983
1780448400000,66900.30,66918.20,66650.00,66798.90,2751.817
1780449300000,66798.90,67009.90,66781.90,66986.50,1636.501
1780450200000,66986.60,67010.00,66442.00,66488.00,3667.070
1780451100000,66488.10,67010.00,66477.50,66890.80,2530.095
1780452000000,66890.80,66899.20,66700.00,66800.00,1123.452
1780452900000,66800.00,66913.00,66608.60,66628.20,1259.707
1780453800000,66628.10,66830.00,66572.80,66716.80,751.892
1780454700000,66716.80,66799.40,66547.40,66588.00,1495.363
1780455600000,66588.00,66635.00,66380.00,66488.00,3637.533
1780456500000,66488.00,66596.10,66034.30,66118.10,5043.769
1780457400000,66118.10,66238.40,65700.00,65725.60,9350.782
1780458300000,65725.70,65953.40,65359.10,65818.40,11179.309
1780459200000,65818.30,66594.70,65791.40,66314.50,8319.886
1780460100000,66314.40,66594.00,66290.00,66551.20,2573.055
1780461000000,66551.20,66551.20,66281.40,66412.70,1950.454
1780461900000,66412.70,66486.10,66240.70,66439.20,1132.184
1780462800000,66439.10,67240.00,66439.10,67104.90,10574.319
1780463700000,67104.80,67250.00,66951.90,67076.10,2750.228
1780464600000,67076.00,67076.00,66740.00,66993.50,2799.822
1780465500000,66993.40,67380.00,66993.40,67290.20,6546.228
1780466400000,67290.20,67343.20,67080.00,67126.90,2541.565
1780467300000,67126.80,67324.70,67114.90,67217.20,1388.160
1780468200000,67217.10,67493.80,67152.50,67290.90,3448.489
1780469100000,67290.80,67316.10,66913.10,66949.30,3164.033
1780470000000,66949.40,67124.00,66828.50,67037.40,2365.650
1780470900000,67037.40,67296.80,66990.90,67158.20,2657.797
1780471800000,67158.20,67251.20,67040.00,67175.90,820.373
1780472700000,67175.80,67299.90,67150.80,67186.70,1063.288
1780473600000,67186.70,67226.70,67030.00,67031.90,1660.859
1780474500000,67031.80,67109.50,66972.40,66999.20,1578.770
1780475400000,66999.30,67206.80,66934.20,67058.70,1892.522
1780476300000,67058.70,67149.00,66933.60,66987.70,2011.552
1780477200000,66987.70,67067.10,66889.00,66928.70,2047.419
1780478100000,66928.70,66934.70,66780.00,66801.30,3964.052
1780479000000,66801.20,66828.70,66700.00,66701.90,3748.015
1780479900000,66701.90,67313.90,66620.00,67040.90,8792.102
1780480800000,67041.00,67448.00,67032.60,67270.00,3445.056
1780481700000,67270.00,67308.90,67160.00,67287.00,1568.047
1780482600000,67287.00,67380.00,67175.30,67204.40,1164.108
1780483500000,67204.40,67295.60,67151.00,67260.00,744.945
1780484400000,67260.00,67340.00,67171.00,67313.80,743.568
1780485300000,67313.80,67330.80,67253.30,67301.00,630.784
1780486200000,67300.90,67301.00,67076.00,67122.80,1234.301
1780487100000,67122.80,67124.70,67026.60,67040.10,1328.061
1780488000000,67040.10,67109.90,66851.50,66947.00,1880.070
1780488900000,66946.90,67054.40,66760.00,67002.70,3038.019
1780489800000,67002.80,67142.10,66803.20,66939.10,2615.574
1780490700000,66939.00,67112.00,66892.10,67050.80,785.233
1780491600000,67050.70,67216.20,66960.90,67089.10,1458.379
1780492500000,67089.10,67220.20,66802.00,66811.00,1424.585
1780493400000,66811.10,67175.00,66682.90,66718.80,3726.792
1780494300000,66718.70,67025.00,66605.10,66884.80,3840.460
1780495200000,66884.80,66929.80,66707.50,66879.90,1855.343
1780496100000,66879.90,66910.20,66611.90,66770.00,2612.885
1780497000000,66770.00,66975.00,66689.00,66729.70,1790.823
1780497900000,66729.60,66917.10,66714.00,66840.90,1235.357
1780498800000,66841.00,66880.00,66462.60,66502.70,3718.869
1780499700000,66502.60,66645.90,66228.10,66579.70,7265.919
1780500600000,66579.60,66660.00,66183.10,66281.70,2885.295
1780501500000,66281.60,66361.40,66036.20,66046.50,5224.891
1780502400000,66046.60,66359.40,65836.50,66139.10,7752.567
1780503300000,66139.10,66200.00,65508.30,65574.50,9864.075
1780504200000,65574.60,65955.00,65555.60,65891.30,4855.602
1780505100000,65891.30,66049.50,65782.60,66037.40,2388.148
1780506000000,66037.40,66098.90,65674.90,65694.50,3025.801
1780506900000,65694.50,65967.40,65686.90,65925.20,1584.791
1780507800000,65925.10,66159.00,65820.60,66084.80,2750.360
1780508700000,66084.80,66088.90,65766.20,65934.00,1814.797
1780509600000,65934.00,66065.80,65820.10,65940.10,1228.244
1780510500000,65940.00,65940.10,65711.40,65879.70,1549.975
1780511400000,65879.60,66074.90,65759.90,66007.70,1057.689
1780512300000,66007.70,66141.70,65979.50,66006.60,1546.756
1780513200000,66006.50,66024.80,65871.70,65948.40,783.108
1780514100000,65948.40,66030.70,65560.10,65626.70,2932.586
1780515000000,65626.70,65807.60,65597.00,65735.10,1491.291
1780515900000,65735.10,65825.20,65199.00,65428.60,8105.590
1780516800000,65428.50,65581.60,65208.70,65549.50,3129.093
1780517700000,65549.50,65568.30,65251.50,65513.80,2271.303
1780518600000,65513.90,65539.90,65149.00,65158.00,3196.515
1780519500000,65158.10,65200.00,64711.10,64971.70,9579.265
1780520400000,64971.80,65550.20,64919.10,65371.20,4518.692
1780521300000,65371.20,65563.70,65362.80,65487.80,1474.199
1780522200000,65487.70,65688.00,65259.30,65489.70,3620.798
1780523100000,65489.80,65829.40,65454.00,65738.60,2883.597
1780524000000,65738.60,65814.20,65270.00,65299.70,3296.980
1780524900000,65299.60,65299.70,64957.40,65132.30,3594.212
1780525800000,65132.40,65237.10,64902.10,65037.60,2457.285
1780526700000,65037.50,65069.80,64733.90,64882.10,3939.332
1780527600000,64882.10,64957.70,64371.00,64573.90,7487.980
1780528500000,64573.90,64620.20,64323.00,64477.80,3708.595
1780529400000,64477.80,64606.50,64208.20,64228.00,4137.676
1780530300000,64228.00,64323.50,64050.80,64117.70,3795.948
1780531200000,64117.70,64412.90,64094.20,64287.20,4152.367
1780532100000,64287.20,64368.00,63310.20,63310.20,10155.251
1780533000000,63310.20,63788.60,63014.20,63564.30,11456.696
1780533900000,63564.40,63577.60,62911.90,63314.40,6252.902
1780534800000,63314.50,63478.50,63062.80,63094.00,4526.273
1780535700000,63093.80,63116.70,62541.00,62681.00,11739.887
1780536600000,62680.90,63144.80,62670.60,62787.50,5975.590
1780537500000,62787.50,62850.00,62066.60,62140.30,10946.189
1780538400000,62140.40,62460.00,61344.80,62365.20,21683.732
1780539300000,62365.30,63090.00,62106.20,62967.30,11992.705
1780540200000,62967.40,63472.20,62863.30,63371.80,8983.513
1780541100000,63371.80,63598.70,63121.90,63198.40,5604.172
1780542000000,63198.40,63992.60,63186.70,63931.00,7826.326
1780542900000,63931.00,64137.30,63854.00,63891.00,5664.419
1780543800000,63891.00,64495.90,63872.50,64351.40,8351.389
1780544700000,64351.40,64431.50,64223.50,64336.20,3187.306
1780545600000,64336.20,64640.30,64301.00,64598.10,3947.218
1780546500000,64598.10,64739.80,64471.50,64537.60,3032.513
1780547400000,64537.50,64582.50,64233.00,64381.70,3616.195
1780548300000,64381.60,64428.20,64273.70,64364.00,1542.210
1780549200000,64363.90,64363.90,63688.00,63935.20,6131.596
1780550100000,63935.20,63993.20,63607.40,63809.80,3481.774
1780551000000,63809.80,64312.50,63734.20,64250.60,3902.408
1780551900000,64250.60,64250.60,63878.00,63927.60,2000.586
1780552800000,63927.60,64237.70,63858.60,64237.70,1660.296
1780553700000,64237.60,64480.00,64152.00,64228.10,2410.412
1780554600000,64228.10,64417.90,64039.30,64309.50,1908.378
1780555500000,64309.40,64309.40,63943.10,64007.20,1477.803
1780556400000,64007.40,64041.80,63678.30,63785.10,2805.835
1780557300000,63785.20,63800.00,63450.00,63664.20,6039.106
1780558200000,63664.10,64014.00,63660.00,63892.80,2540.894
1780559100000,63892.90,63917.50,63560.60,63561.70,2265.861
1780560000000,63561.80,63875.90,63293.70,63319.30,3801.134
1780560900000,63319.30,63573.10,63201.10,63461.60,3863.850
1780561800000,63461.60,63659.70,63343.00,63382.40,2509.191
1780562700000,63382.40,63727.60,63376.10,63595.50,2119.525
1780563600000,63595.50,63616.30,63129.00,63307.00,3536.970
1780564500000,63307.00,63307.10,62762.90,62832.00,7151.693
1780565400000,62832.00,62974.40,62666.00,62869.80,4675.789
1780566300000,62869.80,63239.80,62866.90,63237.40,3759.091
1780567200000,63237.50,63250.00,62787.10,62847.30,3624.855
1780568100000,62847.20,62981.60,62461.50,62461.60,6184.908
1780569000000,62461.60,62769.20,62359.90,62688.50,6252.081
1780569900000,62688.40,62727.20,62256.00,62391.60,13798.098
1780570800000,62391.60,62650.00,62182.40,62243.00,7648.622
1780571700000,62243.00,62622.10,62201.20,62576.80,4332.829
1780572600000,62576.70,62800.00,62150.80,62199.90,7515.885
1780573500000,62200.00,62526.00,62199.90,62520.70,2244.480
1780574400000,62520.70,62676.90,62344.10,62499.50,3498.390
1780575300000,62499.50,63385.60,62491.00,63241.10,8597.037
1780576200000,63241.00,63710.30,63108.60,63527.80,7969.910
1780577100000,63527.80,63947.80,63465.80,63738.10,4961.975
1780578000000,63738.20,63815.90,63515.90,63550.00,3343.147
1780578900000,63550.00,63597.00,63038.00,63200.00,6740.175
1780579800000,63200.00,64223.10,63159.70,63761.60,13149.277
1780580700000,63761.50,64202.80,63632.00,64202.70,5434.086
1780581600000,64202.70,64463.70,63941.40,64331.60,6746.108
1780582500000,64331.70,64390.60,64015.30,64110.40,3509.891
1780583400000,64110.40,64113.40,63808.10,63968.90,3502.346
1780584300000,63968.90,64054.40,63733.00,63923.90,2380.121
1780585200000,63923.80,64355.20,63813.50,64332.70,5011.512
1780586100000,64332.60,64380.00,63760.50,63955.00,2951.240
1780587000000,63955.00,64082.70,63762.10,63807.80,2706.111
1780587900000,63807.80,63975.50,63650.00,63864.80,2350.009
1780588800000,63864.80,63889.90,63612.50,63628.10,1793.393
1780589700000,63628.10,63856.30,63603.70,63619.40,1696.908
1780590600000,63619.40,63836.80,63412.90,63751.50,3091.631
1780591500000,63751.40,63898.90,63471.70,63529.40,1965.601
1780592400000,63529.40,63698.70,63400.00,63566.20,2558.096
1780593300000,63566.30,63566.30,63055.10,63204.70,3217.338
1780594200000,63204.60,63282.30,62937.20,63007.90,3198.213
1780595100000,63007.90,63630.00,62910.00,63511.20,5402.720
1780596000000,63511.10,63559.40,63120.00,63134.70,2433.560
1780596900000,63134.70,63898.70,63117.60,63877.20,5101.756
1780597800000,63877.10,64091.70,63701.40,63895.60,5676.189
1780598700000,63895.60,64084.70,63791.10,63791.10,2483.785
1780599600000,63791.20,63868.40,63593.30,63865.30,2063.499
1780600500000,63865.30,64150.80,63840.90,64100.30,2667.782
1780601400000,64100.30,64120.90,63727.00,63755.10,1718.583
1780602300000,63755.10,63761.20,63508.60,63600.30,2560.260
1780603200000,63600.20,63616.00,63203.20,63469.30,4095.690
1780604100000,63469.00,63508.00,63140.80,63308.80,3602.166
1780605000000,63308.80,63628.00,63301.40,63517.70,1698.481
1780605900000,63517.70,63613.80,63378.90,63600.80,1184.160
1780606800000,63600.80,63847.90,63565.50,63773.10,1691.658
1780607700000,63773.10,63791.20,63399.80,63465.70,1148.511
1780608600000,63465.70,63491.00,63040.00,63463.40,2254.025
1780609500000,63463.30,63508.70,63225.60,63250.20,1092.275
1780610400000,63250.10,63471.80,63150.70,63253.80,2328.258
1780611300000,63253.70,63419.10,63248.50,63320.90,958.832
1780612200000,63320.90,63567.00,63194.10,63469.00,2111.039
1780613100000,63468.90,63740.20,63410.00,63702.20,1550.527
1780614000000,63702.30,63821.50,63571.70,63571.70,2248.521
1780614900000,63571.70,63591.30,63335.10,63437.20,1168.128
1780615800000,63437.30,63775.50,63437.30,63739.10,1331.306
1780616700000,63739.20,63897.00,63666.00,63853.40,1949.582
1780617600000,63853.40,63853.40,63621.00,63638.30,1346.040
1780618500000,63638.40,63888.00,63566.60,63878.00,1749.738
1780619400000,63878.00,63955.00,63643.00,63667.10,1574.028
1780620300000,63667.20,63770.70,63366.00,63398.30,1407.333
1780621200000,63398.30,63398.30,63011.00,63333.70,4253.695
1780622100000,63333.60,63399.80,63110.30,63320.60,1872.585
1780623000000,63320.70,63547.50,63237.50,63416.60,1305.705
1780623900000,63416.70,63425.50,63215.60,63347.00,1273.916
1780624800000,63347.00,63416.90,63145.00,63145.00,1202.536
1780625700000,63144.90,63243.30,62666.00,62671.20,5815.053
1780626600000,62671.10,62927.20,62555.00,62705.10,3391.436
1780627500000,62705.10,62829.00,62552.20,62585.50,2527.996
1780628400000,62585.60,62625.00,62300.00,62340.10,5411.786
1780629300000,62340.10,62790.40,62340.10,62569.90,2669.220
1780630200000,62570.00,62861.00,62542.70,62635.50,2094.032
1780631100000,62635.60,62842.40,62620.90,62699.70,1592.350
1780632000000,62700.00,62964.20,62456.00,62838.50,2420.351
1780632900000,62838.60,63230.90,62620.30,63211.00,3869.596
1780633800000,63211.00,63211.10,62957.00,62993.20,1632.018
1780634700000,62993.10,63629.90,62823.00,63588.90,4276.372
1780635600000,63589.00,63674.90,63314.40,63356.70,3015.065
1780636500000,63356.60,63536.90,63243.90,63482.50,1594.937
1780637400000,63482.50,63548.40,62850.00,62858.70,3695.308
1780638300000,62858.70,62953.10,62229.60,62294.40,8914.315
1780639200000,62294.10,62614.20,61932.00,62041.10,12705.113
1780640100000,62041.10,62222.00,61067.60,61642.40,19332.359
1780641000000,61642.40,62171.20,61606.60,62118.30,8099.423
1780641900000,62118.30,62175.20,61749.80,61916.80,3107.712
1780642800000,61916.70,61959.00,61330.50,61464.60,4732.487
1780643700000,61464.50,62333.00,61457.40,62221.50,5263.059
1780644600000,62221.40,62869.90,62154.30,62850.60,7430.156
1780645500000,62850.60,63084.40,62684.60,63075.60,5493.739
1780646400000,63075.50,63088.00,62645.00,62773.60,4270.443
1780647300000,62773.50,62846.60,62543.70,62782.50,2455.931
1780648200000,62782.60,62899.00,62480.60,62501.30,2246.282
1780649100000,62501.40,62584.90,62234.30,62429.90,2573.685
1780650000000,62429.90,63077.30,62405.10,63067.20,3920.523
1780650900000,63067.10,63231.80,62861.40,63088.10,3805.541
1780651800000,63088.20,63097.80,62736.00,62788.50,1506.081
1780652700000,62788.60,62969.50,62770.60,62832.50,1044.425
1780653600000,62832.40,62910.50,62616.00,62722.30,1457.686
1780654500000,62722.30,62722.30,62465.30,62549.00,2016.641
1780655400000,62549.00,62683.00,62342.10,62644.10,1715.656
1780656300000,62644.00,62644.10,62413.80,62510.10,1077.239
1780657200000,62510.00,62513.30,62212.30,62293.00,1858.587
1780658100000,62293.00,62621.90,62210.50,62443.50,2399.799
1780659000000,62443.60,62496.80,62083.00,62087.70,1950.901
1780659900000,62087.70,62236.10,61928.30,61929.50,3452.407
1780660800000,61929.60,62258.60,61610.00,62120.60,6230.811
1780661700000,62120.60,62437.50,62120.60,62192.30,3348.685
1780662600000,62192.30,62404.10,61578.40,61945.90,6554.349
1780663500000,61945.90,62064.00,61830.10,61939.70,1932.111
1780664400000,61939.70,62149.10,61889.20,61961.10,2845.662
1780665300000,61961.20,62299.40,61855.20,62082.50,3222.209
1780666200000,62082.20,62310.00,61644.90,61814.80,5195.077
1780667100000,61814.60,61854.00,60690.80,60700.40,15426.726
1780668000000,60700.40,61217.80,60420.00,60834.30,15350.228
1780668900000,60834.20,61044.00,60300.00,60360.00,9691.836
1780669800000,60360.10,61165.70,60300.00,60809.70,9011.845
1780670700000,60809.80,61105.00,60581.40,60832.70,4933.235
1780671600000,60832.60,61020.40,60492.70,60579.70,4709.591
1780672500000,60579.70,61105.60,60469.20,60760.50,6004.987
1780673400000,60760.40,60832.10,60005.80,60345.30,13067.835
1780674300000,60345.30,60628.00,60177.00,60400.80,8157.305
1780675200000,60400.80,61058.70,59739.10,60867.30,31531.283
1780676100000,60867.30,61550.00,60689.00,60899.90,16838.266
1780677000000,60899.90,61040.50,60669.70,60804.90,5291.982
1780677900000,60804.80,61450.00,60773.80,61358.10,5143.313
1780678800000,61358.10,61487.90,60901.90,61034.60,4435.807
1780679700000,61034.60,61050.00,60621.20,60665.50,3871.514
1780680600000,60665.60,61127.70,60650.20,60729.40,2601.152
1780681500000,60729.30,60826.00,60626.70,60786.50,1685.928
1780682400000,60786.50,60933.00,60572.30,60593.50,2155.606
1780683300000,60593.60,60656.60,60075.40,60131.90,5673.716
1780684200000,60131.90,60315.70,59600.00,59921.60,8455.892
1780685100000,59921.60,59951.30,59105.40,59362.20,15745.430
1780686000000,59362.10,59585.90,59108.80,59355.90,6187.742
1780686900000,59355.80,59833.00,59080.00,59818.30,6669.825
1780687800000,59818.20,59869.10,59445.90,59718.60,3672.900
1780688700000,59718.60,60435.20,59710.10,60267.70,7161.799
1780689600000,60267.40,60951.50,59903.80,60825.60,7931.126
1780690500000,60825.70,61064.30,60679.70,60922.60,4948.854
1780691400000,60922.60,61285.50,60862.40,61241.80,3548.345
1780692300000,61241.80,61800.00,61173.40,61586.20,5923.240
1780693200000,61586.10,61985.10,61531.30,61829.50,5165.878
1780694100000,61829.20,61979.70,61533.40,61547.90,3503.999
1780695000000,61548.60,61909.70,61400.00,61841.90,2225.783
1780695900000,61841.90,61889.60,61601.20,61639.50,1274.757
1780696800000,61639.40,61639.40,61169.10,61370.40,3818.492
1780697700000,61370.40,61622.90,61265.90,61452.60,3433.609
1780698600000,61452.60,61866.00,61364.20,61720.60,2733.231
1780699500000,61720.60,61942.40,61505.90,61556.60,3865.211
1780700400000,61556.70,61745.00,61271.00,61272.90,3904.448
1780701300000,61272.90,61273.00,60781.30,60908.10,5575.160
1780702200000,60908.10,60908.10,60458.00,60784.60,3032.869
1780703100000,60784.70,61044.30,60657.00,61022.00,1650.950
1780704000000,61022.00,61429.30,61012.00,61392.60,3160.864
1780704900000,61392.60,61500.00,61112.30,61279.40,2398.405
1780705800000,61279.50,61393.90,61142.60,61168.90,1117.297
1780706700000,61168.80,61357.20,61147.70,61238.40,887.482
1780707600000,61238.40,61349.70,61068.00,61116.70,904.457
1780708500000,61116.80,61270.90,60942.10,61268.10,1610.358
1780709400000,61268.00,61268.10,60980.20,61025.00,1094.366
1780710300000,61025.00,61143.60,60912.30,61025.60,1014.599
1780711200000,61025.60,61072.60,60834.40,60849.00,1295.307
1780712100000,60849.00,60969.00,60642.40,60774.10,2186.410
1780713000000,60774.50,61036.20,60747.20,60905.20,987.061
1780713900000,60905.00,61164.50,60827.00,60918.40,1296.499
1780714800000,60918.30,60940.50,60759.80,60848.00,968.515
1780715700000,60848.00,60918.00,60685.00,60767.40,1179.395
1780716600000,60767.30,60768.00,60490.00,60688.50,2571.605
1780717500000,60688.50,60776.00,60588.00,60662.60,770.236
1780718400000,60662.60,60847.50,60051.30,60103.20,4841.945
1780719300000,60103.30,60319.50,59794.10,59927.00,5811.036
1780720200000,59927.00,60019.40,59451.30,59754.10,7162.762
1780721100000,59754.10,60278.90,59664.10,60068.40,4215.881
1780722000000,60068.50,60218.80,59578.80,59859.30,4675.849
1780722900000,59859.30,61070.20,59829.30,60719.40,9757.005
1780723800000,60719.40,60964.30,60576.00,60794.90,3804.500
1780724700000,60795.00,61037.60,60724.20,60918.90,2465.508
1780725600000,60919.00,61250.00,60917.60,61136.60,3869.153
1780726500000,61136.70,61232.20,60970.10,61008.00,3163.936
1780727400000,61007.90,61160.90,60774.80,60778.20,2680.533
1780728300000,60778.20,60945.60,60644.50,60771.80,1984.394
1780729200000,60771.80,61124.00,60705.40,61068.90,2693.020
1780730100000,61068.80,61212.70,60812.20,60859.90,2205.391
1780731000000,60860.00,61070.00,60843.60,61021.30,1409.081
1780731900000,61021.30,61080.00,60938.10,60975.20,1029.430
1780732800000,60975.20,61139.70,60850.00,61115.00,1468.782
1780733700000,61114.90,61428.60,60995.00,61374.80,2729.895
1780734600000,61374.70,61475.00,61262.90,61334.90,2378.661
1780735500000,61334.90,61456.10,61205.70,61239.60,1920.762
1780736400000,61239.50,61285.30,61094.80,61190.90,1570.339
1780737300000,61190.90,61298.20,61068.80,61286.70,981.732
1780738200000,61286.70,61286.70,61022.20,61069.20,921.979
1780739100000,61069.20,61093.80,60854.10,60956.70,1846.224
1780740000000,60956.70,60956.70,60503.50,60594.60,3371.470
1780740900000,60594.50,60718.80,60444.00,60499.70,2952.032
1780741800000,60499.70,60511.00,60146.00,60390.10,6166.699
1780742700000,60390.10,60579.20,60315.10,60555.30,2045.833
1780743600000,60555.20,60810.80,60520.00,60609.90,2163.934
1780744500000,60609.90,60832.20,60567.70,60772.80,1295.012
1780745400000,60772.80,60840.00,60697.30,60794.30,1012.658
1780746300000,60794.30,60938.00,60703.00,60773.50,1223.187
1780747200000,60773.50,61066.80,60773.40,61022.70,2227.145
1780748100000,61022.70,61082.10,60692.70,60698.30,2820.506
1780749000000,60698.30,60844.00,60599.90,60802.60,2038.312
1780749900000,60802.60,61173.50,60750.90,61003.60,2698.234
1780750800000,61003.60,61073.60,60929.30,60972.90,1187.867
1780751700000,60972.90,61026.70,60834.60,60851.30,1045.517
1780752600000,60851.40,60874.50,60668.80,60874.50,1786.356
1780753500000,60874.50,61026.20,60734.00,60779.50,1193.986
1780754400000,60779.50,60976.60,60734.30,60878.00,1151.430
1780755300000,60878.00,60990.80,60758.40,60857.80,752.863
1780756200000,60857.80,60978.60,60793.40,60924.40,815.790
1780757100000,60924.40,60976.00,60733.00,60762.50,840.615
1780758000000,60762.50,60850.40,60520.20,60587.00,2551.254
1780758900000,60587.10,60664.00,60353.40,60642.00,2469.945
1780759800000,60641.90,60896.00,60542.00,60824.00,1788.371
1780760700000,60824.00,60900.00,60689.00,60754.10,715.278
1780761600000,60754.20,60949.90,60660.00,60751.50,1393.085
1780762500000,60751.50,60794.60,60534.50,60591.10,1482.891
1780763400000,60591.10,60742.60,60417.60,60731.70,2106.670
1780764300000,60731.70,60830.50,60654.50,60749.80,1056.173
1780765200000,60749.90,60817.20,60570.00,60690.10,766.308
1780766100000,60690.10,60737.10,60555.00,60649.30,1095.950
1780767000000,60649.30,60776.70,60552.20,60680.20,1075.578
1780767900000,60680.20,60712.10,60463.00,60553.30,998.437
1780768800000,60553.20,60604.30,60427.80,60464.20,949.752
1780769700000,60464.20,60723.50,60363.00,60670.90,1403.975
1780770600000,60670.90,60675.90,60503.20,60579.90,521.118
1780771500000,60580.00,60655.60,60463.30,60606.00,708.804
1780772400000,60606.00,60760.40,60529.00,60689.90,800.537
1780773300000,60690.00,60706.00,60562.30,60582.00,525.648
1780774200000,60581.90,60618.70,60502.10,60595.60,485.161
1780775100000,60595.70,60656.90,60560.70,60563.90,403.345
1780776000000,60563.90,60610.10,60484.50,60541.20,588.146
1780776900000,60541.20,60615.30,60496.50,60566.80,505.795
1780777800000,60566.80,60726.20,60546.30,60702.90,773.445
1780778700000,60702.80,60729.10,60613.30,60678.50,573.377
1780779600000,60678.40,60877.10,60673.20,60826.80,991.994
1780780500000,60826.70,60918.40,60797.10,60859.20,893.753
1780781400000,60859.20,60969.20,60762.80,60792.30,758.672
1780782300000,60792.30,60840.00,60705.40,60719.30,408.786
1780783200000,60719.20,60788.60,60555.50,60591.40,1669.307
1780784100000,60591.40,60740.00,60400.10,60426.40,1668.913
1780785000000,60426.40,60574.30,60390.00,60559.90,875.794
1780785900000,60560.00,60690.60,60510.40,60513.00,818.400
1780786800000,60513.00,60733.00,60511.00,60685.30,716.271
1780787700000,60685.20,60711.20,60552.50,60681.90,514.421
1780788600000,60681.90,60889.90,60641.70,60822.30,1006.396
1780789500000,60822.30,60911.00,60771.10,60849.70,878.993
1780790400000,60849.70,60905.00,60761.70,60785.80,884.999
1780791300000,60785.80,60864.00,60742.80,60812.70,551.094
1780792200000,60812.70,60962.70,60755.60,60755.70,1016.602
1780793100000,60755.60,60785.60,60708.00,60748.30,537.938
1780794000000,60748.20,61389.90,60720.90,61276.30,5068.783
1780794900000,61276.30,61641.40,61215.80,61606.90,4758.810
1780795800000,61606.90,61627.30,61368.50,61424.90,1656.470
1780796700000,61424.90,61593.90,61340.20,61452.50,1963.615
1780797600000,61452.50,61527.60,61375.80,61375.80,878.727
1780798500000,61375.80,61398.20,61150.00,61225.40,1701.098
1780799400000,61225.40,61296.00,61161.30,61296.00,745.354
1780800300000,61296.10,61540.10,61289.20,61469.20,1995.156
1780801200000,61469.30,61500.00,61376.70,61500.00,1054.353
1780802100000,61499.90,61763.90,61453.30,61635.00,2611.775
1780803000000,61635.00,61657.20,61520.30,61639.90,810.116
1780803900000,61639.80,61711.40,61547.80,61671.10,570.430
1780804800000,61671.10,61683.70,61469.60,61521.90,1146.186
1780805700000,61521.90,61606.70,61447.20,61525.00,748.582
1780806600000,61524.90,61810.00,61511.40,61707.40,1333.719
1780807500000,61707.40,61866.00,61661.00,61854.10,2050.759
1780808400000,61854.20,61949.80,61761.50,61847.10,1550.075
1780809300000,61847.10,62132.00,61689.10,61706.60,5321.613
1780810200000,61706.60,61838.60,61607.90,61834.10,1591.583
1780811100000,61834.20,61834.20,61655.60,61709.20,901.639
1780812000000,61709.30,61726.60,61573.50,61643.20,939.804
1780812900000,61643.30,61997.90,61612.30,61946.00,2260.076
1780813800000,61946.00,62254.90,61934.50,62169.00,5006.567
1780814700000,62169.10,62213.60,62007.20,62080.10,1711.011
1780815600000,62080.10,62222.40,61951.00,62104.20,2731.691
1780816500000,62104.20,62226.00,62026.50,62204.30,1308.240
1780817400000,62204.40,62239.30,62154.60,62196.90,1176.803
1780818300000,62196.90,62380.00,62150.00,62366.00,3669.985
1780819200000,62366.00,62406.50,62217.40,62340.60,2806.306
1780820100000,62340.70,62553.90,62280.00,62500.00,3247.083
1780821000000,62500.10,62636.90,62355.90,62525.00,3858.200
1780821900000,62525.00,62942.40,62524.90,62823.00,6307.920
1780822800000,62823.00,62887.50,62680.30,62799.80,2074.273
1780823700000,62799.90,62864.50,62574.60,62663.30,1911.434
1780824600000,62663.30,62668.00,62463.90,62513.30,1811.334
1780825500000,62513.30,62617.30,62361.50,62510.00,2197.425
1780826400000,62509.90,62545.80,62352.40,62379.90,1503.354
1780827300000,62379.90,62547.80,62367.40,62481.20,1010.171
1780828200000,62481.20,62534.90,62279.00,62336.60,1392.990
1780829100000,62336.60,62440.00,62273.00,62343.70,1343.970
1780830000000,62343.70,62496.50,62333.00,62426.00,1455.926
1780830900000,62426.00,62536.30,62387.60,62496.50,1127.300
1780831800000,62496.50,62659.00,62413.80,62659.00,1279.360
1780832700000,62658.90,62730.00,62540.00,62598.80,1400.795
1780833600000,62598.80,62617.70,62005.90,62059.00,5056.274
1780834500000,62059.10,62210.30,61810.60,61916.60,6135.982
1780835400000,61916.70,61926.00,61509.10,61623.80,7637.086
1780836300000,61623.80,61981.10,61607.00,61871.10,2990.237
1780837200000,61871.10,61871.10,61619.90,61747.40,2093.137
1780838100000,61747.40,61828.90,61612.20,61822.40,1546.593
1780839000000,61822.50,61880.00,61637.40,61708.90,1602.319
1780839900000,61708.90,61794.80,61660.30,61675.00,713.231
1780840800000,61675.10,61796.00,61675.00,61762.40,797.281
1780841700000,61762.50,62130.00,61715.70,62057.70,3655.611
1780842600000,62057.80,62283.60,61880.00,61966.00,3959.620
1780843500000,61966.00,61966.00,61710.00,61872.00,1698.864
1780844400000,61871.90,61871.90,61640.10,61805.80,1662.007
1780845300000,61805.80,61959.90,61688.10,61936.40,1830.666
1780846200000,61936.40,62131.50,61923.30,62072.80,1981.784
1780847100000,62072.80,62196.00,61941.00,62071.60,1289.612
1780848000000,62071.70,62177.00,61931.20,62131.00,1602.170
1780848900000,62130.90,62327.00,62071.80,62143.50,1687.584
1780849800000,62143.50,62262.90,62121.00,62124.20,677.665
1780850700000,62124.10,62212.80,61912.70,62054.20,1251.611
1780851600000,62054.10,62300.00,62012.20,62259.30,1241.873
1780852500000,62259.20,62294.70,62200.00,62216.40,706.335
1780853400000,62216.50,62315.60,62195.20,62238.20,1106.444
1780854300000,62238.30,62238.30,62061.60,62129.60,1016.359
1780855200000,62129.60,62267.20,62120.40,62246.90,433.121
1780856100000,62246.90,62246.90,62107.40,62196.00,355.819
1780857000000,62196.00,62266.00,62130.10,62173.00,442.670
1780857900000,62173.10,62208.40,61989.00,62001.60,848.389
1780858800000,62001.60,62009.10,61538.10,61627.90,4524.894
1780859700000,61627.80,61627.80,61240.00,61456.10,5110.967
1780860600000,61456.10,61472.40,61165.50,61191.60,2678.930
1780861500000,61191.60,61443.60,61150.20,61303.80,3133.917
1780862400000,61303.70,61685.00,61189.70,61555.70,2630.835
1780863300000,61555.70,61887.70,61425.50,61715.10,2293.500
1780864200000,61715.10,61800.00,61668.60,61760.50,902.572
1780865100000,61760.40,61949.30,61726.50,61843.00,921.849
1780866000000,61843.10,61980.00,61668.80,61925.90,975.480
1780866900000,61925.90,61980.00,61684.90,61754.30,634.236
1780867800000,61754.30,61824.10,61620.70,61680.10,1218.359
1780868700000,61680.20,61768.10,61618.50,61755.00,674.511
1780869600000,61754.90,63781.70,61690.30,63625.40,10805.194
1780870500000,63625.40,64250.00,62854.60,62968.20,15808.126
1780871400000,62968.20,63376.30,62751.30,63133.30,3927.277
1780872300000,63133.40,63285.70,62816.00,62833.50,2121.571
1780873200000,62833.00,63034.00,62759.50,62979.90,2430.948
1780874100000,62980.00,63254.50,62774.60,63231.20,2050.420
1780875000000,63231.20,63292.80,63087.40,63265.50,1361.474
1780875900000,63265.60,63429.90,63073.60,63298.50,2272.135
1780876800000,63299.00,63316.30,63111.30,63215.40,1911.667
1780877700000,63215.30,63490.50,63114.20,63472.60,1956.828
1780878600000,63472.60,63849.50,63371.90,63687.20,4542.222
1780879500000,63687.20,63767.70,63517.40,63599.20,1543.906
1780880400000,63599.30,63619.50,63020.10,63030.90,3140.187
1780881300000,63030.80,63149.00,62711.00,62797.20,4884.261
1780882200000,62797.20,63099.20,62676.80,63093.10,2248.330
1780883100000,63093.20,63234.10,62958.60,63188.00,1794.494
1780884000000,63188.00,63238.30,62971.40,63098.10,865.547
1780884900000,63098.10,63198.60,62932.90,63081.30,1036.584
1780885800000,63081.40,63170.50,62881.90,63038.10,1621.817
1780886700000,63038.00,63117.20,62912.20,63097.20,759.941
1780887600000,63097.20,63438.20,62944.10,63253.20,1980.369
1780888500000,63253.10,63338.10,63117.30,63121.90,888.565
1780889400000,63121.90,63205.40,63039.70,63120.10,740.510
1780890300000,63120.00,63157.70,63046.40,63101.60,601.508
1780891200000,63101.60,63150.00,62771.90,62981.50,1531.889
1780892100000,62981.50,63017.80,62809.10,62909.90,957.141
1780893000000,62910.00,62962.50,62616.90,62676.80,1755.688
1780893900000,62676.70,62875.60,62637.40,62654.70,1650.511
1780894800000,62654.70,62800.00,62514.60,62550.60,1855.690
1780895700000,62550.70,62719.80,62460.00,62702.90,2081.921
1780896600000,62703.00,62714.90,62377.00,62446.70,1811.832
1780897500000,62446.70,62758.70,62426.10,62740.80,1575.726
1780898400000,62740.80,62952.80,62702.00,62915.00,1789.261
1780899300000,62915.00,63119.70,62850.00,63040.10,1824.971
1780900200000,63040.10,63073.60,62868.70,63002.90,1376.327
1780901100000,63003.00,63015.90,62900.00,62958.80,686.739
1780902000000,62958.90,63178.00,62779.00,63058.60,1613.709
1780902900000,63058.60,63223.10,62944.50,63152.00,1394.769
1780903800000,63152.10,63248.60,63052.10,63084.60,1423.218
1780904700000,63084.50,63320.90,63072.60,63259.90,1459.676
1780905600000,63259.90,63259.90,63032.30,63159.80,1249.982
1780906500000,63159.80,63194.80,62955.70,63082.00,1141.889
1780907400000,63082.10,63173.60,63009.60,63136.60,524.041
1780908300000,63136.70,63159.20,63000.00,63100.80,660.967
1780909200000,63100.90,63320.00,63093.50,63306.40,1469.275
1780910100000,63306.40,63554.70,63259.90,63355.10,2588.416
1780911000000,63355.10,63390.00,63129.10,63332.90,2150.611
1780911900000,63333.00,63473.80,63299.80,63469.90,1217.301
1780912800000,63469.90,63525.00,63319.40,63356.80,1388.258
1780913700000,63356.80,63356.80,63071.40,63121.50,1655.598
1780914600000,63121.40,63396.00,63099.30,63180.70,1793.465
1780915500000,63180.70,63207.80,63053.40,63131.50,1352.347
1780916400000,63131.40,63448.50,63020.00,63410.90,2100.767
1780917300000,63410.90,63648.50,63335.70,63582.30,3450.666
1780918200000,63582.30,63861.30,63503.40,63598.50,3462.208
1780919100000,63598.40,63636.50,63380.50,63450.10,2033.540
1780920000000,63450.10,63631.30,62658.40,62683.90,10458.095
1780920900000,62683.90,63072.80,62675.60,63068.00,3178.991
1780921800000,63067.90,63640.00,63067.90,63609.80,4848.391
1780922700000,63609.70,63948.20,63486.20,63844.50,4418.665
1780923600000,63844.60,63920.00,63683.00,63748.60,3000.709
1780924500000,63748.60,63903.10,63540.00,63563.00,4150.030
1780925400000,63563.00,63749.80,63330.40,63456.40,4097.107
1780926300000,63456.40,63850.90,63384.60,63720.60,2542.934
1780927200000,63720.50,63877.90,63531.90,63838.30,2205.368
1780928100000,63838.20,63855.00,63570.90,63725.10,2507.549
1780929000000,63725.10,63914.30,63723.20,63865.70,2273.127
1780929900000,63865.70,64075.60,63788.20,63933.70,3825.564
1780930800000,63933.70,64178.60,63840.40,64155.40,3660.865
1780931700000,64155.40,64179.50,63900.50,63966.10,2976.756
1780932600000,63966.00,63981.40,63756.10,63841.40,3077.538
1780933500000,63841.30,63996.40,63673.00,63745.40,1872.378
1780934400000,63745.30,63908.00,63642.10,63768.70,1678.155
1780935300000,63768.80,64029.50,63762.60,63836.80,1862.603
1780936200000,63836.80,63850.60,63550.50,63655.10,2060.162
1780937100000,63655.10,63667.20,63430.60,63496.80,2006.461
1780938000000,63496.80,63558.10,63270.90,63322.90,3670.619
1780938900000,63323.00,63620.00,63322.90,63598.70,1515.441
1780939800000,63598.60,63598.70,63209.60,63347.20,1808.216
1780940700000,63347.20,63525.70,63347.20,63519.20,848.276
1780941600000,63519.10,63614.00,63477.80,63560.80,1011.275
1780942500000,63560.80,63628.90,63494.50,63612.80,434.774
1780943400000,63612.70,63659.10,63394.00,63461.70,802.638
1780944300000,63461.60,63490.50,63305.00,63438.00,959.358
1780945200000,63438.00,63529.00,63349.10,63393.40,624.124
1780946100000,63393.40,63541.70,63332.10,63502.30,804.122
1780947000000,63502.40,63572.10,63401.00,63450.10,594.035
1780947900000,63450.10,63523.50,63317.70,63348.20,1081.375
1780948800000,63348.30,63406.00,63164.80,63224.30,1333.037
1780949700000,63224.40,63290.30,63120.40,63150.90,2049.064
1780950600000,63150.90,63388.00,63149.80,63355.20,742.642
1780951500000,63355.10,63459.30,63334.60,63459.10,438.625
1780952400000,63459.10,63773.40,63455.10,63691.70,1878.202
1780953300000,63691.70,63744.50,63583.70,63685.60,768.275
1780954200000,63685.60,63832.50,63600.00,63801.70,850.438
1780955100000,63801.60,63808.20,63690.70,63690.80,533.526
1780956000000,63690.70,63690.70,63250.00,63257.00,2399.614
1780956900000,63257.00,63418.40,63171.20,63328.90,1837.738
1780957800000,63328.90,63359.30,63205.60,63265.90,917.757
1780958700000,63265.90,63430.10,63192.70,63407.50,881.703
1780959600000,63407.60,63555.90,63366.00,63551.80,893.636
1780960500000,63551.70,63567.60,63040.90,63116.10,1754.097
1780961400000,63116.10,63170.20,62979.70,63107.00,1356.897
1780962300000,63106.90,63106.90,62939.70,63057.90,1404.966
1780963200000,63057.90,63126.50,62962.10,62974.70,1206.342
1780964100000,62974.70,63157.30,62638.40,62698.30,5620.981
1780965000000,62698.30,62742.70,62525.00,62677.50,4084.892
1780965900000,62677.60,62677.60,62381.20,62522.60,5035.495
1780966800000,62522.60,62698.40,62513.00,62626.80,2411.979
1780967700000,62626.70,62836.00,62586.80,62750.00,1826.428
1780968600000,62750.10,62846.60,62626.60,62677.80,1195.455
1780969500000,62677.80,62827.30,62667.50,62732.90,604.396
1780970400000,62732.80,62837.30,62696.80,62706.50,773.288
1780971300000,62706.50,62754.30,62541.80,62751.70,1720.506
1780972200000,62751.70,62806.30,62506.80,62629.30,1111.446
1780973100000,62629.20,62849.50,62619.20,62840.00,884.924
1780974000000,62839.90,62914.20,62776.50,62879.50,1257.423
1780974900000,62879.50,62945.80,62739.20,62770.80,1223.670
1780975800000,62770.70,62830.70,62664.30,62791.70,722.411
1780976700000,62791.70,62864.60,62710.00,62841.00,643.880
1780977600000,62841.10,62968.40,62715.40,62876.00,1120.525
1780978500000,62875.90,62884.00,62760.20,62760.30,524.040
1780979400000,62760.20,63371.20,62731.10,63213.50,5342.824
1780980300000,63213.60,63402.00,63183.70,63213.70,2518.551
1780981200000,63213.80,63285.60,63088.00,63223.80,1416.853
1780982100000,63223.70,63335.70,63223.70,63285.00,990.506
1780983000000,63285.10,63499.90,63277.00,63347.90,1825.144
1780983900000,63348.00,63434.60,63282.30,63318.50,1398.846
1780984800000,63318.50,63400.80,63250.40,63348.30,1298.799
1780985700000,63348.20,63487.10,63319.00,63409.90,1080.222
1780986600000,63409.80,63444.50,63296.20,63326.70,1228.202
1780987500000,63326.80,63390.80,63202.60,63279.40,1183.824
1780988400000,63279.50,63424.00,63270.10,63271.70,753.252
1780989300000,63271.70,63344.00,62970.60,62999.90,3074.240
1780990200000,62999.90,63179.70,62999.90,63161.20,1476.992
1780991100000,63161.30,63188.80,63087.00,63170.80,710.949
1780992000000,63170.90,63183.00,62646.00,62893.90,4958.172
1780992900000,62893.90,62954.80,62840.10,62840.10,968.636
1780993800000,62840.10,62985.70,62768.80,62949.20,986.206
1780994700000,62949.20,62976.20,62800.00,62816.90,1353.526
1780995600000,62817.00,62863.20,62666.50,62829.80,1190.973
1780996500000,62829.80,62923.70,62781.80,62781.80,1278.777
1780997400000,62781.70,62781.80,62555.50,62643.40,2269.875
1780998300000,62643.40,62695.50,62611.80,62682.50,743.162
1780999200000,62682.60,62768.60,62560.90,62745.60,1606.981
1781000100000,62745.40,62745.90,62665.20,62706.70,523.582
1781001000000,62706.80,62728.80,62602.00,62669.30,467.443
1781001900000,62669.00,62802.70,62613.30,62750.00,1417.760
1781002800000,62750.00,62786.90,62457.50,62493.90,2224.214
1781003700000,62493.90,62609.40,62460.70,62562.80,1470.870
1781004600000,62562.90,62640.90,62489.00,62596.10,893.681
1781005500000,62596.00,62700.80,62536.40,62679.40,2217.948
1781006400000,62679.50,62868.20,62658.40,62803.40,2247.004
1781007300000,62803.40,62818.00,62607.80,62622.10,870.444
1781008200000,62622.10,62644.80,62481.30,62486.70,1456.219
1781009100000,62486.70,62645.20,62404.00,62611.60,1521.985
1781010000000,62611.60,62717.70,62511.90,62528.70,1174.976
1781010900000,62528.80,62543.40,62234.50,62314.40,4310.431
1781011800000,62314.40,62485.20,62125.00,62406.10,5146.572
1781012700000,62406.20,62512.90,62235.00,62244.40,2903.939
1781013600000,62244.40,62371.60,61900.00,61986.90,6460.066
1781014500000,61986.80,62055.70,61517.60,61572.20,10165.400
1781015400000,61572.20,61692.60,61284.40,61329.80,9462.193
1781016300000,61329.80,61519.90,61075.90,61511.60,9527.940
1781017200000,61511.60,61680.90,61300.10,61620.70,4987.354
1781018100000,61620.70,61679.90,61269.00,61273.40,3140.030
1781019000000,61273.30,61399.60,61176.20,61292.90,3724.524
1781019900000,61292.90,61387.80,61001.00,61100.70,4693.150
1781020800000,61100.60,61191.20,60908.80,60977.30,6712.238
1781021700000,60977.30,61107.20,60827.70,61019.60,5352.177
1781022600000,61019.50,61297.10,60755.00,61217.20,9084.389
1781023500000,61217.20,61490.00,61136.80,61367.50,5761.115
1781024400000,61367.50,61659.30,61367.00,61577.70,5227.057
1781025300000,61577.70,61860.00,61550.60,61718.70,4030.681
1781026200000,61718.70,61819.70,61657.10,61660.80,1573.740
1781027100000,61660.90,61825.00,61568.10,61667.10,1801.155
1781028000000,61667.20,61800.00,61580.20,61719.80,1509.162
1781028900000,61719.80,61939.00,61627.80,61704.80,1881.490
1781029800000,61704.80,61798.40,61563.30,61576.70,1225.055
1781030700000,61576.70,61800.00,61576.70,61756.10,1032.346
1781031600000,61756.20,61890.00,61702.50,61745.00,1103.076
1781032500000,61745.00,61887.30,61685.00,61844.20,802.738
1781033400000,61844.20,62028.20,61730.70,61852.30,2060.530
1781034300000,61852.40,62079.50,61731.50,62068.80,2066.430
1781035200000,62068.90,62187.90,61920.90,62186.80,2069.767
1781036100000,62186.80,62253.20,61970.40,62061.70,1582.413
1781037000000,62061.70,62155.40,61950.00,62099.70,612.700
1781037900000,62099.70,62132.30,62015.00,62132.30,437.966
1781038800000,62132.30,62149.80,62007.90,62109.30,1287.248
1781039700000,62109.30,62117.70,61738.10,61777.00,2574.033
1781040600000,61776.90,61880.90,61737.60,61767.00,1090.829
1781041500000,61767.00,61809.70,61660.00,61732.20,951.501
1781042400000,61732.50,61823.30,61630.20,61803.80,800.529
1781043300000,61803.80,61918.00,61753.10,61786.60,685.838
1781044200000,61786.70,61945.40,61747.50,61822.30,758.164
1781045100000,61822.20,61850.00,61637.80,61688.00,1005.029
1781046000000,61687.90,61769.80,61613.00,61713.90,929.506
1781046900000,61713.90,61850.00,61640.30,61657.60,815.810
1781047800000,61657.60,61700.00,61519.00,61607.30,1280.013
1781048700000,61607.40,61722.00,61555.20,61695.00,663.431
1781049600000,61694.90,61864.00,61664.30,61803.70,1073.519
1781050500000,61803.80,61840.00,61690.60,61819.90,548.627
1781051400000,61820.00,61843.10,61404.60,61491.30,1853.311
1781052300000,61491.40,61908.90,61465.40,61886.50,1592.167
1781053200000,61886.50,61947.40,61638.80,61797.40,1463.458
1781054100000,61797.30,61860.00,61710.20,61799.70,1066.486
1781055000000,61799.60,61861.40,61544.20,61604.90,999.038
1781055900000,61604.80,61816.70,61580.00,61680.70,723.276
1781056800000,61680.70,61807.90,61510.00,61526.70,1287.675
1781057700000,61527.00,61544.40,61305.50,61466.00,2077.799
1781058600000,61466.00,61522.30,61262.00,61342.20,1641.441
1781059500000,61342.10,61354.00,61201.00,61271.30,1423.849
1781060400000,61271.40,61452.50,61250.00,61402.00,883.965
1781061300000,61402.00,61571.10,61306.00,61540.00,1053.800
1781062200000,61540.00,61540.00,61405.70,61496.10,866.842
1781063100000,61496.20,61559.70,61454.70,61518.20,668.028
1781064000000,61518.30,61535.00,61406.00,61473.60,640.602
1781064900000,61473.70,61520.00,61422.00,61440.80,414.475
1781065800000,61440.70,61440.70,61153.50,61200.00,2014.136
1781066700000,61199.90,61344.00,61160.00,61269.60,1047.630
1781067600000,61269.60,61295.10,61099.00,61144.90,1184.198
1781068500000,61145.00,61237.00,61045.70,61237.00,1525.910
1781069400000,61236.90,61303.80,61156.00,61250.00,637.252
1781070300000,61249.90,61368.00,61180.00,61321.60,812.821
1781071200000,61321.60,61399.00,61255.50,61364.30,670.308
1781072100000,61364.40,61459.40,61287.20,61317.10,1587.749
1781073000000,61317.10,61432.30,61108.80,61403.60,1536.718
1781073900000,61403.70,61493.00,61388.90,61436.50,1058.646
1781074800000,61436.40,61568.40,61400.70,61539.70,1365.251
1781075700000,61539.70,61688.00,61523.10,61614.80,1836.084
1781076600000,61614.80,61783.40,61528.50,61723.90,1703.318
1781077500000,61724.00,61748.90,61622.90,61654.30,1409.012
1781078400000,61654.30,61680.00,61503.80,61582.30,1230.030
1781079300000,61582.40,61707.60,61450.00,61508.00,981.467
1781080200000,61507.90,61575.60,61206.80,61207.90,2640.265
1781081100000,61207.90,61300.00,61128.70,61228.70,2658.371
1781082000000,61228.80,61288.00,61020.50,61032.40,1868.337
1781082900000,61032.50,61216.90,60691.90,61176.60,6353.219
1781083800000,61176.70,61396.40,61150.60,61234.30,2507.068
1781084700000,61234.30,61376.90,61121.20,61302.70,1272.534
1781085600000,61303.20,61321.10,61133.10,61205.40,1191.677
1781086500000,61205.40,61333.20,61113.20,61301.50,1119.578
1781087400000,61301.50,61426.70,61230.20,61281.90,1130.805
1781088300000,61281.80,61383.90,61250.00,61350.10,567.303
1781089200000,61350.10,61406.00,60824.50,61138.10,4779.676
1781090100000,61138.10,61228.70,60845.30,60936.20,2224.721
1781091000000,60936.20,61033.40,60891.50,60990.60,1549.703
1781091900000,60990.50,61087.70,60943.00,61003.10,1013.414
1781092800000,61003.10,61195.20,60930.00,61161.00,1535.103
1781093700000,61161.10,61219.20,61010.80,61134.70,1348.825
1781094600000,61134.80,61918.00,61101.60,61660.00,11564.606
1781095500000,61660.00,61770.40,61531.70,61531.70,2738.079
1781096400000,61531.80,61597.40,61468.60,61501.30,1637.607
1781097300000,61501.30,61561.00,61406.80,61531.10,1445.821
1781098200000,61531.10,62357.40,61474.70,62357.40,9793.645
1781099100000,62357.40,62445.00,62037.00,62123.90,5812.232
1781100000000,62123.90,62230.00,61960.50,61975.10,3314.053
1781100900000,61975.20,62142.90,61830.00,62020.00,3104.857
1781101800000,62020.00,62089.40,61782.00,61915.00,2155.728
1781102700000,61915.00,62174.40,61785.50,62170.80,3038.364
1781103600000,62170.90,62399.90,61834.80,61908.00,4069.725
1781104500000,61908.10,62331.00,61814.00,62229.70,3193.529
1781105400000,62229.70,62397.00,62157.40,62363.60,2507.232
1781106300000,62363.70,62840.20,62085.70,62604.80,9093.799
1781107200000,62604.70,62617.10,62288.60,62309.90,2747.771
1781108100000,62309.90,62418.70,62076.00,62252.80,2040.543
1781109000000,62252.80,62384.90,62123.90,62192.40,1371.072
1781109900000,62192.40,62197.70,61891.20,62194.50,3533.156
1781110800000,62194.60,62330.30,61975.70,62063.80,2042.992
1781111700000,62063.80,62169.50,61853.40,61871.30,1842.052
1781112600000,61871.30,61897.30,61616.00,61719.40,5052.389
1781113500000,61719.50,62015.80,61690.50,61944.50,2224.517
1781114400000,61944.40,62137.30,61885.50,61930.20,1518.308
1781115300000,61930.30,61993.80,61808.00,61992.30,999.270
1781116200000,61992.20,61992.30,61712.30,61750.50,1297.062
1781117100000,61750.60,61869.60,61552.00,61856.00,2367.313
1781118000000,61856.00,61910.00,61703.60,61718.00,1002.721
1781118900000,61718.00,61807.90,61641.40,61760.10,929.779
1781119800000,61760.00,62038.00,61756.10,61988.40,1173.904
1781120700000,61988.30,62016.60,61815.80,61908.70,1439.385
1781121600000,61908.70,61921.20,61644.40,61781.10,1234.419
1781122500000,61781.20,61918.40,61707.40,61881.40,699.718
1781123400000,61881.30,61899.50,61775.00,61775.00,637.631
1781124300000,61775.00,61809.80,61673.90,61770.10,623.858
1781125200000,61770.10,61773.10,61468.00,61519.20,1936.818
1781126100000,61519.20,61665.80,61501.00,61547.00,1009.623
1781127000000,61547.00,61697.70,61541.30,61653.90,734.205
1781127900000,61653.90,61665.90,61150.10,61327.30,4206.722
1781128800000,61327.40,61336.30,61140.00,61216.90,1783.604
1781129700000,61216.90,61314.70,61068.60,61225.10,2821.082
1781130600000,61225.00,61547.90,61214.30,61536.20,2151.409
1781131500000,61536.10,61536.20,61334.80,61353.20,881.799
1781132400000,61353.10,61353.10,61162.60,61180.60,1137.196
1781133300000,61180.60,61556.60,61135.80,61524.40,1930.759
1781134200000,61524.30,61582.10,61438.80,61517.30,930.796
1781135100000,61517.30,61569.10,61447.30,61483.70,643.627
1781136000000,61483.60,61672.20,61483.60,61654.70,1396.841
1781136900000,61654.60,61955.80,61654.60,61860.50,3622.198
1781137800000,61860.50,61872.00,61740.90,61756.20,924.922
1781138700000,61756.20,61906.40,61756.20,61794.60,685.300
1781139600000,61794.60,62089.20,61793.50,62012.00,1499.476
1781140500000,62012.00,62212.00,61985.00,62149.90,2135.201
1781141400000,62149.80,62350.00,62066.00,62227.90,1676.908
1781142300000,62228.00,62270.50,62141.10,62180.30,1049.202
1781143200000,62180.40,62253.80,62080.00,62148.20,1178.310
1781144100000,62148.50,62278.30,62015.80,62033.50,1203.360
1781145000000,62033.50,62076.80,61911.50,62042.70,1409.300
1781145900000,62042.80,62200.00,61974.20,62113.50,935.278
1781146800000,62113.50,62161.40,61975.60,62038.50,918.108
1781147700000,62038.50,62100.00,61984.90,62081.00,460.064
1781148600000,62081.10,62552.50,62078.30,62338.90,3850.466
1781149500000,62338.80,62922.00,62338.80,62657.50,5995.263
1781150400000,62657.50,62713.00,62546.00,62635.80,2098.235
1781151300000,62635.80,62680.20,62566.30,62590.20,1164.632
1781152200000,62590.30,62670.00,62512.60,62639.30,1056.234
1781153100000,62639.20,62827.00,62631.60,62692.90,2022.913
1781154000000,62692.80,62694.30,62527.50,62596.40,1214.073
1781154900000,62596.40,62696.70,62544.00,62605.40,718.408
1781155800000,62605.30,62674.70,62562.80,62673.70,499.422
1781156700000,62673.60,62683.20,62571.30,62581.70,774.701
1781157600000,62581.70,62788.90,62507.90,62754.50,1495.933
1781158500000,62754.50,62993.40,62703.70,62845.50,3796.770
1781159400000,62845.50,62975.40,62820.70,62919.80,1262.575
1781160300000,62919.90,62920.00,62720.60,62734.20,1257.723
1781161200000,62734.10,62764.70,62574.30,62623.00,1698.891
1781162100000,62623.10,62770.00,62610.00,62759.10,935.265
1781163000000,62759.10,62812.20,62578.40,62647.30,1161.124
1781163900000,62647.40,62725.70,62647.30,62693.30,872.456
1781164800000,62693.20,62856.50,62691.70,62799.90,931.139
1781165700000,62799.90,62938.10,62770.80,62924.60,1458.777
1781166600000,62924.70,62961.40,62822.00,62832.60,2310.157
1781167500000,62832.50,63043.10,62829.70,62927.20,1984.441
1781168400000,62927.20,62937.00,62790.00,62840.80,868.003
1781169300000,62840.90,62840.90,62753.30,62794.60,982.614
1781170200000,62794.20,62941.70,62791.90,62908.20,1373.460
1781171100000,62908.10,62970.70,62871.60,62899.90,869.671
1781172000000,62900.00,62955.00,62818.00,62884.30,976.325
1781172900000,62884.30,62906.10,62771.00,62824.50,673.894
1781173800000,62824.60,62929.50,62816.30,62899.20,597.814
1781174700000,62899.10,63188.00,62893.00,63120.30,5913.991
1781175600000,63120.20,63182.60,63020.60,63164.50,2508.586
1781176500000,63164.50,63188.00,63071.80,63129.70,1738.914
1781177400000,63129.70,63235.90,63057.60,63103.90,2078.400
1781178300000,63103.90,63220.00,63064.90,63078.00,1036.017
1781179200000,63078.00,63173.80,62973.80,63125.30,2734.276
1781180100000,63125.40,63166.20,62641.00,62660.10,8437.194
1781181000000,62660.00,62923.10,62455.80,62889.90,6774.136
1781181900000,62889.90,63029.30,62827.40,62978.30,2987.621
1781182800000,62978.30,62979.90,62828.10,62878.40,1373.371
1781183700000,62878.50,63030.00,62761.90,62792.40,1942.813
1781184600000,62792.40,62940.00,62644.70,62940.00,2703.048
1781185500000,62939.90,63200.00,62916.10,63046.10,7006.887
1781186400000,63046.10,63060.00,62715.40,62757.00,2249.110
1781187300000,62757.00,62994.00,62697.00,62982.30,2094.970
1781188200000,62982.20,63037.80,62811.20,62821.00,1262.317
1781189100000,62821.10,62982.00,62698.50,62699.60,2063.030
1781190000000,62699.60,62829.00,62494.60,62664.50,4599.706
1781190900000,62664.50,62792.70,62593.30,62696.40,1402.732
1781191800000,62696.30,62856.70,62608.50,62652.90,1183.258
1781192700000,62653.00,62721.20,62535.30,62721.10,1318.874
1781193600000,62721.20,62808.50,62638.80,62798.70,1241.521
1781194500000,62798.80,62810.00,62531.00,62604.80,1298.484
1781195400000,62604.80,62780.00,62502.40,62629.00,1503.423
1781196300000,62629.00,62662.70,62545.10,62546.60,737.842
1781197200000,62546.60,62595.40,62333.00,62433.00,2847.078
1781198100000,62433.00,63028.60,62315.00,62981.10,4428.250
1781199000000,62982.20,63455.10,62948.10,63302.40,12069.985
1781199900000,63302.40,63643.00,63278.20,63614.20,8930.981
1781200800000,63614.20,63768.70,63283.40,63444.80,6141.991
1781201700000,63444.70,63583.90,63318.00,63363.50,2022.215
1781202600000,63363.50,63536.00,63340.90,63512.60,961.990
1781203500000,63512.60,63545.30,63425.60,63426.00,777.566
1781204400000,63426.00,63578.90,63350.40,63499.10,2322.056
1781205300000,63499.10,63670.80,63499.00,63560.00,2173.154
1781206200000,63560.00,63915.30,63556.20,63653.40,4185.137
1781207100000,63653.50,63694.60,63562.60,63567.60,1352.639
1781208000000,63567.70,63633.60,63452.80,63499.90,1639.025
1781208900000,63499.90,63516.30,63290.30,63342.30,1354.835
1781209800000,63342.00,63381.60,63255.00,63255.00,1056.235
1781210700000,63255.10,63378.50,63235.80,63361.90,885.202
1781211600000,63361.90,63571.50,63359.70,63520.90,741.740
1781212500000,63521.00,63532.50,63408.70,63449.80,402.327
1781213400000,63449.80,63506.50,63422.60,63501.00,369.568
1781214300000,63501.00,63549.00,63420.20,63487.20,658.595
1781215200000,63487.30,63633.30,63467.50,63598.90,694.023
1781216100000,63599.00,63640.60,63500.00,63558.40,524.640
1781217000000,63558.40,63609.10,63457.50,63471.00,510.187
1781217900000,63471.00,63550.00,63425.00,63467.10,487.245
1781218800000,63467.10,63469.10,63328.10,63375.90,685.795
1781219700000,63375.90,63406.30,63340.00,63349.50,373.913
1781220600000,63349.50,63712.30,63349.50,63604.70,2026.821
1781221500000,63604.80,63626.60,63491.00,63597.90,1185.013
1781222400000,63598.00,63777.00,63511.10,63709.90,2179.106
1781223300000,63709.90,63709.90,63489.80,63586.90,664.535
1781224200000,63586.80,63718.60,63531.80,63626.10,855.377
1781225100000,63626.00,63700.00,63604.80,63617.70,544.176
1781226000000,63617.70,63617.70,63432.30,63455.80,1242.986
1781226900000,63455.70,63510.00,63271.60,63326.40,1444.594
1781227800000,63326.40,63390.00,63282.90,63345.50,928.843
1781228700000,63345.60,63441.10,63345.50,63402.90,849.768
1781229600000,63402.90,63758.40,63402.90,63640.10,1328.853
1781230500000,63640.10,63666.90,63491.50,63529.70,906.049
1781231400000,63529.70,63617.60,63460.00,63608.20,564.556
1781232300000,63608.20,63608.20,63524.10,63589.30,608.544
1781233200000,63589.20,63620.10,63479.20,63501.00,504.636
1781234100000,63501.00,63501.00,63314.70,63403.80,720.932
1781235000000,63403.80,63498.90,63403.70,63444.50,499.529
1781235900000,63444.40,63500.00,63423.30,63490.00,302.132
1781236800000,63490.10,63529.30,63391.20,63468.70,653.000
1781237700000,63468.70,63788.30,63468.70,63763.80,3026.139
1781238600000,63763.70,63843.20,63654.90,63692.60,1643.850
1781239500000,63692.50,63732.40,63655.40,63670.40,578.963
1781240400000,63670.50,63695.40,63383.70,63405.10,2619.365
1781241300000,63405.10,63499.50,63404.60,63457.20,1170.853
1781242200000,63457.10,63470.00,63305.00,63362.80,1122.175
1781243100000,63362.80,63381.70,63265.40,63317.60,1134.688
1781244000000,63317.60,63385.90,63239.60,63272.40,1012.491
1781244900000,63272.40,63272.50,63062.80,63121.00,1963.878
1781245800000,63121.00,63121.00,62800.00,62899.10,4321.840
1781246700000,62899.20,62997.10,62892.40,62955.90,1243.759
1781247600000,62956.00,63096.40,62950.00,62957.00,1546.140
1781248500000,62957.00,63057.40,62919.90,62994.40,799.632
1781249400000,62994.50,63063.20,62946.10,63026.60,901.308
1781250300000,63026.70,63180.80,62974.60,63066.50,1538.110
1781251200000,63066.50,63319.30,63063.90,63266.40,1979.530
1781252100000,63266.30,63587.00,63252.40,63500.00,2769.476
1781253000000,63500.00,63512.40,63346.30,63360.90,1155.333
1781253900000,63361.00,63456.40,63324.50,63440.50,651.576
1781254800000,63440.50,63567.70,63398.30,63536.40,1178.690
1781255700000,63536.30,63768.30,63518.10,63735.00,2232.366
1781256600000,63735.00,63929.90,63731.70,63854.20,3221.116
1781257500000,63854.20,63913.10,63719.80,63729.50,1306.864
1781258400000,63729.50,63824.00,63657.60,63741.00,1275.707
1781259300000,63741.00,63782.40,63541.90,63582.60,1685.419
1781260200000,63582.70,63727.40,63575.90,63654.70,797.099
1781261100000,63654.70,63713.00,63628.00,63665.10,447.080
1781262000000,63665.20,63853.80,63651.20,63792.70,1100.747
1781262900000,63792.70,63846.90,63724.80,63792.00,639.124
1781263800000,63792.10,63792.10,63650.00,63763.20,901.208
1781264700000,63763.10,63855.80,63729.40,63729.40,739.951
1781265600000,63729.40,63745.10,63586.10,63599.90,1132.431
1781266500000,63600.00,63651.90,63426.00,63435.50,1388.540
1781267400000,63435.60,63543.00,63358.20,63401.80,1609.109
1781268300000,63401.90,63514.70,63331.90,63433.70,1467.280
1781269200000,63433.80,63481.20,63330.40,63456.20,1009.819
1781270100000,63456.30,63507.90,63321.50,63381.00,1039.561
1781271000000,63381.00,63427.30,63020.60,63107.80,5044.039
1781271900000,63107.80,63240.00,63070.20,63200.30,2142.967
1781272800000,63200.30,63532.00,63160.40,63418.10,3424.990
1781273700000,63418.10,63647.80,63280.70,63603.00,2532.556
1781274600000,63603.00,63768.80,63450.00,63483.20,3312.318
1781275500000,63483.20,63988.00,63434.00,63971.00,5001.519
1781276400000,63971.10,64354.70,63859.30,64345.70,9574.228
1781277300000,64345.80,64362.60,64084.60,64099.90,6005.765
1781278200000,64100.00,64100.00,63766.30,63873.40,5621.088
1781279100000,63873.30,63909.40,63504.20,63557.00,4802.133
1781280000000,63557.10,63942.60,63477.50,63827.60,4395.746
1781280900000,63827.50,63970.00,63726.80,63873.20,2087.126
1781281800000,63873.10,63974.80,63738.40,63817.40,1239.986
1781282700000,63817.50,63957.10,63795.40,63951.20,810.095
1781283600000,63951.20,64083.30,63840.30,63875.60,1838.735
1781284500000,63875.50,63890.90,63708.00,63793.70,860.024
1781285400000,63793.80,63888.20,63724.40,63797.50,895.035
1781286300000,63797.50,63854.90,63770.20,63836.90,623.711
1781287200000,63836.90,63907.00,63679.70,63784.60,1066.572
1781288100000,63784.60,63812.20,63650.00,63748.80,814.966
1781289000000,63748.90,63889.10,63695.20,63838.80,582.906
1781289900000,63838.80,63876.50,63647.90,63661.80,631.165
1781290800000,63661.80,63759.60,63636.30,63680.00,511.032
1781291700000,63679.90,63755.80,63611.50,63700.70,557.559
1781292600000,63700.70,63790.80,63600.50,63615.60,1222.229
1781293500000,63615.50,63638.90,63555.00,63555.10,873.349
1781294400000,63555.00,63664.40,63523.60,63598.00,1132.765
1781295300000,63597.90,63613.20,63480.00,63500.00,779.964
1781296200000,63500.00,63552.30,63482.30,63495.70,687.478
1781297100000,63495.80,63508.10,63352.30,63417.90,1399.935
1781298000000,63418.20,63608.10,63413.00,63574.20,734.156
1781298900000,63574.30,63603.40,63471.60,63485.60,467.157
1781299800000,63485.70,63550.00,63472.10,63511.60,336.831
1781300700000,63511.60,63528.50,63413.50,63450.10,708.561
1781301600000,63450.00,63532.30,63446.20,63486.90,721.237
1781302500000,63487.00,63633.30,63461.90,63570.60,569.953
1781303400000,63570.70,63590.20,63435.60,63481.50,502.347
1781304300000,63481.60,63509.50,63460.00,63482.80,421.031
1781305200000,63482.80,63485.90,63416.60,63440.10,434.417
1781306100000,63440.10,63475.40,63394.30,63424.20,348.092
1781307000000,63424.20,63547.50,63408.30,63477.00,495.966
1781307900000,63477.00,63554.70,63477.00,63547.00,363.220
1781308800000,63547.00,63580.60,63505.90,63559.20,665.048
1781309700000,63559.20,63573.00,63500.00,63500.00,393.157
1781310600000,63500.00,63600.00,63480.00,63559.90,455.975
1781311500000,63559.80,63625.20,63525.20,63573.90,436.984
1781312400000,63573.90,63689.70,63573.90,63625.50,589.727
1781313300000,63625.50,63652.60,63575.10,63629.20,433.540
1781314200000,63629.30,63828.40,63608.80,63725.00,1002.937
1781315100000,63725.10,63814.00,63725.00,63801.00,642.987
1781316000000,63801.10,63806.90,63736.10,63762.20,427.777
1781316900000,63762.10,63775.10,63649.00,63684.90,775.518
1781317800000,63684.90,63698.10,63585.60,63590.90,644.693
1781318700000,63590.90,63628.20,63517.80,63612.00,609.967
1781319600000,63612.10,63695.00,63612.10,63626.40,512.892
1781320500000,63626.40,63647.90,63360.00,63479.70,1677.602
1781321400000,63479.60,63494.40,63446.30,63471.50,488.136
1781322300000,63471.60,63525.30,63460.00,63494.40,348.164
1781323200000,63494.40,63538.50,63444.90,63481.90,339.314
1781324100000,63482.00,63558.10,63462.80,63508.50,274.234
1781325000000,63508.40,63597.90,63497.50,63585.10,362.629
1781325900000,63585.10,63619.10,63473.20,63475.20,317.359
1781326800000,63475.20,63550.30,63456.00,63530.40,287.712
1781327700000,63530.40,63564.80,63506.70,63536.30,238.054
1781328600000,63536.20,63562.50,63500.00,63546.50,470.828
1781329500000,63546.50,63555.00,63466.60,63554.90,211.704
1781330400000,63554.90,63584.70,63518.10,63550.00,358.276
1781331300000,63549.90,63646.50,63516.30,63646.50,334.713
1781332200000,63646.50,63674.10,63612.50,63644.40,459.676
1781333100000,63644.40,63720.20,63644.40,63707.20,489.971
1781334000000,63707.20,63724.70,63637.10,63692.90,520.847
1781334900000,63692.80,63777.70,63645.10,63749.40,627.383
1781335800000,63749.40,63810.00,63713.30,63800.10,1140.788
1781336700000,63800.00,63879.00,63770.70,63823.90,2584.891
1781337600000,63823.90,63859.90,63739.70,63762.30,1519.936
1781338500000,63762.30,63808.30,63729.80,63777.40,611.551
1781339400000,63777.40,63896.50,63771.00,63847.80,935.672
1781340300000,63847.80,63847.90,63770.30,63771.60,394.084
1781341200000,63771.50,63819.40,63750.90,63780.40,426.600
1781342100000,63780.30,63833.00,63769.10,63787.90,272.120
1781343000000,63788.00,63800.00,63757.00,63784.80,272.373
1781343900000,63784.70,63788.00,63708.20,63709.90,448.714
1781344800000,63709.90,63754.50,63683.10,63754.50,450.438
1781345700000,63754.50,63761.60,63719.70,63746.10,436.938
1781346600000,63746.10,63866.00,63746.10,63820.00,848.729
1781347500000,63819.90,63883.20,63766.80,63812.90,943.366
1781348400000,63813.00,63934.80,63809.40,63894.00,792.332
1781349300000,63894.10,63949.90,63892.60,63922.60,848.048
1781350200000,63922.20,63922.20,63859.00,63879.40,419.716
1781351100000,63879.30,63938.00,63861.40,63936.10,354.307
1781352000000,63936.10,63936.10,63882.60,63903.20,413.989
1781352900000,63903.20,63948.00,63890.00,63926.90,605.374
1781353800000,63926.90,63992.50,63926.80,63970.10,884.365
1781354700000,63970.00,64187.70,63970.00,64103.10,2852.593
1781355600000,64103.00,64139.60,64039.70,64137.80,945.839
1781356500000,64137.90,64200.00,64080.30,64192.80,1069.865
1781357400000,64192.80,64217.00,64129.70,64130.00,978.480
1781358300000,64130.10,64160.80,64026.60,64071.00,1738.468
1781359200000,64071.00,64153.60,64052.30,64122.10,842.076
1781360100000,64122.00,64153.60,64072.00,64096.20,438.220
1781361000000,64096.30,64187.40,64096.20,64143.60,403.202
1781361900000,64143.50,64208.80,64141.10,64189.70,495.417
1781362800000,64189.80,64272.60,64147.20,64251.20,1196.838
1781363700000,64251.30,64321.00,64191.90,64253.60,1176.201
1781364600000,64253.60,64323.00,64204.70,64207.30,1191.856
1781365500000,64207.30,64307.80,64157.00,64265.00,993.393
1781366400000,64265.10,64280.00,63950.00,64054.60,3507.487
1781367300000,64054.60,64057.50,63933.50,63952.10,2075.214
1781368200000,63952.10,64038.00,63934.70,64020.50,535.161
1781369100000,64020.50,64134.20,63862.90,63996.20,2096.431
1781370000000,63996.10,64029.40,63906.00,63928.80,748.032
1781370900000,63928.90,64060.90,63902.00,64060.80,605.135
1781371800000,64060.90,64090.10,64028.00,64070.80,586.358
1781372700000,64070.80,64086.00,63905.30,63939.70,1048.719
1781373600000,63939.70,64039.50,63939.60,64026.50,561.338
1781374500000,64026.40,64182.70,63999.90,64160.00,973.332
1781375400000,64159.90,64247.80,64135.20,64230.00,532.599
1781376300000,64230.00,64239.90,64013.00,64122.70,1048.895
1781377200000,64122.70,64169.90,64111.10,64164.00,353.284
1781378100000,64164.00,64167.50,64113.40,64154.50,245.944
1781379000000,64154.70,64290.10,64116.70,64255.60,1911.387
1781379900000,64255.60,64298.70,64248.00,64264.20,577.187
1781380800000,64264.20,64264.30,64195.30,64244.10,447.717
1781381700000,64244.10,64260.00,64205.50,64213.30,220.548
1781382600000,64213.30,64233.90,64200.00,64216.10,172.626
1781383500000,64216.10,64259.90,64208.70,64252.40,238.420
1781384400000,64252.40,64285.70,64190.00,64206.70,316.587
1781385300000,64206.80,64242.80,64189.60,64216.90,276.979
1781386200000,64217.00,64738.00,64216.90,64537.90,5245.524
1781387100000,64537.90,64550.00,64406.20,64435.20,1495.803
1781388000000,64435.20,64435.30,64349.30,64387.20,859.361
1781388900000,64387.30,64508.50,64351.50,64483.60,732.916
1781389800000,64483.50,64529.00,64457.00,64485.00,768.349
1781390700000,64485.00,64495.20,64409.00,64413.40,489.964
1781391600000,64413.40,64443.30,64404.10,64410.00,333.328
1781392500000,64410.00,64572.00,64407.60,64423.20,732.767
1781393400000,64423.40,64462.90,64408.50,64417.70,432.562
1781394300000,64417.70,64428.10,64350.50,64418.20,666.850
1781395200000,64418.30,64448.10,64338.80,64395.00,581.584
1781396100000,64395.00,64500.00,64355.00,64432.70,526.083
1781397000000,64432.70,64533.00,64430.00,64525.10,459.372
1781397900000,64525.10,64548.60,64475.90,64519.30,493.146
1781398800000,64519.20,64665.90,64466.40,64596.40,959.813
1781399700000,64596.40,64682.20,64581.40,64618.10,678.850
1781400600000,64618.10,64618.10,64521.10,64532.10,622.744
1781401500000,64532.00,64602.10,64527.60,64534.10,351.522
1781402400000,64534.00,64606.40,64527.40,64587.00,600.035
1781403300000,64587.00,64602.90,64479.80,64503.10,591.885
1781404200000,64503.10,64524.20,64470.00,64476.80,497.011
1781405100000,64476.90,64477.10,64436.70,64450.00,356.521
1781406000000,64450.10,64491.20,64431.20,64456.10,462.321
1781406900000,64456.10,64510.30,64453.60,64490.90,246.800
1781407800000,64490.90,64500.00,64421.70,64450.20,571.702
1781408700000,64450.10,64518.40,64427.10,64515.00,1988.805
1781409600000,64515.00,64532.80,64457.20,64465.00,296.303
1781410500000,64465.00,64489.00,64431.80,64431.90,450.224
1781411400000,64432.00,64432.00,64350.80,64351.30,742.943
1781412300000,64351.20,64358.70,64281.00,64300.00,1109.826
1781413200000,64300.00,64357.80,64290.60,64334.40,648.314
1781414100000,64334.40,64336.40,64260.10,64273.80,496.829
1781415000000,64273.70,64378.50,64260.00,64330.30,450.954
1781415900000,64330.30,64358.50,64300.30,64318.10,480.845
1781416800000,64318.10,64450.10,64318.10,64438.90,787.460
1781417700000,64438.90,64439.10,64295.50,64354.60,620.192
1781418600000,64354.70,64358.30,64208.50,64210.90,1170.437
1781419500000,64210.80,64271.80,64210.80,64258.00,782.157
1781420400000,64258.00,64265.40,64186.50,64193.20,760.224
1781421300000,64193.20,64337.00,64193.20,64321.80,709.018
1781422200000,64321.90,64321.90,64262.70,64271.20,415.148
1781423100000,64271.20,64412.70,64271.20,64392.00,588.225
1781424000000,64392.10,64433.30,64353.20,64409.10,457.283
1781424900000,64409.10,64486.90,64409.00,64451.90,603.770
1781425800000,64451.90,64478.70,64407.30,64432.60,278.088
1781426700000,64432.60,64450.00,64407.10,64423.10,289.939
1781427600000,64423.10,64439.10,64380.20,64388.10,313.320
1781428500000,64388.10,64396.00,64281.10,64322.10,731.211
1781429400000,64322.20,64572.60,64308.70,64521.40,1207.117
1781430300000,64521.30,64593.10,64505.30,64584.70,849.031
1781431200000,64584.80,64584.80,64452.80,64499.20,874.066
1781432100000,64499.20,64616.00,64483.30,64563.90,741.509
1781433000000,64563.90,64640.60,64553.80,64571.50,488.777
1781433900000,64571.50,64582.40,64473.40,64485.40,427.438
1781434800000,64485.50,64545.80,64419.30,64528.90,638.473
1781435700000,64528.90,64563.40,64477.00,64543.60,337.462
1781436600000,64543.60,64614.40,64542.60,64581.00,419.568
1781437500000,64581.10,64613.50,64504.80,64511.70,469.538
1781438400000,64511.70,64531.20,64434.70,64446.00,634.590
1781439300000,64446.10,64480.90,64431.40,64434.80,492.697
1781440200000,64434.80,64446.70,64289.00,64328.70,1179.876
1781441100000,64328.60,64342.60,64255.90,64296.80,987.051
1781442000000,64296.70,64359.40,64270.00,64330.00,857.198
1781442900000,64330.00,64369.00,64209.60,64243.30,703.245
1781443800000,64243.30,64354.50,64207.30,64328.70,973.126
1781444700000,64328.60,64358.00,64250.00,64287.50,410.254
1781445600000,64287.40,64313.10,64224.20,64275.60,484.848
1781446500000,64275.50,64296.30,64115.60,64120.50,1820.215
1781447400000,64120.40,64143.70,63851.00,63908.50,4449.211
1781448300000,63908.50,63960.20,63830.00,63953.70,1721.607
1781449200000,63953.70,64123.80,63945.80,64072.00,1761.776
1781450100000,64072.10,64094.00,63956.10,64034.70,1286.545
1781451000000,64034.70,64093.10,63972.30,64001.70,793.027
1781451900000,64001.70,64053.50,63972.30,63995.20,439.842
1781452800000,63995.20,64111.10,63970.70,64078.40,681.696
1781453700000,64078.50,64183.40,64054.40,64110.50,685.665
1781454600000,64110.40,64170.10,64101.00,64130.20,359.569
1781455500000,64130.20,64144.30,63901.30,63913.80,1597.068
1781456400000,63913.80,64000.00,63888.30,63932.00,1055.031
1781457300000,63932.10,63970.90,63865.10,63874.50,635.794
1781458200000,63874.50,63944.70,63730.00,63815.60,1975.567
1781459100000,63815.50,63857.50,63650.00,63706.10,1804.066
1781460000000,63706.20,63772.70,63660.60,63711.20,1166.714
1781460900000,63711.20,63761.40,63650.90,63693.20,804.461
1781461800000,63693.20,63772.40,63693.10,63742.30,666.199
1781462700000,63742.20,63791.90,63736.10,63783.90,532.937
1781463600000,63783.90,63821.80,63702.00,63757.60,429.991
1781464500000,63757.60,63830.90,63755.50,63770.30,370.247
1781465400000,63770.30,63809.70,63721.00,63732.60,306.163
1781466300000,63732.60,63782.40,63716.60,63777.30,252.080
1781467200000,63777.40,63840.00,63761.50,63792.40,638.768
1781468100000,63792.30,63940.00,63792.30,63900.30,764.914
1781469000000,63900.20,64070.00,63887.80,64016.00,1323.139
1781469900000,64015.90,64054.40,63968.50,63978.10,346.238
1781470800000,63978.20,64080.90,63973.40,64076.00,667.203
1781471700000,64076.00,64999.90,64075.90,64750.10,11265.749
1781472600000,64750.10,65444.00,64645.90,65235.20,9456.624
1781473500000,65235.20,65652.00,65235.20,65284.40,6306.387
1781474400000,65284.40,65513.90,64918.20,65090.00,7156.994
1781475300000,65090.10,65228.30,64965.20,65178.60,2546.272
1781476200000,65178.70,65555.00,65139.30,65439.60,2950.086
1781477100000,65439.60,65468.30,65303.40,65389.20,1592.936
1781478000000,65389.20,65596.60,65217.00,65529.80,2671.508
1781478900000,65529.70,65716.70,65470.30,65647.60,3320.693
1781479800000,65647.60,65715.30,65488.50,65531.20,1883.929
1781480700000,65531.30,65775.00,65519.90,65702.10,1899.779
1781481600000,65702.10,65880.00,65583.50,65848.40,2607.650
1781482500000,65848.40,65848.40,65630.00,65720.10,1881.439
1781483400000,65720.20,65734.30,65444.00,65507.90,3584.237
1781484300000,65508.00,65610.00,65468.80,65591.40,971.660
1781485200000,65591.40,65595.70,65314.30,65472.20,2368.960
1781486100000,65472.20,65489.00,65319.00,65362.00,795.552
1781487000000,65361.90,65705.60,65345.00,65674.10,1824.872
1781487900000,65674.10,65674.10,65439.30,65482.60,947.425
1781488800000,65482.60,65632.80,65400.00,65623.40,1089.673
1781489700000,65623.30,65749.00,65589.60,65609.40,1078.139
1781490600000,65609.40,65638.70,65532.60,65532.70,751.497
1781491500000,65532.60,65540.80,65383.60,65429.30,1004.311
1781492400000,65429.30,65699.00,65393.40,65695.10,1635.572
1781493300000,65695.10,65708.80,65642.60,65701.00,1550.441
1781494200000,65700.90,65912.70,65655.80,65881.70,3290.873
1781495100000,65881.70,65996.80,65805.80,65894.70,2778.433
1781496000000,65894.60,65894.70,65680.00,65692.80,1321.711
1781496900000,65692.70,65745.70,65666.20,65685.60,686.926
1781497800000,65685.60,65709.90,65615.00,65653.90,714.723
1781498700000,65653.90,65678.80,65601.80,65612.20,608.458
1781499600000,65612.20,65660.00,65577.80,65660.00,765.801
1781500500000,65660.00,65844.70,65655.50,65799.90,1299.480
1781501400000,65800.00,65806.90,65670.90,65690.40,493.254
1781502300000,65690.40,65837.40,65675.10,65828.10,508.281
1781503200000,65828.00,65888.80,65786.00,65856.30,1027.782
1781504100000,65856.40,65933.00,65824.30,65904.40,1098.675
1781505000000,65904.30,65917.20,65716.40,65778.40,1356.576
1781505900000,65778.40,65858.50,65766.50,65773.00,588.828
1781506800000,65773.00,65836.10,65650.00,65781.70,866.128
1781507700000,65781.70,65978.10,65781.60,65924.20,1295.334
1781508600000,65924.30,65924.30,65692.00,65711.50,1632.114
1781509500000,65711.50,65752.30,65580.00,65642.30,1593.024
1781510400000,65642.40,65727.90,65590.00,65701.00,954.403
1781511300000,65701.00,65724.30,65580.30,65643.30,887.955
1781512200000,65643.30,65762.00,65625.70,65734.90,483.645
1781513100000,65734.90,65768.10,65594.10,65619.90,1586.197
1781514000000,65620.00,65680.00,65619.90,65645.10,575.240
1781514900000,65645.10,65740.10,65612.00,65612.10,636.547
1781515800000,65612.10,65618.80,65469.00,65540.70,1250.998
1781516700000,65540.70,65590.30,65478.80,65559.90,863.608
1781517600000,65559.80,65724.00,65545.20,65700.20,771.497
1781518500000,65700.30,65721.40,65663.40,65678.30,422.174
1781519400000,65678.30,65722.60,65666.90,65722.60,363.088
1781520300000,65722.60,65934.30,65682.20,65884.70,6338.480
1781521200000,65884.70,65988.00,65807.30,65899.90,2772.899
1781522100000,65900.00,66346.20,65894.70,66222.00,9421.245
1781523000000,66222.00,66269.90,66088.00,66118.50,2187.094
1781523900000,66118.40,66217.00,66083.20,66192.00,1071.163
1781524800000,66192.00,66283.00,66056.40,66249.10,2013.876
1781525700000,66249.10,66300.00,66143.20,66243.30,1635.623
1781526600000,66243.30,66441.00,66151.50,66441.00,4884.865
1781527500000,66440.90,66570.00,66381.30,66528.50,3640.037
1781528400000,66528.50,66665.80,66435.20,66579.80,4650.019
1781529300000,66579.90,66915.20,66557.60,66801.80,6988.340
1781530200000,66801.70,66853.80,66408.40,66541.30,6241.580
1781531100000,66541.40,66622.80,66375.10,66410.80,2665.872
1781532000000,66410.80,66433.20,66265.00,66416.40,3731.410
1781532900000,66416.40,66535.60,66367.70,66530.00,1754.605
1781533800000,66530.00,66530.00,66388.90,66500.00,1134.063
1781534700000,66500.00,66646.80,66500.00,66552.30,1632.759
1781535600000,66552.40,66661.30,66541.50,66587.40,1079.588
1781536500000,66587.50,66697.50,66547.90,66617.10,1084.046
1781537400000,66617.10,66880.00,66573.40,66871.70,2611.625
1781538300000,66871.60,67255.40,66871.60,67248.50,8587.004
1781539200000,67248.50,67254.50,67059.70,67210.80,3026.129
1781540100000,67210.70,67228.00,67051.10,67149.40,1928.807
1781541000000,67149.50,67237.30,67101.00,67129.20,1453.770
1781541900000,67129.30,67179.50,67055.00,67122.30,1170.146
1781542800000,67122.30,67122.40,66713.20,66869.80,4546.113
1781543700000,66869.70,66952.80,66736.50,66782.90,1305.315
1781544600000,66782.80,66899.90,66635.10,66850.10,1500.014
1781545500000,66850.10,66917.00,66800.20,66820.70,842.465
1781546400000,66820.70,66900.00,66678.50,66777.70,1395.294
1781547300000,66777.70,66856.90,66765.80,66791.20,576.969
1781548200000,66791.20,66844.70,66710.00,66765.40,833.913
1781549100000,66765.50,66888.00,66720.00,66726.10,751.275
1781550000000,66726.10,66856.10,66687.40,66822.10,555.436
1781550900000,66822.10,66851.60,66302.40,66495.00,3172.189
1781551800000,66495.00,66691.70,66493.30,66690.50,1118.110
1781552700000,66690.50,66719.70,66453.30,66579.20,1326.837
1781553600000,66579.10,66605.20,66456.80,66530.70,813.323
1781554500000,66530.70,66570.00,66482.30,66544.00,434.908
1781555400000,66544.00,66658.20,66544.00,66551.80,486.032
1781556300000,66551.80,66551.80,66445.00,66489.60,510.408
1781557200000,66489.60,66499.50,66391.20,66490.10,688.585
1781558100000,66490.10,66534.80,66356.90,66379.40,662.955
1781559000000,66379.30,66444.00,66284.80,66402.40,1083.635
1781559900000,66402.30,66416.90,66326.50,66337.10,510.099
1781560800000,66337.10,66446.20,66321.00,66326.10,540.241
1781561700000,66326.10,66382.80,66065.10,66131.10,2197.755
1781562600000,66131.10,66346.00,66068.70,66263.60,1329.666
1781563500000,66263.50,66301.50,66166.90,66170.00,1477.467
1781564400000,66170.00,66258.00,66150.00,66236.00,563.531
1781565300000,66236.10,66267.70,66114.10,66199.40,677.078
1781566200000,66199.40,66246.30,66086.60,66243.90,694.257
1781567100000,66244.00,66335.50,66210.00,66285.90,840.845
1781568000000,66285.90,66371.40,66235.00,66350.90,906.602
1781568900000,66350.90,66383.40,66197.20,66210.90,900.062
1781569800000,66210.80,66426.90,66204.00,66374.80,900.697
1781570700000,66374.80,66400.00,66201.10,66216.90,724.158
1781571600000,66216.80,66331.90,66206.60,66247.10,730.443
1781572500000,66247.10,66345.90,66220.00,66335.00,559.750
1781573400000,66335.00,66378.60,66313.00,66325.80,439.990
1781574300000,66325.70,66388.80,66284.90,66309.90,568.718
1781575200000,66309.90,66331.80,66014.20,66028.20,1839.949
1781576100000,66028.20,66125.70,65721.00,65735.40,3566.626
1781577000000,65735.30,65890.00,65717.60,65849.60,2166.530
1781577900000,65849.60,65858.80,65655.00,65714.10,1526.642
1781578800000,65714.00,65821.00,65650.60,65779.00,1421.615
1781579700000,65779.00,65978.60,65607.10,65946.20,2000.193
1781580600000,65946.30,66099.10,65939.90,66095.30,1528.533
1781581500000,66095.20,66145.40,66052.80,66125.40,1654.990
1781582400000,66125.40,66252.20,66099.00,66117.80,1512.991
1781583300000,66117.80,66134.10,65943.90,65944.00,1239.006
1781584200000,65943.90,65944.00,65768.70,65855.00,2059.264
1781585100000,65855.10,65874.70,65780.00,65811.10,744.072
1781586000000,65811.10,66041.90,65811.10,65988.00,1376.100
1781586900000,65988.10,66090.90,65930.70,66041.10,713.708
1781587800000,66041.20,66091.20,65974.10,66060.10,773.234
1781588700000,66060.10,66119.90,66019.60,66028.00,653.065
1781589600000,66028.10,66167.90,66025.10,66153.40,715.717
1781590500000,66153.40,66324.60,66117.00,66306.60,1378.571
1781591400000,66306.60,66543.50,66257.30,66361.10,2458.291
1781592300000,66361.10,66505.90,66353.20,66406.40,1080.797
1781593200000,66406.30,66497.00,66306.00,66306.00,967.068
1781594100000,66306.00,66450.70,66278.30,66301.40,1762.428
1781595000000,66301.40,66399.00,66280.00,66288.50,682.780
1781595900000,66288.50,66350.00,66272.10,66341.70,540.325
1781596800000,66341.80,66472.10,66310.50,66435.80,788.923
1781597700000,66435.90,66541.90,66344.90,66518.90,1432.420
1781598600000,66518.90,66625.00,66461.90,66583.40,2613.038
1781599500000,66583.40,66956.70,66530.10,66863.90,4261.099
1781600400000,66863.90,66884.60,66690.70,66735.70,1934.804
1781601300000,66735.70,66735.70,66525.00,66581.40,1304.684
1781602200000,66581.40,66706.40,66546.70,66669.80,999.172
1781603100000,66669.80,66699.60,66440.10,66478.40,1066.939
1781604000000,66478.50,66563.10,66463.20,66509.90,687.045
1781604900000,66509.80,66755.50,66509.80,66633.40,1751.579
1781605800000,66633.40,66637.50,66539.20,66579.90,594.335
1781606700000,66579.90,66592.40,66451.10,66476.10,801.501
1781607600000,66476.10,66619.30,66402.40,66484.00,911.601
1781608500000,66484.10,66556.80,66359.40,66445.10,914.861
1781609400000,66445.00,66452.60,66325.40,66376.90,841.631
1781610300000,66376.90,66463.70,66345.20,66456.00,712.003
1781611200000,66456.00,66538.00,66370.00,66520.00,1183.539
1781612100000,66519.90,66650.00,66510.10,66552.50,1691.382
1781613000000,66552.50,66787.10,66410.00,66460.10,2406.243
1781613900000,66460.00,66472.30,66325.20,66390.50,1330.835
1781614800000,66390.50,66435.60,65970.00,66173.90,3897.486
1781615700000,66173.80,66240.10,65988.00,65988.10,1909.205
1781616600000,65988.00,66137.00,65893.20,66100.00,3371.957
1781617500000,66099.90,66180.00,65961.80,66012.70,1774.743
1781618400000,66012.80,66239.30,65980.00,65999.90,2175.393
1781619300000,65999.90,66036.20,65461.10,65524.20,6853.458
1781620200000,65524.20,65720.70,65328.80,65663.90,4932.666
1781621100000,65664.00,65749.90,65574.30,65630.20,1627.311
1781622000000,65630.20,65856.00,65580.00,65834.00,2246.405
1781622900000,65833.90,65885.00,65683.80,65789.60,2084.172
1781623800000,65789.70,65981.50,65780.00,65814.60,1628.819
1781624700000,65814.70,65965.00,65667.50,65841.80,1700.543
1781625600000,65841.80,65932.30,65738.50,65744.20,970.966
1781626500000,65744.30,65800.10,65692.10,65764.10,908.412
1781627400000,65764.10,65846.10,65676.50,65784.70,585.502
1781628300000,65784.70,65800.40,65675.20,65730.80,824.168
1781629200000,65730.90,65829.70,65708.80,65761.50,592.854
1781630100000,65761.60,65846.80,65677.10,65725.40,544.770
1781631000000,65725.40,65800.00,65682.10,65726.20,443.582
1781631900000,65726.20,65991.70,65707.70,65946.20,1787.000
1781632800000,65946.20,66246.10,65921.10,66105.10,2496.435
1781633700000,66105.10,66106.60,65839.00,65885.50,1197.410
1781634600000,65885.50,65950.00,65767.00,65817.40,918.848
1781635500000,65817.30,65911.20,65792.10,65822.40,875.420
1781636400000,65822.50,65822.50,65620.40,65640.40,1672.740
1781637300000,65640.40,65700.00,65529.00,65678.60,1069.455
1781638200000,65678.60,65760.00,65570.00,65616.90,813.633
1781639100000,65616.90,65706.80,65532.10,65653.20,1410.060
1781640000000,65653.20,65737.10,65561.30,65737.10,869.205
1781640900000,65737.00,65819.70,65660.00,65695.10,699.029
1781641800000,65695.20,65811.00,65690.00,65808.60,640.258
1781642700000,65808.50,65832.70,65791.10,65824.00,309.479
1781643600000,65824.00,65908.40,65803.70,65885.30,700.984
1781644500000,65885.30,65888.00,65679.80,65696.40,809.496
1781645400000,65696.30,65724.10,65609.80,65702.90,502.047
1781646300000,65702.80,65750.00,65676.60,65741.20,601.204
1781647200000,65741.30,65851.90,65677.50,65811.10,1233.028
1781648100000,65811.20,65855.00,65683.00,65741.10,518.183
1781649000000,65741.00,65756.60,65666.50,65691.30,467.590
1781649900000,65691.20,65762.60,65644.60,65745.20,355.560
1781650800000,65745.20,65805.00,65690.00,65730.40,353.958
1781651700000,65730.40,65730.50,65610.00,65705.70,472.305
1781652600000,65705.60,65753.00,65676.00,65687.40,273.337
1781653500000,65687.30,65687.30,65580.10,65644.80,666.801
1781654400000,65644.80,65779.00,65644.80,65716.70,522.509
1781655300000,65716.70,65769.60,65671.80,65694.80,504.316
1781656200000,65694.80,65812.50,65657.60,65794.70,519.992
1781657100000,65794.70,65821.00,65668.30,65679.40,577.293
1781658000000,65679.40,65800.00,65650.00,65765.30,488.008
1781658900000,65765.40,65765.40,65427.90,65556.90,2484.197
1781659800000,65556.90,65786.20,65508.00,65729.90,870.821
1781660700000,65729.90,65925.10,65729.90,65901.10,941.374
1781661600000,65901.10,65910.80,65801.50,65865.10,601.300
1781662500000,65865.10,66092.50,65837.10,66066.00,1462.372
1781663400000,66065.90,66072.90,65743.00,65825.10,894.877
1781664300000,65825.00,65879.70,65790.80,65872.70,529.033
1781665200000,65872.60,65872.70,65770.00,65783.10,446.894
1781666100000,65783.10,65783.10,65671.80,65742.70,841.353
1781667000000,65742.60,65850.00,65742.60,65765.30,303.937
1781667900000,65765.40,65824.60,65729.20,65818.60,304.058
1781668800000,65818.60,65868.70,65786.60,65810.70,297.137
1781669700000,65810.60,65875.00,65744.20,65864.20,399.288
1781670600000,65864.20,65913.60,65828.50,65887.70,401.886
1781671500000,65887.80,66019.00,65852.50,65852.50,798.490
1781672400000,65852.50,65948.50,65750.00,65775.00,614.585
1781673300000,65775.00,65830.00,65702.90,65816.10,634.114
1781674200000,65816.00,65897.30,65785.10,65879.00,374.146
1781675100000,65878.90,65899.00,65733.30,65796.10,529.400
1781676000000,65796.10,65830.00,65749.50,65818.60,401.372
1781676900000,65818.70,65869.80,65610.00,65615.70,754.063
1781677800000,65615.60,65705.60,65535.00,65606.60,1693.015
1781678700000,65606.60,65644.60,65567.10,65589.40,564.472
1781679600000,65589.40,65671.80,65516.40,65660.90,1769.128
1781680500000,65660.90,65680.30,65432.10,65521.70,1368.667
1781681400000,65521.70,65552.60,65446.90,65501.40,1294.746
1781682300000,65501.50,65569.80,65200.00,65504.00,4838.490
1781683200000,65503.90,65549.80,65300.90,65304.80,1236.520
1781684100000,65304.80,65364.30,65208.40,65291.10,1629.196
1781685000000,65291.20,65291.20,64875.00,64881.30,6848.036
1781685900000,64881.40,64991.60,64800.00,64889.80,3907.167
1781686800000,64889.90,65011.20,64872.30,64940.50,2613.390
1781687700000,64940.50,65045.00,64890.00,65012.60,1330.773
1781688600000,65012.60,65029.10,64888.00,64917.00,1007.089
1781689500000,64917.00,64976.10,64800.40,64880.10,1164.788
1781690400000,64880.00,64964.20,64771.10,64854.80,1500.430
1781691300000,64854.90,64950.00,64827.00,64907.60,738.302
1781692200000,64907.60,64946.30,64832.40,64886.70,450.336
1781693100000,64886.50,64914.90,64733.50,64770.40,1248.906
1781694000000,64770.40,64825.60,64525.00,64571.10,3856.461
1781694900000,64571.10,64715.90,64528.30,64668.20,1734.490
1781695800000,64668.20,64776.00,64635.00,64766.30,1419.559
1781696700000,64766.20,64834.90,64766.20,64774.50,1158.735
1781697600000,64774.60,64844.40,64698.50,64825.70,1451.576
1781698500000,64825.60,64825.70,64606.70,64654.80,1585.169
1781699400000,64654.80,64896.40,64550.70,64881.00,1797.332
1781700300000,64881.10,65080.30,64880.30,65005.30,3145.559
1781701200000,65005.20,65060.60,64941.40,65042.80,1631.232
1781702100000,65042.80,65042.80,64829.00,64884.60,2131.882
1781703000000,64884.40,65305.00,64804.10,65249.00,4220.050
1781703900000,65249.00,65333.00,65190.00,65232.90,2014.155
1781704800000,65232.60,65323.60,65088.10,65309.50,1912.522
1781705700000,65309.50,65434.10,65100.00,65215.60,1948.509
1781706600000,65215.50,65260.60,65012.20,65074.10,1364.088
1781707500000,65074.10,65260.00,64722.60,65072.40,4838.506
1781708400000,65072.40,65214.80,64943.50,65201.10,1371.802
1781709300000,65201.00,65392.90,65160.00,65304.50,1736.349
1781710200000,65304.60,65495.40,65227.30,65466.50,2306.051
1781711100000,65466.60,65834.10,65440.10,65712.70,4304.129
1781712000000,65712.70,65850.00,65676.80,65815.10,2399.238
1781712900000,65815.20,66419.20,65779.00,66222.90,6630.432
1781713800000,66222.90,66271.00,65864.50,65926.20,3804.095
1781714700000,65926.20,65983.50,65803.30,65829.70,1215.727
1781715600000,65829.60,65950.60,65755.00,65819.90,1440.915
1781716500000,65819.90,65982.90,65792.90,65930.10,781.812
1781717400000,65930.10,65981.60,65800.10,65826.60,754.133
1781718300000,65826.70,66160.00,65780.20,66073.10,2321.348
1781719200000,66073.10,66085.30,64746.60,65264.80,18281.120
1781720100000,65264.70,65517.00,65228.10,65369.60,2629.838
1781721000000,65369.70,66041.90,65238.60,66006.10,6688.753
1781721900000,66006.20,66013.30,65316.40,65481.30,4742.906
1781722800000,65481.20,65632.00,65057.00,65335.40,3766.985
1781723700000,65335.50,65356.30,64286.20,64436.40,11029.641
1781724600000,64436.50,64653.40,64115.50,64147.00,7165.305
1781725500000,64147.10,64289.90,64015.00,64271.30,5600.356
1781726400000,64271.40,64430.00,64153.80,64187.30,2996.769
1781727300000,64187.30,64434.70,64174.60,64335.90,1326.014
1781728200000,64335.90,64460.80,64200.10,64200.20,1308.657
1781729100000,64200.20,64411.00,64137.10,64405.90,1392.280
1781730000000,64405.90,64427.00,64230.20,64296.40,895.243
1781730900000,64296.40,64358.60,64231.30,64238.70,806.609
1781731800000,64238.70,64400.00,64129.50,64152.90,1264.887
1781732700000,64152.90,64254.20,64104.00,64229.40,1171.611
1781733600000,64229.40,64231.80,63881.20,64072.50,3724.659
1781734500000,64072.40,64350.10,64036.60,64336.50,1524.411
1781735400000,64336.50,64415.70,64209.40,64238.30,1273.806
1781736300000,64238.40,64389.90,64231.60,64265.30,992.322
1781737200000,64265.30,64381.20,64216.60,64294.80,661.514
1781738100000,64294.80,64495.30,64294.80,64466.30,1136.490
1781739000000,64466.20,64494.90,64366.10,64413.40,552.200
1781739900000,64413.40,64488.10,64366.10,64472.90,577.801
1781740800000,64472.90,64630.00,64455.40,64604.70,1165.051
1781741700000,64604.80,64676.50,64510.00,64560.50,927.402
1781742600000,64560.60,64671.20,64470.40,64554.30,632.027
1781743500000,64554.40,64588.00,64422.40,64432.80,643.334
1781744400000,64432.80,64780.00,64429.10,64703.70,1817.239
1781745300000,64703.80,64713.50,64584.60,64629.60,630.566
1781746200000,64629.50,64722.00,64570.10,64585.70,636.469
1781747100000,64585.70,64585.70,64444.10,64520.90,627.018
1781748000000,64520.90,64650.00,64500.00,64541.50,662.929
1781748900000,64541.50,64720.80,64453.20,64672.70,897.512
1781749800000,64672.60,64741.20,64645.60,64735.00,477.828
1781750700000,64735.00,64750.00,64641.10,64652.30,505.380
1781751600000,64652.30,64652.30,64487.50,64492.10,785.036
1781752500000,64492.10,64502.30,64280.70,64280.90,1348.880
1781753400000,64280.80,64370.70,64228.90,64298.00,1535.416
1781754300000,64298.10,64380.90,64241.30,64255.00,1422.814
1781755200000,64255.00,64323.40,63785.00,63908.20,4869.025
1781756100000,63908.30,64079.80,63821.90,63911.90,2159.324
1781757000000,63911.90,63958.30,63848.40,63850.00,1278.822
1781757900000,63850.00,63946.10,63800.10,63850.10,1460.005
1781758800000,63850.10,63947.70,63660.10,63888.50,3407.089
1781759700000,63888.50,63972.30,63877.70,63893.20,1026.524
1781760600000,63893.10,64000.00,63820.40,63900.00,812.844
1781761500000,63900.00,63979.20,63849.60,63961.80,714.575
1781762400000,63961.90,64049.40,63851.40,63927.20,1210.370
1781763300000,63927.20,63970.90,63811.30,63958.80,686.020
1781764200000,63958.70,64071.20,63939.00,64068.20,1070.155
1781765100000,64068.30,64097.70,64025.50,64054.90,1306.190
1781766000000,64054.90,64076.40,63985.30,64065.00,1079.757
1781766900000,64065.10,64284.90,64047.70,64266.70,1888.776
1781767800000,64266.70,64428.60,64222.80,64402.80,1865.756
1781768700000,64402.70,64491.10,64388.90,64470.30,1668.244
1781769600000,64470.40,64631.50,64349.20,64512.80,2455.303
1781770500000,64512.80,64577.00,64478.10,64548.00,1095.470
1781771400000,64547.90,64575.90,64485.30,64485.30,946.184
1781772300000,64485.30,64498.90,64350.00,64370.00,1245.307
1781773200000,64370.00,64376.70,64284.00,64361.70,1188.957
1781774100000,64361.70,64450.00,64204.90,64221.90,1156.286
1781775000000,64221.80,64281.70,64179.20,64257.40,947.893
1781775900000,64257.50,64297.70,64162.50,64172.60,612.606
1781776800000,64172.70,64172.70,63963.40,63985.70,2005.534
1781777700000,63985.70,64027.70,63880.20,63942.70,1875.364
1781778600000,63942.70,64055.40,63914.80,63974.90,1230.115
1781779500000,63974.80,64198.00,63971.30,64050.00,1697.306
1781780400000,64050.10,64175.90,63965.00,63998.20,1180.557
1781781300000,63998.20,64060.90,63877.30,64043.80,1128.687
1781782200000,64043.80,64057.70,63855.00,63946.20,1011.465
1781783100000,63946.30,64008.70,63855.10,63940.10,812.604
1781784000000,63940.10,64015.50,63892.80,63978.10,810.476
1781784900000,63978.10,64172.50,63960.00,64172.50,1407.170
1781785800000,64172.50,64239.00,64098.90,64225.10,1471.734
1781786700000,64225.10,64377.80,64224.80,64345.90,1521.631
1781787600000,64345.80,64423.40,64255.70,64368.90,1590.942
1781788500000,64368.80,64419.40,64294.80,64327.40,1538.416
1781789400000,64327.30,64355.20,63844.70,63850.00,4601.494
1781790300000,63850.00,64132.80,63753.00,63952.30,4345.588
1781791200000,63952.40,64047.50,63688.80,63752.00,3463.918
1781792100000,63752.00,64181.70,63678.10,63786.00,3175.262
1781793000000,63786.00,64052.60,63730.00,63841.40,2029.967
1781793900000,63841.30,63968.30,63565.00,63784.10,4491.909
1781794800000,63784.20,63796.60,63525.10,63525.90,3198.239
1781795700000,63525.90,63571.20,63156.00,63214.90,12557.276
1781796600000,63214.90,63355.00,62650.00,62755.20,12268.620
1781797500000,62755.10,62877.20,62232.10,62337.80,12612.938
1781798400000,62337.80,62694.20,62308.60,62601.80,6590.991
1781799300000,62601.80,62731.50,62483.00,62568.30,2655.494
1781800200000,62568.40,62749.90,62475.60,62688.20,2147.707
1781801100000,62688.20,62789.00,62606.90,62664.20,2814.382
1781802000000,62664.20,62677.60,62372.30,62478.20,2425.694
1781802900000,62478.20,62645.00,62241.00,62553.10,5104.163
1781803800000,62553.20,62730.00,62486.10,62622.20,2573.074
1781804700000,62622.20,62700.00,62486.00,62579.10,1637.152
1781805600000,62579.20,62716.40,62552.80,62678.70,1109.374
1781806500000,62678.70,62932.70,62584.00,62826.50,3533.615
1781807400000,62826.40,62826.40,62652.10,62748.50,2692.407
1781808300000,62748.40,62871.60,62597.00,62683.50,1814.892
1781809200000,62683.50,62716.70,62608.00,62661.30,688.232
1781810100000,62661.20,62788.80,62618.10,62753.40,846.337
1781811000000,62753.40,62980.00,62746.00,62943.40,1208.111
1781811900000,62943.30,62985.00,62879.20,62925.40,1931.904
1781812800000,62925.30,63202.30,62925.30,63144.70,3099.206
1781813700000,63144.70,63266.80,63068.10,63090.00,1289.928
1781814600000,63090.00,63150.90,63017.80,63109.90,1130.470
1781815500000,63110.00,63112.70,63012.80,63063.10,635.431
1781816400000,63063.10,63098.70,62877.20,62895.10,1018.842
1781817300000,62895.10,63022.00,62831.80,62931.00,899.356
1781818200000,62931.00,62960.50,62835.90,62889.30,746.546
1781819100000,62889.30,62973.10,62858.10,62936.00,580.017
1781820000000,62936.00,62962.10,62878.00,62892.70,601.375
1781820900000,62892.70,62900.60,62739.20,62807.40,1434.025
1781821800000,62807.30,62826.30,62710.50,62785.50,683.517
1781822700000,62785.40,62868.10,62749.50,62853.00,385.274
1781823600000,62852.90,62903.50,62717.00,62729.00,791.369
1781824500000,62729.10,62850.10,62723.60,62849.90,526.618
1781825400000,62849.90,62920.00,62847.20,62883.10,494.192
1781826300000,62883.00,62959.90,62823.50,62924.10,715.426
1781827200000,62924.00,62959.20,62812.70,62838.60,655.619
1781828100000,62838.60,62974.60,62820.00,62939.40,486.625
1781829000000,62939.50,63035.40,62927.50,63035.30,816.350
1781829900000,63035.40,63066.70,62944.00,62991.70,487.593
1781830800000,62991.70,63059.90,62863.80,62940.00,679.007
1781831700000,62940.00,63073.00,62890.10,62898.50,601.159
1781832600000,62898.50,62929.30,62814.30,62884.10,699.677
1781833500000,62884.10,63010.60,62884.00,62994.50,582.892
1781834400000,62994.50,63088.00,62985.60,62995.10,590.010
1781835300000,62995.10,63043.30,62917.80,62923.30,511.333
1781836200000,62923.30,63000.00,62884.00,62912.00,521.385
1781837100000,62912.00,62994.40,62858.20,62974.20,485.247
1781838000000,62974.20,63004.80,62681.80,62711.50,1105.435
1781838900000,62711.60,62826.70,62237.20,62809.70,8376.942
1781839800000,62809.70,62809.70,62581.00,62669.90,1285.198
1781840700000,62669.90,62786.70,62600.00,62745.10,909.661
1781841600000,62745.10,62856.50,62585.00,62843.00,1442.032
1781842500000,62843.00,62888.80,62681.00,62697.20,904.426
1781843400000,62697.10,62705.90,62486.00,62582.50,1499.429
1781844300000,62582.50,62651.90,62375.70,62421.70,1705.769
1781845200000,62421.80,62638.10,62417.40,62638.00,1266.037
1781846100000,62638.10,62638.10,62538.60,62579.70,715.067
1781847000000,62579.70,62645.00,62523.30,62626.30,800.075
1781847900000,62626.40,62715.00,62611.60,62707.00,993.583
1781848800000,62707.10,62825.60,62691.00,62821.70,866.715
1781849700000,62821.70,62842.20,62727.80,62806.20,486.208
1781850600000,62806.20,62855.60,62700.00,62795.90,481.565
1781851500000,62795.80,62888.70,62734.30,62865.10,823.985
1781852400000,62865.00,62896.80,62747.00,62747.00,693.870
1781853300000,62747.10,62806.70,62679.90,62710.00,669.103
1781854200000,62710.00,62799.90,62465.60,62517.60,2512.066
1781855100000,62517.60,62650.00,62473.50,62592.40,1444.758
1781856000000,62592.40,62647.20,62504.70,62638.50,944.131
1781856900000,62638.40,62689.20,62572.30,62637.60,707.928
1781857800000,62637.70,62758.10,62550.00,62619.20,1300.131
1781858700000,62619.20,62642.00,62533.30,62575.70,632.880
1781859600000,62575.70,62623.20,62283.70,62391.80,2273.661
1781860500000,62391.70,62439.90,62272.40,62344.20,1454.637
1781861400000,62344.10,62465.30,62344.10,62390.00,1023.045
1781862300000,62390.00,62400.60,62300.00,62353.00,1365.860
1781863200000,62352.90,62538.70,62347.80,62521.00,1322.537
1781864100000,62520.90,62520.90,62400.00,62473.50,638.944
1781865000000,62473.50,62473.60,62381.30,62389.90,659.728
1781865900000,62389.80,62570.10,62375.60,62506.20,1038.416
1781866800000,62506.30,62543.90,62419.50,62465.80,665.538
1781867700000,62465.90,62664.30,62433.00,62616.30,1207.611
1781868600000,62616.30,62657.10,62557.30,62625.20,632.340
1781869500000,62625.10,62658.50,62568.60,62600.00,530.347
1781870400000,62600.00,62661.70,62567.60,62594.30,615.231
1781871300000,62594.20,62594.20,62458.40,62528.20,739.945
1781872200000,62528.20,62577.00,62370.00,62478.40,1380.167
1781873100000,62478.40,62844.80,62315.20,62799.40,4004.009
1781874000000,62799.40,62974.90,62721.30,62752.80,3134.478
1781874900000,62752.80,62784.90,62629.50,62758.90,1469.891
1781875800000,62758.90,63099.80,62712.50,63062.30,2876.777
1781876700000,63061.60,63410.30,63046.80,63174.20,6396.982
1781877600000,63174.10,63230.00,63001.10,63060.30,2010.259
1781878500000,63060.30,63267.00,62972.80,63239.90,2364.338
1781879400000,63240.00,63398.30,63142.10,63280.00,2044.254
1781880300000,63280.10,63339.60,63161.90,63174.80,1376.063
1781881200000,63174.80,63229.90,63082.50,63158.50,1034.539
1781882100000,63158.60,63188.60,62992.00,63034.50,1315.241
1781883000000,63034.40,63266.30,63034.40,63220.80,1158.535
1781883900000,63220.90,63260.10,63170.70,63193.00,920.486
1781884800000,63193.10,63376.60,63068.50,63359.50,2041.726
1781885700000,63359.50,63367.10,63239.60,63286.30,1558.102
1781886600000,63286.20,63363.60,63219.10,63219.10,794.419
1781887500000,63219.10,63219.20,62897.80,62943.70,1978.309
1781888400000,62943.70,63004.90,62860.00,62974.00,1369.262
1781889300000,62973.90,63099.00,62836.60,62899.90,1337.373
1781890200000,62900.00,63087.00,62884.20,63073.20,820.227
1781891100000,63073.10,63213.00,63010.10,63166.70,1332.536
1781892000000,63166.60,63175.30,63076.20,63133.90,569.336
1781892900000,63133.90,63137.80,63079.30,63083.90,399.712
1781893800000,63083.90,63159.20,62958.00,63029.40,827.447
1781894700000,63029.30,63115.00,62982.50,63079.30,369.886
1781895600000,63079.20,63088.00,62972.60,63030.00,366.169
1781896500000,63029.90,63035.90,62907.40,62968.90,393.250
1781897400000,62968.90,63001.50,62927.50,62973.80,396.111
1781898300000,62973.80,63117.00,62958.00,63001.90,564.024
1781899200000,63001.80,63055.50,62986.70,63053.10,255.364
1781900100000,63053.20,63056.50,62926.20,63056.50,320.472
1781901000000,63056.40,63077.40,63004.00,63069.40,292.956
1781901900000,63069.30,63245.90,63063.30,63217.40,718.569
1781902800000,63217.30,63253.60,63119.90,63238.40,781.554
1781903700000,63238.40,63238.40,63129.70,63131.60,324.399
1781904600000,63131.60,63140.20,63060.30,63060.40,373.600
1781905500000,63060.30,63104.90,63024.10,63048.00,475.420
1781906400000,63048.00,63080.00,63015.10,63067.00,430.302
1781907300000,63067.00,63272.70,63066.90,63233.60,1005.419
1781908200000,63233.70,63321.70,63210.00,63291.70,1023.720
1781909100000,63291.80,63345.10,63270.80,63287.80,545.583
1781910000000,63287.80,63312.20,63250.00,63263.70,494.148
1781910900000,63263.80,63307.20,63252.30,63289.20,263.159
1781911800000,63289.20,63337.30,63274.00,63296.90,497.656
1781912700000,63296.80,63645.00,63266.40,63512.60,3968.921
1781913600000,63512.50,63585.70,63435.00,63493.80,1408.786
1781914500000,63493.90,63621.00,63441.00,63590.30,819.858
1781915400000,63590.30,63757.20,63500.30,63575.60,2422.394
1781916300000,63575.50,63578.80,63480.40,63496.80,969.796
1781917200000,63496.80,63513.60,63400.00,63422.20,685.388
1781918100000,63422.20,63488.50,63368.50,63474.60,669.999
1781919000000,63474.50,63594.20,63474.50,63540.70,949.981
1781919900000,63540.60,63558.80,63516.10,63550.90,339.604
1781920800000,63551.00,63551.00,63430.90,63441.80,478.985
1781921700000,63441.80,63441.90,63354.70,63382.30,488.684
1781922600000,63382.20,63469.60,63331.10,63372.30,702.290
1781923500000,63372.30,63400.00,63301.80,63305.70,1052.839
1781924400000,63305.80,63353.50,63283.50,63319.70,556.016
1781925300000,63319.80,63425.00,63319.80,63417.00,485.540
1781926200000,63417.00,63487.20,63382.90,63456.30,440.751
1781927100000,63456.30,63466.20,63400.00,63440.50,299.522
1781928000000,63440.50,63444.00,63367.60,63399.20,303.374
1781928900000,63399.10,63547.00,63392.40,63542.20,498.133
1781929800000,63542.20,63588.00,63487.60,63578.10,683.700
1781930700000,63578.20,63590.00,63511.50,63553.90,550.819
1781931600000,63553.90,63894.00,63509.10,63781.00,3502.337
1781932500000,63781.00,63812.70,63601.70,63604.50,1206.698
1781933400000,63604.50,63705.20,63604.50,63609.60,1054.288
1781934300000,63609.60,63685.00,63553.90,63645.50,763.106
1781935200000,63645.40,63692.30,63608.60,63656.70,566.009
1781936100000,63656.70,63724.30,63610.20,63672.20,537.624
1781937000000,63672.30,63723.30,63659.40,63723.10,410.375
1781937900000,63723.10,63730.00,63688.00,63710.00,398.411
1781938800000,63710.10,63710.10,63558.40,63636.40,954.159
1781939700000,63636.50,63763.20,63636.40,63763.00,625.232
1781940600000,63763.10,63774.20,63684.80,63720.50,693.646
1781941500000,63720.40,63742.20,63614.00,63625.00,1260.880
1781942400000,63625.00,63630.00,63434.40,63523.40,1991.370
1781943300000,63523.40,63553.70,63437.00,63450.00,859.402
1781944200000,63450.10,63466.30,63396.80,63422.90,995.263
1781945100000,63422.80,63430.60,63360.00,63390.80,899.071
1781946000000,63390.80,63505.20,63390.30,63488.30,1057.181
1781946900000,63488.20,63565.40,63476.40,63535.50,761.510
1781947800000,63535.50,63686.20,63523.30,63669.90,976.252
1781948700000,63669.90,63760.80,63604.60,63700.80,892.411
1781949600000,63700.80,63747.70,63652.90,63657.40,768.218
1781950500000,63657.40,63693.90,63609.30,63649.30,511.122
1781951400000,63649.20,63670.40,63559.80,63574.60,566.773
1781952300000,63574.50,63650.20,63574.50,63649.70,323.901
1781953200000,63649.60,63685.10,63586.80,63636.70,368.370
1781954100000,63636.70,63718.40,63626.70,63661.70,388.748
1781955000000,63661.70,63708.60,63649.20,63695.00,285.749
1781955900000,63695.00,63770.00,63651.20,63651.30,538.040
1781956800000,63651.40,63756.00,63640.00,63723.30,1012.737
1781957700000,63723.40,63743.80,63670.50,63705.80,416.956
1781958600000,63705.80,63720.50,63546.10,63590.00,729.059
1781959500000,63590.00,63630.20,63497.30,63627.80,959.843
1781960400000,63627.70,63627.80,63555.50,63555.60,443.113
1781961300000,63555.50,63592.10,63242.00,63315.10,3284.687
1781962200000,63315.20,63441.30,63310.10,63422.90,1509.025
1781963100000,63422.80,63467.90,63334.40,63368.00,867.598
1781964000000,63368.00,63388.80,63136.20,63185.10,3074.007
1781964900000,63185.20,63347.40,63185.20,63347.40,931.743
1781965800000,63347.40,63515.00,63306.60,63477.30,1291.803
1781966700000,63477.40,64150.00,63465.20,63929.50,9859.029
1781967600000,63929.40,64023.10,63810.00,63983.50,2290.962
1781968500000,63983.40,64370.90,63932.90,64167.00,6705.527
1781969400000,64167.00,64182.00,64042.10,64086.60,1784.438
1781970300000,64086.60,64178.80,64050.00,64139.50,955.154
1781971200000,64139.40,64150.00,63948.00,63973.90,1476.484
1781972100000,63973.90,64077.00,63953.80,63966.70,1386.444
1781973000000,63966.70,64037.90,63875.00,63974.40,1039.188
1781973900000,63974.40,64019.60,63934.80,63999.90,529.516
1781974800000,63999.90,63999.90,63855.40,63925.90,700.620
1781975700000,63925.90,63963.00,63841.40,63962.90,806.517
1781976600000,63962.90,64015.00,63661.90,63828.10,3158.113
1781977500000,63828.00,63864.90,63781.00,63810.70,450.975
1781978400000,63810.80,63899.00,63759.70,63796.40,636.898
1781979300000,63796.40,63854.40,63796.40,63835.80,328.606
1781980200000,63835.80,63859.00,63750.30,63788.10,326.747
1781981100000,63788.10,63813.50,63750.60,63776.40,359.398
1781982000000,63776.30,63893.70,63764.20,63868.20,560.740
1781982900000,63868.20,63899.00,63814.80,63835.50,501.967
1781983800000,63835.50,63940.30,63808.10,63907.90,532.186
1781984700000,63907.90,63919.10,63885.30,63905.50,207.845
1781985600000,63905.50,63945.00,63885.60,63932.60,299.649
1781986500000,63932.50,63944.50,63870.30,63880.90,283.104
1781987400000,63880.90,63890.00,63820.00,63847.40,185.790
1781988300000,63847.40,63908.10,63844.30,63899.40,189.490
1781989200000,63899.40,64029.90,63891.70,63956.70,592.992
1781990100000,63956.60,63969.50,63888.20,63902.80,327.630
1781991000000,63902.90,64020.00,63886.60,63999.90,363.028
1781991900000,64000.00,64066.60,63959.30,63983.00,396.214
1781992800000,63983.00,64143.40,63943.60,64108.40,713.628
1781993700000,64108.40,64306.90,64041.30,64272.90,1129.046
1781994600000,64272.90,64326.00,64217.60,64252.60,890.401
1781995500000,64252.50,64297.80,64224.10,64245.90,492.873
1781996400000,64245.90,64277.60,64219.70,64225.90,597.065
1781997300000,64225.90,64292.90,64225.90,64240.00,356.590
1781998200000,64240.00,64310.30,64230.00,64305.60,409.770
1781999100000,64305.50,64317.60,64250.00,64270.00,368.896
1782000000000,64270.10,64277.80,64217.60,64235.00,547.686
1782000900000,64235.10,64286.00,64217.60,64238.60,924.926
1782001800000,64238.60,64303.00,64217.60,64264.90,451.648
1782002700000,64264.90,64290.00,64220.50,64264.30,486.252
1782003600000,64264.30,64295.80,64217.60,64224.30,393.921
1782004500000,64224.40,64230.60,64217.60,64218.50,225.259
1782005400000,64218.60,64266.50,64199.00,64227.40,1814.014
1782006300000,64227.40,64297.00,64213.50,64221.30,443.308
1782007200000,64221.30,64236.00,64199.00,64235.90,413.396
1782008100000,64235.90,64235.90,64199.00,64208.10,512.753
1782009000000,64208.10,64244.70,64199.00,64216.40,361.330
1782009900000,64216.40,64251.20,64216.40,64219.50,158.916
1782010800000,64219.50,64276.30,64207.00,64276.20,294.954
1782011700000,64276.30,64450.00,64250.30,64323.50,1963.471
1782012600000,64323.50,64436.20,64270.00,64417.20,934.011
1782013500000,64417.20,64417.20,64374.50,64398.80,439.695
1782014400000,64398.80,64404.00,64348.40,64374.80,533.870
1782015300000,64374.80,64562.50,64374.80,64500.10,1724.702
1782016200000,64500.20,64568.00,64456.10,64456.10,862.453
1782017100000,64456.10,64456.20,64223.30,64252.70,1301.631
1782018000000,64252.60,64278.80,64200.00,64205.10,765.519
1782018900000,64205.10,64275.60,64199.00,64271.20,805.792
1782019800000,64271.20,64339.70,64256.50,64269.60,520.154
1782020700000,64269.60,64269.70,64202.70,64226.50,582.215
1782021600000,64226.60,64231.60,64168.70,64186.10,788.430
1782022500000,64186.10,64278.30,64180.00,64253.40,611.773
1782023400000,64253.50,64300.00,64223.90,64283.20,256.206
1782024300000,64283.10,64295.30,64260.00,64270.00,217.599
1782025200000,64269.90,64270.00,64217.40,64222.70,324.380
1782026100000,64222.60,64240.00,64143.20,64147.40,1536.746
1782027000000,64147.40,64222.80,64143.20,64222.80,795.770
1782027900000,64222.70,64233.30,64147.80,64170.10,538.729
1782028800000,64170.00,64204.80,64088.30,64098.40,1560.169
1782029700000,64098.30,64100.00,64018.20,64022.50,935.970
1782030600000,64022.60,64044.80,63871.30,63960.00,1649.495
1782031500000,63960.00,63988.00,63894.50,63987.90,1026.802
1782032400000,63987.90,63998.00,63934.90,63945.20,844.451
1782033300000,63945.20,64066.70,63928.40,64020.10,788.683
1782034200000,64020.20,64224.50,64020.20,64115.10,1244.490
1782035100000,64115.00,64209.80,64085.60,64189.80,991.020
1782036000000,64189.80,64264.00,64175.50,64249.70,966.937
1782036900000,64249.60,64364.30,64216.20,64277.90,1044.078
1782037800000,64277.90,64363.20,64270.00,64317.40,513.896
1782038700000,64317.40,64384.00,64287.60,64338.90,1487.689
1782039600000,64339.00,64453.30,64305.70,64386.30,1202.775
1782040500000,64386.30,64386.30,64077.30,64355.50,1693.807
1782041400000,64355.50,64377.30,64200.00,64262.30,788.852
1782042300000,64262.20,64262.30,64080.00,64149.90,1036.075
1782043200000,64149.80,64208.70,64025.60,64052.60,849.279
1782044100000,64052.50,64083.00,63956.80,63985.90,1528.071
1782045000000,63985.90,64064.30,63916.00,64022.60,1172.465
1782045900000,64022.50,64197.30,64016.00,64161.10,1098.360
1782046800000,64161.10,64161.10,64078.60,64090.00,663.667
1782047700000,64090.10,64157.70,64090.00,64136.20,424.875
1782048600000,64136.20,64140.00,63981.20,64020.10,840.422
1782049500000,64020.10,64123.90,64014.60,64123.20,595.650
1782050400000,64123.20,64128.30,64028.60,64046.30,513.750
1782051300000,64046.30,64065.20,63978.00,64009.20,447.429
1782052200000,64009.10,64063.60,63969.70,64028.10,394.919
1782053100000,64028.20,64123.80,63981.50,64120.00,433.693
1782054000000,64120.00,64273.60,64081.50,64174.80,1119.689
1782054900000,64174.80,64250.00,64154.50,64227.50,421.836
1782055800000,64227.40,64337.30,64166.00,64268.80,1020.793
1782056700000,64268.80,64286.90,64190.90,64200.30,368.756
1782057600000,64200.20,64225.50,64074.30,64118.90,905.334
1782058500000,64118.90,64231.60,64087.50,64159.90,506.620
1782059400000,64159.80,64170.60,64013.00,64084.00,818.606
1782060300000,64084.00,64188.00,64078.40,64122.30,366.936
1782061200000,64122.20,64197.10,64089.50,64179.90,373.201
1782062100000,64180.00,64184.80,64075.60,64075.60,198.655
1782063000000,64075.60,64107.50,64046.40,64100.90,430.972
1782063900000,64101.00,64163.60,64100.90,64114.60,336.966
1782064800000,64114.60,64133.80,63907.40,63979.40,1029.110
1782065700000,63979.40,64037.10,63975.00,64014.40,257.192
1782066600000,64014.40,64221.00,64006.90,64153.20,783.887
1782067500000,64153.30,64188.00,64109.90,64180.00,449.442
1782068400000,64180.10,64284.90,64135.10,64187.00,646.111
1782069300000,64187.00,64214.70,64165.70,64195.10,163.580
1782070200000,64195.10,64214.90,64145.10,64185.60,206.963
1782071100000,64185.70,64204.20,64150.40,64173.60,189.539
1782072000000,64173.70,64243.40,64103.80,64139.60,447.253
1782072900000,64139.60,64142.50,64030.00,64088.50,320.328
1782073800000,64088.60,64106.90,63933.60,63949.90,579.493
1782074700000,63949.80,63954.70,63641.30,63824.80,3437.541
1782075600000,63824.80,63849.80,63492.90,63601.60,2883.357
1782076500000,63601.60,63762.10,63475.30,63668.10,2263.773
1782077400000,63668.10,63950.00,63668.10,63864.00,1362.888
1782078300000,63864.00,63904.40,63745.10,63778.20,710.199
1782079200000,63778.10,63832.80,63543.00,63608.90,1767.982
1782080100000,63609.00,63762.90,63606.30,63701.00,1486.252
1782081000000,63700.80,63700.80,63552.40,63648.70,987.831
1782081900000,63648.70,63840.00,63633.00,63775.30,774.968
1782082800000,63775.30,63775.30,63590.20,63681.70,906.747
1782083700000,63681.80,63771.50,63595.10,63604.10,1052.905
1782084600000,63604.10,63631.80,63264.10,63295.10,4626.994
1782085500000,63295.10,63362.00,63220.00,63287.10,1510.099
1782086400000,63287.20,63569.40,63286.20,63482.40,2098.213
1782087300000,63482.30,63737.80,63471.70,63698.90,1754.245
1782088200000,63699.00,64076.00,63667.10,63884.10,2934.998
1782089100000,63884.00,63978.50,63702.20,63867.20,1536.912
1782090000000,63867.30,64030.40,63818.00,63864.70,1643.477
1782090900000,63864.70,64788.00,63864.70,64618.40,8340.831
1782091800000,64618.40,64688.00,64338.70,64487.60,4195.025
1782092700000,64487.60,64666.60,64446.70,64574.50,1932.820
1782093600000,64574.50,64643.70,64458.40,64519.90,1449.622
1782094500000,64520.00,64615.90,64477.00,64510.20,814.461
1782095400000,64510.10,64555.00,64433.00,64460.20,531.428
1782096300000,64460.10,64470.00,64213.80,64226.50,1890.894
1782097200000,64226.50,64228.50,63857.10,64017.10,3831.450
1782098100000,64017.00,64434.60,64017.00,64255.10,1980.730
1782099000000,64255.10,64412.40,64130.00,64147.70,939.102
1782099900000,64147.70,64180.00,63881.20,63935.10,2087.355
1782100800000,63935.10,63985.10,63833.40,63935.20,1462.837
1782101700000,63935.10,63999.00,63866.50,63935.50,895.020
1782102600000,63935.40,64031.20,63920.00,63925.20,815.499
1782103500000,63925.10,64085.40,63921.20,64063.60,814.130
1782104400000,64063.50,64263.00,64050.60,64253.80,1245.213
1782105300000,64253.70,64254.90,64173.00,64209.30,754.266
1782106200000,64209.40,64311.80,64143.50,64236.40,1020.579
1782107100000,64236.40,64238.80,64149.00,64219.50,554.052
1782108000000,64219.50,64299.00,64113.00,64190.60,723.914
1782108900000,64190.60,64205.10,64046.80,64093.90,641.893
1782109800000,64093.90,64123.10,63967.40,63977.30,753.737
1782110700000,63977.20,64021.30,63912.80,63960.70,754.013
1782111600000,63960.60,64230.10,63931.00,64184.80,1145.047
1782112500000,64184.70,64278.70,64170.50,64232.50,1003.480
1782113400000,64232.50,64384.30,64215.40,64228.20,1379.517
1782114300000,64228.30,64248.90,64137.10,64187.90,780.305
1782115200000,64188.00,64295.60,64080.00,64295.50,1010.068
1782116100000,64295.50,64332.40,64163.90,64168.80,535.760
1782117000000,64168.70,64242.80,64014.90,64235.40,914.012
1782117900000,64235.30,64265.00,64071.40,64133.80,623.224
1782118800000,64133.90,64232.50,64115.00,64157.90,389.050
1782119700000,64157.90,64174.00,64066.00,64086.70,383.977
1782120600000,64086.70,64160.90,64019.00,64094.80,633.055
1782121500000,64094.70,64119.20,64059.30,64114.80,354.059
1782122400000,64114.70,64250.00,64095.80,64186.90,536.793
1782123300000,64186.90,64215.10,64115.80,64148.90,332.705
1782124200000,64148.90,64184.20,64044.10,64055.10,370.762
1782125100000,64055.10,64147.70,64055.10,64109.80,328.338
1782126000000,64109.90,64382.60,64064.50,64280.40,1800.610
1782126900000,64280.40,64447.90,64197.50,64337.10,2035.597
1782127800000,64337.10,64732.50,64337.10,64592.20,3922.674
1782128700000,64592.20,64750.00,64542.00,64624.30,1771.917
1782129600000,64624.20,64880.00,64545.70,64719.90,4528.404
1782130500000,64719.90,64957.90,64661.50,64920.00,2658.281
1782131400000,64919.90,65152.40,64805.90,65030.70,4720.555
1782132300000,65030.60,65199.00,64955.10,65120.10,2793.474
1782133200000,65120.00,65175.00,65001.70,65113.00,2347.855
1782134100000,65113.10,65132.20,64915.60,64966.80,1749.797
1782135000000,64966.90,65454.60,64944.80,65373.70,6340.214
1782135900000,65373.70,65565.70,65333.00,65548.00,4790.966
1782136800000,65547.90,65597.20,65250.00,65269.90,3955.138
1782137700000,65270.00,65278.40,64937.50,64937.50,3874.616
1782138600000,64937.60,65050.10,64820.60,64880.10,4779.386
1782139500000,64880.10,65021.90,64802.30,64943.00,2331.887
1782140400000,64943.10,65117.20,64880.00,65050.70,1571.135
1782141300000,65050.80,65086.80,64900.00,65022.20,1230.350
1782142200000,65022.20,65098.40,64986.90,65034.50,991.978
1782143100000,65034.50,65048.80,64722.20,64808.00,2741.889
1782144000000,64808.00,64835.60,64625.10,64705.60,3115.956
1782144900000,64705.70,64766.90,64590.00,64661.40,1891.376
1782145800000,64661.50,64669.80,64515.30,64555.10,1571.257
1782146700000,64555.10,64779.20,64481.00,64695.70,2142.412
1782147600000,64695.80,64746.40,64600.00,64652.90,744.964
1782148500000,64653.00,64676.30,64501.50,64504.60,847.272
1782149400000,64504.50,64504.50,64355.00,64399.90,2429.403
1782150300000,64400.00,64624.70,64400.00,64580.60,1276.690
1782151200000,64580.60,64708.00,64580.50,64650.00,984.198
1782152100000,64650.10,64697.40,64548.30,64578.20,788.571
1782153000000,64578.20,64600.00,64469.20,64491.10,737.566
1782153900000,64491.10,64500.00,64249.60,64312.90,2964.396
1782154800000,64312.90,64396.80,64278.40,64382.70,1392.272
1782155700000,64382.70,64413.30,64263.00,64323.70,1244.166
1782156600000,64323.70,64426.90,64320.30,64374.60,609.806
1782157500000,64374.60,64475.80,64240.00,64447.90,1416.580
1782158400000,64450.60,64637.10,64439.80,64496.20,2080.965
1782159300000,64496.20,64519.10,64326.00,64382.50,602.791
1782160200000,64382.50,64474.60,64371.10,64457.40,604.144
1782161100000,64457.40,64457.40,64364.40,64409.80,346.407
1782162000000,64409.80,64461.00,64309.20,64371.80,483.930
1782162900000,64371.80,64371.90,64220.00,64273.00,665.794
1782163800000,64272.90,64304.40,64112.10,64155.60,1480.843
1782164700000,64155.60,64291.00,64139.30,64291.00,457.468
1782165600000,64291.00,64370.80,64233.50,64273.70,656.077
1782166500000,64273.70,64285.20,63863.00,64007.00,2737.168
1782167400000,64006.90,64115.00,63758.30,63817.40,2815.617
1782168300000,63817.40,63976.80,63800.10,63948.40,1336.571
1782169200000,63948.50,63989.40,63864.70,63910.80,1220.457
1782170100000,63910.80,64030.70,63843.80,64012.10,1009.893
1782171000000,64012.10,64012.10,63921.90,63959.00,632.870
1782171900000,63959.00,64019.40,63919.50,63990.20,501.537
1782172800000,63990.10,64005.90,63862.70,63931.00,880.469
1782173700000,63931.10,63981.20,63803.20,63831.20,791.828
1782174600000,63831.20,64086.20,63831.20,64078.20,932.502
1782175500000,64078.30,64130.00,64016.40,64119.40,1286.509
1782176400000,64119.40,64242.80,64100.00,64179.80,1749.126
1782177300000,64179.80,64234.70,64110.80,64172.90,859.871
1782178200000,64172.90,64209.50,63968.00,64026.40,1069.336
1782179100000,64026.40,64153.30,63852.50,64125.20,1679.739
1782180000000,64125.10,64159.30,64005.50,64086.20,663.214
1782180900000,64086.10,64196.90,64086.10,64137.60,519.798
1782181800000,64137.60,64221.80,64124.60,64170.90,539.606
1782182700000,64170.80,64247.20,64126.30,64165.90,872.143
1782183600000,64165.80,64172.20,63933.30,63990.30,1577.604
1782184500000,63990.20,64076.10,63980.20,64068.70,533.622
1782185400000,64068.80,64068.80,63934.20,63964.90,578.233
1782186300000,63964.80,64056.40,63960.90,64037.30,409.955
1782187200000,64037.20,64068.00,63979.30,64026.40,486.413
1782188100000,64026.50,64027.40,63874.00,63954.20,736.317
1782189000000,63954.10,63954.10,63770.00,63783.40,1551.745
1782189900000,63783.40,63840.20,63569.20,63594.90,2938.458
1782190800000,63594.80,63707.50,63577.00,63593.80,1724.366
1782191700000,63593.80,63656.00,63365.20,63450.00,3637.904
1782192600000,63450.00,63494.00,63350.00,63409.80,1533.429
1782193500000,63409.90,63428.70,63322.00,63372.10,1804.122
1782194400000,63372.00,63374.40,63086.00,63184.60,4483.820
1782195300000,63184.60,63259.40,62532.40,62740.00,12153.698
1782196200000,62740.00,62962.80,62638.40,62913.30,6872.226
1782197100000,62913.20,63047.00,62876.90,62905.50,1933.518
1782198000000,62905.50,63036.90,62850.30,62998.40,1648.961
1782198900000,62998.40,63070.10,62945.00,62966.30,1100.816
1782199800000,62966.30,63003.60,62838.40,62863.20,1718.544
1782200700000,62863.30,62960.60,62828.00,62849.20,1392.154
1782201600000,62849.30,62916.50,62606.10,62638.80,2635.793
1782202500000,62638.80,62655.80,61870.00,61999.70,14488.312
1782203400000,61999.70,62423.20,61988.10,62350.10,5875.119
1782204300000,62350.10,62433.00,62272.30,62353.70,2192.499
1782205200000,62353.60,62435.90,62313.30,62405.70,1288.488
1782206100000,62405.80,62482.00,62405.70,62480.10,1323.946
1782207000000,62480.00,62480.10,62309.00,62333.10,1589.456
1782207900000,62333.10,62392.80,62313.30,62350.20,675.746
1782208800000,62350.30,62563.90,62350.20,62430.00,1671.755
1782209700000,62430.00,62430.00,62282.50,62332.80,1031.620
1782210600000,62332.80,62354.00,62207.10,62234.20,1385.926
1782211500000,62234.20,62324.70,62215.30,62290.40,1343.460
1782212400000,62290.40,62387.00,62289.20,62355.10,994.147
1782213300000,62355.10,62559.90,62355.00,62515.10,1932.159
1782214200000,62515.10,62600.00,62510.20,62533.30,1866.193
1782215100000,62533.20,62576.00,62390.50,62478.50,1171.924
1782216000000,62478.40,62531.60,62356.90,62404.00,1047.732
1782216900000,62404.00,62424.50,62308.20,62380.00,866.305
1782217800000,62380.00,62452.40,62268.40,62308.70,1212.983
1782218700000,62308.70,62313.40,62157.00,62227.90,2754.459
1782219600000,62228.00,62260.70,62041.00,62154.90,3397.614
1782220500000,62154.90,62155.00,61978.00,62023.50,1980.797
1782221400000,62023.50,62431.30,61916.90,62366.00,6363.085
1782222300000,62365.90,62513.40,62236.80,62446.60,3329.042
1782223200000,62446.50,62734.80,62396.20,62702.50,3774.266
1782224100000,62702.50,62837.10,62420.40,62547.50,4382.874
1782225000000,62547.60,62757.80,62422.20,62488.20,2457.069
1782225900000,62488.30,62581.90,62359.20,62462.80,3555.172
1782226800000,62462.80,62480.30,62280.00,62355.20,2914.850
1782227700000,62355.10,62355.10,62161.20,62247.50,1639.287
1782228600000,62247.40,62466.50,62242.00,62262.30,1458.204
1782229500000,62262.30,62457.40,62171.20,62455.80,1497.296
1782230400000,62455.90,62812.20,62393.40,62759.00,5722.905
1782231300000,62758.90,62801.00,62541.10,62557.00,1612.749
1782232200000,62557.00,62634.90,62550.00,62595.10,589.022
1782233100000,62595.20,62614.70,62458.40,62522.90,738.386
1782234000000,62522.90,62529.10,62340.00,62401.50,1153.781
1782234900000,62401.40,62642.30,62400.00,62616.80,722.567
1782235800000,62616.80,62668.70,62466.60,62500.10,733.077
1782236700000,62500.10,62528.30,62301.70,62330.00,875.320
1782237600000,62330.00,62420.00,62242.20,62340.50,1001.785
1782238500000,62340.50,62383.60,62291.60,62322.20,589.041
1782239400000,62322.20,62322.20,62118.40,62125.50,1399.780
1782240300000,62125.50,62242.90,62075.60,62215.30,1198.892
1782241200000,62215.30,62407.50,62201.30,62343.10,912.084
1782242100000,62343.00,62421.50,62225.00,62417.20,529.950
1782243000000,62417.20,62467.20,62272.90,62272.90,617.031
1782243900000,62273.00,62400.00,62250.00,62365.70,731.512
1782244800000,62365.70,62518.50,62365.70,62416.00,848.265
1782245700000,62416.10,62495.90,62383.60,62464.50,537.598
1782246600000,62464.50,62473.50,62420.10,62448.70,336.500
1782247500000,62448.70,62450.50,62344.20,62439.80,495.338
1782248400000,62439.90,62587.60,62439.90,62488.60,671.466
1782249300000,62488.50,62544.90,62434.90,62543.40,453.176
1782250200000,62543.40,62606.00,62523.40,62592.10,523.869
1782251100000,62592.00,62629.90,62550.00,62563.10,461.901
1782252000000,62563.10,62746.40,62553.00,62714.50,1022.125
1782252900000,62714.40,62749.90,62526.30,62581.60,844.603
1782253800000,62581.70,62599.00,62501.10,62515.70,496.113
1782254700000,62515.70,62589.70,62488.10,62560.10,443.992
1782255600000,62560.10,62583.00,62463.70,62485.90,474.949
1782256500000,62486.00,62657.90,62486.00,62630.70,504.210
1782257400000,62630.80,62647.00,62562.40,62585.90,377.848
1782258300000,62585.80,62770.60,62579.80,62696.70,541.780
1782259200000,62696.70,62890.00,62696.70,62862.50,1560.341
1782260100000,62862.60,62893.10,62781.20,62819.30,716.342
1782261000000,62819.30,62999.90,62762.80,62925.00,1525.401
1782261900000,62925.00,62999.90,62866.80,62982.10,707.519
1782262800000,62982.10,62994.60,62815.10,62950.00,1006.008
1782263700000,62950.00,62950.10,62737.00,62883.10,821.465
1782264600000,62883.20,63090.90,62881.80,62916.50,1490.568
1782265500000,62916.60,62997.60,62899.00,62904.60,459.427
1782266400000,62904.60,62994.60,62776.00,62845.50,1300.035
1782267300000,62845.60,62845.60,62641.20,62733.50,893.325
1782268200000,62733.40,62779.20,62572.10,62700.10,1039.696
1782269100000,62700.10,62749.20,62574.50,62598.00,1125.484
1782270000000,62598.00,62656.60,62523.90,62555.90,1832.207
1782270900000,62555.90,62647.90,62402.80,62642.50,1774.118
1782271800000,62642.40,62800.00,62641.70,62771.20,955.259
1782272700000,62771.30,62804.00,62695.00,62704.60,549.802
1782273600000,62704.60,62729.00,62595.20,62639.90,972.710
1782274500000,62640.00,62672.70,62500.00,62564.40,596.458
1782275400000,62564.50,62723.40,62560.10,62629.80,618.118
1782276300000,62629.90,62779.90,62629.80,62720.60,609.732
1782277200000,62720.70,62818.00,62678.00,62759.70,608.925
1782278100000,62759.70,62862.90,62737.50,62848.50,727.290
1782279000000,62848.50,63053.50,62827.00,62900.90,2086.881
1782279900000,62900.90,62936.40,62830.00,62859.90,512.202
1782280800000,62859.80,62873.40,62735.20,62811.80,642.451
1782281700000,62811.50,62888.00,62757.50,62829.80,394.847
1782282600000,62829.80,62851.90,62756.80,62756.80,455.308
1782283500000,62756.80,62770.70,62700.00,62754.60,448.009
1782284400000,62754.70,62822.00,62656.50,62788.80,963.681
1782285300000,62788.70,62792.90,62640.00,62640.50,545.824
1782286200000,62640.50,62707.10,62600.80,62668.80,756.065
1782287100000,62668.70,62705.40,62570.80,62630.30,1140.673
1782288000000,62630.40,62673.60,62574.00,62637.00,943.896
1782288900000,62637.00,62697.90,62613.20,62683.50,564.519
1782289800000,62683.50,62776.70,62645.30,62767.60,793.805
1782290700000,62767.60,62786.20,62714.00,62773.00,446.573
1782291600000,62773.00,62773.00,62650.10,62750.10,608.437
1782292500000,62750.10,62757.80,62650.00,62655.30,316.094
1782293400000,62655.30,62680.60,62609.10,62636.00,292.853
1782294300000,62635.90,62693.30,62608.60,62650.20,270.787
1782295200000,62650.20,62657.80,62528.70,62584.50,838.824
1782296100000,62584.40,62610.00,62426.10,62515.70,1504.335
1782297000000,62515.90,62600.00,62485.00,62569.30,756.142
1782297900000,62569.30,62574.00,62365.40,62416.80,1231.437
1782298800000,62416.90,62450.00,62272.10,62349.50,2228.525
1782299700000,62349.50,62390.00,62289.70,62351.80,1115.004
1782300600000,62351.90,62728.90,62351.80,62706.70,1868.228
1782301500000,62706.70,63209.60,62688.10,62887.70,6218.992
1782302400000,62887.80,62939.30,62774.50,62800.00,1868.237
1782303300000,62800.00,62874.60,62720.40,62790.00,1159.718
1782304200000,62790.00,62874.00,62727.60,62812.90,840.603
1782305100000,62812.90,62829.00,62543.40,62589.50,1536.426
1782306000000,62589.50,62604.00,61952.80,62012.70,6964.882
1782306900000,62012.60,62208.00,61642.50,61824.50,9087.877
1782307800000,61824.50,62127.50,61348.50,61464.20,10112.502
1782308700000,61464.20,61624.70,61220.70,61308.20,9307.509
1782309600000,61308.20,61434.50,61077.60,61211.10,7392.021
1782310500000,61211.00,61292.70,60866.00,61209.30,9490.397
1782311400000,61209.40,61359.00,61032.80,61132.80,4549.642
1782312300000,61132.80,61226.80,60915.00,61085.30,3551.812
1782313200000,61085.30,61096.30,60815.10,60871.80,4208.474
1782314100000,60871.90,61128.90,60800.00,60854.40,4776.133
1782315000000,60854.40,60860.00,60509.70,60549.90,7352.575
1782315900000,60549.90,60560.50,60238.00,60254.90,8215.820
1782316800000,60254.90,60529.90,60193.00,60492.30,6313.222
1782317700000,60492.20,60649.10,60388.50,60519.00,4594.704
1782318600000,60519.10,60539.10,60113.20,60231.80,4092.688
1782319500000,60231.80,60231.80,59260.00,59808.20,22782.950
1782320400000,59808.30,60025.20,59670.00,59802.00,6678.914
1782321300000,59802.10,59840.20,59300.00,59645.30,11690.050
1782322200000,59645.30,59720.60,59226.50,59293.20,5775.025
1782323100000,59293.20,59468.70,59060.00,59363.70,9404.457
1782324000000,59363.60,59588.00,59269.40,59563.40,4648.202
1782324900000,59563.40,59895.30,59537.70,59677.90,6244.338
1782325800000,59678.00,59720.00,59455.60,59528.10,2922.668
1782326700000,59528.10,59617.80,59380.00,59569.50,2409.482
1782327600000,59569.50,59710.00,59484.70,59648.60,2572.653
1782328500000,59648.50,59814.40,59558.20,59802.60,1997.974
1782329400000,59802.50,59879.10,59693.80,59752.70,1437.933
1782330300000,59752.70,59973.30,59711.80,59923.80,1881.009
1782331200000,59923.70,60800.00,59813.90,60648.70,13549.292
1782332100000,60648.60,60800.00,60556.50,60745.00,4240.743
1782333000000,60744.90,60898.40,60650.00,60845.40,3117.228
1782333900000,60845.40,61188.00,60837.60,60926.50,6046.382
1782334800000,60926.50,60996.00,60633.10,60691.40,2954.433
1782335700000,60691.30,60880.00,60650.80,60822.30,932.480
1782336600000,60822.20,61110.40,60762.70,61058.10,1478.317
1782337500000,61058.10,61115.20,60969.90,61073.60,1443.407
1782338400000,61073.60,61256.00,60971.00,60973.40,2488.222
1782339300000,60973.30,60988.00,60851.30,60858.30,1343.569
1782340200000,60858.30,60932.20,60752.80,60894.40,1313.044
1782341100000,60894.30,60894.40,60789.10,60850.20,611.677
1782342000000,60850.30,60936.70,60799.90,60859.90,538.730
1782342900000,60859.90,61006.80,60811.60,60956.10,797.685
1782343800000,60956.00,61038.00,60925.00,61000.00,693.718
1782344700000,61000.00,61086.30,60911.20,61051.20,852.858
1782345600000,61051.20,61138.90,61000.10,61067.30,988.181
1782346500000,61067.30,61079.50,60890.60,60895.70,1107.442
1782347400000,60895.70,60964.70,60808.10,60813.30,1153.605
1782348300000,60813.30,60895.40,60666.00,60786.90,2161.523
1782349200000,60786.90,60854.30,60703.20,60745.40,1142.377
1782350100000,60745.50,60909.40,60686.80,60827.80,1089.874
1782351000000,60827.70,60879.90,60780.00,60794.50,513.527
1782351900000,60794.40,60960.50,60770.70,60892.90,858.038
1782352800000,60892.90,60939.00,60690.60,60751.90,941.124
1782353700000,60751.90,60918.30,60720.00,60901.50,685.980
1782354600000,60901.50,60906.60,60719.90,60732.80,1132.647
1782355500000,60732.80,60792.90,60660.00,60763.20,1554.711
1782356400000,60763.30,60842.10,60689.50,60730.00,1073.547
1782357300000,60730.10,60812.00,60648.00,60764.30,683.348
1782358200000,60764.30,60821.60,60715.50,60718.60,528.767
1782359100000,60718.50,60877.70,60715.60,60853.90,762.482
1782360000000,60854.00,60878.60,60788.00,60789.70,692.940
1782360900000,60789.70,60888.00,60756.40,60865.50,399.238
1782361800000,60865.50,60949.90,60780.00,60949.80,732.221
1782362700000,60949.80,61389.00,60940.90,61323.20,4400.149
1782363600000,61323.30,61733.90,61241.90,61615.90,6588.324
1782364500000,61615.80,61800.00,61437.60,61579.50,4127.000
1782365400000,61579.40,61629.90,61494.40,61499.80,1323.624
1782366300000,61499.80,61650.00,61480.00,61567.10,1512.694
1782367200000,61567.10,61733.00,61567.10,61681.10,1262.986
1782368100000,61681.00,61773.40,61606.70,61638.60,1164.580
1782369000000,61638.60,61732.00,61620.60,61728.80,881.349
1782369900000,61728.70,61829.10,61681.60,61693.50,1445.340
1782370800000,61693.50,61800.00,61632.20,61724.20,1456.268
1782371700000,61724.20,61866.00,61724.10,61774.20,1481.665
1782372600000,61774.10,61931.10,61774.10,61886.00,1792.579
1782373500000,61886.00,61915.30,61780.10,61886.70,1736.522
1782374400000,61886.80,61897.60,61726.70,61770.50,2058.067
1782375300000,61770.50,61771.00,61677.10,61753.80,1373.984
1782376200000,61753.70,61753.80,61688.60,61729.50,957.728
1782377100000,61729.50,61774.20,61653.00,61686.40,954.216
1782378000000,61686.50,61764.90,61653.00,61715.20,973.505
1782378900000,61715.20,61741.20,61578.40,61665.30,1307.927
1782379800000,61665.30,61748.70,61655.80,61724.40,771.693
1782380700000,61724.50,61756.00,61672.30,61707.80,614.135
1782381600000,61707.90,61727.90,61626.30,61657.40,713.622
1782382500000,61657.40,61725.10,61540.00,61550.40,1412.737
1782383400000,61550.40,61564.90,61362.20,61369.00,2531.830
1782384300000,61369.10,61378.80,61228.40,61245.30,2646.005
1782385200000,61245.40,61339.80,61033.50,61330.10,3501.963
1782386100000,61330.10,61395.30,61220.00,61220.00,4060.149
1782387000000,61220.00,61373.80,61220.00,61297.70,2217.516
1782387900000,61297.70,61297.70,61125.40,61258.20,1993.619
1782388800000,61258.20,61352.00,61126.10,61194.10,1156.936
1782389700000,61194.10,61245.30,61048.50,61077.00,1679.630
1782390600000,61076.90,61742.90,61076.90,61352.60,6895.404
1782391500000,61352.50,61384.30,61117.90,61216.40,2811.019
1782392400000,61216.40,61339.90,61140.30,61296.50,2148.285
1782393300000,61296.60,61346.40,61163.90,61210.10,1946.876
1782394200000,61210.20,61319.80,60050.60,60054.10,15133.168
1782395100000,60054.20,60227.60,58030.00,58248.40,46340.056
1782396000000,58248.40,59713.00,58248.40,59228.70,28207.710
1782396900000,59228.60,59530.00,58755.00,59292.80,14166.944
1782397800000,59292.90,60466.90,59145.70,59459.90,20347.166
1782398700000,59459.90,59773.10,59322.00,59448.70,5406.171
1782399600000,59448.70,59457.50,59022.70,59032.90,6603.488
1782400500000,59032.90,59362.80,58835.20,59241.40,6197.648
1782401400000,59241.40,59527.10,59050.00,59172.40,3905.623
1782402300000,59172.30,59630.20,59146.00,59536.20,4176.602
1782403200000,59536.20,60035.70,59439.00,59727.30,5788.444
1782404100000,59727.40,59820.30,59650.00,59718.70,1809.809
1782405000000,59718.60,59718.70,59215.40,59248.50,4170.322
1782405900000,59248.70,59372.70,59130.00,59284.00,1964.100
1782406800000,59284.10,59447.80,59114.40,59381.00,2298.346
1782407700000,59380.90,59584.70,59312.70,59534.10,2404.936
1782408600000,59534.00,59720.00,59466.50,59505.20,1602.492
1782409500000,59505.10,59666.10,59417.80,59656.30,1522.176
1782410400000,59656.30,59775.00,59366.00,59375.30,2442.282
1782411300000,59375.40,59728.00,59375.00,59693.00,2058.742
1782412200000,59693.10,59693.10,59364.50,59403.70,1524.174
1782413100000,59403.60,59572.80,59333.00,59491.00,1235.081
1782414000000,59491.20,59496.60,59200.00,59217.60,2480.807
1782414900000,59217.30,59339.40,59152.70,59323.30,1718.662
1782415800000,59323.30,59416.20,59265.50,59275.40,1036.018
1782416700000,59275.30,59342.30,59153.20,59299.80,1875.491
1782417600000,59299.90,59723.50,59298.70,59553.40,3507.988
1782418500000,59553.40,59711.50,59524.40,59600.00,837.905
1782419400000,59600.10,59639.70,59387.60,59499.00,1122.399
1782420300000,59498.90,59501.40,59312.80,59428.80,898.884
1782421200000,59428.90,59595.70,59422.70,59595.60,684.775
1782422100000,59595.60,59686.70,59526.60,59686.10,817.011
1782423000000,59686.10,59985.50,59672.80,59935.30,2429.924
1782423900000,59935.20,60245.00,59863.40,60180.70,2335.310
1782424800000,60180.70,60180.80,59840.00,59859.30,3081.766
1782425700000,59859.40,59984.60,59753.80,59763.50,1116.609
1782426600000,59763.50,59850.00,59718.60,59765.00,936.794
1782427500000,59765.00,59899.60,59705.40,59815.10,963.952
1782428400000,59815.10,59924.90,59761.00,59917.70,632.311
1782429300000,59917.70,60149.30,59895.30,60068.70,1481.664
1782430200000,60068.70,60164.30,59932.60,59950.70,1187.654
1782431100000,59950.70,59950.70,59709.10,59771.90,1277.272
1782432000000,59772.00,59882.20,59740.90,59860.20,1026.554
1782432900000,59860.10,59860.20,59671.30,59748.90,1079.295
1782433800000,59748.80,59850.00,59670.00,59760.00,706.396
1782434700000,59760.10,59801.00,59608.10,59638.20,1058.871
1782435600000,59638.20,59761.30,59417.30,59574.00,1997.778
1782436500000,59574.00,59643.30,59267.00,59272.40,1537.970
1782437400000,59272.40,59356.00,59200.00,59293.30,1848.042
1782438300000,59293.20,59417.00,59250.00,59413.00,960.478
1782439200000,59413.10,59432.30,58620.00,58650.10,5295.113
1782440100000,58650.10,58864.00,58325.60,58857.50,11859.429
1782441000000,58857.50,58990.30,58648.90,58788.40,3954.388
1782441900000,58788.30,58806.40,58403.40,58536.00,3871.349
1782442800000,58536.00,58944.00,58288.00,58867.60,5598.579
1782443700000,58867.20,59166.50,58771.80,59070.90,4258.978
1782444600000,59070.80,59525.00,58983.40,59470.00,7405.520
1782445500000,59470.00,60125.70,59464.00,60015.00,9162.289
1782446400000,60015.00,60078.30,59802.30,59885.80,3812.171
1782447300000,59885.90,60234.80,59860.60,59965.20,2745.700
1782448200000,59965.20,59999.00,59866.00,59949.50,1127.255
1782449100000,59949.40,59958.00,59810.10,59899.90,1054.692
1782450000000,59899.90,59952.40,59813.80,59952.40,1329.999
1782450900000,59952.40,60024.00,59703.10,59937.00,2117.678
1782451800000,59937.00,60039.10,59809.20,59861.20,1349.720
1782452700000,59861.20,59948.00,59761.20,59921.80,1073.932
1782453600000,59921.90,59921.90,59666.20,59686.00,2211.675
1782454500000,59686.10,60073.70,59686.00,60017.60,2045.769
1782455400000,60017.70,60409.80,59925.10,60361.70,4043.767
1782456300000,60361.70,60440.00,60204.60,60298.90,2470.014
1782457200000,60298.90,60518.00,60252.60,60491.70,2782.589
1782458100000,60491.70,60681.00,60441.00,60560.40,3377.111
1782459000000,60560.40,60734.00,60522.00,60555.00,4256.456
1782459900000,60554.90,60607.10,60458.80,60491.00,4213.400
1782460800000,60491.00,60542.60,60187.80,60242.90,3467.290
1782461700000,60243.00,60345.40,60156.00,60280.90,1724.151
1782462600000,60280.80,60316.90,60112.00,60184.80,1514.570
1782463500000,60184.80,60249.70,60114.10,60215.30,1239.357
1782464400000,60215.30,60229.80,60040.00,60141.10,1595.026
1782465300000,60141.10,60152.00,60052.30,60096.50,1279.725
1782466200000,60096.50,60104.30,59918.60,59974.70,1894.716
1782467100000,59974.80,60004.40,59544.70,59709.30,5909.699
1782468000000,59709.30,59799.50,59625.20,59717.90,2403.116
1782468900000,59717.90,59834.20,59688.80,59701.30,1662.058
1782469800000,59701.40,59787.90,59427.40,59532.00,2637.931
1782470700000,59532.10,59547.00,59210.40,59290.00,4041.603
1782471600000,59290.00,59569.00,59233.10,59465.80,2637.238
1782472500000,59465.80,59478.80,59340.00,59393.60,1266.181
1782473400000,59393.60,59515.30,59361.10,59419.20,1325.084
1782474300000,59419.20,59431.60,59252.60,59392.40,1570.389
1782475200000,59392.40,59494.30,59321.00,59436.70,1883.084
1782476100000,59436.70,59714.30,59425.50,59709.90,3939.796
1782477000000,59710.00,59998.40,58940.00,59118.90,11678.245
1782477900000,59118.80,59577.80,59041.10,59167.60,6470.439
1782478800000,59167.60,59261.60,58924.40,59076.00,4049.016
1782479700000,59075.90,59153.90,58388.00,58887.40,12691.308
1782480600000,58887.30,59493.20,58810.00,59455.00,9135.256
1782481500000,59454.90,60189.50,59300.80,60153.30,10027.390
1782482400000,60153.50,60274.20,59781.00,59954.80,8319.248
1782483300000,59954.60,60222.00,59793.10,60032.60,3676.458
1782484200000,60032.50,60048.40,59520.40,59578.10,5371.065
1782485100000,59578.10,59887.00,59358.80,59568.90,3724.309
1782486000000,59568.90,60083.00,59560.00,59802.00,3296.000
1782486900000,59802.10,60350.70,59755.00,60163.30,4578.171
1782487800000,60163.30,60494.10,60116.40,60400.10,4899.861
1782488700000,60400.20,60421.00,60116.40,60296.60,3625.563
1782489600000,60296.90,60580.00,60125.40,60154.50,4234.292
1782490500000,60154.50,60260.00,59933.10,60024.60,3515.417
1782491400000,60024.60,60368.40,60014.70,60040.20,3548.285
1782492300000,60040.10,60170.00,59983.50,60017.80,1731.501
1782493200000,60017.80,60276.50,59978.50,60190.00,1512.769
1782494100000,60190.00,60229.90,60008.70,60157.00,1678.472
1782495000000,60157.10,60194.60,59921.40,60043.20,2212.244
1782495900000,60043.20,60091.60,59930.00,60000.00,1546.069
1782496800000,60000.00,60140.70,59988.90,60067.00,880.238
1782497700000,60067.00,60091.60,59769.60,59807.60,1697.048
1782498600000,59807.70,59864.00,59717.90,59755.00,1519.803
1782499500000,59755.10,59755.20,59530.70,59648.90,1677.439
1782500400000,59648.90,60077.80,59586.30,60002.10,2903.929
1782501300000,60002.10,60002.10,59850.00,59914.50,788.768
1782502200000,59914.60,60073.00,59855.00,59857.60,1472.933
1782503100000,59857.70,59905.60,59710.00,59719.70,1940.429
1782504000000,59719.90,59970.00,59658.00,59702.20,1953.499
1782504900000,59702.20,59791.00,59669.30,59755.60,782.908
1782505800000,59755.60,59762.30,59556.00,59627.10,1357.793
1782506700000,59627.10,59779.60,59616.30,59694.70,766.961
1782507600000,59694.70,59746.70,59649.20,59737.80,395.253
1782508500000,59737.70,59868.10,59658.60,59851.10,688.335
1782509400000,59851.20,60028.00,59835.10,59999.90,953.277
1782510300000,59999.90,60020.00,59887.60,59887.60,628.117
1782511200000,59887.60,59927.90,59717.10,59881.80,843.206
1782512100000,59881.70,59955.60,59861.50,59861.50,599.849
1782513000000,59861.50,59956.00,59834.20,59934.20,886.579
1782513900000,59934.20,60051.00,59892.30,60007.50,759.042
1782514800000,60007.60,60090.80,59983.80,60052.80,1199.610
1782515700000,60053.30,60055.80,59942.90,59943.00,928.151
1782516600000,59942.90,60064.30,59871.90,60034.50,826.091
1782517500000,60034.50,60087.70,60025.00,60072.00,500.544
1782518400000,60071.90,60167.30,60035.60,60084.60,1851.574
1782519300000,60084.60,60099.60,59999.40,60018.90,518.104
1782520200000,60018.90,60019.90,59846.20,59949.10,920.192
1782521100000,59949.00,60048.00,59923.20,60033.40,316.731
1782522000000,60033.40,60046.90,59937.20,59945.40,310.819
1782522900000,59945.40,59989.90,59911.30,59974.10,219.828
1782523800000,59974.10,59981.10,59904.80,59946.00,276.683
1782524700000,59946.10,59972.00,59909.60,59919.10,206.301
1782525600000,59919.00,60100.00,59888.70,60090.00,489.681
1782526500000,60090.10,60349.00,60046.50,60275.40,2265.841
1782527400000,60275.50,60297.10,60168.30,60260.50,1065.649
1782528300000,60260.50,60333.00,60240.00,60256.60,1158.061
1782529200000,60256.60,60387.80,60134.80,60144.10,1007.853
1782530100000,60144.00,60325.90,60134.50,60283.10,477.497
1782531000000,60283.20,60366.00,60254.10,60282.80,1093.043
1782531900000,60282.80,60333.00,60231.20,60274.70,685.655
1782532800000,60274.80,60443.00,60274.70,60381.10,1436.295
1782533700000,60381.10,60472.20,60350.00,60366.10,836.520
1782534600000,60366.10,60419.70,60323.20,60347.80,394.930
1782535500000,60347.90,60350.00,60189.40,60215.90,766.213
1782536400000,60215.90,60286.00,60167.10,60276.90,513.930
1782537300000,60276.90,60276.90,60132.70,60132.80,446.290
1782538200000,60132.80,60206.70,60101.90,60198.80,614.240
1782539100000,60198.80,60247.60,60192.00,60208.30,371.072
1782540000000,60208.40,60214.70,60083.70,60121.00,602.474
1782540900000,60121.00,60205.00,60074.50,60178.80,599.169
1782541800000,60178.80,60420.00,60178.80,60383.00,1479.712
1782542700000,60383.00,60492.20,60321.70,60345.30,1589.806
1782543600000,60345.20,60369.20,60266.00,60293.80,607.990
1782544500000,60293.80,60424.60,60282.70,60400.10,546.523
1782545400000,60400.10,60440.50,60354.10,60417.90,754.144
1782546300000,60417.80,60557.80,60417.80,60522.30,1447.891
1782547200000,60522.40,60522.50,60420.60,60463.50,849.186
1782548100000,60463.50,60512.70,60420.60,60429.10,569.040
1782549000000,60429.10,60438.80,60336.20,60351.20,592.094
1782549900000,60351.10,60500.00,60348.30,60425.10,443.720
1782550800000,60425.20,60482.90,60314.90,60332.10,947.356
1782551700000,60332.10,60347.90,60261.00,60342.40,687.428
1782552600000,60342.40,60420.20,60342.30,60372.60,303.082
1782553500000,60372.60,60414.60,60359.60,60391.20,372.905
1782554400000,60391.30,60450.00,60369.30,60449.90,275.167
1782555300000,60450.00,60466.50,60414.50,60430.80,231.678
1782556200000,60430.80,60430.90,60378.00,60401.70,296.039
1782557100000,60401.70,60401.70,60350.00,60390.30,229.857
1782558000000,60390.30,60425.40,60335.60,60371.70,278.364
1782558900000,60371.70,60371.80,60195.40,60234.50,1139.589
1782559800000,60234.50,60275.00,60162.00,60240.00,1168.722
1782560700000,60240.00,60391.30,60239.90,60331.90,535.700
1782561600000,60331.90,60332.00,60222.60,60265.60,470.895
1782562500000,60265.50,60320.50,60260.90,60306.40,338.716
1782563400000,60306.40,60359.90,60273.40,60295.00,541.873
1782564300000,60295.00,60407.10,60277.30,60394.00,455.708
1782565200000,60394.00,60450.10,60356.10,60405.60,507.711
1782566100000,60405.70,60466.00,60362.50,60443.20,574.888
1782567000000,60443.20,60643.10,60419.90,60576.10,2318.159
1782567900000,60576.10,60606.50,60511.60,60554.60,754.126
1782568800000,60554.60,60697.60,60480.00,60645.70,1270.116
1782569700000,60645.70,60645.70,60561.80,60570.00,633.118
1782570600000,60570.10,60639.50,60500.00,60607.30,820.556
1782571500000,60607.30,60650.00,60580.00,60588.90,597.710
1782572400000,60589.00,60905.30,60541.10,60851.60,4033.171
1782573300000,60851.70,60854.40,60688.00,60789.00,1611.687
1782574200000,60789.00,60924.70,60725.60,60762.20,1567.294
1782575100000,60762.10,60834.40,60722.00,60817.20,602.800
1782576000000,60817.30,60850.00,60712.00,60725.50,1092.042
1782576900000,60725.50,60725.60,60659.10,60692.90,629.787
1782577800000,60692.90,60770.00,60648.20,60770.00,505.322
1782578700000,60769.90,60800.00,60740.50,60785.00,551.175
1782579600000,60784.90,60796.60,60383.00,60544.10,4104.972
1782580500000,60544.20,60595.60,60435.20,60552.20,735.844
1782581400000,60552.20,60630.00,60474.80,60572.20,960.807
1782582300000,60572.10,60599.20,60492.30,60495.60,634.264
1782583200000,60495.60,60539.90,60420.20,60494.50,781.782
1782584100000,60494.50,60535.80,60432.10,60487.90,429.594
1782585000000,60487.80,60541.60,60472.10,60538.40,215.769
1782585900000,60538.50,60547.30,60488.40,60537.80,235.811
1782586800000,60537.90,60576.90,60530.00,60568.10,313.942
1782587700000,60568.20,60570.30,60202.40,60298.60,2203.412
1782588600000,60298.50,60301.00,60050.00,60169.90,2860.113
1782589500000,60170.00,60220.20,60113.80,60149.90,523.303
1782590400000,60149.90,60266.30,60141.70,60236.60,719.747
1782591300000,60236.60,60283.40,60222.80,60242.80,418.394
1782592200000,60242.70,60252.60,60223.20,60224.10,214.758
1782593100000,60224.10,60275.30,60224.00,60272.80,210.297
1782594000000,60272.80,60378.90,60272.80,60365.70,634.020
1782594900000,60365.60,60443.30,60330.20,60424.50,824.179
1782595800000,60424.50,60469.80,60203.30,60219.40,630.076
1782596700000,60219.40,60270.00,60108.90,60173.40,639.623
1782597600000,60173.40,60173.40,60015.30,60098.00,1112.661
1782598500000,60098.10,60143.10,59819.80,60105.20,2551.942
1782599400000,60105.20,60230.00,60096.80,60147.10,642.953
1782600300000,60147.10,60217.80,60131.10,60204.30,385.414
1782601200000,60204.30,60303.20,59988.90,60009.10,1357.206
1782602100000,60009.10,60071.40,59913.90,59962.70,1267.321
1782603000000,59962.80,60071.30,59937.90,60030.50,559.214
1782603900000,60030.50,60054.00,59979.60,60000.30,467.683
1782604800000,60000.40,60123.00,59983.30,60107.30,718.187
1782605700000,60107.20,60165.80,60099.80,60141.80,393.355
1782606600000,60141.90,60150.00,60057.10,60149.90,458.954
1782607500000,60150.00,60168.70,60110.20,60125.10,329.782
1782608400000,60125.10,60140.60,59950.00,60055.80,845.281
1782609300000,60055.80,60217.20,60034.80,60181.10,580.756
1782610200000,60181.00,60245.50,60159.80,60231.20,617.793
1782611100000,60231.10,60256.80,60175.20,60193.00,395.608
1782612000000,60193.10,60260.00,60193.00,60256.00,323.915
1782612900000,60256.00,60314.30,60017.20,60087.20,1067.164
1782613800000,60087.20,60125.00,60066.40,60099.90,318.439
1782614700000,60100.00,60156.20,60074.10,60121.20,348.173
1782615600000,60121.20,60243.10,60121.20,60230.40,388.424
1782616500000,60230.50,60249.90,60145.90,60229.30,461.819
1782617400000,60229.40,60250.40,60146.90,60166.40,338.570
1782618300000,60166.40,60194.60,60128.20,60169.50,266.132
1782619200000,60169.50,60203.20,60105.70,60186.10,327.965
1782620100000,60186.10,60205.40,60165.10,60172.60,193.195
1782621000000,60172.50,60172.60,60060.00,60146.30,451.207
1782621900000,60146.30,60167.70,60093.00,60108.10,243.737
1782622800000,60108.00,60112.30,59934.30,59990.20,1213.933
1782623700000,59990.20,59999.20,59714.80,59802.70,2390.157
1782624600000,59802.70,59934.40,59760.10,59892.80,1333.725
1782625500000,59892.80,59987.20,59891.70,59956.60,500.385
1782626400000,59956.60,59997.40,59810.10,59811.80,865.398
1782627300000,59811.70,59938.10,59772.90,59900.00,1060.607
1782628200000,59899.90,59968.50,59893.60,59937.90,423.785
1782629100000,59937.90,60020.00,59928.10,59970.00,565.364
1782630000000,59970.00,60165.80,59965.80,60112.90,1231.495
1782630900000,60112.90,60114.90,60073.30,60075.90,330.818
1782631800000,60076.00,60247.10,60073.40,60193.70,1140.735
1782632700000,60193.70,60244.30,60166.60,60192.50,730.175
1782633600000,60192.40,60227.00,60109.50,60159.40,691.820
1782634500000,60159.50,60209.70,60132.50,60196.50,494.256
1782635400000,60196.40,60543.30,60196.40,60424.00,2805.486
1782636300000,60424.00,60465.00,60340.00,60340.10,918.639
1782637200000,60340.10,60444.00,60263.40,60340.60,1083.743
1782638100000,60340.60,60373.10,60286.20,60303.10,418.479
1782639000000,60303.10,60386.90,60283.00,60351.20,335.342
1782639900000,60351.20,60371.10,60223.10,60230.00,922.810
1782640800000,60230.00,60271.80,60154.40,60232.50,855.556
1782641700000,60232.40,60263.50,60037.00,60079.40,825.737
1782642600000,60079.50,60117.00,60046.00,60100.20,459.563
1782643500000,60100.30,60150.00,60100.20,60138.50,336.280
1782644400000,60138.40,60244.60,60091.40,60100.90,672.599
1782645300000,60100.90,60346.00,60098.80,60288.60,807.083
1782646200000,60288.50,60304.30,60235.40,60280.00,574.621
1782647100000,60279.90,60351.30,60228.60,60314.90,441.498
1782648000000,60315.00,60379.80,60265.10,60279.10,493.119
1782648900000,60279.10,60319.30,60161.20,60314.60,585.324
1782649800000,60314.70,60435.80,60174.60,60213.20,728.778
1782650700000,60213.30,60291.00,60213.20,60270.00,420.389
1782651600000,60269.90,60269.90,59934.30,60099.70,2271.988
1782652500000,60099.70,60142.00,60045.00,60097.60,569.242
1782653400000,60097.60,60160.70,60012.20,60100.10,926.730
1782654300000,60100.10,60108.60,60031.50,60044.50,522.358
1782655200000,60044.60,60150.00,60003.60,60150.00,517.172
1782656100000,60150.00,60228.50,60070.30,60130.10,830.269
1782657000000,60130.20,60170.00,60050.40,60085.00,627.099
1782657900000,60085.00,60151.50,59983.00,59995.30,962.851
1782658800000,59995.30,60068.10,59852.00,60046.40,1670.752
1782659700000,60046.30,60103.20,59971.80,60008.60,632.006
1782660600000,60008.60,60070.10,59866.60,59939.10,1615.555
1782661500000,59939.00,59971.80,59781.80,59849.90,1852.714
1782662400000,59850.00,59915.70,59770.90,59800.00,1571.591
1782663300000,59800.10,59873.90,59645.00,59741.30,2232.815
1782664200000,59741.30,59768.30,59573.80,59589.90,2369.573
1782665100000,59589.90,59708.00,59550.00,59655.90,1250.582
1782666000000,59655.90,59821.90,59523.00,59608.80,2077.768
1782666900000,59608.90,59659.50,59563.60,59567.70,1075.625
1782667800000,59567.80,59615.00,59366.60,59505.10,4232.477
1782668700000,59505.00,59608.00,59488.00,59557.30,1016.048
1782669600000,59557.30,59678.80,59544.80,59616.40,998.006
1782670500000,59616.40,59646.30,59566.00,59579.20,712.071
1782671400000,59579.10,59649.40,59544.30,59568.20,649.789
1782672300000,59568.30,59599.60,59466.90,59580.70,811.091
1782673200000,59580.70,59584.20,59430.20,59478.60,678.237
1782674100000,59478.60,59520.00,59407.60,59520.00,587.656
1782675000000,59520.00,59658.20,59388.00,59408.10,1419.760
1782675900000,59408.10,59478.00,59224.60,59451.40,2955.258
1782676800000,59451.30,59657.50,59443.80,59637.50,843.352
1782677700000,59637.40,59747.70,59627.60,59693.50,1524.570
1782678600000,59693.50,59700.30,59606.30,59646.20,1357.810
1782679500000,59646.20,59701.50,59623.30,59634.00,497.636
1782680400000,59634.10,59681.80,59623.00,59670.00,697.264
1782681300000,59670.00,59720.10,59633.90,59680.90,407.184
1782682200000,59681.00,59773.80,59628.60,59628.60,645.161
1782683100000,59628.60,59655.00,59300.00,59418.10,2901.051
1782684000000,59418.10,59883.20,59418.10,59606.70,3257.254
1782684900000,59606.70,59617.30,59121.80,59356.00,4082.808
1782685800000,59356.10,59433.80,59041.80,59077.10,2836.431
1782686700000,59077.10,59193.60,58888.00,59040.10,3473.575
1782687600000,59040.00,59341.20,58975.00,59235.30,2064.418
1782688500000,59235.30,59560.00,59218.70,59508.40,1618.276
1782689400000,59508.30,59820.40,59496.40,59699.90,2715.382
1782690300000,59699.90,59775.00,59544.70,59550.20,1313.287
1782691200000,59550.20,59673.30,59237.60,59557.10,2285.712
1782692100000,59557.10,59575.00,59165.30,59181.00,1811.532
1782693000000,59181.00,59361.40,58978.20,59355.50,3240.104
1782693900000,59355.40,59678.10,59145.10,59637.30,1901.140
1782694800000,59637.30,59674.30,59427.40,59462.50,1246.253
1782695700000,59462.50,59493.80,59204.50,59276.30,1663.760
1782696600000,59276.30,59550.00,59170.50,59523.60,1324.609
1782697500000,59523.60,59551.70,59403.80,59413.00,800.664
1782698400000,59413.00,59493.90,58850.00,58998.30,3201.115
1782699300000,58998.30,59576.80,58950.30,59522.80,3488.051
1782700200000,59522.80,59784.90,59477.00,59751.40,4173.604
1782701100000,59751.40,59788.00,59679.90,59731.70,3135.006
1782702000000,59731.80,60166.00,59731.80,59978.30,5688.721
1782702900000,59978.20,60219.40,59942.30,60151.70,1799.949
1782703800000,60151.80,60188.00,59846.60,59891.10,1772.553
1782704700000,59891.00,60057.80,59850.30,60019.80,721.076
1782705600000,60019.90,60031.50,59875.00,59897.40,604.906
1782706500000,59897.40,59975.10,59810.50,59931.70,570.041
1782707400000,59931.80,59939.80,59717.00,59814.50,997.754
1782708300000,59814.50,59885.50,59756.80,59806.20,573.370
1782709200000,59806.20,59839.90,59360.30,59504.80,3064.662
1782710100000,59504.90,59694.60,59500.90,59662.20,1224.346
1782711000000,59662.10,59904.80,59616.50,59888.70,1077.604
1782711900000,59888.60,60088.00,59873.80,60082.70,1602.641
1782712800000,60082.70,60200.00,60056.90,60149.70,2333.837
1782713700000,60149.70,60325.00,60094.30,60140.40,2914.749
1782714600000,60140.40,60180.00,60043.60,60048.10,1260.963
1782715500000,60048.20,60138.70,60022.20,60051.00,862.450
1782716400000,60051.10,60054.10,59900.70,60053.00,1401.887
1782717300000,60053.00,60162.50,59992.60,60072.10,798.324
1782718200000,60072.20,60110.80,60017.80,60026.80,586.308
1782719100000,60026.80,60108.80,59998.90,59998.90,849.266
1782720000000,59998.90,60070.10,59868.50,59938.30,1284.801
1782720900000,59938.20,60038.30,59781.80,59803.00,1603.541
1782721800000,59802.80,59888.00,59712.80,59840.20,1287.860
1782722700000,59840.10,59927.60,59805.00,59806.90,723.217
1782723600000,59806.90,59932.70,59777.80,59921.00,647.358
1782724500000,59921.00,60089.10,59750.10,59906.00,2432.644
1782725400000,59906.00,59977.40,59856.20,59946.70,1049.085
1782726300000,59946.70,60050.00,59895.20,60031.30,965.418
1782727200000,60031.30,60287.10,60031.30,60207.10,2408.523
1782728100000,60207.10,60287.00,60154.20,60191.20,1386.237
1782729000000,60191.30,60195.90,60048.30,60106.30,967.236
1782729900000,60106.30,60132.00,60037.00,60062.40,749.912
1782730800000,60062.30,60075.90,59919.00,59919.10,1033.103
1782731700000,59919.10,59974.20,59850.20,59965.80,1220.065
1782732600000,59965.70,60193.20,59784.00,59830.40,2172.147
1782733500000,59830.40,59979.50,59770.40,59927.20,1637.493
1782734400000,59927.20,60758.30,59552.60,60651.00,18200.836
1782735300000,60651.10,60742.10,60383.80,60412.20,5564.264
1782736200000,60412.30,60438.80,59774.00,59919.90,8409.254
1782737100000,59920.00,60025.90,59749.00,59923.50,2789.259
1782738000000,59923.50,60313.00,59923.50,60191.90,2836.855
1782738900000,60191.90,60281.90,59933.80,59950.10,1945.509
1782739800000,59950.00,60253.30,59421.00,59432.20,9054.633
1782740700000,59432.20,59577.60,59302.80,59559.30,7839.380
1782741600000,59559.40,59575.00,59063.00,59070.20,7400.513
1782742500000,59070.10,59546.30,58988.00,59481.60,8121.507
1782743400000,59481.60,59689.60,59285.70,59289.20,4234.541
1782744300000,59289.10,59587.60,59221.20,59444.00,2579.721
1782745200000,59444.10,59456.60,59067.60,59236.60,2834.982
1782746100000,59236.70,59475.00,59111.40,59470.40,2428.557
1782747000000,59470.40,59855.00,59470.40,59809.40,8354.850
1782747900000,59809.40,59939.20,59735.50,59800.20,4820.823
1782748800000,59800.30,59925.30,59684.20,59709.90,2353.710
1782749700000,59709.90,59765.90,59562.60,59583.60,1308.697
1782750600000,59583.60,59872.80,59583.60,59859.40,1486.416
1782751500000,59859.50,59999.00,59803.00,59870.90,1394.418
1782752400000,59870.90,60480.00,59870.90,60440.70,5916.961
1782753300000,60440.70,60624.10,60380.20,60526.80,6393.576
1782754200000,60526.80,60666.60,60368.00,60594.50,2965.853
1782755100000,60594.60,60637.60,60376.80,60396.00,2154.803
1782756000000,60396.00,60500.10,60300.30,60499.90,1723.074
1782756900000,60500.00,60500.00,60200.50,60254.40,2181.320
1782757800000,60254.40,60317.80,60179.80,60265.60,2157.141
1782758700000,60265.50,60275.40,60150.20,60275.40,863.144
1782759600000,60275.40,60288.50,60127.40,60178.90,1044.180
1782760500000,60178.90,60459.00,60164.00,60430.20,1400.526
1782761400000,60430.20,60451.90,60284.00,60443.10,1315.907
1782762300000,60443.00,60540.00,60389.80,60409.30,2265.528
1782763200000,60409.30,60535.00,60400.00,60410.00,1994.554
1782764100000,60409.90,60464.70,60334.40,60380.60,858.717
1782765000000,60380.60,60456.10,60371.90,60392.60,866.621
1782765900000,60392.70,60392.70,60265.10,60271.20,1234.262
1782766800000,60271.20,60390.50,60232.10,60383.70,852.418
1782767700000,60383.80,60383.90,60276.10,60325.10,542.141
1782768600000,60325.10,60470.00,60325.10,60436.10,614.562
1782769500000,60436.10,60565.60,60434.30,60454.90,812.905
1782770400000,60454.90,60471.40,60333.10,60426.00,675.249
1782771300000,60426.00,60493.20,60400.00,60414.60,453.113
1782772200000,60414.50,60433.50,60314.00,60360.00,418.425
1782773100000,60360.00,60406.00,60319.00,60326.50,519.609
1782774000000,60326.40,60353.90,60300.00,60316.00,455.639
1782774900000,60316.10,60339.10,60134.00,60199.50,1187.123
1782775800000,60199.50,60267.60,60185.60,60219.50,543.408
1782776700000,60219.50,60265.50,60185.00,60224.70,861.194
1782777600000,60224.70,60250.00,60110.00,60171.00,1131.331
1782778500000,60171.10,60207.00,59888.00,59908.50,1808.898
1782779400000,59908.40,59911.30,59667.50,59747.60,4548.974
1782780300000,59747.50,59920.80,59721.90,59806.10,1644.044
1782781200000,59806.10,59841.00,59740.00,59797.80,1181.951
1782782100000,59797.80,60023.90,59779.20,60010.20,1355.594
1782783000000,60010.20,60024.90,59759.80,59804.00,1537.951
1782783900000,59804.00,59922.20,59801.20,59919.60,606.810
1782784800000,59919.60,59928.00,59740.10,59761.20,920.337
1782785700000,59761.30,59968.00,59719.60,59947.20,895.687
1782786600000,59947.30,60004.30,59892.00,59985.60,783.209
1782787500000,59985.50,60021.40,59907.40,59920.40,870.977
1782788400000,59920.40,59959.70,59832.10,59877.80,909.407
1782789300000,59877.80,60007.90,59791.30,59832.90,835.433
1782790200000,59832.80,59832.90,59713.80,59714.00,1438.856
1782791100000,59714.00,59714.00,59570.00,59596.10,2386.807
1782792000000,59596.10,59601.40,59400.00,59529.60,3106.598
1782792900000,59529.60,59554.50,59410.00,59521.60,1647.956
1782793800000,59521.50,59672.10,59509.90,59580.20,1864.279
1782794700000,59580.20,59580.20,59418.30,59458.30,1447.703
1782795600000,59458.30,59511.10,59329.20,59410.70,2249.707
1782796500000,59410.80,59470.30,59343.00,59356.40,1153.612
1782797400000,59356.40,59550.70,59330.00,59541.20,2456.604
1782798300000,59541.20,59633.50,59523.40,59627.70,1398.619
1782799200000,59627.80,59649.70,59508.80,59546.90,734.996
1782800100000,59546.90,59698.90,59488.60,59669.20,1593.159
1782801000000,59669.10,59691.60,59520.50,59541.60,914.261
1782801900000,59541.70,59585.30,59524.90,59571.70,494.405
1782802800000,59571.60,59611.70,59423.30,59471.60,859.740
1782803700000,59471.60,59556.80,59430.00,59450.80,854.740
1782804600000,59450.80,59547.00,59441.60,59490.30,1260.984
1782805500000,59490.30,59541.10,59440.50,59497.70,849.034
1782806400000,59497.70,59532.70,59405.00,59405.00,931.326
1782807300000,59405.00,59419.20,59335.00,59383.90,1426.377
1782808200000,59383.90,59420.20,59188.00,59250.20,4106.565
1782809100000,59250.10,59362.70,59159.00,59285.80,2399.064
1782810000000,59285.80,59379.00,59256.50,59323.30,1344.052
1782810900000,59323.30,59349.90,59236.60,59275.30,1099.579
1782811800000,59275.30,59370.10,59225.00,59331.40,1169.790
1782812700000,59331.50,59397.00,59331.40,59348.70,554.542
1782813600000,59348.70,59403.00,59285.70,59342.40,781.076
1782814500000,59342.40,59400.00,59308.60,59344.40,439.760
1782815400000,59344.30,59347.70,59264.50,59308.80,564.932
1782816300000,59308.90,59378.80,59265.00,59303.60,595.132
1782817200000,59303.70,59399.30,59294.50,59357.80,568.867
1782818100000,59357.90,59367.70,59161.70,59191.10,1353.636
1782819000000,59191.20,59247.70,59100.00,59218.60,2621.988
1782819900000,59218.60,59316.30,59130.00,59162.30,1669.827
1782820800000,59162.20,59162.30,58955.60,58987.80,4229.065
1782821700000,58987.70,59046.30,58724.50,58832.80,7258.215
1782822600000,58832.90,58861.70,58745.00,58813.20,2223.418
1782823500000,58813.30,58828.80,58351.00,58374.80,11532.342
1782824400000,58374.80,58621.20,58285.00,58430.30,9241.159
1782825300000,58430.30,58570.10,58401.50,58484.90,2497.379
1782826200000,58484.90,58732.00,58200.00,58535.10,9542.154
1782827100000,58535.00,58791.70,58431.40,58711.90,4753.867
1782828000000,58711.80,59264.40,58627.60,58971.70,9998.800
1782828900000,58971.70,59125.40,58858.00,59014.20,3183.155
1782829800000,59014.10,59079.80,58550.00,58894.80,6026.154
1782830700000,58894.80,58894.80,58400.10,58458.60,3837.583
1782831600000,58458.70,58579.40,58171.00,58419.90,6212.561
1782832500000,58420.00,58452.40,58160.00,58359.30,5779.341
1782833400000,58359.40,58479.60,58232.00,58415.20,1957.842
1782834300000,58415.20,58785.60,58318.20,58356.20,4183.480
1782835200000,58356.20,58617.40,58330.80,58383.20,2059.627
1782836100000,58383.20,58453.60,58223.30,58293.70,2343.049
1782837000000,58293.70,58460.90,58232.30,58307.10,1760.866
1782837900000,58307.20,58555.30,58307.20,58479.30,1649.358
1782838800000,58479.20,58604.80,58364.00,58387.90,1417.371
1782839700000,58387.90,58464.90,58341.60,58372.40,1032.546
1782840600000,58372.50,58439.50,58311.00,58355.50,970.676
1782841500000,58355.50,58410.80,58290.00,58396.70,831.593
1782842400000,58396.80,58476.70,58334.00,58451.80,867.212
1782843300000,58451.80,58675.00,58401.40,58513.30,1781.063
1782844200000,58513.30,58536.90,58358.10,58436.40,862.484
1782845100000,58436.40,58667.10,58436.40,58659.80,1181.491
1782846000000,58659.90,58722.40,58566.30,58633.00,1276.233
1782846900000,58633.00,58650.00,58560.00,58649.40,858.340
1782847800000,58649.30,58797.30,58634.30,58734.20,1405.365
1782848700000,58734.20,58819.90,58668.90,58794.40,1230.824
1782849600000,58794.00,58850.00,58712.50,58838.40,1088.005
1782850500000,58838.30,58839.80,58670.90,58718.90,770.785
1782851400000,58718.90,58718.90,58621.30,58633.10,958.498
1782852300000,58633.20,58770.30,58621.70,58708.00,772.819
1782853200000,58708.00,58744.30,58525.70,58555.80,1149.423
1782854100000,58555.70,58614.60,58472.30,58567.80,771.760
1782855000000,58567.70,58636.90,58552.00,58560.30,572.034
1782855900000,58560.30,58627.80,58486.30,58612.10,652.317
1782856800000,58612.30,58718.50,58612.30,58703.80,622.830
1782857700000,58703.80,58780.00,58618.00,58623.60,406.091
1782858600000,58623.70,58623.70,58477.10,58572.70,683.499
1782859500000,58572.80,58600.00,58512.00,58575.80,292.858
1782860400000,58575.70,58620.00,58518.80,58580.00,348.598
1782861300000,58579.90,58629.50,58550.00,58586.00,368.479
1782862200000,58586.00,58616.30,58536.40,58581.80,388.963
1782863100000,58581.80,58636.70,58556.20,58605.40,445.553
1782864000000,58605.40,58720.00,58571.60,58618.10,997.720
1782864900000,58618.10,58653.80,58270.00,58360.60,3163.344
1782865800000,58360.60,58553.50,58360.60,58454.90,740.865
1782866700000,58454.80,58598.20,58439.50,58548.70,634.800
1782867600000,58548.70,58557.10,57758.60,58137.20,10513.298
1782868500000,58137.30,58377.00,58000.00,58318.20,5890.613
1782869400000,58318.30,58981.00,58300.00,58872.00,8923.683
1782870300000,58872.10,58991.60,58685.40,58741.70,3575.240
1782871200000,58741.80,58843.10,58632.40,58774.00,1830.570
1782872100000,58774.00,58999.00,58755.00,58923.70,3205.256
1782873000000,58923.70,59151.90,58887.90,59111.20,4259.415
1782873900000,59111.30,59152.00,58979.40,59063.30,2722.359
1782874800000,59063.30,59097.10,58965.20,58968.00,1643.464
1782875700000,58968.10,58982.00,58861.50,58901.60,2781.259
1782876600000,58901.70,59126.00,58823.90,58915.70,1543.345
1782877500000,58915.70,59298.40,58903.40,59169.60,3865.061
1782878400000,59169.70,59171.20,59030.90,59087.70,1056.364
1782879300000,59087.70,59250.00,59069.00,59248.30,1049.387
1782880200000,59248.30,59349.60,59172.20,59329.40,1539.970
1782881100000,59329.30,59444.50,59270.90,59311.20,2320.468
1782882000000,59311.10,59350.00,59214.00,59257.90,1113.645
1782882900000,59258.00,59329.80,59085.00,59148.80,1841.696
1782883800000,59148.80,59178.50,59090.90,59163.30,929.836
1782884700000,59163.30,59177.30,59100.40,59122.40,577.914
1782885600000,59122.30,59130.00,58881.00,58920.90,2535.036
1782886500000,58920.90,58943.50,58655.30,58759.90,3932.810
1782887400000,58760.00,58804.80,58500.10,58670.90,5420.287
1782888300000,58670.80,58752.90,58582.60,58726.80,1904.594
1782889200000,58726.70,58765.60,58567.20,58651.90,1399.562
1782890100000,58652.00,58797.60,58606.30,58709.30,1040.161
1782891000000,58709.30,58728.80,58611.20,58663.10,880.664
1782891900000,58663.10,58778.20,58638.00,58744.40,884.399
1782892800000,58744.40,58789.10,58628.50,58667.60,760.306
1782893700000,58667.60,58698.50,58568.10,58590.30,1047.158
1782894600000,58590.30,58723.00,58450.70,58713.40,2251.857
1782895500000,58713.40,58965.00,58651.00,58950.80,2286.934
1782896400000,58950.80,59069.70,58865.90,58929.90,2016.175
1782897300000,58930.00,58976.00,58841.30,58869.40,1517.190
1782898200000,58869.30,58920.70,58792.80,58859.60,822.489
1782899100000,58859.70,58950.00,58818.10,58921.40,897.615
1782900000000,58921.40,58923.30,58724.20,58733.70,1006.250
1782900900000,58733.70,58768.50,58634.00,58715.40,1114.791
1782901800000,58715.50,58730.60,58590.90,58593.60,904.423
1782902700000,58593.60,58685.40,58591.50,58631.60,708.947
1782903600000,58631.60,58719.70,58560.00,58679.90,1110.525
1782904500000,58679.90,58733.50,58650.00,58673.60,544.707
1782905400000,58673.70,58717.10,58600.10,58656.90,946.643
1782906300000,58656.90,58678.10,58524.20,58592.90,1006.574
1782907200000,58592.80,58655.60,58350.90,58422.90,2961.724
1782908100000,58422.90,58569.30,58422.90,58526.00,1468.952
1782909000000,58526.10,58570.20,58344.20,58373.00,1765.417
1782909900000,58373.00,58510.40,58294.10,58495.60,2454.976
1782910800000,58495.60,58738.90,58495.50,58639.20,3000.770
1782911700000,58639.20,58879.60,58623.80,58790.60,3009.016
1782912600000,58790.50,59051.00,58571.00,58989.10,6775.975
1782913500000,58989.10,59486.70,58906.60,59463.10,9697.271
1782914400000,59463.00,59966.00,59239.90,59948.60,11114.807
1782915300000,59948.80,60067.90,59753.10,59756.40,9405.788
1782916200000,59756.50,59794.20,59510.10,59583.00,5057.332
1782917100000,59582.90,59746.10,59392.80,59523.80,3959.685
1782918000000,59523.70,59971.70,59496.90,59895.00,4424.435
1782918900000,59895.00,60520.00,59822.20,60288.40,11579.761
1782919800000,60288.40,60355.90,60099.10,60192.90,4230.809
1782920700000,60192.90,60223.80,60050.90,60118.50,2187.367
1782921600000,60118.60,60207.40,60041.10,60111.40,1629.496
1782922500000,60111.40,60244.00,59925.00,60114.60,3096.070
1782923400000,60114.60,60152.90,60000.00,60060.10,1214.912
1782924300000,60060.00,60070.00,59836.10,59902.80,1772.418
1782925200000,59902.90,59917.00,59762.60,59876.10,1843.793
1782926100000,59876.10,60186.10,59876.10,60126.00,2468.035
1782927000000,60126.10,60218.20,60060.70,60128.30,1821.071
1782927900000,60128.40,60213.10,60119.60,60166.50,835.028
1782928800000,60166.50,60198.60,59992.70,60050.30,1476.281
1782929700000,60050.30,60169.20,60017.70,60120.00,870.722
1782930600000,60120.00,60219.10,60055.10,60199.80,1067.155
1782931500000,60199.80,60278.90,60050.00,60141.50,1514.986
1782932400000,60141.50,60276.60,60136.70,60256.70,1046.785
1782933300000,60256.70,60332.80,60075.00,60130.40,1133.183
1782934200000,60130.30,60255.30,60120.50,60185.90,634.768
1782935100000,60185.90,60185.90,59952.30,60000.00,2386.327
1782936000000,60000.00,60030.10,59875.20,59969.30,1749.811
1782936900000,59969.30,59997.00,59844.50,59948.10,973.946
1782937800000,59948.10,60049.10,59930.00,60010.50,658.325
1782938700000,60010.50,60170.30,60003.50,60100.30,824.504
1782939600000,60100.30,60443.70,60092.70,60427.10,3366.849
1782940500000,60427.10,60595.00,60304.10,60504.50,4167.037
1782941400000,60504.50,60827.80,60504.40,60788.80,5409.874
1782942300000,60788.70,60800.00,60749.60,60799.90,3156.000
1782943200000,60799.90,60800.00,60766.60,60799.90,2216.610
1782944100000,60799.90,61322.00,60512.20,60521.60,16757.665
1782945000000,60521.60,60655.90,60422.80,60469.00,3248.238
1782945900000,60468.90,60484.80,60319.30,60446.30,1569.762
1782946800000,60446.30,60446.30,60202.60,60217.20,1674.805
1782947700000,60217.10,60345.20,60168.80,60182.80,1685.423
1782948600000,60182.80,60237.20,60015.80,60120.50,2879.307
1782949500000,60120.60,60137.60,59949.20,59999.60,2035.541
1782950400000,59999.60,60005.70,59867.20,59914.60,2728.837
1782951300000,59914.60,59943.00,59708.20,59752.60,2799.739
1782952200000,59752.50,59763.60,59555.00,59593.80,2822.718
1782953100000,59593.80,59827.40,59593.80,59719.70,2658.034
1782954000000,59719.70,59910.00,59688.90,59895.20,2095.314
1782954900000,59895.20,59994.20,59807.70,59993.00,2320.141
1782955800000,59992.90,60298.00,59992.90,60167.20,2886.452
1782956700000,60167.20,60290.60,60056.90,60150.00,1576.740
1782957600000,60150.00,60172.00,59978.30,60115.70,1279.709
1782958500000,60115.70,60240.00,60106.90,60180.00,940.790
1782959400000,60180.10,60387.90,60149.90,60379.40,1696.440
1782960300000,60379.40,60467.20,60302.00,60392.50,1502.541
1782961200000,60392.40,60450.00,60358.30,60450.00,736.673
1782962100000,60449.90,60690.90,60259.10,60520.40,3277.617
1782963000000,60520.40,60785.40,60450.40,60781.30,3441.366
1782963900000,60781.30,61102.50,60702.90,61032.90,5070.697
1782964800000,61032.90,61033.00,60839.40,60916.10,2073.338
1782965700000,60916.00,60955.70,60766.00,60830.40,1957.358
1782966600000,60830.50,60830.50,60703.10,60749.80,2215.722
1782967500000,60749.80,60861.90,60716.50,60757.70,1016.616
1782968400000,60757.70,60843.10,60613.90,60837.90,1663.430
1782969300000,60837.80,60852.90,60706.10,60720.70,669.480
1782970200000,60720.70,60850.00,60564.50,60583.40,3716.214
1782971100000,60583.30,60633.40,60450.00,60479.90,2993.235
1782972000000,60480.00,60498.90,60380.00,60380.10,1536.862
1782972900000,60380.00,60533.00,60370.00,60448.20,1885.720
1782973800000,60448.20,60623.50,60445.30,60509.60,1991.490
1782974700000,60509.60,60517.00,60232.60,60247.60,3053.476
1782975600000,60247.60,60288.00,60180.00,60211.50,2034.618
1782976500000,60211.50,60243.90,60138.40,60138.40,1482.400
1782977400000,60138.50,60197.80,60089.90,60111.50,3857.857
1782978300000,60111.40,60209.80,60080.90,60125.80,1969.962
1782979200000,60125.80,60344.90,60113.50,60285.50,2243.881
1782980100000,60285.50,60380.00,60285.50,60330.10,1167.553
1782981000000,60330.00,60479.10,60306.00,60418.30,1449.083
1782981900000,60418.30,60542.20,60381.60,60486.80,1337.690
1782982800000,60486.70,60498.00,60342.50,60447.30,1236.061
1782983700000,60447.30,60613.90,60402.00,60585.70,1756.405
1782984600000,60585.60,61224.40,60585.60,61065.60,10962.556
1782985500000,61065.60,61447.00,60842.20,61159.60,11652.014
1782986400000,61159.60,61223.30,61019.80,61212.60,2665.748
1782987300000,61212.50,61280.00,61075.00,61199.90,1906.177
1782988200000,61200.00,61330.00,61171.80,61181.90,2548.859
1782989100000,61181.90,61311.80,61120.30,61238.50,2131.963
1782990000000,61238.40,61343.30,61184.50,61250.20,3112.865
1782990900000,61250.10,61330.00,61225.10,61261.40,3902.641
1782991800000,61261.40,61331.60,61228.00,61267.20,2454.890
1782992700000,61267.20,61367.30,61100.00,61329.10,3210.698
1782993600000,61329.10,61345.10,61265.20,61332.80,2996.526
1782994500000,61332.80,61392.10,61109.90,61313.40,3531.903
1782995400000,61313.50,61555.00,61160.00,61347.20,8290.421
1782996300000,61347.30,61591.10,61333.50,61507.40,3252.928
1782997200000,61507.30,61729.70,61472.00,61653.70,3815.676
1782998100000,61653.60,61990.00,61631.20,61668.30,8335.438
1782999000000,61668.30,62077.30,61499.80,61949.20,9182.955
1782999900000,61949.20,62018.70,61777.50,61913.50,4340.111
1783000800000,61913.60,62179.90,61821.00,62059.30,5384.747
1783001700000,62059.40,62180.00,61555.50,61648.90,5627.058
1783002600000,61649.00,61787.60,61368.80,61400.10,4621.408
1783003500000,61400.10,61730.00,61400.00,61669.80,2711.015
1783004400000,61669.70,61712.50,61400.00,61558.70,2079.196
1783005300000,61558.60,61844.40,61456.70,61684.90,2758.693
1783006200000,61685.00,61799.00,61525.00,61672.10,1817.603
1783007100000,61672.10,61720.00,61500.00,61584.00,1041.336
1783008000000,61584.00,61722.50,61470.90,61669.00,1514.994
1783008900000,61669.00,61669.10,61113.80,61169.40,7010.927
1783009800000,61169.50,61424.60,61169.50,61404.60,2189.127
1783010700000,61404.50,61754.90,61400.10,61646.80,3164.067
1783011600000,61646.80,61788.00,61592.80,61756.20,1896.567
1783012500000,61756.20,61900.00,61717.90,61841.60,2322.264
1783013400000,61841.60,61841.60,61610.00,61753.50,1317.182
1783014300000,61753.60,61780.00,61615.60,61643.00,603.139
1783015200000,61643.00,61839.00,61633.70,61801.10,874.809
1783016100000,61801.00,61844.00,61702.90,61834.60,677.927
1783017000000,61834.50,61835.20,61733.60,61740.90,518.403
1783017900000,61740.90,61847.20,61665.60,61733.50,1004.663
1783018800000,61733.50,61739.70,61574.80,61641.00,724.561
1783019700000,61641.00,61641.00,61487.40,61593.50,1159.428
1783020600000,61593.50,61633.40,61471.80,61553.80,841.973
1783021500000,61553.90,61669.30,61388.10,61452.50,2382.648
1783022400000,61452.40,61518.70,61373.80,61413.30,1431.055
1783023300000,61413.30,61491.70,61378.90,61380.70,399.305
1783024200000,61380.70,61414.80,61308.30,61343.50,1254.309
1783025100000,61343.50,61576.80,61343.50,61555.40,1036.702
1783026000000,61555.30,61634.30,61502.00,61503.40,766.110
1783026900000,61503.40,61525.70,61502.70,61514.90,239.638
1783027800000,61514.90,61531.20,61500.00,61500.00,413.714
1783028700000,61500.10,61590.30,61500.00,61570.60,537.619
1783029600000,61570.50,61570.60,61500.00,61508.50,684.975
1783030500000,61508.50,61545.60,61500.10,61502.40,262.661
1783031400000,61502.30,61536.20,61500.00,61502.80,633.926
1783032300000,61502.90,61536.40,61388.00,61445.00,1992.448
1783033200000,61444.90,61444.90,61333.00,61334.40,753.472
1783034100000,61334.50,61520.00,61333.00,61485.40,529.119
1783035000000,61485.40,61588.20,61420.20,61455.20,684.197
1783035900000,61455.30,61584.60,61450.50,61540.60,650.459
1783036800000,61540.50,61558.80,61367.60,61400.30,962.115
1783037700000,61400.20,61440.00,61282.00,61282.00,1336.646
1783038600000,61282.00,61349.40,61229.00,61319.10,780.803
1783039500000,61319.00,61394.70,61273.80,61283.90,517.992
1783040400000,61283.90,61727.20,61261.00,61613.50,1504.070
1783041300000,61613.50,61636.00,61483.80,61542.00,1150.644
1783042200000,61542.10,61721.20,61500.00,61643.50,1067.906
1783043100000,61643.50,61651.20,61560.30,61566.50,728.618
1783044000000,61566.60,61647.00,61485.30,61501.60,1123.804
1783044900000,61501.60,61567.80,61377.90,61377.90,905.936
1783045800000,61377.80,61442.20,61271.00,61347.00,1328.577
1783046700000,61347.00,61447.80,61273.70,61411.80,641.064
1783047600000,61411.90,61433.80,61300.00,61306.40,610.448
1783048500000,61306.30,61558.00,61306.30,61515.40,961.661
1783049400000,61515.50,61523.00,61360.90,61370.40,541.860
1783050300000,61370.40,61430.70,61327.20,61407.60,891.767
1783051200000,61407.50,61447.60,61300.40,61407.10,670.945
1783052100000,61407.00,61415.40,61320.60,61415.40,500.032
1783053000000,61415.40,61504.60,61385.20,61477.10,709.822
1783053900000,61477.10,61488.80,61350.00,61420.50,815.634
1783054800000,61420.50,61540.70,61403.10,61515.00,991.206
1783055700000,61515.00,61660.00,61487.80,61611.20,1164.693
1783056600000,61611.20,61788.00,61591.60,61676.50,1991.548
1783057500000,61676.50,61727.20,61620.00,61674.80,618.218
1783058400000,61674.70,61825.10,61662.50,61703.90,1331.480
1783059300000,61704.00,61785.50,61665.10,61693.60,663.994
1783060200000,61693.60,61755.50,61584.00,61616.00,990.500
1783061100000,61616.00,61749.30,61615.70,61680.50,464.489
1783062000000,61680.60,61755.70,61634.10,61676.60,769.305
1783062900000,61676.60,61736.40,61676.50,61736.30,449.016
1783063800000,61736.40,61819.00,61716.90,61800.40,1033.804
1783064700000,61800.30,61849.70,61731.70,61733.60,1096.141
1783065600000,61733.70,61813.10,61714.10,61726.20,787.567
1783066500000,61726.10,61804.90,61700.00,61760.70,567.040
1783067400000,61760.70,61875.30,61700.00,61840.90,996.554
1783068300000,61840.80,61844.80,61525.90,61553.50,1871.756
1783069200000,61553.60,61685.70,61480.70,61677.00,1339.805
1783070100000,61677.10,61714.90,61619.80,61660.80,602.798
1783071000000,61660.90,61664.30,61529.70,61633.50,713.635
1783071900000,61633.40,61760.70,61633.40,61686.80,655.686
1783072800000,61686.90,61748.30,61643.20,61700.20,632.048
1783073700000,61700.20,61743.50,61640.20,61715.60,551.365
1783074600000,61715.60,62017.70,61698.10,61992.00,2777.523
1783075500000,61991.90,62000.00,61854.20,61886.60,1681.276
1783076400000,61886.50,62050.90,61808.10,61992.30,1917.018
1783077300000,61992.30,62043.80,61904.60,61958.50,1628.882
1783078200000,61958.50,61999.00,61851.90,61866.60,869.093
1783079100000,61866.60,62078.60,61866.60,61992.80,1474.013
1783080000000,61992.80,62149.30,61975.10,62130.10,4265.967
1783080900000,62130.00,62148.30,61883.50,61929.90,2341.537
1783081800000,61929.90,61949.70,61841.00,61899.90,1008.048
1783082700000,61899.90,61978.00,61899.80,61952.50,626.627
1783083600000,61952.60,62047.30,61910.50,62029.60,1323.213
1783084500000,62029.60,62099.70,61972.20,62065.90,998.837
1783085400000,62065.80,62171.00,61991.00,62127.60,1341.055
1783086300000,62127.50,62271.90,62025.00,62083.80,2273.135
1783087200000,62083.90,62083.90,61653.00,61739.30,2958.787
1783088100000,61739.30,61902.50,61696.40,61900.00,1881.144
1783089000000,61900.10,62042.90,61819.00,62039.20,1458.367
1783089900000,62039.20,62257.00,61991.70,62142.90,2489.709
1783090800000,62142.90,62386.70,62135.20,62156.20,5423.841
1783091700000,62156.20,62198.90,61955.30,61980.40,2550.217
1783092600000,61980.40,62081.70,61778.10,61815.90,3734.649
1783093500000,61815.90,61940.00,61787.10,61895.20,1872.909
1783094400000,61895.20,61963.20,61877.60,61900.20,969.987
1783095300000,61900.30,62086.60,61900.20,62039.10,984.074
1783096200000,62039.20,62099.00,61953.30,62021.90,918.040
1783097100000,62022.00,62103.50,61992.70,62081.90,1187.154
1783098000000,62081.90,62266.80,62036.00,62165.50,2324.385
1783098900000,62165.40,62219.20,62083.60,62156.60,616.313
1783099800000,62156.70,62250.00,62134.10,62200.10,660.427
1783100700000,62200.00,62223.20,62136.10,62171.50,493.460
1783101600000,62171.50,62180.40,62087.40,62133.60,691.251
1783102500000,62133.70,62176.10,62103.80,62153.60,494.604
1783103400000,62153.60,62217.20,62146.80,62197.40,858.049
1783104300000,62197.40,62223.70,62162.10,62180.20,539.250
1783105200000,62180.30,62231.70,62120.10,62156.90,642.393
1783106100000,62157.00,62277.60,62153.10,62196.20,882.612
1783107000000,62196.20,62292.40,62129.90,62203.10,1205.449
1783107900000,62203.20,62231.70,62161.70,62178.40,1025.421
1783108800000,62178.40,62476.70,62151.20,62405.30,5184.578
1783109700000,62405.40,62684.30,62367.10,62600.00,7565.757
1783110600000,62600.00,62898.00,62580.00,62685.00,6467.804
1783111500000,62685.00,62847.20,62661.40,62759.30,1914.001
1783112400000,62759.30,62957.20,62700.10,62730.60,2857.130
1783113300000,62730.60,62780.00,62593.10,62608.40,1545.758
1783114200000,62608.40,62617.70,62488.80,62589.30,1491.836
1783115100000,62589.40,62813.60,62585.10,62706.80,1141.026
1783116000000,62706.90,62726.00,62559.60,62609.40,913.590
1783116900000,62609.30,62687.50,62594.60,62608.10,521.354
1783117800000,62608.10,62611.40,62513.00,62594.30,840.295
1783118700000,62594.40,62648.40,62545.30,62549.30,407.095
1783119600000,62549.30,62581.00,62507.10,62541.80,454.612
1783120500000,62541.70,62667.60,62535.30,62602.80,910.082
1783121400000,62602.80,62688.00,62602.70,62660.80,463.440
1783122300000,62660.90,62663.30,62523.90,62565.50,398.428
1783123200000,62565.50,62925.70,62560.50,62804.20,3447.066
1783124100000,62804.10,62830.00,62725.50,62740.00,743.824
1783125000000,62740.00,62787.10,62660.60,62688.40,734.955
1783125900000,62688.40,62792.80,62685.90,62735.10,413.040
1783126800000,62735.00,62735.10,62451.10,62493.40,2775.789
1783127700000,62493.30,62569.80,62381.60,62470.60,1320.479
1783128600000,62470.70,62524.50,62400.60,62424.80,538.091
1783129500000,62424.80,62486.00,62395.90,62450.00,543.373
1783130400000,62450.00,62547.70,62450.00,62502.00,707.165
1783131300000,62502.10,62505.50,62429.60,62470.70,384.158
1783132200000,62470.70,62484.50,62404.00,62472.60,351.086
1783133100000,62472.50,62556.50,62448.50,62514.00,458.342
1783134000000,62514.10,62560.00,62460.00,62537.90,438.852
1783134900000,62537.90,62569.10,62520.80,62544.60,365.777
1783135800000,62544.50,62734.70,62486.70,62685.00,1481.290
1783136700000,62684.90,62702.10,62603.30,62609.60,471.561
1783137600000,62609.60,62690.40,62573.30,62632.70,607.397
1783138500000,62632.80,62700.00,62568.80,62642.00,370.897
1783139400000,62642.00,62735.20,62637.70,62659.70,502.557
1783140300000,62659.70,62720.00,62617.10,62661.50,463.970
1783141200000,62661.60,62661.60,62550.30,62554.50,367.032
1783142100000,62554.50,62556.00,62450.40,62494.90,719.335
1783143000000,62494.90,62550.00,62483.70,62542.80,340.937
1783143900000,62542.90,62576.30,62395.70,62445.60,1193.554
1783144800000,62445.70,62538.60,62400.00,62409.50,605.320
1783145700000,62409.60,62431.90,62302.60,62405.80,1279.937
1783146600000,62405.80,62511.60,62405.80,62435.30,802.808
1783147500000,62435.30,62508.00,62435.30,62473.20,305.840
1783148400000,62473.10,62533.60,62441.80,62518.10,603.674
1783149300000,62518.00,62612.60,62494.80,62521.60,688.244
1783150200000,62521.70,62539.40,62453.40,62477.60,426.470
1783151100000,62477.60,62568.70,62465.00,62549.00,413.048
1783152000000,62549.10,62559.50,62485.10,62521.40,361.264
1783152900000,62521.40,62557.30,62488.00,62524.70,328.201
1783153800000,62524.70,62654.10,62513.80,62568.30,1360.983
1783154700000,62568.30,62638.10,62522.00,62528.00,662.514
1783155600000,62527.90,62559.30,62424.10,62480.00,723.440
1783156500000,62480.00,62484.70,62426.10,62454.00,389.807
1783157400000,62454.00,62459.10,62386.10,62426.50,536.362
1783158300000,62426.50,62487.30,62426.50,62466.00,279.951
1783159200000,62466.00,62472.30,62418.30,62434.80,352.053
1783160100000,62434.90,62497.40,62424.40,62471.80,246.244
1783161000000,62471.90,62471.90,62436.20,62461.10,265.914
1783161900000,62461.10,62518.80,62448.30,62483.90,339.246
1783162800000,62483.80,62504.60,62440.60,62499.80,315.825
1783163700000,62499.80,62530.40,62433.40,62455.20,424.472
1783164600000,62455.20,62545.40,62455.20,62466.30,414.565
1783165500000,62466.30,62491.00,62430.10,62458.70,404.342
1783166400000,62458.60,62563.00,62458.60,62541.20,386.328
1783167300000,62541.20,62593.70,62517.00,62560.30,365.475
1783168200000,62560.40,62620.00,62554.30,62597.70,501.997
1783169100000,62597.70,62671.50,62560.90,62634.10,536.261
1783170000000,62634.00,62634.10,62562.70,62585.10,385.604
1783170900000,62585.00,62755.50,62581.00,62631.00,1018.672
1783171800000,62631.00,62631.00,62527.00,62555.20,625.125
1783172700000,62555.10,62566.10,62509.40,62563.00,370.517
1783173600000,62562.90,62669.80,62562.40,62640.90,608.634
1783174500000,62640.80,62719.30,62605.00,62647.10,539.568
1783175400000,62647.20,62669.80,62597.70,62656.20,280.532
1783176300000,62656.30,62692.00,62627.60,62671.90,446.266
1783177200000,62671.80,63069.60,62666.70,62804.00,5000.480
1783178100000,62804.00,62908.30,62729.40,62896.80,1790.003
1783179000000,62896.80,63000.10,62816.10,62900.40,1455.920
1783179900000,62900.40,62990.70,62833.30,62908.80,1213.782
1783180800000,62908.70,62943.00,62762.00,62762.00,991.980
1783181700000,62762.10,62855.70,62752.90,62838.10,784.877
1783182600000,62838.20,62920.00,62838.10,62878.70,591.534
1783183500000,62878.60,62940.00,62832.50,62895.20,588.508
1783184400000,62895.20,62926.30,62769.80,62840.80,752.120
1783185300000,62840.70,62960.90,62827.80,62958.00,552.370
1783186200000,62958.00,63180.00,62957.90,63155.60,3632.812
1783187100000,63155.60,63420.00,63121.60,63245.60,5084.820
1783188000000,63245.50,63316.00,63155.80,63294.90,1526.233
1783188900000,63295.00,63324.80,63116.70,63153.00,1095.699
1783189800000,63153.00,63153.00,63071.60,63087.20,908.887
1783190700000,63087.20,63155.00,63070.00,63137.50,426.796
1783191600000,63137.50,63214.60,63090.00,63147.70,720.326
1783192500000,63147.70,63357.30,63147.70,63344.10,1291.411
1783193400000,63344.10,63450.00,63250.10,63341.10,1724.984
1783194300000,63341.10,63341.10,63251.70,63268.10,465.662
1783195200000,63268.00,63367.00,63255.00,63312.80,477.895
1783196100000,63312.80,63318.70,63128.40,63144.10,1080.768
1783197000000,63144.00,63298.00,63130.10,63266.00,605.147
1783197900000,63266.00,63307.80,63199.00,63208.90,322.180
1783198800000,63208.80,63349.90,63172.80,63324.20,532.997
1783199700000,63324.20,63424.50,63324.00,63409.90,944.638
1783200600000,63410.00,63430.00,63261.70,63271.10,663.626
1783201500000,63271.20,63308.00,63247.70,63274.70,319.725
1783202400000,63274.60,63286.40,63187.40,63227.80,462.693
1783203300000,63227.90,63284.00,63167.40,63192.80,361.175
1783204200000,63192.90,63219.00,63152.50,63180.20,336.527
1783205100000,63180.20,63222.30,63129.40,63167.70,795.306
1783206000000,63167.70,63215.80,62959.00,62966.40,1550.178
1783206900000,62966.40,63072.80,62902.70,63071.90,1119.563
1783207800000,63071.90,63198.90,63071.90,63180.00,610.661
1783208700000,63180.00,63209.80,63111.10,63114.80,531.211
1783209600000,63114.90,63114.90,62987.70,63021.30,1084.325
1783210500000,63021.20,63026.70,62946.60,63023.00,577.937
1783211400000,63023.10,63097.00,62965.60,63063.30,507.661
1783212300000,63063.30,63080.10,62824.40,62962.50,1381.678
1783213200000,62962.60,63022.60,62895.50,62955.50,924.382
1783214100000,62955.60,62955.60,62807.00,62912.80,1000.226
1783215000000,62912.80,62912.80,62762.30,62836.70,1556.183
1783215900000,62836.60,62886.50,62799.80,62859.80,529.813
1783216800000,62859.80,62902.60,62710.00,62710.10,964.895
1783217700000,62710.00,62762.50,62622.60,62731.80,1646.908
1783218600000,62731.80,62772.60,62615.60,62615.70,548.750
1783219500000,62615.70,62673.80,62549.60,62673.80,1401.819
1783220400000,62673.70,62764.80,62669.80,62737.10,673.807
1783221300000,62737.10,62747.00,62626.50,62641.90,665.544
1783222200000,62641.90,62750.00,62638.20,62709.70,462.275
1783223100000,62709.80,62766.00,62699.90,62739.10,560.156
1783224000000,62739.10,62799.90,62680.00,62762.20,626.248
1783224900000,62762.30,62850.00,62760.00,62834.90,851.021
1783225800000,62834.90,62928.00,62833.70,62912.90,941.268
1783226700000,62912.90,62912.90,62784.10,62787.30,502.465
1783227600000,62787.00,62787.00,62702.80,62720.70,553.092
1783228500000,62720.80,62766.20,62714.00,62730.00,417.977
1783229400000,62730.00,62788.40,62628.00,62645.00,674.898
1783230300000,62644.90,62743.40,62644.00,62716.40,494.372
1783231200000,62716.40,62722.20,62644.30,62698.60,357.192
1783232100000,62698.60,62780.00,62686.40,62772.00,434.562
1783233000000,62772.00,62800.00,62718.00,62729.80,294.371
1783233900000,62729.80,62774.80,62718.00,62749.90,303.608
1783234800000,62749.80,62774.20,62728.30,62728.70,351.620
1783235700000,62728.60,62808.70,62690.50,62726.40,795.450
1783236600000,62726.40,62920.10,62726.30,62895.10,855.588
1783237500000,62895.10,63039.30,62868.00,62995.10,1711.537
1783238400000,62995.10,63084.00,62921.90,62983.90,1234.475
1783239300000,62984.00,63023.30,62888.00,62910.40,532.325
1783240200000,62910.40,62971.90,62888.00,62910.90,503.477
1783241100000,62910.90,62963.90,62868.00,62893.30,471.942
1783242000000,62893.40,62908.70,62835.80,62851.20,496.183
1783242900000,62851.30,62855.40,62702.30,62709.70,1145.119
1783243800000,62709.60,62758.80,62410.10,62509.90,3531.870
1783244700000,62509.80,62616.60,62481.30,62600.30,1369.179
1783245600000,62600.20,62710.40,62507.20,62661.00,967.147
1783246500000,62661.00,62715.30,62603.10,62670.90,576.643
1783247400000,62670.90,62712.10,62640.20,62668.30,343.242
1783248300000,62668.20,62737.90,62659.00,62737.60,365.540
1783249200000,62737.60,62799.90,62653.20,62678.70,552.496
1783250100000,62678.70,62678.70,62582.30,62602.70,474.623
1783251000000,62602.80,62699.10,62590.90,62677.20,388.649
1783251900000,62677.20,62709.10,62614.50,62630.00,358.794
1783252800000,62630.00,62632.90,62534.30,62599.00,570.984
1783253700000,62599.10,62732.80,62599.00,62728.20,571.860
1783254600000,62728.30,62752.00,62603.10,62682.20,912.837
1783255500000,62682.20,62720.00,62680.00,62718.20,205.282
1783256400000,62718.30,62795.00,62667.10,62708.00,511.270
1783257300000,62708.00,62743.00,62617.50,62665.10,459.468
1783258200000,62665.10,62732.60,62648.60,62721.30,289.109
1783259100000,62721.40,62797.90,62721.00,62769.90,783.849
1783260000000,62769.90,62793.60,62682.00,62715.40,502.548
1783260900000,62715.50,62715.50,62642.30,62684.80,423.560
1783261800000,62684.80,62759.90,62621.50,62707.40,396.524
1783262700000,62707.50,62792.00,62680.80,62785.30,386.742
1783263600000,62785.20,62923.70,62757.70,62785.80,2034.407
1783264500000,62785.80,62797.00,62701.60,62741.40,614.422
1783265400000,62741.50,62880.00,62662.20,62670.20,968.135
1783266300000,62670.30,62735.40,62646.90,62711.90,448.943
1783267200000,62711.90,62745.60,62667.00,62686.90,514.957
1783268100000,62686.80,62702.80,62577.50,62596.80,823.874
1783269000000,62596.70,62646.90,62583.80,62600.00,1082.698
1783269900000,62600.00,62634.50,62570.00,62612.00,613.386
1783270800000,62612.00,62717.70,62612.00,62688.60,626.657
1783271700000,62688.60,62800.00,62656.90,62662.00,614.188
1783272600000,62662.00,62685.20,62571.30,62579.60,413.640
1783273500000,62579.60,62647.20,62564.40,62601.30,433.086
1783274400000,62601.40,62665.10,62587.80,62630.00,526.342
1783275300000,62630.00,62697.00,62630.00,62657.60,284.488
1783276200000,62657.60,62738.00,62651.00,62734.40,294.874
1783277100000,62734.50,62865.00,62703.90,62787.60,798.998
1783278000000,62787.60,62840.00,62745.00,62812.80,490.558
1783278900000,62812.70,62848.50,62691.20,62757.00,388.939
1783279800000,62756.90,62809.90,62734.00,62772.90,224.669
1783280700000,62772.80,62806.00,62732.90,62744.00,172.394
1783281600000,62744.10,62815.10,62738.40,62793.10,314.651
1783282500000,62793.10,62796.60,62667.50,62698.50,255.680
1783283400000,62698.50,62717.60,62670.00,62716.10,147.623
1783284300000,62716.10,62734.70,62704.70,62704.70,144.286
1783285200000,62704.80,62736.00,62580.00,62712.00,817.944
1783286100000,62711.90,62920.00,62695.60,62889.60,924.023
1783287000000,62889.60,63034.50,62863.50,63003.40,1288.007
1783287900000,63003.50,63224.70,62914.60,63070.40,3257.600
1783288800000,63070.40,63200.80,62976.30,63200.80,1865.497
1783289700000,63200.70,63720.40,63168.80,63698.40,9837.858
1783290600000,63698.30,63979.30,63520.30,63545.80,6986.987
1783291500000,63545.90,63727.30,63540.00,63717.10,1902.069
1783292400000,63717.10,63969.00,63687.40,63953.30,2981.760
1783293300000,63953.30,63990.70,63646.20,63648.20,3019.786
1783294200000,63648.20,63700.00,63591.90,63669.30,1250.022
1783295100000,63669.20,63669.20,63542.80,63617.10,1286.331
1783296000000,63617.20,63699.90,63453.20,63575.90,1959.123
1783296900000,63575.90,63686.90,63377.30,63382.80,2020.178
1783297800000,63382.80,63627.60,63308.30,63577.30,1910.482
1783298700000,63577.20,63760.00,63577.20,63728.40,1836.506
1783299600000,63728.30,63839.60,63658.30,63788.00,1313.006
1783300500000,63788.00,63826.60,63575.00,63709.10,1012.919
1783301400000,63709.10,63900.00,63663.00,63690.10,1375.471
1783302300000,63690.10,63690.10,63520.00,63544.20,1210.339
1783303200000,63544.10,63644.10,63381.40,63425.30,1765.526
1783304100000,63425.30,63636.00,63410.00,63496.20,1038.981
1783305000000,63496.20,63604.80,63356.50,63363.70,1250.320
1783305900000,63363.80,63464.30,63340.40,63425.10,976.664
1783306800000,63425.10,63478.40,63368.00,63385.00,561.064
1783307700000,63384.90,63400.90,63164.30,63198.80,2470.891
1783308600000,63198.90,63298.20,63101.20,63180.50,2412.011
1783309500000,63180.50,63273.00,63160.00,63273.00,666.822
1783310400000,63272.90,63364.80,63203.60,63312.00,826.213
1783311300000,63312.00,63337.40,63154.60,63202.40,829.408
1783312200000,63202.40,63368.30,63163.10,63280.10,759.016
1783313100000,63280.20,63329.30,63200.00,63242.90,351.342
1783314000000,63242.80,63242.80,63133.40,63174.40,656.145
1783314900000,63174.50,63214.00,62962.10,62977.40,2645.816
1783315800000,62977.40,63135.10,62912.60,63078.10,2066.481
1783316700000,63078.00,63142.90,63054.00,63086.00,748.078
1783317600000,63086.00,63125.60,63011.10,63092.80,747.388
1783318500000,63092.80,63121.80,62962.00,63003.20,747.012
1783319400000,63003.20,63079.20,62940.00,63049.20,1206.511
1783320300000,63049.20,63059.00,62953.70,62962.60,665.185
1783321200000,62962.60,62962.70,62858.40,62940.50,1731.197
1783322100000,62940.50,63010.70,62922.40,62938.30,815.031
1783323000000,62938.30,63094.90,62888.00,63079.90,953.140
1783323900000,63079.90,63102.70,63045.00,63064.50,708.783
1783324800000,63064.50,63226.40,62980.00,63033.60,2322.592
1783325700000,63033.50,63075.60,62960.10,63051.50,626.279
1783326600000,63051.50,63051.50,62807.10,62881.90,1659.290
1783327500000,62881.70,62929.50,62860.00,62876.10,619.768
1783328400000,62876.00,62893.90,62820.30,62835.10,688.665
1783329300000,62835.10,62862.90,62717.00,62731.30,1690.325
1783330200000,62731.20,62749.90,62610.00,62670.00,2592.836
1783331100000,62670.00,62681.80,62611.50,62646.60,1009.580
1783332000000,62646.50,62827.40,62641.50,62813.60,1727.232
1783332900000,62813.70,62861.60,62813.70,62861.30,887.207
1783333800000,62861.20,63019.30,62850.00,62901.70,2001.999
1783334700000,62901.80,62904.50,62781.00,62797.60,871.812
1783335600000,62797.70,62861.80,62774.70,62776.80,608.111
1783336500000,62776.80,62906.20,62755.40,62860.60,750.058
1783337400000,62860.70,62978.30,62848.30,62936.50,802.745
1783338300000,62936.50,62979.40,62461.40,62461.40,8751.608
1783339200000,62461.20,62467.20,61839.20,61966.70,19640.902
1783340100000,61966.60,62141.70,61881.50,62057.30,4804.767
1783341000000,62057.20,62182.00,61742.90,61787.70,5222.922
1783341900000,61787.70,61891.30,61652.00,61733.60,5191.689
1783342800000,61733.60,61810.40,61570.00,61614.70,5036.317
1783343700000,61614.70,61692.60,61403.10,61434.70,4961.911
1783344600000,61434.70,61643.60,61297.00,61629.10,7995.491
1783345500000,61629.20,62023.80,61596.40,61751.70,7793.532
1783346400000,61751.70,61970.00,61724.00,61914.80,2862.918
1783347300000,61914.70,62397.30,61679.40,62054.00,7964.623
1783348200000,62053.90,62199.90,61927.20,62016.00,3477.427
1783349100000,62016.00,62041.90,61854.20,62019.70,1976.543
1783350000000,62019.70,62560.00,62019.70,62450.20,5534.354
1783350900000,62450.20,62528.00,62268.00,62427.80,4424.936
1783351800000,62427.80,62924.60,62244.10,62883.90,5293.064
1783352700000,62883.80,63531.10,62773.00,63523.10,13554.660
1783353600000,63523.00,63850.00,63356.80,63718.30,9585.906
1783354500000,63718.30,63773.70,63378.50,63442.70,6135.362
1783355400000,63442.60,63785.60,63434.10,63719.80,3530.495
1783356300000,63719.80,63772.90,63634.70,63710.40,1955.421
1783357200000,63710.40,63929.50,63645.70,63827.30,3852.363
1783358100000,63827.30,63977.90,63800.00,63861.30,2420.792
1783359000000,63861.40,63924.00,63636.80,63684.40,2505.811
1783359900000,63684.30,63740.00,63539.90,63565.20,2590.901
1783360800000,63565.20,63743.90,63532.80,63670.60,1915.828
1783361700000,63670.70,63867.50,63586.80,63735.30,1269.554
1783362600000,63735.40,63827.90,63671.60,63774.00,842.100
1783363500000,63774.00,63799.00,63660.90,63675.70,625.525
1783364400000,63675.80,63739.80,63628.00,63723.30,747.593
1783365300000,63723.20,63874.40,63711.80,63814.60,1248.579
1783366200000,63814.50,63833.30,63737.10,63819.70,501.546
1783367100000,63819.80,63854.70,63676.70,63709.80,961.380
1783368000000,63709.90,63729.80,63560.00,63580.20,1487.196
1783368900000,63580.30,63741.30,63573.50,63735.00,971.627
1783369800000,63735.00,63866.40,63726.20,63805.80,849.353
1783370700000,63805.70,63868.00,63752.00,63798.00,685.216
1783371600000,63798.10,64691.90,63781.70,64287.50,10807.720
1783372500000,64287.40,64355.60,64169.10,64193.20,2408.978
1783373400000,64193.20,64302.30,64124.10,64200.00,1591.667
1783374300000,64200.00,64517.60,64141.80,64475.90,3097.133
1783375200000,64475.90,64488.80,64267.90,64346.10,1277.554
1783376100000,64346.00,64463.30,64174.40,64195.10,1075.239
1783377000000,64195.10,64215.10,64150.00,64188.10,647.571
1783377900000,64188.20,64280.00,64129.40,64227.20,777.247
1783378800000,64227.20,64330.50,64200.00,64255.60,734.486
1783379700000,64255.50,64268.80,64069.20,64076.80,796.896
1783380600000,64076.80,64161.70,64040.00,64048.70,563.163
1783381500000,64048.80,64103.60,64002.00,64023.60,750.385
1783382400000,64023.50,64083.00,63989.90,64009.50,986.915
1783383300000,64009.50,64298.10,63981.60,64222.80,1275.436
1783384200000,64222.90,64233.40,63994.60,64059.90,1448.585
1783385100000,64060.00,64255.00,64053.50,64175.20,805.155
1783386000000,64175.10,64175.20,63853.80,63949.80,2328.410
1783386900000,63949.80,64029.80,63877.60,63925.20,803.568
1783387800000,63925.20,63950.00,63738.90,63929.90,2495.611
1783388700000,63929.90,63995.40,63796.40,63815.00,1029.329
1783389600000,63815.00,63884.10,63755.20,63798.70,1040.557
1783390500000,63798.70,63855.00,63544.10,63544.10,4833.369
1783391400000,63544.20,63576.60,63388.30,63569.40,2997.583
1783392300000,63569.40,63591.60,63257.00,63298.20,3140.241
1783393200000,63298.20,63412.80,63225.10,63300.00,2089.972
1783394100000,63300.10,63350.80,63205.40,63263.80,1967.574
1783395000000,63263.70,63328.70,63151.40,63187.90,1335.783
1783395900000,63187.90,63187.90,63122.00,63165.00,1044.846
1783396800000,63164.90,63239.10,63117.00,63165.00,1371.772
1783397700000,63165.00,63255.80,63133.40,63233.30,1161.301
1783398600000,63233.40,63266.70,63120.80,63122.20,1272.271
1783399500000,63122.20,63140.00,63030.70,63069.00,1712.019
1783400400000,63069.00,63089.90,62745.60,62790.30,3670.279
1783401300000,62790.20,62977.40,62780.30,62913.40,2192.625
1783402200000,62913.40,63164.60,62912.90,63138.00,2557.031
1783403100000,63138.00,63232.70,63091.40,63092.50,1726.953
1783404000000,63092.40,63200.00,62954.40,63012.70,1536.437
1783404900000,63012.70,63149.90,63012.70,63133.10,777.147
1783405800000,63133.10,63263.10,63106.40,63237.20,1933.627
1783406700000,63237.30,63373.30,63215.20,63310.00,2172.942
1783407600000,63309.90,63424.20,63275.00,63364.80,1360.630
1783408500000,63364.80,63378.40,63205.10,63216.90,1169.854
1783409400000,63216.90,63249.80,63062.00,63126.80,1866.604
1783410300000,63126.80,63163.50,63050.00,63062.60,911.883
1783411200000,63062.70,63165.70,63004.70,63096.70,1050.141
1783412100000,63096.60,63147.60,63026.40,63060.10,809.641
1783413000000,63060.10,63090.90,62958.40,63073.60,759.948
1783413900000,63073.70,63117.00,63000.00,63074.00,626.411
1783414800000,63074.00,63219.90,63030.00,63214.80,1272.836
1783415700000,63214.70,63220.80,63141.00,63141.10,704.267
1783416600000,63141.00,63271.00,63120.10,63264.80,907.543
1783417500000,63264.80,63317.40,63203.80,63226.90,1100.351
1783418400000,63227.00,63429.00,63222.40,63329.40,1864.665
1783419300000,63329.50,63432.80,63272.90,63276.30,1051.086
1783420200000,63276.30,63280.70,63185.40,63250.30,1071.890
1783421100000,63250.30,63259.40,63202.60,63258.60,441.704
1783422000000,63258.60,63258.60,63080.00,63127.30,1429.577
1783422900000,63127.30,63208.10,63093.70,63146.90,484.401
1783423800000,63146.90,63236.00,63098.40,63235.90,668.344
1783424700000,63235.90,63427.80,63235.90,63377.70,2087.066
1783425600000,63377.80,63868.00,63365.70,63795.00,6787.674
1783426500000,63794.90,63795.00,63609.60,63677.50,1770.910
1783427400000,63677.40,63677.50,63460.80,63585.10,1713.802
1783428300000,63585.10,63585.20,63420.50,63451.90,1035.585
1783429200000,63451.80,63455.40,63243.00,63309.20,1855.776
1783430100000,63309.20,63343.40,63051.10,63093.90,2500.192
1783431000000,63093.90,63232.10,62960.30,63145.10,4809.833
1783431900000,63145.20,63389.00,62984.10,63033.20,4344.324
1783432800000,63033.30,63242.80,62842.00,62958.40,4196.058
1783433700000,62958.50,63127.70,62899.90,63124.10,3419.310
1783434600000,63124.10,63229.00,62638.00,62919.60,5903.200
1783435500000,62919.50,63617.80,62919.50,63536.50,6068.283
1783436400000,63536.50,63609.20,63349.40,63488.80,3342.208
1783437300000,63488.70,63773.30,63464.10,63718.40,3066.513
1783438200000,63718.40,63960.90,63639.00,63816.30,4688.802
1783439100000,63816.30,64096.00,63816.30,63910.00,4730.339
1783440000000,63910.00,64018.00,63785.80,63852.50,2450.471
1783440900000,63852.50,64049.90,63780.30,63971.30,2333.740
1783441800000,63971.30,64068.60,63905.60,64027.60,1047.497
1783442700000,64027.60,64234.10,63952.00,63962.40,2653.775
1783443600000,63962.40,64115.20,63938.80,63995.30,1160.983
1783444500000,63995.40,64137.90,63868.20,64123.10,1447.009
1783445400000,64123.10,64211.00,64063.10,64210.20,987.375
1783446300000,64210.10,64210.20,64100.00,64164.70,841.956
1783447200000,64164.60,64168.80,63975.30,64000.00,1100.311
1783448100000,64000.00,64127.10,63946.90,63964.40,1270.881
1783449000000,63964.50,64070.20,63930.60,64070.20,759.518
1783449900000,64070.10,64118.80,63646.50,63653.80,3636.854
1783450800000,63653.60,63748.00,63500.10,63505.20,3473.165
1783451700000,63505.10,63662.90,63351.40,63572.40,2997.253
1783452600000,63572.50,63792.00,63572.50,63773.80,1207.728
1783453500000,63773.90,63873.20,63747.30,63794.90,1318.533
1783454400000,63794.90,63874.60,63663.80,63759.50,1404.431
1783455300000,63759.40,63789.00,63676.90,63707.60,527.823
1783456200000,63707.60,63717.30,63588.50,63652.00,542.129
1783457100000,63652.00,63677.40,63589.20,63668.30,386.512
1783458000000,63668.40,63839.90,63668.30,63754.90,700.741
1783458900000,63754.90,63754.90,63366.50,63497.60,1782.503
1783459800000,63497.50,63506.90,63264.00,63376.30,1841.762
1783460700000,63376.30,63496.40,63339.30,63399.50,1457.607
1783461600000,63399.50,63438.60,63177.00,63425.60,1750.511
1783462500000,63425.50,63487.80,63354.70,63431.40,695.679
1783463400000,63431.50,63635.40,63396.20,63577.90,953.014
1783464300000,63577.80,63577.80,63459.20,63514.90,567.355
1783465200000,63514.90,63639.30,63492.60,63609.60,556.767
1783466100000,63609.50,63679.50,63584.20,63624.20,417.224
1783467000000,63624.10,63630.90,63413.80,63413.80,498.369
1783467900000,63413.90,63425.00,63288.00,63335.40,857.373
1783468800000,63335.40,63487.00,63274.10,63467.60,944.348
1783469700000,63467.50,63650.40,63378.10,63580.30,1156.569
1783470600000,63580.20,63740.20,63516.40,63683.00,697.165
1783471500000,63683.00,63688.30,63553.20,63585.90,766.519
1783472400000,63585.90,63624.00,63438.30,63607.60,649.941
1783473300000,63607.60,63607.60,63394.00,63394.00,449.442
1783474200000,63394.10,63426.50,62883.60,63117.40,5351.419
1783475100000,63117.40,63189.90,62936.60,63003.70,1669.205
1783476000000,63003.70,63003.70,62779.70,62853.10,3388.262
1783476900000,62853.10,62958.40,62777.70,62854.20,1850.441
1783477800000,62854.20,62945.80,62466.90,62940.40,6240.923
1783478700000,62940.40,63037.10,62856.10,62951.30,1535.381
1783479600000,62951.40,63067.90,62936.10,63036.10,982.610
1783480500000,63036.20,63036.20,62938.00,63020.30,581.231
1783481400000,63020.30,63020.30,62885.00,62918.40,920.186
1783482300000,62918.40,62918.50,62666.00,62741.00,1671.325
1783483200000,62741.00,62831.00,62700.00,62769.30,1014.947
1783484100000,62769.40,62869.00,62766.00,62846.10,652.422
1783485000000,62846.10,62873.30,62680.50,62710.50,831.410
1783485900000,62710.50,62787.60,62643.60,62767.30,692.319
1783486800000,62766.90,62851.20,62717.00,62770.30,828.102
1783487700000,62770.20,62823.00,62688.00,62745.20,694.470
1783488600000,62745.20,62752.50,62585.10,62590.00,1273.311
1783489500000,62590.00,62660.90,62520.40,62613.80,1257.984
1783490400000,62613.80,62622.80,62530.70,62599.20,809.332
1783491300000,62599.20,62681.70,62434.90,62592.10,1923.608
1783492200000,62592.10,62608.20,62442.30,62513.60,1221.842
1783493100000,62513.60,62718.20,62495.80,62628.50,1143.283
1783494000000,62628.50,62724.10,62519.30,62715.00,1691.272
1783494900000,62715.00,62806.60,62643.10,62780.10,1800.844
1783495800000,62780.10,62850.00,62728.90,62797.30,1196.383
1783496700000,62797.30,62867.70,62769.90,62854.10,926.202
1783497600000,62854.10,62921.80,62756.20,62805.70,1719.090
1783498500000,62805.70,62823.80,62050.00,62053.00,9096.140
1783499400000,62052.90,62133.70,61821.00,62021.40,8352.540
1783500300000,62021.50,62311.30,61970.20,61989.80,4965.285
1783501200000,61989.80,62089.00,61855.70,61855.70,3221.662
1783502100000,61855.80,61912.70,61708.20,61909.80,4177.864
1783503000000,61909.90,62142.90,61906.80,62113.30,3082.866
1783503900000,62113.20,62113.50,62017.80,62031.70,910.136
1783504800000,62031.80,62069.20,61876.00,61976.20,1741.183
1783505700000,61976.30,62090.30,61950.00,62090.20,941.110
1783506600000,62090.20,62144.80,62034.50,62117.80,1338.545
1783507500000,62117.80,62164.70,62066.10,62149.80,1035.643
1783508400000,62149.90,62159.00,62040.10,62087.00,978.047
1783509300000,62086.90,62139.40,62025.20,62096.60,773.171
1783510200000,62096.50,62366.00,62053.30,62304.10,1818.857
1783511100000,62304.10,62328.60,62200.00,62270.00,1797.591
1783512000000,62270.00,62394.10,62173.00,62286.20,1860.765
1783512900000,62286.20,62341.90,62192.00,62252.00,736.019
1783513800000,62251.90,62275.20,62060.00,62074.90,1585.158
1783514700000,62074.90,62129.90,61933.00,61933.90,1809.271
1783515600000,61933.90,61977.40,61820.30,61892.30,2412.824
1783516500000,61892.30,61917.60,61733.30,61806.60,2048.338
1783517400000,61806.70,62073.60,61806.70,61935.80,3306.686
1783518300000,61935.90,61941.40,61615.00,61923.00,4777.260
1783519200000,61922.90,62122.60,61889.20,62016.10,3826.519
1783520100000,62016.10,62151.90,61800.00,61970.00,2659.802
1783521000000,61970.00,62012.20,61825.40,61887.10,1352.284
1783521900000,61887.10,62022.00,61686.70,61865.50,3021.507
1783522800000,61865.60,61900.50,61562.90,61590.00,2713.249
1783523700000,61590.00,61697.70,61520.00,61605.70,3203.108
1783524600000,61605.60,61780.00,61566.30,61599.90,2920.621
1783525500000,61600.00,61708.40,61569.30,61674.50,876.121
1783526400000,61674.60,61885.90,61666.00,61809.80,1879.928
1783527300000,61809.80,61966.20,61762.10,61890.00,1525.981
1783528200000,61890.00,62066.60,61758.20,62028.80,2500.150
1783529100000,62028.80,62129.80,61985.60,62086.40,1207.794
1783530000000,62086.30,62127.00,62005.20,62035.50,967.427
1783530900000,62035.50,62286.00,62021.60,62278.90,2002.988
1783531800000,62279.00,62372.70,62217.70,62240.20,2517.146
1783532700000,62240.10,62248.80,62030.10,62086.50,1412.402
1783533600000,62086.40,62288.00,62067.00,62269.10,1423.529
1783534500000,62269.10,62331.00,62161.30,62166.50,799.972
1783535400000,62166.40,62166.50,62014.10,62070.60,808.150
1783536300000,62070.70,62256.30,62050.90,62158.80,693.082
1783537200000,62158.90,62250.00,62070.00,62073.10,619.655
1783538100000,62073.20,62221.40,62043.00,62212.50,562.560
1783539000000,62212.50,62264.80,62181.20,62261.80,534.249
1783539900000,62261.80,62270.40,62096.30,62251.90,802.607
1783540800000,62251.90,62287.10,62155.40,62228.00,577.502
1783541700000,62228.10,62243.60,62118.80,62243.60,452.990
1783542600000,62243.60,62250.50,62080.80,62166.10,610.010
1783543500000,62166.10,62213.30,62051.20,62076.20,714.377
1783544400000,62076.20,62118.90,61926.90,61977.50,1454.541
1783545300000,61977.60,62078.60,61952.70,62078.50,582.080
1783546200000,62078.60,62126.90,62022.70,62070.00,1097.022
1783547100000,62069.40,62226.40,62043.60,62162.40,1328.549
1783548000000,62162.40,62331.80,62149.90,62183.40,1045.990
1783548900000,62183.40,62276.30,62144.40,62276.20,342.146
1783549800000,62276.30,62308.80,62204.00,62294.70,514.279
1783550700000,62294.60,62307.60,62225.00,62303.50,323.837
1783551600000,62303.50,62320.60,62250.20,62298.60,418.752
1783552500000,62298.60,62298.60,62174.40,62233.40,588.055
1783553400000,62233.40,62238.00,62139.30,62229.20,525.834
1783554300000,62229.20,62298.70,62192.20,62255.30,390.181
1783555200000,62255.10,62284.40,62118.60,62210.40,929.964
1783556100000,62210.40,62229.40,62080.00,62165.40,686.186
1783557000000,62165.40,62258.90,62055.00,62174.80,702.267
1783557900000,62174.70,62219.90,62025.40,62101.80,705.380
1783558800000,62101.80,62620.20,62083.70,62374.70,3820.210
1783559700000,62374.80,62522.00,62327.20,62365.60,1541.548
1783560600000,62365.60,62387.10,62027.20,62091.30,2255.453
1783561500000,62091.20,62094.00,61796.10,61882.20,2746.738
1783562400000,61882.20,62063.70,61775.00,62048.30,1649.062
1783563300000,62048.30,62098.00,61919.00,61979.10,971.050
1783564200000,61979.00,62007.20,61767.50,61780.10,967.447
1783565100000,61780.10,61821.50,61666.00,61753.70,1402.322
1783566000000,61753.80,61836.50,61693.10,61825.40,1052.428
1783566900000,61825.40,61923.00,61704.30,61888.00,962.255
1783567800000,61888.00,62042.70,61846.30,61950.00,908.795
1783568700000,61950.00,61978.70,61879.10,61943.10,485.256
1783569600000,61943.20,62068.00,61929.00,62000.00,1055.839
1783570500000,62000.00,62091.90,61978.30,62063.40,429.141
1783571400000,62063.30,62277.00,62056.90,62276.90,1494.410
1783572300000,62277.00,62427.70,62247.70,62420.40,2198.134
1783573200000,62420.30,62599.60,62321.80,62474.20,3145.466
1783574100000,62474.30,62511.90,62231.50,62278.50,2165.370
1783575000000,62278.50,62382.90,62204.90,62352.90,1013.208
1783575900000,62352.80,62565.90,62326.90,62565.80,1438.920
1783576800000,62565.80,62750.00,62452.10,62505.10,3031.009
1783577700000,62505.10,62857.40,62466.70,62799.00,3591.144
1783578600000,62799.00,62831.10,62725.40,62829.90,1820.878
1783579500000,62830.00,62958.00,62787.60,62934.00,2301.728
1783580400000,62933.90,63158.60,62804.70,62918.30,4834.385
1783581300000,62918.40,63067.40,62821.30,62889.40,2061.889
1783582200000,62889.40,63022.80,62774.50,63014.90,1723.936
1783583100000,63014.80,63286.50,62933.30,62973.70,3327.017
1783584000000,62973.60,62998.90,62885.10,62929.30,1322.796
1783584900000,62929.30,63028.50,62900.80,63020.10,946.921
1783585800000,63020.10,63083.90,62947.10,63010.70,895.230
1783586700000,63010.70,63015.20,62822.80,62872.60,1235.146
1783587600000,62872.60,62920.50,62786.50,62837.70,816.554
1783588500000,62837.70,62913.00,62793.70,62895.70,924.112
1783589400000,62895.60,62980.40,62753.10,62777.40,1188.931
1783590300000,62777.40,62943.40,62761.70,62925.00,688.412
1783591200000,62925.00,63030.50,62877.80,62979.50,879.386
1783592100000,62979.60,62990.00,62843.20,62854.20,452.782
1783593000000,62854.30,62922.30,62823.60,62877.30,537.190
1783593900000,62877.30,62877.30,62653.80,62757.20,1847.493
1783594800000,62757.20,62804.80,62720.60,62775.40,740.499
1783595700000,62775.30,62775.30,62626.20,62680.00,1162.803
1783596600000,62680.00,62708.80,62583.40,62631.00,1939.420
1783597500000,62630.90,62794.90,62589.00,62756.00,1297.602
1783598400000,62755.90,62858.80,62626.80,62750.10,1376.151
1783599300000,62750.00,62824.70,62569.40,62783.50,9605.929
1783600200000,62783.50,62934.30,62545.50,62587.80,5980.798
1783601100000,62587.90,62645.60,62428.50,62583.30,2523.422
1783602000000,62583.30,62897.00,62583.20,62844.40,1581.166
1783602900000,62844.50,62848.90,62661.00,62703.40,1171.910
1783603800000,62703.40,62943.20,62490.20,62943.20,2891.425
1783604700000,62943.20,63215.00,62783.40,62999.90,3844.695
1783605600000,63000.00,63117.90,62826.80,62893.90,1852.836
1783606500000,62893.80,62893.80,62620.10,62852.90,2906.446
1783607400000,62853.00,62973.60,62713.00,62885.30,1240.281
1783608300000,62885.20,63023.10,62784.10,62982.50,1114.225
1783609200000,62982.40,63174.90,62889.80,63065.30,2157.344
1783610100000,63065.30,63233.00,62911.00,62961.70,2444.415
1783611000000,62961.80,63062.00,62838.20,62947.70,1248.315
1783611900000,62947.80,63023.70,62782.50,62835.40,1091.164
1783612800000,62835.40,62969.30,62798.00,62823.80,791.574
1783613700000,62823.80,62856.00,62525.20,62681.80,2813.532
1783614600000,62681.90,62768.50,62654.50,62706.20,867.570
1783615500000,62706.20,62716.30,62580.40,62670.70,851.502
1783616400000,62670.70,62777.80,62640.20,62681.20,665.055
1783617300000,62681.20,62830.70,62680.10,62815.80,646.559
1783618200000,62815.70,63029.50,62730.10,63004.50,2562.388
1783619100000,63004.60,63146.00,62991.60,63114.70,1618.866
1783620000000,63114.80,63484.90,63041.90,63367.00,5073.163
1783620900000,63367.10,63397.60,63222.30,63363.90,2506.647
1783621800000,63363.80,63400.10,63235.60,63298.80,1438.150
1783622700000,63298.80,63333.00,63163.00,63199.80,1016.960
1783623600000,63199.90,63253.90,63164.60,63188.00,835.497
1783624500000,63187.90,63258.20,63130.00,63240.80,619.762
1783625400000,63240.80,63356.50,63201.00,63339.00,780.635
1783626300000,63339.00,63365.00,63201.10,63222.90,745.474
1783627200000,63222.90,63264.00,63148.10,63171.30,774.536
1783628100000,63171.20,63299.90,63161.20,63255.60,364.845
1783629000000,63255.60,63300.00,63223.70,63288.80,448.766
1783629900000,63288.90,63300.00,63217.50,63288.70,266.338
1783630800000,63288.80,63371.70,63254.30,63290.90,751.906
1783631700000,63291.00,63321.00,63215.60,63225.50,308.957
1783632600000,63225.60,63253.80,63162.70,63205.40,417.455
1783633500000,63205.50,63263.90,63192.40,63248.90,408.668
1783634400000,63249.00,63317.30,63206.60,63222.30,531.382
1783635300000,63222.20,63353.10,63222.20,63315.50,599.122
1783636200000,63315.50,63395.90,63232.70,63333.00,685.143
1783637100000,63333.00,63369.70,63180.90,63186.10,916.412
1783638000000,63186.20,63227.40,63145.50,63149.00,531.394
1783638900000,63149.00,63299.90,63032.20,63198.30,1541.676
1783639800000,63198.30,63276.50,63124.30,63260.00,678.194
1783640700000,63260.00,63298.70,63197.00,63197.00,471.531
1783641600000,63197.10,63239.20,63100.00,63200.00,965.041
1783642500000,63200.00,63230.00,63044.10,63075.90,656.316
1783643400000,63075.80,63148.80,62897.00,63020.10,2712.870
1783644300000,63020.00,63094.10,62966.30,63085.30,627.150
1783645200000,63085.30,63108.10,62931.70,63105.00,783.960
1783646100000,63105.00,63378.20,63104.00,63374.00,1588.669
1783647000000,63374.10,63436.00,63303.20,63362.30,1284.366
1783647900000,63362.40,63938.80,63351.80,63726.60,8304.058
1783648800000,63726.70,63864.00,63662.60,63844.90,2665.010
1783649700000,63844.90,63926.10,63780.00,63785.20,1145.557
1783650600000,63785.10,63897.60,63741.70,63840.70,1067.410
1783651500000,63840.70,64022.00,63811.50,63935.00,2740.380
1783652400000,63935.00,63959.40,63815.90,63897.20,1142.122
1783653300000,63897.30,63897.30,63812.40,63820.50,683.140
1783654200000,63820.50,63915.00,63789.00,63910.70,838.556
1783655100000,63910.80,64019.70,63878.20,63917.20,1378.104
1783656000000,63917.30,64000.00,63904.80,63944.90,991.496
1783656900000,63944.80,64032.00,63856.00,63859.10,928.580
1783657800000,63859.10,64137.50,63826.40,64070.00,2733.013
1783658700000,64070.00,64168.00,64003.00,64019.30,1444.174
1783659600000,64019.20,64019.30,63924.90,63957.20,981.644
1783660500000,63957.20,63989.80,63915.00,63950.00,477.605
1783661400000,63950.10,64185.00,63934.60,64154.40,1711.812
1783662300000,64154.40,64157.90,64051.60,64090.00,1032.841
1783663200000,64089.90,64138.70,64000.50,64006.10,897.551
1783664100000,64006.00,64019.30,63837.30,63881.70,1297.468
1783665000000,63881.70,63923.60,63817.10,63861.30,1367.906
1783665900000,63861.40,63900.00,63804.40,63832.80,1109.401
1783666800000,63832.80,63895.50,63765.50,63895.40,1516.768
1783667700000,63895.40,63980.00,63829.00,63939.70,1524.628
1783668600000,63939.60,63939.60,63884.70,63927.10,692.052
1783669500000,63927.00,63980.00,63900.00,63956.10,1009.833
1783670400000,63956.10,64017.30,63949.10,63999.90,1060.989
1783671300000,63999.80,64387.90,63999.80,64310.00,7034.742
1783672200000,64310.00,64348.80,64146.80,64173.80,2212.356
1783673100000,64173.80,64261.40,64100.60,64211.40,1728.518
1783674000000,64211.50,64231.90,64065.70,64183.00,2735.664
1783674900000,64183.10,64388.00,64173.70,64388.00,1710.652
1783675800000,64388.00,64448.00,64330.40,64439.30,2879.420
1783676700000,64439.20,64459.90,64352.40,64360.40,1062.213
1783677600000,64360.40,64381.80,64244.60,64275.10,1090.357
1783678500000,64275.20,64410.00,64255.00,64405.80,1066.828
1783679400000,64405.80,64478.30,64339.50,64449.80,1398.954
1783680300000,64449.80,64469.00,64374.00,64374.00,861.817
1783681200000,64374.00,64450.00,64363.30,64418.80,646.147
1783682100000,64418.90,64444.90,64328.80,64394.50,659.646
1783683000000,64394.50,64394.60,64309.00,64367.10,721.110
1783683900000,64367.00,64450.30,64354.90,64394.20,692.524
1783684800000,64394.20,64587.90,64297.90,64513.90,3144.853
1783685700000,64513.90,64517.90,64340.00,64465.90,1329.239
1783686600000,64465.90,64492.00,64323.00,64330.60,1003.477
1783687500000,64330.60,64358.60,64236.30,64258.90,1002.925
1783688400000,64258.90,64320.20,64213.00,64219.90,1018.604
1783689300000,64219.80,64255.70,64127.00,64138.60,1913.675
1783690200000,64138.70,64423.70,64128.20,64355.40,2286.677
1783691100000,64355.30,64680.00,64348.10,64453.70,4472.825
1783692000000,64453.60,64491.80,64168.00,64187.30,2206.182
1783692900000,64187.20,64232.40,63921.30,64111.10,4333.911
1783693800000,64111.00,64307.20,63768.00,64078.60,5281.589
1783694700000,64078.60,64123.30,63871.20,63897.90,1838.765
1783695600000,63897.90,64059.90,63875.50,63962.20,2149.265
1783696500000,63962.20,64196.10,63962.10,64118.40,1225.718
1783697400000,64118.50,64143.50,63917.40,63932.40,896.402
1783698300000,63932.40,64028.00,63911.00,64018.70,990.835
1783699200000,64018.70,64067.90,63929.30,64035.50,1055.807
1783700100000,64035.50,64147.90,63968.40,63984.30,816.601
1783701000000,63984.20,64015.90,63802.40,63920.00,1173.705
1783701900000,63920.00,64208.10,63890.40,64118.90,1384.963
1783702800000,64118.90,64139.60,63924.60,63940.10,771.930
1783703700000,63940.00,63998.70,63842.00,63955.20,732.356
1783704600000,63955.20,63955.30,63830.00,63863.40,740.887
1783705500000,63863.40,63920.10,63803.60,63804.00,743.729
1783706400000,63804.10,63990.00,63804.10,63869.20,807.637
1783707300000,63869.10,63951.50,63826.70,63903.00,490.959
1783708200000,63902.90,63926.30,63845.00,63865.60,386.282
1783709100000,63865.60,63865.60,63718.10,63792.00,1073.787
1783710000000,63792.00,63883.20,63763.60,63861.40,598.254
1783710900000,63861.50,63905.60,63755.80,63842.40,475.939
1783711800000,63842.30,64029.90,63825.80,63963.40,1357.275
1783712700000,63963.40,64000.00,63883.70,63900.40,1066.875
1783713600000,63900.40,63909.20,63810.00,63810.10,1294.977
1783714500000,63810.10,63886.20,63619.90,63708.30,3933.940
1783715400000,63708.40,63885.10,63691.50,63862.60,1161.101
1783716300000,63862.50,63862.60,63820.00,63820.00,308.918
1783717200000,63820.10,63958.70,63813.60,63926.30,770.576
1783718100000,63926.20,63998.00,63911.10,63985.50,571.099
1783719000000,63985.50,64086.40,63966.00,64016.90,705.950
1783719900000,64016.80,64016.90,63960.00,63987.60,370.267
1783720800000,63987.70,64033.00,63953.90,64021.50,324.685
1783721700000,64021.50,64129.00,63986.30,64100.80,825.620
1783722600000,64100.70,64135.00,64100.00,64101.20,516.514
1783723500000,64101.10,64142.70,64050.40,64089.90,1147.983
1783724400000,64089.80,64092.90,63989.20,64092.90,711.662
1783725300000,64092.80,64176.90,64079.20,64161.10,622.849
1783726200000,64161.20,64176.90,64128.20,64168.10,401.363
1783727100000,64168.00,64170.60,64086.40,64129.50,487.207
1783728000000,64129.50,64137.10,64031.20,64037.00,886.488
1783728900000,64037.00,64100.00,64000.00,64075.50,349.302
1783729800000,64075.50,64118.00,64018.00,64118.00,269.138
1783730700000,64118.00,64118.00,64058.00,64090.10,226.956
1783731600000,64090.10,64131.00,64066.70,64103.80,253.807
1783732500000,64103.90,64288.70,64095.10,64200.10,1061.725
1783733400000,64200.10,64235.00,63969.90,64019.40,1101.425
1783734300000,64019.40,64080.00,63970.60,63979.20,349.175
1783735200000,63979.10,64032.90,63950.10,63974.00,516.609
1783736100000,63973.90,64045.80,63964.30,64004.30,308.401
1783737000000,64004.40,64120.30,64000.30,64113.10,314.456
1783737900000,64113.00,64137.80,64103.60,64130.50,293.543
1783738800000,64130.50,64160.00,64084.00,64154.70,234.772
1783739700000,64154.60,64169.10,64037.40,64086.00,754.533
1783740600000,64086.00,64158.50,64086.00,64129.20,159.705
1783741500000,64129.20,64160.00,64117.10,64117.20,202.110
1783742400000,64117.20,64117.30,64053.80,64087.50,229.165
1783743300000,64087.50,64140.10,64047.20,64108.50,229.396
1783744200000,64108.50,64182.00,64102.10,64121.00,340.417
1783745100000,64121.00,64140.10,64085.80,64123.40,227.886
1783746000000,64123.40,64169.40,64085.20,64134.60,390.224
1783746900000,64134.60,64172.70,64105.20,64166.80,252.162
1783747800000,64166.80,64198.80,64129.80,64152.40,547.843
1783748700000,64152.40,64168.80,64110.10,64141.60,461.809
1783749600000,64141.60,64179.90,64091.60,64149.20,283.907
1783750500000,64149.20,64250.00,64149.20,64194.30,502.750
1783751400000,64194.30,64238.70,64183.70,64183.70,342.674
1783752300000,64183.70,64213.50,64167.20,64186.70,293.612
1783753200000,64186.70,64197.70,64141.60,64184.10,278.279
1783754100000,64184.00,64224.00,64160.40,64188.50,342.122
1783755000000,64188.40,64209.00,64146.90,64147.00,300.102
1783755900000,64146.90,64146.90,64120.60,64132.60,306.764
1783756800000,64132.60,64224.00,64123.00,64201.20,616.542
1783757700000,64201.30,64241.60,64194.90,64219.20,336.646
1783758600000,64219.20,64280.00,64209.80,64255.10,437.289
1783759500000,64255.10,64255.20,64203.50,64239.60,236.782
1783760400000,64239.60,64248.80,64185.60,64190.10,196.202
1783761300000,64190.20,64245.00,64190.10,64245.00,179.871
1783762200000,64244.90,64272.70,64165.30,64165.30,480.395
1783763100000,64165.30,64165.40,64129.00,64143.00,490.981
1783764000000,64143.10,64185.00,64131.50,64180.40,303.427
1783764900000,64180.40,64180.40,64123.60,64159.10,314.718
1783765800000,64159.20,64162.80,64110.20,64115.60,409.475
1783766700000,64115.60,64169.30,64115.60,64163.90,238.596
1783767600000,64163.90,64192.80,64147.20,64190.20,234.548
1783768500000,64190.20,64190.20,64146.30,64154.10,153.089
1783769400000,64154.00,64192.70,64152.10,64162.30,175.561
1783770300000,64162.40,64178.60,64153.70,64176.00,198.606
1783771200000,64176.10,64200.00,64132.00,64192.00,336.450
1783772100000,64192.00,64207.00,64145.30,64154.40,263.910
1783773000000,64154.50,64154.50,64112.00,64118.40,376.555
1783773900000,64118.30,64174.20,64118.30,64168.40,219.371
1783774800000,64168.50,64184.20,64146.00,64165.80,304.495
1783775700000,64165.80,64194.30,64144.40,64173.30,299.805
1783776600000,64173.30,64245.40,64166.20,64219.60,443.861
1783777500000,64219.70,64244.10,64208.10,64213.90,447.337
1783778400000,64213.90,64253.70,64213.90,64238.10,316.068
1783779300000,64238.00,64431.40,64238.00,64358.90,1873.349
1783780200000,64358.90,64497.40,64358.90,64396.00,1477.865
1783781100000,64395.90,64410.20,64320.10,64321.00,612.884
1783782000000,64321.00,64461.40,64315.00,64433.50,795.354
1783782900000,64433.50,64453.00,64378.00,64402.40,576.557
1783783800000,64402.40,64430.00,63668.80,64066.30,8315.091
1783784700000,64066.40,64164.10,63973.40,64139.00,2016.969
1783785600000,64139.10,64188.00,64050.40,64156.90,946.124
1783786500000,64156.80,64199.90,64116.10,64188.70,516.360
1783787400000,64188.70,64245.30,64083.30,64114.00,653.490
1783788300000,64114.00,64154.20,64070.00,64148.20,405.762
1783789200000,64148.10,64200.00,64133.40,64175.00,272.752
1783790100000,64174.90,64279.20,64160.90,64273.00,514.385
1783791000000,64272.90,64375.80,64271.40,64329.90,1147.183
1783791900000,64329.80,64356.50,64286.40,64289.80,365.271
1783792800000,64289.80,64320.00,64258.10,64279.10,374.344
1783793700000,64279.20,64368.60,64279.10,64314.60,341.221
1783794600000,64314.60,64335.20,64293.40,64327.20,166.974
1783795500000,64327.30,64327.30,64260.10,64299.70,176.690
1783796400000,64299.70,64299.80,64264.00,64289.90,166.898
1783797300000,64289.80,64313.10,64206.60,64206.60,390.537
1783798200000,64206.70,64257.00,64205.70,64246.20,241.707
1783799100000,64246.10,64268.00,64233.20,64262.00,100.518
1783800000000,64261.90,64326.20,64261.90,64300.90,201.347
1783800900000,64300.80,64340.20,64300.80,64328.70,151.290
1783801800000,64328.70,64438.90,64317.00,64388.70,659.362
1783802700000,64388.80,64399.00,64352.00,64353.20,206.354
1783803600000,64353.30,64404.70,64320.00,64320.00,316.780
1783804500000,64320.00,64367.60,64318.70,64338.90,140.130
1783805400000,64339.00,64348.70,64315.00,64325.60,283.934
1783806300000,64325.70,64358.20,64310.00,64325.50,165.421
1783807200000,64325.50,64405.20,64305.00,64334.00,444.461
1783808100000,64334.00,64336.30,64171.10,64223.00,783.366
1783809000000,64222.90,64281.80,64154.10,64191.00,452.613
1783809900000,64191.10,64200.00,64110.50,64169.10,533.827
1783810800000,64169.10,64223.20,64058.30,64101.40,552.010
1783811700000,64101.40,64156.00,63781.50,63901.60,3036.617
1783812600000,63901.70,63935.10,63783.30,63925.90,1418.455
1783813500000,63925.90,63994.50,63776.00,63783.00,1258.806
1783814400000,63783.10,63884.90,63754.90,63763.00,1238.392
1783815300000,63763.00,63882.60,63735.00,63802.10,1151.214
1783816200000,63802.20,63837.10,63657.40,63768.20,1756.088
1783817100000,63768.20,63846.00,63739.00,63802.90,671.301
1783818000000,63802.90,63955.60,63783.00,63891.70,788.233
1783818900000,63891.70,63974.50,63863.20,63920.00,605.877
1783819800000,63920.00,64146.20,63892.00,64128.10,1379.517
1783820700000,64128.00,64136.40,64065.80,64106.00,704.470
1783821600000,64106.00,64106.10,64002.00,64026.10,694.293
1783822500000,64026.00,64112.70,64014.60,64090.20,405.203
1783823400000,64090.20,64094.60,64043.30,64058.00,344.048
1783824300000,64058.00,64099.20,64041.10,64049.20,304.911
1783825200000,64049.20,64100.00,64002.90,64072.70,342.698
1783826100000,64072.70,64135.00,64072.70,64109.90,386.847
1783827000000,64109.90,64200.00,64106.30,64151.50,771.099
1783827900000,64151.40,64217.80,64125.00,64201.80,642.349
1783828800000,64201.90,64238.00,64143.70,64154.30,616.776
1783829700000,64154.20,64190.80,64048.00,64054.50,518.767
1783830600000,64054.50,64055.20,63912.50,64002.60,863.663
1783831500000,64002.70,64002.70,63934.40,63974.30,506.859
1783832400000,63974.20,63998.60,63959.80,63962.00,224.699
1783833300000,63962.00,63962.10,63881.00,63881.90,931.147
1783834200000,63882.00,63959.10,63867.00,63942.20,453.588
1783835100000,63942.20,63980.10,63938.00,63938.00,312.859
1783836000000,63938.00,63938.00,63703.60,63720.20,1717.401
1783836900000,63720.10,63754.60,63602.80,63638.60,1759.227
1783837800000,63638.60,63760.10,63610.70,63748.90,1083.398
1783838700000,63749.00,63784.10,63690.10,63728.70,687.104
1783839600000,63728.60,63796.30,63708.20,63796.20,399.438
1783840500000,63796.30,63854.00,63773.10,63838.40,595.182
1783841400000,63838.40,63866.20,63817.50,63839.90,294.635
1783842300000,63840.00,63879.00,63824.20,63856.40,349.160
1783843200000,63856.40,64083.70,63854.10,64021.50,1294.209
1783844100000,64021.50,64065.90,63962.20,63965.00,628.271
1783845000000,63964.90,63984.70,63959.30,63984.70,224.528
1783845900000,63984.70,63984.70,63890.20,63951.60,465.691
1783846800000,63951.60,63958.60,63854.40,63854.40,644.583
1783847700000,63854.40,63854.50,63730.70,63804.30,1075.208
1783848600000,63804.40,64024.40,63804.30,63976.40,984.046
1783849500000,63976.40,63990.00,63930.00,63930.00,326.763
1783850400000,63930.10,63930.10,63865.30,63903.00,284.509
1783851300000,63903.50,63915.10,63847.00,63847.00,278.998
1783852200000,63847.00,63889.80,63818.30,63836.60,261.230
1783853100000,63836.60,63871.40,63807.30,63838.90,349.267
1783854000000,63838.90,63892.30,63796.30,63821.50,387.296
1783854900000,63821.50,63890.00,63821.50,63890.00,217.676
1783855800000,63890.00,64012.80,63890.00,63979.30,899.975
1783856700000,63979.20,64005.50,63960.00,63993.80,367.703
1783857600000,63993.80,64118.50,63946.00,64079.80,1430.843
1783858500000,64079.70,64102.30,64000.00,64030.90,460.028
1783859400000,64030.90,64049.20,63975.00,64004.60,306.030
1783860300000,64004.50,64032.80,63965.50,63998.40,206.181
1783861200000,63998.50,64031.40,63973.80,64014.10,271.876
1783862100000,64014.10,64073.40,63980.90,64017.80,476.347
1783863000000,64017.80,64067.20,64006.80,64015.30,226.909
1783863900000,64015.30,64020.70,63959.30,63997.30,286.930
1783864800000,63997.30,64009.00,63928.00,63944.00,471.163
1783865700000,63944.00,63973.00,63928.70,63969.00,172.702
1783866600000,63969.00,64059.70,63969.00,64044.20,370.439
1783867500000,64044.10,64271.90,64043.60,64175.00,1790.261
1783868400000,64175.00,64238.90,64122.20,64163.10,974.251
1783869300000,64163.10,64220.00,64106.10,64194.20,565.645
1783870200000,64194.20,64225.30,64091.50,64120.60,896.829
1783871100000,64120.70,64188.00,64102.50,64149.90,466.463
1783872000000,64150.00,64184.80,64013.00,64038.20,1624.971
1783872900000,64038.20,64152.60,64038.10,64151.00,512.896
1783873800000,64151.00,64152.40,64072.60,64087.80,473.219
1783874700000,64087.80,64151.00,64073.00,64146.80,376.372
1783875600000,64146.70,64146.80,64102.90,64110.40,213.303
1783876500000,64110.40,64136.30,64094.60,64094.60,193.030
1783877400000,64094.60,64146.70,64084.90,64125.00,186.181
1783878300000,64125.00,64136.70,63983.10,64050.30,504.455
1783879200000,64050.20,64080.00,63989.60,64009.20,429.821
1783880100000,64009.20,64065.20,63985.10,64034.60,374.344
1783881000000,64034.70,64111.10,64034.60,64101.80,335.981
1783881900000,64101.80,64126.60,64101.70,64124.60,109.632
1783882800000,64124.70,64206.20,64123.80,64143.80,442.332
1783883700000,64143.70,64184.30,64141.40,64178.10,136.998
1783884600000,64178.10,64178.20,64114.90,64128.10,189.297
1783885500000,64128.00,64248.00,64124.90,64201.90,530.285
1783886400000,64202.00,64227.40,64145.30,64161.80,380.855
1783887300000,64161.80,64184.50,64141.60,64177.20,134.932
1783888200000,64177.30,64196.60,64143.00,64185.00,161.713
1783889100000,64185.00,64203.60,64159.20,64168.50,201.289
1783890000000,64168.50,64207.40,64164.20,64180.50,326.728
1783890900000,64180.50,64180.50,64050.80,64076.20,478.891
1783891800000,64076.10,64076.20,63990.00,64015.50,521.973
1783892700000,64015.50,64015.60,63856.30,63889.60,1303.073
1783893600000,63889.50,63889.50,63650.00,63756.00,3376.058
1783894500000,63756.10,63809.80,63634.10,63802.10,1184.860
1783895400000,63802.10,63843.70,63730.70,63744.40,595.128
1783896300000,63744.30,63895.80,63668.00,63855.00,904.095
1783897200000,63855.00,63883.60,63705.50,63791.00,794.439
1783898100000,63790.90,63823.90,63753.40,63792.00,436.622
1783899000000,63792.10,63833.00,63717.00,63781.10,555.225
1783899900000,63781.10,63797.40,63693.00,63750.00,539.655
1783900800000,63749.90,64270.00,63691.00,64269.90,4290.715
1783901700000,64270.00,64411.80,64140.00,64155.80,2867.491
1783902600000,64155.80,64179.90,63538.00,63755.90,6768.992
1783903500000,63755.90,64106.00,63750.00,64041.80,2609.210
1783904400000,64041.80,64044.00,63628.00,63823.90,3558.250
1783905300000,63824.00,63968.00,63650.00,63694.50,2577.254
1783906200000,63694.50,63745.60,63516.30,63670.30,2587.236
1783907100000,63670.20,63676.80,63366.00,63382.10,3592.700
1783908000000,63382.10,63429.80,63204.00,63382.40,4008.416
1783908900000,63382.40,63527.60,63337.80,63440.50,2245.365
1783909800000,63440.60,63484.00,63361.70,63441.80,880.608
1783910700000,63441.70,63446.00,63309.00,63344.80,747.856
1783911600000,63344.90,63362.40,62822.60,62992.10,6736.937
1783912500000,62992.20,63093.60,62739.10,63040.00,3439.974
1783913400000,63040.00,63044.20,62705.00,62796.40,4399.821
1783914300000,62796.30,62840.50,62750.00,62780.20,1132.796
1783915200000,62780.10,62845.50,62660.30,62793.30,2663.719
1783916100000,62793.30,62884.80,62793.20,62850.00,1059.475
1783917000000,62850.00,62854.00,62592.10,62698.40,2073.974
1783917900000,62698.40,62758.30,62630.90,62649.80,960.998
1783918800000,62649.70,62880.00,62434.90,62785.20,4906.843
1783919700000,62785.20,62810.80,62575.70,62607.60,1850.201
1783920600000,62607.50,62791.40,62532.20,62773.40,1063.039
1783921500000,62773.40,62800.00,62728.70,62764.10,550.969
1783922400000,62764.10,62834.90,62700.00,62712.70,884.750
1783923300000,62712.60,62810.00,62675.00,62810.00,651.684
1783924200000,62810.00,62840.00,62727.80,62812.20,557.242
1783925100000,62812.10,62848.20,62755.00,62766.60,591.264
1783926000000,62766.60,62848.00,62719.40,62778.70,834.367
1783926900000,62778.80,62975.00,62755.90,62927.10,2089.384
1783927800000,62927.00,63027.60,62880.10,62942.00,2472.076
1783928700000,62942.00,63030.00,62933.10,62952.70,1017.339
1783929600000,62952.80,63027.60,62902.50,63009.30,1189.813
1783930500000,63009.30,63062.70,62943.50,63052.40,1087.260
1783931400000,63052.40,63099.60,62966.20,63092.10,965.982
1783932300000,63092.20,63260.00,63091.00,63174.90,2410.030
1783933200000,63174.90,63179.30,63102.60,63124.70,882.548
1783934100000,63124.70,63124.70,63066.80,63090.00,716.249
1783935000000,63090.00,63090.00,63064.40,63075.50,808.439
1783935900000,63075.40,63085.90,63064.40,63074.00,885.308
1783936800000,63074.00,63078.70,63064.40,63064.40,1451.147
1783937700000,63064.40,63130.90,63064.40,63067.00,1215.304
1783938600000,63067.00,63105.80,62873.30,62911.90,4622.538
1783939500000,62911.90,62950.00,62834.40,62844.60,2061.117
1783940400000,62844.70,63116.10,62844.70,63055.00,2782.930
1783941300000,63055.00,63074.70,62963.40,63000.40,804.355
1783942200000,63000.40,63001.20,62923.70,62937.20,601.782
1783943100000,62937.20,62944.40,62875.20,62881.30,512.660
1783944000000,62881.40,62970.70,62779.10,62820.20,2027.359
1783944900000,62820.10,62865.80,62689.60,62721.50,2107.266
1783945800000,62721.50,62762.40,62545.20,62582.80,2918.234
1783946700000,62582.80,62645.30,62531.00,62597.90,1750.597
1783947600000,62597.90,62638.20,62483.00,62488.90,1960.635
1783948500000,62488.90,62563.00,62350.10,62500.00,2814.145
1783949400000,62500.00,62752.40,62226.40,62303.40,7977.988
1783950300000,62303.40,62393.40,62141.20,62300.10,5733.822
1783951200000,62300.10,62398.10,62235.90,62393.70,2490.480
1783952100000,62393.70,62635.00,62061.30,62529.00,6494.557
1783953000000,62529.00,62666.70,62433.00,62596.20,3762.862
1783953900000,62596.30,62777.00,62554.30,62770.30,2681.738
1783954800000,62770.20,62842.00,62657.40,62772.10,2869.286
1783955700000,62772.00,62965.00,62763.50,62790.00,2689.743
1783956600000,62790.00,62830.90,62543.50,62631.20,2210.965
1783957500000,62631.20,62667.40,62556.30,62596.60,1578.492
1783958400000,62596.70,62614.50,62501.90,62520.00,1325.575
1783959300000,62520.00,62520.00,62251.60,62322.70,3543.715
1783960200000,62322.70,62371.40,62183.90,62344.90,2205.109
1783961100000,62344.80,62410.00,62226.90,62258.00,1570.570
1783962000000,62258.00,62347.20,62230.20,62296.80,962.616
1783962900000,62296.80,62296.80,62154.60,62165.00,1113.571
1783963800000,62165.00,62207.60,61945.50,62076.90,3915.564
1783964700000,62076.90,62166.50,61877.00,61877.00,2903.239
1783965600000,61877.10,62038.60,61856.00,61903.80,2483.306
1783966500000,61903.80,61984.20,61806.00,61924.80,2240.433
1783967400000,61924.80,61981.50,61880.00,61978.70,990.273
1783968300000,61978.80,62077.60,61948.50,61997.30,1567.917
1783969200000,61997.40,62067.50,61962.50,62052.10,689.998
1783970100000,62052.00,62091.20,61970.00,61992.70,917.932
1783971000000,61992.80,62157.90,61992.80,62152.30,800.352
1783971900000,62152.30,62267.00,62105.10,62258.00,1626.470
1783972800000,62257.90,62299.00,62175.30,62191.20,1229.943
1783973700000,62191.10,62195.70,62051.30,62187.70,1149.606
1783974600000,62187.60,62241.40,62153.40,62153.40,439.080
1783975500000,62153.40,62187.30,62020.00,62179.30,720.972
1783976400000,62179.30,62192.10,62021.40,62083.30,490.779
1783977300000,62083.20,62125.00,61961.00,62006.10,680.509
1783978200000,62006.00,62046.00,61868.00,61958.50,1274.298
1783979100000,61958.60,62100.00,61890.00,62034.10,918.516
1783980000000,62034.00,62181.60,62023.20,62151.20,916.584
1783980900000,62151.20,62199.00,62100.10,62132.30,740.886
1783981800000,62132.30,62157.10,61993.20,62034.40,519.770
1783982700000,62034.40,62045.80,61883.10,61897.90,1000.084
1783983600000,61897.90,62048.30,61854.50,62027.90,1226.667
1783984500000,62027.90,62210.30,62021.70,62140.00,937.030
1783985400000,62140.00,62181.60,62066.70,62093.60,957.790
1783986300000,62093.50,62333.40,62072.80,62307.00,1986.493
1783987200000,62307.00,62467.20,62240.90,62413.90,1988.202
1783988100000,62413.80,62413.80,62282.00,62345.90,915.686
1783989000000,62345.90,62426.90,62258.30,62282.90,727.081
1783989900000,62283.00,62639.30,62282.90,62520.70,2275.267
1783990800000,62520.70,62550.00,62427.00,62475.00,905.125
1783991700000,62475.00,62614.20,62455.90,62496.10,1107.561
1783992600000,62496.00,62542.80,62435.60,62462.50,611.889
1783993500000,62462.60,62529.10,62440.00,62505.20,395.239
1783994400000,62505.20,62589.90,62455.30,62472.90,628.560
1783995300000,62472.80,62497.20,62286.90,62341.30,1265.887
1783996200000,62341.20,62574.40,62341.20,62557.10,925.450
1783997100000,62557.10,62610.00,62491.60,62516.80,692.361
1783998000000,62516.80,62576.20,62334.40,62364.30,809.404
1783998900000,62364.30,62441.40,62279.00,62441.40,1328.698
1783999800000,62441.40,62524.90,62400.90,62437.20,724.111
1784000700000,62437.20,62551.80,62432.10,62538.20,479.102
1784001600000,62538.30,62633.10,62511.00,62535.50,814.506
1784002500000,62535.60,62630.00,62515.00,62618.40,485.438
1784003400000,62618.50,62744.40,62618.40,62676.30,1400.028
1784004300000,62676.40,62738.10,62666.60,62713.60,646.602
1784005200000,62713.60,62843.50,62669.40,62791.40,1193.935
1784006100000,62791.40,62847.60,62730.00,62812.90,985.180
1784007000000,62813.00,62848.00,62687.00,62723.00,907.083
1784007900000,62722.90,62730.90,62671.70,62699.90,665.593
1784008800000,62699.90,62708.00,62630.20,62634.40,943.561
1784009700000,62634.50,62680.00,62630.60,62659.70,570.112
1784010600000,62659.80,62752.00,62600.00,62666.60,877.481
1784011500000,62666.50,62675.60,62537.00,62600.10,783.101
1784012400000,62600.10,62630.00,62525.10,62577.20,733.133
1784013300000,62577.20,62633.00,62540.80,62614.70,582.665
1784014200000,62614.70,62629.50,62534.50,62550.00,614.940
1784015100000,62550.00,62563.10,62489.70,62529.70,753.152
1784016000000,62529.70,62561.20,62458.30,62527.30,710.632
1784016900000,62527.20,62652.90,62527.20,62631.20,666.660
1784017800000,62631.20,62780.00,62604.30,62749.90,1140.636
1784018700000,62749.90,62762.60,62645.20,62680.10,499.473
1784019600000,62680.10,62721.20,62634.40,62676.80,550.256
1784020500000,62676.70,62709.30,62623.90,62645.30,440.547
1784021400000,62645.20,62653.50,62508.80,62533.70,714.402
1784022300000,62533.80,62622.00,62502.30,62604.20,581.200
1784023200000,62604.20,62708.30,62604.20,62690.90,655.728
1784024100000,62691.00,62710.60,62633.90,62637.70,452.664
1784025000000,62637.80,62788.30,62577.50,62782.80,716.251
1784025900000,62782.70,62880.00,62755.80,62767.50,1635.791
1784026800000,62767.60,62776.50,62680.70,62766.00,645.819
1784027700000,62766.10,62848.70,62730.00,62833.90,599.461
1784028600000,62833.90,62896.00,62784.80,62828.70,1546.269
1784029500000,62828.70,62854.30,62806.00,62810.30,376.694
1784030400000,62810.30,62840.00,62756.50,62820.40,922.080
1784031300000,62820.40,63090.30,62786.40,62930.90,4043.614
1784032200000,62930.80,63668.40,62918.70,63523.00,26730.511
1784033100000,63523.10,63956.00,63523.10,63935.20,10627.748
1784034000000,63935.20,63956.00,63726.10,63764.20,4350.656
1784034900000,63764.20,64162.20,63763.10,63929.90,6233.682
1784035800000,63930.00,63961.90,63687.70,63764.80,4704.491
1784036700000,63764.90,63896.60,63666.00,63802.80,3231.527
1784037600000,63802.80,63853.20,63550.00,63846.60,3626.216
1784038500000,63846.50,63888.00,63741.10,63887.30,2222.322
1784039400000,63887.30,64060.10,63830.00,64005.40,2875.054
1784040300000,64005.40,64310.00,63896.00,64277.30,4306.213
1784041200000,64277.20,64386.00,64163.60,64184.90,5326.039
1784042100000,64185.00,64547.00,64170.60,64469.70,4687.671
1784043000000,64469.70,64950.00,64469.70,64757.70,11534.998
1784043900000,64757.70,64838.90,64572.40,64727.50,4185.844
1784044800000,64727.40,64879.00,64589.30,64710.00,3864.062
1784045700000,64710.00,64860.00,64651.00,64797.60,1954.519
1784046600000,64797.60,64870.00,64750.00,64752.80,1160.837
1784047500000,64752.80,64830.00,64682.60,64703.90,1488.470
1784048400000,64704.00,64704.00,64200.00,64568.50,8344.087
1784049300000,64568.50,64639.10,64367.60,64492.70,2365.434
1784050200000,64492.60,64500.00,64400.00,64493.40,1200.494
1784051100000,64493.30,64694.50,64456.60,64597.50,2301.288
1784052000000,64597.50,64600.00,64457.40,64457.40,759.391
1784052900000,64457.50,64525.80,64448.70,64491.20,438.010
1784053800000,64491.30,64609.90,64449.30,64553.40,891.373
1784054700000,64553.50,64631.60,64520.00,64544.00,362.705
1784055600000,64544.00,64616.50,64515.20,64591.20,404.165
1784056500000,64591.20,64687.90,64518.30,64530.10,922.971
1784057400000,64530.10,64530.10,64456.30,64516.80,608.833
1784058300000,64516.80,64636.00,64516.30,64543.00,744.137
1784059200000,64543.10,64563.50,64429.70,64429.70,865.731
1784060100000,64429.80,64492.30,64413.00,64417.50,558.794
1784061000000,64417.50,64468.60,64390.40,64457.80,451.848
1784061900000,64457.80,64576.40,64424.70,64538.60,494.148
1784062800000,64538.60,64598.00,64496.20,64598.00,531.361
1784063700000,64598.00,64654.50,64595.20,64644.20,641.094
1784064600000,64644.20,64877.70,64644.10,64712.40,1368.260
1784065500000,64712.40,64748.50,64605.40,64650.00,836.914
1784066400000,64649.90,64650.00,64485.40,64512.90,1255.840
1784067300000,64513.00,65130.00,64513.00,64910.50,8577.895
1784068200000,64910.50,65010.00,64886.00,64893.10,1677.144
1784069100000,64893.20,64957.40,64832.40,64837.10,882.692
1784070000000,64837.20,65040.30,64750.00,64994.00,2512.168
1784070900000,64994.00,64994.10,64856.20,64889.80,736.553
1784071800000,64889.80,64989.20,64873.50,64977.50,541.382
1784072700000,64977.50,65027.40,64960.00,65014.70,855.301
1784073600000,65014.60,65043.30,64887.00,64891.40,1613.176
1784074500000,64891.50,64910.10,64813.90,64861.20,844.641
1784075400000,64861.10,64862.00,64743.60,64759.20,1285.260
1784076300000,64759.20,64822.00,64759.20,64798.10,746.585
1784077200000,64798.10,64813.10,64690.00,64717.50,842.572
1784078100000,64717.60,64830.20,64672.60,64809.90,1021.043
1784079000000,64810.00,64824.90,64632.90,64691.40,867.658
1784079900000,64691.50,64694.70,64618.80,64643.70,748.841
1784080800000,64643.70,64732.60,64620.60,64685.50,587.367
1784081700000,64685.50,64685.50,64500.00,64500.00,963.924
1784082600000,64500.10,64540.80,64456.70,64540.80,1124.272
1784083500000,64540.70,64544.90,64473.00,64473.00,499.321
1784084400000,64473.10,64643.70,64473.00,64608.00,823.545
1784085300000,64607.90,64608.00,64559.90,64593.20,266.199
1784086200000,64593.10,64758.60,64584.90,64674.50,1065.272
1784087100000,64674.50,64820.10,64645.20,64760.80,711.912
1784088000000,64760.90,64868.00,64733.40,64793.70,731.926
1784088900000,64793.70,64827.50,64732.20,64733.40,618.731
1784089800000,64733.50,64807.00,64686.60,64781.30,418.227
1784090700000,64781.40,64843.50,64701.10,64723.50,407.542
1784091600000,64723.60,64789.70,64580.00,64600.00,747.401
1784092500000,64600.00,64674.60,64599.90,64625.40,454.969
1784093400000,64625.30,64726.80,64618.90,64678.80,426.607
1784094300000,64678.80,64941.70,64667.30,64920.50,1088.018
1784095200000,64920.50,65030.10,64844.60,65016.10,1635.200
1784096100000,65016.10,65020.80,64905.60,64963.30,981.820
1784097000000,64963.30,65260.00,64939.20,65014.90,4504.018
1784097900000,65014.80,65044.70,64784.70,64784.70,1540.107
1784098800000,64784.80,64850.00,64712.20,64842.10,1547.969
1784099700000,64842.10,64850.00,64450.90,64503.30,3045.267
1784100600000,64503.40,64621.00,64490.00,64579.70,1528.147
1784101500000,64579.70,64600.00,64528.00,64528.00,705.899
1784102400000,64528.00,64660.00,64528.00,64560.10,1343.105
1784103300000,64560.00,64630.90,64550.60,64620.60,509.971
1784104200000,64620.50,64715.00,64585.60,64714.00,957.108
1784105100000,64714.00,64785.80,64705.00,64745.00,1078.889
1784106000000,64744.90,64830.00,64730.10,64811.20,765.937
1784106900000,64811.10,64899.90,64800.00,64801.20,1017.473
1784107800000,64801.20,64803.90,64669.70,64686.10,918.160
1784108700000,64686.10,64710.00,64626.20,64644.60,444.629
1784109600000,64644.60,64826.80,64608.60,64770.60,1082.278
1784110500000,64770.70,64776.90,64592.00,64607.20,602.634
1784111400000,64607.10,64662.90,64582.70,64633.70,538.604
1784112300000,64633.70,64650.00,64603.10,64633.00,387.869
1784113200000,64633.00,64728.70,64588.60,64698.00,523.981
1784114100000,64698.00,64709.50,64585.60,64609.60,467.985
1784115000000,64609.50,64690.00,64605.50,64666.00,388.723
1784115900000,64665.90,64723.10,64652.20,64707.50,492.774
1784116800000,64707.40,64712.10,64590.70,64697.20,1136.085
1784117700000,64697.10,64737.20,64568.80,64660.10,870.857
1784118600000,64660.10,65029.20,64649.90,64767.20,5553.490
1784119500000,64767.10,65241.30,64761.70,65133.70,4703.042
1784120400000,65133.70,65421.00,65126.70,65354.60,5243.858
1784121300000,65354.60,65550.50,65246.50,65284.60,5215.513
1784122200000,65284.70,65494.40,65211.50,65245.80,2932.862
1784123100000,65245.90,65245.90,64852.50,65090.20,4675.757
1784124000000,65090.20,65376.70,65033.50,65257.30,3375.841
1784124900000,65257.30,65394.40,65043.80,65304.20,3244.303
1784125800000,65304.10,65497.00,65268.80,65341.10,2477.912
1784126700000,65341.10,65479.30,65285.40,65364.80,1331.926
1784127600000,65364.80,65466.40,65230.00,65369.80,1969.003
1784128500000,65369.80,65413.10,65258.00,65373.10,1046.604
1784129400000,65373.20,65528.50,65300.00,65451.90,2041.278
1784130300000,65451.90,65589.70,65331.30,65391.60,2626.807
1784131200000,65391.50,65438.00,65056.80,65064.60,3237.015
1784132100000,65064.50,65148.20,65011.10,65137.10,3358.092
1784133000000,65137.00,65145.20,64752.00,64905.70,4880.150
1784133900000,64905.70,65092.30,64896.00,65089.50,3418.829
1784134800000,65089.60,65127.80,64977.10,64991.70,2273.458
1784135700000,64991.80,65040.00,64944.90,65010.00,1617.770
1784136600000,65009.90,65085.70,64939.50,65006.60,1783.154
1784137500000,65006.60,65148.20,64948.90,65023.10,3279.399
1784138400000,65023.10,65130.00,64920.10,65094.20,1365.088
1784139300000,65094.10,65096.90,64989.30,65031.70,703.830
1784140200000,65031.70,65092.30,64950.00,64951.90,445.242
1784141100000,64951.90,64991.10,64817.10,64837.40,915.006
1784142000000,64837.40,64924.00,64820.00,64902.10,550.607
1784142900000,64902.00,64902.10,64708.00,64829.50,1093.174
1784143800000,64829.60,64962.50,64812.90,64957.30,650.244
1784144700000,64957.20,64967.90,64857.60,64942.00,532.477
1784145600000,64942.10,64961.60,64869.80,64917.10,410.037
1784146500000,64917.10,64996.00,64916.60,64979.70,278.671
1784147400000,64979.60,65030.50,64956.90,64968.30,336.500
1784148300000,64968.30,64968.40,64934.60,64939.90,182.161
1784149200000,64939.90,64985.90,64800.00,64864.00,554.206
1784150100000,64864.10,64900.00,64805.50,64837.40,409.817
1784151000000,64837.40,64854.60,64756.70,64781.60,670.253
1784151900000,64781.60,64800.00,64757.20,64800.00,324.169
1784152800000,64800.00,64850.00,64759.20,64776.80,538.140
1784153700000,64776.90,64866.00,64739.00,64866.00,462.941
1784154600000,64866.00,64923.80,64822.20,64849.50,480.086
1784155500000,64849.50,64949.70,64826.90,64831.50,659.350
1784156400000,64831.60,64912.50,64831.50,64880.60,353.475
1784157300000,64880.50,64902.40,64810.30,64819.20,239.640
1784158200000,64819.20,64835.60,64676.90,64708.70,1112.041
1784159100000,64708.70,64794.40,64660.00,64721.40,749.898
1784160000000,64721.40,64814.70,64707.60,64794.00,591.556
1784160900000,64793.90,64811.40,64534.20,64535.20,1985.603
1784161800000,64535.30,64574.40,64464.00,64497.60,1535.783
1784162700000,64497.60,64625.00,64480.00,64554.30,766.045
1784163600000,64554.30,64633.90,64525.10,64574.70,578.917
1784164500000,64574.60,64576.10,64362.20,64532.60,1894.745
1784165400000,64532.70,64712.40,64532.60,64586.30,853.747
1784166300000,64586.20,64807.90,64569.30,64698.60,1420.535
1784167200000,64698.60,64705.00,64600.10,64622.80,496.268
1784168100000,64622.80,64661.10,64563.20,64639.10,524.889
1784169000000,64639.10,64657.30,64553.20,64563.40,410.647
1784169900000,64563.30,64640.00,64550.00,64616.10,359.495
1784170800000,64616.10,64693.50,64570.50,64674.80,494.715
1784171700000,64674.90,64675.00,64560.10,64662.30,490.897
1784172600000,64662.20,64723.30,64630.40,64636.20,511.358
1784173500000,64636.10,64636.20,64521.00,64593.00,548.114
1784174400000,64593.00,64638.00,64555.10,64623.10,460.230
1784175300000,64623.00,64631.10,64512.00,64625.10,632.104
1784176200000,64625.10,64667.00,64563.80,64585.50,393.409
1784177100000,64585.50,64619.80,64550.00,64610.90,528.323
1784178000000,64610.90,64750.40,64573.40,64750.40,954.072
1784178900000,64750.50,64930.00,64733.20,64907.20,2452.836
1784179800000,64907.20,64974.50,64830.00,64890.90,1949.170
1784180700000,64890.90,64921.20,64849.60,64897.90,903.862
1784181600000,64898.00,64951.20,64821.10,64838.90,1013.369
1784182500000,64838.90,64872.60,64774.90,64797.70,579.758
1784183400000,64797.60,64803.40,64603.40,64704.10,1251.421
1784184300000,64704.10,64772.60,64671.80,64750.00,594.151
1784185200000,64749.90,64750.00,64623.00,64623.10,691.785
1784186100000,64623.20,64627.40,64466.50,64469.00,2091.571
1784187000000,64468.90,64476.00,64155.30,64200.20,4858.172
1784187900000,64200.20,64255.00,64005.60,64200.00,4629.526
1784188800000,64200.10,64228.00,63900.00,63914.00,4485.954
1784189700000,63914.10,64139.40,63843.10,64127.00,4424.705
1784190600000,64126.90,64340.00,64089.50,64109.90,4208.766
1784191500000,64109.90,64192.30,64031.20,64096.70,1504.522
1784192400000,64096.60,64155.90,64072.70,64086.40,877.054
1784193300000,64086.50,64119.20,63988.30,64007.30,1010.075
1784194200000,64007.30,64095.00,63985.10,64076.90,606.062
1784195100000,64076.80,64106.40,64000.60,64063.80,837.076
1784196000000,64063.90,64160.90,64047.70,64118.10,789.468
1784196900000,64118.00,64199.50,64102.90,64194.50,695.262
1784197800000,64194.60,64241.30,64151.00,64159.10,734.965
1784198700000,64159.00,64200.00,64135.20,64186.90,433.654
1784199600000,64187.00,64198.00,64080.00,64142.80,524.421
1784200500000,64142.70,64230.70,64057.20,64147.40,720.002
1784201400000,64147.50,64237.40,64116.50,64234.70,437.553
1784202300000,64234.60,64245.60,64061.60,64226.60,1275.330
1784203200000,64226.60,64226.60,64103.00,64136.10,646.585
1784204100000,64136.00,64160.00,64058.60,64160.00,1008.179
1784205000000,64159.90,64185.70,63855.00,63869.40,2931.989
1784205900000,63869.40,64028.20,63833.00,63938.10,2208.145
1784206800000,63938.20,64085.00,63930.10,64059.80,1331.583
1784207700000,64059.80,64230.10,64026.70,64230.10,2058.249
1784208600000,64230.10,64458.70,64126.80,64126.80,5600.973
1784209500000,64126.80,64366.00,64082.50,64354.40,2298.262
1784210400000,64354.30,64687.80,64300.10,64610.00,4283.171
1784211300000,64610.00,64844.30,64540.00,64733.70,3287.899
1784212200000,64733.70,64809.40,64629.30,64715.10,1740.369
1784213100000,64715.00,64718.60,64343.90,64510.00,3139.222
1784214000000,64510.00,64560.00,64281.60,64335.80,1874.134
1784214900000,64335.80,64874.70,64300.10,64800.00,3341.913
1784215800000,64800.00,64806.40,64640.30,64697.70,1697.645
1784216700000,64697.80,64799.70,64585.60,64677.70,1249.718
1784217600000,64677.70,64687.60,64440.90,64480.10,1528.888
1784218500000,64480.10,64556.10,64361.20,64515.80,1594.881
1784219400000,64515.80,64640.00,64334.90,64348.50,1353.931
1784220300000,64348.50,64507.80,64299.40,64448.40,931.749
1784221200000,64448.40,64453.10,64130.60,64134.90,2192.430
1784222100000,64134.80,64209.60,64059.10,64193.30,2057.699
1784223000000,64193.20,64257.70,64090.60,64119.70,1195.641
1784223900000,64119.70,64124.00,63958.00,64045.60,2129.822
1784224800000,64045.50,64199.90,64022.30,64166.60,1017.796
1784225700000,64166.50,64306.80,64121.90,64187.60,981.416
1784226600000,64187.50,64197.30,64061.40,64126.10,907.766
1784227500000,64126.20,64299.90,64111.10,64217.10,541.541
1784228400000,64217.00,64277.70,64185.80,64202.20,549.243
1784229300000,64202.20,64256.00,64135.50,64237.50,436.248
1784230200000,64237.40,64261.60,64167.30,64170.60,353.560
1784231100000,64170.60,64257.70,64120.20,64241.60,410.652
1784232000000,64241.70,64249.90,64155.00,64159.90,341.811
1784232900000,64160.00,64215.90,64124.90,64154.00,291.591
1784233800000,64153.90,64181.70,64103.60,64123.50,309.036
1784234700000,64123.40,64134.70,64075.10,64090.10,316.208
1784235600000,64090.10,64181.30,64077.30,64160.10,327.580
1784236500000,64160.00,64185.60,64132.40,64142.70,216.244
1784237400000,64142.50,64217.60,64130.00,64190.00,476.931
1784238300000,64190.00,64190.00,64105.00,64135.90,237.178
1784239200000,64136.00,64221.30,64126.90,64176.80,750.570
1784240100000,64176.80,64176.80,63982.90,63997.50,712.414
1784241000000,63997.40,64159.10,63997.40,64053.90,1366.225
1784241900000,64053.90,64059.00,63922.60,63939.50,876.751
1784242800000,63939.60,63978.60,63880.00,63901.60,1284.169
1784243700000,63901.60,63901.60,63714.60,63788.00,2844.425
1784244600000,63787.90,63826.30,63712.60,63810.10,1105.164
1784245500000,63810.10,63882.10,63767.00,63801.00,1119.924
1784246400000,63801.10,63819.20,63715.70,63768.30,1279.296
1784247300000,63768.20,63890.40,63740.80,63772.10,960.116
1784248200000,63772.10,63779.50,63580.00,63765.10,2895.460
1784249100000,63765.10,63862.90,63760.10,63862.90,1196.607
1784250000000,63862.90,64041.60,63841.00,63963.80,1883.091
1784250900000,63963.80,63995.00,63800.00,63949.90,1229.907
1784251800000,63950.00,63959.60,63700.00,63700.10,954.919
1784252700000,63700.00,63700.00,63435.60,63510.80,4418.900
1784253600000,63510.70,63597.70,63401.00,63584.90,2069.919
1784254500000,63584.90,63628.00,63469.80,63505.30,800.999
1784255400000,63505.20,63548.60,63386.00,63426.70,1583.817
1784256300000,63426.70,63475.80,63358.00,63457.50,873.912
1784257200000,63457.50,63633.20,63450.10,63596.00,1040.446
1784258100000,63596.00,63693.20,63587.90,63650.30,921.118
1784259000000,63650.40,63669.10,63574.40,63597.80,759.274
1784259900000,63597.80,63607.00,63494.60,63538.10,833.623
1784260800000,63538.00,63538.10,63453.80,63471.00,600.819
1784261700000,63470.90,63510.50,63281.00,63362.70,2162.607
1784262600000,63362.80,63470.90,63308.00,63455.50,1290.966
1784263500000,63455.40,63560.00,63444.00,63460.00,1014.807
1784264400000,63460.10,63460.10,63340.00,63408.20,633.886
1784265300000,63408.20,63414.90,63120.00,63176.50,2621.186
1784266200000,63176.50,63200.00,62869.70,62943.10,5804.418
1784267100000,62943.10,62948.80,62754.60,62807.30,6566.518
1784268000000,62807.40,62961.70,62731.80,62796.00,4127.518
1784268900000,62796.00,62913.90,62655.00,62900.00,4415.056
1784269800000,62900.00,62932.90,62830.50,62846.40,1355.774
1784270700000,62846.40,62922.80,62818.80,62915.40,798.520
1784271600000,62915.50,62915.50,62836.80,62871.90,947.373
1784272500000,62871.90,62904.70,62761.30,62900.40,1078.434
1784273400000,62900.50,62947.10,62839.00,62899.50,1368.525
1784274300000,62899.50,62926.10,62784.10,62792.90,1436.929
1784275200000,62792.80,62864.40,62723.40,62864.40,2426.267
1784276100000,62864.40,62866.90,62705.40,62772.10,1475.388
1784277000000,62772.00,62772.10,62611.00,62760.20,1619.538
1784277900000,62760.30,62905.00,62760.20,62857.50,1263.739
1784278800000,62857.40,62933.00,62831.80,62932.10,911.892
1784279700000,62932.10,62941.80,62833.30,62920.10,691.715
1784280600000,62920.10,63034.00,62897.40,63034.00,1365.207
1784281500000,63034.00,63039.80,62937.10,62962.20,1244.926
1784282400000,62962.30,63116.00,62962.20,63070.50,1670.768
1784283300000,63070.40,63100.90,63020.10,63063.70,948.617
1784284200000,63063.60,63163.50,63048.80,63152.10,896.598
1784285100000,63152.00,63165.90,63133.20,63146.90,721.500
1784286000000,63146.90,63179.90,63055.20,63055.20,859.789
1784286900000,63055.30,63107.20,63031.30,63104.10,809.188
1784287800000,63104.10,63275.90,63075.90,63274.40,2113.575
1784288700000,63274.40,63337.40,63238.00,63273.20,1621.688
1784289600000,63273.10,63320.00,63208.90,63226.80,1405.882
1784290500000,63226.80,63275.00,63134.30,63173.20,1278.201
1784291400000,63173.30,63178.20,63043.40,63088.00,1410.554
1784292300000,63088.00,63136.90,63037.00,63073.90,1158.816
1784293200000,63073.90,63073.90,62740.00,62788.30,4281.225
1784294100000,62788.30,62933.50,62778.40,62829.90,2085.610
1784295000000,62830.00,62913.90,62505.10,62540.00,5690.568
1784295900000,62540.00,63155.80,62505.40,63128.60,4399.935
1784296800000,63128.70,63496.00,63117.40,63367.10,5107.410
1784297700000,63367.00,63468.30,63163.70,63216.50,2617.326
1784298600000,63216.60,63328.10,63051.40,63243.00,2027.160
1784299500000,63242.90,63268.50,63100.80,63142.50,1503.749
1784300400000,63142.50,63162.60,62817.00,62890.60,3694.127
1784301300000,62890.60,63249.80,62875.50,63240.30,2271.995
1784302200000,63240.30,63277.70,63082.70,63188.00,1830.315
1784303100000,63187.90,63432.50,63120.00,63432.40,1501.227
1784304000000,63432.40,63541.00,63318.60,63435.40,2816.280
1784304900000,63435.50,63514.40,63272.40,63446.00,2227.049
1784305800000,63446.00,63513.00,63340.00,63499.90,973.634
1784306700000,63500.00,63681.30,63454.10,63553.70,3042.179
1784307600000,63553.70,64122.00,63553.70,63928.00,5959.263
1784308500000,63928.00,64098.50,63882.50,63994.70,2552.051
1784309400000,63994.70,64080.00,63942.60,63999.50,1812.952
1784310300000,63999.50,64194.60,63961.50,64011.80,2508.160
1784311200000,64011.80,64082.10,63931.90,64056.70,1442.142
1784312100000,64056.80,64056.80,63855.80,63928.60,1971.196
1784313000000,63928.60,64120.70,63915.30,64118.50,1404.291
1784313900000,64118.50,64356.70,64113.00,64220.10,3767.828
1784314800000,64220.10,64226.10,64017.70,64039.60,1568.440
1784315700000,64039.60,64060.50,63943.50,64059.80,1269.072
1784316600000,64059.90,64148.70,64035.20,64148.70,847.741
1784317500000,64148.70,64179.70,64107.00,64121.40,695.299
1784318400000,64121.40,64121.40,63967.50,63976.00,809.910
1784319300000,63976.00,64045.10,63949.70,64003.40,1191.366
1784320200000,64003.40,64081.70,63928.90,64081.70,630.278
1784321100000,64081.70,64165.70,64004.70,64086.10,786.350
1784322000000,64086.20,64159.50,64086.10,64133.20,336.179
1784322900000,64133.20,64188.20,64095.00,64112.30,561.795
1784323800000,64112.30,64121.80,64046.20,64069.90,364.351
1784324700000,64070.00,64081.10,64031.60,64070.60,288.436
1784325600000,64070.60,64117.50,64023.30,64052.20,388.660
1784326500000,64052.10,64052.10,63934.00,63937.40,554.312
1784327400000,63937.50,63945.40,63891.60,63918.90,554.911
1784328300000,63918.80,63966.00,63912.10,63952.80,255.897
1784329200000,63952.70,63952.80,63860.00,63878.20,415.875
1784330100000,63878.20,63939.00,63868.00,63939.00,232.179
1784331000000,63938.90,63985.00,63935.60,63948.10,405.932
1784331900000,63948.10,63969.50,63898.90,63909.90,389.570
1784332800000,63909.90,63943.40,63859.60,63936.90,504.085
1784333700000,63936.90,63991.00,63932.00,63964.30,366.406
1784334600000,63964.20,63964.30,63871.40,63897.00,235.283
1784335500000,63897.00,63929.60,63865.10,63881.60,384.681
1784336400000,63881.60,63900.00,63862.00,63896.20,328.565
1784337300000,63896.20,63980.00,63896.10,63973.60,381.545
1784338200000,63973.50,63973.60,63888.00,63916.60,262.634
1784339100000,63916.50,63958.70,63916.50,63929.20,307.819
1784340000000,63929.20,63948.00,63900.00,63942.40,272.587
1784340900000,63942.40,63980.60,63942.30,63970.00,249.727
1784341800000,63969.90,64014.90,63934.60,63938.70,529.815
1784342700000,63938.80,63950.00,63920.50,63931.50,295.092
1784343600000,63931.60,63960.00,63921.00,63953.30,247.960
1784344500000,63953.30,63969.70,63916.30,63924.70,155.537
1784345400000,63924.80,63939.00,63908.90,63915.60,264.710
1784346300000,63915.60,63995.80,63900.00,63989.50,552.388
1784347200000,63989.50,63992.80,63952.40,63966.90,232.416
1784348100000,63966.90,63967.50,63930.00,63953.40,223.291
1784349000000,63953.40,63953.40,63915.00,63919.90,164.461
1784349900000,63920.00,63949.00,63919.90,63946.30,160.234
1784350800000,63946.30,63953.20,63900.00,63900.00,256.830
1784351700000,63900.00,63951.80,63894.30,63946.60,399.050
1784352600000,63946.70,63973.30,63932.80,63939.90,187.104
1784353500000,63939.90,63973.30,63914.00,63936.30,232.641
1784354400000,63936.30,63942.30,63925.90,63936.20,149.149
1784355300000,63936.30,63979.00,63935.40,63959.90,333.099
1784356200000,63959.90,63959.90,63914.10,63946.60,264.959
1784357100000,63946.60,63956.90,63943.20,63954.10,141.441
1784358000000,63954.20,63993.40,63952.80,63967.20,372.957
1784358900000,63967.20,63991.60,63967.20,63990.10,309.702
1784359800000,63990.10,63995.60,63966.20,63992.40,249.421
1784360700000,63992.30,64000.00,63975.90,63980.10,651.333
1784361600000,63980.00,63994.00,63930.40,63954.80,438.784
1784362500000,63954.80,63996.90,63950.70,63988.70,442.021
1784363400000,63988.70,63997.80,63957.00,63957.00,157.162
1784364300000,63957.10,63985.40,63957.00,63977.20,329.794
1784365200000,63977.20,63985.00,63940.50,63953.20,226.441
1784366100000,63953.10,63953.20,63912.00,63919.60,464.939
1784367000000,63919.60,63949.70,63919.60,63949.70,180.059
1784367900000,63949.60,63963.60,63947.90,63961.20,169.713
1784368800000,63961.10,63974.30,63957.30,63967.90,172.356
1784369700000,63967.80,63983.50,63964.90,63980.20,108.203
1784370600000,63980.20,63990.00,63971.90,63981.20,146.713
1784371500000,63981.20,63985.00,63981.20,63981.20,154.523
1784372400000,63981.20,63996.70,63981.20,63990.20,230.211
1784373300000,63990.20,63997.60,63990.10,63992.00,124.459
1784374200000,63992.00,63997.60,63992.00,63996.60,139.411
1784375100000,63996.60,64073.20,63995.00,64033.30,607.309
1784376000000,64033.20,64170.00,64033.20,64100.10,1308.488
1784376900000,64100.10,64114.20,64019.40,64061.10,638.298
1784377800000,64061.10,64177.70,64032.90,64152.60,741.491
1784378700000,64152.60,64237.70,64152.50,64181.40,979.892
1784379600000,64181.50,64185.40,63956.40,63981.60,1429.705
1784380500000,63981.70,64034.00,63925.20,64026.50,935.079
1784381400000,64026.60,64073.80,63993.50,64028.20,480.892
1784382300000,64028.20,64081.70,64002.60,64081.30,341.447
1784383200000,64081.20,64147.30,64065.80,64136.10,492.329
1784384100000,64136.00,64147.30,64084.10,64147.10,285.111
1784385000000,64147.00,64167.20,64118.60,64150.50,419.285
1784385900000,64150.60,64150.60,64076.60,64099.00,343.211
1784386800000,64099.00,64105.60,64050.80,64070.20,348.019
1784387700000,64070.30,64107.60,64045.90,64045.90,264.343
1784388600000,64046.00,64055.70,64012.00,64012.00,353.908
1784389500000,64012.00,64135.60,64000.00,64090.00,449.173
1784390400000,64090.00,64129.00,64054.50,64114.10,292.634
1784391300000,64114.20,64121.60,64076.70,64117.00,195.710
1784392200000,64117.00,64142.00,64100.00,64110.70,180.649
1784393100000,64110.70,64298.60,64086.10,64278.20,3163.355
1784394000000,64278.30,64300.00,64250.30,64299.90,1030.595
1784394900000,64300.00,64433.50,64252.50,64267.20,1831.829
1784395800000,64267.10,64437.00,64267.10,64413.30,1088.274
1784396700000,64413.20,64466.00,64373.40,64450.00,1315.637
1784397600000,64450.00,64458.00,64424.50,64438.60,650.935
1784398500000,64438.50,64666.00,64428.80,64543.00,2555.239
1784399400000,64543.00,64543.00,64441.80,64443.50,785.491
1784400300000,64443.40,64500.00,64441.70,64477.30,450.360
1784401200000,64477.40,64523.40,64474.20,64507.40,364.563
1784402100000,64507.50,64566.00,64447.00,64447.00,678.489
1784403000000,64447.10,64509.90,64445.50,64493.80,289.206
1784403900000,64493.80,64540.00,64493.80,64526.30,389.291
1784404800000,64526.40,64607.90,64467.20,64588.10,866.637
1784405700000,64588.10,64738.20,64579.20,64614.70,1353.227
1784406600000,64614.80,64614.80,64553.90,64577.00,306.228
1784407500000,64577.00,64694.50,64539.90,64665.50,684.110
1784408400000,64665.50,64741.70,64611.30,64741.40,540.021
1784409300000,64741.40,64819.20,64689.00,64694.80,1303.715
1784410200000,64694.80,64694.90,64600.50,64617.30,455.143
1784411100000,64617.30,64780.00,64584.20,64697.60,797.414
1784412000000,64697.50,64837.40,64692.00,64765.40,755.630
1784412900000,64765.50,64804.90,64702.60,64702.70,405.416
1784413800000,64702.60,64756.80,64680.60,64743.30,374.972
1784414700000,64743.20,64800.00,64715.60,64774.40,498.271
1784415600000,64774.30,64790.60,64677.70,64705.20,512.083
1784416500000,64705.20,64812.30,64701.20,64799.60,775.276
1784417400000,64799.60,64812.30,64770.00,64795.00,431.100
1784418300000,64795.00,64818.10,64774.70,64806.70,335.547
1784419200000,64806.70,64827.40,64781.60,64811.70,436.253
1784420100000,64811.70,64878.80,64754.50,64761.70,807.633
1784421000000,64761.80,64780.40,64750.00,64750.10,637.126
1784421900000,64750.00,64779.60,64750.00,64756.50,961.153
1784422800000,64756.50,64765.60,64750.00,64750.00,464.610
1784423700000,64750.00,64771.80,64750.00,64752.70,1028.018
1784424600000,64752.70,64753.60,64750.00,64750.00,679.353
1784425500000,64750.00,64762.00,64750.00,64750.00,618.636
1784426400000,64750.00,64948.80,64672.40,64869.10,2909.304
1784427300000,64869.10,64897.30,64764.10,64795.70,832.410
1784428200000,64795.70,64928.00,64795.70,64812.50,928.614
1784429100000,64812.60,64838.70,64791.50,64795.40,362.004
1784430000000,64795.50,64815.80,64686.80,64704.90,711.619
1784430900000,64704.90,64705.00,64594.60,64641.50,1382.344
1784431800000,64641.50,64671.20,64623.70,64642.40,502.413
1784432700000,64642.30,64686.80,64634.90,64686.80,253.619
1784433600000,64686.80,64686.80,64580.40,64617.10,616.703
1784434500000,64617.00,64691.00,64617.00,64684.80,350.866
1784435400000,64684.90,64775.20,64669.30,64734.70,462.891
1784436300000,64734.80,64759.30,64682.60,64692.20,238.006
1784437200000,64692.20,64772.90,64692.20,64765.30,427.694
1784438100000,64765.30,64789.80,64680.90,64685.30,346.393
1784439000000,64685.30,64687.20,64643.40,64670.10,355.164
1784439900000,64670.10,64722.10,64670.00,64695.10,196.523
1784440800000,64695.00,64700.20,64670.00,64700.10,220.283
1784441700000,64700.10,64732.30,64689.60,64701.60,295.764
1784442600000,64701.70,64737.70,64690.90,64705.20,224.437
1784443500000,64705.10,64712.30,64670.90,64682.30,193.604
1784444400000,64682.20,64697.40,64659.20,64664.70,297.101
1784445300000,64664.80,64698.60,64661.30,64696.10,266.105
1784446200000,64696.20,64759.30,64681.40,64744.30,528.769
1784447100000,64744.30,64744.30,64643.40,64692.20,826.412
1784448000000,64692.10,64706.50,64638.70,64678.70,730.637
1784448900000,64678.70,64678.70,64600.00,64636.50,624.312
1784449800000,64636.50,64653.20,64610.00,64627.50,323.243
1784450700000,64627.60,64723.50,64627.50,64678.10,386.011
1784451600000,64678.20,64694.00,64620.00,64620.00,312.055
1784452500000,64620.10,64620.10,64522.60,64556.00,969.141
1784453400000,64556.00,64580.70,64467.20,64494.60,1275.672
1784454300000,64494.70,64522.00,64479.10,64495.20,621.108
1784455200000,64495.10,64576.00,64454.60,64546.80,811.523
1784456100000,64546.80,64605.20,64546.70,64604.40,370.162
1784457000000,64604.40,64656.90,64586.80,64645.10,494.098
1784457900000,64645.00,64677.70,64537.00,64561.40,1024.797
1784458800000,64561.40,64606.00,64468.30,64559.30,955.172
1784459700000,64559.40,64610.00,64500.00,64524.10,524.139
1784460600000,64524.00,64531.50,64480.00,64504.40,342.246
1784461500000,64504.40,64516.40,64415.00,64445.70,927.384
1784462400000,64445.70,64445.70,64318.70,64318.70,1505.188
1784463300000,64318.80,64427.00,64259.50,64288.00,1810.167
1784464200000,64287.90,64418.70,64280.00,64384.90,1066.280
1784465100000,64384.90,64431.90,64318.00,64417.50,577.869
1784466000000,64417.40,64433.50,64320.00,64335.50,514.238
1784466900000,64335.60,64397.80,64273.40,64383.60,604.419
1784467800000,64383.60,64455.70,64379.70,64393.80,424.643
1784468700000,64393.70,64497.90,64383.90,64453.00,676.453
1784469600000,64453.00,64534.70,64446.20,64517.60,592.074
1784470500000,64517.50,64533.20,64389.00,64437.00,544.861
1784471400000,64437.10,64523.90,64421.40,64500.00,407.982
1784472300000,64500.00,64633.00,64495.80,64561.10,910.925
1784473200000,64561.00,64594.70,64500.00,64551.00,421.676
1784474100000,64550.90,64569.80,64468.00,64480.00,507.840
1784475000000,64480.10,64559.40,64466.60,64536.10,405.241
1784475900000,64536.00,64560.00,64508.20,64545.20,281.622
1784476800000,64545.30,64624.80,64474.20,64523.10,521.519
1784477700000,64523.10,64603.10,64483.30,64582.50,396.596
1784478600000,64582.60,64585.80,64498.70,64577.60,307.957
1784479500000,64577.60,64585.00,64490.30,64510.70,244.137
1784480400000,64510.70,64671.00,64365.70,64670.90,1891.448
1784481300000,64671.00,64733.00,64599.90,64617.10,1083.016
1784482200000,64617.20,64700.20,64572.10,64592.40,457.807
1784483100000,64592.50,64592.50,64505.70,64520.00,524.863
1784484000000,64520.00,64529.10,64262.90,64447.90,1784.912
1784484900000,64447.90,64466.50,64366.00,64369.30,721.357
1784485800000,64369.20,64420.00,64318.00,64400.00,405.915
1784486700000,64400.10,64420.00,64336.50,64399.80,530.125
1784487600000,64399.80,64440.00,64319.50,64428.70,411.481
1784488500000,64428.70,64442.20,64392.00,64415.30,154.987
1784489400000,64415.40,64436.80,64382.00,64391.30,167.590
1784490300000,64391.20,64440.20,64359.50,64438.10,351.112
1784491200000,64438.10,64534.30,64438.00,64480.30,523.701
1784492100000,64480.20,64502.40,64443.30,64462.90,155.685
1784493000000,64463.00,64510.60,64451.00,64475.50,144.900
1784493900000,64475.50,64516.00,64446.00,64515.90,235.030
1784494800000,64516.00,64539.00,64462.80,64511.00,293.995
1784495700000,64510.90,64514.80,64430.00,64449.90,155.121
1784496600000,64450.00,64450.00,64320.00,64324.10,541.757
1784497500000,64324.10,64409.00,64305.00,64393.70,686.146
1784498400000,64393.60,64660.00,64319.30,64633.50,2523.460
1784499300000,64633.60,64874.90,64633.50,64726.50,2810.151
1784500200000,64726.50,64790.00,64653.40,64777.30,787.914
1784501100000,64777.20,64780.00,64635.00,64642.70,622.469
1784502000000,64642.80,64685.90,64534.90,64669.60,863.774
1784502900000,64669.70,64681.50,64606.00,64642.00,407.607
1784503800000,64642.10,64743.70,64610.20,64720.00,463.562
1784504700000,64720.00,64748.10,64625.60,64694.70,319.934
1784505600000,64694.80,65039.80,64534.60,64987.50,4134.612
1784506500000,64987.40,65084.60,64769.10,64843.80,2308.752
1784507400000,64843.80,64911.80,64756.50,64785.50,1139.516
1784508300000,64785.60,64785.60,64380.00,64526.00,2314.587
1784509200000,64526.00,65011.00,64473.00,64775.20,2449.733
1784510100000,64775.20,64923.60,64657.00,64820.70,1057.405
1784511000000,64820.70,64903.80,64668.80,64736.70,682.909
1784511900000,64736.80,64754.70,64470.00,64594.70,1288.686
1784512800000,64594.70,64920.00,64588.80,64794.50,1700.473
1784513700000,64794.60,64804.60,64551.60,64637.30,1243.541
1784514600000,64637.30,64864.20,64626.10,64801.70,848.079
1784515500000,64801.80,64940.00,64800.10,64800.10,970.225
1784516400000,64800.10,64860.10,64742.90,64812.90,452.124
1784517300000,64812.90,64860.10,64610.20,64650.40,819.000
1784518200000,64650.30,64876.40,64628.50,64876.40,674.710
1784519100000,64876.30,64887.00,64752.80,64839.40,632.794
1784520000000,64839.30,64843.40,64670.00,64674.30,566.365
1784520900000,64674.40,64757.00,64602.00,64733.60,737.777
1784521800000,64733.60,64789.90,64673.40,64700.10,471.236
1784522700000,64700.10,64704.20,64503.00,64511.30,1333.297
1784523600000,64511.40,64536.10,64046.00,64217.00,4180.340
1784524500000,64217.00,64359.30,64056.50,64160.00,2710.422
1784525400000,64159.90,64232.50,64080.00,64178.90,1286.585
1784526300000,64178.90,64182.00,64068.90,64101.70,946.195
1784527200000,64101.80,64173.10,64052.00,64170.00,963.693
1784528100000,64169.90,64198.30,64064.90,64107.20,660.014
1784529000000,64107.20,64130.00,63736.10,63793.70,6187.020
1784529900000,63793.70,63929.70,63738.00,63890.00,2380.375
1784530800000,63890.00,63984.10,63885.50,63941.50,976.890
1784531700000,63941.60,64115.50,63865.00,64101.60,1524.880
1784532600000,64101.70,64188.00,64062.40,64188.00,1171.449
1784533500000,64188.00,64285.50,64166.50,64250.00,1806.881
1784534400000,64250.00,64337.00,64200.00,64271.70,1637.193
1784535300000,64271.70,64333.00,64199.90,64210.30,1170.416
1784536200000,64210.30,64250.00,63858.10,63895.90,4384.398
1784537100000,63895.90,64086.10,63895.90,64031.40,1134.130
1784538000000,64031.40,64087.60,63984.50,64077.60,736.610
1784538900000,64077.70,64175.60,64058.60,64174.50,752.091
1784539800000,64174.50,64232.00,64155.50,64210.50,690.319
1784540700000,64210.50,64260.00,64176.60,64176.60,876.575
1784541600000,64176.60,64260.60,64137.00,64258.50,717.355
1784542500000,64258.60,64393.20,64224.60,64329.20,1471.008
1784543400000,64329.10,64329.20,64223.30,64304.90,806.483
1784544300000,64305.00,64327.30,64267.50,64280.50,351.083
1784545200000,64280.50,64425.30,64237.10,64360.00,1076.787
1784546100000,64360.10,64376.60,64294.70,64322.60,437.421
1784547000000,64322.50,64915.40,64316.00,64807.10,7970.582
1784547900000,64807.20,65048.30,64807.10,64970.80,3520.980
1784548800000,64970.80,64982.00,64668.10,64729.60,5608.823
1784549700000,64729.50,64781.40,64646.20,64674.00,1686.771
1784550600000,64673.90,64727.50,64572.00,64576.40,1397.247
1784551500000,64576.40,64718.10,64571.00,64627.20,1471.254
1784552400000,64627.10,64727.50,64600.00,64662.20,1068.891
1784553300000,64662.20,64698.20,64501.40,64528.10,1185.545
1784554200000,64528.00,64737.50,64471.00,64626.10,2926.337
1784555100000,64626.10,64736.50,64174.50,64315.00,4652.721
1784556000000,64315.00,64469.40,64248.00,64294.20,2120.627
1784556900000,64294.20,64444.00,64034.30,64441.20,3105.717
1784557800000,64441.20,64515.00,64313.20,64400.00,1314.740
1784558700000,64400.10,64550.00,64270.20,64393.00,1065.030
1784559600000,64393.00,64972.20,64386.80,64949.90,4728.081
1784560500000,64950.00,64998.00,64855.30,64923.30,3229.247
1784561400000,64923.40,65310.00,64780.00,65209.10,5846.903
1784562300000,65209.10,65688.00,65209.00,65570.10,12854.357
1784563200000,65570.10,65615.50,65396.30,65534.00,4585.435
1784564100000,65534.00,65542.20,65347.30,65418.20,2213.051
1784565000000,65418.20,65542.00,65301.80,65348.90,2535.761
1784565900000,65349.00,65489.80,65339.20,65478.60,1314.287
1784566800000,65478.60,65545.50,65411.30,65470.80,1979.418
1784567700000,65470.70,65490.00,65400.00,65476.40,681.091
1784568600000,65476.40,65484.20,65313.90,65332.40,922.742
1784569500000,65332.40,65642.00,65332.30,65560.00,2959.698
1784570400000,65560.00,65788.00,65535.70,65725.20,4326.154
1784571300000,65725.10,65747.90,65549.20,65561.00,1451.292
1784572200000,65561.00,65561.10,65317.10,65325.40,1743.496
1784573100000,65325.40,65330.30,65168.00,65215.80,3563.500
1784574000000,65215.70,65256.10,65068.10,65076.60,2614.317
1784574900000,65076.60,65177.30,65044.10,65131.20,1830.256
1784575800000,65131.30,65161.90,65011.40,65086.50,1834.933
1784576700000,65086.50,65161.90,65043.50,65119.30,1417.232
1784577600000,65119.30,65204.10,65030.20,65199.90,1026.646
1784578500000,65199.90,65303.00,65166.30,65262.00,1066.281
1784579400000,65262.00,65435.30,65248.20,65284.00,1512.397
1784580300000,65283.90,65359.10,65283.90,65344.70,784.754
1784581200000,65344.80,65344.80,65255.70,65290.60,521.943
1784582100000,65290.70,65326.00,65272.30,65278.10,216.974
1784583000000,65278.10,65416.40,65278.00,65328.30,665.433
1784583900000,65328.40,65354.10,65241.60,65258.50,468.496
1784584800000,65258.40,65258.50,65110.00,65177.90,846.658
1784585700000,65177.80,65228.00,65125.70,65187.90,518.283
1784586600000,65187.90,65205.00,65061.20,65109.00,870.424
1784587500000,65108.90,65123.80,65089.00,65118.70,389.742
1784588400000,65118.80,65203.10,65098.80,65129.00,499.054
1784589300000,65128.90,65237.90,65128.90,65213.80,590.846
1784590200000,65213.80,65231.00,65164.90,65194.00,354.102
1784591100000,65193.90,65244.90,65133.70,65224.80,585.164
1784592000000,65224.70,65224.80,65122.30,65152.40,715.743
1784592900000,65152.50,65399.80,65115.30,65321.90,1583.411
1784593800000,65321.80,65519.50,65317.30,65461.40,1093.490
1784594700000,65461.30,65561.00,65453.60,65538.90,951.678
1784595600000,65538.80,65634.40,65447.10,65513.30,1354.408
1784596500000,65513.40,65520.00,65396.80,65414.70,742.121
1784597400000,65414.70,65452.00,65289.50,65310.10,1402.643
1784598300000,65310.00,65315.30,65202.10,65205.10,873.730
1784599200000,65205.10,65387.80,65200.00,65261.30,1016.614
1784600100000,65261.30,65298.90,65145.10,65239.20,986.219
1784601000000,65239.20,65346.30,65239.00,65326.60,507.999
1784601900000,65326.70,65479.50,65281.20,65386.40,814.497
1784602800000,65386.40,65515.20,65380.00,65467.00,939.435
1784603700000,65467.00,65513.10,65401.50,65464.30,571.739
1784604600000,65464.40,65519.60,65419.40,65502.40,668.077
1784605500000,65502.40,65572.20,65421.70,65539.50,835.567
1784606400000,65539.50,65723.00,65502.10,65574.30,2598.798
1784607300000,65574.20,65649.20,65485.60,65488.90,825.326
1784608200000,65488.80,65550.00,65471.80,65516.40,614.355
1784609100000,65516.40,65525.00,65453.50,65494.20,555.526
1784610000000,65494.20,65537.40,65460.10,65510.70,742.418
1784610900000,65510.80,65630.00,65462.30,65575.00,719.550
1784611800000,65575.10,65661.90,65533.40,65623.80,562.086
1784612700000,65623.70,65927.90,65585.50,65724.90,4359.251
1784613600000,65724.80,65803.00,65604.80,65706.00,1180.524
1784614500000,65706.00,65825.10,65630.70,65798.60,1212.147
1784615400000,65798.60,65970.00,65779.00,65933.10,2463.766
1784616300000,65933.00,65950.00,65847.60,65892.40,1058.050
1784617200000,65892.50,65922.00,65828.20,65896.40,715.382
1784618100000,65896.50,65988.00,65863.00,65932.80,1143.583
1784619000000,65932.80,66125.10,65915.80,66015.40,3150.798
1784619900000,66015.30,66240.00,66003.00,66166.90,5286.181
1784620800000,66166.80,66269.50,66103.40,66263.30,2884.384
1784621700000,66263.30,66333.00,66171.80,66194.50,3099.005
1784622600000,66194.50,66337.80,66162.10,66279.80,1925.250
1784623500000,66279.80,66305.90,66178.00,66200.00,1187.189
1784624400000,66199.90,66213.60,66110.00,66187.70,1239.876
1784625300000,66187.80,66223.60,66158.40,66211.30,741.153
1784626200000,66211.20,66313.80,66199.60,66272.30,1079.970
1784627100000,66272.20,66320.40,66234.30,66261.20,708.984
1784628000000,66261.30,66372.10,66233.70,66331.30,1225.406
1784628900000,66331.40,66382.00,66280.70,66370.00,1431.076
1784629800000,66370.00,66390.00,66291.10,66317.60,1556.874
1784630700000,66317.60,66330.00,66145.50,66161.10,2126.833
1784631600000,66161.00,66229.00,66117.10,66204.70,1437.437
1784632500000,66204.70,66230.70,66154.90,66207.00,865.304
1784633400000,66207.00,66322.50,66203.30,66309.90,949.015
1784634300000,66309.90,66333.00,66292.40,66317.90,507.298
1784635200000,66317.90,66428.00,66236.00,66378.10,1643.045
1784636100000,66378.10,66483.10,66316.30,66430.80,1797.652
1784637000000,66430.80,66618.00,66395.60,66491.80,3297.146
1784637900000,66491.70,66559.80,66446.70,66527.70,1218.230
1784638800000,66527.70,66616.00,66477.60,66592.90,1371.098
1784639700000,66592.90,66636.90,66385.00,66410.10,2387.739
1784640600000,66410.10,66529.20,66290.40,66335.80,2910.769
1784641500000,66335.80,66777.00,66311.00,66748.80,5231.268
1784642400000,66748.70,66924.10,66694.80,66912.00,6377.540
1784643300000,66911.90,66912.00,66609.00,66700.00,3473.985
1784644200000,66700.00,66848.90,66620.70,66815.10,1644.060
1784645100000,66815.10,66890.30,66769.00,66804.30,1999.209
1784646000000,66804.30,66804.40,66615.50,66650.90,2191.691
1784646900000,66650.90,66710.00,66581.10,66581.40,1112.107
1784647800000,66581.50,66683.40,66487.90,66583.70,1924.457
1784648700000,66583.70,66691.50,66556.60,66648.50,984.708
1784649600000,66648.50,66736.70,66550.60,66580.70,1145.231
1784650500000,66580.70,66580.80,66489.80,66499.10,932.019
1784651400000,66499.20,66619.90,66464.00,66528.00,936.497
1784652300000,66528.10,66579.80,66428.50,66507.10,1074.972
1784653200000,66507.10,66537.10,66409.40,66435.60,765.383
1784654100000,66435.60,66467.00,66366.40,66416.70,1360.355
1784655000000,66416.70,66481.80,66363.10,66477.20,1054.139
1784655900000,66477.20,66480.00,65939.00,66181.10,9362.093
1784656800000,66181.10,66307.30,66071.20,66256.20,1937.686
1784657700000,66256.20,66281.50,66150.00,66206.70,737.463
1784658600000,66206.80,66280.00,66076.80,66248.60,906.151
1784659500000,66248.60,66333.00,66239.40,66287.50,895.300
1784660400000,66287.60,66344.50,66230.00,66266.70,973.858
1784661300000,66266.70,66386.00,66251.00,66365.90,501.534
1784662200000,66365.80,66457.50,66350.50,66425.10,1137.352
1784663100000,66425.00,66467.40,66371.00,66409.50,992.141
1784664000000,66409.50,66443.60,66326.30,66388.80,568.107
1784664900000,66388.70,66388.70,66330.00,66359.60,349.829
1784665800000,66359.60,66465.60,66359.60,66427.30,515.052
1784666700000,66427.40,66437.40,66373.80,66373.80,237.210
1784667600000,66373.80,66380.80,66271.60,66368.70,948.979
1784668500000,66368.70,66368.70,66292.00,66292.40,292.399
1784669400000,66292.40,66335.00,66261.70,66313.10,451.071
1784670300000,66313.20,66369.00,66306.20,66352.40,527.831
1784671200000,66352.40,66352.60,66275.00,66283.50,662.871
1784672100000,66283.60,66292.30,66172.00,66251.60,704.054
1784673000000,66251.60,66312.80,66230.00,66279.70,515.639
1784673900000,66279.70,66289.10,66208.60,66271.20,549.589
1784674800000,66271.30,66271.30,66200.00,66247.10,473.619
1784675700000,66247.10,66380.40,66247.00,66369.00,598.652
1784676600000,66369.00,66424.70,66349.30,66394.00,512.038
1784677500000,66394.00,66544.80,66390.70,66522.40,1500.931
1784678400000,66522.30,66659.10,66503.90,66651.40,1674.364
1784679300000,66651.40,66691.70,66551.90,66629.90,1248.049
1784680200000,66630.00,66711.00,66599.90,66681.00,844.289
1784681100000,66681.00,66706.40,66574.10,66591.70,1157.898
1784682000000,66591.80,66629.30,66450.70,66464.30,1014.336
1784682900000,66464.30,66472.00,66294.30,66327.10,1257.255
1784683800000,66327.10,66394.70,66253.00,66335.90,866.164
1784684700000,66335.80,66478.40,66327.80,66399.90,724.194
1784685600000,66399.90,66455.30,66337.00,66432.90,433.627
1784686500000,66432.90,66513.80,66375.00,66375.20,535.596
1784687400000,66375.20,66375.30,66270.00,66339.10,636.318
1784688300000,66339.00,66354.90,66264.90,66283.20,433.576
1784689200000,66283.20,66343.40,66141.70,66154.00,1233.097
1784690100000,66154.10,66285.00,66154.00,66252.20,593.584
1784691000000,66252.20,66287.90,66180.00,66247.30,490.602
1784691900000,66247.40,66329.20,66146.50,66176.70,658.109
1784692800000,66176.60,66320.00,66161.40,66307.70,477.606
1784693700000,66307.80,66369.80,66300.00,66332.90,579.174
1784694600000,66332.90,66399.00,66283.90,66387.60,606.054
1784695500000,66387.50,66387.60,66305.60,66349.30,250.805
1784696400000,66349.20,66349.30,66217.10,66245.70,502.917
1784697300000,66245.70,66245.80,66010.50,66044.40,2463.171
1784698200000,66044.50,66103.80,65951.00,65960.00,2728.180
1784699100000,65960.00,66008.70,65909.10,65954.50,2265.987
1784700000000,65954.40,66000.00,65850.00,65959.70,2109.372
1784700900000,65959.70,65959.80,65807.90,65833.90,1907.105
1784701800000,65833.90,65973.70,65800.10,65927.10,1386.172
1784702700000,65927.10,65940.00,65870.00,65906.80,623.522
1784703600000,65906.70,65941.50,65860.00,65878.00,852.318
1784704500000,65878.00,65915.30,65800.00,65877.60,1315.856
1784705400000,65877.70,65890.00,65668.60,65757.30,3004.315
1784706300000,65757.20,65830.80,65745.70,65813.40,1121.830
1784707200000,65813.40,66046.10,65813.40,66003.90,2307.287
1784708100000,66003.90,66140.50,65974.70,65991.20,1906.481
1784709000000,65991.20,66045.50,65900.00,65900.10,992.777
1784709900000,65900.10,65970.70,65900.10,65953.50,625.164
1784710800000,65953.40,66040.60,65934.10,65980.50,751.212
1784711700000,65980.50,66053.20,65962.30,65995.40,591.459
1784712600000,65995.30,65995.40,65824.10,65854.80,1222.259
1784713500000,65854.80,65922.00,65816.40,65896.40,658.743
1784714400000,65896.30,65925.00,65861.40,65892.40,596.103
1784715300000,65892.30,65944.80,65882.80,65933.80,568.228
1784716200000,65933.80,65970.30,65917.80,65957.10,1203.814
1784717100000,65957.10,66077.30,65957.00,66016.20,4753.532
1784718000000,66016.20,66048.80,65985.00,65985.10,658.063
1784718900000,65985.10,66057.90,65946.70,66019.40,576.730
1784719800000,66019.50,66035.40,65874.30,65879.90,1038.729
1784720700000,65879.80,66022.10,65872.10,65981.40,901.514
1784721600000,65981.30,65986.00,65834.90,65880.10,783.486
1784722500000,65880.10,65906.40,65810.20,65854.50,750.723
1784723400000,65854.40,65878.30,65732.00,65750.10,1462.771
1784724300000,65750.00,65800.00,65505.00,65604.20,4835.223
1784725200000,65604.10,65655.60,65553.90,65619.00,1461.786
1784726100000,65618.90,65619.00,65531.70,65590.60,1551.583
1784727000000,65590.70,65894.70,65571.40,65864.80,3487.309
1784727900000,65864.80,65956.00,65780.20,65924.90,2093.708
1784728800000,65924.90,66190.40,65866.00,65873.50,4422.284
1784729700000,65873.40,65873.50,65560.00,65591.40,3257.644
1784730600000,65591.30,65849.80,65556.30,65641.10,1847.003
1784731500000,65641.10,65772.30,65617.40,65770.20,1071.248
1784732400000,65770.20,65947.70,65770.00,65905.20,1658.733
1784733300000,65905.20,66100.00,65855.00,66044.20,3115.478
1784734200000,66044.10,66086.60,65920.00,65985.20,1389.948
1784735100000,65985.20,66043.30,65906.00,66014.80,709.759
1784736000000,66014.80,66125.70,65965.00,66090.20,1471.903
1784736900000,66090.20,66090.30,65877.00,65990.00,1077.275
1784737800000,65990.10,66363.60,65977.00,66260.00,4145.416
1784738700000,66259.90,66263.00,66120.00,66199.70,1074.869
1784739600000,66199.80,66249.30,66135.90,66137.00,753.068
1784740500000,66137.10,66140.60,65912.60,65963.00,1346.896
1784741400000,65962.90,66153.90,65951.00,66149.90,796.652
1784742300000,66149.90,66208.90,65981.80,65997.50,912.400
1784743200000,65997.50,66052.80,65946.10,65959.30,532.033
1784744100000,65959.30,66024.50,65810.20,65865.30,1422.798
1784745000000,65865.40,65865.40,65701.20,65751.10,1636.489
1784745900000,65751.00,65900.90,65738.00,65860.50,749.652
1784746800000,65860.60,65896.10,65650.20,65739.30,1012.089
1784747700000,65739.20,65897.00,65720.20,65863.80,688.264
1784748600000,65863.80,65916.80,65829.90,65829.90,450.214
1784749500000,65830.00,65924.00,65813.00,65891.10,1046.472
1784750400000,65891.20,65925.00,65753.00,65901.50,1113.630
1784751300000,65901.50,65954.30,65860.80,65900.40,695.363
1784752200000,65900.50,65912.80,65869.50,65912.80,289.551
1784753100000,65912.80,65912.80,65860.60,65887.80,221.502
1784754000000,65887.80,65905.00,65871.60,65897.70,303.779
1784754900000,65897.70,65912.80,65853.20,65877.00,250.430
1784755800000,65877.00,66102.70,65876.90,66085.90,1004.982
1784756700000,66086.00,66103.10,66003.40,66034.50,642.635
1784757600000,66034.50,66046.00,65933.80,65972.80,594.188
1784758500000,65972.80,66000.00,65891.80,65990.30,406.019
1784759400000,65990.20,65990.30,65897.30,65926.60,273.132
1784760300000,65926.50,66019.60,65910.70,66013.80,387.217
1784761200000,66013.90,66051.00,65825.50,65856.80,677.171
1784762100000,65856.80,65967.20,65808.50,65938.20,543.946
1784763000000,65938.10,65961.40,65918.90,65952.40,326.473
1784763900000,65952.30,66116.50,65943.80,66082.00,717.884
1784764800000,66082.00,66233.20,66021.60,66154.20,1430.602
1784765700000,66154.10,66284.10,66121.10,66218.00,1053.083
1784766600000,66218.00,66240.00,66110.00,66112.60,877.533
1784767500000,66112.60,66170.20,66020.00,66023.80,1108.133
1784768400000,66023.80,66180.00,65986.70,66013.40,1312.370
1784769300000,66013.40,66013.40,65863.30,65895.30,1526.705
1784770200000,65895.20,65914.80,65715.90,65755.20,1741.296
1784771100000,65755.20,65834.80,65743.10,65793.80,819.045
1784772000000,65793.70,65808.90,65700.00,65700.90,837.296
1784772900000,65700.90,65736.40,65616.30,65707.80,950.224
1784773800000,65707.70,65794.60,65690.00,65750.90,732.615
1784774700000,65750.90,65806.90,65722.10,65777.40,507.751
1784775600000,65777.40,65788.20,65560.00,65603.90,1795.414
1784776500000,65603.90,65658.50,65548.00,65611.60,1106.914
1784777400000,65611.50,65676.60,65593.00,65657.30,491.948
1784778300000,65657.20,65658.00,65613.00,65626.80,453.274
1784779200000,65626.70,65647.70,65558.00,65643.10,853.502
1784780100000,65643.00,65710.00,65608.20,65666.80,773.667
1784781000000,65666.70,65670.10,65585.10,65600.60,467.006
1784781900000,65600.60,65645.00,65565.00,65585.30,439.862
1784782800000,65585.40,65618.20,65543.10,65612.10,615.690
1784783700000,65612.20,65695.50,65573.30,65695.50,580.824
1784784600000,65695.60,65764.80,65674.40,65708.00,739.261
1784785500000,65708.00,65734.40,65620.00,65663.90,576.589
1784786400000,65663.90,65693.40,65600.00,65639.30,375.260
1784787300000,65639.40,65719.30,65593.90,65719.30,608.100
1784788200000,65719.30,65753.60,65680.20,65740.10,440.084
1784789100000,65740.10,65793.70,65738.00,65763.20,597.971
1784790000000,65763.30,65763.30,65313.70,65423.40,4392.232
1784790900000,65423.40,65453.10,65367.20,65408.60,1912.258
1784791800000,65408.50,65431.60,65350.00,65364.80,1240.979
1784792700000,65364.80,65428.40,65333.10,65405.30,985.188
1784793600000,65405.30,65534.90,65383.60,65503.50,1243.216
1784794500000,65503.60,65581.80,65476.50,65564.10,877.235
1784795400000,65564.10,65637.20,65557.60,65605.00,861.551
1784796300000,65605.00,65632.00,65562.70,65605.90,595.761
1784797200000,65605.80,65710.00,65573.80,65643.50,1139.094
1784798100000,65643.50,65732.30,65643.50,65684.20,652.739
1784799000000,65684.30,65704.90,65651.30,65699.90,488.559
1784799900000,65699.90,65703.40,65580.50,65607.90,750.636
1784800800000,65607.90,65690.00,65555.10,65690.00,907.104
1784801700000,65690.00,65736.10,65648.30,65736.10,627.623
1784802600000,65736.10,65756.20,65710.10,65748.70,571.537
1784803500000,65748.80,65756.60,65683.10,65704.20,731.705
1784804400000,65704.10,65709.40,65629.20,65683.00,521.409
1784805300000,65683.00,65687.80,65590.90,65594.10,493.278
1784806200000,65594.10,65611.20,65516.10,65528.00,684.072
1784807100000,65528.10,65599.30,65511.00,65525.40,676.067
1784808000000,65525.40,65557.80,65429.50,65480.40,1164.275
1784808900000,65480.40,65490.00,65361.00,65392.90,2184.419
1784809800000,65393.00,65398.20,65063.00,65083.30,6304.094
1784810700000,65083.30,65234.40,64927.30,65138.00,5899.738
1784811600000,65138.00,65200.00,64980.00,65011.30,2473.285
1784812500000,65011.40,65076.60,64927.90,64995.60,2261.414
1784813400000,64995.50,65174.60,64938.00,65066.30,3079.055
1784814300000,65066.30,65215.30,64839.10,64858.60,6288.876
1784815200000,64858.70,65058.00,64801.00,65032.00,4490.778
1784816100000,65032.00,65197.00,64991.70,65127.20,2955.020
1784817000000,65127.20,65187.80,65006.00,65006.10,1927.384
1784817900000,65006.00,65006.10,64823.40,64884.60,2329.505
1784818800000,64884.70,64900.70,64696.20,64745.90,5148.144
1784819700000,64745.90,64945.70,64738.80,64844.00,2269.006
1784820600000,64844.00,64960.00,64797.70,64878.70,1432.614
1784821500000,64878.70,65003.60,64837.40,64940.40,1291.580
1784822400000,64940.40,64940.50,64777.00,64854.40,1349.931
1784823300000,64854.40,64862.90,64725.80,64797.10,1076.226
1784824200000,64797.20,64797.20,64688.00,64721.40,1457.675
1784825100000,64721.30,64811.00,64706.00,64731.40,794.135
1784826000000,64731.50,64796.60,64705.90,64754.20,921.767
1784826900000,64754.10,64852.90,64720.80,64827.80,1271.966
1784827800000,64827.90,64877.60,64773.00,64813.50,706.471
1784828700000,64813.40,64859.50,64636.00,64654.40,1642.810
1784829600000,64654.40,64754.60,64654.30,64713.40,981.776
1784830500000,64713.50,64801.60,64680.00,64790.40,703.990
1784831400000,64790.40,64855.10,64751.90,64791.00,547.974
1784832300000,64790.90,64924.90,64790.90,64842.50,1075.925
1784833200000,64842.50,64908.10,64731.10,64786.90,816.253
1784834100000,64786.90,64877.20,64763.10,64871.50,454.452
1784835000000,64871.60,64906.20,64710.00,64731.50,692.595
1784835900000,64731.50,64852.40,64670.00,64820.70,1490.739
1784836800000,64820.70,65037.70,64809.70,65027.80,2281.723
1784837700000,65027.70,65176.00,65025.00,65141.40,2006.731
1784838600000,65141.30,65148.00,65078.40,65099.30,664.303
1784839500000,65099.30,65143.80,65080.00,65117.70,529.623
1784840400000,65117.60,65183.10,64979.90,65021.80,1128.315
1784841300000,65021.80,65114.80,64980.80,65087.90,490.828
1784842200000,65087.90,65087.90,65032.40,65069.90,334.649
1784843100000,65069.90,65137.40,65069.90,65137.40,507.269
1784844000000,65137.40,65188.80,65050.00,65064.80,639.179
1784844900000,65064.80,65168.70,64976.70,65111.20,1210.533
1784845800000,65111.10,65193.50,65111.10,65172.20,594.976
1784846700000,65172.30,65172.30,65102.90,65158.20,558.359
1784847600000,65158.20,65181.50,65120.00,65158.60,690.207
1784848500000,65158.60,65189.50,65113.20,65148.00,436.460
1784849400000,65147.90,65178.10,65113.20,65140.60,429.810
1784850300000,65140.50,65153.60,65018.80,65069.60,616.679
1784851200000,65069.60,65084.00,64865.30,64904.30,1872.480
1784852100000,64904.20,64964.00,64851.20,64853.80,728.291
1784853000000,64853.80,64898.80,64733.20,64824.90,1603.846
1784853900000,64824.80,64954.70,64824.80,64953.10,626.384
1784854800000,64953.00,65100.00,64912.40,65011.60,1345.070
1784855700000,65011.70,65095.10,64963.70,65002.60,579.464
1784856600000,65002.60,65146.40,65000.00,65070.90,709.824
1784857500000,65070.90,65107.00,65031.10,65053.20,455.390
1784858400000,65053.20,65164.80,65035.20,65140.80,502.604
1784859300000,65140.80,65144.30,65051.90,65124.60,608.219
1784860200000,65124.60,65124.60,64890.50,65029.50,1114.469
1784861100000,65029.50,65091.90,64907.40,65091.80,1006.084
1784862000000,65091.80,65295.60,65045.00,65293.30,2242.991
1784862900000,65293.40,65375.00,65272.30,65296.70,2049.227
1784863800000,65296.80,65395.80,65240.40,65382.90,1366.042
1784864700000,65382.90,65436.80,65360.30,65425.40,1460.702
1784865600000,65425.50,65440.00,65354.50,65361.80,1695.907
1784866500000,65361.90,65413.60,65300.60,65383.10,792.563
1784867400000,65383.10,65386.00,65268.00,65309.20,814.840
1784868300000,65309.30,65329.90,65235.40,65281.90,614.197
1784869200000,65282.00,65365.90,65213.00,65318.80,812.636
1784870100000,65318.70,65344.70,65300.00,65305.10,311.939
1784871000000,65305.10,65305.20,65230.10,65273.10,433.639
1784871900000,65273.00,65305.20,65255.80,65282.30,252.616
1784872800000,65282.40,65356.10,65245.60,65356.00,508.296
1784873700000,65355.90,65475.90,65326.30,65425.20,1678.497
1784874600000,65425.10,65490.00,65360.10,65428.80,903.864
1784875500000,65428.70,65450.00,65394.30,65441.60,482.133
1784876400000,65441.60,65741.50,65440.50,65740.00,3710.540
1784877300000,65739.90,65780.00,65592.70,65613.70,2884.025
1784878200000,65613.70,65672.00,65338.00,65348.40,4454.075
1784879100000,65348.30,65478.40,65340.10,65470.00,1806.594
1784880000000,65470.10,65477.20,65395.10,65410.10,1123.291
1784880900000,65410.10,65450.00,65280.90,65363.10,1063.889
1784881800000,65363.10,65425.50,65361.40,65412.60,645.285
1784882700000,65412.70,65420.00,65274.50,65274.60,830.061
1784883600000,65274.60,65290.70,65015.00,65015.10,3087.410
1784884500000,65015.10,65046.90,64919.70,64941.90,2342.227
1784885400000,64941.90,65075.00,64932.70,65050.10,1544.155
1784886300000,65050.00,65111.10,65047.00,65088.10,690.206
1784887200000,65088.20,65132.20,64970.00,64973.50,967.191
1784888100000,64973.50,65005.50,64940.40,64985.40,892.783
1784889000000,64985.30,65031.40,64970.10,64990.00,597.176
1784889900000,64990.00,65010.30,64878.00,64927.80,867.599
1784890800000,64927.70,64996.00,64886.20,64968.60,777.520
1784891700000,64968.70,65033.50,64968.60,64997.80,532.578
1784892600000,64997.90,65026.50,64908.10,64911.00,855.261
1784893500000,64911.00,65073.60,64821.90,65045.70,1868.736
1784894400000,65045.70,65073.90,64954.10,65041.00,786.810
1784895300000,65040.90,65110.10,64989.70,64993.30,885.872
1784896200000,64993.20,65029.00,64893.20,64893.30,736.897
1784897100000,64893.20,64927.30,64707.50,64746.60,2323.343
1784898000000,64746.50,64774.50,64330.00,64343.10,9302.577
1784898900000,64343.10,64515.60,64321.00,64355.10,3284.240
1784899800000,64355.00,64394.00,64180.50,64382.70,7246.043
1784900700000,64382.70,64417.40,63882.30,64129.10,9527.821
1784901600000,64129.10,64170.00,63944.00,63950.00,4046.532
1784902500000,63950.00,63973.20,63666.00,63835.60,7255.508
1784903400000,63835.60,63861.00,63762.00,63804.40,2971.593
1784904300000,63804.30,64036.50,63708.10,64031.40,4008.403
1784905200000,64031.30,64117.70,63824.30,64110.20,2563.724
1784906100000,64110.20,64169.60,63936.00,64101.90,3075.472
1784907000000,64102.00,64305.80,64024.80,64139.90,7255.099
1784907900000,64139.90,64198.60,64001.40,64065.10,2527.429
1784908800000,64065.10,64176.50,63978.00,64111.30,1651.059
1784909700000,64111.30,64142.40,64052.80,64062.20,821.067
1784910600000,64062.20,64062.20,63912.80,63912.90,1734.830
1784911500000,63912.80,63986.60,63854.30,63930.40,1171.229
1784912400000,63930.30,63987.60,63882.60,63939.80,827.186
1784913300000,63939.90,64122.10,63922.50,64073.30,1133.707
1784914200000,64073.30,64170.70,64062.40,64149.90,961.972
1784915100000,64150.00,64177.90,64110.00,64154.90,762.914
1784916000000,64154.90,64185.60,64135.20,64183.80,785.715
1784916900000,64183.80,64193.20,64104.10,64120.60,763.358
1784917800000,64120.60,64160.00,64106.30,64149.90,565.548
1784918700000,64149.90,64262.30,64140.00,64242.80,966.843
1784919600000,64242.70,64266.90,64113.40,64120.30,790.942
1784920500000,64120.20,64191.50,64118.10,64175.00,265.849
1784921400000,64174.90,64250.00,64169.80,64225.50,459.178
1784922300000,64225.60,64240.30,64130.10,64199.50,1014.237
1784923200000,64199.50,64260.10,64165.00,64183.60,534.445
1784924100000,64183.50,64237.10,64164.00,64210.80,215.127
1784925000000,64210.70,64210.80,64105.00,64153.20,1053.611
1784925900000,64153.20,64167.80,64110.00,64139.60,287.384
1784926800000,64139.60,64195.10,64105.00,64125.00,549.440
1784927700000,64124.90,64158.60,64120.60,64139.90,351.275
1784928600000,64140.00,64179.30,64102.00,64138.00,540.968
1784929500000,64138.00,64153.20,64098.70,64112.20,391.267
1784930400000,64112.20,64143.70,64098.70,64121.70,396.580
1784931300000,64121.60,64147.00,64116.60,64136.20,219.834
1784932200000,64136.10,64187.60,64136.10,64154.30,277.277
1784933100000,64154.20,64164.30,64132.70,64132.70,146.260
1784934000000,64132.80,64150.00,64118.00,64126.40,226.185
1784934900000,64126.30,64144.90,64107.50,64144.80,183.395
1784935800000,64144.90,64155.00,64102.20,64146.80,341.912
1784936700000,64146.80,64146.80,64102.20,64116.50,236.699
1784937600000,64116.50,64155.00,64104.30,64113.10,607.782
1784938500000,64113.10,64137.30,64105.40,64129.60,284.423
1784939400000,64129.60,64137.40,64069.10,64079.20,2428.948
1784940300000,64079.10,64079.10,64005.40,64049.60,3169.814
1784941200000,64049.60,64135.00,63977.00,63990.90,858.129
1784942100000,63990.90,64054.60,63980.30,64024.20,626.223
1784943000000,64024.20,64100.00,64006.80,64099.90,374.385
1784943900000,64099.90,64121.60,64033.90,64039.20,283.288
1784944800000,64039.10,64072.30,64032.60,64049.90,284.406
1784945700000,64050.00,64050.00,64000.00,64029.90,288.184
1784946600000,64030.00,64033.50,63993.80,64025.90,337.763
1784947500000,64025.90,64037.60,63988.40,64010.50,461.820
1784948400000,64010.50,64049.90,63988.40,64016.60,407.950
1784949300000,64016.60,64073.70,64016.60,64045.80,306.189
1784950200000,64045.80,64071.10,64034.20,64067.60,231.906
1784951100000,64067.60,64071.00,64020.30,64052.90,275.795
1784952000000,64053.00,64104.40,64052.90,64104.30,233.175
1784952900000,64104.40,64112.10,64073.30,64078.80,147.175
1784953800000,64078.80,64159.90,64054.70,64159.80,397.138
1784954700000,64159.90,64181.00,64113.70,64146.90,478.295
1784955600000,64147.00,64166.60,64118.80,64121.30,274.283
1784956500000,64121.30,64125.00,64111.50,64117.70,149.383
1784957400000,64117.60,64117.70,63990.70,64010.10,570.694
1784958300000,64010.00,64010.10,63940.70,63990.10,761.564
1784959200000,63990.00,64021.60,63985.90,64021.60,348.160
1784960100000,64021.60,64032.00,63959.80,63975.50,499.674
1784961000000,63975.50,63996.20,63933.30,63957.70,614.463
1784961900000,63957.70,63983.00,63933.20,63982.90,379.905
1784962800000,63982.90,63998.10,63976.00,63983.80,231.077
1784963700000,63983.80,64004.90,63966.80,63988.80,278.422
1784964600000,63988.80,64005.50,63968.40,63998.10,259.339
1784965500000,63998.20,64005.50,63972.90,63972.90,369.568
1784966400000,63973.00,63973.00,63897.50,63936.00,837.144
1784967300000,63936.00,63965.60,63935.90,63965.60,310.938
1784968200000,63965.60,63973.10,63917.00,63927.60,334.654
1784969100000,63927.50,63927.60,63760.50,63844.30,2084.698
1784970000000,63844.40,63887.70,63794.20,63840.00,658.898
1784970900000,63840.00,63911.60,63839.90,63910.10,445.683
1784971800000,63910.10,63928.20,63891.40,63910.30,369.178
1784972700000,63910.20,64000.00,63910.20,63973.90,686.343
1784973600000,63973.80,64009.90,63973.70,64009.90,400.367
1784974500000,64009.90,64013.90,63992.80,63998.50,265.423
1784975400000,63998.50,64000.00,63959.30,63996.50,355.013
1784976300000,63996.50,64039.70,63983.40,64039.60,731.168
1784977200000,64039.60,64065.90,64015.40,64041.50,383.037
1784978100000,64041.60,64060.00,64030.30,64049.70,228.374
1784979000000,64049.70,64078.50,64014.70,64025.70,384.295
1784979900000,64025.70,64046.70,64024.00,64031.30,217.807
1784980800000,64031.20,64052.20,64010.00,64034.80,392.902
1784981700000,64034.90,64041.30,64009.30,64016.30,225.723
1784982600000,64016.40,64069.90,64006.20,64069.80,281.770
1784983500000,64069.90,64088.20,64064.20,64088.20,266.250
1784984400000,64088.10,64105.20,64079.20,64094.40,389.414
1784985300000,64094.30,64108.50,64072.20,64099.10,290.193
1784986200000,64099.00,64168.80,64086.10,64167.00,654.971
1784987100000,64166.90,64236.80,64108.80,64136.90,1433.912
1784988000000,64136.80,64150.10,64079.20,64145.40,706.729
1784988900000,64145.50,64152.00,64100.00,64134.10,261.667
1784989800000,64134.20,64171.70,64134.00,64163.60,365.491
1784990700000,64163.60,64187.40,64140.10,64177.70,236.791
1784991600000,64177.70,64230.20,64151.60,64220.10,820.542
1784992500000,64220.00,64243.60,64162.30,64173.10,507.592
1784993400000,64173.20,64206.10,64150.00,64188.00,317.057
1784994300000,64188.00,64191.50,64135.50,64150.00,316.030
1784995200000,64150.10,64186.30,64124.80,64186.20,468.337
1784996100000,64186.30,64186.30,64092.20,64113.70,447.307
1784997000000,64113.80,64179.20,64111.10,64177.70,211.647
1784997900000,64177.80,64219.00,64157.10,64180.90,420.759
1784998800000,64180.80,64208.00,64162.10,64179.10,314.658
1784999700000,64179.10,64255.00,64179.10,64240.80,527.356
1785000600000,64240.90,64289.80,64221.30,64256.50,716.074
1785001500000,64256.40,64330.20,64218.10,64236.60,1062.527
1785002400000,64236.70,64392.50,64236.70,64325.50,1328.136
1785003300000,64325.50,64390.00,64313.60,64390.00,300.205
1785004200000,64390.00,64415.00,64350.40,64366.30,583.921
1785005100000,64366.30,64417.10,64362.00,64391.40,347.248
1785006000000,64391.30,64410.00,64370.50,64397.90,426.774
1785006900000,64397.90,64397.90,64361.90,64378.00,459.472
1785007800000,64378.00,64385.50,64366.20,64369.90,300.983
1785008700000,64370.00,64405.00,64351.40,64359.60,358.953
1785009600000,64359.70,64367.80,64310.60,64342.80,400.733
1785010500000,64342.80,64360.80,64307.70,64344.20,260.861
1785011400000,64344.10,64344.20,64288.40,64295.00,278.004
1785012300000,64295.10,64327.50,64282.90,64303.90,272.973
1785013200000,64304.00,64307.00,64233.50,64254.00,398.205
1785014100000,64254.00,64268.40,64233.00,64268.40,150.068
1785015000000,64268.40,64341.70,64268.30,64310.50,322.415
1785015900000,64310.60,64407.10,64301.10,64318.50,650.449
1785016800000,64318.60,64375.10,64318.50,64375.10,266.900
1785017700000,64375.00,64392.60,64348.30,64362.50,187.519
1785018600000,64362.40,64376.30,64328.00,64371.50,219.467
1785019500000,64371.60,64393.00,64338.60,64377.60,194.368
1785020400000,64377.70,64393.00,64365.00,64378.20,362.462
1785021300000,64378.10,64387.60,64358.40,64368.00,165.578
1785022200000,64367.90,64393.40,64357.30,64357.30,257.896
1785023100000,64357.30,64367.40,64331.90,64338.10,206.005
1785024000000,64338.00,64413.70,64317.90,64405.60,414.223
1785024900000,64405.50,64465.60,64390.00,64444.40,586.850
1785025800000,64444.40,64457.90,64379.30,64388.10,399.521
1785026700000,64388.10,64482.70,64370.20,64482.60,520.841
1785027600000,64482.70,64514.10,64432.20,64472.70,791.254
1785028500000,64472.70,64475.30,64434.20,64444.70,192.914
1785029400000,64444.80,64473.10,64433.00,64450.00,339.238
1785030300000,64450.00,64460.50,64422.60,64434.30,261.240
1785031200000,64434.30,64450.50,64394.00,64450.50,311.650
1785032100000,64450.40,64453.10,64412.60,64452.20,235.697
1785033000000,64452.10,64459.20,64398.00,64410.10,177.567
1785033900000,64410.10,64500.00,64410.00,64490.60,415.691
1785034800000,64490.60,64553.90,64453.20,64550.00,482.024
1785035700000,64550.00,64550.10,64503.00,64523.80,436.306
1785036600000,64523.90,64549.80,64505.00,64510.50,362.062
1785037500000,64510.60,64526.20,64500.00,64518.80,280.190
1785038400000,64518.90,64523.70,64473.80,64474.90,310.719
1785039300000,64474.80,64525.10,64452.90,64525.10,277.115
1785040200000,64525.10,64548.00,64509.00,64548.00,259.448
1785041100000,64548.00,64566.00,64485.10,64493.10,662.950
1785042000000,64493.20,64493.20,64460.90,64490.30,285.669
1785042900000,64490.30,64490.50,64456.80,64456.90,220.452
1785043800000,64456.90,64456.90,64359.30,64446.50,1053.709
1785044700000,64446.50,64446.60,64385.00,64386.00,462.509
1785045600000,64386.00,64406.80,64314.40,64323.70,1006.691
1785046500000,64323.60,64332.70,64256.40,64270.20,938.404
1785047400000,64270.20,64366.10,64265.50,64347.60,608.398
1785048300000,64347.60,64428.70,64343.50,64408.90,598.551
1785049200000,64409.00,64439.10,64364.10,64395.90,431.322
1785050100000,64395.90,64410.00,64331.50,64340.50,308.274
1785051000000,64340.60,64350.00,64313.50,64320.90,506.428
1785051900000,64320.90,64350.00,64320.80,64341.20,198.605
1785052800000,64341.30,64365.30,64320.20,64365.30,264.784
1785053700000,64365.20,64388.00,64349.90,64371.10,263.789
1785054600000,64371.10,64416.60,64367.10,64416.50,225.127
1785055500000,64416.60,64467.50,64416.50,64450.10,404.766
1785056400000,64450.00,64488.00,64450.00,64468.10,346.425
1785057300000,64468.00,64523.90,64466.10,64507.80,468.969
1785058200000,64507.80,64521.00,64476.90,64519.10,450.507
1785059100000,64519.20,64525.20,64507.00,64512.30,349.363
1785060000000,64512.30,64512.30,64479.00,64483.90,690.863
1785060900000,64483.90,64518.70,64472.40,64493.70,310.486
1785061800000,64493.70,64528.90,64493.70,64528.90,248.127
1785062700000,64528.80,64557.30,64483.90,64490.90,459.746
1785063600000,64491.00,64507.20,64476.80,64481.90,335.520
1785064500000,64481.80,64499.70,64476.90,64476.90,184.550
1785065400000,64477.00,64477.00,64470.00,64470.00,196.364
1785066300000,64470.10,64488.90,64470.00,64481.40,252.403
1785067200000,64481.50,64639.00,64481.40,64577.40,1721.190
1785068100000,64577.50,64594.20,64479.50,64554.10,743.456
1785069000000,64554.10,64554.10,64470.00,64470.10,531.559
1785069900000,64470.00,64470.10,64405.90,64434.20,955.055
1785070800000,64434.20,64444.50,64379.70,64392.00,770.958
1785071700000,64391.90,64492.00,64391.90,64440.00,572.727
1785072600000,64440.00,64534.40,64430.30,64534.40,350.463
1785073500000,64534.40,64548.30,64486.50,64491.80,347.650
1785074400000,64491.90,64748.30,64491.80,64678.60,3094.470
1785075300000,64678.50,64678.50,64590.30,64605.10,548.650
1785076200000,64605.10,64702.20,64588.30,64658.30,638.458
1785077100000,64658.30,64732.50,64653.40,64687.20,745.148
1785078000000,64687.20,64744.80,64640.00,64640.10,700.456
1785078900000,64640.00,64757.00,64640.00,64727.80,1096.501
1785079800000,64727.90,64819.30,64700.00,64775.50,1294.007
1785080700000,64775.40,64775.50,64706.70,64733.60,574.307
1785081600000,64733.50,64770.20,64670.10,64687.70,949.494
1785082500000,64687.70,64786.80,64685.10,64770.70,653.432
1785083400000,64770.80,64909.00,64769.80,64796.40,1843.878
1785084300000,64796.40,64810.00,64700.00,64700.00,836.943
1785085200000,64700.00,64744.80,64639.90,64744.00,1079.321
1785086100000,64743.90,64769.10,64682.70,64685.80,372.176
1785087000000,64685.80,64726.60,64640.50,64657.40,373.892
1785087900000,64657.50,64685.60,64642.90,64663.20,294.038
1785088800000,64663.30,64678.80,64645.60,64654.20,320.638
1785089700000,64654.20,64678.70,64634.00,64659.90,265.930
1785090600000,64660.00,64698.00,64649.30,64676.40,196.797
1785091500000,64676.50,64749.40,64676.40,64706.80,352.378
1785092400000,64706.80,64716.20,64638.80,64646.90,182.416
1785093300000,64646.80,64714.60,64646.80,64692.60,277.180
1785094200000,64692.70,64729.40,64687.90,64696.30,211.557
1785095100000,64696.20,64696.30,64663.90,64665.50,120.331
1785096000000,64665.60,64676.20,64655.80,64669.20,142.331
1785096900000,64669.10,64669.20,64606.30,64623.80,354.193
1785097800000,64623.80,64647.50,64623.10,64637.30,144.676
1785098700000,64637.30,64637.30,64616.20,64621.30,107.068
1785099600000,64621.20,64690.00,64621.20,64665.70,242.539
1785100500000,64665.80,64841.60,64665.70,64788.80,676.295
1785101400000,64788.90,64821.10,64762.20,64764.80,461.390
1785102300000,64764.90,64897.10,64764.90,64821.70,548.780
1785103200000,64821.70,65223.00,64821.70,65181.80,5865.209
1785104100000,65181.90,65234.00,65137.80,65188.80,1342.030
1785105000000,65188.80,65480.00,65168.50,65445.40,4789.772
1785105900000,65445.40,65468.60,65352.00,65384.70,1655.267
1785106800000,65384.70,65555.00,65356.70,65382.20,3301.201
1785107700000,65382.20,65468.50,65280.70,65305.90,1614.836
1785108600000,65305.90,65385.40,65245.60,65379.30,892.629
1785109500000,65379.40,65440.00,65319.20,65375.10,821.190
1785110400000,65375.20,65398.80,65153.00,65197.10,1811.044
1785111300000,65197.10,65233.00,65063.90,65162.90,2019.635
1785112200000,65162.90,65196.90,65080.20,65130.20,970.519
1785113100000,65130.10,65162.60,65033.00,65106.00,818.525
1785114000000,65106.00,65178.90,65015.50,65027.70,1207.123
1785114900000,65027.70,65056.80,64955.30,64993.30,1242.914
1785115800000,64993.30,65093.80,64872.00,65066.40,1862.008
1785116700000,65066.50,65196.70,65049.60,65179.80,1162.187
1785117600000,65179.90,65194.90,65130.70,65171.80,757.476
1785118500000,65171.90,65219.70,65120.00,65156.50,595.284
1785119400000,65156.60,65254.40,65088.00,65213.10,649.576
1785120300000,65213.10,65239.40,65099.00,65145.70,408.283
1785121200000,65145.60,65270.80,65143.50,65256.70,596.092
1785122100000,65256.60,65315.50,65232.10,65290.70,679.603
1785123000000,65290.80,65335.70,65227.50,65326.10,511.782
1785123900000,65326.20,65344.00,65239.10,65261.50,543.806
1785124800000,65261.50,65348.30,65216.70,65292.40,765.593
1785125700000,65292.50,65484.60,65261.20,65294.50,1606.090
1785126600000,65294.50,65411.40,65216.00,65366.00,801.843
1785127500000,65366.00,65366.00,65252.70,65257.20,432.924
1785128400000,65257.20,65367.60,65251.00,65340.10,553.382
1785129300000,65340.20,65415.60,65313.70,65385.50,517.323
1785130200000,65385.60,65400.00,65333.60,65360.40,438.339
1785131100000,65360.40,65468.20,65321.20,65434.30,543.335
1785132000000,65434.20,65722.50,65423.60,65570.90,3876.131
1785132900000,65570.90,65616.20,65427.70,65464.70,1392.356
1785133800000,65464.70,65555.00,65439.00,65502.20,671.223
1785134700000,65502.20,65508.20,65377.50,65388.00,885.689
1785135600000,65388.00,65418.30,65313.70,65399.10,1178.535
1785136500000,65399.10,65421.30,65368.00,65380.80,461.689
1785137400000,65380.90,65380.90,65190.00,65262.80,1555.596
1785138300000,65262.90,65303.40,65191.30,65195.90,966.048
1785139200000,65196.00,65227.70,65138.00,65166.60,1265.466
1785140100000,65166.60,65234.00,65106.70,65209.00,1021.213
1785141000000,65209.10,65211.10,65130.90,65132.10,676.800
1785141900000,65132.20,65180.00,65092.30,65133.00,814.410
1785142800000,65132.90,65132.90,65066.30,65092.10,848.554
1785143700000,65092.10,65210.50,65092.10,65198.30,645.151
1785144600000,65198.20,65315.70,65176.80,65276.00,1180.383
1785145500000,65275.90,65281.40,65234.40,65234.40,559.609
1785146400000,65234.50,65253.00,65202.10,65228.50,493.837
1785147300000,65228.50,65369.40,65218.50,65322.80,714.579
1785148200000,65322.90,65390.00,65315.00,65381.20,633.908
1785149100000,65381.30,65412.80,65300.00,65314.70,518.812
1785150000000,65314.70,65314.80,65226.80,65229.90,519.704
1785150900000,65229.80,65241.80,65100.00,65100.00,823.342
1785151800000,65100.10,65185.60,65092.00,65130.00,658.665
1785152700000,65130.10,65130.10,65061.10,65073.10,729.975
1785153600000,65073.10,65240.20,65041.90,65061.50,2165.860
1785154500000,65061.50,65121.80,64976.60,64984.60,1410.289
1785155400000,64984.60,65031.90,64811.00,65023.20,3506.378
1785156300000,65023.20,65111.00,64992.50,65065.00,1411.049
1785157200000,65065.00,65099.00,64938.60,64944.50,868.692
1785158100000,64944.40,65032.00,64885.30,64922.50,1281.632
1785159000000,64922.50,65666.60,64919.50,65637.70,7385.784
1785159900000,65637.70,65689.60,65121.90,65189.40,6913.780
1785160800000,65189.40,65409.30,65103.10,65330.80,3078.830
1785161700000,65330.80,65368.00,64845.40,64845.40,3936.057
1785162600000,64845.50,64856.90,64418.90,64445.20,8475.700
1785163500000,64445.10,64681.60,64440.20,64663.40,3217.786
1785164400000,64663.40,64748.70,64545.40,64698.80,2531.419
1785165300000,64698.80,64750.00,64520.60,64624.30,1688.623
1785166200000,64624.30,64669.80,64374.40,64546.40,3806.318
1785167100000,64546.40,64609.90,64500.00,64517.10,1018.686
1785168000000,64517.20,64658.30,64500.20,64586.50,1256.043
1785168900000,64586.50,64767.20,64479.00,64701.70,1866.477
1785169800000,64701.80,64941.70,64701.70,64894.40,2670.111
1785170700000,64894.40,64919.80,64774.10,64871.00,1060.087
1785171600000,64871.00,64921.70,64761.70,64864.80,1014.110
1785172500000,64864.80,65035.80,64848.60,64975.40,1540.014
1785173400000,64975.40,65069.40,64961.80,64972.70,773.427
1785174300000,64972.70,65005.30,64926.20,64994.30,773.816
1785175200000,64994.20,65034.90,64933.70,64933.70,523.939
1785176100000,64933.70,64933.80,64812.00,64895.40,859.859
1785177000000,64895.40,64913.00,64727.30,64815.40,1358.648
1785177900000,64815.30,64855.50,64737.70,64854.70,900.274
1785178800000,64854.70,65000.00,64782.00,64950.00,1006.986
1785179700000,64949.90,65007.20,64901.40,64971.60,580.394
1785180600000,64971.60,65056.80,64942.60,64953.20,505.661
1785181500000,64953.10,64963.00,64889.30,64959.20,549.587
1785182400000,64959.20,65030.80,64913.00,64931.00,692.375
1785183300000,64931.00,64992.90,64873.60,64992.80,380.936
1785184200000,64992.80,65003.40,64921.40,64921.60,205.875
1785185100000,64921.70,64942.40,64877.10,64940.40,392.173
1785186000000,64940.30,64940.40,64868.10,64880.00,298.431
1785186900000,64880.10,64880.10,64790.20,64800.60,443.113
1785187800000,64800.60,64860.60,64762.10,64798.70,467.147
1785188700000,64798.70,64843.90,64765.00,64790.20,405.814
1785189600000,64790.30,64790.30,64638.30,64700.30,1290.166
1785190500000,64700.20,64727.20,64534.10,64574.60,898.536
1785191400000,64574.60,64577.10,64063.80,64183.50,5760.071
1785192300000,64183.50,64193.90,63755.30,63755.40,8500.377
1785193200000,63755.50,63819.50,63567.00,63765.60,7603.736
1785194100000,63765.60,63903.60,63688.20,63846.00,2513.394
1785195000000,63845.90,63890.00,63592.60,63655.00,2029.670
1785195900000,63655.00,63756.90,63625.70,63720.80,1427.242
1785196800000,63720.70,63760.40,63461.20,63654.10,3473.834
1785197700000,63654.00,63794.30,63550.40,63675.00,1537.890
1785198600000,63674.90,63681.70,63532.50,63580.00,1069.231
1785199500000,63579.90,63593.70,63439.10,63453.10,1828.790
1785200400000,63453.10,63500.00,63021.00,63172.80,7343.419
1785201300000,63172.70,63321.00,63109.00,63277.20,3220.561
1785202200000,63277.20,63365.90,63143.10,63165.00,1960.837
1785203100000,63165.00,63279.90,63141.00,63195.90,829.951
1785204000000,63195.90,63255.00,63120.90,63234.20,1382.795
1785204900000,63234.30,63269.80,63168.40,63200.20,1303.244
1785205800000,63200.30,63210.00,63091.80,63100.00,1278.012
1785206700000,63100.00,63171.10,63069.80,63148.20,1026.872
1785207600000,63148.10,63261.50,63131.90,63238.30,1123.176
1785208500000,63238.30,63310.10,63212.10,63261.40,1126.710
1785209400000,63261.40,63342.80,63202.00,63319.60,978.226
1785210300000,63319.60,63333.00,63250.00,63310.10,838.238
1785211200000,63310.00,63323.10,63250.90,63311.90,2438.282
1785212100000,63311.90,63333.30,63258.70,63260.20,1055.157
1785213000000,63260.10,63266.20,63187.20,63258.70,619.886
1785213900000,63258.60,63329.20,63254.90,63323.50,571.067
1785214800000,63323.50,63464.80,63294.90,63418.20,1366.011
1785215700000,63418.20,63588.00,63418.10,63514.30,2340.647
1785216600000,63514.30,63522.10,63401.10,63522.10,1240.695
1785217500000,63522.10,63538.50,63417.40,63417.40,496.623
1785218400000,63417.50,63433.80,63365.40,63390.40,846.170
1785219300000,63390.30,63500.00,63390.30,63495.80,614.856
1785220200000,63495.80,63553.90,63473.40,63542.90,693.104
1785221100000,63542.80,63642.20,63510.50,63609.40,1650.652
1785222000000,63609.40,63635.40,63516.60,63554.40,1539.473
1785222900000,63554.30,63565.80,63486.60,63542.90,892.180
1785223800000,63542.90,63548.40,63448.40,63453.50,625.259
1785224700000,63453.50,63497.60,63421.00,63476.80,826.961
1785225600000,63476.80,63513.90,63404.70,63404.80,777.167
1785226500000,63404.80,63465.40,63402.10,63450.40,498.299
1785227400000,63450.40,63490.00,63380.80,63471.60,616.214
1785228300000,63471.50,63484.80,63370.10,63401.70,524.079
1785229200000,63401.60,63437.80,63360.50,63399.70,712.779
1785230100000,63399.70,63470.10,63382.80,63466.80,823.708
1785231000000,63466.80,63557.00,63449.40,63487.70,1966.706
1785231900000,63487.70,63528.50,63337.70,63367.80,874.711
1785232800000,63367.80,63384.90,63292.70,63320.00,2611.956
1785233700000,63319.90,63407.90,63263.50,63354.90,1142.715
1785234600000,63355.00,63501.00,63335.00,63500.60,2560.664
1785235500000,63500.60,63532.10,63438.00,63439.60,832.002
1785236400000,63439.60,63481.10,63335.30,63335.60,698.604
1785237300000,63335.60,63569.00,63322.60,63427.50,1192.111
1785238200000,63427.40,63558.40,63336.70,63376.00,1169.139
1785239100000,63376.00,63487.80,63367.70,63430.80,703.714
1785240000000,63430.70,63510.70,63401.10,63415.60,754.544
1785240900000,63415.50,63487.00,63397.00,63401.60,603.400
1785241800000,63401.70,63456.10,63355.40,63450.00,869.659
1785242700000,63450.00,63548.80,63405.00,63520.10,1061.090
1785243600000,63520.10,63568.60,63449.90,63479.70,918.289
1785244500000,63479.70,63479.70,63277.00,63282.60,1676.333
1785245400000,63282.60,63366.40,62815.00,62966.10,7647.255
1785246300000,62966.10,63098.30,62660.10,63078.90,6562.595
1785247200000,63078.90,63281.60,63078.80,63128.50,3111.682
1785248100000,63128.40,63220.00,62937.00,63158.20,2640.243
1785249000000,63158.20,63398.00,63125.40,63327.20,2457.524
1785249900000,63327.30,63521.00,63290.20,63384.10,2549.624
1785250800000,63384.00,63472.00,63231.90,63432.50,2241.120
1785251700000,63432.40,63949.90,63340.60,63722.30,7293.960
1785252600000,63722.30,63919.80,63667.10,63841.20,2489.679
1785253500000,63841.10,64014.20,63767.00,63899.40,3210.705
1785254400000,63899.50,63912.30,63780.00,63791.90,1385.120
1785255300000,63791.90,63930.00,63768.00,63809.60,959.330
1785256200000,63809.60,63920.00,63746.40,63889.80,1149.126
1785257100000,63889.80,64084.50,63840.30,64020.00,2211.509
1785258000000,64019.90,64020.00,63769.40,63782.90,1499.003
1785258900000,63782.90,63813.30,63675.00,63710.00,1500.678
1785259800000,63710.00,63710.10,63477.20,63538.30,2501.974
1785260700000,63538.30,63666.30,63537.70,63666.00,836.933
1785261600000,63666.00,63824.00,63654.60,63670.70,1267.180
1785262500000,63670.80,63720.40,63651.70,63679.50,523.644
1785263400000,63679.40,63753.30,63646.60,63730.90,371.886
1785264300000,63731.00,63780.00,63664.00,63710.80,358.602
1785265200000,63710.80,63837.60,63710.80,63739.30,534.690
1785266100000,63739.30,63775.20,63699.80,63728.50,438.198
1785267000000,63728.60,63857.80,63663.30,63676.70,725.252
1785267900000,63676.70,63882.40,63650.10,63882.40,967.867
1785268800000,63882.40,63972.60,63850.40,63960.70,1213.218
1785269700000,63960.70,63993.20,63869.90,63880.00,891.982
1785270600000,63880.00,63918.70,63853.40,63906.10,702.832
1785271500000,63906.10,63920.10,63873.40,63890.80,282.487
1785272400000,63890.70,63971.00,63887.40,63895.10,461.272
1785273300000,63895.10,63908.70,63863.80,63894.20,276.987
1785274200000,63894.20,64042.10,63878.60,64009.90,1030.444
1785275100000,64010.00,64047.90,63943.60,63950.10,576.173
1785276000000,63950.10,63994.60,63885.90,63969.00,653.930
1785276900000,63969.00,64000.00,63893.40,63893.40,584.243
1785277800000,63893.40,63893.40,63833.70,63852.90,952.763
1785278700000,63852.90,63852.90,63739.80,63754.60,1085.454
1785279600000,63754.60,63766.40,63575.10,63599.80,2002.341
1785280500000,63599.80,63636.10,63526.00,63607.50,1465.201
1785281400000,63607.60,63826.40,63607.50,63814.50,1758.011
1785282300000,63814.50,63934.30,63792.10,63903.60,1174.453
1785283200000,63903.60,64175.00,63901.40,63987.20,2504.106
1785284100000,63987.20,64066.00,63922.90,63986.50,1027.381
1785285000000,63986.50,64077.90,63846.00,64059.90,1129.221
1785285900000,64059.90,64169.40,63905.60,63927.50,1110.593
1785286800000,63927.50,63978.70,63770.60,63795.20,1129.944
1785287700000,63795.30,63924.00,63747.00,63890.80,1201.177
1785288600000,63890.70,63916.60,63762.40,63786.10,983.911
1785289500000,63786.10,63811.80,63657.80,63682.50,1391.906
1785290400000,63682.50,63849.20,63630.00,63812.20,1520.049
1785291300000,63812.30,64002.10,63662.80,64002.10,1208.133
1785292200000,64002.10,64110.50,63925.30,64003.40,1735.418
1785293100000,64003.50,64022.80,63891.60,63955.00,958.455
1785294000000,63955.00,63984.70,63819.00,63913.30,1042.818
1785294900000,63913.30,63947.10,63759.10,63773.50,973.146
1785295800000,63773.50,63854.20,63684.70,63749.10,1647.433
1785296700000,63749.10,63780.00,63687.00,63727.00,1329.543
1785297600000,63727.00,63748.90,63569.50,63719.60,1593.355
1785298500000,63719.60,63813.40,63606.10,63785.20,1143.101
1785299400000,63785.20,63935.30,63753.30,63841.10,783.244
1785300300000,63841.00,63950.00,63821.00,63944.20,777.021
1785301200000,63944.30,63999.00,63906.60,63975.10,1044.968
1785302100000,63975.10,63975.20,63866.40,63928.20,798.664
1785303000000,63928.20,64025.00,63894.00,63994.30,805.901
1785303900000,63994.40,64071.10,63984.70,64045.30,925.165
1785304800000,64045.30,64126.20,64004.70,64098.70,1243.626
1785305700000,64098.70,64385.00,64070.30,64379.80,3533.141
1785306600000,64379.80,64444.00,64360.10,64439.40,2819.831
1785307500000,64439.50,64439.50,64367.70,64407.70,1679.206
1785308400000,64407.80,64465.20,64376.10,64435.90,1639.231
1785309300000,64435.90,64483.90,64404.00,64481.90,1426.281
1785310200000,64481.80,64490.00,64411.90,64468.60,825.546
1785311100000,64468.70,64544.00,64428.60,64539.00,1562.350
1785312000000,64539.10,64556.60,64327.90,64342.20,2591.419
1785312900000,64342.30,64375.30,64258.30,64275.60,1379.912
1785313800000,64275.60,64402.50,64251.00,64402.50,1017.158
1785314700000,64402.50,64497.00,64366.60,64391.20,699.735
1785315600000,64391.20,64440.00,64353.20,64430.10,540.715
1785316500000,64430.20,64450.00,64397.10,64435.70,581.334
1785317400000,64435.80,64676.90,64435.80,64572.50,3051.322
1785318300000,64572.50,64715.90,64482.80,64660.70,1731.891
1785319200000,64660.80,64680.00,64590.90,64634.70,1357.621
1785320100000,64634.70,64691.40,64580.60,64593.70,805.696
1785321000000,64593.70,64650.00,64534.70,64636.00,813.178
1785321900000,64635.90,64636.00,64381.20,64444.00,1718.885
1785322800000,64444.00,64514.50,64408.80,64490.00,896.597
1785323700000,64490.00,64565.20,64445.30,64461.10,814.887
1785324600000,64461.20,64469.00,64390.40,64391.00,707.063
1785325500000,64391.00,64480.00,64388.00,64480.00,509.619
1785326400000,64479.90,64480.00,64400.00,64422.80,661.864
1785327300000,64422.80,64422.80,64243.90,64304.60,1793.004
1785328200000,64304.70,64355.50,64250.10,64305.10,888.762
1785329100000,64305.10,64313.60,64175.40,64248.20,1029.802
1785330000000,64248.20,64305.70,64190.00,64298.60,1378.476
1785330900000,64298.60,64305.50,64113.60,64177.70,1700.463
1785331800000,64177.60,64467.80,64114.70,64444.40,3349.675
1785332700000,64444.30,64639.90,64281.40,64634.60,4166.150
1785333600000,64634.60,64688.00,64203.00,64236.40,2857.345
1785334500000,64236.40,64375.30,64091.20,64171.90,2479.182
1785335400000,64171.40,64282.70,64019.00,64071.80,2104.943
1785336300000,64071.90,64232.40,64026.10,64078.10,1445.969
1785337200000,64078.20,64170.70,64034.10,64106.50,1073.817
1785338100000,64106.60,64137.00,63940.00,64071.10,2207.042
1785339000000,64071.00,64163.40,63946.40,63958.20,1664.269
1785339900000,63958.10,64025.60,63857.40,63940.20,1859.796
1785340800000,63940.20,63985.80,63873.10,63927.80,1843.667
1785341700000,63927.80,64131.90,63891.30,63998.60,1580.998
1785342600000,63998.50,64054.00,63600.00,63669.10,4238.126
1785343500000,63669.20,63811.60,63630.00,63786.60,2542.332
1785344400000,63786.60,63854.70,63680.10,63849.90,2111.845
1785345300000,63849.90,63850.00,63723.40,63738.20,932.547
1785346200000,63738.20,63957.80,63710.50,63942.30,1170.166
1785347100000,63942.20,64287.30,63905.70,64247.50,2871.188
1785348000000,64247.40,64703.90,64227.90,64313.70,11553.907
1785348900000,64313.70,64370.00,63956.60,64071.90,3789.319
1785349800000,64072.00,64433.40,63742.90,64381.00,5661.846
1785350700000,64380.90,64620.00,64325.50,64484.50,3778.940
1785351600000,64484.40,64575.70,64151.00,64259.00,3281.782
1785352500000,64259.00,64393.90,63931.80,64013.30,3071.452
1785353400000,64013.10,64095.70,63820.20,63853.60,2499.816
1785354300000,63853.50,63882.10,63483.90,63564.10,5442.195
1785355200000,63564.00,63623.80,63336.00,63585.40,4539.692
1785356100000,63585.50,63701.30,63371.60,63500.00,2674.209
1785357000000,63500.10,63721.00,63470.40,63562.20,1756.161
1785357900000,63562.20,63584.00,63445.00,63487.90,834.135
1785358800000,63487.80,63500.10,63234.00,63459.30,3759.958
1785359700000,63459.30,63549.60,63339.60,63539.50,1199.718
1785360600000,63539.60,63611.00,63504.90,63531.20,1122.695
1785361500000,63531.20,63831.80,63500.60,63831.10,3279.413
1785362400000,63831.20,64082.80,63831.10,63990.10,4091.843
1785363300000,63990.10,64108.40,63948.20,64016.60,2198.139
1785364200000,64016.50,64033.20,63893.00,63983.40,1367.185
1785365100000,63983.40,64000.00,63881.30,63916.90,604.167
1785366000000,63916.90,63965.20,63868.00,63896.10,632.674
1785366900000,63896.20,64044.40,63891.90,63980.90,1041.078
1785367800000,63980.90,64009.60,63890.60,63982.40,558.493
1785368700000,63982.40,64036.80,63921.30,63958.90,575.157
1785369600000,63958.90,64074.00,63955.90,64007.60,804.848
1785370500000,64007.60,64098.20,63933.00,63979.80,770.292
1785371400000,63979.80,63987.00,63669.60,63669.70,2523.662
1785372300000,63669.60,63730.70,63576.40,63673.70,2175.385
1785373200000,63673.70,63858.00,63663.20,63677.60,1501.984
1785374100000,63677.70,63820.00,63662.60,63810.80,629.270
1785375000000,63810.80,64049.90,63810.80,64034.10,1899.378
1785375900000,64034.10,64355.90,64015.60,64245.30,2810.227
1785376800000,64245.20,64373.60,64212.40,64302.60,1322.878
1785377700000,64302.50,64393.00,64272.10,64327.20,1044.889
1785378600000,64327.20,64332.20,64189.50,64296.20,867.677
1785379500000,64296.20,64296.20,64139.00,64163.70,528.867
1785380400000,64163.70,64246.50,64109.00,64173.90,623.560
1785381300000,64173.90,64282.80,64165.50,64243.70,739.880
1785382200000,64243.70,64243.70,64113.50,64134.70,648.875
1785383100000,64134.80,64198.40,64129.00,64134.00,371.723
1785384000000,64134.00,64152.30,64075.00,64100.40,565.871
1785384900000,64100.40,64110.60,64065.10,64075.60,599.042
1785385800000,64075.50,64135.60,64028.10,64069.90,949.213
1785386700000,64069.90,64121.90,63980.00,63998.50,536.161
1785387600000,63998.60,64016.20,63907.20,63956.80,1120.194
1785388500000,63956.80,63989.10,63881.00,63984.80,943.127
1785389400000,63984.80,64156.40,63972.00,64093.50,897.511
1785390300000,64093.50,64132.70,63970.10,64013.60,449.788
1785391200000,64013.50,64054.30,63954.90,63970.70,410.817
1785392100000,63970.60,64054.80,63939.70,64054.70,393.891
1785393000000,64054.80,64054.80,63947.10,63983.10,368.663
1785393900000,63983.10,63997.80,63930.00,63974.60,312.991
1785394800000,63974.60,64121.90,63966.30,64032.80,734.867
1785395700000,64032.80,64120.00,63961.30,64037.70,1024.954
1785396600000,64037.70,64042.70,63913.60,64014.70,653.907
1785397500000,64014.60,64014.80,63952.60,63981.90,746.129
1785398400000,63981.90,64043.10,63950.00,63978.10,639.060
1785399300000,63978.10,64326.40,63953.00,64240.10,1717.369
1785400200000,64240.10,64324.00,64205.10,64323.10,1254.130
1785401100000,64323.10,64334.60,64261.00,64280.40,621.159
1785402000000,64280.40,64394.90,64257.10,64383.20,825.366
1785402900000,64383.10,64508.70,64362.40,64469.70,1577.052
1785403800000,64469.70,64618.10,64469.70,64571.80,2505.826
1785404700000,64571.70,64616.80,64550.00,64550.00,1785.824
1785405600000,64550.00,64610.00,64543.80,64549.00,1559.668
1785406500000,64548.90,64612.50,64544.30,64600.70,717.978
1785407400000,64600.80,64604.50,64538.20,64591.40,930.699
1785408300000,64591.40,64596.00,64545.50,64548.90,467.114
1785409200000,64548.90,64605.00,64515.10,64581.40,832.753
1785410100000,64581.40,64646.40,64545.30,64553.70,723.109
1785411000000,64553.80,64695.80,64521.30,64638.30,1654.881
1785411900000,64638.30,64870.00,64623.60,64766.80,4331.485
1785412800000,64766.90,65015.60,64765.60,64960.60,3481.422
1785413700000,64960.70,65000.00,64834.60,64854.80,2301.604
1785414600000,64854.80,64922.90,64810.50,64810.70,2369.394
1785415500000,64810.70,64917.40,64810.70,64892.60,981.451
1785416400000,64892.70,64937.90,64799.60,64817.80,1938.243
1785417300000,64817.70,64856.70,64785.20,64809.90,917.576
1785418200000,64809.80,64996.90,64663.00,64991.10,4391.423
1785419100000,64991.20,65157.00,64960.20,64995.90,6763.645
1785420000000,64995.80,65015.30,64687.60,64701.10,3699.293
1785420900000,64701.10,64828.70,64588.40,64751.10,3070.918
1785421800000,64751.00,64836.20,64700.00,64773.50,1331.153
1785422700000,64773.40,64818.50,64603.30,64649.00,1577.607
1785423600000,64649.10,64798.50,64571.40,64692.30,1645.015
1785424500000,64692.40,64861.40,64654.00,64654.80,1244.027
1785425400000,64654.80,64749.50,64600.20,64730.80,1136.888
1785426300000,64730.90,64769.80,64659.10,64694.20,711.598
1785427200000,64694.20,64933.00,64694.20,64899.50,1564.059
1785428100000,64899.60,64921.80,64809.40,64851.90,679.822
1785429000000,64852.00,64870.00,64732.50,64741.00,625.105
1785429900000,64741.00,64817.90,64741.00,64785.10,416.657
1785430800000,64785.10,64840.00,64738.10,64770.60,570.884
1785431700000,64770.70,64931.80,64758.00,64911.70,728.818
1785432600000,64911.70,64957.20,64790.30,64919.60,823.722
1785433500000,64919.60,64920.00,64822.20,64842.40,370.639
1785434400000,64842.40,64871.10,64788.40,64791.00,385.070
1785435300000,64791.00,64791.00,64718.40,64765.80,404.730
1785436200000,64765.80,64791.00,64680.00,64704.70,655.626
1785437100000,64704.60,64704.70,64657.40,64668.90,475.781
1785438000000,64668.90,64835.40,64668.80,64803.60,596.016
1785438900000,64803.50,64875.00,64775.10,64856.40,471.313
1785439800000,64856.30,64856.40,64797.90,64809.40,278.267
1785440700000,64809.40,64834.90,64750.00,64778.60,619.477
1785441600000,64778.50,64909.00,64729.50,64766.50,1204.738
1785442500000,64766.40,64849.90,64737.70,64764.40,257.870
1785443400000,64764.30,64857.80,64723.40,64847.40,834.040
1785444300000,64847.40,64865.60,64750.00,64750.00,426.678
1785445200000,64750.00,64780.80,64709.10,64730.60,435.600
1785446100000,64730.70,64739.30,64721.20,64725.20,171.965
1785447000000,64725.30,64774.90,64719.90,64740.30,373.925
1785447900000,64740.30,64750.00,64678.20,64706.50,454.373
1785448800000,64706.60,64953.60,64636.30,64908.00,1954.264
1785449700000,64908.10,64979.40,64876.10,64975.70,613.652
1785450600000,64975.60,64995.00,64844.60,64887.40,742.040
1785451500000,64887.40,64900.00,64814.60,64827.40,376.569
1785452400000,64827.30,64920.00,64806.00,64917.90,393.574
1785453300000,64917.90,64923.00,64870.00,64906.10,257.987
1785454200000,64906.10,65062.90,64749.90,64788.80,3120.575
1785455100000,64788.80,64866.60,64698.50,64750.00,1896.645
1785456000000,64750.00,64878.00,64734.40,64793.20,972.964
1785456900000,64793.20,64799.70,64700.00,64744.60,606.642
1785457800000,64744.50,64795.00,64708.80,64771.80,678.161
1785458700000,64771.70,64782.20,64663.70,64698.50,715.773
1785459600000,64698.50,65391.30,64698.50,65162.80,8082.528
1785460500000,65162.70,65208.70,65001.70,65160.10,2288.349
1785461400000,65160.10,65160.10,64800.00,64803.30,1881.934
1785462300000,64803.30,64877.00,64444.00,64535.10,4496.868
1785463200000,64535.20,64593.30,64435.00,64461.80,2301.403
1785464100000,64461.80,64461.90,64310.80,64331.70,2379.069
1785465000000,64331.60,64397.10,64177.90,64200.80,3054.771
1785465900000,64200.90,64336.90,64189.00,64271.90,1825.513
1785466800000,64272.00,64272.00,64138.00,64233.50,1528.449
1785467700000,64233.50,64400.00,64188.80,64355.10,1904.901
1785468600000,64355.10,64396.50,64264.10,64360.20,1179.387
1785469500000,64360.20,64410.40,64313.90,64344.00,1241.921
1785470400000,64344.00,64425.60,64318.90,64341.40,1482.389
1785471300000,64341.40,64350.00,64210.00,64313.40,863.023
1785472200000,64313.40,64345.00,64261.30,64282.90,494.662
1785473100000,64282.80,64308.40,64268.10,64281.60,325.997
1785474000000,64281.60,64395.00,64281.60,64392.90,1018.116
1785474900000,64392.80,64396.70,64300.80,64300.80,455.705
1785475800000,64300.90,64339.40,64260.30,64260.40,454.859
1785476700000,64260.30,64348.70,64242.50,64334.40,639.343
1785477600000,64334.30,64365.90,64291.90,64352.90,415.353
1785478500000,64352.90,64432.40,64331.30,64432.40,752.224
1785479400000,64432.30,64476.80,64242.90,64249.90,1438.978
1785480300000,64249.90,64254.00,64179.90,64208.50,1549.129
1785481200000,64208.40,64217.00,63957.40,64038.50,3241.973
1785482100000,64038.60,64070.30,63959.20,63969.30,1634.269
1785483000000,63969.30,64002.60,63835.60,63885.10,4324.515
1785483900000,63885.10,63986.00,63885.00,63909.10,2033.574
1785484800000,63909.10,63942.70,63825.50,63915.80,1940.594
1785485700000,63915.70,63950.00,63831.80,63930.10,1252.764
1785486600000,63930.10,63930.10,63777.70,63818.60,1791.354
1785487500000,63818.60,63877.50,63779.90,63801.90,1295.063
1785488400000,63801.80,63820.00,63722.00,63774.70,1165.212
1785489300000,63774.70,63782.40,63661.10,63669.90,1255.746
1785490200000,63670.00,63704.10,63601.20,63665.20,2061.443
1785491100000,63665.30,63725.30,63653.30,63689.00,772.890
1785492000000,63689.10,63711.10,63577.00,63701.60,1429.295
1785492900000,63701.70,63792.50,63667.50,63790.00,1380.160
1785493800000,63790.00,63875.60,63789.90,63870.20,1650.034
1785494700000,63870.20,63923.40,63838.60,63886.10,886.116
1785495600000,63886.20,63982.20,63871.20,63881.60,1310.479
1785496500000,63881.70,63944.30,63829.20,63868.80,663.531
1785497400000,63868.80,63875.20,63811.20,63816.10,676.321
1785498300000,63816.00,63831.20,63755.10,63779.40,1005.671
1785499200000,63779.40,63804.10,63674.00,63695.00,1423.280
1785500100000,63695.00,63752.10,63671.60,63722.60,769.013
1785501000000,63722.60,63722.70,63595.30,63635.40,1629.921
1785501900000,63635.30,63738.70,63628.60,63727.40,1191.708
1785502800000,63727.40,63758.90,63692.40,63739.70,921.963
1785503700000,63739.70,63807.50,63731.00,63799.10,1271.705
1785504600000,63799.10,63799.10,63430.30,63432.40,6559.635
1785505500000,63432.40,63505.80,63216.20,63248.10,7024.951
1785506400000,63248.00,63291.60,62410.50,62669.60,20517.228
1785507300000,62669.60,62733.00,62502.90,62624.00,8353.135
1785508200000,62623.90,62794.80,62575.00,62665.50,4736.314
1785509100000,62665.50,62785.10,62568.00,62663.80,3773.519
1785510000000,62663.90,62686.30,62525.00,62592.60,2406.863
1785510900000,62592.70,62694.20,62458.00,62560.10,2579.970
1785511800000,62560.10,62749.70,62535.60,62734.40,2599.607
1785512700000,62734.30,62736.10,62608.50,62695.40,1572.392
1785513600000,62695.30,62885.60,62680.10,62845.00,2751.550
1785514500000,62845.10,62913.40,62769.10,62898.90,1921.797
1785515400000,62898.80,62903.20,62785.10,62825.80,981.786
1785516300000,62825.80,62865.20,62790.00,62849.40,668.092
1785517200000,62849.40,62908.00,62780.80,62884.20,801.801
1785518100000,62884.20,62985.00,62850.20,62952.90,1734.050
1785519000000,62952.90,63079.00,62932.60,63034.30,1613.647
1785519900000,63034.40,63270.10,63034.30,63215.60,2612.503
1785520800000,63215.60,63275.70,63106.20,63116.60,1761.654
1785521700000,63116.50,63157.20,63017.70,63024.70,1421.672
1785522600000,63024.70,63067.90,62935.10,63008.00,1399.976
1785523500000,63008.00,63151.70,63005.70,63064.90,1049.833
1785524400000,63065.00,63133.00,63000.00,63041.50,723.384
1785525300000,63041.40,63047.00,62990.10,62993.50,424.152
1785526200000,62993.40,63001.90,62906.30,62973.40,897.596
1785527100000,62973.50,63029.70,62924.40,62947.20,844.799
1785528000000,62947.10,62976.40,62913.00,62973.50,627.482
1785528900000,62973.50,63003.00,62949.30,62974.30,415.295
1785529800000,62974.20,62979.60,62922.00,62962.40,552.427
1785530700000,62962.50,62981.50,62901.00,62928.70,673.714
1785531600000,62928.70,62984.10,62814.10,62981.80,987.982
1785532500000,62981.70,63013.00,62968.10,62984.90,653.421
1785533400000,62984.80,63006.90,62963.10,63004.80,664.716
1785534300000,63004.70,63037.00,62896.00,62924.70,514.305
1785535200000,62924.80,62996.70,62835.00,62971.90,1088.555
1785536100000,62972.00,62994.50,62959.10,62959.20,371.984
1785537000000,62959.20,62976.10,62887.30,62919.00,417.466
1785537900000,62919.10,62940.00,62886.20,62916.70,428.845
1785538800000,62916.80,62980.70,62916.70,62946.90,323.834
1785539700000,62946.90,62990.00,62941.00,62955.70,281.961
1785540600000,62955.80,62969.30,62919.40,62919.40,328.522
1785541500000,62919.40,62919.50,62825.00,62859.90,895.515
1785542400000,62859.90,62945.40,62859.80,62927.20,703.907
1785543300000,62927.20,62974.40,62905.50,62942.00,373.555
1785544200000,62942.00,62972.80,62905.20,62971.40,463.008
1785545100000,62971.30,62995.00,62902.20,62909.40,392.378
1785546000000,62909.40,62944.00,62909.40,62944.00,255.706
1785546900000,62943.90,62964.60,62888.90,62923.90,613.916
1785547800000,62924.00,62953.50,62897.20,62945.00,255.630
1785548700000,62945.10,62955.20,62916.80,62946.70,196.636
1785549600000,62946.70,63004.80,62946.70,62992.20,287.043
1785550500000,62992.10,63059.90,62992.10,63037.30,559.006
1785551400000,63037.40,63068.70,63037.30,63043.40,344.780
1785552300000,63043.40,63084.60,63023.40,63040.80,506.311
1785553200000,63040.80,63045.70,62958.40,62958.40,478.933
1785554100000,62958.50,63025.00,62937.50,62984.50,301.458
1785555000000,62984.60,63000.00,62944.60,62970.60,459.538
1785555900000,62970.60,62988.10,62950.00,62973.80,321.939
1785556800000,62973.80,62989.00,62964.10,62989.00,241.770
1785557700000,62989.00,63023.20,62988.90,63015.50,186.182
1785558600000,63015.50,63040.10,63013.90,63040.10,129.968
1785559500000,63040.00,63079.20,63035.70,63073.90,311.666
1785560400000,63074.00,63118.70,63030.00,63094.10,553.319
1785561300000,63094.20,63094.20,63040.70,63066.60,357.556
1785562200000,63066.50,63073.30,62979.90,62983.40,496.365
1785563100000,62983.40,63011.00,62969.60,62999.80,449.978
1785564000000,62999.80,63014.90,62965.20,63001.90,330.592
1785564900000,63001.90,63053.10,62979.00,63035.30,326.942
1785565800000,63035.40,63046.00,63029.30,63033.80,278.319
1785566700000,63033.90,63051.00,63030.30,63049.90,136.322
1785567600000,63049.90,63086.30,63049.90,63081.80,245.287
1785568500000,63081.70,63081.80,63036.70,63040.00,241.638
1785569400000,63039.90,63040.00,63001.40,63014.40,428.670
1785570300000,63014.40,63025.70,63012.20,63019.60,295.325
1785571200000,63019.60,63072.20,63019.50,63072.20,237.587
1785572100000,63072.20,63073.50,63061.90,63062.00,148.207
1785573000000,63062.00,63080.10,63061.90,63070.00,155.959
1785573900000,63070.00,63126.60,63059.10,63097.40,392.584
1785574800000,63097.40,63111.40,63082.00,63084.50,294.369
1785575700000,63084.60,63098.00,63069.10,63079.30,292.223
1785576600000,63079.20,63086.40,63073.40,63073.50,140.633
1785577500000,63073.40,63073.50,63014.10,63021.40,429.244
1785578400000,63021.40,63085.00,62956.50,62980.80,915.574
1785579300000,62980.70,63038.30,62965.60,63013.00,420.068
1785580200000,63013.00,63047.90,62989.30,63037.80,321.558
1785581100000,63037.90,63040.30,63008.20,63029.10,153.204
1785582000000,63029.10,63032.90,63013.50,63032.90,171.612
1785582900000,63033.00,63053.40,63010.10,63049.70,237.849
1785583800000,63049.70,63064.00,63038.40,63041.60,254.157
1785584700000,63041.70,63049.80,63041.60,63045.10,104.896
1785585600000,63045.20,63094.10,63045.10,63070.70,411.613
1785586500000,63070.80,63077.10,63067.20,63069.40,118.899
1785587400000,63069.40,63077.40,63053.60,63066.50,178.180
1785588300000,63066.50,63079.30,63066.40,63068.90,146.340
1785589200000,63068.90,63075.90,63064.50,63071.80,147.236
1785590100000,63071.70,63071.80,63055.70,63055.80,115.858
1785591000000,63055.80,63069.70,63046.30,63048.30,217.470
1785591900000,63048.40,63048.40,63010.10,63036.70,339.053
1785592800000,63036.60,63097.50,63036.60,63050.10,349.312
1785593700000,63050.00,63096.30,63050.00,63088.50,206.101
1785594600000,63088.50,63094.00,63056.20,63085.00,253.273
1785595500000,63085.00,63097.10,63047.90,63097.10,333.481
1785596400000,63097.10,63097.10,63077.70,63077.80,191.298
1785597300000,63077.80,63077.80,63029.60,63032.40,337.374
1785598200000,63032.40,63036.50,63023.50,63024.10,249.132
1785599100000,63024.20,63024.20,62976.40,62976.40,393.223
1785600000000,62976.40,62983.10,62900.90,62921.60,1416.613
1785600900000,62921.70,62944.00,62903.30,62930.00,496.716
1785601800000,62930.10,63006.60,62918.30,62941.30,638.867
1785602700000,62941.30,62941.30,62838.80,62899.90,876.441
1785603600000,62899.90,62969.50,62833.50,62867.70,638.874
1785604500000,62867.70,62867.70,62772.80,62812.90,1041.338
1785605400000,62813.00,62819.90,62708.60,62789.90,1488.209
1785606300000,62790.00,62790.60,62633.30,62684.00,1669.316
1785607200000,62684.10,62710.70,62588.80,62683.90,1273.543
1785608100000,62683.90,62683.90,62463.90,62545.10,2707.010
1785609000000,62545.10,62545.10,62228.80,62345.70,7359.685
1785609900000,62345.70,62557.00,62250.20,62552.50,2922.385
1785610800000,62552.60,62596.50,62489.70,62515.20,1511.686
1785611700000,62515.20,62589.20,62456.30,62514.80,950.255
1785612600000,62514.70,62558.10,62430.80,62444.20,710.241
1785613500000,62444.30,62517.60,62444.20,62502.10,336.006
1785614400000,62502.10,62544.90,62456.90,62526.60,513.260
1785615300000,62526.60,62615.90,62523.90,62588.90,950.870
1785616200000,62588.80,62598.00,62528.80,62569.40,419.639
1785617100000,62569.40,62642.90,62557.50,62631.80,429.075
1785618000000,62631.80,62778.00,62631.80,62718.10,1411.268
1785618900000,62718.20,62766.10,62717.10,62766.10,427.145
1785619800000,62766.10,62844.90,62733.90,62766.10,831.659
1785620700000,62766.20,62803.00,62751.80,62789.40,257.525
1785621600000,62789.50,62844.50,62762.40,62827.50,491.562
1785622500000,62827.50,62840.40,62796.80,62828.50,536.716
1785623400000,62828.60,62830.20,62798.40,62817.80,235.645
1785624300000,62817.80,62827.20,62800.00,62800.10,207.076
1785625200000,62800.10,62830.00,62772.10,62780.80,424.485
1785626100000,62780.90,62780.90,62737.10,62745.30,520.983
1785627000000,62745.30,62813.40,62745.30,62799.30,596.089
1785627900000,62799.30,62810.90,62780.60,62792.30,266.751
1785628800000,62792.30,62950.00,62792.20,62896.00,1290.584
1785629700000,62896.00,62911.40,62850.00,62851.80,488.946
1785630600000,62851.70,62888.00,62820.40,62820.60,523.803
1785631500000,62820.70,62837.50,62782.30,62807.50,369.103
1785632400000,62807.50,63000.00,62807.50,62984.30,1095.183
1785633300000,62984.20,63066.00,62946.90,62957.90,1063.326
1785634200000,62957.90,62998.80,62950.00,62993.30,417.304
1785635100000,62993.20,62993.30,62955.80,62960.80,350.871
1785636000000,62960.90,63542.00,62925.60,63438.50,7086.200
1785636900000,63438.60,63530.00,63372.50,63379.50,3152.406
1785637800000,63379.60,63434.90,63302.80,63358.00,1458.784
1785638700000,63358.00,63462.00,63316.00,63425.40,1236.363
1785639600000,63425.50,63436.50,63353.30,63393.00,926.167
1785640500000,63393.00,63529.40,63351.30,63417.90,1483.449
1785641400000,63418.00,63480.00,63418.00,63474.60,470.501
1785642300000,63474.60,63487.20,63396.00,63436.70,706.766
1785643200000,63436.80,63530.00,63436.70,63515.70,869.987
1785644100000,63515.60,63534.40,63488.60,63514.20,624.199
1785645000000,63514.20,63534.30,63500.00,63500.00,358.669
1785645900000,63500.00,63600.00,63500.00,63557.10,1160.968
1785646800000,63557.10,63620.00,63434.70,63461.30,1975.728
1785647700000,63461.30,63474.20,63432.40,63469.50,521.221
1785648600000,63469.50,63469.60,63382.90,63394.90,1802.347
1785649500000,63395.00,63431.10,63394.90,63428.50,319.620
1785650400000,63428.60,63460.90,63415.50,63415.50,639.871
1785651300000,63415.60,63472.00,63402.50,63471.90,340.325
1785652200000,63471.90,63478.80,63435.50,63473.10,307.582
1785653100000,63473.10,63473.20,63457.00,63460.00,187.181
1785654000000,63460.10,63467.10,63451.10,63460.30,238.470
1785654900000,63460.20,63469.00,63459.90,63459.90,214.317
1785655800000,63460.00,63514.20,63459.00,63508.70,435.998
1785656700000,63508.80,63508.80,63449.00,63468.10,770.996
1785657600000,63468.00,63507.80,63457.20,63462.60,508.484
1785658500000,63462.50,63462.60,63357.50,63361.20,1031.425
1785659400000,63361.20,63368.70,63183.70,63202.90,3232.012
1785660300000,63202.90,63214.90,63141.00,63171.10,1186.465
1785661200000,63171.20,63264.30,63065.30,63241.20,1910.810
1785662100000,63241.10,63288.40,63206.20,63206.30,627.296
1785663000000,63206.30,63301.60,63206.20,63239.10,748.363
1785663900000,63239.10,63253.70,63230.00,63249.80,290.298
1785664800000,63249.70,63249.70,63175.00,63180.00,674.821
1785665700000,63180.10,63247.10,63096.00,63120.00,1332.163
1785666600000,63120.00,63191.20,63120.00,63178.60,468.080
1785667500000,63178.60,63185.80,63167.80,63176.70,194.567
1785668400000,63176.60,63176.70,63110.10,63137.80,354.981
1785669300000,63137.70,63186.10,63086.70,63129.70,620.199
1785670200000,63129.70,63159.60,63071.40,63094.60,754.815
1785671100000,63094.60,63146.40,62961.10,63007.30,1763.651
1785672000000,63007.20,63158.10,63007.20,63152.70,825.837
1785672900000,63152.60,63215.10,63125.30,63155.60,868.940
1785673800000,63155.50,63190.00,63083.60,63123.10,606.972
1785674700000,63123.00,63134.80,63087.20,63097.20,337.302
1785675600000,63097.20,63119.20,63063.50,63086.00,370.967
1785676500000,63086.10,63089.50,63022.30,63056.00,581.547
1785677400000,63056.10,63082.80,62974.40,63070.10,645.452
1785678300000,63070.20,63113.90,63064.60,63095.00,440.913
1785679200000,63095.00,63095.00,63031.70,63065.00,656.330
1785680100000,63065.00,63134.20,63065.00,63104.70,588.615
1785681000000,63104.80,63163.20,63067.00,63129.30,558.409
1785681900000,63129.20,63134.90,63034.00,63042.70,548.964
1785682800000,63042.60,63101.00,63023.00,63096.10,352.221
1785683700000,63096.00,63108.80,63075.00,63100.00,315.601
1785684600000,63100.00,63158.20,63100.00,63119.80,528.702
1785685500000,63119.80,63129.10,63078.40,63081.60,297.545
1785686400000,63081.60,63115.90,63038.00,63080.30,370.216
1785687300000,63080.30,63108.20,63047.00,63086.90,333.593
1785688200000,63087.00,63258.80,63075.80,63198.80,1493.050
1785689100000,63198.80,63211.60,63158.60,63158.60,495.570
1785690000000,63158.60,63198.90,63130.00,63191.00,474.865
1785690900000,63190.90,63323.60,63166.30,63265.30,988.442
1785691800000,63265.20,63303.30,63265.20,63302.20,543.498
1785692700000,63302.10,63310.00,63279.50,63279.70,267.898
1785693600000,63279.60,63310.00,63269.90,63292.60,367.025
1785694500000,63292.50,63305.00,63266.40,63268.90,398.277
1785695400000,63269.00,63594.60,63268.90,63482.50,2702.076
1785696300000,63482.60,63492.80,63350.30,63364.20,824.011
1785697200000,63364.20,63373.10,63322.80,63336.10,519.212
1785698100000,63336.10,63352.90,63306.00,63306.00,265.543
1785699000000,63306.10,63381.10,63306.00,63380.60,409.577
1785699900000,63380.60,63459.80,63380.60,63432.90,478.862
1785700800000,63433.00,63449.40,63391.30,63441.30,492.850
1785701700000,63441.30,63478.00,63383.00,63389.00,382.207
1785702600000,63389.00,63437.50,63389.00,63413.70,201.228
1785703500000,63413.80,63483.30,63394.10,63477.20,374.535
1785704400000,63477.30,63554.30,63459.90,63504.50,775.844
1785705300000,63504.50,63534.30,63488.00,63522.80,272.716
1785706200000,63522.80,63766.10,63485.30,63675.50,2347.439
1785707100000,63675.50,63774.60,63532.40,63560.00,1904.801
1785708000000,63560.00,63779.00,63559.90,63675.00,1625.519
1785708900000,63675.00,63769.60,63554.00,63571.20,936.809
1785709800000,63571.10,63580.70,63343.20,63491.70,2593.756
1785710700000,63491.70,63547.00,63394.90,63398.00,721.046
1785711600000,63398.00,63431.60,63306.20,63339.10,960.952
1785712500000,63339.00,63530.00,63314.00,63514.80,1186.190
1785713400000,63514.90,63577.10,63463.00,63502.70,795.396
1785714300000,63502.60,63550.00,63456.10,63550.00,427.422
1785715200000,63550.00,63575.60,63359.90,63401.10,1320.801
1785716100000,63401.20,63424.20,63218.50,63239.50,1206.204
1785717000000,63239.40,63400.00,63168.30,63308.70,1132.158
1785717900000,63308.80,63333.10,63245.00,63298.90,392.855
1785718800000,63299.00,63332.80,63154.90,63200.10,767.575
1785719700000,63200.10,63240.80,63088.00,63152.80,1350.399
1785720600000,63152.90,63228.20,63137.00,63200.00,781.479
1785721500000,63200.00,63210.30,63138.10,63185.90,582.609
1785722400000,63185.90,63209.30,63116.60,63180.00,505.501
1785723300000,63180.00,63266.10,63068.10,63102.20,1013.417
1785724200000,63102.10,63199.00,63084.10,63156.90,465.123
1785725100000,63157.00,63175.50,63095.00,63118.30,426.365
1785726000000,63118.20,63152.80,63071.70,63090.10,555.260
1785726900000,63090.00,63120.80,63045.00,63058.30,556.379
1785727800000,63058.40,63069.40,63010.80,63042.40,751.797
1785728700000,63042.40,63042.40,62745.00,62839.70,3115.744
1785729600000,62839.80,62916.50,62786.30,62845.00,1537.280
1785730500000,62844.90,62956.40,62844.90,62947.00,697.337
1785731400000,62947.00,62976.80,62932.00,62954.90,653.187
1785732300000,62954.80,62954.80,62745.30,62765.30,1275.419
1785733200000,62765.20,62845.60,62716.00,62823.60,1084.058
1785734100000,62823.60,62848.00,62766.20,62790.30,1113.108
1785735000000,62790.30,62825.00,62742.80,62779.00,707.570
1785735900000,62779.00,62840.00,62775.00,62799.90,690.782
1785736800000,62800.00,62850.10,62792.40,62815.50,899.170
1785737700000,62815.50,62824.60,62725.30,62765.00,771.497
1785738600000,62764.90,62819.40,62605.40,62605.40,2211.179
1785739500000,62605.40,62659.30,62576.20,62594.90,1665.229
1785740400000,62594.80,62648.60,62562.10,62575.10,1438.639
1785741300000,62575.10,62643.80,62520.00,62613.90,1213.851
1785742200000,62613.90,62671.60,62566.10,62610.60,1177.636
1785743100000,62610.50,62645.00,62541.20,62591.00,807.331
1785744000000,62591.00,62624.00,62485.70,62543.90,1232.661
1785744900000,62543.90,62543.90,62292.90,62307.00,3096.005
1785745800000,62306.90,62416.70,62268.20,62410.60,2479.281
1785746700000,62410.70,62517.70,62403.90,62512.40,1428.960
1785747600000,62512.40,62581.20,62487.90,62542.80,1674.223
1785748500000,62542.70,62643.00,62542.70,62620.00,1425.042
1785749400000,62619.90,62684.20,62596.60,62662.10,1029.662
1785750300000,62662.10,62846.30,62662.10,62806.00,1722.550
1785751200000,62806.00,62838.50,62736.20,62761.20,1364.440
1785752100000,62761.10,62808.30,62702.00,62714.30,751.007
1785753000000,62714.20,62714.30,62634.40,62680.10,1026.656
1785753900000,62680.10,62754.90,62584.80,62708.80,1270.958
1785754800000,62708.90,62715.40,62555.50,62617.00,1094.724
1785755700000,62616.90,62744.80,62606.70,62672.30,702.448
1785756600000,62672.20,62746.40,62637.00,62668.10,730.670
1785757500000,62668.10,62677.30,62506.80,62534.10,1947.596
1785758400000,62534.10,62583.80,62400.00,62525.00,2727.028
1785759300000,62525.10,62661.80,62514.00,62599.40,1263.335
1785760200000,62599.30,62733.10,62582.20,62733.10,1155.107
1785761100000,62733.10,62769.10,62657.00,62669.90,869.093
1785762000000,62669.90,62758.30,62666.80,62746.70,1306.492
1785762900000,62746.80,62979.50,62690.20,62737.20,3203.663
1785763800000,62737.30,62915.90,62533.30,62901.50,4010.473
1785764700000,62901.60,63368.10,62778.50,63317.60,7451.190
1785765600000,63317.60,63422.90,63109.70,63299.00,4806.865
1785766500000,63299.10,63770.90,63133.00,63737.40,8313.634
1785767400000,63737.30,63884.60,63605.50,63756.30,7970.531
1785768300000,63756.40,63956.40,63626.80,63927.90,5722.606
1785769200000,63928.00,63960.00,63725.20,63789.40,4084.575
1785770100000,63789.40,63828.00,63642.10,63678.50,2605.088
1785771000000,63678.50,63876.50,63672.00,63750.30,2890.444
1785771900000,63750.20,63814.10,63610.20,63659.50,1743.032
1785772800000,63659.50,63862.80,63626.20,63770.60,2972.373
1785773700000,63770.50,63907.40,63762.60,63868.40,1779.674
1785774600000,63868.40,63868.40,63677.10,63739.70,866.455
1785775500000,63739.70,63850.00,63708.00,63738.00,640.841
1785776400000,63737.90,63829.90,63680.00,63820.60,892.468
1785777300000,63820.70,64049.50,63780.50,63792.00,3627.281
1785778200000,63792.10,63906.40,63757.40,63862.40,1408.388
1785779100000,63862.40,63927.60,63835.10,63874.10,932.084
1785780000000,63874.10,63973.10,63835.20,63935.10,1113.252
1785780900000,63935.00,63955.00,63777.30,63817.80,1218.197
1785781800000,63817.90,63896.60,63770.70,63821.40,827.878
1785782700000,63821.50,63887.80,63735.00,63835.50,736.108
1785783600000,63835.60,63900.00,63807.30,63892.20,692.795
1785784500000,63892.20,63979.60,63888.70,63932.70,756.225
1785785400000,63932.70,64058.80,63831.80,63919.40,1694.282
1785786300000,63919.40,63940.80,63829.00,63836.90,657.134
1785787200000,63836.90,63922.80,63781.20,63864.10,748.331
1785788100000,63864.10,63992.90,63860.00,63917.40,856.230
1785789000000,63917.40,63917.50,63875.30,63886.80,295.733
1785789900000,63886.80,63888.00,63737.20,63755.90,1133.723
1785790800000,63755.90,63759.50,63688.10,63693.20,849.078
1785791700000,63693.30,63763.50,63655.00,63697.90,1409.649
1785792600000,63697.90,63704.30,63638.10,63659.80,908.023
1785793500000,63659.90,63659.90,63505.40,63561.10,1437.363
1785794400000,63561.10,63588.60,63352.20,63471.90,2867.139
1785795300000,63471.90,63648.70,63471.90,63501.70,1208.305
1785796200000,63501.70,63536.20,63463.40,63479.30,615.387
1785797100000,63479.30,63612.80,63479.30,63587.60,516.397
1785798000000,63587.60,63587.60,63503.20,63513.50,537.874
1785798900000,63513.60,63596.50,63508.00,63548.90,518.773
1785799800000,63549.00,63549.00,63435.30,63478.00,771.910
1785800700000,63478.00,63497.30,63454.50,63497.20,387.534
1785801600000,63497.10,63558.80,63440.30,63440.30,974.863
1785802500000,63440.40,63474.50,63356.40,63423.00,1167.516
1785803400000,63423.00,63423.00,63310.00,63371.20,1484.148
1785804300000,63371.20,63453.50,63290.20,63337.60,957.343
1785805200000,63337.60,63467.20,63337.50,63447.30,806.496
1785806100000,63447.30,63554.80,63393.70,63499.80,1206.123
1785807000000,63499.80,63911.60,63499.70,63788.10,3458.621
1785807900000,63788.20,63855.20,63709.80,63816.10,1432.220
1785808800000,63816.10,63842.50,63724.90,63736.10,916.422
1785809700000,63736.00,63779.10,63656.80,63665.10,971.266
1785810600000,63665.10,63958.60,63651.80,63870.80,2282.719
1785811500000,63870.80,63900.00,63781.10,63802.30,613.459
1785812400000,63802.30,63815.20,63656.90,63656.90,572.141
1785813300000,63656.90,63770.80,63624.10,63751.70,1038.195
1785814200000,63751.70,63843.70,63751.70,63804.90,441.365
1785815100000,63804.90,63809.90,63771.00,63771.00,282.724
1785816000000,63771.00,63802.90,63732.00,63777.90,589.110
1785816900000,63778.00,63850.70,63770.90,63806.30,498.295
1785817800000,63806.20,64035.80,63806.20,64035.80,2112.964
1785818700000,64035.80,64239.80,64004.40,64004.40,4752.119
1785819600000,64004.50,64032.80,63812.00,63812.10,1326.050
1785820500000,63812.00,63866.60,63777.80,63790.50,1036.149
1785821400000,63790.60,63836.10,63773.60,63830.70,734.607
1785822300000,63830.60,63830.70,63762.00,63783.70,541.912
1785823200000,63783.60,63820.70,63744.20,63771.90,685.178
1785824100000,63771.90,63830.00,63719.30,63734.80,673.060
1785825000000,63734.80,63749.20,63659.70,63675.00,1236.698
1785825900000,63675.00,63680.00,63630.00,63653.40,862.051
1785826800000,63653.30,63653.40,63561.00,63569.80,1121.600
1785827700000,63569.90,63620.00,63480.00,63617.90,1713.271
1785828600000,63617.80,63736.60,63610.10,63641.70,1304.313
1785829500000,63641.80,63736.90,63641.70,63666.50,765.645
1785830400000,63666.50,63730.00,63603.40,63627.00,679.134
1785831300000,63627.00,63645.60,63567.80,63602.90,719.074
1785832200000,63603.00,63603.00,63539.00,63600.00,781.369
1785833100000,63600.00,63602.60,63551.70,63559.70,430.172
1785834000000,63559.70,63568.00,63513.70,63535.80,695.607
1785834900000,63535.80,63577.00,63495.40,63553.10,577.905
1785835800000,63553.10,63573.00,63504.00,63545.20,518.219
1785836700000,63545.20,63589.20,63518.70,63576.40,394.253
1785837600000,63576.40,63590.00,63480.00,63486.90,762.299
1785838500000,63486.90,63551.20,63428.80,63445.10,1110.782
1785839400000,63445.10,63653.00,63436.00,63645.00,835.268
1785840300000,63645.00,63818.70,63628.90,63743.30,2571.413
1785841200000,63743.40,63785.20,63690.60,63714.80,740.882
1785842100000,63714.80,63845.50,63679.50,63756.20,897.916
1785843000000,63756.20,63865.70,63692.00,63850.50,743.316
1785843900000,63850.50,63926.00,63811.90,63900.20,1744.260
1785844800000,63900.20,63900.20,63784.00,63784.00,1068.126
1785845700000,63784.10,63816.40,63763.10,63813.30,610.895
1785846600000,63813.40,64034.30,63789.80,63932.70,1929.135
1785847500000,63932.80,63980.80,63875.10,63875.10,685.344
1785848400000,63875.20,63989.00,63819.30,63915.90,1270.252
1785849300000,63915.90,63991.00,63832.90,63860.40,1893.357
1785850200000,63860.50,64080.00,63793.10,64000.00,3640.456
1785851100000,64000.00,64000.00,63625.50,63663.70,3995.173
1785852000000,63663.70,63898.50,63582.10,63779.80,2853.788
1785852900000,63779.70,63881.20,63590.30,63864.90,2064.418
1785853800000,63864.90,64168.70,63829.30,64098.60,4270.989
1785854700000,64098.50,64177.00,64028.20,64100.00,1869.057
1785855600000,64100.00,64197.70,63967.10,64039.50,2347.750
1785856500000,64039.50,64039.50,63900.40,63923.60,1237.909
1785857400000,63923.50,64104.80,63782.70,64099.80,2300.666
1785858300000,64099.80,64200.00,64052.50,64088.40,3011.284
1785859200000,64088.30,64104.00,63943.20,64006.70,1620.905
1785860100000,64006.70,64088.60,63976.70,63997.20,698.444
1785861000000,63997.20,64032.00,63866.50,63914.00,913.140
1785861900000,63914.10,63987.60,63880.00,63928.90,682.989
1785862800000,63928.80,64159.40,63928.80,64043.00,1259.926
1785863700000,64043.00,64146.40,64000.00,64130.90,905.599
1785864600000,64130.90,64147.00,64060.50,64060.60,788.195
1785865500000,64060.50,64073.00,63856.40,63936.10,1947.689
1785866400000,63936.20,64195.00,63932.00,64191.00,1309.424
1785867300000,64191.00,64370.00,64167.20,64331.80,4379.894
1785868200000,64331.70,64370.00,64174.30,64265.10,1504.620
1785869100000,64265.20,64299.30,64240.10,64270.70,635.111
1785870000000,64270.80,64348.90,64251.40,64316.50,834.832
1785870900000,64316.40,64338.60,64229.10,64249.90,473.028
1785871800000,64249.90,64388.00,64217.10,64351.10,1692.749
1785872700000,64351.10,64360.00,64140.10,64197.30,1649.064
1785873600000,64197.30,64211.40,64079.20,64144.10,2243.080
1785874500000,64144.00,64144.00,63918.20,64089.00,2579.216
1785875400000,64088.90,64397.60,64088.90,64358.60,3102.526
1785876300000,64358.70,64358.70,64272.70,64316.30,1018.205
1785877200000,64316.40,64316.40,64168.10,64197.10,967.706
1785878100000,64197.00,64258.90,64155.60,64227.60,650.799
1785879000000,64227.60,64249.00,64162.90,64220.30,432.163
1785879900000,64220.30,64230.50,64145.90,64166.80,414.785
1785880800000,64166.70,64202.10,64107.50,64202.10,695.738
1785881700000,64202.00,64243.60,64143.30,64230.10,518.736
1785882600000,64230.10,64267.20,64182.70,64185.70,232.224
1785883500000,64185.70,64238.00,64144.00,64238.00,349.254
1785884400000,64237.90,64454.50,64181.80,64396.10,2198.095
1785885300000,64396.10,64512.90,64145.10,64145.10,3154.038
1785886200000,64145.20,64233.00,64110.70,64181.80,1058.935
1785887100000,64181.80,64195.70,64017.70,64075.50,1305.080
1785888000000,64075.60,64075.60,63980.50,64000.10,1804.989
1785888900000,64000.00,64040.40,63975.00,64040.40,1018.381
1785889800000,64040.40,64163.80,63990.40,64040.40,990.671
1785890700000,64040.30,64040.40,63951.10,63970.90,952.156
1785891600000,63970.90,64006.30,63917.10,63984.40,988.965
1785892500000,63984.50,64095.00,63925.50,64087.30,1072.592
1785893400000,64087.30,64275.40,64087.20,64152.10,1250.632
1785894300000,64152.00,64321.30,64151.00,64306.30,933.560
1785895200000,64306.30,64480.00,64301.20,64437.50,2400.238
1785896100000,64437.60,64461.20,64292.80,64384.30,4129.086
1785897000000,64384.40,64459.00,64383.20,64409.70,1298.740
1785897900000,64409.70,64430.40,64332.60,64340.30,2049.573
1785898800000,64340.30,64416.90,64317.30,64325.30,774.026
1785899700000,64325.40,64329.40,64029.30,64029.30,4744.917
1785900600000,64029.40,64138.80,64010.10,64104.90,1436.750
1785901500000,64105.00,64155.00,64104.90,64145.60,540.233
1785902400000,64145.60,64165.40,64090.40,64090.40,638.472
1785903300000,64090.30,64172.50,64052.40,64130.40,806.541
1785904200000,64130.40,64193.00,64126.00,64147.90,486.341
1785905100000,64147.90,64161.10,64080.00,64141.50,358.883
1785906000000,64141.50,64298.20,64131.50,64286.00,902.389
1785906900000,64286.00,64500.00,64266.60,64408.20,2455.529
1785907800000,64408.20,64412.30,64309.60,64332.80,1028.292
1785908700000,64332.80,64345.00,64281.40,64307.70,714.798
1785909600000,64307.70,64336.80,64277.20,64292.50,498.956
1785910500000,64292.50,64316.70,64251.90,64279.80,617.185
1785911400000,64279.80,64345.80,64263.70,64263.70,378.920
1785912300000,64263.70,64263.80,64204.80,64226.00,471.499
1785913200000,64226.00,64247.80,64131.30,64154.30,1369.844
1785914100000,64154.20,64154.30,64020.00,64050.10,2184.183
1785915000000,64050.10,64063.00,63962.40,63976.60,1331.705
1785915900000,63976.70,64156.90,63976.60,64141.00,2039.778
1785916800000,64141.00,64230.50,64107.80,64172.90,1528.203
1785917700000,64172.90,64250.40,64127.60,64248.20,675.718
1785918600000,64248.20,64257.10,64100.00,64105.70,1394.426
1785919500000,64105.60,64140.00,64066.10,64096.30,760.083
1785920400000,64096.40,64136.60,64068.40,64096.10,447.110
1785921300000,64096.00,64162.20,64087.00,64130.40,480.767
1785922200000,64130.40,64181.60,64130.40,64141.00,308.265
1785923100000,64141.00,64156.00,64120.00,64127.50,267.198
1785924000000,64127.40,64162.60,64083.80,64118.20,415.090
1785924900000,64118.10,64217.00,64037.10,64184.80,901.615
1785925800000,64184.90,64209.20,64149.90,64159.90,381.069
1785926700000,64160.00,64179.30,63982.20,64033.00,1879.793
1785927600000,64033.00,64085.90,64028.00,64058.60,577.074
1785928500000,64058.60,64062.10,64013.10,64044.00,468.148
1785929400000,64044.00,64116.00,64025.10,64071.00,594.173
1785930300000,64071.00,64076.30,64022.40,64044.60,418.010
1785931200000,64044.70,64200.00,64003.00,64172.30,1070.957
1785932100000,64172.20,64575.20,64154.00,64496.10,8735.500
1785933000000,64496.10,64525.00,64385.60,64441.90,2725.614
1785933900000,64441.90,64442.00,64295.30,64295.40,1527.362
1785934800000,64295.30,64318.60,64070.00,64112.30,3545.658
1785935700000,64112.30,64183.00,64085.00,64116.80,1849.270
1785936600000,64116.80,64265.70,63847.00,64151.20,6059.038
1785937500000,64151.20,64387.00,64007.00,64387.00,3639.102
1785938400000,64386.90,64505.90,64277.80,64443.20,4110.089
1785939300000,64443.20,64548.60,64289.80,64325.50,3262.748
1785940200000,64325.50,64437.10,64265.40,64390.60,1884.367
1785941100000,64390.60,64510.00,64290.00,64443.30,1893.726
1785942000000,64443.40,64728.50,64418.30,64593.50,5398.551
1785942900000,64593.60,64606.70,64421.30,64469.30,2267.065
1785943800000,64469.20,64700.10,64469.20,64521.50,2107.567
1785944700000,64521.50,64527.50,64348.70,64353.60,1774.950
1785945600000,64353.60,64587.00,64352.50,64586.90,1690.403
1785946500000,64587.00,64740.50,64538.60,64719.90,2653.692
1785947400000,64719.90,64731.90,64620.90,64654.10,1434.607
1785948300000,64654.00,64655.60,64584.00,64631.90,982.751
1785949200000,64631.80,64667.20,64553.70,64553.80,650.557
1785950100000,64553.80,64589.50,64506.30,64574.80,654.090
1785951000000,64574.90,64720.70,64551.40,64664.50,1206.518
1785951900000,64664.50,64780.00,64638.70,64733.60,1950.715
1785952800000,64733.60,64774.80,64634.10,64767.80,1361.456
1785953700000,64767.80,64785.50,64645.50,64692.80,1854.331
1785954600000,64692.70,64770.00,64641.00,64769.90,720.990
1785955500000,64770.00,64810.00,64724.00,64762.80,1448.851
1785956400000,64762.70,64887.90,64745.20,64850.40,2138.612
1785957300000,64850.50,64896.30,64830.30,64877.60,747.291
1785958200000,64877.50,64889.20,64835.50,64863.10,727.998
1785959100000,64863.20,64898.00,64796.50,64805.70,922.065
1785960000000,64805.70,64885.00,64772.30,64885.00,1426.619
1785960900000,64884.90,65022.00,64838.00,64957.10,5867.805
1785961800000,64957.20,64968.50,64906.60,64952.20,1002.627
1785962700000,64952.20,64967.90,64801.20,64804.20,935.219
1785963600000,64804.20,64804.30,64683.00,64755.70,1365.955
1785964500000,64755.80,64760.00,64635.60,64646.70,952.537
1785965400000,64646.70,64727.70,64637.70,64694.10,873.942
1785966300000,64694.10,64743.30,64648.00,64710.10,667.944
1785967200000,64710.10,64747.50,64622.10,64658.40,773.952
1785968100000,64658.50,64707.90,64652.90,64707.80,461.341
1785969000000,64707.90,64766.20,64655.60,64666.30,469.942
1785969900000,64666.30,64691.40,64601.00,64607.00,447.558
1785970800000,64607.00,64665.30,64552.00,64654.20,706.874
1785971700000,64654.20,64721.20,64598.40,64668.10,516.912
1785972600000,64668.10,64684.10,64635.70,64638.40,352.049
1785973500000,64638.40,64646.50,64535.60,64633.90,1136.914
1785974400000,64634.00,64650.00,64570.00,64572.90,731.588
1785975300000,64572.90,64689.20,64533.90,64654.90,746.764
1785976200000,64655.00,64696.00,64619.50,64619.60,412.682
1785977100000,64619.60,64669.30,64592.30,64614.80,409.569
1785978000000,64614.80,64620.30,64552.90,64579.70,627.775
1785978900000,64579.80,64586.40,64486.30,64488.90,699.546
1785979800000,64488.90,64585.30,64461.00,64541.30,811.364
1785980700000,64541.30,64634.90,64535.20,64560.00,451.239
1785981600000,64560.10,64627.60,64505.50,64532.60,527.160
1785982500000,64532.50,64556.40,64386.30,64495.70,3190.704
1785983400000,64495.70,64550.00,64446.30,64550.00,705.606
1785984300000,64550.00,64569.50,64508.40,64550.60,569.266
1785985200000,64550.70,64550.70,64485.40,64537.30,513.867
1785986100000,64537.30,64537.30,64477.10,64509.80,370.639
1785987000000,64509.90,64551.30,64471.40,64471.40,500.161
1785987900000,64471.40,64511.00,64463.20,64496.20,482.376
1785988800000,64496.30,64562.30,64461.90,64550.10,527.869
1785989700000,64550.00,64668.80,64550.00,64666.90,850.799
1785990600000,64666.90,64702.90,64623.80,64632.00,1022.978
1785991500000,64631.90,64700.00,64600.40,64695.90,461.966
1785992400000,64695.90,64971.70,64695.60,64885.20,2997.940
1785993300000,64885.20,64968.00,64850.80,64861.50,1431.136
1785994200000,64861.50,64889.10,64820.60,64877.50,713.981
1785995100000,64877.60,64880.00,64831.30,64879.50,484.737
1785996000000,64879.60,64879.60,64745.20,64755.60,1016.651
1785996900000,64755.60,64804.50,64712.60,64797.70,564.247
1785997800000,64797.70,64829.00,64784.10,64811.20,397.980
1785998700000,64811.20,64830.60,64780.00,64830.50,365.101
1785999600000,64830.50,64918.30,64793.00,64911.80,801.251
1786000500000,64911.80,64944.30,64859.90,64867.60,1026.423
1786001400000,64867.70,64879.00,64750.00,64787.50,1079.027
1786002300000,64787.60,64818.60,64761.10,64789.40,780.437
1786003200000,64789.30,64830.10,64737.50,64745.40,907.655
1786004100000,64745.40,64874.70,64730.90,64874.70,727.515
1786005000000,64874.60,64896.90,64840.70,64853.70,414.622
1786005900000,64853.70,64971.00,64853.60,64913.90,1158.028
1786006800000,64913.90,64917.50,64721.60,64746.80,1040.735
1786007700000,64746.70,64817.80,64693.20,64699.90,1360.199
1786008600000,64699.90,64700.00,64597.20,64631.60,2341.506
1786009500000,64631.50,64667.50,64600.00,64649.10,643.902
1786010400000,64649.10,64655.90,64558.00,64565.20,857.039
1786011300000,64565.10,64656.00,64552.60,64646.60,712.803
1786012200000,64646.60,64650.00,64591.50,64591.60,325.847
1786013100000,64591.50,64620.80,64571.90,64589.20,415.763
1786014000000,64589.30,64597.40,64473.00,64543.30,1469.112
1786014900000,64543.30,64616.20,64543.30,64555.10,517.745
1786015800000,64555.10,64629.00,64552.10,64618.50,683.906
1786016700000,64618.40,64621.50,64552.00,64590.10,492.229
1786017600000,64590.10,64614.30,64437.80,64455.10,1490.407
1786018500000,64455.10,64522.70,64420.50,64519.70,918.758
1786019400000,64519.70,64568.50,64477.40,64500.10,570.710
1786020300000,64500.10,64509.00,64360.20,64392.40,1298.149
1786021200000,64392.40,64416.30,64172.00,64229.50,5093.656
1786022100000,64229.50,64286.50,64111.00,64220.50,2660.931
1786023000000,64220.50,64409.60,64143.00,64375.50,3613.933
1786023900000,64375.60,64501.00,64351.80,64404.80,2530.518
1786024800000,64404.80,64538.60,64354.20,64441.40,2387.329
1786025700000,64441.30,64556.80,64391.60,64402.50,1414.613
1786026600000,64402.40,64813.10,64333.00,64785.10,4303.554
1786027500000,64785.10,64825.00,64651.40,64748.20,2232.549
1786028400000,64748.20,64962.00,64739.00,64823.40,3957.461
1786029300000,64823.40,64870.00,64670.50,64796.70,2122.722
1786030200000,64796.80,64844.00,64674.40,64724.60,1181.545
1786031100000,64724.60,64843.90,64588.50,64604.20,2091.073
1786032000000,64604.20,64687.40,64565.20,64611.60,1492.928
1786032900000,64611.60,64661.30,64556.70,64617.10,981.006
1786033800000,64617.20,64729.90,64581.30,64680.70,838.533
1786034700000,64680.70,64745.50,64630.00,64723.20,685.134
1786035600000,64723.30,64807.40,64685.80,64685.80,939.759
1786036500000,64685.80,64716.00,64640.20,64656.30,346.877
1786037400000,64656.20,64687.50,64514.10,64569.90,982.262
1786038300000,64569.80,64619.50,64547.30,64583.10,608.896
1786039200000,64583.10,64589.60,64441.10,64511.60,1115.107
1786040100000,64511.60,64568.10,64470.60,64484.50,778.999
1786041000000,64484.50,64489.70,64374.30,64384.50,1003.992
1786041900000,64384.50,64421.00,64343.70,64388.80,773.123
1786042800000,64388.80,64432.40,64380.20,64402.90,520.366
1786043700000,64403.00,64426.70,64354.60,64366.10,560.208
1786044600000,64366.10,64422.10,64323.20,64395.40,679.121
1786045500000,64395.40,64445.60,64368.00,64412.80,917.042
1786046400000,64412.80,64510.70,64412.70,64490.30,808.648
1786047300000,64490.30,64494.00,64408.50,64450.10,612.709
1786048200000,64450.20,64460.00,64425.90,64429.40,283.144
1786049100000,64429.30,64449.90,64403.70,64403.70,330.283
1786050000000,64403.70,64468.80,64403.70,64455.40,615.518
1786050900000,64455.30,64490.20,64417.60,64417.60,301.686
1786051800000,64417.70,64457.60,64371.90,64418.40,542.732
1786052700000,64418.40,64455.40,64402.80,64411.80,226.083
1786053600000,64411.90,64419.30,64350.00,64403.20,349.582
1786054500000,64403.30,64407.50,64294.30,64335.80,538.892
1786055400000,64335.90,64360.00,64301.70,64310.50,311.926
1786056300000,64310.50,64342.70,64310.50,64317.80,186.984
1786057200000,64317.70,64333.10,64300.00,64307.40,286.390
1786058100000,64307.30,64312.80,64192.20,64219.70,1176.253
1786059000000,64219.60,64229.70,64174.20,64193.60,573.872
1786059900000,64193.70,64306.30,64163.50,64300.00,727.386
1786060800000,64299.90,64387.30,64254.40,64263.80,893.089
1786061700000,64263.70,64287.90,64195.20,64244.50,776.136
1786062600000,64244.50,64312.10,64203.20,64296.70,413.896
1786063500000,64296.80,64312.80,64230.00,64291.90,426.702
1786064400000,64291.90,64439.00,64291.90,64334.30,943.619
1786065300000,64334.40,64406.40,64276.80,64397.50,462.425
1786066200000,64397.50,64450.00,64263.00,64351.70,697.693
1786067100000,64351.70,64421.70,64347.60,64394.80,362.759
1786068000000,64394.70,64405.80,64220.00,64370.20,724.903
1786068900000,64370.30,64524.80,64272.80,64291.90,2804.828
1786069800000,64291.90,64393.90,64244.60,64382.50,814.035
1786070700000,64382.50,64446.10,64362.40,64369.50,571.688
1786071600000,64369.40,64380.50,64286.30,64307.50,692.327
1786072500000,64307.50,64316.00,64227.80,64288.10,649.696
1786073400000,64288.10,64347.00,64278.40,64311.30,331.233
1786074300000,64311.40,64345.60,64244.00,64264.00,411.211
1786075200000,64264.00,64300.00,64212.40,64281.10,460.901
1786076100000,64281.10,64340.20,64256.30,64276.40,577.060
1786077000000,64276.40,64328.10,64223.80,64226.00,551.426
1786077900000,64226.10,64239.20,64128.30,64225.80,1475.390
1786078800000,64225.80,64235.00,64161.20,64219.10,517.193
1786079700000,64219.10,64233.00,64139.70,64154.30,556.904
1786080600000,64154.30,64254.50,64154.30,64250.10,616.664
1786081500000,64250.10,64370.10,64226.60,64310.60,942.120
1786082400000,64310.70,64397.30,64288.30,64388.50,649.797
1786083300000,64388.50,64441.00,64353.90,64393.30,835.822
1786084200000,64393.30,64404.20,64312.60,64335.40,604.087
1786085100000,64335.40,64348.00,64255.00,64280.10,643.867
1786086000000,64280.20,64347.70,64229.90,64310.50,374.363
1786086900000,64310.40,64405.00,64301.50,64377.00,1827.448
1786087800000,64377.00,64393.30,64337.60,64342.90,415.322
1786088700000,64342.80,64347.10,64274.00,64288.90,422.538
1786089600000,64288.80,64352.00,64268.90,64341.10,621.476
1786090500000,64341.10,64426.80,64340.90,64421.40,769.264
1786091400000,64421.50,64646.60,64421.40,64606.20,2282.547
1786092300000,64606.30,64606.30,64547.80,64576.40,910.380
1786093200000,64576.30,64746.00,64576.30,64700.10,2208.694
1786094100000,64700.10,64857.00,64700.00,64806.00,2686.910
1786095000000,64806.00,64939.40,64776.60,64878.00,3182.948
1786095900000,64877.90,64885.40,64783.70,64809.00,1234.002
1786096800000,64809.10,64847.30,64768.50,64820.30,1335.008
1786097700000,64820.40,64864.70,64769.90,64862.00,731.240
1786098600000,64862.00,64888.70,64823.70,64835.00,841.525
1786099500000,64834.90,64884.70,64834.90,64867.30,562.775
1786100400000,64867.40,64948.50,64867.40,64934.20,1464.658
1786101300000,64934.20,65187.90,64900.80,65054.90,5487.680
1786102200000,65055.00,65075.00,64987.00,64999.90,1836.362
1786103100000,64999.80,65020.00,64971.70,64996.10,771.674
1786104000000,64996.20,65263.00,64996.10,65188.10,4076.967
1786104900000,65188.10,65209.40,65031.00,65096.10,1540.191
1786105800000,65096.10,65300.00,64954.00,65127.20,7314.650
1786106700000,65127.10,65358.00,65127.10,65259.10,4702.720
1786107600000,65259.00,65296.80,65155.30,65186.10,1546.284
1786108500000,65186.10,65245.80,65073.20,65127.80,1509.731
1786109400000,65127.80,65292.00,65071.20,65271.40,2957.945
1786110300000,65271.30,65305.60,64946.80,64984.80,4170.340
1786111200000,64984.90,65020.00,64756.80,64805.90,6393.673
1786112100000,64805.90,65211.80,64764.30,65165.10,3688.662
1786113000000,65165.10,65250.00,65056.70,65075.10,2493.040
1786113900000,65075.10,65132.10,64914.70,64927.30,1713.019
1786114800000,64927.30,65015.30,64859.50,64935.50,1368.924
1786115700000,64935.50,65042.50,64900.60,64996.70,762.923
1786116600000,64996.80,65117.70,64955.20,64990.00,1214.255
1786117500000,64990.00,65002.10,64878.40,64885.40,704.968
1786118400000,64885.50,65050.00,64883.50,65012.30,1076.003
1786119300000,65012.30,65027.00,64861.80,64907.30,1105.238
1786120200000,64907.40,64946.00,64835.10,64926.20,886.981
1786121100000,64926.20,64928.20,64779.90,64779.90,1354.750
1786122000000,64779.90,64805.10,64664.00,64670.00,3310.785
1786122900000,64670.00,64710.00,64549.40,64570.50,3223.090
1786123800000,64570.50,64664.80,64490.00,64655.90,2751.612
1786124700000,64655.90,64740.30,64631.90,64740.30,1096.156
1786125600000,64740.20,64857.90,64734.40,64825.30,1413.430
1786126500000,64825.30,64843.80,64766.70,64783.80,765.701
1786127400000,64783.80,64817.90,64700.00,64700.10,607.346
1786128300000,64700.00,64728.00,64655.00,64712.10,494.587
1786129200000,64712.10,64850.00,64712.00,64815.70,784.009
1786130100000,64815.70,64961.90,64815.70,64916.70,1218.303
1786131000000,64916.80,65000.00,64905.10,64944.30,1467.087
1786131900000,64944.40,64980.30,64915.00,64932.90,504.590
1786132800000,64932.90,65015.30,64922.70,64958.60,604.907
1786133700000,64958.70,64974.20,64922.70,64947.10,328.928
1786134600000,64947.10,64947.10,64916.60,64929.90,284.929
1786135500000,64929.90,64952.10,64925.90,64942.10,403.279
1786136400000,64942.20,64996.00,64942.10,64976.50,307.435
1786137300000,64976.50,64991.60,64920.00,64966.90,481.023
1786138200000,64967.00,65078.70,64966.90,64999.90,799.471
1786139100000,64999.90,65014.50,64895.00,64895.30,439.349
1786140000000,64895.30,64902.20,64863.30,64901.50,394.085
1786140900000,64901.40,64919.60,64875.40,64895.60,263.979
1786141800000,64895.70,64895.70,64815.30,64844.00,461.555
1786142700000,64843.90,64892.00,64843.90,64857.30,360.573
1786143600000,64857.30,64859.90,64854.00,64859.90,126.101
1786144500000,64859.80,64859.90,64846.30,64852.00,199.267
1786145400000,64852.10,64869.10,64852.00,64869.00,141.799
1786146300000,64869.10,64885.80,64869.00,64885.40,199.455
1786147200000,64885.50,64927.60,64868.20,64868.20,399.668
1786148100000,64868.20,64868.30,64784.30,64850.40,477.830
1786149000000,64850.40,64872.40,64836.00,64872.40,259.314
1786149900000,64872.30,64890.40,64872.30,64890.30,136.327
1786150800000,64890.30,64927.80,64871.60,64922.20,313.573
1786151700000,64922.30,64922.30,64877.20,64877.20,196.907
1786152600000,64877.20,64907.30,64875.50,64900.10,214.210
1786153500000,64900.10,64900.20,64880.00,64880.60,135.674
1786154400000,64880.60,64880.70,64863.50,64871.90,210.016
1786155300000,64871.80,64900.00,64864.00,64900.00,206.349
1786156200000,64900.00,64931.80,64884.00,64892.00,330.946
1786157100000,64892.00,64894.20,64887.60,64889.50,184.804
1786158000000,64889.50,64910.00,64884.00,64902.30,206.194
1786158900000,64902.20,65009.60,64902.20,64992.20,536.233
1786159800000,64992.20,65046.10,64970.20,64984.90,444.088
1786160700000,64985.00,65009.00,64965.90,65000.00,323.661
1786161600000,65000.00,65040.10,64934.90,64947.10,464.322
1786162500000,64947.10,64973.50,64941.00,64973.00,150.380
1786163400000,64973.00,65036.70,64968.60,65008.40,494.183
1786164300000,65008.40,65012.10,64968.60,64976.50,197.388
1786165200000,64976.50,64987.70,64965.10,64965.10,136.612
1786166100000,64965.20,65000.00,64965.10,64992.50,177.464
1786167000000,64992.50,64992.50,64981.00,64990.10,105.813
1786167900000,64990.00,64990.10,64942.60,64967.00,296.937
1786168800000,64967.10,64972.30,64947.30,64950.10,165.032
1786169700000,64950.10,64959.00,64941.70,64944.50,238.740
1786170600000,64944.50,64959.20,64931.80,64959.20,273.046
1786171500000,64959.20,64991.00,64959.10,64978.20,209.336
1786172400000,64978.30,64983.00,64967.80,64970.80,186.124
1786173300000,64970.80,64974.30,64967.60,64974.20,110.775
1786174200000,64974.20,64974.30,64919.50,64919.50,258.414
1786175100000,64919.50,64937.50,64919.50,64936.30,149.773
1786176000000,64936.30,64938.80,64920.00,64938.70,192.978
1786176900000,64938.70,64956.10,64938.70,64956.00,124.030
1786177800000,64956.00,64988.20,64956.00,64986.00,277.767
1786178700000,64986.00,64986.00,64962.60,64963.20,153.598
1786179600000,64963.10,64978.20,64963.10,64975.70,138.587
1786180500000,64975.80,64992.00,64975.70,64990.60,189.556
1786181400000,64990.50,65026.90,64976.60,64978.80,477.959
1786182300000,64978.80,64984.10,64960.00,64960.10,196.708
1786183200000,64960.00,64977.70,64960.00,64968.30,165.343
1786184100000,64968.20,64996.30,64968.10,64996.30,167.463
1786185000000,64996.20,64996.30,64974.80,64977.10,177.280
1786185900000,64977.10,64985.90,64977.10,64980.60,75.371
1786186800000,64980.60,64995.60,64974.40,64983.30,145.270
1786187700000,64983.20,64983.30,64944.90,64945.00,167.412
1786188600000,64945.00,64949.20,64944.90,64945.40,171.243
1786189500000,64945.30,64945.90,64930.00,64938.50,190.223
1786190400000,64938.40,64986.80,64890.80,64985.50,558.533
1786191300000,64985.40,65024.70,64949.20,64949.20,357.468
1786192200000,64949.20,64998.50,64949.20,64979.40,385.411
1786193100000,64979.50,64996.30,64973.70,64973.80,142.393
1786194000000,64973.80,64993.30,64967.20,64978.70,202.917
1786194900000,64978.70,64994.60,64978.60,64990.80,161.281
1786195800000,64990.80,64990.90,64973.70,64974.80,130.331
1786196700000,64974.70,64985.40,64967.30,64985.40,129.204
1786197600000,64985.40,65032.00,64985.30,65032.00,370.657
1786198500000,65031.90,65119.80,65013.30,65102.40,1281.177
1786199400000,65102.50,65163.00,65080.80,65080.80,1272.925
1786200300000,65080.80,65151.10,65080.10,65100.00,635.889
1786201200000,65100.10,65123.80,65066.80,65073.60,409.968
1786202100000,65073.60,65079.40,65046.10,65059.80,282.632
1786203000000,65059.80,65062.20,65031.50,65031.50,237.752
1786203900000,65031.60,65069.80,65027.90,65049.30,268.783
1786204800000,65049.40,65088.00,65049.30,65052.80,331.844
1786205700000,65052.70,65059.60,65045.40,65045.50,161.496
1786206600000,65045.50,65045.60,65000.10,65032.70,360.758
1786207500000,65032.60,65056.10,65031.80,65056.10,151.084
1786208400000,65056.10,65110.20,65045.60,65087.80,456.667
1786209300000,65087.80,65095.50,65072.30,65081.10,126.722
1786210200000,65081.10,65123.10,65080.30,65095.30,290.331
1786211100000,65095.30,65100.00,65086.00,65086.20,212.262
1786212000000,65086.20,65094.10,65069.10,65069.20,192.693
1786212900000,65069.10,65069.20,65000.00,65012.10,480.669
1786213800000,65012.20,65035.90,65010.70,65026.80,389.849
1786214700000,65026.80,65026.80,65015.20,65015.30,109.037
1786215600000,65015.30,65015.30,64991.00,64991.40,232.344
1786216500000,64991.40,64998.80,64991.00,64993.00,168.307
1786217400000,64992.90,65011.50,64986.20,65011.50,152.906
1786218300000,65011.40,65089.20,65008.20,65045.50,537.439
1786219200000,65045.50,65052.60,65035.10,65050.00,161.905
1786220100000,65050.00,65054.80,65026.70,65035.90,173.490
1786221000000,65035.80,65059.10,65034.10,65050.00,175.648
1786221900000,65049.90,65057.20,65029.20,65046.90,363.161
1786222800000,65046.90,65046.90,65014.00,65014.10,106.118
1786223700000,65014.10,65022.90,65005.90,65007.00,122.295
1786224600000,65006.90,65033.50,65001.00,65033.50,168.808
1786225500000,65033.40,65033.50,64957.30,64989.80,437.773
1786226400000,64989.80,65012.80,64970.40,64970.50,360.816
1786227300000,64970.50,64975.00,64964.80,64965.60,192.040
1786228200000,64965.60,64968.70,64943.80,64943.90,413.010
1786229100000,64943.90,64945.30,64915.20,64915.20,277.641
1786230000000,64915.20,64915.30,64907.90,64910.90,225.774
1786230900000,64910.80,64945.10,64910.80,64911.10,407.809
1786231800000,64911.10,64954.10,64911.10,64942.40,270.755
1786232700000,64942.50,64943.70,64921.90,64928.50,198.609
1786233600000,64928.60,64937.00,64928.40,64934.70,143.538
1786234500000,64934.80,64945.10,64934.60,64934.70,129.884
1786235400000,64934.70,64956.90,64934.70,64942.70,212.818
1786236300000,64942.80,64957.70,64929.40,64952.90,295.464
1786237200000,64952.90,64982.40,64945.10,64959.50,293.975
1786238100000,64959.50,64959.50,64831.40,64836.10,768.859
1786239000000,64836.20,64865.80,64826.90,64860.90,361.794
1786239900000,64861.00,64866.00,64818.00,64838.40,418.127
1786240800000,64838.40,64838.40,64781.50,64829.10,511.142
1786241700000,64829.00,64829.10,64810.80,64820.10,207.857
1786242600000,64820.10,64820.10,64752.00,64752.00,368.073
1786243500000,64752.00,64804.10,64752.00,64798.00,594.891
1786244400000,64798.00,64798.00,64711.00,64711.00,516.790
1786245300000,64711.00,64767.20,64700.00,64754.50,574.594
1786246200000,64754.50,64784.20,64749.30,64777.70,338.243
1786247100000,64777.70,64777.70,64758.00,64759.00,207.404
1786248000000,64758.90,64795.10,64758.90,64795.10,251.756
1786248900000,64795.00,64806.30,64785.00,64806.30,289.670
1786249800000,64806.30,64806.30,64781.10,64781.10,154.083
1786250700000,64781.10,64781.20,64759.70,64759.80,144.964
1786251600000,64759.70,64764.30,64754.00,64759.10,184.986
1786252500000,64759.10,64764.70,64757.00,64757.10,159.193
1786253400000,64757.00,64760.50,64757.00,64759.10,131.215
1786254300000,64759.10,64777.90,64747.40,64777.90,275.128
1786255200000,64777.80,64786.50,64776.90,64786.50,272.593
1786256100000,64786.50,64821.50,64786.40,64815.60,443.185
1786257000000,64815.50,64834.40,64815.50,64833.10,301.597
1786257900000,64833.20,64835.00,64822.70,64822.90,250.468
1786258800000,64822.90,64827.80,64820.50,64824.90,276.428
1786259700000,64824.90,64826.60,64809.10,64810.00,263.638
1786260600000,64810.00,64812.90,64806.30,64806.30,174.178
1786261500000,64806.30,64806.40,64791.90,64793.60,218.295
1786262400000,64793.70,64905.40,64793.70,64892.30,772.660
1786263300000,64892.30,64911.10,64859.10,64859.80,442.246
1786264200000,64859.70,64870.00,64759.20,64759.20,524.148
1786265100000,64759.20,64793.10,64759.20,64792.50,591.088
1786266000000,64792.50,64799.90,64792.50,64792.90,182.377
1786266900000,64792.90,64799.10,64774.50,64779.80,223.046
1786267800000,64779.80,64789.50,64775.00,64788.30,184.717
1786268700000,64788.40,64850.90,64783.40,64850.90,318.899
1786269600000,64850.90,64926.40,64850.80,64924.20,384.052
1786270500000,64924.30,64948.70,64912.00,64935.70,556.647
1786271400000,64935.70,64944.50,64910.50,64911.90,235.687
1786272300000,64911.80,64948.40,64911.80,64927.40,339.975
1786273200000,64927.50,64955.00,64927.40,64949.90,207.642
1786274100000,64950.00,64950.00,64940.10,64948.90,160.633
1786275000000,64949.00,64974.50,64948.90,64958.40,202.093
1786275900000,64958.40,64978.00,64921.70,64921.80,382.494
1786276800000,64921.70,64923.00,64884.30,64915.70,412.417
1786277700000,64915.60,64922.20,64915.60,64915.60,102.709
1786278600000,64915.60,64915.70,64908.90,64911.40,114.122
1786279500000,64911.50,64928.50,64905.70,64928.50,199.047
1786280400000,64928.40,65012.20,64928.40,64993.40,744.242
1786281300000,64993.40,65068.90,64993.40,65061.80,643.867
1786282200000,65061.80,65245.50,65061.80,65193.00,3520.929
1786283100000,65193.10,65198.80,65164.90,65194.90,829.708
1786284000000,65195.00,65212.60,65163.80,65212.00,797.842
1786284900000,65212.00,65212.00,65130.80,65166.60,511.139
1786285800000,65166.70,65200.00,65118.40,65144.00,531.313
1786286700000,65143.90,65279.90,65143.90,65237.30,1328.830
1786287600000,65237.30,65240.90,65177.00,65218.90,850.457
1786288500000,65218.90,65219.00,65199.80,65199.90,394.786
1786289400000,65199.90,65210.80,65196.80,65199.60,372.696
1786290300000,65199.70,65212.50,65197.00,65207.70,290.013
1786291200000,65207.80,65243.10,65190.60,65210.50,581.145
1786292100000,65210.50,65218.20,65147.20,65171.10,571.610
1786293000000,65171.00,65237.10,65171.00,65228.00,492.595
1786293900000,65228.00,65233.30,65204.50,65204.60,208.710
1786294800000,65204.60,65204.70,65191.00,65200.00,186.337
1786295700000,65199.90,65212.80,65192.10,65211.90,224.473
1786296600000,65211.90,65212.10,65197.50,65206.40,156.635
1786297500000,65206.40,65206.50,65165.90,65170.00,254.516
1786298400000,65169.90,65181.40,65169.90,65180.10,129.507
1786299300000,65180.00,65194.00,65161.20,65194.00,324.076
1786300200000,65193.90,65200.00,65193.90,65194.20,140.194
1786301100000,65194.10,65194.20,65167.10,65167.10,207.464
1786302000000,65167.10,65177.60,65158.50,65166.40,207.413
1786302900000,65166.30,65188.60,65166.30,65186.10,133.766
1786303800000,65186.10,65186.20,65171.70,65171.70,139.845
1786304700000,65171.70,65171.80,65147.60,65153.20,324.478
1786305600000,65153.20,65161.40,65043.50,65049.20,955.351
1786306500000,65049.20,65125.00,65049.20,65102.40,596.838
1786307400000,65102.30,65142.60,65102.30,65111.20,221.655
1786308300000,65111.30,65117.90,65093.30,65114.10,172.937
1786309200000,65114.00,65114.10,65095.90,65103.10,230.512
1786310100000,65103.00,65114.10,65091.20,65111.00,159.811
1786311000000,65110.90,65229.90,65110.90,65196.70,804.130
1786311900000,65196.70,65203.30,65154.20,65165.00,181.645
1786312800000,65165.10,65482.70,65165.10,65387.10,3479.684
1786313700000,65387.20,65419.40,65182.30,65210.50,1648.171
1786314600000,65210.60,65224.70,64942.70,65006.20,2445.671
1786315500000,65006.10,65080.00,64936.20,65046.30,1015.461
1786316400000,65046.20,65080.30,64956.10,64990.10,746.400
1786317300000,64990.00,65027.40,64869.00,64892.20,1415.880
1786318200000,64892.20,64911.00,64816.00,64866.50,1666.954
1786319100000,64866.60,64903.20,64805.10,64867.80,737.247
1786320000000,64867.80,65300.00,64811.80,65120.20,2776.425
1786320900000,65120.20,65146.40,64950.30,64974.80,1191.910
1786321800000,64974.90,65025.70,64794.40,64819.00,1834.249
1786322700000,64819.00,65015.30,64816.00,64945.30,1174.591
1786323600000,64945.30,65005.80,64868.10,64977.60,662.452
1786324500000,64977.50,65049.40,64971.80,64976.60,440.368
1786325400000,64976.60,64988.10,64864.00,64947.80,671.454
1786326300000,64947.80,65373.60,64941.20,65172.90,3023.601
1786327200000,65172.90,65185.00,65046.70,65074.50,885.966
1786328100000,65074.50,65076.20,64871.00,64931.20,1870.789
1786329000000,64931.20,65193.30,64931.20,65172.00,1189.998
1786329900000,65172.10,65172.10,65055.80,65077.70,606.834
1786330800000,65077.70,65085.10,64930.50,64931.30,744.190
1786331700000,64931.20,65150.00,64875.00,64999.60,1412.532
1786332600000,64999.70,65070.00,64968.90,65001.50,516.200
1786333500000,65001.60,65032.00,64922.30,64946.40,650.761
1786334400000,64946.40,65049.70,64926.50,65046.00,656.843
1786335300000,65046.00,65076.40,65000.00,65000.10,337.089
1786336200000,65000.00,65015.00,64892.10,64980.80,589.046
1786337100000,64980.70,65026.20,64950.00,64980.60,293.575
1786338000000,64980.40,65028.70,64952.30,64965.00,298.140
1786338900000,64964.90,65040.00,64964.90,65019.60,230.784
1786339800000,65019.60,65063.10,64995.40,65059.40,266.490
1786340700000,65059.40,65142.10,65024.00,65117.10,898.855
1786341600000,65117.20,65260.00,65104.10,65174.70,1461.090
1786342500000,65174.80,65214.60,65120.10,65139.90,596.168
1786343400000,65140.00,65212.20,65140.00,65212.20,353.166
1786344300000,65212.10,65313.20,65201.40,65273.20,900.485
1786345200000,65273.10,65283.70,65229.40,65240.10,824.032
1786346100000,65240.10,65307.40,65203.70,65297.00,767.802
1786347000000,65297.00,65348.40,65280.00,65303.00,1283.970
1786347900000,65303.00,65313.00,65173.10,65183.00,720.292
1786348800000,65183.00,65290.00,65182.90,65240.40,518.305
1786349700000,65240.30,65306.90,65202.60,65269.80,609.259
1786350600000,65269.80,65279.60,65160.20,65200.90,528.300
1786351500000,65200.90,65240.00,65183.80,65220.60,331.199
1786352400000,65220.60,65220.70,65159.20,65193.80,482.412
1786353300000,65193.80,65196.20,65133.60,65139.00,318.563
1786354200000,65139.00,65139.00,65012.60,65021.80,1658.024
1786355100000,65021.90,65021.90,64928.00,64941.10,2179.213
1786356000000,64941.00,65053.30,64939.50,65017.40,1097.133
1786356900000,65017.30,65044.40,64981.10,64998.70,479.295
1786357800000,64998.70,65023.80,64980.00,64982.40,397.086
1786358700000,64982.40,65029.00,64980.00,64988.70,393.899
1786359600000,64988.80,65009.00,64950.00,64991.10,672.600
1786360500000,64991.10,65068.80,64991.00,65051.60,530.607
1786361400000,65051.50,65077.80,65032.20,65032.20,299.017
1786362300000,65032.20,65108.40,65032.20,65097.60,424.358
1786363200000,65097.50,65221.20,65071.20,65100.40,1649.782
1786364100000,65100.50,65104.30,65012.10,65027.80,751.003
1786365000000,65027.80,65035.00,64882.70,64995.60,1730.817
1786365900000,64995.60,64995.60,64812.60,64838.30,2145.271
1786366800000,64838.30,64882.80,64814.50,64855.40,1546.250
1786367700000,64855.30,64942.50,64847.70,64894.20,1328.167
1786368600000,64894.30,64907.00,64575.80,64618.50,5601.432
1786369500000,64618.50,64660.00,64482.10,64533.70,4092.438
1786370400000,64533.60,64729.20,64510.00,64722.20,2743.656
1786371300000,64722.20,64803.70,64682.00,64752.60,1691.264
1786372200000,64752.70,64856.70,64734.10,64795.00,1324.014
1786373100000,64795.10,64830.00,64573.10,64594.50,2387.736
1786374000000,64594.60,64691.20,64500.30,64529.90,2373.291
1786374900000,64529.90,64619.60,64280.00,64374.00,5642.824
1786375800000,64373.90,64390.60,64213.00,64317.90,3957.542
1786376700000,64317.90,64335.80,64171.80,64268.80,4230.638
1786377600000,64268.70,64330.00,64155.10,64195.70,3456.700
1786378500000,64195.70,64195.70,63944.00,64100.00,6374.047
1786379400000,64100.00,64163.90,63923.80,63948.80,3029.986
1786380300000,63948.80,63960.30,63808.90,63888.60,5060.889
1786381200000,63888.60,63999.90,63810.00,63973.70,2804.146
1786382100000,63973.70,63988.40,63901.40,63901.50,1144.891
1786383000000,63901.50,64009.00,63880.00,63929.00,1255.157
1786383900000,63928.90,63953.10,63844.80,63932.70,1335.901
1786384800000,63932.60,64005.40,63875.00,63922.20,1430.041
1786385700000,63922.30,63986.90,63873.40,63880.00,814.973
1786386600000,63880.00,63913.30,63788.00,63863.00,4440.231
1786387500000,63863.10,63906.50,63813.90,63866.40,807.050
1786388400000,63866.30,63913.00,63859.90,63905.60,558.865
1786389300000,63905.60,63997.10,63875.40,63997.10,912.876
1786390200000,63997.10,64072.80,63901.50,64000.00,1818.889
1786391100000,64000.10,64022.90,63954.70,64017.20,611.064
1786392000000,64017.20,64060.20,63989.50,64023.00,957.501
1786392900000,64022.90,64090.00,64014.20,64090.00,580.025
1786393800000,64089.90,64189.30,64071.00,64143.00,1150.031
1786394700000,64142.90,64153.50,64107.70,64129.60,612.535
1786395600000,64129.70,64129.70,64049.50,64080.80,643.235
1786396500000,64080.90,64089.60,64035.20,64089.10,398.670
1786397400000,64089.20,64089.20,64000.00,64004.80,420.653
1786398300000,64004.80,64016.80,63946.80,63949.00,623.648
1786399200000,63949.00,64017.10,63919.10,64010.60,662.265
1786400100000,64010.60,64027.40,63975.50,63980.90,396.585
1786401000000,63980.90,63981.00,63908.00,63956.90,282.399
1786401900000,63957.00,63987.50,63953.70,63987.50,160.893
1786402800000,63987.50,63992.10,63943.50,63949.90,348.493
1786403700000,63950.00,63969.00,63916.80,63959.20,436.520
1786404600000,63959.20,63959.30,63881.60,63939.90,599.292
1786405500000,63939.90,63958.90,63911.20,63939.30,451.735
1786406400000,63939.30,63955.80,63863.90,63955.80,866.028
1786407300000,63955.80,63974.50,63884.80,63960.90,696.185
1786408200000,63961.00,63983.30,63918.60,63951.50,500.331
1786409100000,63951.50,64032.60,63951.50,64006.10,1080.194
1786410000000,64006.10,64048.20,63950.00,64027.70,764.101
1786410900000,64027.80,64044.20,63950.00,64039.40,790.647
1786411800000,64039.50,64039.50,63923.90,63957.00,583.031
1786412700000,63957.00,64046.50,63955.00,64026.60,471.734
1786413600000,64026.60,64054.00,64009.70,64009.70,523.458
1786414500000,64009.80,64042.00,64009.70,64019.90,378.132
1786415400000,64019.90,64026.00,63999.90,64013.90,324.259
1786416300000,64013.90,64029.00,64002.40,64012.90,378.367
1786417200000,64012.80,64075.00,64012.80,64070.20,402.442
1786418100000,64070.20,64148.00,64070.20,64106.70,915.437
1786419000000,64106.60,64134.30,64100.00,64103.90,306.807
1786419900000,64103.80,64110.70,64087.00,64110.70,446.398
1786420800000,64110.70,64124.20,64089.70,64089.70,361.161
1786421700000,64089.70,64107.50,64073.10,64080.90,307.110
1786422600000,64080.90,64082.00,64065.10,64068.40,240.772
1786423500000,64068.50,64073.50,63997.00,63997.00,841.380
1786424400000,63997.00,64023.40,63961.00,64014.60,613.744
1786425300000,64014.60,64021.90,63929.20,63944.00,594.401
1786426200000,63943.90,64012.90,63938.70,64006.30,426.547
1786427100000,64006.30,64016.60,63965.00,63965.00,401.593
1786428000000,63965.00,64021.80,63942.40,64001.10,373.332
1786428900000,64001.20,64001.20,63900.00,63900.00,516.501
1786429800000,63900.00,63939.00,63874.80,63903.20,978.838
1786430700000,63903.30,63942.40,63820.00,63940.00,1052.623
1786431600000,63940.00,63987.60,63935.90,63935.90,451.492
1786432500000,63935.90,63944.60,63876.40,63879.90,584.597
1786433400000,63879.90,64060.00,63879.90,64043.90,955.080
1786434300000,64044.00,64077.00,64010.00,64031.70,838.149
1786435200000,64031.70,64093.70,64016.70,64016.80,834.401
1786436100000,64016.70,64064.00,64010.40,64026.20,381.394
1786437000000,64026.20,64095.60,64026.20,64084.80,434.909
1786437900000,64084.80,64124.80,64063.10,64109.80,535.575
1786438800000,64109.70,64137.70,64106.00,64106.90,706.341
1786439700000,64107.00,64176.40,64106.70,64160.20,753.490
1786440600000,64160.20,64227.70,64158.00,64217.80,1342.558
1786441500000,64217.80,64281.00,64217.30,64281.00,978.362
1786442400000,64280.90,64290.10,64207.60,64218.80,1301.780
1786443300000,64218.80,64282.10,64172.00,64277.00,749.644
1786444200000,64276.90,64284.70,64221.10,64253.90,700.801
1786445100000,64253.80,64253.90,64190.10,64205.30,969.459
1786446000000,64205.30,64366.00,64205.30,64333.00,1806.324
1786446900000,64333.00,64335.00,64308.90,64311.00,476.381
1786447800000,64311.00,64321.80,64306.50,64313.40,515.214
1786448700000,64313.30,64380.00,64313.30,64358.30,883.640
1786449600000,64358.40,64470.00,64352.00,64445.00,2253.800
1786450500000,64444.90,64445.00,64259.10,64290.10,1888.794
1786451400000,64290.10,64360.10,64286.80,64302.10,1087.536
1786452300000,64302.20,64318.80,64302.10,64303.20,941.650
1786453200000,64303.10,64345.90,64252.70,64296.30,1406.078
1786454100000,64296.40,64305.70,64144.00,64179.20,1534.388
1786455000000,64179.30,64217.20,64023.70,64151.80,2963.395
1786455900000,64151.80,64195.90,64020.20,64174.40,1745.404
1786456800000,64174.40,64206.40,64088.00,64195.70,903.418
1786457700000,64195.80,64240.00,63888.80,63999.80,2560.813
1786458600000,63999.80,64041.20,63866.60,63938.10,1670.050
1786459500000,63938.20,63984.60,63680.00,63747.00,5579.812
1786460400000,63747.00,63841.50,63693.90,63752.50,2673.997
1786461300000,63752.50,63845.70,63678.40,63836.30,1734.702
1786462200000,63836.30,63836.30,63420.00,63536.20,6964.527
1786463100000,63536.20,63608.80,63446.80,63585.30,2091.073
1786464000000,63585.30,63637.50,63508.30,63582.30,2000.198
1786464900000,63582.20,63629.40,63550.00,63570.60,1007.889
1786465800000,63570.60,63596.00,63457.70,63470.30,1089.691
1786466700000,63470.20,63524.90,63436.50,63488.50,936.191
1786467600000,63488.50,63519.60,63432.30,63484.00,1010.812
1786468500000,63484.10,63576.30,63466.20,63548.80,705.844
1786469400000,63548.90,63572.00,63496.10,63531.70,678.967
1786470300000,63531.70,63615.50,63512.40,63580.10,786.141
1786471200000,63580.20,63609.10,63525.20,63571.80,911.232
1786472100000,63571.80,63583.00,63453.00,63454.10,656.852
1786473000000,63454.10,63487.90,63222.00,63281.80,7741.975
1786473900000,63281.80,63363.60,63277.10,63352.50,1019.562
1786474800000,63352.50,63357.60,63211.60,63224.60,1499.793
1786475700000,63224.60,63372.90,63224.60,63334.70,918.292
1786476600000,63334.70,63436.00,63334.60,63431.00,1205.463
1786477500000,63431.00,63513.90,63357.20,63508.50,1328.593
1786478400000,63508.50,63692.40,63508.50,63649.90,3690.756
1786479300000,63649.90,63651.60,63576.00,63651.60,772.830
1786480200000,63651.60,63732.70,63625.80,63652.40,909.781
1786481100000,63652.40,63725.30,63652.30,63720.80,761.123
1786482000000,63720.80,63731.40,63708.00,63712.00,522.278
1786482900000,63712.10,63757.50,63628.90,63648.00,1292.129
1786483800000,63648.10,63669.30,63590.70,63647.00,393.968
1786484700000,63647.00,63667.00,63620.00,63641.50,350.270
1786485600000,63641.60,63746.40,63641.60,63706.50,594.570
1786486500000,63706.50,63740.30,63677.10,63696.10,383.534
1786487400000,63696.00,63707.20,63627.80,63630.00,341.635
1786488300000,63630.00,63655.10,63601.20,63641.60,320.627
1786489200000,63641.70,63641.70,63536.10,63553.30,773.244
1786490100000,63553.40,63593.30,63527.30,63572.70,316.728
1786491000000,63572.80,63619.10,63560.00,63615.70,383.730
1786491900000,63615.80,63629.00,63571.90,63572.00,384.367
1786492800000,63571.90,63587.70,63505.30,63583.10,852.058
1786493700000,63583.10,63684.00,63551.50,63644.10,579.829
1786494600000,63644.00,63700.00,63644.00,63692.10,508.703
1786495500000,63692.10,63722.40,63691.30,63717.20,431.115
1786496400000,63717.20,63760.00,63687.40,63758.00,674.952
1786497300000,63758.10,63758.10,63708.80,63722.80,432.516
1786498200000,63722.90,63797.90,63665.20,63797.80,577.973
1786499100000,63797.80,63828.70,63771.10,63796.00,1051.957
1786500000000,63796.00,63859.10,63789.00,63820.20,860.711
1786500900000,63820.10,63868.00,63751.80,63868.00,907.081
1786501800000,63868.00,63886.00,63730.90,63745.70,772.176
1786502700000,63745.80,63755.00,63701.20,63722.60,512.830
1786503600000,63722.50,63772.60,63680.00,63692.60,542.976
1786504500000,63692.70,63751.70,63678.40,63728.50,571.866
1786505400000,63728.50,63819.20,63704.50,63785.60,479.609
1786506300000,63785.60,63809.50,63745.60,63800.10,338.048
1786507200000,63800.10,63812.10,63731.30,63757.90,514.921
1786508100000,63757.90,63863.60,63742.90,63767.00,1129.070
1786509000000,63767.10,63767.10,63706.40,63745.90,448.032
1786509900000,63745.80,63805.00,63730.10,63747.20,520.280
1786510800000,63747.20,63793.00,63698.20,63793.00,356.997
1786511700000,63792.90,63812.70,63785.10,63812.60,260.344
1786512600000,63812.50,63846.30,63794.90,63821.10,541.176
1786513500000,63821.00,63834.10,63787.50,63811.40,569.811
1786514400000,63811.30,63811.30,63675.40,63676.50,729.437
1786515300000,63676.50,63729.90,63592.70,63618.00,1586.826
1786516200000,63618.00,63657.70,63574.60,63630.10,1040.111
1786517100000,63630.20,63688.00,63600.00,63688.00,865.160
1786518000000,63687.90,63778.60,63684.40,63736.50,702.552
1786518900000,63736.60,63736.60,63698.10,63705.00,317.428
1786519800000,63705.10,63752.80,63656.00,63664.70,389.557
1786520700000,63664.70,63812.50,63603.40,63804.80,988.845
1786521600000,63804.80,63844.00,63757.20,63764.40,1220.115
1786522500000,63764.40,63809.00,63764.30,63796.40,606.324
1786523400000,63796.50,63796.50,63741.10,63751.30,371.275
1786524300000,63751.40,63795.50,63751.30,63769.90,463.361
1786525200000,63770.00,63835.20,63735.40,63827.20,424.668
1786526100000,63827.30,63985.10,63827.20,63955.90,2324.491
1786527000000,63955.90,64064.90,63955.90,64011.30,2949.825
1786527900000,64011.40,64077.00,63994.70,64077.00,1121.262
1786528800000,64076.90,64191.80,64069.40,64092.80,2326.227
1786529700000,64092.80,64113.00,64026.50,64038.20,1306.265
1786530600000,64038.10,64140.20,64038.10,64114.90,1103.594
1786531500000,64114.90,64132.20,64051.10,64111.40,943.015
1786532400000,64111.40,64186.70,64080.00,64112.40,952.038
1786533300000,64112.30,64178.30,64099.00,64172.30,609.825
1786534200000,64172.30,64193.40,64127.90,64159.40,632.461
1786535100000,64159.40,64222.20,64159.40,64207.30,986.328
1786536000000,64207.30,64275.90,64181.10,64230.40,1698.510
1786536900000,64230.50,64400.00,64222.40,64385.80,3565.909
1786537800000,64385.80,64450.00,63975.00,64069.50,9687.441
1786538700000,64069.50,64154.00,63939.10,64090.00,3297.888
1786539600000,64089.90,64131.40,63908.80,63955.00,1937.443
1786540500000,63955.10,64012.70,63880.60,63930.60,1746.047
1786541400000,63930.70,63987.10,63830.10,63956.60,3083.493
1786542300000,63956.70,64050.30,63799.00,63805.90,2793.789
1786543200000,63806.00,63911.90,63563.30,63765.30,6213.761
1786544100000,63765.30,63802.50,63627.30,63627.30,1556.965
1786545000000,63627.30,63672.40,63501.80,63579.60,3997.023
1786545900000,63579.60,63621.50,63334.40,63344.40,3501.953
1786546800000,63344.30,63508.80,63291.10,63475.50,4280.107
1786547700000,63475.50,63528.10,63408.20,63478.70,1478.629
1786548600000,63479.00,63551.90,63371.80,63501.00,1477.007
1786549500000,63501.00,63529.10,63401.20,63421.40,1260.746
1786550400000,63421.30,63481.60,63338.90,63454.90,1383.372
1786551300000,63454.90,63550.00,63438.20,63541.10,1334.336
1786552200000,63541.00,63557.50,63484.20,63496.40,794.817
1786553100000,63496.30,63498.30,63444.00,63462.30,1127.460
1786554000000,63462.30,63520.60,63447.30,63512.40,645.057
1786554900000,63512.30,63528.20,63400.00,63425.60,661.350
1786555800000,63425.50,63485.70,63388.80,63452.40,457.686
1786556700000,63452.30,63520.80,63428.00,63450.10,409.261
1786557600000,63450.00,63484.10,63397.10,63452.80,525.098
1786558500000,63452.90,63452.90,63357.20,63411.40,686.902
1786559400000,63411.40,63507.00,63395.20,63424.60,419.216
1786560300000,63424.60,63424.60,63350.00,63360.00,618.648
1786561200000,63360.00,63413.60,63355.70,63360.80,408.346
1786562100000,63360.90,63441.00,63283.00,63361.50,2225.018
1786563000000,63361.40,63382.40,63313.70,63313.90,554.569
1786563900000,63313.90,63409.10,63299.00,63394.90,1067.087
1786564800000,63394.80,63492.50,63392.50,63439.90,687.049
1786565700000,63439.90,63492.50,63400.00,63482.20,517.545
1786566600000,63482.10,63547.70,63482.10,63518.50,796.435
1786567500000,63518.50,63573.50,63500.50,63573.50,577.380
1786568400000,63573.50,63629.80,63528.90,63555.30,712.372
1786569300000,63555.40,63570.20,63435.00,63454.90,678.766
1786570200000,63455.00,63518.20,63389.90,63508.40,883.928
1786571100000,63508.40,63551.20,63422.40,63441.40,607.293
1786572000000,63441.40,63508.00,63391.90,63465.70,671.476
1786572900000,63465.70,63503.60,63456.70,63457.20,329.762
1786573800000,63457.10,63468.80,63337.50,63377.40,771.558
1786574700000,63377.40,63409.00,63368.00,63405.90,420.973
1786575600000,63405.80,63414.20,63350.00,63388.60,619.154
1786576500000,63388.60,63420.00,63350.00,63400.00,464.190
1786577400000,63399.90,63457.00,63375.20,63397.80,728.544
1786578300000,63397.80,63466.00,63382.50,63454.70,675.433
1786579200000,63454.60,63582.40,63437.00,63579.20,1187.554
1786580100000,63579.20,63694.90,63555.50,63595.70,1580.803
1786581000000,63595.70,63603.30,63467.20,63486.10,771.891
1786581900000,63486.00,63580.50,63475.70,63530.10,400.517
1786582800000,63530.00,63608.90,63494.70,63606.50,512.743
1786583700000,63606.60,63611.40,63372.60,63390.10,1206.051
1786584600000,63390.00,63514.20,63383.80,63390.00,602.271
1786585500000,63390.00,63492.70,63355.10,63428.80,630.673
1786586400000,63428.90,63458.20,63397.60,63434.40,506.076
1786587300000,63434.30,63456.60,63398.00,63437.20,282.763
1786588200000,63437.20,63466.80,63343.80,63466.80,799.464
1786589100000,63466.80,63553.70,63443.70,63522.40,651.090
1786590000000,63522.40,63553.80,63474.00,63545.70,542.450
1786590900000,63545.60,63620.10,63539.50,63552.10,2187.827
1786591800000,63552.10,63609.70,63541.90,63547.30,691.905
1786592700000,63547.30,63670.10,63545.80,63623.50,1359.542
1786593600000,63623.50,63660.50,63599.70,63647.40,426.672
1786594500000,63647.50,63647.50,63564.90,63567.60,369.405
1786595400000,63567.50,63689.00,63567.50,63674.10,610.372
1786596300000,63674.10,63763.60,63670.40,63672.90,1195.675
1786597200000,63672.90,63858.00,63647.60,63858.00,3171.314
1786598100000,63857.90,63990.70,63857.90,63916.10,3162.681
1786599000000,63916.10,63932.70,63870.00,63897.10,1025.108
1786599900000,63897.10,63905.20,63844.40,63844.40,559.384
1786600800000,63844.40,63857.80,63788.00,63813.30,1209.968
1786601700000,63813.30,63826.00,63783.70,63797.20,577.340
1786602600000,63797.20,63797.30,63730.10,63730.20,742.940
1786603500000,63730.10,63914.60,63725.20,63914.50,1004.536
1786604400000,63914.50,63916.60,63835.20,63842.70,679.159
1786605300000,63842.80,63887.80,63827.40,63866.10,465.428
1786606200000,63866.20,63870.90,63841.30,63841.40,295.040
1786607100000,63841.40,63841.40,63824.20,63833.00,333.569
1786608000000,63833.00,63881.30,63805.80,63805.80,625.792
1786608900000,63805.90,63808.40,63757.60,63759.10,923.065
1786609800000,63759.10,63768.80,63747.40,63768.80,410.157
1786610700000,63768.80,63770.00,63710.60,63743.80,872.559
1786611600000,63743.70,63743.80,63590.80,63590.80,1295.841
1786612500000,63590.80,63693.30,63559.90,63632.10,1380.791
1786613400000,63632.10,63682.40,63630.10,63679.90,307.749
1786614300000,63679.90,63768.00,63679.80,63757.00,609.924
1786615200000,63757.10,63800.00,63589.50,63591.70,3159.520
1786616100000,63591.80,63654.80,63591.70,63597.50,620.774
1786617000000,63597.50,63610.40,63536.00,63610.40,713.677
1786617900000,63610.40,63630.20,63610.30,63628.90,345.417
1786618800000,63628.80,63637.80,63583.30,63599.90,577.574
1786619700000,63599.90,63605.30,63410.00,63410.00,2103.903
1786620600000,63410.00,63449.40,63318.10,63437.30,2509.442
1786621500000,63437.30,63477.20,63426.60,63458.50,866.440
1786622400000,63458.60,63537.00,63414.40,63536.00,1351.596
1786623300000,63536.00,63562.10,63520.30,63545.40,684.966
1786624200000,63545.40,63664.80,63437.80,63560.00,2128.552
1786625100000,63560.00,63697.70,63534.00,63669.20,1145.983
1786626000000,63669.20,63784.70,63669.10,63710.00,1831.673
1786626900000,63710.00,63710.10,63544.30,63575.90,1815.148
1786627800000,63575.90,63828.00,63534.00,63779.90,2439.345
1786628700000,63779.90,63820.00,63657.90,63699.90,1377.413
1786629600000,63700.00,63823.60,63655.00,63782.40,1097.765
1786630500000,63782.40,63860.00,63737.10,63784.00,1538.159
1786631400000,63784.00,63980.60,63735.30,63933.10,2843.498
1786632300000,63933.10,63942.60,63827.40,63835.60,1426.759
1786633200000,63835.70,63920.00,63789.00,63801.10,1146.700
1786634100000,63801.10,63868.00,63562.10,63606.10,1863.176
1786635000000,63606.20,63728.80,63580.00,63694.50,1396.641
1786635900000,63694.60,63696.70,63385.00,63385.00,3208.758
1786636800000,63385.00,63484.10,63355.20,63441.00,2867.732
1786637700000,63440.80,63544.00,63288.00,63336.90,3422.041
1786638600000,63336.90,63412.30,62800.00,62961.80,12474.040
1786639500000,62961.80,63210.10,62895.80,63139.00,5438.356
1786640400000,63138.90,63145.00,63047.60,63107.00,1917.780
1786641300000,63107.00,63239.90,63071.70,63164.80,1747.373
1786642200000,63164.80,63242.00,63080.00,63222.00,1111.157
1786643100000,63222.00,63276.40,63121.40,63121.40,1067.122
1786644000000,63121.50,63266.60,63095.10,63188.20,906.750
1786644900000,63188.30,63230.60,63094.10,63098.30,622.489
1786645800000,63098.40,63181.30,63088.00,63181.30,479.317
1786646700000,63181.30,63348.00,63162.70,63284.70,1305.794
1786647600000,63284.70,63488.00,63284.70,63385.80,2326.619
1786648500000,63385.90,63409.40,63359.00,63398.00,833.140
1786649400000,63398.00,63424.00,63361.80,63393.30,688.910
1786650300000,63393.30,63448.50,63367.50,63387.40,659.388
1786651200000,63387.30,63440.90,63343.40,63392.90,803.774
1786652100000,63393.00,63436.40,63392.90,63428.40,332.083
1786653000000,63428.40,63447.00,63379.70,63391.90,320.480
1786653900000,63391.80,63391.90,63349.90,63385.60,403.210
1786654800000,63385.60,63446.10,63360.90,63405.00,360.743
1786655700000,63405.10,63429.50,63385.70,63428.80,656.381
1786656600000,63428.90,63477.40,63415.10,63419.80,645.129
1786657500000,63419.90,63444.70,63409.90,63444.70,384.230
1786658400000,63444.70,63607.60,63444.60,63581.40,1855.945
1786659300000,63581.40,63613.60,63543.00,63595.50,1227.514
1786660200000,63595.60,63605.00,63523.30,63529.80,562.720
1786661100000,63529.70,63537.50,63497.50,63497.70,401.666
1786662000000,63497.60,63512.80,63426.00,63449.90,748.275
1786662900000,63450.00,63465.80,63421.20,63448.20,442.836
1786663800000,63448.10,63473.70,63415.00,63427.40,605.463
1786664700000,63427.50,63456.70,63366.60,63456.70,686.667
1786665600000,63456.70,63488.00,63402.30,63475.80,677.925
1786666500000,63475.80,63534.00,63389.90,63419.70,602.514
1786667400000,63419.60,63529.40,63378.10,63497.80,509.783
1786668300000,63497.80,63530.90,63452.30,63517.60,433.637
1786669200000,63517.60,63567.80,63454.90,63480.60,898.373
1786670100000,63480.70,63542.70,63428.90,63460.60,584.094
1786671000000,63460.60,63540.00,63440.00,63539.20,322.275
1786671900000,63539.20,63549.30,63493.20,63545.50,279.426
1786672800000,63545.40,63595.10,63500.00,63538.90,595.462
1786673700000,63538.80,63561.60,63446.80,63460.00,499.683
1786674600000,63459.90,63535.90,63459.90,63495.80,367.273
1786675500000,63495.80,63535.90,63437.10,63437.10,451.223
1786676400000,63437.10,63472.10,63389.90,63472.10,658.963
1786677300000,63472.00,63556.10,63437.90,63438.60,702.092
1786678200000,63438.60,63438.70,63327.60,63356.40,935.658
1786679100000,63356.30,63356.30,63277.10,63288.10,801.246
1786680000000,63288.00,63389.00,63243.20,63383.60,783.329
1786680900000,63383.50,63449.60,63340.30,63395.10,527.110
1786681800000,63395.20,63405.00,63363.60,63370.90,272.070
1786682700000,63370.90,63378.90,63341.60,63349.90,284.868
1786683600000,63350.00,63375.60,63304.50,63308.30,605.449
1786684500000,63308.30,63337.00,63256.70,63297.00,575.687
1786685400000,63296.90,63351.60,63281.20,63325.10,312.052
1786686300000,63325.10,63375.40,63320.40,63357.80,242.817
1786687200000,63357.80,63357.80,63262.70,63265.90,378.535
1786688100000,63265.90,63276.90,63147.60,63151.70,1446.888
1786689000000,63151.60,63220.00,63145.50,63151.00,867.439
1786689900000,63151.10,63181.20,62900.20,62944.60,4972.757
1786690800000,62944.60,63060.00,62922.00,63043.30,2189.466
1786691700000,63043.30,63079.10,63043.30,63067.20,824.681
1786692600000,63067.20,63067.20,62926.90,62990.10,1373.541
1786693500000,62990.10,62990.10,62888.00,62888.10,1584.569
1786694400000,62888.00,62919.90,62859.70,62885.90,1968.689
1786695300000,62885.90,62974.40,62704.00,62750.00,4618.594
1786696200000,62750.10,62844.00,62658.80,62802.90,3612.646
1786697100000,62802.90,62909.70,62785.00,62904.90,1290.480
1786698000000,62904.90,62904.90,62821.60,62843.80,961.570
1786698900000,62843.70,62885.40,62762.20,62763.70,777.636
1786699800000,62763.70,62791.30,62709.30,62736.40,1105.736
1786700700000,62736.40,62813.50,62736.30,62763.90,995.222
1786701600000,62763.90,62833.40,62712.00,62830.10,1205.134
1786702500000,62830.10,62888.00,62816.40,62856.30,867.288
1786703400000,62856.20,62912.40,62823.80,62840.70,678.478
1786704300000,62840.70,62860.10,62772.70,62787.70,484.622
1786705200000,62787.70,62859.50,62779.30,62827.50,1007.646
1786706100000,62827.50,62889.60,62807.80,62861.10,661.211
1786707000000,62861.10,62906.20,62810.20,62864.10,560.219
1786707900000,62864.00,62898.50,62822.90,62837.40,765.358
1786708800000,62837.50,62872.60,62730.00,62795.80,1338.887
1786709700000,62795.90,62864.40,62770.40,62863.70,650.750
1786710600000,62863.70,62885.30,62733.70,62733.70,952.361
1786711500000,62733.70,62783.10,62688.10,62706.00,1363.088
1786712400000,62706.10,62724.40,62555.50,62653.50,4293.188
1786713300000,62653.50,62765.50,62608.40,62750.10,1552.151
1786714200000,62750.10,62794.80,62578.20,62688.50,3532.362
1786715100000,62688.60,62732.00,62563.00,62639.60,2157.697
1786716000000,62639.80,62710.20,62540.00,62580.10,2745.781
1786716900000,62580.20,62678.40,62536.90,62648.60,1564.697
1786717800000,62648.60,62774.90,62626.10,62717.10,1790.173
1786718700000,62717.10,62751.00,62484.20,62581.00,3205.391
1786719600000,62581.00,62688.60,62576.50,62673.90,1163.879
1786720500000,62673.80,62821.40,62650.00,62820.90,1274.140
1786721400000,62820.90,63000.00,62758.70,62972.00,4291.543
1786722300000,62972.00,63061.70,62917.50,62956.00,2414.098
1786723200000,62956.00,63072.00,62933.70,63010.00,1460.250
1786724100000,63010.00,63132.00,63000.00,63089.20,1648.506
1786725000000,63089.20,63194.40,63066.90,63177.60,1438.572
1786725900000,63177.50,63177.60,63072.60,63105.80,1319.435
1786726800000,63105.90,63149.90,63082.00,63149.80,686.474
1786727700000,63149.90,63215.30,63130.50,63168.30,1010.774
1786728600000,63168.30,63186.80,63038.10,63080.00,1157.316
1786729500000,63080.00,63094.70,62965.00,62988.40,1702.642
1786730400000,62988.40,63042.00,62926.20,62974.10,1143.797
1786731300000,62974.10,63050.00,62974.10,63003.70,691.010
1786732200000,63003.80,63010.30,62913.40,62943.10,720.417
1786733100000,62943.10,62948.00,62857.90,62900.00,781.668
1786734000000,62899.90,62901.40,62820.00,62827.20,919.328
1786734900000,62827.20,62905.60,62781.40,62898.40,1069.616
1786735800000,62898.40,62954.30,62855.00,62954.30,592.953
1786736700000,62954.30,62968.00,62911.70,62936.30,420.782
1786737600000,62936.40,62995.10,62933.20,62941.00,625.722
1786738500000,62941.00,62959.10,62904.60,62919.90,644.633
1786739400000,62920.00,62927.70,62880.90,62888.90,267.519
1786740300000,62889.00,62907.40,62864.60,62878.50,191.065
1786741200000,62878.50,62912.20,62868.20,62877.30,238.190
1786742100000,62877.30,62898.80,62854.80,62867.00,191.014
1786743000000,62867.00,62890.30,62846.70,62855.60,254.533
1786743900000,62855.30,62904.30,62850.00,62897.60,247.242
1786744800000,62897.70,62936.70,62804.50,62806.30,604.903
1786745700000,62806.30,62815.60,62770.90,62794.20,476.071
1786746600000,62794.10,62858.50,62794.10,62858.50,286.823
1786747500000,62858.50,62872.30,62840.10,62856.80,229.804
1786748400000,62856.90,62906.90,62855.30,62901.30,186.344
1786749300000,62901.30,62925.00,62838.40,62921.50,343.355
1786750200000,62921.50,63006.60,62876.20,62977.00,642.659
1786751100000,62977.10,63040.30,62977.00,63015.00,742.740
1786752000000,63014.90,63039.00,62976.40,62989.50,350.502
1786752900000,62989.60,63007.00,62973.00,62987.70,325.355
1786753800000,62987.70,63001.60,62973.10,62995.00,232.591
1786754700000,62995.00,63009.30,62964.40,62991.70,189.087
1786755600000,62991.70,63006.50,62966.70,62989.50,243.796
1786756500000,62989.40,63015.00,62970.00,63014.20,303.144
1786757400000,63014.20,63015.00,62990.00,63005.90,206.073
1786758300000,63006.00,63010.80,62992.80,63010.70,126.939
1786759200000,63010.80,63033.10,63007.50,63030.70,333.895
1786760100000,63030.70,63094.80,63030.70,63073.30,555.876
1786761000000,63073.30,63110.10,63073.30,63088.90,358.139
1786761900000,63088.90,63114.00,63088.90,63113.60,272.437
1786762800000,63113.60,63133.30,63103.10,63132.40,342.157
1786763700000,63132.50,63170.00,63055.80,63065.50,759.145
1786764600000,63065.50,63067.00,63014.00,63039.40,359.807
1786765500000,63039.40,63050.00,63023.90,63030.30,205.339
1786766400000,63030.30,63075.00,63030.30,63075.00,229.345
1786767300000,63074.90,63106.20,63074.90,63102.70,252.999
1786768200000,63102.60,63127.50,63097.40,63127.50,231.692
1786769100000,63127.50,63127.50,63092.40,63092.50,171.570
1786770000000,63092.50,63125.50,63092.40,63125.50,210.075
1786770900000,63125.40,63127.50,63091.10,63091.10,178.903
1786771800000,63091.20,63097.10,63028.00,63050.00,340.109
1786772700000,63049.90,63055.50,63013.40,63055.40,430.342
1786773600000,63055.50,63065.90,63010.10,63010.10,187.444
1786774500000,63010.10,63042.80,63003.80,63010.20,275.790
1786775400000,63010.20,63042.00,63010.20,63042.00,135.151
1786776300000,63042.00,63108.30,63041.90,63087.30,380.276
1786777200000,63087.20,63102.50,63042.00,63102.40,400.865
1786778100000,63102.40,63104.30,63042.00,63050.00,245.056
1786779000000,63050.00,63073.60,63041.90,63049.90,188.371
1786779900000,63049.90,63058.90,63011.00,63049.80,703.181
1786780800000,63049.90,63058.40,63030.00,63030.10,139.299
1786781700000,63030.10,63041.20,63025.00,63026.30,160.895
1786782600000,63026.30,63027.10,62991.80,62991.90,278.878
1786783500000,62991.80,63034.10,62902.00,62908.50,1108.505
1786784400000,62908.60,62937.20,62890.20,62933.60,835.656
1786785300000,62933.60,62957.80,62930.00,62952.10,224.436
1786786200000,62952.00,62999.80,62952.00,62991.90,311.413
1786787100000,62991.80,63019.90,62991.80,62999.10,354.022
1786788000000,62999.20,63004.10,62971.90,62993.50,174.178
1786788900000,62993.60,62996.20,62992.10,62992.20,92.348
1786789800000,62992.10,63018.20,62985.20,63006.30,183.824
1786790700000,63006.40,63025.40,62995.60,63015.60,222.213
1786791600000,63015.70,63015.70,62995.80,62995.90,184.218
1786792500000,62995.80,63020.50,62995.80,63009.90,174.902
1786793400000,63009.90,63021.70,63004.50,63021.70,119.184
1786794300000,63021.70,63031.40,62967.90,62993.10,285.021
1786795200000,62993.00,62993.10,62959.60,62959.60,218.962
1786796100000,62959.60,62966.00,62950.00,62964.80,175.738
1786797000000,62964.80,62964.90,62930.10,62933.90,452.385
1786797900000,62933.90,63030.40,62920.90,63028.80,429.489
1786798800000,63028.80,63058.20,62992.20,63044.20,533.904
1786799700000,63044.20,63052.60,63004.10,63007.20,284.297
1786800600000,63007.10,63022.00,63000.00,63001.20,181.047
1786801500000,63001.10,63031.30,63001.10,63031.30,175.836
1786802400000,63031.20,63031.30,63004.00,63018.50,265.835
1786803300000,63018.60,63018.60,62961.90,63006.20,307.658
1786804200000,63006.10,63015.50,63002.30,63011.70,98.082
1786805100000,63011.60,63026.30,63011.60,63011.70,125.945
1786806000000,63011.70,63015.60,63009.90,63010.00,116.716
1786806900000,63010.00,63056.20,62997.90,63042.30,349.318
1786807800000,63042.30,63096.70,63042.30,63082.00,449.975
1786808700000,63082.00,63082.00,63068.00,63068.00,139.591
1786809600000,63068.10,63073.50,63035.90,63049.90,297.889
1786810500000,63049.90,63090.00,63032.70,63090.00,277.055
1786811400000,63090.00,63097.30,63059.30,63062.10,283.293
1786812300000,63062.10,63075.10,63062.00,63066.30,140.935
1786813200000,63066.30,63070.00,63066.20,63070.00,75.066
1786814100000,63070.00,63077.80,63032.30,63039.00,225.531
1786815000000,63038.90,63043.60,63038.30,63039.90,86.549
1786815900000,63039.80,63043.50,63032.10,63043.50,156.939
1786816800000,63043.40,63083.00,63039.40,63066.00,183.546
1786817700000,63066.00,63071.60,63015.20,63018.70,253.875
1786818600000,63018.80,63022.50,63014.90,63014.90,227.521
1786819500000,63015.00,63026.30,63011.60,63026.30,451.126
1786820400000,63026.30,63057.20,63026.20,63055.00,323.130
1786821300000,63055.00,63092.60,63055.00,63067.80,291.179
1786822200000,63067.70,63092.00,63067.70,63079.20,158.652
1786823100000,63079.30,63093.60,63079.20,63093.60,125.324
1786824000000,63093.60,63093.60,63044.00,63050.80,244.534
1786824900000,63050.70,63050.80,63040.10,63047.80,100.763
1786825800000,63047.80,63056.10,63042.90,63056.10,65.420
1786826700000,63056.00,63077.10,63056.00,63077.10,69.184
1786827600000,63077.00,63077.80,63068.90,63077.70,72.889
1786828500000,63077.80,63117.30,63077.70,63117.20,304.488
1786829400000,63117.30,63138.70,63108.10,63138.70,259.138
1786830300000,63138.60,63138.70,63117.60,63123.70,154.484
1786831200000,63123.80,63135.00,63115.80,63117.00,169.746
1786832100000,63117.10,63119.80,63096.60,63119.80,179.497
1786833000000,63119.80,63122.40,63119.70,63122.00,89.046
1786833900000,63122.00,63141.60,63100.60,63100.70,240.470
1786834800000,63100.70,63110.30,63077.00,63102.70,250.684
1786835700000,63102.70,63102.80,63080.00,63080.00,126.473
1786836600000,63080.00,63080.10,63066.00,63076.70,113.113
1786837500000,63076.60,63076.70,63049.90,63053.90,254.425
1786838400000,63053.90,63054.00,63035.00,63040.90,333.009
1786839300000,63040.90,63041.00,63040.90,63040.90,74.484
1786840200000,63041.00,63043.50,63032.90,63041.40,175.132
1786841100000,63041.30,63057.40,63036.00,63051.10,152.707
1786842000000,63051.00,63051.10,63017.10,63020.70,179.565
1786842900000,63020.70,63045.00,63018.00,63025.20,184.708
1786843800000,63025.10,63041.30,62975.90,63041.20,380.233
1786844700000,63041.20,63052.40,63019.80,63051.30,292.591
1786845600000,63051.30,63051.40,62988.90,62995.60,217.080
1786846500000,62995.50,63086.70,62995.50,63085.70,367.304
1786847400000,63085.80,63132.20,63081.70,63130.00,415.244
1786848300000,63130.00,63130.10,63085.60,63092.30,563.945
1786849200000,63092.40,63103.10,63088.50,63088.50,129.329
1786850100000,63088.50,63090.30,63080.00,63089.80,191.238
1786851000000,63089.80,63091.00,63089.80,63090.90,109.166
1786851900000,63090.90,63096.60,63090.80,63096.60,150.284
1786852800000,63096.50,63100.00,63096.50,63100.00,54.574
1786853700000,63100.00,63122.70,63099.90,63122.70,160.899
1786854600000,63122.60,63122.70,63090.80,63090.90,113.338
1786855500000,63090.80,63094.40,63056.60,63056.70,151.149
1786856400000,63056.60,63068.40,63042.10,63066.50,188.262
1786857300000,63066.50,63066.50,63036.00,63037.70,116.284
1786858200000,63037.80,63050.80,63026.60,63028.70,123.837
1786859100000,63028.70,63044.30,63007.10,63027.70,300.410
1786860000000,63027.70,63042.20,63009.20,63016.10,263.558
1786860900000,63016.20,63040.20,63016.10,63040.20,195.549
1786861800000,63040.10,63040.10,63029.30,63033.40,96.887
1786862700000,63033.40,63056.10,63033.30,63036.50,130.317
1786863600000,63036.50,63036.60,63024.00,63025.10,100.917
1786864500000,63025.10,63035.30,63025.00,63035.10,150.187
1786865400000,63035.10,63035.10,63028.00,63028.10,140.814
1786866300000,63028.10,63034.40,63028.00,63034.30,103.940
1786867200000,63034.40,63042.70,63030.10,63030.20,235.768
1786868100000,63030.20,63043.00,63030.10,63043.00,81.281
1786869000000,63042.90,63045.10,63037.50,63039.50,178.938
1786869900000,63039.60,63039.60,63039.50,63039.50,44.308
1786870800000,63039.60,63039.60,63039.50,63039.60,47.838
1786871700000,63039.60,63039.60,63039.50,63039.50,53.316
1786872600000,63039.50,63039.60,62965.00,62965.00,515.629
1786873500000,62965.00,62986.80,62936.00,62957.00,697.209
1786874400000,62957.00,62965.80,62928.50,62955.60,586.504
1786875300000,62955.50,62981.40,62955.50,62981.30,172.255
1786876200000,62981.20,62982.10,62970.50,62979.20,183.478
1786877100000,62979.30,62979.30,62979.20,62979.20,81.049
1786878000000,62979.20,62979.30,62974.20,62974.30,120.650
1786878900000,62974.20,62977.10,62945.90,62958.10,265.938
1786879800000,62958.10,62969.10,62955.90,62963.70,162.191
1786880700000,62963.80,62981.10,62949.00,62981.10,258.415
1786881600000,62981.10,63000.00,62981.10,62990.60,273.260
1786882500000,62990.50,62990.60,62990.50,62990.60,85.791
1786883400000,62990.60,62990.60,62959.10,62962.40,253.474
1786884300000,62962.40,62987.90,62962.30,62986.40,232.512
1786885200000,62986.40,63035.00,62986.30,63034.90,363.426
1786886100000,63035.00,63040.90,63034.90,63040.40,223.496
1786887000000,63040.40,63040.40,63035.90,63040.00,196.297
1786887900000,63040.00,63040.00,63036.00,63036.10,127.919
1786888800000,63036.10,63036.10,63031.90,63032.00,181.961
1786889700000,63032.00,63076.20,63031.90,63045.70,488.646
1786890600000,63045.60,63072.90,63040.10,63072.00,294.002
1786891500000,63072.00,63078.60,63071.00,63078.50,162.921
1786892400000,63078.60,63091.40,63077.70,63081.70,380.158
1786893300000,63081.70,63087.20,63081.60,63087.20,135.539
1786894200000,63087.20,63112.10,63087.10,63089.50,376.291
1786895100000,63089.40,63113.80,63088.70,63113.80,258.495
1786896000000,63113.80,63189.50,63108.40,63181.90,1217.356
1786896900000,63181.90,63327.50,63175.70,63294.80,3821.539
1786897800000,63294.80,63370.00,63260.60,63260.60,1711.584
1786898700000,63260.60,63261.70,63167.40,63232.70,1017.899
1786899600000,63232.70,63247.20,63187.10,63192.00,464.147
1786900500000,63191.90,63209.70,63154.90,63166.00,414.677
1786901400000,63165.90,63166.60,63087.30,63096.60,685.634
1786902300000,63096.60,63139.10,63094.10,63130.70,258.998
1786903200000,63130.60,63142.10,63092.00,63113.00,659.553
1786904100000,63113.10,63148.00,63112.80,63129.20,257.936
1786905000000,63129.20,63129.20,63113.30,63113.40,200.076
1786905900000,63113.40,63117.50,63109.00,63111.30,113.741
1786906800000,63111.40,63162.00,63111.30,63149.50,326.533
1786907700000,63149.50,63193.40,63149.40,63188.40,301.355
1786908600000,63188.50,63201.70,63124.10,63132.40,377.460
1786909500000,63132.40,63149.40,63063.60,63082.20,553.735
1786910400000,63082.30,63117.10,63082.20,63105.10,235.293
1786911300000,63105.20,63105.20,63064.30,63067.60,168.086
1786912200000,63067.50,63087.40,63014.30,63042.90,550.463
1786913100000,63042.90,63047.10,62988.30,63041.00,630.040
1786914000000,63041.00,63043.80,63000.00,63035.10,386.196
1786914900000,63035.10,63067.30,63000.00,63003.50,409.440
1786915800000,63003.40,63015.00,62700.10,62906.90,3042.102
1786916700000,62907.00,62955.00,62851.30,62900.00,672.844
1786917600000,62900.10,62903.50,62757.00,62899.50,1232.837
1786918500000,62899.50,62930.00,62804.80,62821.70,556.835
1786919400000,62821.70,62821.70,62681.10,62767.60,1983.070
1786920300000,62767.60,62885.00,62706.40,62885.00,1060.897
1786921200000,62885.00,62967.00,62807.80,62815.00,1223.038
1786922100000,62815.00,62894.60,62803.70,62825.40,606.696
1786923000000,62825.40,62874.70,62806.90,62874.70,393.770
1786923900000,62874.80,62906.80,62853.60,62876.00,368.349
1786924800000,62876.00,62910.90,62833.70,62888.30,607.113
1786925700000,62888.30,62888.30,62732.60,62845.00,965.909
1786926600000,62845.00,62936.60,62723.90,62926.30,1045.779
1786927500000,62926.30,62926.30,62815.50,62887.30,634.390
1786928400000,62887.30,63180.00,62867.20,63025.90,2795.941
1786929300000,63025.90,63139.80,63002.40,63099.30,859.062
1786930200000,63099.30,63230.00,63099.30,63191.40,1540.707
1786931100000,63191.40,63212.30,63084.00,63084.00,817.062
1786932000000,63084.10,63104.00,63008.20,63053.40,651.977
1786932900000,63053.30,63184.30,63018.20,63160.00,459.645
1786933800000,63160.00,63344.60,63106.00,63235.70,3481.838
1786934700000,63235.70,63482.00,63228.40,63382.70,3097.348
1786935600000,63382.80,63426.90,63336.60,63390.00,1432.783
1786936500000,63390.00,63395.00,63320.00,63328.40,647.540
1786937400000,63328.50,63359.10,63314.70,63327.10,706.035
1786938300000,63327.10,63498.00,63323.00,63409.80,1410.164
1786939200000,63409.70,63500.00,63409.70,63461.10,1617.205
1786940100000,63461.00,63500.00,63441.80,63480.70,706.266
1786941000000,63480.70,63497.70,63441.20,63466.50,938.260
1786941900000,63466.50,63564.30,63466.50,63512.30,1422.223
1786942800000,63512.30,63517.50,63418.70,63504.80,1186.977
1786943700000,63504.80,63572.60,63453.40,63459.90,732.101
1786944600000,63460.00,63475.30,63414.40,63438.50,625.149
1786945500000,63438.60,63500.00,63426.90,63488.00,659.967
1786946400000,63488.10,63598.00,63447.80,63547.40,1514.071
1786947300000,63547.40,63565.20,63531.30,63555.30,542.566
1786948200000,63555.20,63576.50,63539.90,63575.00,642.052
1786949100000,63575.00,63693.20,63574.80,63633.10,2246.850
1786950000000,63633.20,63636.30,63538.00,63557.50,959.967
1786950900000,63557.60,63557.60,63498.00,63555.70,694.206
1786951800000,63555.60,63555.70,63511.90,63512.00,510.627
1786952700000,63511.90,63531.50,63492.50,63493.50,681.254
1786953600000,63493.50,63524.90,63384.60,63399.90,2023.276
1786954500000,63399.80,63425.80,63376.00,63397.90,1436.494
1786955400000,63397.80,63414.40,63345.10,63345.20,751.723
1786956300000,63345.10,63381.20,63320.20,63350.10,758.133
1786957200000,63350.10,63395.10,63350.00,63393.70,554.450
1786958100000,63393.60,63405.70,63300.00,63346.00,706.743
1786959000000,63346.00,63346.10,63276.40,63280.00,877.362
1786959900000,63280.00,63292.50,63255.00,63290.10,706.806
1786960800000,63290.10,63305.80,63265.30,63303.10,462.799
1786961700000,63303.00,63425.80,63272.00,63424.00,829.432
1786962600000,63423.90,63620.50,63418.10,63609.40,2770.280
1786963500000,63609.30,63671.20,63565.40,63661.90,2276.912
1786964400000,63661.80,63690.00,63615.50,63631.20,923.256
1786965300000,63631.20,63668.90,63611.40,63637.60,768.425
1786966200000,63637.60,63673.80,63637.60,63668.30,606.987
1786967100000,63668.20,63753.00,63554.00,63600.00,2804.365
1786968000000,63600.00,63655.70,63558.60,63638.80,2032.139
1786968900000,63638.90,63639.00,63502.40,63552.30,2423.992
1786969800000,63552.30,63619.90,63502.40,63540.00,1523.072
1786970700000,63539.90,63607.70,63526.60,63526.60,1584.921
1786971600000,63526.60,63555.40,63479.90,63535.60,1150.602
1786972500000,63535.60,63535.60,63412.50,63470.70,1829.375
1786973400000,63470.70,63776.00,63451.80,63626.80,3734.221
1786974300000,63626.80,63705.00,63567.20,63647.00,1619.662
1786975200000,63646.90,63706.60,63561.30,63669.60,1315.390
1786976100000,63669.60,63716.20,63561.30,63593.80,983.673
1786977000000,63593.80,63677.00,63561.30,63593.60,805.960
1786977900000,63593.60,63880.00,63583.30,63871.70,3762.182
1786978800000,63871.80,63966.00,63825.60,63842.70,4259.252
1786979700000,63842.70,64076.70,63779.30,64023.00,4203.550
1786980600000,64022.90,64097.00,63956.20,64053.00,2854.401
1786981500000,64053.00,64199.90,64051.20,64169.90,3660.930
1786982400000,64169.80,64185.60,64034.10,64044.40,2365.800
1786983300000,64044.40,64116.10,64022.30,64062.00,1552.795
1786984200000,64061.90,64147.90,64044.40,64051.70,1111.252
1786985100000,64051.70,64110.90,64035.30,64082.10,869.351
1786986000000,64082.20,64086.00,63949.40,63949.50,1110.231
1786986900000,63949.60,64388.00,63944.30,64169.80,7161.217
1786987800000,64169.80,64250.30,64029.50,64183.80,2258.147
1786988700000,64183.80,64310.00,64183.80,64293.10,2320.594
1786989600000,64293.20,64357.80,64243.70,64341.20,2029.253
1786990500000,64341.30,64600.80,64337.70,64459.50,6868.886
1786991400000,64459.40,64480.90,64364.20,64428.20,1287.225
1786992300000,64428.10,64461.50,64380.00,64402.70,1212.757
1786993200000,64402.80,64402.80,64289.10,64299.10,1202.512
1786994100000,64299.10,64388.00,64298.20,64369.60,1090.293
1786995000000,64369.50,64388.00,64308.90,64341.40,567.617
1786995900000,64341.40,64341.40,64258.30,64280.40,687.223
1786996800000,64280.40,64284.80,64231.30,64284.80,827.301
1786997700000,64284.70,64414.30,64266.00,64386.30,832.660
1786998600000,64386.30,64386.40,64323.10,64362.20,373.344
1786999500000,64362.20,64380.00,64299.00,64360.70,357.555
1787000400000,64360.70,64405.50,64335.80,64347.50,476.761
1787001300000,64347.60,64381.40,64300.50,64303.00,254.505
1787002200000,64303.00,64350.90,64269.80,64307.80,550.551
1787003100000,64307.70,64365.50,64307.70,64350.30,383.559
1787004000000,64350.20,64390.00,64280.00,64283.40,807.202
1787004900000,64283.40,64322.30,64260.70,64264.40,817.133
1787005800000,64264.40,64312.00,64247.80,64278.10,393.706
1787006700000,64278.20,64289.00,64258.30,64267.70,334.798
1787007600000,64267.60,64350.00,64261.10,64334.90,617.490
1787008500000,64334.90,64460.00,64334.90,64460.00,738.949
1787009400000,64460.00,64539.00,64428.50,64447.00,1585.126
1787010300000,64446.90,64555.40,64442.90,64504.10,1369.739
1787011200000,64504.10,64541.60,64386.60,64413.90,1215.188
1787012100000,64414.00,64476.80,64413.90,64429.60,564.355
1787013000000,64429.50,64430.40,64348.00,64368.40,723.066
1787013900000,64368.30,64372.20,64330.00,64357.40,597.225
1787014800000,64357.40,64361.00,64261.10,64317.10,1178.482
1787015700000,64317.00,64331.20,64270.50,64297.00,616.350
1787016600000,64297.00,64318.20,64211.00,64250.40,685.645
1787017500000,64250.40,64250.50,64116.70,64174.90,1934.500
1787018400000,64174.90,64246.00,64150.00,64150.00,1195.589
1787019300000,64150.00,64177.80,64121.30,64124.30,747.238
1787020200000,64124.30,64178.70,64089.10,64092.60,950.609
1787021100000,64092.50,64110.00,64000.00,64074.00,2361.600
1787022000000,64074.00,64105.60,64053.50,64057.60,566.574
1787022900000,64057.60,64115.80,64057.50,64079.60,903.409
1787023800000,64079.60,64152.20,64005.50,64152.00,1039.008
1787024700000,64152.00,64156.70,64110.30,64147.40,876.562
1787025600000,64147.50,64147.50,64055.00,64111.60,1130.781
1787026500000,64111.60,64126.80,64088.90,64126.80,371.085
1787027400000,64126.80,64215.60,64126.80,64187.10,1147.330
1787028300000,64187.10,64197.60,64155.50,64184.50,323.043
1787029200000,64184.50,64245.60,64150.00,64204.30,1075.427
1787030100000,64204.20,64227.50,64180.00,64220.50,788.417
1787031000000,64220.50,64225.30,64107.00,64221.30,792.578
1787031900000,64221.20,64221.20,64169.60,64202.70,635.003
1787032800000,64202.70,64246.00,64130.00,64204.00,570.691
1787033700000,64204.10,64332.50,64204.00,64314.30,945.128
1787034600000,64314.30,64425.00,64314.30,64408.90,1176.052
1787035500000,64408.90,64412.50,64247.20,64297.90,845.124
1787036400000,64297.90,64322.30,64255.70,64312.90,928.437
1787037300000,64312.90,64329.80,64252.20,64252.20,445.396
1787038200000,64252.20,64254.30,64210.00,64220.00,921.151
1787039100000,64220.00,64220.00,64135.90,64170.90,703.722
1787040000000,64170.80,64186.60,64056.40,64130.40,1498.990
1787040900000,64130.40,64212.00,64130.40,64185.10,548.678
1787041800000,64185.10,64310.00,64175.40,64261.50,810.202
1787042700000,64261.40,64264.50,64212.70,64264.50,541.203
1787043600000,64264.40,64264.40,64200.00,64213.60,331.813
1787044500000,64213.70,64213.70,64122.50,64133.10,510.589
1787045400000,64133.00,64162.00,64112.20,64131.10,316.624
1787046300000,64131.10,64167.70,64106.60,64140.50,451.911
1787047200000,64140.50,64181.60,64111.20,64128.60,601.089
1787048100000,64128.70,64149.60,64100.10,64136.90,325.429
1787049000000,64137.00,64194.60,64136.90,64160.60,254.030
1787049900000,64160.60,64183.60,64159.00,64171.70,253.752
1787050800000,64171.60,64306.00,64161.40,64300.00,1662.861
1787051700000,64300.00,64355.60,64299.90,64346.30,755.163
1787052600000,64346.20,64370.50,64312.40,64358.60,585.637
1787053500000,64358.60,64380.00,64310.30,64326.00,564.550
1787054400000,64326.10,64328.20,64256.00,64269.90,532.156
1787055300000,64270.00,64310.00,64253.10,64275.10,406.394
1787056200000,64275.20,64275.20,64222.00,64222.00,497.811
1787057100000,64222.00,64226.80,64170.20,64194.50,658.193
1787058000000,64194.60,64194.60,64130.00,64163.00,813.211
1787058900000,64163.00,64163.00,64025.50,64042.40,1632.426
1787059800000,64042.40,64222.50,63979.20,64160.00,3963.369
1787060700000,64159.90,64262.50,64084.80,64187.50,1768.512
1787061600000,64187.60,64350.00,64187.50,64230.60,1910.022
1787062500000,64230.70,64999.90,64224.10,64962.00,13513.898
1787063400000,64962.00,65057.90,64707.10,64754.10,6671.199
1787064300000,64754.10,64818.00,64629.80,64683.60,2743.565
1787065200000,64683.50,64780.00,64615.00,64707.10,2054.428
1787066100000,64707.00,64807.20,64685.80,64770.10,1419.234
1787067000000,64770.10,64849.40,64760.80,64783.10,1208.881
1787067900000,64783.10,64861.00,64765.10,64823.90,1033.445
1787068800000,64823.90,64861.70,64713.30,64720.80,1390.159
1787069700000,64720.80,64725.00,64661.80,64674.30,871.238
1787070600000,64674.20,64791.80,64642.50,64758.80,1089.975
1787071500000,64758.80,64842.80,64750.40,64804.70,786.845
1787072400000,64804.70,64804.80,64743.00,64771.60,447.219
1787073300000,64771.50,64799.70,64728.10,64797.90,444.782
1787074200000,64797.80,64803.80,64664.00,64692.20,1355.723
1787075100000,64692.30,64701.50,64634.30,64634.30,637.259
1787076000000,64634.40,64708.00,64621.90,64704.30,586.978
1787076900000,64704.20,64780.50,64694.10,64762.50,576.368
1787077800000,64762.40,64793.80,64727.20,64732.00,468.421
1787078700000,64731.90,64776.60,64720.00,64744.70,332.587
1787079600000,64744.70,64744.70,64673.60,64692.70,445.803
1787080500000,64692.60,64773.50,64673.90,64750.00,329.131
1787081400000,64750.00,64757.20,64643.00,64643.10,517.636
1787082300000,64643.00,64659.00,64611.30,64619.70,663.567
1787083200000,64619.80,64631.00,64556.50,64624.90,849.046
1787084100000,64625.00,64625.00,64580.30,64582.50,308.093
1787085000000,64582.50,64623.30,64571.90,64576.00,373.482
1787085900000,64576.10,64589.40,64528.90,64547.50,583.410
1787086800000,64547.40,64628.20,64547.40,64596.20,364.461
1787087700000,64596.20,64600.00,64574.20,64594.00,166.639
1787088600000,64594.00,64594.00,64532.70,64555.00,425.318
1787089500000,64555.00,64580.60,64546.20,64576.00,384.587
1787090400000,64576.00,64580.60,64537.60,64542.00,435.634
1787091300000,64542.10,64579.50,64528.40,64564.90,302.294
1787092200000,64565.00,64621.80,64564.90,64606.10,430.991
1787093100000,64606.20,64607.00,64568.40,64607.00,305.805
1787094000000,64607.00,64688.50,64598.70,64667.10,651.380
1787094900000,64667.20,64710.00,64667.20,64690.80,387.799
1787095800000,64690.80,64750.00,64690.80,64741.80,367.839
1787096700000,64741.80,64755.50,64694.00,64694.00,439.389
1787097600000,64694.10,64705.70,64550.00,64550.10,730.474
1787098500000,64550.00,64640.20,64512.20,64572.20,861.870
1787099400000,64572.30,64626.10,64512.20,64527.20,388.107
1787100300000,64527.20,64553.40,64451.10,64459.40,1027.715
1787101200000,64459.30,64523.20,64405.00,64496.00,1578.207
1787102100000,64495.90,64505.00,64413.10,64455.30,682.855
1787103000000,64455.30,64463.50,64354.10,64387.20,936.164
1787103900000,64387.20,64417.90,64356.10,64371.60,515.974
1787104800000,64371.60,64381.60,64325.70,64370.50,983.408
1787105700000,64370.50,64389.10,64315.00,64363.00,673.853
1787106600000,64363.00,64382.90,64344.50,64360.00,450.362
1787107500000,64360.10,64388.40,64315.90,64322.10,520.977
1787108400000,64322.10,64333.00,64252.00,64320.90,1335.764
1787109300000,64321.00,64390.40,64320.90,64331.10,779.136
1787110200000,64331.10,64336.90,64300.00,64312.10,445.495
1787111100000,64312.10,64347.40,64296.30,64296.30,336.525
1787112000000,64296.30,64299.90,64262.30,64281.90,590.945
1787112900000,64281.90,64367.80,64281.80,64327.50,508.886
1787113800000,64327.40,64342.20,64300.00,64315.10,624.093
1787114700000,64315.20,64340.90,64271.70,64285.40,409.123
1787115600000,64285.40,64382.20,64282.30,64370.90,729.125
1787116500000,64370.80,64370.90,64280.00,64326.00,417.160
1787117400000,64326.10,64326.10,64288.10,64288.30,270.662
1787118300000,64288.30,64297.50,64204.60,64209.10,901.601
1787119200000,64209.20,64222.60,64131.30,64150.00,1362.430
1787120100000,64150.10,64278.80,64150.00,64243.20,1174.149
1787121000000,64243.10,64271.40,64225.10,64241.10,611.263
1787121900000,64241.10,64321.30,64233.50,64315.10,1387.570
1787122800000,64315.10,64350.00,64244.00,64345.80,1261.683
1787123700000,64345.80,64345.80,64279.50,64312.00,672.530
1787124600000,64312.00,64377.50,64306.90,64330.00,789.772
1787125500000,64330.00,64347.40,64266.00,64266.10,621.052
1787126400000,64266.00,64299.80,64227.80,64227.80,909.870
1787127300000,64227.80,64261.20,64219.60,64261.20,359.493
1787128200000,64261.20,64482.50,64261.10,64422.80,1817.225
1787129100000,64422.80,64450.00,64385.00,64385.00,800.280
1787130000000,64385.10,64446.40,64360.70,64360.70,807.045
1787130900000,64360.80,64392.60,64341.40,64357.90,360.946
1787131800000,64358.00,64368.10,64323.20,64338.10,387.299
1787132700000,64338.00,64395.40,64334.50,64395.30,309.932
1787133600000,64395.40,64395.40,64341.00,64362.60,331.966
1787134500000,64362.70,64369.70,64333.40,64369.70,282.785
1787135400000,64369.70,64400.10,64344.80,64371.30,936.078
1787136300000,64371.30,64431.00,64364.70,64423.90,847.006
1787137200000,64423.90,64509.70,64417.30,64473.30,1033.563
1787138100000,64473.20,64502.80,64448.20,64474.00,625.248
1787139000000,64474.10,64498.30,64425.20,64437.70,585.755
1787139900000,64437.60,64494.90,64437.60,64479.00,675.652
1787140800000,64479.10,64488.00,64440.00,64477.70,404.323
1787141700000,64477.80,64480.00,64454.10,64458.40,337.114
1787142600000,64458.50,64927.70,64449.30,64914.10,8314.941
1787143500000,64914.00,64961.90,64785.80,64857.30,5868.294
1787144400000,64857.30,64976.90,64757.60,64890.80,3734.593
1787145300000,64890.90,65022.00,64889.60,64976.90,2761.230
1787146200000,64977.00,65190.00,64780.00,65017.80,11553.349
1787147100000,65017.80,65157.30,64950.20,64984.10,4837.554
1787148000000,64984.10,65413.00,64984.10,65376.10,10179.490
1787148900000,65376.10,65450.00,65293.50,65378.50,4504.020
1787149800000,65378.50,65499.90,65318.00,65430.50,4117.893
1787150700000,65430.60,65950.00,65418.70,65895.60,14023.503
1787151600000,65895.50,66785.60,65863.20,66621.10,21036.013
1787152500000,66621.20,70450.00,66544.40,68298.90,49827.308
1787153400000,68298.90,68863.60,67737.50,68649.60,23028.121
1787154300000,68649.60,68660.70,68203.90,68523.70,9460.408
1787155200000,68523.70,68998.00,68500.00,68535.10,10173.360
1787156100000,68535.10,68904.00,68535.00,68872.80,4683.752
1787157000000,68872.80,68872.80,68531.00,68563.00,4579.399
1787157900000,68563.00,68675.60,68373.00,68430.70,2997.629
1787158800000,68430.70,68512.30,68171.20,68216.70,5449.949
1787159700000,68216.70,68291.20,67814.20,67984.20,5888.952
1787160600000,67984.20,68046.40,67803.60,68030.00,3673.517
1787161500000,68030.00,68250.00,68019.30,68170.60,3720.094
1787162400000,68170.50,68230.00,68010.20,68164.90,2077.063
1787163300000,68164.90,68298.50,68150.40,68249.30,1357.928
1787164200000,68249.30,68414.80,68196.90,68405.80,1642.401
1787165100000,68405.70,68430.10,68290.90,68360.70,1291.420
1787166000000,68360.80,68426.00,68070.40,68093.90,1950.856
1787166900000,68094.00,68369.90,68093.90,68152.80,2122.733
1787167800000,68152.80,68379.80,68101.10,68370.00,1791.103
1787168700000,68369.90,68460.40,68330.00,68404.10,1587.369
1787169600000,68404.10,68682.00,68356.90,68650.00,2570.831
1787170500000,68650.10,68784.10,68533.00,68673.40,2566.969
1787171400000,68673.30,68772.40,68609.40,68641.20,1373.320
1787172300000,68641.20,69591.00,68580.90,69016.10,11366.317
1787173200000,69016.00,69900.00,68946.70,69406.70,12565.472
1787174100000,69406.80,69752.50,69228.20,69607.70,4617.838
1787175000000,69607.70,69800.00,69345.10,69647.60,4112.152
1787175900000,69647.80,70048.20,69462.50,69685.10,6403.171
1787176800000,69685.10,69813.30,69266.00,69266.00,3369.400
1787177700000,69266.10,69379.40,69118.00,69118.10,2138.578
1787178600000,69118.10,69449.70,68950.30,69317.80,3243.413
1787179500000,69317.80,69319.70,69076.30,69227.10,1749.463
1787180400000,69227.10,69384.50,69182.40,69320.30,1361.400
1787181300000,69320.40,69439.60,69237.80,69350.50,1554.393
1787182200000,69350.50,69369.00,69214.60,69293.60,1269.842
1787183100000,69293.70,69320.30,69130.40,69310.00,1609.171
1787184000000,69310.10,69646.10,69286.70,69544.40,2673.469
1787184900000,69544.50,69765.50,69525.90,69597.90,1728.897
1787185800000,69597.90,69672.90,69448.30,69541.90,2116.158
1787186700000,69541.80,69692.80,69339.30,69389.10,1480.799
1787187600000,69389.20,69488.90,69255.50,69344.10,1564.543
1787188500000,69344.00,69418.90,69245.90,69304.20,1340.772
1787189400000,69303.90,69616.00,69265.20,69611.40,1662.199
1787190300000,69611.50,69867.90,69611.40,69691.40,2603.098
1787191200000,69691.50,69800.00,69554.00,69660.80,1742.325
1787192100000,69660.70,69688.00,69459.10,69486.30,1566.333
1787193000000,69486.30,69527.70,69295.40,69299.00,1556.808
1787193900000,69299.10,69378.90,69247.50,69284.60,2773.248
1787194800000,69284.60,69294.00,68882.10,68977.70,3774.887
1787195700000,68977.60,69193.60,68930.50,68963.30,1875.465
1787196600000,68963.30,69199.10,68963.20,69182.50,1246.337
1787197500000,69182.50,69342.50,69145.50,69183.50,1510.571
1787198400000,69183.50,69376.20,69155.00,69362.70,1473.270
1787199300000,69362.70,69415.80,69282.10,69353.40,965.631
1787200200000,69353.40,69377.20,69218.50,69339.80,733.505
1787201100000,69339.80,69622.00,69339.80,69480.10,1962.693
1787202000000,69480.00,69550.00,69442.10,69455.70,1307.530
1787202900000,69455.70,69657.70,69427.90,69570.90,1574.581
1787203800000,69570.80,69622.00,69510.10,69545.90,882.078
1787204700000,69545.90,69545.90,69350.00,69408.30,2275.141
1787205600000,69408.40,69432.30,69350.00,69367.90,1100.786
1787206500000,69367.80,69688.80,69330.30,69586.50,2382.805
1787207400000,69586.60,69777.00,69582.50,69761.10,1879.062
1787208300000,69761.20,69921.90,69756.00,69838.80,2408.211
1787209200000,69838.80,69999.00,69727.60,69766.20,3048.299
1787210100000,69766.20,69771.10,69585.60,69660.10,1496.429
1787211000000,69660.10,69660.10,69482.00,69599.70,1986.470
1787211900000,69599.70,69815.90,69550.70,69815.90,1808.314
1787212800000,69815.90,71377.00,69771.80,71287.90,21433.372
1787213700000,71287.80,71580.00,71000.40,71326.20,12385.448
1787214600000,71326.20,71687.20,71149.00,71481.40,6956.100
1787215500000,71481.50,71799.60,71414.80,71560.60,7851.859
1787216400000,71560.50,71945.10,71449.30,71910.00,9037.158
1787217300000,71910.00,72081.70,71723.80,71800.00,6682.511
1787218200000,71800.00,72049.00,71709.10,71971.70,4122.395
1787219100000,71971.70,72012.70,71666.90,71781.20,3383.355
1787220000000,71781.20,72194.70,71690.00,72122.20,4922.086
1787220900000,72122.20,72487.50,71931.50,72016.50,9216.250
1787221800000,72016.50,72023.10,71735.80,71787.50,2740.686
1787222700000,71787.50,71978.20,71787.50,71978.20,1672.793
1787223600000,71978.10,72128.10,71807.00,71963.90,2465.272
1787224500000,71963.80,72025.00,71842.80,71866.50,1383.794
1787225400000,71866.50,72300.10,71833.00,72117.30,3801.861
1787226300000,72117.30,72250.00,71783.50,71896.20,2797.543
1787227200000,71896.20,71955.00,71466.00,71770.00,6137.374
1787228100000,71770.00,71872.50,71660.50,71813.60,2432.055
1787229000000,71813.60,71990.80,71626.20,71652.50,3118.526
1787229900000,71652.60,71935.10,71435.60,71930.10,3917.486
1787230800000,71930.10,72099.00,71862.40,72035.90,3481.373
1787231700000,72035.90,72035.90,71794.70,71930.10,2527.298
1787232600000,71930.20,71934.30,71100.00,71643.40,9372.824
1787233500000,71643.30,71831.10,71405.70,71663.70,3625.060
1787234400000,71663.70,71967.70,71571.40,71790.00,2770.808
1787235300000,71790.10,71798.10,71309.40,71417.50,3373.556
1787236200000,71417.40,71688.00,71376.60,71516.90,2220.850
1787237100000,71516.80,71796.00,71377.90,71792.90,2198.232
1787238000000,71793.00,72598.00,71760.10,72211.30,10980.098
1787238900000,72211.30,72394.10,71937.70,72383.10,4780.111
1787239800000,72383.10,72849.90,72129.90,72206.30,7204.407
1787240700000,72206.20,72535.60,72128.70,72429.00,3767.217
1787241600000,72429.10,72482.20,72225.00,72279.20,2141.275
1787242500000,72279.10,72388.70,72159.80,72377.40,1418.497
1787243400000,72377.40,72669.60,72250.00,72590.90,2839.057
1787244300000,72590.90,72887.90,72485.20,72805.90,3120.809
1787245200000,72806.00,72843.00,72482.90,72658.60,2519.525
1787246100000,72658.50,72819.80,72525.00,72766.10,1437.100
1787247000000,72766.10,72832.30,72628.60,72720.00,1537.304
1787247900000,72719.90,72945.30,72672.60,72694.60,3146.915
1787248800000,72694.50,72780.00,72422.40,72580.00,4071.591
1787249700000,72580.00,72708.70,72454.90,72648.20,1345.073
1787250600000,72648.20,72664.50,72352.30,72469.70,1871.695
1787251500000,72469.70,72591.80,72380.00,72398.40,1343.091
1787252400000,72398.40,72480.50,72280.10,72450.00,1415.000
1787253300000,72450.00,72600.00,72437.40,72565.40,1021.761
1787254200000,72565.40,72748.10,72505.90,72680.30,1188.784
1787255100000,72680.30,72725.20,72547.70,72649.70,1154.234
1787256000000,72649.80,72753.20,72592.00,72664.50,700.516
1787256900000,72664.50,72887.40,72591.30,72794.90,1252.352
1787257800000,72795.00,73106.90,72667.20,72731.10,3674.124
1787258700000,72731.50,72748.10,72554.00,72638.50,997.969
1787259600000,72638.50,72665.80,72514.80,72662.50,1000.882
1787260500000,72662.60,72819.20,72601.00,72623.80,1021.765
1787261400000,72623.80,72798.90,72623.70,72708.70,604.450
1787262300000,72708.80,72744.20,72671.00,72706.90,431.075
1787263200000,72706.90,72721.90,72458.70,72571.50,2077.637
1787264100000,72571.40,72800.00,72520.00,72759.00,835.927
1787265000000,72758.90,72773.60,72642.00,72657.10,592.986
1787265900000,72657.10,72854.30,72639.10,72648.50,908.599
1787266800000,72648.40,72908.90,72625.00,72902.20,688.854
1787267700000,72902.10,73399.70,72863.90,73185.30,7963.329
1787268600000,73185.30,73369.10,73043.00,73079.10,2127.058
1787269500000,73079.00,73126.40,72945.20,72998.70,1752.117
1787270400000,72998.80,73479.00,72992.40,73460.20,3744.455
1787271300000,73460.30,73874.00,73311.60,73694.50,7197.157
1787272200000,73694.60,73985.80,73494.80,73665.10,4787.121
1787273100000,73665.20,73828.60,73550.10,73682.10,1823.480
1787274000000,73682.10,73973.80,73635.10,73958.90,2279.099
1787274900000,73959.00,74880.00,73921.00,74700.10,16468.006
1787275800000,74700.00,75025.80,74513.90,74710.90,7044.248
1787276700000,74710.90,75767.50,74675.30,75103.30,13991.235
1787277600000,75103.30,75175.00,74647.70,74850.00,5994.063
1787278500000,74850.10,74969.30,74625.90,74946.10,2676.546
1787279400000,74946.10,75076.00,74539.80,74692.50,2770.793
1787280300000,74692.80,74700.00,74347.00,74410.60,4388.047
1787281200000,74410.70,74471.80,74214.40,74419.90,2307.116
1787282100000,74419.90,74610.60,74280.00,74570.60,2437.956
1787283000000,74570.60,74700.00,74401.30,74636.00,2681.290
1787283900000,74635.90,74847.30,74459.10,74482.90,2828.489
1787284800000,74482.90,74875.00,74482.80,74835.00,2061.481
1787285700000,74834.90,74924.40,74744.40,74779.90,1225.846
1787286600000,74779.80,74961.60,74744.40,74918.80,1571.665
1787287500000,74918.90,75000.00,74883.10,74990.30,2327.859
1787288400000,74990.40,75334.80,74871.60,75280.40,4250.456
1787289300000,75280.40,75472.00,75021.50,75166.40,4503.489
1787290200000,75166.30,75358.20,75059.20,75250.20,1934.542
1787291100000,75250.20,75433.80,75179.20,75433.00,2111.171
1787292000000,75433.10,75498.30,75233.90,75255.80,2319.059
1787292900000,75255.80,75487.60,75066.00,75304.50,2509.381
1787293800000,75304.40,75720.80,75280.00,75353.30,4592.937
1787294700000,75353.40,75618.30,75252.80,75613.30,2304.970
1787295600000,75613.30,75998.80,75577.00,75935.20,6110.489
1787296500000,75935.20,76900.00,75900.80,76375.20,20270.349
1787297400000,76375.20,76779.70,76257.00,76570.20,7186.944
1787298300000,76570.30,76619.60,76205.30,76310.40,5761.769
1787299200000,76310.30,77200.00,76253.20,76883.70,8846.656
1787300100000,76883.60,77450.00,76835.70,77217.60,9631.688
1787301000000,77217.50,77799.90,77150.00,77637.30,10771.178
1787301900000,77637.40,79555.50,77559.10,79269.00,32168.335
1787302800000,79268.90,79372.80,77255.00,77876.00,33808.387
1787303700000,77875.90,77954.90,77451.20,77709.60,6891.988
1787304600000,77709.60,78366.00,77610.10,78180.60,5577.199
1787305500000,78180.50,78366.10,77550.00,77900.60,6870.289
1787306400000,77900.50,78115.50,77600.90,78031.20,4186.373
1787307300000,78031.10,78243.50,77650.00,77913.40,3936.701
1787308200000,77913.50,77958.00,77608.20,77829.70,2619.704
1787309100000,77829.70,77995.50,77724.10,77803.30,1123.897
1787310000000,77803.20,77858.00,77317.90,77546.10,3958.057
1787310900000,77546.20,77677.00,77213.80,77419.60,4891.684
1787311800000,77419.60,77445.80,76393.10,76837.60,13982.209
1787312700000,76837.60,77043.90,76593.20,76749.00,5031.645
1787313600000,76748.90,77021.30,76537.80,76938.90,5134.885
1787314500000,76938.90,76938.90,76658.10,76697.90,2138.654
1787315400000,76697.90,77443.60,76637.00,77423.90,5912.844
1787316300000,77423.80,77487.20,77100.00,77228.10,3047.278
1787317200000,77228.10,77399.60,77031.20,77195.50,2548.763
1787318100000,77195.40,77221.70,76836.10,77096.50,3170.224
1787319000000,77096.60,77333.00,76237.00,77299.90,11040.820
1787319900000,77299.90,77721.90,77116.60,77244.30,7708.626
1787320800000,77244.40,77251.20,76679.90,76759.70,5426.761
1787321700000,76759.70,77203.60,76538.90,77060.10,5940.477
1787322600000,77060.00,77239.00,76850.10,77148.70,2753.020
1787323500000,77148.60,77450.00,77124.50,77387.70,3078.628
1787324400000,77387.70,77798.80,77320.90,77700.50,4491.338
1787325300000,77700.50,77871.60,77508.20,77603.90,2829.665
1787326200000,77603.80,77744.40,77464.60,77498.20,1598.151
1787327100000,77498.10,77543.80,77157.30,77219.80,2532.629
1787328000000,77219.80,77315.90,76841.90,76846.30,3572.261
1787328900000,76846.20,77379.50,76757.00,77379.50,2921.046
1787329800000,77379.50,77412.60,77220.80,77346.60,1401.661
1787330700000,77346.50,77549.00,77300.20,77462.30,1846.869
1787331600000,77462.30,77711.10,77441.60,77546.90,2989.252
1787332500000,77547.00,77550.00,77162.80,77550.00,2447.631
1787333400000,77550.00,77641.40,77304.80,77370.70,2437.788
1787334300000,77370.80,77505.80,77293.90,77381.80,1107.919
1787335200000,77381.70,77543.80,77256.00,77304.20,2278.797
1787336100000,77304.20,77489.00,77238.20,77372.80,1375.661
1787337000000,77372.90,77435.00,76825.90,76920.60,2695.739
1787337900000,76920.60,77115.50,76576.40,77115.40,4674.532
1787338800000,77115.40,77157.20,76817.60,77109.20,1555.757
1787339700000,77109.20,77308.30,76934.20,77288.50,1388.637
1787340600000,77288.50,77328.60,77058.50,77143.20,1092.279
1787341500000,77143.10,77215.00,76974.90,76995.40,1272.361
1787342400000,76995.40,77273.30,76815.60,77243.10,1911.262
1787343300000,77243.00,77500.00,77243.00,77456.80,1858.440
1787344200000,77456.80,77500.00,77310.30,77439.00,1000.544
1787345100000,77439.00,77517.40,77275.60,77480.00,853.872
1787346000000,77480.00,77786.80,77345.90,77650.30,1872.441
1787346900000,77650.20,78185.50,77549.40,78074.20,4540.193
1787347800000,78074.10,78487.60,77945.20,78220.30,4480.392
1787348700000,78220.20,78666.00,78192.40,78491.50,3309.222
1787349600000,78491.40,78748.80,78150.00,78740.00,3947.655
1787350500000,78739.90,78740.00,78315.30,78485.70,2863.918
1787351400000,78485.80,78561.70,78061.60,78491.70,2428.184
1787352300000,78491.50,78612.60,78215.30,78436.80,1603.186
1787353200000,78436.80,78600.00,78308.90,78520.10,1672.913
1787354100000,78520.00,78705.80,78330.60,78383.80,2038.103
1787355000000,78383.80,78489.60,78100.00,78353.40,1714.073
1787355900000,78353.40,78383.70,78093.30,78309.10,999.223
1787356800000,78309.10,78486.60,77707.30,77888.60,3882.011
1787357700000,77888.60,78083.50,77833.10,77898.70,1562.954
1787358600000,77898.70,78032.10,77728.10,77812.00,1160.129
1787359500000,77812.00,77963.60,77649.70,77921.60,1426.698
1787360400000,77921.60,78188.00,77879.60,78076.80,1470.475
1787361300000,78076.90,78149.80,77862.60,77991.50,814.563
1787362200000,77991.50,78223.10,77855.30,77891.80,1263.970
1787363100000,77891.80,77988.30,77780.90,77807.70,1047.183
1787364000000,77807.60,78094.70,77763.00,78029.50,1044.242
1787364900000,78029.50,78472.50,78012.50,78358.10,1948.947
1787365800000,78358.20,78494.90,78134.10,78489.90,1468.171
1787366700000,78490.00,78549.90,78288.50,78467.90,1402.579
1787367600000,78467.90,78690.40,78350.00,78378.10,1558.913
1787368500000,78378.00,78783.60,78344.30,78746.70,1819.306
1787369400000,78746.60,78831.80,78531.00,78630.50,1396.649
1787370300000,78630.50,78676.90,78365.20,78395.00,1313.743
1787371200000,78395.00,78456.50,78222.10,78384.30,1327.592
1787372100000,78384.30,78580.00,78183.10,78576.40,1250.587
1787373000000,78576.50,78815.20,78502.60,78645.10,1840.418
1787373900000,78645.00,78681.60,78444.40,78453.30,1561.357
1787374800000,78453.20,78589.90,76510.00,77310.90,13358.575
1787375700000,77310.90,77528.40,76728.10,77297.10,7437.112
1787376600000,77297.10,77571.00,76900.40,77176.10,4031.337
1787377500000,77176.00,77497.80,77053.80,77371.60,2595.074
1787378400000,77371.50,77438.00,77139.00,77162.40,1709.004
1787379300000,77162.40,77388.00,77162.40,77234.30,1066.211
1787380200000,77234.30,77564.10,76963.50,77384.40,3001.112
1787381100000,77384.30,77539.30,77369.10,77476.60,1092.506
1787382000000,77476.60,77675.00,77253.50,77365.30,2175.367
1787382900000,77365.30,77482.30,77201.40,77471.10,1078.200
1787383800000,77471.10,77497.00,77285.60,77402.30,1047.723
1787384700000,77402.40,77430.30,77258.60,77286.70,815.819
1787385600000,77286.70,77420.40,77177.00,77414.10,1293.900
1787386500000,77414.00,77430.00,77086.10,77204.80,1129.080
1787387400000,77204.90,77317.50,77012.90,77275.60,2316.986
1787388300000,77275.70,77275.70,77088.20,77193.50,937.931
1787389200000,77193.50,77355.50,77031.00,77355.40,1485.222
1787390100000,77355.50,77385.00,77145.00,77189.40,1057.784
1787391000000,77189.40,77239.50,77133.00,77185.70,556.218
1787391900000,77185.60,77185.60,76816.40,77047.50,2641.448
1787392800000,77047.60,77059.50,76663.80,76703.00,2648.951
1787393700000,76702.90,76957.20,76512.90,76939.00,4078.958
1787394600000,76939.00,77176.60,76861.80,77169.50,1779.753
1787395500000,77169.50,77194.80,76900.00,76975.70,1226.240
1787396400000,76975.70,77079.00,76821.80,76861.80,1033.622
1787397300000,76861.80,77009.70,76815.60,76991.80,1322.711
1787398200000,76991.80,77198.90,76950.20,77182.70,1430.388
1787399100000,77182.80,77224.90,77070.00,77137.90,1200.550
1787400000000,77137.90,77297.80,77081.70,77243.60,1205.877
1787400900000,77243.60,77347.90,77201.00,77329.90,1151.975
1787401800000,77329.80,77350.00,77205.00,77343.90,596.317
1787402700000,77343.80,77390.00,77244.60,77295.60,811.341
1787403600000,77295.60,77318.20,77183.00,77222.60,624.607
1787404500000,77222.60,77258.60,77117.10,77175.40,621.526
1787405400000,77175.40,77206.70,77104.70,77165.90,359.174
1787406300000,77165.90,77381.10,77149.40,77290.60,880.010
1787407200000,77290.60,77322.00,76959.40,77040.80,1449.400
1787408100000,77040.80,77107.80,76970.00,77107.70,610.262
1787409000000,77107.80,77175.00,76961.50,76970.10,914.277
1787409900000,76970.20,77093.90,76936.10,77018.60,684.386
1787410800000,77018.60,77100.00,76951.00,76951.00,634.337
1787411700000,76951.10,77044.10,76888.00,76993.90,785.178
1787412600000,76993.90,77118.30,76993.90,77067.10,469.875
1787413500000,77067.10,77112.80,76923.00,76995.60,611.697
1787414400000,76995.60,77087.80,76969.40,77069.00,547.367
1787415300000,77069.10,77266.90,77057.10,77209.00,1030.957
1787416200000,77209.00,77499.50,77193.50,77405.60,1649.879
1787417100000,77405.60,77590.60,77293.40,77299.00,1641.499
1787418000000,77299.00,77350.00,77256.10,77293.60,623.557
1787418900000,77293.60,77368.40,77081.10,77103.80,973.337
1787419800000,77103.80,77241.20,77103.80,77235.10,461.903
1787420700000,77235.10,77394.90,77235.00,77289.20,505.467
1787421600000,77289.10,77370.90,77225.00,77253.70,344.939
1787422500000,77253.70,77363.80,77253.60,77308.60,271.075
1787423400000,77308.70,77340.00,77234.50,77234.60,325.579
1787424300000,77234.60,77276.50,77139.80,77276.50,431.671
1787425200000,77276.50,77350.00,77209.40,77334.70,293.909
1787426100000,77334.70,77350.00,77256.40,77295.10,263.842
1787427000000,77295.20,77440.00,77293.30,77440.00,391.150
1787427900000,77439.90,77484.30,77415.40,77422.40,600.009
1787428800000,77422.30,77498.00,77367.70,77419.40,386.564
1787429700000,77419.40,77438.30,77296.40,77304.80,433.973
1787430600000,77304.80,77427.60,77267.60,77374.10,588.145
1787431500000,77374.10,77393.40,77275.10,77330.30,200.860
1787432400000,77330.30,77330.30,77028.60,77054.20,1118.269
1787433300000,77054.20,77219.40,77054.20,77187.10,447.591
1787434200000,77187.20,77215.00,76922.10,77040.50,950.406
1787435100000,77040.50,77040.50,76818.10,76862.80,943.640
1787436000000,76862.80,77173.00,76772.00,77108.90,1738.712
1787436900000,77109.00,77166.60,77043.70,77056.80,440.907
1787437800000,77056.90,77078.40,76833.90,77054.50,941.290
1787438700000,77054.60,77157.80,76961.40,77000.80,555.075
1787439600000,77000.90,77094.40,76940.90,76989.90,392.697
1787440500000,76989.90,77034.60,76951.00,76956.40,265.555
1787441400000,76956.40,77048.20,76905.30,77024.60,313.013
1787442300000,77024.30,77146.10,77015.20,77084.50,346.099
1787443200000,77084.50,77157.90,77058.90,77091.30,373.887
1787444100000,77091.20,77268.10,77059.90,77237.90,548.848
1787445000000,77237.90,77377.40,77230.30,77288.90,733.332
1787445900000,77288.90,77363.00,77261.40,77308.00,582.114
1787446800000,77308.10,77423.80,77175.60,77423.80,1038.023
1787447700000,77423.70,77423.80,77268.00,77282.30,633.979
1787448600000,77282.30,77333.00,77173.90,77262.80,582.108
1787449500000,77262.70,77344.00,77169.50,77202.10,452.222
1787450400000,77202.10,77227.60,77060.00,77063.80,749.435
1787451300000,77063.80,77148.40,77015.80,77126.70,577.021
1787452200000,77126.70,77220.00,77123.30,77189.10,429.137
1787453100000,77189.10,77224.20,77072.10,77080.60,471.335
1787454000000,77080.60,77128.60,77017.00,77094.50,633.586
1787454900000,77094.50,77158.30,76982.30,76992.90,482.894
1787455800000,76992.80,77004.80,76842.10,76863.20,1282.210
1787456700000,76863.20,76997.90,76863.10,76941.10,976.435
1787457600000,76941.20,77038.50,76663.90,77006.70,2551.813
1787458500000,77006.70,77046.80,76802.30,76968.00,820.865
1787459400000,76968.00,76980.00,76816.10,76827.10,629.012
1787460300000,76827.10,76829.80,76425.40,76610.70,4497.265
1787461200000,76610.70,76747.70,75808.00,75896.00,8530.993
1787462100000,75895.70,76354.80,75588.00,76243.90,10858.651
1787463000000,76243.80,76350.00,76108.00,76175.90,2418.309
1787463900000,76176.00,76263.00,76033.00,76064.90,1131.343
1787464800000,76065.00,76178.80,75870.00,76091.10,2548.066
1787465700000,76091.00,76319.50,76082.20,76240.00,1737.912
1787466600000,76239.90,76380.20,76182.90,76272.80,1307.808
1787467500000,76272.80,76297.00,76015.20,76110.30,976.122
1787468400000,76110.30,76339.40,76038.00,76309.90,988.103
1787469300000,76309.90,76368.80,76231.50,76232.40,715.596
1787470200000,76232.30,76241.70,76056.40,76068.80,818.689
1787471100000,76068.90,76168.00,75900.00,76020.30,1671.879
1787472000000,76020.20,76310.00,75966.70,76214.00,2037.112
1787472900000,76214.10,76316.00,76201.70,76251.10,1144.591
1787473800000,76251.10,76694.30,76251.00,76529.30,2913.080
1787474700000,76529.30,76626.60,76450.40,76486.50,1274.088
1787475600000,76486.50,76656.60,76471.20,76586.40,999.235
1787476500000,76586.40,76619.40,76476.10,76555.10,609.861
1787477400000,76555.20,76584.10,76470.00,76570.00,517.567
1787478300000,76569.90,76653.30,76510.00,76540.20,595.492
1787479200000,76540.30,76741.30,76535.50,76650.80,1415.903
1787480100000,76650.80,76940.10,76640.40,76758.80,2962.106
1787481000000,76758.70,76935.00,76738.30,76853.10,1039.268
1787481900000,76853.10,76880.00,76776.00,76784.40,502.982
1787482800000,76784.40,76890.90,76738.00,76881.00,708.391
1787483700000,76880.90,77323.00,76818.10,77161.20,4237.080
1787484600000,77161.20,77400.00,77127.40,77272.60,2105.515
1787485500000,77272.60,77400.00,77165.30,77296.00,1646.888
1787486400000,77296.10,77300.00,77003.80,77075.80,1747.179
1787487300000,77075.70,77130.00,77008.50,77035.20,657.511
1787488200000,77035.10,77249.20,77035.10,77234.60,624.829
1787489100000,77234.60,77262.50,77152.30,77202.90,418.968
1787490000000,77203.00,77338.00,77189.80,77323.30,562.205
1787490900000,77323.30,77771.60,77323.30,77426.70,5566.539
1787491800000,77426.70,77612.90,77333.00,77508.00,1491.152
1787492700000,77507.90,77555.00,77360.00,77471.80,773.846
1787493600000,77471.70,77606.20,77471.70,77477.10,566.683
