openTime,open,high,low,close,volume
1756112400000,4597.74,4612.95,4568.07,4611.14,262057.456
1756116000000,4611.13,4611.14,4518.00,4542.72,518039.482
1756119600000,4542.72,4599.00,4542.00,4598.00,282489.703
1756123200000,4597.99,4644.99,4583.27,4644.83,370968.510
1756126800000,4644.84,4661.39,4590.52,4627.81,608788.545
1756130400000,4627.81,4683.26,4617.23,4657.57,434246.882
1756134000000,4657.57,4667.38,4603.76,4610.31,285707.741
1756137600000,4610.31,4644.71,4590.02,4593.78,295559.591
1756141200000,4593.78,4598.91,4562.42,4585.23,297808.827
1756144800000,4585.22,4595.51,4568.85,4572.93,156887.132
1756148400000,4572.94,4576.32,4413.03,4418.75,884736.891
1756152000000,4418.77,4444.20,4331.15,4349.10,1068342.795
1756155600000,4349.10,4385.23,4336.90,4348.11,379955.681
1756159200000,4348.11,4414.78,4348.11,4390.31,271634.932
1756162800000,4390.30,4390.30,4351.90,4374.25,218119.577
1756166400000,4374.25,4393.18,4318.01,4329.79,462200.098
1756170000000,4329.79,4421.29,4310.00,4418.83,392628.067
1756173600000,4418.83,4449.55,4386.64,4394.51,311354.884
1756177200000,4394.50,4406.26,4372.00,4400.50,187911.834
1756180800000,4400.52,4440.51,4400.52,4432.33,187493.624
1756184400000,4432.33,4446.47,4419.20,4428.18,119767.815
1756188000000,4428.18,4440.00,4403.71,4412.37,175383.837
1756191600000,4412.32,4453.78,4391.61,4427.16,270125.655
1756195200000,4427.15,4444.57,4403.00,4418.00,159530.709
1756198800000,4418.01,4439.99,4406.00,4417.85,128048.914
1756202400000,4417.85,4448.69,4416.02,4438.98,136072.893
1756206000000,4438.98,4465.00,4405.85,4425.57,224895.934
1756209600000,4425.57,4535.56,4403.01,4494.85,794196.027
1756213200000,4494.86,4518.00,4433.83,4478.42,605024.383
1756216800000,4478.43,4558.39,4450.08,4550.31,480789.505
1756220400000,4550.31,4576.31,4501.09,4516.17,505352.753
1756224000000,4516.16,4554.14,4494.19,4552.00,282051.471
1756227600000,4552.01,4557.03,4502.00,4519.28,253073.260
1756231200000,4519.29,4562.78,4518.72,4545.61,176169.711
1756234800000,4545.60,4595.73,4524.59,4593.84,280952.044
1756238400000,4593.82,4609.79,4567.00,4582.68,230692.455
1756242000000,4582.67,4606.35,4559.50,4602.88,137128.407
1756245600000,4602.88,4607.98,4575.35,4599.26,115133.075
1756249200000,4599.26,4632.92,4587.61,4598.49,217146.360
1756252800000,4598.50,4600.00,4562.16,4568.52,159468.853
1756256400000,4568.53,4572.88,4538.00,4560.81,193762.693
1756260000000,4560.82,4587.56,4544.32,4575.39,154707.777
1756263600000,4575.39,4625.00,4544.24,4601.07,251027.805
1756267200000,4601.08,4641.77,4595.39,4626.80,238020.971
1756270800000,4626.80,4643.93,4607.74,4612.01,158759.354
1756274400000,4612.01,4612.47,4581.05,4584.77,179726.750
1756278000000,4584.77,4590.23,4557.06,4578.59,199508.004
1756281600000,4578.59,4595.26,4553.00,4592.82,177902.701
1756285200000,4592.82,4618.76,4583.91,4586.04,224182.941
1756288800000,4586.05,4611.81,4567.09,4579.21,154912.554
1756292400000,4579.21,4612.93,4579.21,4606.37,94848.320
1756296000000,4606.37,4623.33,4576.01,4613.27,238007.900
1756299600000,4613.26,4657.80,4572.90,4593.00,520154.917
1756303200000,4593.00,4662.50,4581.00,4611.18,470208.460
1756306800000,4611.19,4658.00,4605.52,4655.31,266276.336
1756310400000,4655.31,4655.92,4603.26,4628.43,264189.257
1756314000000,4628.43,4645.00,4607.60,4629.58,128358.720
1756317600000,4629.58,4641.95,4586.00,4589.25,151022.711
1756321200000,4589.26,4597.96,4530.01,4563.23,366434.688
1756324800000,4563.23,4612.85,4506.35,4592.87,565198.015
1756328400000,4592.86,4594.77,4511.68,4525.65,202857.864
1756332000000,4525.64,4535.49,4479.01,4521.81,253159.596
1756335600000,4521.81,4537.86,4488.04,4504.84,153921.527
1756339200000,4504.86,4520.00,4465.00,4492.00,246765.807
1756342800000,4492.00,4521.40,4491.80,4514.22,125659.812
1756346400000,4514.22,4525.93,4504.83,4510.02,82322.840
1756350000000,4510.03,4547.11,4504.25,4539.38,141180.638
1756353600000,4539.39,4578.35,4532.28,4568.90,178731.313
1756357200000,4568.89,4585.99,4551.00,4568.13,158857.982
1756360800000,4568.13,4584.82,4552.68,4581.68,103532.132
1756364400000,4581.68,4600.00,4563.53,4594.81,137657.937
1756368000000,4594.81,4633.12,4592.12,4602.73,262970.642
1756371600000,4602.72,4603.46,4580.00,4584.79,117498.621
1756375200000,4584.80,4611.00,4580.00,4608.55,120822.239
1756378800000,4608.56,4608.76,4581.45,4592.72,90887.541
1756382400000,4592.72,4612.31,4572.64,4597.41,209925.515
1756386000000,4597.40,4612.93,4560.42,4572.84,263912.226
1756389600000,4572.85,4589.99,4541.01,4565.29,299260.228
1756393200000,4565.29,4571.81,4482.01,4502.04,449892.354
1756396800000,4502.04,4528.77,4456.01,4463.14,319291.264
1756400400000,4463.14,4495.98,4461.05,4488.01,256364.520
1756404000000,4488.00,4506.39,4471.70,4478.91,156881.396
1756407600000,4478.90,4491.08,4432.50,4436.18,237411.053
1756411200000,4436.18,4468.78,4425.00,4457.33,183155.811
1756414800000,4457.33,4490.00,4455.35,4486.03,90950.767
1756418400000,4486.02,4513.71,4486.02,4504.22,106677.836
1756422000000,4504.21,4512.88,4491.01,4509.10,85827.445
1756425600000,4509.10,4514.66,4467.14,4480.10,139571.780
1756429200000,4480.11,4489.01,4432.09,4454.39,235667.962
1756432800000,4454.40,4493.15,4448.16,4478.54,138063.292
1756436400000,4478.54,4502.94,4465.20,4487.57,116895.311
1756440000000,4487.56,4495.70,4467.59,4475.35,76292.321
1756443600000,4475.35,4482.19,4460.42,4478.04,83743.256
1756447200000,4478.03,4485.56,4435.00,4454.11,132693.781
1756450800000,4454.12,4454.12,4365.10,4379.03,531831.684
1756454400000,4379.03,4396.55,4326.53,4332.51,383225.336
1756458000000,4332.51,4342.97,4316.20,4335.38,299209.442
1756461600000,4335.38,4359.90,4331.70,4344.51,202311.352
1756465200000,4344.51,4356.93,4331.32,4344.43,123622.094
1756468800000,4344.43,4456.24,4344.43,4405.29,619564.899
1756472400000,4405.29,4410.90,4312.59,4329.67,529691.715
1756476000000,4329.67,4354.91,4264.29,4280.53,842875.274
1756479600000,4280.53,4347.03,4279.96,4313.87,417087.642
1756483200000,4313.88,4353.10,4293.60,4334.02,280184.118
1756486800000,4334.01,4356.65,4312.22,4330.36,178840.167
1756490400000,4330.36,4339.35,4304.14,4313.69,151911.127
1756494000000,4313.69,4365.27,4304.42,4338.78,200719.839
1756497600000,4338.79,4346.45,4310.73,4320.15,155150.772
1756501200000,4320.16,4378.50,4302.90,4363.21,227836.582
1756504800000,4363.21,4365.56,4343.15,4364.24,83390.183
1756508400000,4364.24,4372.74,4355.64,4358.65,59274.182
1756512000000,4358.65,4361.07,4327.13,4341.37,130612.954
1756515600000,4341.38,4347.15,4255.00,4262.93,323330.653
1756519200000,4262.93,4314.92,4254.97,4302.49,278977.531
1756522800000,4302.49,4381.97,4301.43,4350.85,286569.525
1756526400000,4350.86,4366.68,4348.56,4350.85,79242.130
1756530000000,4350.84,4401.26,4345.07,4377.71,214897.740
1756533600000,4377.71,4402.65,4372.00,4394.15,131261.342
1756537200000,4394.16,4414.45,4386.73,4399.80,126026.431
1756540800000,4399.80,4404.75,4383.01,4393.34,100049.412
1756544400000,4393.33,4395.55,4376.24,4389.75,75711.791
1756548000000,4389.75,4406.03,4382.30,4390.62,75036.766
1756551600000,4390.62,4400.26,4381.35,4389.93,52837.219
1756555200000,4389.93,4391.87,4346.22,4365.68,174773.055
1756558800000,4365.68,4365.69,4329.45,4356.57,209034.626
1756562400000,4356.57,4367.92,4336.25,4361.49,107881.998
1756566000000,4361.50,4381.36,4354.24,4373.71,110298.098
1756569600000,4373.71,4373.71,4356.65,4359.99,70526.749
1756573200000,4360.00,4371.50,4345.00,4360.01,74481.151
1756576800000,4360.00,4364.92,4343.72,4348.47,62906.132
1756580400000,4348.48,4353.19,4333.00,4352.33,58231.694
1756584000000,4352.32,4352.80,4332.00,4342.00,47007.994
1756587600000,4342.00,4353.80,4337.28,4344.98,36249.802
1756591200000,4344.99,4358.37,4338.19,4356.20,36232.754
1756594800000,4356.21,4376.60,4355.19,4372.00,80537.445
1756598400000,4372.00,4469.00,4370.33,4465.37,329970.110
1756602000000,4465.39,4468.00,4433.21,4454.36,172069.964
1756605600000,4454.35,4460.97,4443.92,4448.21,68668.537
1756609200000,4448.20,4488.36,4447.25,4485.72,188106.241
1756612800000,4485.75,4489.85,4456.25,4463.01,143663.904
1756616400000,4463.02,4463.02,4446.36,4457.49,93299.096
1756620000000,4457.50,4459.64,4431.08,4432.77,111821.466
1756623600000,4432.77,4456.71,4431.20,4448.77,75628.044
1756627200000,4448.77,4471.77,4448.77,4469.57,99879.986
1756630800000,4469.58,4478.93,4457.62,4462.31,116621.860
1756634400000,4462.31,4468.50,4446.52,4453.36,111615.646
1756638000000,4453.37,4482.46,4438.00,4474.53,136423.066
1756641600000,4474.54,4498.00,4461.50,4487.64,130158.505
1756645200000,4487.64,4497.13,4462.50,4468.81,157061.845
1756648800000,4468.80,4472.36,4448.00,4457.00,122994.774
1756652400000,4457.00,4488.96,4455.29,4482.47,149858.781
1756656000000,4482.48,4485.01,4457.75,4468.78,124563.266
1756659600000,4468.79,4486.16,4466.11,4474.82,77478.048
1756663200000,4474.85,4489.00,4470.43,4487.21,57596.557
1756666800000,4487.20,4488.13,4451.42,4453.25,86764.054
1756670400000,4453.24,4460.00,4441.70,4452.86,85998.054
1756674000000,4452.86,4475.91,4447.61,4468.01,53759.488
1756677600000,4468.01,4471.88,4431.24,4442.72,139144.478
1756681200000,4442.72,4442.73,4374.66,4389.58,322881.764
1756684800000,4389.58,4409.06,4356.61,4393.82,282838.755
1756688400000,4393.82,4429.91,4380.99,4414.50,194394.933
1756692000000,4414.51,4417.69,4364.27,4385.00,216403.304
1756695600000,4385.00,4406.84,4369.11,4401.34,167800.062
1756699200000,4401.35,4409.75,4370.37,4383.80,136355.363
1756702800000,4383.80,4404.78,4356.79,4392.33,165717.005
1756706400000,4392.33,4407.14,4372.24,4395.32,105962.693
1756710000000,4395.31,4462.47,4378.11,4461.11,333148.214
1756713600000,4461.10,4490.00,4460.71,4474.08,326904.908
1756717200000,4474.06,4480.90,4436.00,4439.16,179655.729
1756720800000,4439.16,4443.00,4387.12,4406.39,304161.988
1756724400000,4406.40,4413.92,4380.01,4390.87,167279.337
1756728000000,4390.88,4410.82,4382.10,4401.25,129719.690
1756731600000,4401.26,4422.17,4370.01,4383.72,230609.028
1756735200000,4383.72,4401.00,4377.85,4394.40,127898.458
1756738800000,4394.40,4403.91,4342.03,4359.69,284988.558
1756742400000,4359.68,4369.78,4344.44,4353.31,138570.340
1756746000000,4353.30,4356.60,4307.25,4320.55,310661.779
1756749600000,4320.54,4347.85,4320.15,4345.09,123597.019
1756753200000,4345.09,4367.81,4340.94,4366.18,111023.907
1756756800000,4366.17,4366.56,4258.60,4286.01,514263.605
1756760400000,4286.00,4288.22,4205.49,4259.22,481303.921
1756764000000,4259.23,4299.45,4249.45,4282.53,249696.048
1756767600000,4282.53,4317.75,4280.65,4313.00,164539.239
1756771200000,4313.00,4317.75,4289.12,4302.31,132870.905
1756774800000,4302.31,4339.57,4291.37,4321.45,174540.878
1756778400000,4321.45,4362.96,4313.44,4358.86,156919.546
1756782000000,4358.86,4393.96,4350.69,4365.22,234963.879
1756785600000,4365.23,4386.90,4358.97,4385.63,91862.502
1756789200000,4385.62,4387.50,4367.45,4382.64,83902.642
1756792800000,4382.63,4414.73,4379.60,4410.38,172881.962
1756796400000,4410.38,4411.96,4366.10,4375.44,214023.385
1756800000000,4375.44,4407.06,4366.79,4389.99,153641.367
1756803600000,4389.99,4406.22,4384.00,4398.23,92735.934
1756807200000,4398.24,4399.51,4375.95,4389.95,77132.411
1756810800000,4389.96,4390.95,4339.31,4346.05,187582.644
1756814400000,4346.05,4351.42,4268.87,4275.34,458294.972
1756818000000,4275.33,4391.65,4272.65,4376.47,686223.620
1756821600000,4376.46,4395.20,4331.23,4346.01,452418.248
1756825200000,4346.01,4351.70,4281.82,4293.12,367159.383
1756828800000,4293.12,4308.76,4275.03,4294.18,231518.303
1756832400000,4294.18,4329.96,4285.19,4317.18,210226.143
1756836000000,4317.19,4320.91,4264.00,4294.58,282449.550
1756839600000,4294.58,4312.52,4254.33,4272.47,204967.867
1756843200000,4272.47,4326.53,4264.03,4311.05,200213.218
1756846800000,4311.05,4333.63,4302.50,4326.80,100232.592
1756850400000,4326.84,4331.34,4307.09,4327.10,91956.596
1756854000000,4327.11,4336.08,4311.97,4324.59,63888.947
1756857600000,4324.58,4330.95,4302.00,4308.03,113155.124
1756861200000,4308.02,4324.17,4281.00,4323.41,142030.114
1756864800000,4323.40,4354.00,4310.21,4336.34,203849.528
1756868400000,4336.34,4341.83,4317.30,4332.55,87899.155
1756872000000,4332.55,4340.90,4310.95,4338.00,84189.110
1756875600000,4338.00,4339.20,4311.00,4312.99,84447.213
1756879200000,4313.00,4319.01,4288.56,4305.69,178737.450
1756882800000,4305.70,4313.82,4285.00,4307.83,117185.548
1756886400000,4307.84,4331.98,4305.59,4316.14,113639.125
1756890000000,4316.15,4351.54,4300.31,4349.92,151729.536
1756893600000,4349.92,4375.88,4342.17,4369.61,204595.779
1756897200000,4369.61,4383.93,4363.78,4369.58,142011.065
1756900800000,4369.58,4377.59,4339.56,4352.20,181851.997
1756904400000,4352.20,4438.94,4348.67,4417.45,494931.101
1756908000000,4417.44,4478.99,4413.13,4464.75,504024.337
1756911600000,4464.75,4484.26,4452.19,4477.00,237062.417
1756915200000,4476.99,4481.30,4452.08,4464.26,197440.977
1756918800000,4464.25,4488.36,4461.80,4469.84,186277.270
1756922400000,4469.85,4477.19,4455.50,4466.92,101974.431
1756926000000,4466.92,4476.35,4456.03,4472.82,73625.615
1756929600000,4472.83,4477.72,4461.05,4462.44,50556.043
1756933200000,4462.45,4471.00,4437.10,4458.38,91194.574
1756936800000,4458.38,4480.00,4456.40,4467.63,61446.192
1756940400000,4467.63,4470.00,4442.14,4448.22,76537.460
1756944000000,4448.22,4480.99,4443.86,4466.52,119284.353
1756947600000,4466.52,4476.79,4447.33,4466.36,93450.905
1756951200000,4466.37,4468.97,4418.11,4419.80,193003.418
1756954800000,4419.81,4427.69,4386.72,4396.12,328559.409
1756958400000,4396.12,4413.22,4385.45,4389.86,173839.413
1756962000000,4389.86,4389.86,4360.21,4372.81,246024.978
1756965600000,4372.81,4380.77,4353.36,4363.01,153716.053
1756969200000,4363.00,4381.44,4360.40,4368.80,112368.062
1756972800000,4368.80,4389.73,4362.13,4366.82,144764.050
1756976400000,4366.83,4393.44,4366.83,4393.28,80918.723
1756980000000,4393.28,4432.00,4390.00,4405.14,232701.472
1756983600000,4405.15,4430.00,4390.01,4404.40,171414.002
1756987200000,4404.40,4426.86,4380.82,4414.37,291546.550
1756990800000,4414.36,4417.67,4364.14,4375.99,295194.264
1756994400000,4375.99,4380.66,4326.00,4339.68,525959.526
1756998000000,4339.69,4344.55,4291.00,4302.61,441048.791
1757001600000,4302.62,4317.77,4283.33,4294.64,258412.588
1757005200000,4294.64,4320.99,4293.47,4303.02,128039.742
1757008800000,4303.02,4316.00,4268.00,4271.51,269802.943
1757012400000,4271.52,4285.96,4263.00,4273.83,146265.462
1757016000000,4273.83,4307.83,4270.41,4303.07,125017.980
1757019600000,4303.08,4325.00,4300.00,4316.37,71047.594
1757023200000,4316.38,4351.23,4313.73,4339.52,143290.784
1757026800000,4339.52,4348.98,4293.73,4295.68,148445.624
1757030400000,4295.68,4311.75,4287.16,4298.88,134843.162
1757034000000,4298.89,4331.15,4295.74,4323.76,94022.997
1757037600000,4323.76,4333.43,4295.65,4321.58,132250.237
1757041200000,4321.59,4330.00,4295.00,4326.50,122943.693
1757044800000,4326.51,4332.77,4314.05,4328.01,62558.582
1757048400000,4328.01,4340.71,4324.84,4336.23,84515.156
1757052000000,4336.22,4339.51,4320.09,4330.49,85010.973
1757055600000,4330.49,4426.77,4329.79,4415.00,523479.720
1757059200000,4415.00,4418.79,4385.00,4404.41,287562.334
1757062800000,4404.41,4407.71,4370.50,4395.65,219718.703
1757066400000,4395.66,4421.20,4393.22,4408.31,160681.250
1757070000000,4408.32,4425.00,4404.69,4415.57,149876.076
1757073600000,4415.56,4494.45,4405.00,4469.39,909584.948
1757077200000,4469.39,4478.51,4432.09,4441.23,405941.096
1757080800000,4441.22,4441.22,4261.10,4271.00,1430004.547
1757084400000,4270.99,4302.51,4252.47,4280.44,468448.763
1757088000000,4280.45,4301.55,4271.41,4294.88,174489.118
1757091600000,4294.89,4296.00,4270.00,4287.31,128916.037
1757095200000,4287.32,4315.00,4281.10,4310.39,155280.785
1757098800000,4310.40,4329.53,4303.75,4328.97,154498.173
1757102400000,4328.96,4340.88,4319.01,4336.24,107324.230
1757106000000,4336.24,4336.86,4285.00,4294.51,225575.429
1757109600000,4294.52,4317.88,4292.83,4310.69,70412.062
1757113200000,4310.70,4317.24,4302.16,4305.71,38419.414
1757116800000,4305.71,4327.00,4300.67,4320.95,70874.488
1757120400000,4320.94,4323.57,4310.50,4316.31,36147.785
1757124000000,4316.32,4321.88,4302.32,4321.21,54322.844
1757127600000,4321.22,4323.31,4314.60,4318.36,44624.545
1757131200000,4318.36,4318.36,4301.10,4307.45,52132.160
1757134800000,4307.46,4310.30,4288.40,4292.79,90042.660
1757138400000,4292.80,4305.29,4290.99,4300.83,36170.376
1757142000000,4300.84,4312.00,4298.02,4310.35,36737.784
1757145600000,4310.35,4313.36,4303.00,4308.69,34139.101
1757149200000,4308.68,4308.69,4289.21,4291.09,85538.972
1757152800000,4291.09,4301.51,4283.55,4299.07,65580.148
1757156400000,4299.07,4299.67,4288.44,4298.08,43092.847
1757160000000,4298.08,4307.10,4290.33,4297.50,53617.905
1757163600000,4297.50,4300.67,4285.00,4292.17,68775.251
1757167200000,4292.16,4300.00,4290.01,4294.19,55892.316
1757170800000,4294.19,4295.58,4260.11,4267.68,234350.235
1757174400000,4267.69,4304.00,4220.00,4287.52,560295.933
1757178000000,4287.52,4290.30,4264.69,4270.90,103378.087
1757181600000,4270.89,4286.70,4267.04,4276.87,69185.092
1757185200000,4276.87,4279.85,4249.32,4253.95,77328.653
1757188800000,4253.95,4279.00,4251.50,4277.50,59996.694
1757192400000,4277.49,4285.41,4266.42,4281.68,72129.250
1757196000000,4281.68,4286.57,4268.47,4275.92,81469.446
1757199600000,4275.93,4282.00,4266.22,4271.69,61732.195
1757203200000,4271.68,4287.34,4269.00,4282.10,76506.200
1757206800000,4282.10,4302.37,4280.92,4293.28,96214.087
1757210400000,4293.27,4301.84,4286.87,4297.66,50727.327
1757214000000,4297.66,4302.51,4290.64,4295.07,44183.304
1757217600000,4295.08,4300.94,4290.98,4299.28,30457.198
1757221200000,4299.28,4302.02,4290.12,4292.85,37714.313
1757224800000,4292.85,4293.76,4280.99,4281.94,61344.838
1757228400000,4281.94,4305.88,4276.78,4293.00,90856.123
1757232000000,4293.00,4313.99,4292.76,4299.35,136176.216
1757235600000,4299.34,4309.48,4290.00,4297.83,70730.433
1757239200000,4297.83,4304.70,4295.00,4302.99,44745.906
1757242800000,4303.00,4308.77,4301.02,4308.76,34230.994
1757246400000,4308.77,4308.77,4292.00,4298.99,50563.989
1757250000000,4299.00,4306.40,4286.52,4303.03,73636.143
1757253600000,4303.03,4309.89,4294.80,4298.03,88733.268
1757257200000,4298.03,4303.11,4294.16,4297.16,52999.975
1757260800000,4297.17,4299.72,4280.67,4281.92,88703.025
1757264400000,4281.93,4286.00,4270.01,4273.22,120876.976
1757268000000,4273.22,4282.31,4267.44,4279.24,56771.593
1757271600000,4279.24,4294.88,4274.51,4291.32,60108.345
1757275200000,4291.31,4298.83,4279.02,4298.30,43628.983
1757278800000,4298.30,4298.50,4285.00,4286.10,31645.034
1757282400000,4286.10,4309.53,4284.89,4308.00,87184.332
1757286000000,4308.01,4336.05,4295.19,4303.84,182731.950
1757289600000,4303.83,4316.99,4290.00,4296.76,112380.405
1757293200000,4296.76,4300.48,4280.00,4290.33,74534.454
1757296800000,4290.32,4307.44,4276.21,4306.97,111788.582
1757300400000,4306.97,4329.50,4301.92,4310.00,129096.697
1757304000000,4310.00,4312.37,4293.05,4295.61,75062.933
1757307600000,4295.61,4302.69,4287.10,4294.90,65242.616
1757311200000,4294.89,4301.58,4287.00,4290.00,60056.327
1757314800000,4290.00,4310.00,4284.77,4289.82,111530.245
1757318400000,4289.82,4303.00,4285.78,4300.01,95520.007
1757322000000,4300.01,4334.48,4295.24,4317.70,244387.237
1757325600000,4317.70,4336.82,4313.34,4327.21,162261.563
1757329200000,4327.21,4328.41,4297.36,4310.47,192674.852
1757332800000,4310.46,4321.48,4303.61,4318.79,82241.442
1757336400000,4318.80,4362.02,4313.00,4318.15,431875.107
1757340000000,4318.14,4358.00,4312.22,4349.20,231987.848
1757343600000,4349.19,4382.75,4342.56,4369.82,276403.598
1757347200000,4369.82,4371.88,4332.33,4337.53,197943.475
1757350800000,4337.53,4341.22,4297.52,4309.27,236048.369
1757354400000,4309.26,4333.99,4307.71,4327.58,96957.481
1757358000000,4327.58,4327.58,4282.00,4291.27,177178.549
1757361600000,4291.28,4299.93,4280.22,4296.62,120941.181
1757365200000,4296.62,4320.33,4292.53,4320.01,78570.295
1757368800000,4320.01,4331.00,4305.62,4309.26,109605.035
1757372400000,4309.26,4318.52,4294.36,4303.98,72122.317
1757376000000,4303.97,4313.91,4286.77,4299.61,103992.404
1757379600000,4299.60,4306.16,4280.00,4284.95,115193.860
1757383200000,4284.96,4293.48,4275.00,4288.47,112106.135
1757386800000,4288.47,4307.12,4286.05,4304.98,89383.038
1757390400000,4304.99,4315.99,4301.33,4311.76,81048.202
1757394000000,4311.77,4319.40,4300.03,4316.99,61224.389
1757397600000,4317.00,4374.00,4313.20,4363.99,359956.565
1757401200000,4363.99,4380.77,4345.00,4360.43,261708.702
1757404800000,4360.42,4366.33,4341.72,4358.35,147384.385
1757408400000,4358.34,4365.00,4350.79,4355.56,68691.722
1757412000000,4355.57,4361.94,4340.00,4346.74,105173.347
1757415600000,4346.75,4354.67,4342.53,4345.83,68329.924
1757419200000,4345.83,4366.43,4326.47,4343.70,201583.692
1757422800000,4343.69,4359.12,4320.90,4345.00,256142.130
1757426400000,4344.99,4360.50,4283.00,4303.57,628583.144
1757430000000,4303.57,4307.31,4275.00,4282.64,285005.659
1757433600000,4282.64,4295.79,4276.00,4286.30,137608.581
1757437200000,4286.31,4294.99,4278.00,4284.42,86455.605
1757440800000,4284.41,4292.00,4278.83,4284.63,62918.709
1757444400000,4284.63,4297.99,4283.22,4292.55,55020.776
1757448000000,4292.55,4304.00,4279.00,4302.98,67482.744
1757451600000,4302.98,4318.71,4292.41,4300.75,75526.043
1757455200000,4300.76,4317.27,4297.00,4316.95,49328.542
1757458800000,4316.94,4317.29,4300.99,4308.40,43711.317
1757462400000,4308.41,4313.43,4283.00,4284.00,94728.577
1757466000000,4284.01,4313.14,4283.63,4300.76,97008.077
1757469600000,4300.75,4325.53,4300.75,4315.72,111404.476
1757473200000,4315.72,4322.41,4304.83,4318.84,71313.380
1757476800000,4318.83,4318.84,4306.02,4310.32,55389.022
1757480400000,4310.33,4316.61,4292.66,4306.33,96654.906
1757484000000,4306.32,4317.21,4295.39,4311.61,72235.207
1757487600000,4311.61,4332.25,4310.00,4327.66,123336.857
1757491200000,4327.67,4333.01,4321.32,4330.01,116131.539
1757494800000,4330.00,4331.00,4305.57,4322.87,96852.879
1757498400000,4322.87,4331.00,4314.42,4325.23,76803.137
1757502000000,4325.23,4331.30,4320.13,4329.58,58820.943
1757505600000,4329.58,4395.00,4328.00,4369.27,598659.388
1757509200000,4369.27,4440.00,4355.41,4416.72,618542.170
1757512800000,4416.73,4453.56,4396.03,4399.42,441111.086
1757516400000,4399.42,4423.49,4394.02,4403.50,197677.529
1757520000000,4403.49,4407.35,4358.33,4383.99,285861.358
1757523600000,4383.99,4395.65,4339.56,4364.53,308107.674
1757527200000,4364.52,4372.08,4324.61,4339.59,246679.051
1757530800000,4339.59,4340.72,4297.01,4320.26,310994.945
1757534400000,4320.26,4333.31,4318.33,4327.88,95743.353
1757538000000,4327.89,4352.89,4326.31,4347.72,90558.936
1757541600000,4347.73,4354.69,4335.09,4344.00,92384.707
1757545200000,4343.99,4353.82,4336.59,4347.83,75224.277
1757548800000,4347.83,4358.75,4336.80,4357.50,77180.531
1757552400000,4357.49,4381.48,4352.53,4363.69,117085.541
1757556000000,4363.69,4383.99,4360.00,4374.78,99156.485
1757559600000,4374.78,4407.00,4370.81,4402.00,135752.889
1757563200000,4402.01,4417.45,4393.66,4409.99,164696.120
1757566800000,4409.99,4425.00,4396.72,4417.26,162120.784
1757570400000,4417.27,4442.00,4405.00,4438.47,212930.090
1757574000000,4438.47,4450.27,4424.59,4439.00,210836.546
1757577600000,4439.00,4441.67,4426.00,4429.96,100057.277
1757581200000,4429.97,4433.41,4404.77,4415.01,175011.163
1757584800000,4415.02,4429.20,4413.35,4426.38,89465.911
1757588400000,4426.38,4437.69,4421.24,4428.06,108154.927
1757592000000,4428.06,4483.44,4328.88,4424.45,969558.067
1757595600000,4424.44,4441.35,4381.11,4435.77,464508.475
1757599200000,4435.78,4436.99,4394.01,4425.01,267634.197
1757602800000,4425.02,4430.50,4398.24,4410.41,142695.671
1757606400000,4410.40,4424.48,4405.00,4415.89,88797.031
1757610000000,4415.88,4440.00,4411.57,4431.61,110451.579
1757613600000,4431.62,4435.45,4406.25,4417.98,100560.952
1757617200000,4417.99,4429.00,4411.00,4422.31,63386.065
1757620800000,4422.36,4425.54,4413.16,4415.51,35843.619
1757624400000,4415.51,4429.46,4413.52,4427.07,37018.421
1757628000000,4427.07,4460.00,4422.22,4451.38,201569.660
1757631600000,4451.37,4467.85,4449.22,4456.86,101358.636
1757635200000,4456.87,4538.60,4448.35,4510.81,460569.663
1757638800000,4510.82,4531.72,4492.17,4496.57,226374.036
1757642400000,4496.57,4523.12,4494.44,4505.58,135206.965
1757646000000,4505.59,4507.29,4486.05,4503.61,114785.182
1757649600000,4503.61,4523.00,4498.08,4519.25,105982.701
1757653200000,4519.25,4557.59,4512.23,4556.60,192048.814
1757656800000,4556.61,4562.00,4530.09,4537.50,160103.739
1757660400000,4537.50,4549.73,4522.65,4524.39,125954.207
1757664000000,4524.39,4532.25,4511.81,4516.29,123863.779
1757667600000,4516.28,4526.99,4502.30,4513.70,121671.675
1757671200000,4513.69,4522.52,4505.81,4515.12,78422.239
1757674800000,4515.12,4534.76,4511.91,4519.32,106782.476
1757678400000,4519.32,4529.38,4501.66,4524.97,118778.523
1757682000000,4524.96,4542.00,4505.44,4537.98,158805.398
1757685600000,4537.98,4570.00,4522.00,4545.16,393811.262
1757689200000,4545.16,4549.95,4526.30,4540.16,113278.480
1757692800000,4540.15,4574.76,4531.76,4573.66,188993.672
1757696400000,4573.66,4627.00,4562.61,4611.34,384218.150
1757700000000,4611.34,4625.49,4597.26,4622.48,162126.865
1757703600000,4622.49,4658.80,4611.81,4656.00,267674.878
1757707200000,4656.00,4691.25,4628.05,4668.37,350664.921
1757710800000,4668.37,4670.02,4642.60,4648.50,163126.901
1757714400000,4648.51,4750.00,4648.50,4693.35,365884.288
1757718000000,4693.35,4715.00,4670.35,4710.83,200072.390
1757721600000,4710.82,4718.19,4695.30,4703.43,96818.750
1757725200000,4703.44,4733.81,4698.15,4698.32,156605.293
1757728800000,4698.32,4713.00,4690.40,4701.25,82030.709
1757732400000,4701.25,4768.00,4700.05,4754.75,252300.351
1757736000000,4754.76,4755.20,4732.42,4740.37,122601.236
1757739600000,4740.37,4740.95,4715.38,4721.50,145879.326
1757743200000,4721.51,4729.45,4699.03,4708.79,142811.902
1757746800000,4708.79,4721.56,4705.01,4709.69,67379.815
1757750400000,4709.70,4729.48,4709.69,4728.00,61416.001
1757754000000,4728.01,4732.00,4718.76,4730.46,61469.118
1757757600000,4730.47,4738.33,4707.70,4716.12,91613.379
1757761200000,4716.12,4723.44,4706.70,4717.86,60363.101
1757764800000,4717.86,4729.48,4712.53,4718.81,55273.959
1757768400000,4718.81,4724.27,4650.00,4684.00,296789.264
1757772000000,4684.00,4707.19,4664.28,4687.04,229645.702
1757775600000,4687.04,4704.00,4635.00,4651.44,307266.255
1757779200000,4651.44,4665.02,4613.07,4621.38,356433.386
1757782800000,4621.38,4640.50,4603.00,4631.48,200638.121
1757786400000,4631.48,4649.10,4622.40,4640.55,97821.620
1757790000000,4640.56,4647.24,4632.45,4635.85,60748.043
1757793600000,4635.84,4660.00,4634.87,4655.19,87803.366
1757797200000,4655.19,4665.00,4654.30,4661.05,44151.670
1757800800000,4661.06,4663.37,4645.34,4656.46,38576.954
1757804400000,4656.46,4670.94,4653.79,4664.74,55250.494
1757808000000,4664.74,4678.98,4657.39,4668.26,78598.197
1757811600000,4668.27,4676.87,4648.33,4671.36,73260.858
1757815200000,4671.37,4691.30,4668.71,4681.62,78750.434
1757818800000,4681.63,4685.00,4658.65,4661.00,71202.751
1757822400000,4661.01,4666.01,4630.82,4657.52,142080.217
1757826000000,4657.52,4678.12,4656.85,4674.24,49954.678
1757829600000,4674.23,4679.99,4658.00,4664.69,59547.547
1757833200000,4664.69,4666.40,4639.80,4648.81,60249.778
1757836800000,4648.81,4663.09,4643.71,4653.83,63785.479
1757840400000,4653.84,4672.61,4650.60,4663.72,74937.770
1757844000000,4663.73,4668.00,4654.56,4657.89,39104.424
1757847600000,4657.88,4666.04,4623.96,4632.87,152041.677
1757851200000,4632.88,4642.94,4612.20,4630.59,150804.131
1757854800000,4630.61,4633.22,4603.78,4610.63,165745.461
1757858400000,4610.63,4642.72,4576.00,4599.85,457745.334
1757862000000,4599.85,4603.30,4575.00,4580.22,170203.108
1757865600000,4580.22,4609.12,4577.50,4595.14,115966.013
1757869200000,4595.14,4628.00,4588.60,4618.38,106328.491
1757872800000,4618.37,4619.04,4598.53,4602.10,48014.415
1757876400000,4602.09,4623.92,4590.01,4613.96,69559.482
1757880000000,4613.95,4626.50,4612.05,4614.93,41764.609
1757883600000,4614.93,4635.00,4596.32,4628.51,83839.677
1757887200000,4628.51,4634.72,4608.66,4626.98,69741.754
1757890800000,4626.99,4628.40,4599.32,4602.00,88033.626
1757894400000,4602.00,4614.41,4585.57,4599.69,110977.207
1757898000000,4599.68,4621.82,4578.01,4616.23,138962.208
1757901600000,4616.23,4628.68,4608.61,4618.49,66908.209
1757905200000,4618.50,4641.81,4617.37,4634.46,82183.646
1757908800000,4634.46,4658.88,4634.45,4640.98,155327.245
1757912400000,4640.98,4663.12,4638.00,4660.48,100173.444
1757916000000,4660.48,4668.00,4615.00,4628.00,199847.324
1757919600000,4628.00,4640.50,4585.16,4594.94,262250.021
1757923200000,4594.94,4594.94,4506.00,4508.27,729495.334
1757926800000,4508.27,4533.99,4495.72,4524.50,339677.299
1757930400000,4524.50,4533.97,4505.18,4527.79,135685.938
1757934000000,4527.79,4537.82,4518.82,4528.25,101593.870
1757937600000,4528.25,4534.85,4506.33,4513.33,164311.575
1757941200000,4513.33,4540.14,4488.77,4513.51,365223.857
1757944800000,4513.51,4528.00,4495.93,4508.82,173747.807
1757948400000,4508.82,4519.34,4463.00,4497.46,399798.814
1757952000000,4497.46,4509.75,4477.22,4493.14,147513.460
1757955600000,4493.14,4508.26,4472.49,4507.52,100371.647
1757959200000,4507.51,4511.50,4484.29,4499.07,84237.226
1757962800000,4499.07,4512.32,4474.00,4491.80,111438.592
1757966400000,4491.79,4511.83,4486.04,4508.53,62119.716
1757970000000,4508.53,4526.40,4504.07,4522.05,64051.250
1757973600000,4522.04,4528.00,4506.98,4511.77,44774.888
1757977200000,4511.77,4526.00,4505.74,4521.54,35734.415
1757980800000,4521.54,4521.54,4502.40,4511.89,58994.097
1757984400000,4511.90,4536.31,4511.24,4515.73,97380.442
1757988000000,4515.74,4530.00,4510.96,4511.45,46576.622
1757991600000,4511.45,4530.00,4511.45,4518.97,47718.470
1757995200000,4518.97,4521.79,4485.02,4517.33,116209.516
1757998800000,4517.33,4531.62,4510.00,4527.36,94983.702
1758002400000,4527.37,4534.87,4490.97,4506.57,141842.887
1758006000000,4506.57,4513.88,4500.00,4510.65,57555.117
1758009600000,4510.64,4529.90,4496.40,4509.52,118750.573
1758013200000,4509.51,4515.00,4500.59,4509.37,47377.612
1758016800000,4509.37,4512.72,4491.00,4496.01,77411.408
1758020400000,4496.00,4504.97,4491.11,4499.39,67613.042
1758024000000,4499.40,4504.67,4493.20,4497.97,58272.390
1758027600000,4497.97,4510.81,4427.50,4471.49,536546.124
1758031200000,4471.49,4471.50,4421.01,4444.33,373228.087
1758034800000,4444.33,4468.64,4428.13,4465.74,194042.406
1758038400000,4465.73,4469.67,4444.49,4461.12,145170.033
1758042000000,4461.12,4508.77,4460.12,4484.27,364201.141
1758045600000,4484.27,4494.30,4463.84,4472.33,109249.826
1758049200000,4472.33,4492.84,4468.60,4488.96,65933.469
1758052800000,4488.96,4497.31,4481.01,4496.20,51192.674
1758056400000,4496.17,4509.00,4488.00,4505.83,66775.618
1758060000000,4505.83,4523.19,4498.04,4517.90,90438.898
1758063600000,4517.90,4521.55,4492.02,4499.41,82394.615
1758067200000,4499.41,4514.80,4490.50,4511.69,86403.589
1758070800000,4511.69,4518.00,4500.01,4511.89,56682.376
1758074400000,4511.89,4551.49,4505.24,4528.24,204388.273
1758078000000,4528.24,4528.71,4493.01,4495.23,131736.471
1758081600000,4495.23,4503.17,4461.38,4474.70,165082.159
1758085200000,4474.67,4516.77,4474.17,4512.39,149712.915
1758088800000,4512.39,4548.14,4501.49,4543.61,212891.891
1758092400000,4543.61,4554.09,4534.12,4542.33,143063.720
1758096000000,4542.33,4543.98,4495.84,4509.28,231253.070
1758099600000,4509.29,4509.29,4492.53,4493.08,88441.629
1758103200000,4493.09,4499.40,4477.00,4481.86,127691.629
1758106800000,4481.85,4496.14,4477.34,4489.22,88812.409
1758110400000,4489.23,4512.17,4481.23,4500.39,119441.393
1758114000000,4500.38,4510.50,4481.10,4494.09,136281.141
1758117600000,4494.09,4502.00,4465.00,4488.10,168200.901
1758121200000,4488.10,4497.34,4480.00,4487.65,87370.361
1758124800000,4487.64,4490.77,4468.39,4485.40,119783.921
1758128400000,4485.40,4532.16,4426.00,4426.00,338159.483
1758132000000,4426.00,4520.39,4404.08,4454.28,1220476.007
1758135600000,4454.29,4525.00,4451.34,4515.15,435105.076
1758139200000,4515.14,4539.60,4492.85,4499.60,212271.594
1758142800000,4499.59,4537.22,4483.92,4527.40,123172.060
1758146400000,4527.41,4600.00,4525.02,4585.15,267325.339
1758150000000,4585.15,4615.26,4579.31,4588.30,210759.746
1758153600000,4588.31,4607.26,4580.41,4582.64,135362.893
1758157200000,4582.63,4631.50,4577.69,4616.81,193165.299
1758160800000,4616.80,4618.16,4601.89,4611.71,82556.018
1758164400000,4611.70,4642.60,4606.66,4612.01,168224.792
1758168000000,4612.00,4618.00,4595.62,4609.49,108867.424
1758171600000,4609.48,4609.49,4583.00,4587.99,94665.898
1758175200000,4587.99,4592.17,4551.75,4569.34,221531.131
1758178800000,4569.33,4581.96,4569.33,4573.10,81014.171
1758182400000,4573.11,4606.49,4569.49,4599.66,137442.646
1758186000000,4599.65,4602.00,4588.05,4595.42,69719.632
1758189600000,4595.42,4598.80,4567.67,4572.53,97261.705
1758193200000,4572.53,4586.64,4566.05,4573.99,76002.821
1758196800000,4573.99,4585.66,4566.25,4568.52,82605.196
1758200400000,4568.51,4603.60,4555.17,4586.07,235037.543
1758204000000,4586.06,4623.00,4584.60,4594.24,265866.684
1758207600000,4594.25,4606.69,4585.00,4597.15,118366.432
1758211200000,4597.14,4634.84,4588.00,4619.48,206777.766
1758214800000,4619.47,4629.03,4594.10,4607.22,159663.439
1758218400000,4607.21,4620.91,4600.60,4616.17,65985.176
1758222000000,4616.18,4616.90,4578.00,4586.53,106416.781
1758225600000,4586.54,4603.90,4585.05,4602.96,45621.800
1758229200000,4602.96,4603.14,4589.07,4592.69,30113.805
1758232800000,4592.69,4600.00,4585.00,4589.06,48190.267
1758236400000,4589.06,4590.43,4568.40,4585.31,97934.372
1758240000000,4585.32,4611.00,4585.31,4607.48,83104.962
1758243600000,4607.48,4619.50,4596.50,4604.92,108850.649
1758247200000,4604.91,4613.69,4586.20,4586.88,67214.641
1758250800000,4586.88,4600.00,4539.13,4547.46,348662.767
1758254400000,4547.45,4557.06,4530.00,4555.86,210243.156
1758258000000,4555.85,4556.48,4525.26,4538.50,128168.954
1758261600000,4538.51,4540.50,4517.64,4521.84,118420.381
1758265200000,4521.84,4541.00,4515.65,4536.56,102171.195
1758268800000,4536.55,4546.78,4529.30,4531.96,66778.497
1758272400000,4531.97,4541.28,4512.96,4520.87,105201.826
1758276000000,4520.88,4530.95,4515.80,4525.28,74209.280
1758279600000,4525.28,4526.80,4505.23,4511.46,135077.210
1758283200000,4511.46,4519.58,4506.00,4516.29,85361.892
1758286800000,4516.29,4534.91,4507.77,4525.82,174100.133
1758290400000,4525.82,4542.00,4482.89,4493.16,387317.683
1758294000000,4493.16,4495.98,4442.30,4472.29,506305.016
1758297600000,4472.29,4486.78,4469.26,4478.91,104488.078
1758301200000,4478.91,4479.15,4455.16,4457.66,115871.095
1758304800000,4457.67,4460.52,4433.00,4446.67,170978.977
1758308400000,4446.66,4464.35,4438.89,4438.89,87944.742
1758312000000,4438.90,4462.72,4436.21,4457.41,70938.252
1758315600000,4457.41,4470.00,4448.10,4468.88,51969.753
1758319200000,4468.88,4476.26,4465.97,4466.20,38060.236
1758322800000,4466.21,4467.35,4443.27,4466.49,69899.155
1758326400000,4466.48,4473.69,4458.14,4473.69,48369.531
1758330000000,4473.68,4474.00,4455.49,4464.01,51852.766
1758333600000,4464.01,4467.66,4451.62,4463.58,40505.982
1758337200000,4463.58,4466.00,4457.12,4463.60,21888.819
1758340800000,4463.60,4474.74,4461.00,4472.27,39562.941
1758344400000,4472.27,4484.59,4463.96,4476.33,64550.638
1758348000000,4476.32,4476.33,4468.29,4470.93,23121.746
1758351600000,4470.94,4480.73,4466.52,4480.72,37505.020
1758355200000,4480.72,4480.72,4462.01,4463.00,45491.494
1758358800000,4462.99,4469.70,4453.21,4463.70,64706.946
1758362400000,4463.70,4474.78,4461.70,4461.73,33553.784
1758366000000,4461.73,4469.32,4461.32,4468.00,24379.780
1758369600000,4467.99,4469.23,4461.50,4463.94,25807.777
1758373200000,4463.94,4469.70,4461.50,4466.13,28997.833
1758376800000,4466.12,4498.86,4462.00,4485.45,130433.408
1758380400000,4485.44,4505.45,4484.66,4496.37,137596.656
1758384000000,4496.36,4506.75,4487.08,4500.09,69201.451
1758387600000,4500.09,4500.99,4467.27,4483.87,112855.476
1758391200000,4483.87,4485.00,4470.73,4472.79,64638.182
1758394800000,4472.79,4483.23,4468.95,4477.86,34983.411
1758398400000,4477.86,4485.45,4475.89,4481.77,21342.795
1758402000000,4481.78,4499.73,4481.77,4487.99,42252.811
1758405600000,4487.98,4492.82,4485.16,4491.38,22903.523
1758409200000,4491.39,4491.39,4477.00,4478.27,23594.206
1758412800000,4478.26,4487.68,4472.11,4484.94,36637.310
1758416400000,4484.95,4487.00,4476.08,4479.10,24064.471
1758420000000,4479.11,4486.29,4454.29,4476.53,110798.668
1758423600000,4476.53,4477.50,4470.57,4476.11,25390.244
1758427200000,4476.12,4476.72,4466.87,4469.96,22896.404
1758430800000,4469.96,4476.11,4464.34,4475.69,26702.222
1758434400000,4475.70,4491.39,4475.43,4482.90,65418.149
1758438000000,4482.90,4483.93,4473.70,4475.85,26696.504
1758441600000,4475.85,4477.76,4464.40,4467.26,43405.998
1758445200000,4467.27,4472.16,4440.07,4464.10,154386.503
1758448800000,4464.09,4467.18,4456.00,4456.47,40541.081
1758452400000,4456.47,4464.66,4453.55,4458.26,30070.954
1758456000000,4458.25,4471.93,4458.01,4465.15,41256.713
1758459600000,4465.16,4480.00,4463.70,4474.01,53782.822
1758463200000,4474.01,4482.50,4469.21,4470.67,53405.836
1758466800000,4470.67,4484.79,4470.00,4480.63,50451.556
1758470400000,4480.62,4487.80,4462.06,4474.67,102269.687
1758474000000,4474.67,4493.66,4465.00,4489.52,70640.840
1758477600000,4489.52,4495.28,4482.08,4495.28,55093.586
1758481200000,4495.27,4497.01,4474.60,4492.21,69785.343
1758484800000,4492.21,4492.92,4472.34,4472.36,29145.870
1758488400000,4472.36,4476.36,4464.59,4469.00,37906.621
1758492000000,4469.00,4475.90,4442.45,4463.02,108049.353
1758495600000,4463.02,4463.02,4440.01,4443.01,87458.837
1758499200000,4443.00,4454.01,4318.38,4333.45,703352.856
1758502800000,4333.44,4349.56,4323.58,4325.73,255657.989
1758506400000,4325.74,4338.30,4254.29,4286.02,464954.981
1758510000000,4286.02,4306.30,4285.20,4303.62,124572.822
1758513600000,4303.61,4308.77,4286.00,4288.00,96119.495
1758517200000,4288.00,4296.59,4210.00,4217.70,176083.844
1758520800000,4217.70,4224.69,4000.88,4190.00,1293421.296
1758524400000,4190.01,4226.41,4181.06,4191.45,363747.713
1758528000000,4191.46,4205.82,4183.60,4192.54,146544.871
1758531600000,4192.55,4195.49,4135.00,4149.60,342325.458
1758535200000,4149.59,4188.00,4136.74,4180.00,221664.204
1758538800000,4180.00,4189.60,4171.34,4179.53,110010.802
1758542400000,4179.54,4197.77,4166.41,4190.36,118343.706
1758546000000,4190.36,4215.25,4171.54,4205.03,243384.872
1758549600000,4205.04,4217.49,4180.71,4187.99,214310.108
1758553200000,4187.99,4194.49,4156.00,4165.82,226718.154
1758556800000,4165.83,4181.17,4158.20,4163.00,125565.991
1758560400000,4163.00,4177.92,4144.11,4162.65,181782.187
1758564000000,4162.64,4176.30,4153.60,4153.60,77511.419
1758567600000,4153.61,4164.40,4119.16,4133.39,251118.830
1758571200000,4133.39,4187.95,4132.27,4179.78,153489.201
1758574800000,4179.78,4196.75,4173.98,4195.94,65738.405
1758578400000,4195.95,4196.50,4181.92,4188.46,73579.762
1758582000000,4188.45,4207.33,4187.14,4196.86,70387.112
1758585600000,4196.87,4209.99,4188.00,4189.92,91249.722
1758589200000,4189.91,4197.74,4161.23,4162.23,135926.366
1758592800000,4162.23,4182.04,4138.83,4141.98,142324.321
1758596400000,4141.99,4196.12,4112.43,4186.49,361932.412
1758600000000,4186.49,4193.02,4152.25,4175.36,137905.931
1758603600000,4175.37,4192.96,4162.82,4181.08,106485.718
1758607200000,4181.08,4215.00,4176.29,4203.10,171026.878
1758610800000,4203.10,4210.60,4195.30,4203.23,95249.715
1758614400000,4203.24,4212.82,4192.15,4206.88,94896.230
1758618000000,4206.89,4230.06,4182.47,4189.92,197450.711
1758621600000,4189.92,4194.30,4183.38,4191.02,72943.789
1758625200000,4191.02,4193.61,4175.44,4189.68,79594.095
1758628800000,4189.69,4202.93,4181.70,4193.17,95770.904
1758632400000,4193.17,4208.00,4178.01,4185.41,137880.691
1758636000000,4185.41,4209.73,4161.10,4172.56,277087.368
1758639600000,4172.56,4202.47,4158.21,4178.80,194433.438
1758643200000,4178.80,4205.96,4161.72,4190.22,230088.861
1758646800000,4190.22,4192.11,4135.32,4147.10,233140.197
1758650400000,4147.10,4166.00,4144.06,4155.45,148310.077
1758654000000,4155.44,4181.88,4140.24,4151.37,174377.619
1758657600000,4151.36,4174.74,4137.08,4173.91,100930.275
1758661200000,4173.91,4189.49,4161.78,4181.31,87463.753
1758664800000,4181.29,4187.60,4166.76,4179.70,59273.847
1758668400000,4179.70,4183.43,4158.45,4162.25,65446.664
1758672000000,4162.25,4193.00,4156.01,4172.13,100121.354
1758675600000,4172.13,4191.75,4166.45,4187.76,55581.596
1758679200000,4187.77,4189.93,4158.00,4167.45,140942.149
1758682800000,4167.45,4172.26,4125.12,4145.40,240720.101
1758686400000,4145.41,4160.28,4070.00,4138.89,595650.117
1758690000000,4138.89,4174.00,4136.27,4170.58,107280.866
1758693600000,4170.58,4182.31,4165.01,4179.07,122543.857
1758697200000,4179.08,4182.72,4163.51,4173.43,75077.815
1758700800000,4173.43,4176.85,4166.02,4173.08,59554.761
1758704400000,4173.09,4183.13,4168.09,4181.12,55299.767
1758708000000,4181.12,4182.31,4162.00,4175.40,76493.765
1758711600000,4175.40,4197.06,4172.59,4179.96,136475.414
1758715200000,4179.96,4185.69,4168.79,4178.36,69324.247
1758718800000,4178.35,4183.85,4145.00,4148.50,218083.873
1758722400000,4148.49,4204.99,4147.84,4191.77,199208.098
1758726000000,4191.76,4195.98,4160.24,4163.82,162175.856
1758729600000,4163.82,4174.48,4152.22,4170.98,129828.338
1758733200000,4170.97,4192.00,4163.64,4181.34,98959.543
1758736800000,4181.35,4182.22,4163.77,4170.08,71931.589
1758740400000,4170.08,4172.51,4152.67,4158.95,64497.619
1758744000000,4158.95,4166.85,4145.79,4163.06,61487.864
1758747600000,4163.06,4169.60,4126.01,4142.89,77331.646
1758751200000,4142.88,4161.76,4141.29,4151.98,74448.234
1758754800000,4151.98,4160.00,4142.40,4150.51,54235.897
1758758400000,4150.51,4158.95,4120.00,4126.73,156843.028
1758762000000,4126.73,4134.49,4078.00,4099.74,414217.615
1758765600000,4099.74,4137.00,4060.00,4099.51,470678.788
1758769200000,4099.52,4101.00,4020.00,4059.76,476853.829
1758772800000,4059.76,4069.20,3961.00,4000.18,645009.492
1758776400000,4000.18,4038.60,3976.54,4023.00,298420.259
1758780000000,4023.00,4026.37,3992.00,3996.24,225021.506
1758783600000,3996.24,4020.00,3984.25,4006.94,175996.507
1758787200000,4006.94,4034.01,4001.16,4013.57,182873.390
1758790800000,4013.57,4052.05,4011.00,4023.39,261434.851
1758794400000,4023.39,4041.54,4008.01,4012.19,122967.467
1758798000000,4012.19,4018.62,3988.35,4000.93,185270.265
1758801600000,4000.93,4015.00,3911.39,3977.19,641276.160
1758805200000,3977.19,4006.00,3943.61,3969.10,597487.237
1758808800000,3969.09,4021.75,3967.45,4012.01,373126.311
1758812400000,4012.00,4014.98,3977.01,4001.00,203635.529
1758816000000,4001.00,4004.77,3926.00,3938.16,409855.216
1758819600000,3938.17,3941.29,3822.00,3837.05,982702.817
1758823200000,3837.04,3924.52,3822.75,3923.72,616761.255
1758826800000,3923.71,3946.88,3905.12,3910.36,283468.124
1758830400000,3910.36,3918.09,3875.50,3884.57,221581.022
1758834000000,3884.57,3916.69,3879.32,3903.60,140588.968
1758837600000,3903.60,3936.00,3880.00,3891.24,139549.945
1758841200000,3891.24,3904.35,3848.00,3873.10,226400.160
1758844800000,3873.10,3937.85,3866.00,3930.78,249700.047
1758848400000,3930.78,3957.00,3918.97,3947.20,206536.279
1758852000000,3947.21,3970.00,3940.00,3957.47,149206.081
1758855600000,3957.46,3967.71,3943.00,3964.00,94791.709
1758859200000,3963.99,3975.99,3937.23,3944.30,143763.195
1758862800000,3944.30,3961.76,3917.03,3919.61,165947.982
1758866400000,3919.62,3947.03,3906.29,3919.00,193010.428
1758870000000,3919.00,3946.59,3905.13,3936.60,250408.062
1758873600000,3936.61,3943.31,3923.51,3932.28,116147.841
1758877200000,3932.29,3938.57,3891.66,3913.54,139860.472
1758880800000,3913.53,3915.00,3871.98,3886.42,221605.198
1758884400000,3886.42,3914.71,3871.00,3903.90,155194.235
1758888000000,3903.89,3961.00,3873.41,3935.34,397213.945
1758891600000,3935.34,3985.00,3904.31,3968.87,442471.990
1758895200000,3968.86,3977.00,3919.96,3929.64,277229.243
1758898800000,3929.64,3960.79,3927.09,3944.42,143045.192
1758902400000,3944.41,3993.60,3941.00,3988.33,213593.699
1758906000000,3988.33,4044.00,3975.25,4042.26,343186.655
1758909600000,4042.26,4066.39,4033.84,4041.60,275358.945
1758913200000,4041.60,4043.37,4005.11,4021.40,233601.841
1758916800000,4021.40,4027.95,4006.50,4007.39,92214.905
1758920400000,4007.40,4023.94,4002.64,4021.37,68391.592
1758924000000,4021.37,4038.00,4017.36,4024.56,101201.698
1758927600000,4024.57,4035.60,4013.00,4030.17,67316.501
1758931200000,4030.17,4031.20,4014.99,4025.02,54022.971
1758934800000,4025.01,4027.50,4001.80,4016.69,59455.855
1758938400000,4016.70,4021.00,4008.00,4010.84,43082.834
1758942000000,4010.84,4027.84,4007.85,4017.20,58167.835
1758945600000,4017.21,4026.40,4012.80,4020.00,32728.180
1758949200000,4020.01,4020.01,4010.12,4018.05,33371.634
1758952800000,4018.05,4018.45,4010.50,4017.18,27904.901
1758956400000,4017.18,4020.58,4004.01,4005.99,56308.940
1758960000000,4006.00,4006.00,3981.01,3984.40,162197.242
1758963600000,3984.39,3996.43,3971.45,3993.59,131026.940
1758967200000,3993.58,4017.00,3987.40,4007.65,133999.332
1758970800000,4007.66,4011.80,3997.57,4000.86,64525.146
1758974400000,4000.87,4038.62,3992.95,4027.20,171634.176
1758978000000,4027.20,4030.61,4013.87,4018.41,71238.108
1758981600000,4018.41,4024.94,4007.34,4013.05,55359.939
1758985200000,4013.05,4020.49,3997.52,4017.20,97879.792
1758988800000,4017.21,4018.27,4002.33,4005.98,51839.088
1758992400000,4005.99,4006.17,3979.60,4000.01,185176.986
1758996000000,4000.00,4002.66,3984.89,3994.70,48663.475
1758999600000,3994.70,4001.69,3989.59,4000.66,35561.071
1759003200000,4000.66,4008.90,3998.62,4005.20,31647.722
1759006800000,4005.19,4019.75,4004.71,4013.32,29506.748
1759010400000,4013.31,4031.99,4012.50,4021.00,77372.080
1759014000000,4021.00,4025.69,4011.88,4017.01,50419.144
1759017600000,4017.01,4030.55,4003.85,4014.72,82981.037
1759021200000,4014.72,4016.40,3992.09,3995.01,100030.061
1759024800000,3995.00,4009.00,3993.80,3999.45,80424.691
1759028400000,3999.45,4008.50,3995.00,4000.58,35884.356
1759032000000,4000.57,4003.80,3994.55,4003.17,37020.767
1759035600000,4003.17,4018.50,4001.28,4008.99,47783.587
1759039200000,4009.00,4015.39,3995.00,4004.41,77867.493
1759042800000,4004.41,4014.75,4000.40,4013.00,49259.027
1759046400000,4013.01,4014.75,3998.18,4000.15,52428.604
1759050000000,4000.15,4004.68,3986.60,3993.77,91844.998
1759053600000,3993.77,3998.44,3982.45,3994.45,64959.797
1759057200000,3994.44,3995.19,3982.70,3990.72,63409.078
1759060800000,3990.73,3991.19,3963.10,3976.00,147872.672
1759064400000,3976.01,4022.82,3975.66,4011.74,198793.135
1759068000000,4011.75,4027.06,4006.65,4023.01,135657.835
1759071600000,4023.01,4027.87,4013.90,4019.91,96953.030
1759075200000,4019.92,4054.66,4019.91,4031.85,177121.743
1759078800000,4031.86,4049.98,4022.10,4038.01,152598.601
1759082400000,4038.00,4043.60,4033.38,4040.73,40327.578
1759086000000,4040.74,4044.87,4031.00,4037.43,34920.619
1759089600000,4037.44,4066.16,4033.76,4049.60,112781.401
1759093200000,4049.60,4060.59,4040.14,4048.29,44383.361
1759096800000,4048.29,4139.00,4048.25,4130.47,441448.997
1759100400000,4130.47,4143.05,4118.44,4139.55,148077.831
1759104000000,4139.54,4143.99,4120.69,4125.45,157308.891
1759107600000,4125.44,4135.84,4110.11,4112.67,111991.657
1759111200000,4112.66,4126.50,4105.45,4110.14,101048.276
1759114800000,4110.14,4119.68,4101.30,4119.68,79833.748
1759118400000,4119.67,4122.00,4111.38,4117.48,54063.880
1759122000000,4117.48,4118.76,4101.71,4112.40,67499.969
1759125600000,4112.40,4113.09,4093.39,4095.37,80478.181
1759129200000,4095.37,4111.35,4086.23,4106.60,85797.222
1759132800000,4106.60,4135.00,4106.24,4120.19,142198.976
1759136400000,4120.20,4138.00,4117.00,4132.79,122767.927
1759140000000,4132.78,4136.49,4112.10,4114.38,84760.356
1759143600000,4114.38,4115.30,4091.80,4100.88,130026.794
1759147200000,4100.88,4128.00,4090.60,4095.87,162159.395
1759150800000,4095.87,4184.40,4080.00,4166.99,570191.936
1759154400000,4166.98,4202.69,4156.99,4186.05,479667.193
1759158000000,4186.06,4197.27,4149.38,4162.72,261420.358
1759161600000,4162.71,4172.83,4137.10,4140.00,181889.165
1759165200000,4140.00,4156.95,4125.21,4153.14,184089.100
1759168800000,4153.14,4161.19,4140.00,4160.00,75108.564
1759172400000,4159.99,4192.00,4157.70,4185.94,158663.005
1759176000000,4185.94,4232.78,4179.41,4224.86,239801.041
1759179600000,4224.86,4234.27,4209.26,4222.17,83400.728
1759183200000,4222.17,4229.00,4211.62,4224.10,87601.471
1759186800000,4224.11,4228.24,4210.95,4212.98,79628.853
1759190400000,4212.99,4246.87,4192.17,4203.72,266445.790
1759194000000,4203.71,4225.72,4187.79,4200.71,151459.278
1759197600000,4200.72,4208.85,4194.20,4196.50,71622.560
1759201200000,4196.49,4205.53,4185.26,4196.16,71312.327
1759204800000,4196.17,4198.71,4186.38,4186.62,49674.929
1759208400000,4186.62,4192.59,4167.22,4182.43,139722.327
1759212000000,4182.44,4201.13,4177.50,4188.06,108796.980
1759215600000,4188.07,4206.17,4172.00,4180.99,117216.363
1759219200000,4180.99,4182.00,4162.12,4167.33,115080.334
1759222800000,4167.33,4175.54,4131.67,4139.25,220473.548
1759226400000,4139.25,4163.69,4132.96,4156.17,148799.751
1759230000000,4156.17,4168.29,4145.69,4162.78,100889.132
1759233600000,4162.78,4174.00,4152.54,4156.16,81331.969
1759237200000,4156.15,4173.58,4138.77,4152.30,172780.357
1759240800000,4152.29,4159.00,4115.99,4147.05,316417.987
1759244400000,4147.05,4148.00,4091.51,4118.09,334423.601
1759248000000,4118.09,4125.56,4091.00,4097.86,154058.447
1759251600000,4097.87,4109.44,4092.15,4099.52,133626.625
1759255200000,4099.52,4117.13,4091.61,4114.89,86905.280
1759258800000,4114.88,4170.00,4106.81,4158.48,216375.675
1759262400000,4158.48,4196.00,4146.66,4194.12,171788.368
1759266000000,4194.12,4199.89,4149.76,4150.23,186061.569
1759269600000,4150.22,4169.19,4128.00,4137.67,139818.488
1759273200000,4137.68,4144.01,4113.04,4142.75,137811.257
1759276800000,4142.75,4150.00,4120.61,4146.65,103545.946
1759280400000,4146.65,4172.47,4139.94,4168.68,119141.056
1759284000000,4168.68,4168.93,4150.00,4150.99,80770.685
1759287600000,4151.00,4151.97,4126.05,4126.84,123666.298
1759291200000,4126.84,4155.00,4124.35,4138.47,102205.863
1759294800000,4138.47,4155.93,4137.79,4142.37,67623.710
1759298400000,4142.36,4145.38,4121.33,4124.64,105180.067
1759302000000,4124.65,4146.33,4123.00,4143.99,70646.994
1759305600000,4143.98,4329.00,4141.37,4289.99,1061676.000
1759309200000,4289.99,4317.11,4277.42,4308.43,377182.720
1759312800000,4308.44,4310.98,4277.31,4280.40,162903.034
1759316400000,4280.40,4303.26,4280.40,4295.88,113754.723
1759320000000,4295.88,4312.34,4276.23,4282.37,188717.565
1759323600000,4282.37,4301.00,4277.20,4293.58,167448.731
1759327200000,4293.58,4337.99,4289.00,4321.58,372116.818
1759330800000,4321.58,4343.29,4311.67,4325.01,183426.127
1759334400000,4325.01,4337.92,4315.60,4322.64,156309.744
1759338000000,4322.64,4331.60,4286.00,4291.55,184493.355
1759341600000,4291.55,4316.80,4289.93,4306.17,100834.595
1759345200000,4306.16,4338.04,4303.46,4332.24,135830.228
1759348800000,4332.23,4335.35,4310.81,4332.99,133190.709
1759352400000,4333.00,4333.47,4284.55,4302.52,115502.779
1759356000000,4302.52,4327.45,4302.52,4310.55,67452.330
1759359600000,4310.54,4356.07,4308.01,4345.85,142885.280
1759363200000,4345.85,4378.00,4331.08,4333.16,306245.055
1759366800000,4333.17,4397.40,4330.11,4390.86,201192.018
1759370400000,4390.86,4397.56,4363.75,4383.68,200627.586
1759374000000,4383.69,4397.73,4369.17,4374.99,142648.371
1759377600000,4375.00,4383.74,4356.01,4370.90,119923.951
1759381200000,4370.90,4396.18,4368.49,4381.85,90387.322
1759384800000,4381.84,4422.30,4371.87,4401.53,318430.907
1759388400000,4401.52,4407.67,4368.36,4373.65,113860.961
1759392000000,4373.65,4392.31,4366.34,4385.68,99796.840
1759395600000,4385.68,4394.37,4376.00,4389.36,53806.496
1759399200000,4389.36,4393.93,4372.80,4378.03,66228.324
1759402800000,4378.02,4392.55,4370.64,4377.24,70709.752
1759406400000,4377.24,4406.03,4374.00,4403.81,124917.038
1759410000000,4403.81,4416.96,4377.00,4414.97,274504.330
1759413600000,4414.97,4418.88,4364.58,4372.55,315025.609
1759417200000,4372.54,4441.67,4332.23,4435.49,565202.547
1759420800000,4435.50,4469.00,4423.33,4446.61,406003.975
1759424400000,4446.61,4476.78,4436.73,4464.17,201548.085
1759428000000,4464.18,4495.71,4463.47,4485.01,188443.604
1759431600000,4485.00,4516.65,4481.69,4493.06,222207.964
1759435200000,4493.07,4495.36,4465.71,4488.99,112244.754
1759438800000,4489.00,4494.76,4465.62,4466.66,68191.035
1759442400000,4466.66,4483.13,4453.46,4461.86,127899.159
1759446000000,4461.85,4485.31,4460.52,4481.70,81620.561
1759449600000,4481.70,4481.71,4463.20,4466.48,63308.172
1759453200000,4466.49,4477.90,4459.01,4469.64,102605.179
1759456800000,4469.64,4514.51,4469.08,4508.00,174622.097
1759460400000,4508.00,4559.00,4487.53,4498.96,324774.572
1759464000000,4498.97,4509.25,4475.00,4494.98,119477.698
1759467600000,4494.88,4499.72,4464.28,4474.70,131440.415
1759471200000,4474.69,4484.11,4456.13,4470.10,104985.058
1759474800000,4470.10,4474.82,4451.46,4460.84,116942.602
1759478400000,4460.84,4465.78,4426.00,4464.55,218858.786
1759482000000,4464.56,4479.84,4454.00,4471.75,122882.167
1759485600000,4471.75,4493.08,4465.56,4487.34,90509.718
1759489200000,4487.34,4488.00,4463.50,4476.20,98714.048
1759492800000,4476.20,4490.45,4470.84,4480.59,76255.714
1759496400000,4480.58,4502.99,4446.18,4468.51,225687.795
1759500000000,4468.51,4488.14,4433.64,4480.92,261000.814
1759503600000,4480.91,4540.77,4455.51,4533.20,299122.062
1759507200000,4533.20,4590.83,4518.03,4523.25,573538.911
1759510800000,4523.24,4524.70,4451.51,4469.53,660273.219
1759514400000,4469.56,4510.00,4446.90,4509.82,214896.771
1759518000000,4509.82,4544.01,4500.79,4517.65,176824.539
1759521600000,4517.66,4541.21,4491.37,4533.38,112624.572
1759525200000,4533.39,4535.81,4512.22,4521.10,61506.897
1759528800000,4521.11,4533.00,4521.10,4526.41,37108.973
1759532400000,4526.41,4527.27,4505.01,4511.11,53367.293
1759536000000,4511.12,4515.48,4493.05,4499.99,85338.595
1759539600000,4500.00,4500.77,4466.00,4478.27,114073.825
1759543200000,4478.27,4488.00,4460.00,4482.66,100301.644
1759546800000,4482.66,4486.59,4467.99,4484.48,58809.702
1759550400000,4484.48,4497.39,4477.07,4491.62,53144.677
1759554000000,4491.62,4508.91,4490.00,4501.61,80523.867
1759557600000,4501.60,4515.80,4500.18,4504.99,66804.336
1759561200000,4504.99,4512.60,4491.68,4496.23,71443.040
1759564800000,4496.24,4501.11,4480.20,4487.28,83722.023
1759568400000,4487.29,4501.21,4480.94,4487.63,56841.312
1759572000000,4487.63,4502.45,4481.10,4485.74,59662.796
1759575600000,4485.73,4493.66,4478.01,4482.43,43032.734
1759579200000,4482.42,4487.52,4473.91,4478.04,57744.901
1759582800000,4478.05,4507.66,4477.03,4497.85,107660.779
1759586400000,4497.86,4509.89,4467.02,4468.26,118114.935
1759590000000,4468.26,4481.49,4438.80,4453.13,283107.151
1759593600000,4453.14,4466.06,4438.00,4465.21,128567.006
1759597200000,4465.20,4475.04,4450.89,4462.18,76237.895
1759600800000,4462.19,4465.77,4448.55,4453.37,46522.102
1759604400000,4453.36,4467.00,4453.36,4465.39,30097.542
1759608000000,4465.40,4483.82,4465.40,4473.00,52133.694
1759611600000,4473.00,4492.42,4473.00,4482.50,51463.342
1759615200000,4482.50,4492.41,4477.85,4487.16,38386.019
1759618800000,4487.17,4488.00,4480.00,4484.79,23807.451
1759622400000,4484.79,4492.04,4465.01,4469.59,54235.345
1759626000000,4469.59,4487.34,4468.85,4485.96,43574.848
1759629600000,4485.96,4550.09,4477.71,4547.51,394388.875
1759633200000,4547.50,4575.14,4525.68,4530.11,312771.358
1759636800000,4530.10,4587.99,4526.70,4573.16,246094.285
1759640400000,4573.16,4584.56,4555.91,4568.08,145244.583
1759644000000,4568.08,4572.70,4550.00,4558.39,91309.401
1759647600000,4558.40,4614.19,4557.64,4604.91,224989.127
1759651200000,4604.91,4618.44,4582.64,4586.75,216743.883
1759654800000,4586.75,4589.42,4536.95,4548.52,303885.945
1759658400000,4548.53,4550.96,4521.61,4540.83,250694.071
1759662000000,4540.84,4554.99,4533.79,4549.08,96664.207
1759665600000,4549.09,4549.09,4528.00,4529.99,101730.581
1759669200000,4530.00,4542.30,4529.63,4536.97,63524.769
1759672800000,4536.98,4548.94,4528.75,4533.70,86045.279
1759676400000,4533.69,4542.52,4525.00,4530.61,62441.531
1759680000000,4530.60,4539.53,4488.24,4526.87,225337.218
1759683600000,4526.88,4536.48,4501.52,4510.21,113129.407
1759687200000,4510.21,4524.00,4495.00,4517.02,81001.140
1759690800000,4517.03,4517.61,4480.00,4485.33,99694.001
1759694400000,4485.32,4508.45,4470.74,4496.54,105259.593
1759698000000,4496.53,4507.08,4490.00,4503.51,38016.451
1759701600000,4503.51,4517.72,4499.00,4511.28,55933.185
1759705200000,4511.25,4522.22,4510.26,4512.34,63656.624
1759708800000,4512.35,4551.74,4486.05,4497.80,240413.054
1759712400000,4497.79,4540.93,4488.18,4526.03,158878.409
1759716000000,4526.03,4549.50,4503.59,4536.80,131901.878
1759719600000,4536.80,4541.20,4526.00,4534.90,51104.496
1759723200000,4534.90,4540.92,4520.06,4523.03,48778.590
1759726800000,4523.03,4528.44,4507.63,4526.23,76219.839
1759730400000,4526.23,4575.90,4525.45,4558.41,191595.992
1759734000000,4558.42,4576.58,4526.46,4530.98,159902.766
1759737600000,4530.99,4565.89,4530.99,4559.52,127381.141
1759741200000,4559.53,4575.95,4558.16,4571.17,87992.468
1759744800000,4571.16,4578.17,4556.02,4571.42,86997.125
1759748400000,4571.41,4593.25,4562.85,4569.54,137042.387
1759752000000,4569.54,4595.00,4568.00,4579.01,119733.625
1759755600000,4579.01,4637.00,4574.94,4636.81,440491.066
1759759200000,4636.81,4676.63,4628.92,4637.13,471856.240
1759762800000,4637.14,4692.91,4636.38,4671.24,295675.272
1759766400000,4671.24,4682.88,4657.56,4676.61,124850.531
1759770000000,4676.59,4718.00,4672.27,4694.31,300904.465
1759773600000,4694.30,4715.78,4677.67,4710.00,136492.895
1759777200000,4710.00,4732.38,4692.92,4720.86,191897.953
1759780800000,4720.85,4734.99,4684.00,4686.99,158999.362
1759784400000,4686.99,4696.00,4670.40,4691.77,112049.875
1759788000000,4691.78,4706.77,4680.01,4696.98,82210.253
1759791600000,4696.99,4703.60,4682.00,4682.43,55180.291
1759795200000,4682.42,4691.01,4670.26,4678.01,74890.040
1759798800000,4678.01,4697.99,4660.03,4674.24,101246.913
1759802400000,4674.25,4690.46,4666.91,4684.83,67861.820
1759806000000,4684.83,4694.50,4676.56,4688.73,65267.392
1759809600000,4688.74,4717.06,4677.08,4711.70,116197.211
1759813200000,4711.69,4730.65,4703.00,4709.41,132626.286
1759816800000,4709.42,4717.89,4663.48,4667.48,201957.674
1759820400000,4667.49,4681.47,4662.01,4676.83,115902.482
1759824000000,4676.84,4678.20,4636.00,4668.87,279233.441
1759827600000,4668.88,4682.00,4666.38,4678.64,84790.067
1759831200000,4678.65,4695.80,4671.46,4690.08,92579.707
1759834800000,4690.08,4712.12,4684.85,4706.44,112081.053
1759838400000,4706.44,4746.00,4693.27,4746.00,205781.338
1759842000000,4746.00,4754.00,4661.00,4702.00,620094.756
1759845600000,4702.00,4708.51,4588.08,4591.68,710859.820
1759849200000,4591.69,4604.65,4472.94,4510.30,1145235.104
1759852800000,4510.30,4522.33,4452.04,4497.23,633982.693
1759856400000,4497.23,4505.98,4466.24,4473.75,218114.347
1759860000000,4473.75,4482.00,4440.45,4462.53,277412.089
1759863600000,4462.53,4493.70,4457.10,4477.54,197982.527
1759867200000,4477.55,4514.66,4474.18,4507.37,134603.769
1759870800000,4507.37,4512.23,4477.72,4491.26,72664.932
1759874400000,4491.26,4504.18,4480.50,4495.67,51455.486
1759878000000,4495.67,4497.03,4422.44,4445.76,233635.725
1759881600000,4445.77,4478.86,4431.15,4469.30,168429.489
1759885200000,4469.30,4487.31,4455.70,4480.69,89305.379
1759888800000,4480.70,4497.05,4471.00,4479.01,102491.415
1759892400000,4479.00,4479.01,4430.54,4441.83,186550.533
1759896000000,4441.82,4464.17,4408.69,4459.98,216619.787
1759899600000,4459.98,4460.66,4418.58,4436.16,132342.774
1759903200000,4436.17,4457.00,4422.08,4453.46,85653.660
1759906800000,4453.46,4462.20,4440.04,4461.08,85097.039
1759910400000,4461.08,4494.38,4455.70,4473.13,196957.445
1759914000000,4473.12,4482.70,4469.00,4482.47,63749.307
1759917600000,4482.47,4502.97,4477.46,4497.68,117782.041
1759921200000,4497.69,4505.00,4480.40,4485.21,99059.716
1759924800000,4485.20,4494.77,4466.70,4476.34,109510.859
1759928400000,4476.34,4487.27,4436.16,4474.03,241055.259
1759932000000,4474.03,4522.00,4435.00,4448.00,447300.077
1759935600000,4447.99,4466.97,4434.59,4445.11,157470.262
1759939200000,4445.10,4497.95,4436.55,4494.55,233558.095
1759942800000,4494.54,4556.75,4487.72,4536.99,410351.353
1759946400000,4536.99,4542.80,4510.90,4521.42,191292.191
1759950000000,4521.41,4525.20,4495.01,4512.64,168655.827
1759953600000,4512.65,4524.00,4497.30,4501.44,73815.326
1759957200000,4501.44,4526.24,4499.71,4523.78,57988.798
1759960800000,4523.79,4537.73,4518.59,4519.40,56777.668
1759964400000,4519.40,4536.00,4506.62,4523.67,63269.152
1759968000000,4523.66,4529.15,4505.58,4509.01,72467.071
1759971600000,4509.01,4512.06,4460.23,4477.25,248288.034
1759975200000,4477.24,4479.78,4400.00,4410.76,303094.666
1759978800000,4410.76,4451.56,4410.00,4448.81,137882.585
1759982400000,4448.80,4456.60,4436.25,4452.85,81941.622
1759986000000,4452.85,4458.83,4435.41,4452.53,80921.590
1759989600000,4452.54,4452.67,4421.00,4426.81,142466.771
1759993200000,4426.81,4435.78,4408.00,4424.43,129395.971
1759996800000,4424.42,4425.17,4316.59,4326.26,704997.371
1760000400000,4326.26,4355.14,4323.83,4333.29,223141.752
1760004000000,4333.29,4356.65,4323.00,4352.46,169226.895
1760007600000,4352.45,4385.04,4352.03,4371.00,145854.109
1760011200000,4370.99,4411.46,4367.50,4402.00,222214.567
1760014800000,4402.00,4405.22,4345.61,4349.35,358037.845
1760018400000,4349.36,4373.32,4303.00,4343.67,458568.293
1760022000000,4343.67,4362.18,4290.00,4312.81,361416.903
1760025600000,4312.81,4326.25,4262.55,4275.42,385456.976
1760029200000,4275.43,4335.87,4267.21,4332.65,260980.537
1760032800000,4332.66,4339.12,4298.17,4306.17,176197.523
1760036400000,4306.17,4343.69,4305.40,4336.39,109501.983
1760040000000,4336.38,4346.00,4325.30,4335.06,79776.862
1760043600000,4335.05,4357.35,4333.61,4355.88,65908.097
1760047200000,4355.89,4381.42,4350.50,4375.84,108149.427
1760050800000,4375.85,4377.15,4355.33,4365.83,76683.206
1760054400000,4365.83,4382.55,4360.28,4378.92,86635.701
1760058000000,4378.92,4392.00,4368.92,4371.61,101298.331
1760061600000,4371.61,4378.92,4347.78,4357.73,122116.653
1760065200000,4357.74,4391.86,4340.61,4345.01,190463.862
1760068800000,4345.01,4360.70,4330.03,4342.59,116803.003
1760072400000,4342.60,4368.65,4325.18,4366.56,122872.259
1760076000000,4366.57,4376.00,4318.20,4325.66,150189.129
1760079600000,4325.66,4332.54,4312.53,4321.06,153076.710
1760083200000,4321.05,4347.98,4311.00,4343.92,95935.836
1760086800000,4343.91,4349.70,4315.79,4319.99,119710.649
1760090400000,4319.98,4343.84,4318.39,4340.59,64465.379
1760094000000,4340.59,4345.92,4326.38,4341.42,57104.282
1760097600000,4341.42,4350.72,4332.01,4346.42,70484.611
1760101200000,4346.43,4388.43,4342.80,4353.80,291947.426
1760104800000,4353.80,4373.70,4276.02,4277.71,383738.052
1760108400000,4277.70,4281.40,4067.44,4100.48,1855522.423
1760112000000,4100.49,4136.08,4083.32,4106.36,509414.722
1760115600000,4106.36,4110.53,4075.00,4092.01,305267.984
1760119200000,4092.01,4098.47,4051.60,4051.85,302318.479
1760122800000,4051.85,4062.57,3947.77,3994.99,1062387.145
1760126400000,3994.99,4022.18,3831.55,3864.76,980850.053
1760130000000,3864.76,3980.68,3400.00,3941.17,3548192.922
1760133600000,3941.17,3947.66,3820.00,3852.95,842804.872
1760137200000,3852.96,3911.12,3783.99,3819.99,483518.564
1760140800000,3820.00,3874.28,3800.10,3833.53,314586.226
1760144400000,3833.53,3836.28,3725.00,3732.11,390005.386
1760148000000,3732.10,3860.39,3728.18,3839.04,343608.149
1760151600000,3839.05,3845.97,3753.38,3789.56,238849.988
1760155200000,3789.55,3818.55,3778.23,3818.54,184050.831
1760158800000,3818.54,3831.02,3760.22,3786.88,193664.811
1760162400000,3786.89,3811.27,3770.01,3779.00,147634.559
1760166000000,3778.99,3783.88,3731.20,3757.27,315000.805
1760169600000,3757.27,3819.80,3746.62,3812.89,247418.662
1760173200000,3812.89,3845.98,3810.39,3827.52,206932.505
1760176800000,3827.53,3856.00,3816.01,3832.36,136428.953
1760180400000,3832.35,3841.14,3784.51,3838.68,193345.526
1760184000000,3838.67,3844.00,3804.15,3821.50,128355.995
1760187600000,3821.51,3836.99,3783.07,3830.21,204852.184
1760191200000,3830.21,3836.00,3795.43,3812.39,122729.266
1760194800000,3812.40,3853.43,3811.86,3822.58,197857.139
1760198400000,3822.58,3845.98,3807.00,3817.34,137447.625
1760202000000,3817.34,3839.61,3811.00,3823.19,86535.209
1760205600000,3823.19,3823.61,3808.62,3813.16,59899.272
1760209200000,3813.17,3814.09,3728.32,3758.00,350418.240
1760212800000,3758.00,3764.92,3658.00,3693.73,421141.136
1760216400000,3693.73,3742.42,3640.00,3734.34,341809.049
1760220000000,3734.34,3762.39,3722.86,3740.81,153493.392
1760223600000,3740.80,3750.51,3730.01,3744.99,99523.560
1760227200000,3744.99,3762.80,3692.96,3699.77,212990.893
1760230800000,3699.79,3738.60,3693.20,3717.46,201341.432
1760234400000,3717.45,3748.59,3705.03,3732.36,191320.987
1760238000000,3732.37,3819.33,3725.60,3779.99,347311.002
1760241600000,3779.99,3821.95,3774.08,3800.36,204575.476
1760245200000,3800.35,3815.43,3794.64,3804.25,120990.860
1760248800000,3804.24,3837.88,3801.69,3830.55,160848.243
1760252400000,3830.54,3842.18,3814.48,3825.25,243438.473
1760256000000,3825.26,3844.00,3818.81,3820.53,255035.799
1760259600000,3820.53,3847.37,3803.22,3841.39,285037.043
1760263200000,3841.39,3866.06,3812.88,3817.59,359146.206
1760266800000,3817.59,3831.93,3812.00,3818.14,223458.920
1760270400000,3818.13,3847.15,3816.28,3829.98,350543.029
1760274000000,3829.97,3832.80,3791.79,3808.15,499005.021
1760277600000,3808.15,4027.00,3806.05,3973.44,1270138.578
1760281200000,3973.35,4077.96,3963.24,4032.38,1087232.525
1760284800000,4032.37,4175.90,4032.37,4104.17,1029217.667
1760288400000,4104.17,4156.58,4096.00,4125.21,535622.108
1760292000000,4125.22,4144.99,4091.26,4107.07,289072.425
1760295600000,4107.07,4137.87,4105.71,4133.11,175994.955
1760299200000,4133.12,4200.00,4123.32,4134.72,400511.532
1760302800000,4134.71,4164.03,4077.59,4133.94,392958.388
1760306400000,4133.94,4153.59,4108.85,4132.99,367080.236
1760310000000,4132.99,4159.51,4106.56,4149.99,269395.592
1760313600000,4150.00,4184.12,4121.55,4136.94,435330.016
1760317200000,4136.95,4198.91,4124.00,4196.93,369318.524
1760320800000,4196.92,4219.43,4151.00,4157.00,283384.419
1760324400000,4156.99,4168.40,4130.67,4138.63,189005.454
1760328000000,4138.63,4145.25,4113.45,4140.24,211418.398
1760331600000,4140.23,4142.89,4121.05,4129.99,136294.978
1760335200000,4130.00,4181.23,4115.00,4168.56,280436.053
1760338800000,4168.56,4196.55,4157.05,4176.29,286535.439
1760342400000,4176.28,4193.89,4165.28,4173.51,204939.562
1760346000000,4173.52,4175.33,4140.07,4162.29,224048.802
1760349600000,4162.30,4165.35,4136.94,4149.70,184028.951
1760353200000,4149.70,4152.91,4034.12,4078.36,739566.976
1760356800000,4078.35,4132.81,4054.26,4095.90,452713.006
1760360400000,4095.90,4179.89,4090.42,4162.68,744922.800
1760364000000,4162.68,4174.95,4078.81,4093.80,587522.001
1760367600000,4093.79,4147.41,4091.79,4133.44,390194.946
1760371200000,4133.45,4173.57,4126.81,4163.52,426647.917
1760374800000,4163.52,4239.00,4155.00,4233.60,442407.766
1760378400000,4233.60,4238.55,4197.33,4226.31,336302.681
1760382000000,4226.31,4269.65,4221.39,4250.00,343305.956
1760385600000,4250.00,4291.93,4242.09,4285.03,208257.026
1760389200000,4285.03,4293.03,4253.00,4256.82,130480.986
1760392800000,4256.82,4274.90,4249.35,4269.45,125933.896
1760396400000,4269.45,4269.46,4232.98,4239.70,134419.987
1760400000000,4239.70,4262.00,4225.17,4240.28,151353.790
1760403600000,4240.27,4242.58,4200.80,4209.89,238898.952
1760407200000,4209.89,4210.60,4165.52,4170.41,244119.756
1760410800000,4170.41,4172.66,4135.00,4151.29,296178.928
1760414400000,4151.29,4158.44,4084.60,4097.95,347025.248
1760418000000,4097.95,4124.56,4053.43,4068.54,406414.842
1760421600000,4068.55,4090.31,3964.40,4001.62,707417.592
1760425200000,4001.62,4025.04,3966.05,3979.28,472102.285
1760428800000,3979.29,4009.99,3950.01,3994.68,447800.676
1760432400000,3994.67,4013.42,3968.38,3983.80,245301.954
1760436000000,3983.81,3984.88,3885.09,3940.78,612958.808
1760439600000,3940.78,3984.00,3939.61,3970.13,294609.545
1760443200000,3970.13,3972.42,3929.16,3939.41,284331.101
1760446800000,3939.41,3974.37,3890.13,3954.00,547443.113
1760450400000,3954.00,4016.06,3938.20,3967.68,576957.768
1760454000000,3967.68,4087.70,3948.19,4083.25,476523.486
1760457600000,4083.25,4163.25,4055.19,4094.23,701842.094
1760461200000,4094.22,4138.96,4042.83,4099.36,442624.192
1760464800000,4099.36,4136.40,4091.28,4118.84,171757.866
1760468400000,4118.85,4146.56,4046.01,4100.67,438336.154
1760472000000,4100.68,4124.77,4067.39,4116.03,159540.311
1760475600000,4116.03,4121.70,4090.51,4116.11,54740.585
1760479200000,4116.11,4140.23,4099.91,4116.62,78474.216
1760482800000,4116.63,4142.99,4115.05,4123.05,73260.012
1760486400000,4123.06,4130.88,4091.65,4117.73,148323.732
1760490000000,4117.74,4119.56,4080.58,4111.80,159981.604
1760493600000,4111.80,4144.49,4105.04,4116.55,140128.711
1760497200000,4116.54,4121.73,4059.00,4079.71,167588.269
1760500800000,4079.70,4122.90,4070.00,4114.60,125425.038
1760504400000,4114.59,4123.39,4091.28,4108.34,105381.037
1760508000000,4108.35,4122.00,4071.50,4116.64,190421.441
1760511600000,4116.64,4128.17,4101.78,4120.00,95191.962
1760515200000,4120.00,4216.12,4117.01,4180.13,386372.183
1760518800000,4180.13,4183.00,4136.48,4154.61,225167.856
1760522400000,4154.61,4156.03,4110.00,4116.65,213264.215
1760526000000,4116.66,4128.87,4085.00,4098.55,191519.866
1760529600000,4098.55,4106.09,4066.38,4092.93,194603.198
1760533200000,4092.93,4102.00,4016.00,4053.11,491046.011
1760536800000,4053.12,4103.58,3990.04,4007.86,475472.115
1760540400000,4007.87,4034.88,3957.47,3979.23,460745.338
1760544000000,3979.23,4001.32,3964.18,3974.61,230512.195
1760547600000,3974.61,3992.48,3926.81,3990.96,382501.035
1760551200000,3990.96,4011.56,3967.79,4005.43,205530.791
1760554800000,4005.42,4008.17,3969.06,3981.28,173972.127
1760558400000,3981.27,3994.79,3935.00,3960.00,218447.183
1760562000000,3960.00,3980.73,3925.00,3952.05,169193.032
1760565600000,3952.06,3979.40,3949.19,3959.68,122374.730
1760569200000,3959.68,3992.30,3951.81,3983.81,110080.341
1760572800000,3983.80,3996.21,3973.76,3979.96,99982.716
1760576400000,3979.96,4010.00,3978.00,4007.80,129364.484
1760580000000,4007.79,4035.00,3998.00,4029.43,191892.835
1760583600000,4029.43,4034.65,4009.04,4012.92,82330.081
1760587200000,4012.93,4029.39,3990.92,3997.15,113384.779
1760590800000,3997.15,4018.84,3976.96,3994.73,124009.109
1760594400000,3994.72,4050.00,3992.69,4039.98,155002.426
1760598000000,4039.99,4044.19,3992.45,4002.48,158662.117
1760601600000,4002.51,4005.95,3980.01,3992.62,106669.383
1760605200000,3992.63,4047.00,3937.30,4028.26,447652.077
1760608800000,4028.26,4077.54,4027.49,4047.21,252294.648
1760612400000,4047.20,4062.27,4031.38,4060.50,139540.373
1760616000000,4060.51,4089.34,4037.90,4052.53,173782.505
1760619600000,4052.52,4067.66,4001.36,4018.88,261962.121
1760623200000,4018.87,4058.00,3965.26,4013.83,517629.663
1760626800000,4013.83,4018.75,3890.00,3905.04,628803.944
1760630400000,3905.03,3966.29,3855.00,3962.79,695265.729
1760634000000,3962.80,3963.32,3914.05,3920.15,333729.418
1760637600000,3920.14,3920.71,3876.00,3903.53,304240.151
1760641200000,3903.54,3911.51,3850.00,3865.97,278646.284
1760644800000,3865.97,3879.87,3822.50,3849.67,225953.477
1760648400000,3849.67,3884.00,3838.02,3881.61,126845.894
1760652000000,3881.61,3887.33,3861.46,3863.25,82922.640
1760655600000,3863.25,3896.25,3858.88,3892.02,101133.925
1760659200000,3892.02,3925.79,3886.15,3925.79,127888.137
1760662800000,3925.80,3948.06,3904.00,3918.53,161125.154
1760666400000,3918.53,3929.52,3896.77,3921.00,106545.247
1760670000000,3921.00,3934.13,3917.30,3931.44,65580.143
1760673600000,3931.45,3934.73,3908.23,3910.97,71150.611
1760677200000,3910.97,3921.55,3891.83,3893.91,131339.377
1760680800000,3893.91,3905.28,3806.00,3818.75,429842.078
1760684400000,3818.74,3823.17,3751.00,3754.79,592468.571
1760688000000,3754.78,3768.73,3702.79,3707.37,645770.643
1760691600000,3707.37,3766.66,3695.00,3722.30,386637.107
1760695200000,3722.31,3737.13,3671.00,3723.90,491382.297
1760698800000,3723.88,3817.40,3718.97,3776.30,657421.171
1760702400000,3776.29,3809.66,3769.19,3773.70,190913.422
1760706000000,3773.69,3808.00,3738.00,3787.34,448982.300
1760709600000,3787.34,3796.83,3712.51,3749.10,560269.673
1760713200000,3749.09,3799.74,3742.60,3796.02,287852.527
1760716800000,3796.03,3844.05,3777.00,3786.64,434808.356
1760720400000,3786.65,3825.00,3778.08,3815.65,179866.796
1760724000000,3815.66,3848.00,3810.19,3833.82,164620.313
1760727600000,3833.83,3849.01,3812.52,3826.16,110098.252
1760731200000,3826.15,3862.68,3816.00,3855.57,117484.907
1760734800000,3855.95,3882.00,3851.26,3874.53,127099.892
1760738400000,3874.53,3880.83,3844.51,3852.37,96832.436
1760742000000,3852.37,3853.00,3826.97,3829.99,67736.454
1760745600000,3830.00,3842.53,3817.21,3838.50,94986.966
1760749200000,3838.49,3876.82,3837.90,3866.31,103040.664
1760752800000,3866.32,3880.63,3843.99,3849.51,99912.923
1760756400000,3849.50,3877.55,3847.79,3869.00,67276.632
1760760000000,3868.99,3869.00,3838.81,3842.14,96362.504
1760763600000,3842.15,3867.13,3840.60,3865.08,81355.181
1760767200000,3865.09,3874.80,3859.17,3870.69,62258.118
1760770800000,3870.68,3926.00,3870.19,3890.47,273153.844
1760774400000,3890.46,3903.80,3872.90,3874.55,84842.573
1760778000000,3874.54,3885.50,3863.17,3876.39,89613.244
1760781600000,3876.38,3892.73,3860.15,3874.76,90055.017
1760785200000,3874.75,3882.00,3866.99,3880.78,48221.521
1760788800000,3880.78,3892.50,3871.47,3881.44,53124.996
1760792400000,3881.44,3881.81,3853.41,3863.99,86193.811
1760796000000,3863.99,3880.33,3846.11,3872.34,101224.016
1760799600000,3872.33,3878.88,3862.14,3875.99,56939.835
1760803200000,3876.00,3881.00,3851.95,3863.99,83328.382
1760806800000,3864.00,3898.00,3857.00,3892.10,110874.931
1760810400000,3892.10,3897.90,3881.18,3886.82,46363.056
1760814000000,3886.81,3893.61,3881.00,3891.60,27436.033
1760817600000,3891.61,3907.92,3883.69,3884.01,72078.888
1760821200000,3884.00,3895.20,3867.32,3890.15,57896.870
1760824800000,3890.16,3893.43,3881.14,3884.01,23875.131
1760828400000,3884.00,3888.31,3878.87,3887.01,28369.962
1760832000000,3887.01,3890.61,3860.40,3867.08,77349.909
1760835600000,3867.09,3875.57,3853.53,3872.67,59886.265
1760839200000,3872.68,3874.10,3863.31,3871.49,32675.061
1760842800000,3871.50,3905.73,3866.93,3904.70,102250.332
1760846400000,3904.70,3907.06,3889.00,3901.48,65057.717
1760850000000,3901.48,3919.48,3892.00,3895.00,98862.803
1760853600000,3895.00,3899.10,3871.50,3879.36,93466.780
1760857200000,3879.36,3892.00,3875.16,3886.70,50100.023
1760860800000,3886.70,3960.00,3810.00,3861.22,550284.091
1760864400000,3861.23,3929.99,3847.00,3911.26,316648.123
1760868000000,3911.26,3948.39,3896.85,3929.58,208757.719
1760871600000,3929.57,3950.00,3913.38,3922.20,146466.317
1760875200000,3922.21,3928.48,3906.76,3920.86,87479.095
1760878800000,3920.86,3988.24,3911.98,3970.25,188734.044
1760882400000,3970.24,4001.00,3952.38,3987.29,314242.798
1760886000000,3987.30,3991.00,3971.57,3977.55,89467.192
1760889600000,3977.54,3986.83,3957.00,3979.19,121654.863
1760893200000,3979.20,4026.31,3978.58,3991.44,296611.518
1760896800000,3991.44,4005.26,3984.34,3999.60,58307.426
1760900400000,3999.60,4003.40,3975.86,3984.63,73953.385
1760904000000,3984.63,4002.10,3971.76,3999.16,60888.584
1760907600000,3999.16,4002.95,3982.53,3995.65,47423.391
1760911200000,3995.65,4030.00,3986.74,4018.54,107965.064
1760914800000,4018.55,4018.55,3967.00,3980.59,129635.671
1760918400000,3980.60,3980.77,3906.89,3940.25,294758.845
1760922000000,3940.24,3952.71,3927.97,3936.14,103674.223
1760925600000,3936.14,3965.26,3917.23,3954.82,149699.331
1760929200000,3954.84,4040.00,3945.82,4025.88,225566.956
1760932800000,4025.87,4054.74,4021.42,4052.88,217872.010
1760936400000,4052.87,4073.81,4040.21,4059.26,181374.971
1760940000000,4059.26,4085.00,4054.84,4073.06,156804.912
1760943600000,4073.05,4075.66,4050.37,4053.36,139307.321
1760947200000,4053.35,4069.89,4031.82,4043.81,198064.692
1760950800000,4043.81,4050.39,4032.99,4042.94,96661.473
1760954400000,4042.94,4051.64,4013.40,4024.31,159112.962
1760958000000,4024.31,4039.88,4010.58,4032.83,135022.455
1760961600000,4032.83,4037.76,4022.51,4035.89,77038.881
1760965200000,4035.89,4043.13,4016.39,4037.42,167876.390
1760968800000,4037.42,4047.04,4010.20,4037.55,177967.720
1760972400000,4037.57,4048.96,4001.00,4002.73,226146.056
1760976000000,4002.73,4002.73,3924.05,3947.76,580614.306
1760979600000,3947.76,3963.49,3920.30,3949.56,224901.771
1760983200000,3949.56,3974.97,3944.00,3972.28,99420.835
1760986800000,3972.28,3990.43,3957.45,3978.78,115710.619
1760990400000,3978.76,3996.80,3972.25,3996.77,68506.300
1760994000000,3996.77,4001.96,3968.74,3975.28,81778.821
1760997600000,3975.28,3989.64,3968.88,3987.00,49372.453
1761001200000,3987.01,3992.07,3973.82,3977.54,36939.403
1761004800000,3977.54,3984.68,3959.81,3970.51,64981.179
1761008400000,3970.50,3972.46,3933.00,3946.56,128763.902
1761012000000,3946.56,3949.51,3923.00,3929.71,130005.921
1761015600000,3929.71,3941.86,3918.00,3921.41,85532.606
1761019200000,3921.42,3921.42,3841.50,3849.22,437377.193
1761022800000,3849.22,3872.22,3838.21,3862.04,232498.875
1761026400000,3862.04,3890.95,3853.26,3885.01,140471.036
1761030000000,3885.00,3895.00,3873.33,3890.52,91915.022
1761033600000,3890.53,3891.42,3850.02,3866.39,163233.997
1761037200000,3866.40,3873.24,3855.00,3862.76,77335.831
1761040800000,3862.75,3896.00,3858.00,3882.28,130632.966
1761044400000,3882.27,3893.00,3868.00,3888.33,99124.968
1761048000000,3888.34,3917.00,3874.52,3878.89,213819.153
1761051600000,3878.89,3897.77,3850.20,3864.78,255765.258
1761055200000,3864.77,4023.58,3863.40,4019.95,741952.003
1761058800000,4019.95,4083.78,3994.51,4080.41,635199.125
1761062400000,4080.41,4108.41,4017.34,4028.02,639431.938
1761066000000,4028.04,4039.34,3963.19,4013.00,625897.187
1761069600000,4013.01,4021.85,3972.66,4011.85,225084.152
1761073200000,4011.85,4020.99,3991.39,3994.04,94571.678
1761076800000,3994.03,3999.31,3934.00,3952.27,208312.822
1761080400000,3952.26,3964.63,3887.01,3943.69,197561.106
1761084000000,3943.70,3947.91,3890.33,3899.40,233027.288
1761087600000,3899.40,3909.31,3855.55,3871.11,212963.545
1761091200000,3871.11,3887.45,3815.37,3840.39,280578.118
1761094800000,3840.39,3873.18,3839.01,3867.95,147825.873
1761098400000,3867.95,3874.94,3858.79,3859.39,87158.028
1761102000000,3859.38,3862.17,3838.81,3858.14,117772.624
1761105600000,3858.13,3882.93,3856.00,3876.92,108747.690
1761109200000,3876.93,3880.32,3835.69,3858.85,154142.613
1761112800000,3858.86,3869.00,3851.00,3851.54,66698.397
1761116400000,3851.54,3875.00,3840.00,3866.87,115538.157
1761120000000,3866.88,3867.47,3846.89,3852.40,77733.409
1761123600000,3852.40,3856.97,3822.20,3835.63,165306.657
1761127200000,3835.64,3848.15,3815.00,3818.83,135069.403
1761130800000,3818.83,3837.82,3765.00,3827.02,463174.832
1761134400000,3827.03,3855.35,3818.80,3844.79,175833.521
1761138000000,3844.78,3875.56,3822.65,3871.31,342682.480
1761141600000,3871.30,3873.58,3777.03,3852.35,560044.638
1761145200000,3852.35,3863.44,3788.50,3839.73,360376.069
1761148800000,3839.72,3859.64,3809.10,3834.23,323378.495
1761152400000,3834.24,3841.70,3792.56,3805.88,148619.410
1761156000000,3805.88,3820.43,3790.00,3801.13,156453.687
1761159600000,3801.14,3826.66,3780.00,3802.52,165810.698
1761163200000,3802.53,3809.09,3768.00,3779.44,142805.349
1761166800000,3779.44,3780.70,3706.31,3742.54,364111.989
1761170400000,3742.53,3760.62,3730.51,3750.13,126327.638
1761174000000,3750.13,3816.71,3748.47,3803.93,228733.090
1761177600000,3803.94,3820.53,3794.89,3813.92,95809.680
1761181200000,3813.93,3835.32,3810.02,3819.47,111451.544
1761184800000,3819.46,3833.00,3813.00,3824.00,79050.868
1761188400000,3823.99,3833.00,3820.50,3825.18,51953.253
1761192000000,3825.19,3846.99,3820.51,3834.01,87642.850
1761195600000,3834.01,3848.42,3832.69,3845.97,54062.270
1761199200000,3845.97,3896.00,3841.89,3889.78,249178.475
1761202800000,3889.78,3890.81,3868.61,3879.76,149880.399
1761206400000,3879.76,3905.47,3879.54,3885.72,155524.070
1761210000000,3885.71,3889.87,3873.30,3888.88,109598.420
1761213600000,3888.88,3903.89,3874.58,3875.66,155299.373
1761217200000,3875.66,3886.43,3857.14,3861.86,139496.618
1761220800000,3861.86,3861.87,3835.00,3851.59,191075.269
1761224400000,3851.59,3866.22,3831.33,3850.40,238003.537
1761228000000,3850.41,3853.20,3807.01,3846.12,317259.901
1761231600000,3846.11,3885.88,3841.17,3874.87,284629.302
1761235200000,3874.87,3933.40,3863.13,3916.36,253277.169
1761238800000,3916.36,3926.26,3874.19,3919.39,323245.362
1761242400000,3919.38,3920.76,3856.66,3868.64,200202.377
1761246000000,3868.64,3869.56,3842.81,3857.69,120504.567
1761249600000,3857.69,3858.44,3816.88,3827.57,124087.616
1761253200000,3827.57,3835.71,3819.71,3826.71,65495.332
1761256800000,3826.70,3855.32,3824.45,3848.79,87455.932
1761260400000,3848.80,3859.48,3843.24,3855.21,59752.732
1761264000000,3855.22,3875.40,3844.02,3865.60,114459.294
1761267600000,3865.61,3881.85,3856.00,3879.59,66883.067
1761271200000,3879.60,3895.19,3868.78,3887.39,73097.360
1761274800000,3887.39,3890.53,3876.80,3889.43,71513.845
1761278400000,3889.44,3978.95,3884.32,3972.85,333708.875
1761282000000,3972.84,3988.00,3955.20,3972.71,182468.368
1761285600000,3972.72,3986.33,3961.52,3980.86,121534.858
1761289200000,3980.87,3982.56,3933.00,3947.64,218175.799
1761292800000,3947.65,3964.04,3928.11,3951.00,174460.464
1761296400000,3951.00,3967.42,3947.70,3956.87,92456.545
1761300000000,3956.87,3963.36,3945.30,3954.94,60200.657
1761303600000,3954.95,3962.68,3924.00,3945.00,101201.155
1761307200000,3944.99,4026.48,3939.22,3962.30,448014.463
1761310800000,3962.30,3977.26,3914.28,3945.01,306269.785
1761314400000,3945.00,3945.26,3887.60,3900.49,329658.340
1761318000000,3900.50,3929.49,3870.00,3887.09,270492.798
1761321600000,3887.09,3890.90,3864.28,3887.91,174839.465
1761325200000,3887.92,3903.00,3873.44,3886.76,153958.232
1761328800000,3886.76,3913.63,3882.07,3909.88,66531.769
1761332400000,3909.88,3936.89,3909.87,3924.66,118763.138
1761336000000,3924.66,3941.00,3922.19,3936.81,55507.813
1761339600000,3936.82,3943.81,3923.53,3941.80,49864.790
1761343200000,3941.80,3943.59,3928.30,3934.27,38926.980
1761346800000,3934.27,3935.41,3923.83,3933.19,32443.595
1761350400000,3933.20,3933.99,3910.00,3917.28,72621.051
1761354000000,3917.28,3938.03,3913.77,3931.63,55827.998
1761357600000,3931.63,3936.26,3924.00,3932.44,37739.555
1761361200000,3932.44,3934.03,3917.22,3919.43,36199.638
1761364800000,3919.42,3934.98,3918.46,3921.09,47586.764
1761368400000,3921.09,3931.70,3918.37,3929.86,34497.491
1761372000000,3929.85,3934.29,3924.66,3926.79,36807.902
1761375600000,3926.79,3963.26,3922.75,3927.29,127471.756
1761379200000,3927.30,3954.75,3926.00,3952.19,70876.049
1761382800000,3952.19,3955.00,3938.17,3940.95,92426.892
1761386400000,3940.96,3946.51,3930.00,3940.64,57402.857
1761390000000,3940.64,3944.01,3936.60,3938.66,23165.807
1761393600000,3938.66,3955.00,3937.89,3951.57,51683.251
1761397200000,3951.57,3954.82,3933.40,3941.02,78512.954
1761400800000,3941.02,3946.35,3932.00,3936.83,48955.526
1761404400000,3936.83,3936.97,3922.83,3931.48,60284.114
1761408000000,3931.47,3936.79,3926.60,3931.41,36169.074
1761411600000,3931.42,3938.16,3929.15,3933.27,26048.653
1761415200000,3933.28,3968.93,3927.65,3958.21,126094.891
1761418800000,3958.21,3962.44,3950.13,3956.05,38736.829
1761422400000,3956.06,3957.78,3942.00,3943.70,44239.382
1761426000000,3943.70,3951.47,3932.50,3951.47,36386.577
1761429600000,3951.46,3963.47,3944.95,3959.70,31378.629
1761433200000,3959.70,3962.22,3948.38,3952.25,23797.439
1761436800000,3952.24,3960.00,3944.17,3948.20,44056.125
1761440400000,3948.20,3953.83,3914.30,3931.40,102442.441
1761444000000,3931.41,3937.43,3920.86,3928.65,55821.065
1761447600000,3928.65,3934.99,3921.68,3929.95,43276.715
1761451200000,3929.95,3940.97,3927.01,3937.89,29868.235
1761454800000,3937.89,3945.22,3935.42,3940.98,28801.384
1761458400000,3940.99,3944.71,3936.76,3943.00,21677.037
1761462000000,3943.00,3955.00,3938.99,3949.72,43987.436
1761465600000,3949.72,3966.33,3948.84,3958.31,52725.062
1761469200000,3958.31,4011.00,3954.47,3986.09,315592.120
1761472800000,3986.09,3988.56,3972.58,3981.18,102717.011
1761476400000,3981.18,4054.00,3974.24,4043.08,361427.102
1761480000000,4043.08,4077.08,4039.00,4070.99,284956.551
1761483600000,4071.00,4098.00,4061.00,4082.39,240026.548
1761487200000,4082.38,4089.99,4061.17,4065.59,148755.436
1761490800000,4065.58,4076.43,4058.00,4073.45,106547.480
1761494400000,4073.45,4074.20,4043.43,4054.26,128842.238
1761498000000,4054.26,4068.47,4051.74,4058.39,63235.516
1761501600000,4058.39,4079.86,4056.75,4070.81,57008.188
1761505200000,4070.81,4071.24,4063.56,4066.58,27913.547
1761508800000,4066.58,4071.86,4053.07,4060.16,44012.363
1761512400000,4060.17,4095.69,4053.67,4079.08,72628.887
1761516000000,4079.08,4179.27,4078.80,4158.55,395178.977
1761519600000,4158.55,4177.71,4146.00,4156.37,157889.400
1761523200000,4156.36,4188.00,4145.27,4168.64,195837.385
1761526800000,4168.64,4207.95,4165.22,4190.34,209291.355
1761530400000,4190.34,4217.60,4181.83,4203.60,179708.262
1761534000000,4203.60,4225.14,4198.50,4203.21,112705.550
1761537600000,4203.22,4216.84,4193.06,4211.25,83677.549
1761541200000,4211.25,4253.00,4208.51,4231.40,221923.236
1761544800000,4231.40,4243.51,4221.00,4233.32,104512.865
1761548400000,4233.32,4246.80,4193.52,4200.00,212408.773
1761552000000,4199.99,4200.42,4154.65,4165.60,286220.656
1761555600000,4165.59,4172.00,4153.00,4158.96,172056.176
1761559200000,4158.95,4173.29,4152.81,4165.50,97532.388
1761562800000,4165.50,4174.33,4130.00,4160.51,194617.294
1761566400000,4160.50,4165.55,4136.00,4143.54,100683.025
1761570000000,4143.54,4186.77,4125.01,4175.65,288328.024
1761573600000,4175.65,4181.20,4122.02,4147.75,279254.180
1761577200000,4147.75,4174.55,4146.14,4171.25,137077.942
1761580800000,4171.25,4216.84,4171.24,4212.00,229294.327
1761584400000,4212.00,4224.00,4195.96,4219.10,124097.177
1761588000000,4219.10,4231.64,4204.84,4213.03,103340.581
1761591600000,4213.04,4219.00,4182.57,4192.42,161492.449
1761595200000,4192.41,4194.07,4127.00,4127.00,266150.962
1761598800000,4127.00,4137.93,4090.61,4114.56,194676.152
1761602400000,4114.55,4142.60,4107.56,4121.00,123613.653
1761606000000,4121.00,4126.25,4101.00,4118.47,99461.841
1761609600000,4118.46,4132.45,4105.50,4113.75,107188.564
1761613200000,4113.76,4140.26,4113.76,4134.83,92818.231
1761616800000,4134.83,4139.69,4072.68,4094.02,199106.258
1761620400000,4094.02,4099.00,4066.88,4092.48,164326.516
1761624000000,4092.47,4104.76,4086.00,4097.85,72882.023
1761627600000,4097.85,4102.23,4064.29,4067.00,130282.731
1761631200000,4067.01,4113.46,4066.00,4111.36,133076.279
1761634800000,4111.37,4125.95,4108.57,4115.36,110361.080
1761638400000,4115.36,4134.46,4108.60,4121.69,101187.695
1761642000000,4121.69,4127.62,4102.35,4120.80,102577.138
1761645600000,4120.81,4123.00,4106.57,4116.27,58129.166
1761649200000,4116.27,4125.64,4107.70,4110.11,54502.684
1761652800000,4110.11,4124.58,4095.00,4120.00,119427.143
1761656400000,4120.00,4166.00,4119.78,4157.08,281301.115
1761660000000,4157.08,4174.08,4066.00,4117.29,458893.895
1761663600000,4117.29,4139.48,4085.01,4095.35,220888.470
1761667200000,4095.36,4139.10,4091.13,4132.92,178911.116
1761670800000,4132.93,4145.89,4120.00,4138.29,105199.674
1761674400000,4138.30,4149.87,4102.14,4113.19,144150.544
1761678000000,4113.20,4117.28,4024.49,4037.26,400754.234
1761681600000,4037.22,4040.00,3957.01,3977.01,581314.717
1761685200000,3977.00,3989.80,3925.01,3980.30,275535.066
1761688800000,3980.30,3997.99,3970.22,3992.96,120021.238
1761692400000,3992.96,3994.20,3974.62,3977.56,79140.641
1761696000000,3977.56,3991.46,3967.25,3970.65,96777.600
1761699600000,3970.64,4006.00,3962.28,3980.34,150734.719
1761703200000,3980.34,4003.00,3978.56,4001.06,74192.688
1761706800000,4001.06,4001.17,3984.06,3996.00,68360.018
1761710400000,3996.01,4018.75,3994.35,4011.47,76043.028
1761714000000,4011.47,4034.28,4010.52,4025.01,109492.905
1761717600000,4025.00,4034.99,4014.42,4022.84,81351.553
1761721200000,4022.84,4029.65,4010.06,4022.83,71935.822
1761724800000,4022.83,4024.83,4001.69,4005.56,107903.442
1761728400000,4005.57,4008.18,3985.00,3995.67,163990.372
1761732000000,3995.67,4003.00,3986.00,3987.11,86489.990
1761735600000,3987.12,4014.32,3982.00,4009.14,98653.664
1761739200000,4009.13,4018.56,4002.07,4014.00,58098.185
1761742800000,4014.00,4028.01,3981.81,3993.19,222827.757
1761746400000,3993.19,3998.99,3970.39,3986.94,202389.905
1761750000000,3986.94,3993.18,3939.14,3950.23,273143.481
1761753600000,3950.23,3976.00,3923.56,3961.00,273531.832
1761757200000,3961.00,4014.77,3957.77,4012.63,195404.258
1761760800000,4012.63,4017.11,3836.00,3915.29,1131864.501
1761764400000,3915.29,3956.00,3885.67,3903.54,379319.918
1761768000000,3903.54,3951.30,3886.04,3949.32,186147.611
1761771600000,3949.32,3962.55,3928.40,3954.41,78189.070
1761775200000,3954.40,3958.36,3932.16,3938.96,55437.722
1761778800000,3938.95,3939.40,3871.17,3900.38,215930.293
1761782400000,3900.38,3921.00,3882.36,3920.31,133467.901
1761786000000,3920.31,3933.80,3903.35,3925.61,97978.185
1761789600000,3925.61,3945.65,3921.32,3943.95,89904.086
1761793200000,3943.95,3947.00,3926.03,3932.54,79686.848
1761796800000,3932.53,3933.12,3836.82,3869.56,617265.211
1761800400000,3869.55,3921.87,3854.01,3914.85,289144.451
1761804000000,3914.86,3925.00,3895.17,3911.39,134844.792
1761807600000,3911.39,3943.00,3905.88,3938.18,153065.907
1761811200000,3938.19,3938.41,3914.14,3919.64,106773.557
1761814800000,3919.65,3922.93,3890.14,3898.57,153536.725
1761818400000,3898.58,3906.41,3880.77,3891.31,118213.024
1761822000000,3891.31,3896.21,3875.11,3879.52,100511.191
1761825600000,3879.52,3883.19,3792.93,3815.66,516609.510
1761829200000,3815.66,3835.00,3756.03,3764.66,614046.275
1761832800000,3764.65,3805.00,3762.50,3798.71,328699.962
1761836400000,3798.72,3805.40,3755.81,3771.61,232077.955
1761840000000,3771.61,3800.45,3761.00,3779.37,185262.169
1761843600000,3779.38,3779.38,3726.00,3769.66,474412.650
1761847200000,3769.66,3771.00,3719.12,3720.00,236246.396
1761850800000,3720.00,3736.36,3677.70,3685.25,441608.624
1761854400000,3685.25,3756.38,3678.33,3755.00,276987.050
1761858000000,3755.01,3780.00,3745.59,3771.56,183903.818
1761861600000,3771.56,3782.00,3762.19,3781.93,94151.401
1761865200000,3781.93,3805.00,3771.46,3802.80,110776.253
1761868800000,3802.80,3838.28,3794.13,3829.90,158232.932
1761872400000,3829.90,3860.00,3824.00,3845.49,213095.549
1761876000000,3845.48,3850.00,3805.49,3820.05,203007.279
1761879600000,3820.06,3835.06,3810.00,3827.60,107889.962
1761883200000,3827.60,3872.00,3824.70,3861.13,271569.876
1761886800000,3861.12,3862.00,3844.18,3849.06,92141.516
1761890400000,3849.06,3851.60,3821.47,3829.62,120605.805
1761894000000,3829.62,3840.00,3818.78,3829.43,111949.844
1761897600000,3829.43,3852.89,3816.29,3850.26,116138.798
1761901200000,3850.26,3863.39,3838.00,3843.78,94871.152
1761904800000,3843.77,3852.90,3831.00,3834.00,65436.321
1761908400000,3834.00,3882.00,3826.11,3872.15,175237.962
1761912000000,3872.16,3887.02,3832.74,3834.79,250889.882
1761915600000,3834.80,3872.04,3830.00,3857.75,205267.644
1761919200000,3857.71,3871.84,3835.90,3865.97,248111.599
1761922800000,3865.97,3880.94,3851.22,3858.58,221369.230
1761926400000,3858.58,3866.56,3812.43,3820.87,244907.335
1761930000000,3820.87,3833.34,3802.64,3826.68,185041.575
1761933600000,3826.68,3867.27,3807.22,3851.42,248312.243
1761937200000,3851.40,3904.90,3835.02,3884.91,244676.991
1761940800000,3884.91,3892.13,3854.29,3858.96,101351.302
1761944400000,3858.96,3863.98,3838.68,3860.14,75611.598
1761948000000,3860.14,3865.39,3849.00,3853.64,32496.953
1761951600000,3853.63,3857.26,3845.63,3846.42,27754.174
1761955200000,3846.42,3848.41,3828.80,3845.57,63750.818
1761958800000,3845.57,3858.99,3841.03,3842.41,46246.356
1761962400000,3842.41,3853.79,3834.47,3850.59,39198.459
1761966000000,3850.58,3863.27,3849.52,3860.00,47863.259
1761969600000,3860.00,3867.66,3853.41,3864.74,58496.840
1761973200000,3864.75,3865.85,3851.30,3853.96,36713.912
1761976800000,3853.97,3859.63,3851.33,3857.04,43977.980
1761980400000,3857.04,3866.02,3855.00,3859.28,31985.553
1761984000000,3859.29,3882.00,3859.00,3880.30,82369.964
1761987600000,3880.31,3881.16,3870.01,3873.89,56169.166
1761991200000,3873.89,3880.44,3870.43,3874.99,35886.868
1761994800000,3874.99,3879.49,3866.93,3876.08,35234.914
1761998400000,3876.08,3879.69,3873.62,3874.62,27652.907
1762002000000,3874.63,3877.55,3855.66,3868.61,62238.820
1762005600000,3868.62,3874.00,3856.53,3871.43,68484.615
1762009200000,3871.43,3901.36,3869.95,3893.01,144072.409
1762012800000,3893.02,3907.61,3883.79,3890.24,97218.713
1762016400000,3890.24,3892.56,3860.44,3864.19,122113.694
1762020000000,3864.20,3879.20,3862.24,3878.38,42935.913
1762023600000,3878.37,3879.39,3869.23,3878.34,19626.696
1762027200000,3878.33,3890.00,3877.05,3879.93,32333.718
1762030800000,3879.92,3883.00,3865.81,3865.82,26761.494
1762034400000,3865.81,3874.46,3862.44,3873.24,32831.639
1762038000000,3873.23,3875.90,3867.11,3872.14,16320.299
1762041600000,3872.14,3872.57,3860.21,3864.73,35734.516
1762045200000,3864.73,3875.69,3860.01,3870.47,33845.848
1762048800000,3870.47,3885.83,3867.00,3878.47,40574.281
1762052400000,3878.47,3883.55,3876.20,3879.25,22488.409
1762056000000,3879.25,3915.98,3874.08,3907.21,116420.132
1762059600000,3907.22,3908.00,3893.00,3901.05,59945.420
1762063200000,3901.05,3906.74,3890.10,3900.28,40939.567
1762066800000,3900.28,3917.00,3890.34,3904.57,76720.933
1762070400000,3904.58,3909.34,3890.02,3893.22,58844.554
1762074000000,3893.22,3901.86,3864.45,3870.77,143070.464
1762077600000,3870.76,3874.69,3851.24,3861.64,144890.084
1762081200000,3861.64,3895.80,3860.43,3888.92,136123.448
1762084800000,3888.93,3892.98,3869.70,3875.91,91944.840
1762088400000,3875.90,3875.92,3852.30,3866.46,105473.329
1762092000000,3866.46,3871.50,3837.04,3851.40,140088.427
1762095600000,3851.40,3869.91,3844.01,3851.63,74384.643
1762099200000,3851.63,3863.58,3838.23,3862.75,90327.630
1762102800000,3862.75,3862.76,3847.85,3857.70,31239.354
1762106400000,3857.70,3865.89,3853.52,3862.44,27193.756
1762110000000,3862.44,3862.99,3840.93,3854.38,48063.536
1762113600000,3854.38,3858.19,3846.00,3857.19,19203.337
1762117200000,3857.19,3867.45,3848.39,3859.54,34074.826
1762120800000,3859.54,3862.08,3842.41,3853.39,36082.148
1762124400000,3853.39,3915.00,3853.39,3904.80,209180.307
1762128000000,3904.79,3913.34,3861.15,3863.30,166123.255
1762131600000,3863.31,3863.41,3826.51,3835.16,232646.407
1762135200000,3835.17,3840.08,3780.00,3797.39,357970.282
1762138800000,3797.40,3805.00,3726.00,3734.73,483663.104
1762142400000,3734.74,3746.70,3713.22,3744.76,249616.773
1762146000000,3744.77,3764.07,3726.00,3730.25,170663.271
1762149600000,3730.26,3739.67,3682.00,3717.01,343865.766
1762153200000,3717.01,3735.83,3697.00,3713.10,217036.810
1762156800000,3713.09,3719.75,3686.02,3714.91,202546.650
1762160400000,3714.92,3739.98,3694.39,3701.71,223062.048
1762164000000,3701.71,3718.14,3650.13,3674.56,239598.298
1762167600000,3674.55,3722.65,3671.20,3710.00,257646.968
1762171200000,3710.01,3726.90,3702.90,3707.58,122102.832
1762174800000,3707.58,3727.06,3691.48,3718.47,172601.871
1762178400000,3718.47,3747.36,3703.00,3732.82,242918.510
1762182000000,3732.83,3737.86,3578.40,3587.38,1027321.824
1762185600000,3587.38,3626.00,3562.27,3617.56,505294.931
1762189200000,3617.56,3681.23,3608.96,3664.65,327864.625
1762192800000,3664.65,3671.96,3629.00,3630.75,147930.308
1762196400000,3630.75,3647.65,3618.77,3629.60,155726.608
1762200000000,3629.61,3635.00,3560.51,3586.82,256248.811
1762203600000,3586.83,3613.61,3556.00,3600.54,230279.487
1762207200000,3600.55,3602.33,3558.02,3588.26,141412.727
1762210800000,3588.26,3605.83,3563.78,3602.15,125332.331
1762214400000,3602.15,3635.00,3565.95,3616.49,257208.651
1762218000000,3616.50,3653.65,3605.71,3642.85,168665.263
1762221600000,3642.85,3647.35,3616.56,3624.51,106958.755
1762225200000,3624.50,3650.00,3618.80,3640.90,105898.379
1762228800000,3640.91,3646.80,3620.00,3623.85,93995.371
1762232400000,3623.86,3630.62,3482.20,3490.30,757237.511
1762236000000,3490.31,3560.98,3476.00,3510.89,548719.140
1762239600000,3510.88,3530.69,3470.58,3492.79,349326.819
1762243200000,3492.78,3512.00,3460.00,3494.72,327718.369
1762246800000,3494.72,3502.04,3474.49,3490.83,169265.050
1762250400000,3490.82,3501.42,3471.52,3484.24,158710.115
1762254000000,3484.23,3534.14,3481.77,3527.78,226994.424
1762257600000,3527.78,3531.25,3493.60,3509.56,179436.065
1762261200000,3509.55,3522.00,3490.92,3505.40,178083.716
1762264800000,3505.40,3561.99,3471.38,3554.33,520796.152
1762268400000,3554.34,3586.12,3492.72,3506.00,534079.298
1762272000000,3505.99,3518.95,3423.00,3428.29,526813.927
1762275600000,3428.30,3428.69,3361.45,3371.57,866146.856
1762279200000,3371.58,3372.63,3255.00,3301.38,1113575.747
1762282800000,3301.37,3315.49,3225.00,3229.84,471240.945
1762286400000,3229.83,3252.63,3122.67,3211.50,1172638.018
1762290000000,3211.50,3217.56,3055.00,3213.77,975611.959
1762293600000,3213.78,3289.66,3197.00,3246.44,480154.440
1762297200000,3246.43,3305.75,3241.06,3285.28,388996.026
1762300800000,3285.28,3300.00,3227.21,3239.03,285008.501
1762304400000,3239.04,3253.61,3165.41,3241.91,510394.756
1762308000000,3241.90,3325.74,3241.59,3323.88,436479.346
1762311600000,3323.85,3347.75,3303.80,3333.44,269739.017
1762315200000,3333.45,3344.76,3312.44,3328.04,174608.697
1762318800000,3328.04,3353.80,3322.65,3324.07,125580.660
1762322400000,3324.07,3340.00,3309.09,3335.55,156665.384
1762326000000,3335.55,3340.00,3301.51,3329.10,132925.625
1762329600000,3329.09,3329.19,3281.00,3299.48,244539.743
1762333200000,3299.48,3321.17,3292.00,3306.15,130929.843
1762336800000,3306.15,3306.87,3272.24,3274.86,133707.984
1762340400000,3274.86,3323.98,3274.06,3320.97,214563.216
1762344000000,3320.98,3359.02,3311.26,3343.55,277044.745
1762347600000,3343.55,3375.00,3323.25,3358.72,278866.704
1762351200000,3358.71,3371.16,3317.48,3347.19,335545.861
1762354800000,3347.20,3397.67,3331.69,3396.31,319053.497
1762358400000,3396.32,3438.00,3368.05,3435.42,446961.008
1762362000000,3435.43,3446.82,3415.90,3433.79,222388.245
1762365600000,3433.78,3478.50,3427.81,3460.24,197619.420
1762369200000,3460.24,3471.07,3442.91,3453.32,139727.871
1762372800000,3453.31,3479.00,3439.14,3449.52,164995.059
1762376400000,3449.51,3449.98,3427.44,3440.57,150292.513
1762380000000,3440.56,3444.00,3413.62,3422.96,106201.603
1762383600000,3422.95,3434.54,3413.89,3423.06,76069.680
1762387200000,3423.06,3423.06,3391.08,3405.90,153658.536
1762390800000,3405.89,3409.71,3373.70,3404.26,165681.511
1762394400000,3404.26,3428.95,3390.65,3420.50,145267.071
1762398000000,3420.51,3449.37,3419.67,3431.33,125836.633
1762401600000,3431.34,3455.00,3427.19,3450.87,82297.703
1762405200000,3450.88,3450.88,3378.51,3387.00,223809.791
1762408800000,3387.00,3401.84,3377.01,3383.54,136200.379
1762412400000,3383.53,3393.86,3357.94,3378.90,193518.007
1762416000000,3378.89,3393.47,3370.89,3383.61,119244.276
1762419600000,3383.60,3393.05,3373.42,3381.50,88777.873
1762423200000,3381.51,3414.30,3365.00,3392.32,195270.229
1762426800000,3392.32,3406.81,3378.70,3397.85,110524.652
1762430400000,3397.84,3403.94,3340.53,3347.88,247169.935
1762434000000,3347.88,3402.03,3347.88,3389.65,183869.597
1762437600000,3389.66,3399.02,3317.18,3327.99,411388.450
1762441200000,3327.99,3365.00,3275.19,3300.01,628692.340
1762444800000,3300.01,3321.97,3245.00,3275.64,491034.044
1762448400000,3275.64,3340.00,3269.34,3328.32,353463.269
1762452000000,3328.32,3351.81,3293.39,3327.31,280162.633
1762455600000,3327.31,3342.00,3308.21,3324.54,156310.332
1762459200000,3324.56,3335.43,3285.97,3305.60,144838.089
1762462800000,3305.57,3335.00,3290.95,3324.60,108968.924
1762466400000,3324.61,3328.83,3294.00,3317.77,75166.287
1762470000000,3317.77,3318.00,3288.61,3313.70,102268.835
1762473600000,3313.70,3331.25,3292.00,3323.84,150215.985
1762477200000,3323.85,3329.41,3273.04,3323.55,221432.504
1762480800000,3323.55,3351.55,3302.60,3345.68,137376.493
1762484400000,3345.69,3364.00,3341.50,3343.67,129890.813
1762488000000,3343.68,3347.21,3318.15,3336.82,120590.376
1762491600000,3336.82,3370.00,3336.13,3365.40,136956.128
1762495200000,3365.41,3368.66,3345.91,3346.31,67206.746
1762498800000,3346.30,3363.00,3333.95,3356.32,103112.934
1762502400000,3356.31,3359.29,3332.02,3340.31,76845.127
1762506000000,3340.30,3340.72,3288.11,3299.84,205009.904
1762509600000,3299.84,3309.00,3270.03,3279.00,181279.876
1762513200000,3279.00,3279.00,3224.05,3258.62,400370.399
1762516800000,3258.61,3275.00,3195.58,3221.66,393406.015
1762520400000,3221.67,3248.72,3213.01,3239.53,231467.692
1762524000000,3239.52,3298.28,3192.92,3286.69,469282.165
1762527600000,3286.65,3317.10,3260.70,3295.99,416504.043
1762531200000,3296.00,3332.00,3271.76,3307.46,289101.240
1762534800000,3307.47,3394.89,3295.00,3384.36,372776.671
1762538400000,3384.37,3434.13,3376.64,3424.85,282526.817
1762542000000,3424.84,3449.00,3415.41,3441.94,163067.491
1762545600000,3441.93,3470.00,3428.35,3463.14,191223.326
1762549200000,3463.14,3469.58,3447.43,3467.01,80241.465
1762552800000,3467.02,3472.23,3441.99,3444.52,88009.457
1762556400000,3444.52,3449.00,3431.11,3434.36,96049.761
1762560000000,3434.37,3447.61,3404.93,3423.36,163882.405
1762563600000,3423.36,3446.18,3420.42,3436.22,74522.503
1762567200000,3436.23,3458.89,3431.02,3439.60,95530.788
1762570800000,3439.60,3465.77,3438.28,3452.50,105419.364
1762574400000,3452.51,3490.00,3447.53,3457.13,145820.541
1762578000000,3457.12,3465.49,3422.84,3429.86,134287.841
1762581600000,3429.86,3454.43,3414.49,3443.75,160283.362
1762585200000,3443.75,3449.99,3423.09,3446.41,92798.206
1762588800000,3446.41,3468.43,3434.04,3453.28,90224.469
1762592400000,3453.28,3463.59,3437.05,3438.32,80075.686
1762596000000,3438.32,3449.00,3431.74,3444.45,69932.212
1762599600000,3444.45,3454.90,3405.03,3411.53,158734.027
1762603200000,3411.54,3416.74,3396.00,3407.78,141789.382
1762606800000,3407.78,3411.60,3388.09,3395.20,148607.821
1762610400000,3395.21,3411.46,3371.61,3398.56,216565.274
1762614000000,3398.57,3402.80,3367.81,3375.68,128818.575
1762617600000,3375.69,3382.94,3353.31,3366.84,185869.282
1762621200000,3366.85,3399.00,3361.65,3397.69,129164.706
1762624800000,3397.69,3406.46,3384.56,3401.35,74506.534
1762628400000,3401.34,3405.03,3361.49,3387.61,104815.864
1762632000000,3387.62,3402.49,3378.40,3396.10,53831.177
1762635600000,3396.10,3408.75,3393.00,3404.18,39980.818
1762639200000,3404.19,3409.89,3392.66,3407.46,32312.441
1762642800000,3407.45,3414.33,3398.26,3400.07,35612.941
1762646400000,3400.08,3401.00,3371.35,3383.34,88773.382
1762650000000,3383.34,3403.00,3377.74,3399.21,48503.380
1762653600000,3399.21,3399.21,3362.41,3366.56,89234.255
1762657200000,3366.56,3376.90,3356.74,3374.82,80712.837
1762660800000,3374.82,3389.00,3368.62,3373.08,70367.005
1762664400000,3373.08,3407.20,3371.00,3403.90,100786.497
1762668000000,3403.90,3418.72,3398.12,3403.49,74242.522
1762671600000,3403.50,3425.68,3401.52,3421.05,72149.183
1762675200000,3421.06,3422.94,3408.00,3420.19,53636.902
1762678800000,3420.19,3434.00,3397.56,3399.64,136421.031
1762682400000,3399.65,3400.85,3380.71,3400.33,120953.753
1762686000000,3400.34,3432.15,3400.34,3426.99,111989.898
1762689600000,3427.00,3464.54,3423.22,3440.64,190831.433
1762693200000,3440.64,3463.00,3440.50,3456.72,112758.121
1762696800000,3456.71,3563.19,3451.77,3505.01,627842.358
1762700400000,3505.01,3535.51,3501.93,3513.58,190327.970
1762704000000,3513.58,3535.96,3500.00,3526.22,172296.979
1762707600000,3526.22,3530.00,3501.00,3514.00,84448.543
1762711200000,3514.00,3542.85,3508.78,3539.67,85947.502
1762714800000,3539.66,3578.70,3532.84,3578.04,173430.897
1762718400000,3578.03,3597.43,3560.07,3577.43,148209.994
1762722000000,3577.43,3595.38,3571.38,3579.46,95121.550
1762725600000,3579.47,3594.00,3563.07,3586.10,80851.888
1762729200000,3586.10,3624.40,3563.45,3581.31,232266.969
1762732800000,3581.31,3651.92,3548.88,3634.14,342094.440
1762736400000,3634.13,3658.00,3615.21,3628.26,227159.684
1762740000000,3628.26,3638.17,3611.00,3627.32,114811.259
1762743600000,3627.33,3647.00,3621.89,3626.45,99362.152
1762747200000,3626.44,3630.71,3602.00,3615.98,109451.171
1762750800000,3615.98,3625.00,3587.56,3606.81,117688.275
1762754400000,3606.81,3611.62,3593.01,3603.91,66175.343
1762758000000,3603.91,3621.66,3602.00,3607.50,86403.855
1762761600000,3607.51,3614.53,3585.59,3593.29,149654.510
1762765200000,3593.28,3630.30,3585.42,3623.32,138132.449
1762768800000,3623.32,3626.81,3602.30,3605.07,74699.943
1762772400000,3605.08,3619.99,3602.33,3608.90,69001.266
1762776000000,3608.89,3609.40,3581.68,3590.46,111101.478
1762779600000,3590.46,3620.71,3588.45,3613.91,150128.432
1762783200000,3613.91,3614.23,3528.05,3540.00,428752.976
1762786800000,3540.00,3559.30,3506.66,3518.10,397014.689
1762790400000,3518.10,3536.84,3505.55,3528.04,225181.528
1762794000000,3528.04,3559.00,3520.79,3553.38,207957.499
1762797600000,3553.38,3556.00,3530.51,3530.75,92881.980
1762801200000,3530.75,3574.73,3527.04,3556.83,133457.309
1762804800000,3556.83,3582.69,3553.32,3570.22,115813.008
1762808400000,3570.22,3571.04,3528.48,3540.12,123449.056
1762812000000,3540.11,3578.80,3527.06,3574.59,87099.180
1762815600000,3574.60,3580.00,3561.00,3566.38,64621.227
1762819200000,3566.38,3591.47,3551.11,3584.00,117634.756
1762822800000,3584.01,3647.54,3573.09,3579.96,325679.253
1762826400000,3579.97,3635.41,3557.15,3613.77,273209.574
1762830000000,3613.76,3632.00,3596.65,3604.20,143519.637
1762833600000,3604.21,3608.44,3570.72,3573.35,125675.897
1762837200000,3573.36,3574.20,3541.48,3546.92,156415.125
1762840800000,3546.92,3557.66,3528.80,3555.67,228096.096
1762844400000,3555.67,3565.00,3540.24,3542.88,115916.499
1762848000000,3542.88,3562.00,3541.22,3561.19,79485.437
1762851600000,3561.20,3585.29,3549.53,3553.96,158225.013
1762855200000,3553.96,3564.82,3546.50,3558.78,74473.737
1762858800000,3558.78,3580.23,3558.43,3572.40,110660.865
1762862400000,3572.40,3593.00,3538.05,3539.70,192982.376
1762866000000,3539.68,3572.94,3524.00,3530.99,239143.350
1762869600000,3530.99,3546.26,3483.71,3528.26,482846.828
1762873200000,3528.26,3528.26,3466.00,3479.62,366500.417
1762876800000,3479.62,3499.10,3463.42,3483.45,206339.411
1762880400000,3483.45,3497.18,3443.04,3471.50,236226.070
1762884000000,3471.49,3485.30,3458.33,3467.29,140235.052
1762887600000,3467.31,3468.72,3447.80,3455.65,106394.219
1762891200000,3455.66,3460.66,3427.04,3437.40,194195.457
1762894800000,3437.40,3448.67,3406.60,3416.19,194381.113
1762898400000,3416.19,3435.33,3403.02,3428.46,129655.456
1762902000000,3428.47,3437.05,3407.45,3416.32,112552.306
1762905600000,3416.33,3433.64,3408.14,3416.64,107907.233
1762909200000,3416.65,3450.00,3410.69,3445.82,157546.638
1762912800000,3445.82,3454.68,3415.58,3425.94,136550.666
1762916400000,3425.95,3444.63,3419.85,3437.52,68499.123
1762920000000,3437.52,3444.00,3430.30,3442.65,55169.371
1762923600000,3442.65,3455.00,3441.48,3447.46,104362.875
1762927200000,3447.45,3455.79,3436.66,3436.66,54984.069
1762930800000,3436.67,3450.99,3422.17,3426.52,83814.015
1762934400000,3426.51,3479.00,3426.33,3466.95,193564.232
1762938000000,3466.94,3492.97,3464.06,3482.07,181666.504
1762941600000,3482.07,3547.95,3481.31,3532.50,264759.176
1762945200000,3532.49,3569.00,3532.19,3548.25,240215.004
1762948800000,3548.24,3564.97,3538.04,3550.74,141177.617
1762952400000,3550.73,3587.24,3543.64,3575.41,190733.087
1762956000000,3575.42,3580.18,3478.07,3500.94,506522.768
1762959600000,3500.94,3519.96,3416.27,3426.34,613053.717
1762963200000,3426.33,3431.81,3370.00,3398.09,658067.255
1762966800000,3398.10,3454.22,3390.12,3428.01,333982.030
1762970400000,3428.00,3455.00,3416.04,3422.85,202356.865
1762974000000,3422.85,3425.25,3370.80,3406.58,269089.796
1762977600000,3406.58,3438.82,3398.78,3415.23,110942.877
1762981200000,3415.24,3428.43,3406.66,3421.84,66258.260
1762984800000,3421.84,3421.85,3390.01,3420.44,67530.185
1762988400000,3420.45,3422.06,3402.00,3413.46,76300.076
1762992000000,3413.45,3432.38,3403.00,3410.90,106906.890
1762995600000,3410.90,3456.50,3409.03,3422.76,208058.441
1762999200000,3422.77,3445.75,3421.29,3432.89,72647.359
1763002800000,3432.89,3473.00,3375.09,3451.33,335816.296
1763006400000,3451.32,3491.79,3432.02,3481.09,302066.374
1763010000000,3481.09,3539.79,3464.73,3527.67,224374.707
1763013600000,3527.67,3552.88,3519.27,3539.68,238462.641
1763017200000,3539.68,3565.00,3530.38,3537.15,237433.437
1763020800000,3537.16,3549.00,3518.50,3522.85,160014.966
1763024400000,3522.85,3528.16,3475.00,3485.20,312902.933
1763028000000,3485.21,3516.00,3485.21,3504.13,146189.369
1763031600000,3504.12,3517.03,3492.86,3499.98,101277.911
1763035200000,3499.97,3509.83,3479.99,3499.65,155119.453
1763038800000,3499.66,3500.36,3425.00,3436.47,442100.987
1763042400000,3436.48,3481.26,3391.26,3441.72,582344.970
1763046000000,3441.72,3446.50,3365.00,3385.52,567618.531
1763049600000,3385.52,3397.96,3322.00,3326.74,555055.620
1763053200000,3326.74,3328.00,3252.00,3254.40,638933.783
1763056800000,3254.40,3264.15,3182.22,3212.47,651570.349
1763060400000,3212.46,3237.95,3173.38,3196.23,479392.039
1763064000000,3196.22,3204.98,3152.49,3170.38,520996.100
1763067600000,3170.38,3192.27,3159.00,3177.87,205535.542
1763071200000,3177.87,3235.00,3172.91,3227.74,234225.720
1763074800000,3227.75,3270.58,3214.70,3230.12,274207.372
1763078400000,3230.13,3239.67,3185.81,3199.20,365999.838
1763082000000,3199.22,3220.00,3183.17,3205.39,259537.309
1763085600000,3205.39,3250.00,3203.05,3236.25,189439.159
1763089200000,3236.25,3238.10,3206.07,3226.50,139249.360
1763092800000,3226.49,3227.00,3104.00,3161.51,546937.326
1763096400000,3161.50,3205.66,3155.01,3191.01,350416.633
1763100000000,3191.01,3225.00,3133.00,3221.05,420233.469
1763103600000,3221.05,3239.67,3191.93,3213.82,398653.584
1763107200000,3213.82,3217.80,3181.10,3203.72,228505.480
1763110800000,3203.72,3214.60,3147.68,3154.70,312944.549
1763114400000,3154.70,3194.70,3153.00,3174.71,159996.017
1763118000000,3174.71,3181.69,3115.00,3142.93,394127.410
1763121600000,3142.93,3142.93,3068.00,3125.71,704996.506
1763125200000,3125.71,3149.99,3071.41,3120.64,501944.429
1763128800000,3120.64,3219.77,3105.67,3197.85,824792.646
1763132400000,3197.85,3233.66,3158.56,3195.73,484735.785
1763136000000,3195.73,3255.95,3181.37,3229.92,322284.615
1763139600000,3229.92,3244.48,3158.00,3178.55,277765.305
1763143200000,3178.55,3207.85,3153.17,3167.74,254785.380
1763146800000,3167.74,3219.60,3158.52,3206.37,212962.027
1763150400000,3206.37,3212.04,3120.22,3136.22,246037.524
1763154000000,3136.22,3174.39,3123.00,3165.97,153071.001
1763157600000,3165.97,3186.00,3140.61,3157.71,130601.938
1763161200000,3157.72,3157.72,3088.00,3111.20,227638.193
1763164800000,3111.20,3149.80,3109.16,3139.80,158932.987
1763168400000,3139.80,3177.95,3123.02,3172.11,114754.143
1763172000000,3172.12,3192.56,3161.40,3192.24,122619.253
1763175600000,3192.22,3192.80,3166.01,3177.88,117365.282
1763179200000,3177.88,3190.88,3157.12,3170.70,94584.929
1763182800000,3170.71,3182.00,3160.08,3177.49,58530.260
1763186400000,3177.50,3186.62,3165.07,3173.98,59165.293
1763190000000,3173.99,3184.05,3166.82,3174.98,49523.841
1763193600000,3174.99,3176.60,3132.66,3141.51,164951.053
1763197200000,3141.52,3164.00,3137.20,3151.68,94878.958
1763200800000,3151.68,3170.95,3144.23,3167.41,73959.399
1763204400000,3167.42,3171.19,3145.36,3151.22,69787.061
1763208000000,3151.21,3166.84,3146.00,3160.90,59813.732
1763211600000,3160.89,3197.50,3157.67,3191.29,155656.988
1763215200000,3191.28,3191.81,3173.10,3176.34,82302.287
1763218800000,3176.34,3189.33,3171.64,3184.50,53842.186
1763222400000,3184.50,3186.53,3160.71,3184.78,103541.116
1763226000000,3184.77,3218.73,3180.70,3214.12,230861.776
1763229600000,3214.12,3230.56,3202.89,3207.14,179450.204
1763233200000,3207.15,3213.34,3191.15,3196.70,55808.522
1763236800000,3196.69,3199.40,3165.56,3173.87,88056.096
1763240400000,3173.86,3188.00,3151.33,3156.59,100123.297
1763244000000,3156.59,3171.38,3153.34,3170.00,52784.349
1763247600000,3170.00,3176.58,3165.53,3166.55,41254.603
1763251200000,3166.56,3173.57,3144.03,3151.53,97598.521
1763254800000,3151.53,3156.82,3130.01,3149.44,152057.896
1763258400000,3149.45,3204.47,3141.00,3202.04,199897.375
1763262000000,3202.04,3209.51,3191.92,3201.56,96260.038
1763265600000,3201.56,3206.00,3185.76,3193.38,75099.435
1763269200000,3193.38,3214.99,3192.40,3203.74,96039.066
1763272800000,3203.73,3215.40,3196.98,3199.89,63192.731
1763276400000,3199.90,3219.75,3197.65,3218.21,67203.204
1763280000000,3218.22,3227.58,3205.00,3218.40,89048.717
1763283600000,3218.41,3248.50,3207.50,3247.13,150002.925
1763287200000,3247.12,3247.39,3227.52,3234.96,93792.528
1763290800000,3234.95,3236.50,3158.35,3167.18,399823.391
1763294400000,3167.17,3181.32,3152.49,3168.55,232692.761
1763298000000,3168.55,3172.48,3137.01,3152.60,194555.487
1763301600000,3152.59,3177.96,3146.01,3170.48,187048.066
1763305200000,3170.47,3180.00,3095.84,3103.52,371650.828
1763308800000,3103.52,3124.69,3056.02,3059.60,624055.411
1763312400000,3059.60,3089.95,3025.00,3078.20,675694.104
1763316000000,3078.19,3127.21,3041.43,3059.34,506853.206
1763319600000,3059.33,3115.85,3056.11,3090.13,192786.171
1763323200000,3090.13,3116.80,3084.11,3088.13,89710.709
1763326800000,3088.14,3095.93,3056.56,3072.52,167198.751
1763330400000,3072.51,3101.82,3042.17,3090.89,214305.589
1763334000000,3090.89,3106.45,3001.01,3094.05,477484.882
1763337600000,3094.04,3140.00,3067.77,3134.86,349005.111
1763341200000,3134.86,3145.64,3113.13,3113.47,150856.793
1763344800000,3113.47,3159.99,3110.00,3148.20,198110.334
1763348400000,3148.21,3179.79,3146.91,3175.65,163231.836
1763352000000,3175.67,3193.00,3165.30,3184.35,147109.366
1763355600000,3184.36,3192.64,3176.53,3185.61,102862.472
1763359200000,3185.61,3197.66,3169.74,3192.77,116031.399
1763362800000,3192.77,3209.77,3187.60,3197.11,129125.109
1763366400000,3197.11,3204.16,3183.49,3188.96,111793.901
1763370000000,3188.96,3216.34,3178.20,3193.80,152822.646
1763373600000,3193.81,3207.00,3190.00,3195.54,77548.133
1763377200000,3195.53,3223.22,3192.00,3202.57,146216.598
1763380800000,3202.57,3203.25,3180.55,3182.68,127517.590
1763384400000,3182.67,3187.77,3093.43,3120.49,507462.096
1763388000000,3120.49,3210.22,3100.70,3150.44,752865.943
1763391600000,3150.45,3165.00,3103.00,3119.46,518988.872
1763395200000,3119.47,3142.10,3062.38,3133.15,577063.734
1763398800000,3133.17,3136.36,3052.21,3057.52,349345.673
1763402400000,3057.51,3080.00,3018.00,3023.52,439736.343
1763406000000,3023.51,3037.40,2969.99,2981.00,599307.613
1763409600000,2980.99,3021.51,2958.00,3002.72,499321.420
1763413200000,3002.74,3027.21,2981.92,3008.25,230742.487
1763416800000,3008.25,3030.96,2998.49,3021.99,130223.950
1763420400000,3021.99,3030.75,3004.40,3030.06,143152.560
1763424000000,3030.06,3040.00,2989.51,3031.43,259488.997
1763427600000,3031.43,3049.00,3012.64,3016.73,191951.259
1763431200000,3016.73,3044.86,2976.64,2984.40,477325.457
1763434800000,2984.41,3027.47,2943.31,3022.93,667374.704
1763438400000,3022.94,3024.23,2956.63,3005.00,404031.369
1763442000000,3004.99,3023.00,2982.77,3011.14,212542.327
1763445600000,3011.14,3014.59,2972.28,2988.85,203468.544
1763449200000,2988.84,3033.50,2976.06,3022.93,223977.564
1763452800000,3022.94,3066.89,3022.94,3059.23,301499.047
1763456400000,3059.23,3066.63,3026.70,3059.16,255350.695
1763460000000,3059.16,3071.98,3048.88,3064.50,153324.107
1763463600000,3064.50,3073.71,3050.75,3056.44,136131.995
1763467200000,3056.45,3065.00,3037.06,3048.03,189161.723
1763470800000,3048.04,3049.99,3020.01,3047.00,208941.747
1763474400000,3046.99,3091.73,3030.50,3056.67,442071.569
1763478000000,3056.68,3123.17,3032.00,3105.19,559457.819
1763481600000,3105.19,3167.89,3097.88,3150.88,456980.572
1763485200000,3150.87,3157.79,3118.64,3134.29,204423.856
1763488800000,3134.32,3169.28,3134.16,3159.12,167638.573
1763492400000,3159.12,3167.61,3134.39,3144.64,126278.083
1763496000000,3144.64,3149.46,3121.30,3121.87,92249.113
1763499600000,3121.86,3130.25,3095.99,3097.01,135203.561
1763503200000,3097.00,3128.50,3096.53,3124.02,84412.255
1763506800000,3124.02,3125.15,3105.99,3122.20,65377.906
1763510400000,3122.20,3122.75,3075.22,3099.57,169795.239
1763514000000,3099.58,3115.78,3083.75,3104.10,119554.491
1763517600000,3104.09,3125.05,3096.51,3112.91,120179.109
1763521200000,3112.91,3117.15,3068.19,3072.01,178765.220
1763524800000,3072.01,3075.91,3042.23,3047.46,195966.957
1763528400000,3047.45,3052.07,2990.15,3016.32,480696.721
1763532000000,3016.32,3043.89,3009.26,3039.49,235070.664
1763535600000,3039.50,3086.68,3037.48,3083.69,225130.977
1763539200000,3083.69,3099.03,3071.67,3079.13,250401.558
1763542800000,3079.12,3087.45,3051.38,3087.25,234784.241
1763546400000,3087.25,3112.96,3082.31,3091.05,161399.975
1763550000000,3091.04,3101.52,3075.83,3082.50,96781.393
1763553600000,3082.50,3107.49,3079.84,3099.23,115090.471
1763557200000,3099.23,3099.87,3055.48,3065.80,192732.062
1763560800000,3065.79,3068.45,3021.76,3058.99,550945.526
1763564400000,3059.00,3104.96,2966.00,2971.58,852393.081
1763568000000,2971.57,2985.54,2935.03,2948.87,638546.645
1763571600000,2948.87,2960.12,2895.00,2921.19,624337.413
1763575200000,2921.19,2927.85,2880.00,2898.46,561223.402
1763578800000,2898.46,2904.80,2873.00,2880.79,367586.831
1763582400000,2880.79,2956.65,2873.63,2944.08,445607.276
1763586000000,2944.09,3000.75,2937.52,2990.32,522401.433
1763589600000,2990.32,2991.00,2951.93,2983.26,157943.761
1763593200000,2983.25,3026.57,2983.10,3024.09,258593.421
1763596800000,3024.08,3047.75,3003.41,3017.72,274256.035
1763600400000,3017.73,3049.82,3017.33,3046.46,178241.524
1763604000000,3046.46,3057.00,3028.25,3042.59,197227.730
1763607600000,3042.60,3052.22,3035.64,3037.83,119502.384
1763611200000,3037.84,3054.25,3015.60,3052.92,239619.733
1763614800000,3052.91,3063.00,3031.48,3034.08,175251.026
1763618400000,3034.07,3041.50,3005.69,3019.64,166471.664
1763622000000,3019.63,3043.12,3013.90,3038.09,126886.867
1763625600000,3038.10,3043.68,3021.50,3029.33,97911.982
1763629200000,3029.33,3032.97,2990.47,3010.06,192034.371
1763632800000,3010.06,3019.60,2992.00,3014.10,154864.192
1763636400000,3014.11,3026.33,3000.67,3022.13,107380.345
1763640000000,3022.14,3031.59,3009.00,3027.40,118329.828
1763643600000,3027.41,3048.00,2994.67,2998.62,404368.995
1763647200000,2998.62,3021.32,2962.45,2999.42,694450.159
1763650800000,2999.43,3002.36,2950.00,2954.53,440712.647
1763654400000,2954.52,2960.11,2846.00,2861.21,1416214.475
1763658000000,2861.21,2872.61,2805.55,2832.16,988879.942
1763661600000,2832.16,2858.98,2804.71,2812.21,550037.241
1763665200000,2812.20,2854.88,2788.01,2846.39,487515.275
1763668800000,2846.39,2855.00,2818.00,2833.97,235947.113
1763672400000,2833.97,2896.17,2833.05,2877.96,235774.070
1763676000000,2877.96,2904.83,2874.80,2885.07,141046.161
1763679600000,2885.07,2890.66,2825.62,2832.97,266633.356
1763683200000,2832.96,2869.60,2831.25,2860.35,184061.397
1763686800000,2860.34,2885.84,2850.50,2861.03,166810.317
1763690400000,2861.04,2861.29,2768.86,2781.62,516254.422
1763694000000,2781.60,2824.78,2781.18,2807.76,305336.792
1763697600000,2807.76,2820.78,2781.08,2817.71,248084.685
1763701200000,2817.71,2831.85,2798.31,2808.53,196797.005
1763704800000,2808.54,2813.74,2777.77,2788.85,238749.677
1763708400000,2788.86,2799.27,2642.65,2718.66,1378156.845
1763712000000,2718.67,2753.18,2705.00,2736.70,475696.409
1763715600000,2736.71,2747.58,2680.00,2680.73,522902.848
1763719200000,2680.73,2716.28,2661.92,2695.87,527017.438
1763722800000,2695.88,2722.00,2672.93,2687.44,282885.385
1763726400000,2687.44,2742.99,2620.00,2726.40,1031893.479
1763730000000,2726.40,2768.80,2710.00,2740.49,575681.342
1763733600000,2740.49,2779.56,2717.08,2768.87,687624.805
1763737200000,2768.87,2776.92,2685.76,2703.70,928892.385
1763740800000,2703.69,2762.80,2673.58,2761.32,659596.347
1763744400000,2761.31,2805.94,2753.44,2779.40,468450.570
1763748000000,2779.39,2793.43,2714.85,2777.74,474220.994
1763751600000,2777.71,2786.49,2738.35,2750.62,191871.725
1763755200000,2750.62,2755.00,2707.00,2736.46,262370.410
1763758800000,2736.45,2774.98,2729.85,2765.68,131068.826
1763762400000,2765.68,2772.79,2718.93,2720.60,123169.611
1763766000000,2720.62,2768.73,2711.53,2764.69,149579.390
1763769600000,2764.70,2779.79,2756.87,2764.91,112040.412
1763773200000,2764.91,2783.34,2759.78,2773.35,76946.050
1763776800000,2773.35,2776.51,2737.70,2751.90,113403.028
1763780400000,2751.90,2756.72,2741.00,2751.17,70483.782
1763784000000,2751.16,2753.13,2725.24,2746.40,121849.982
1763787600000,2746.40,2748.90,2726.00,2743.15,93623.708
1763791200000,2743.16,2767.64,2731.11,2764.76,139989.301
1763794800000,2764.76,2770.00,2753.37,2755.13,110993.074
1763798400000,2755.14,2755.36,2717.32,2728.92,240479.535
1763802000000,2728.92,2738.73,2720.01,2724.81,117496.698
1763805600000,2724.82,2730.42,2703.38,2711.71,150582.038
1763809200000,2711.71,2742.05,2702.87,2734.00,162201.676
1763812800000,2734.01,2734.89,2709.25,2719.70,140033.817
1763816400000,2719.70,2733.54,2710.32,2718.08,84316.308
1763820000000,2718.08,2754.41,2717.12,2744.67,198935.354
1763823600000,2744.66,2749.60,2724.12,2737.62,137362.938
1763827200000,2737.61,2758.00,2733.91,2753.99,134938.120
1763830800000,2753.98,2757.37,2743.14,2748.64,69954.020
1763834400000,2748.64,2753.99,2741.10,2751.06,41592.173
1763838000000,2751.07,2756.13,2743.20,2749.26,42156.642
1763841600000,2749.26,2755.67,2732.34,2739.99,68413.791
1763845200000,2739.99,2747.63,2735.60,2746.54,41225.853
1763848800000,2746.53,2798.00,2740.50,2788.01,143216.370
1763852400000,2788.00,2792.58,2766.11,2769.06,97586.223
1763856000000,2769.06,2788.44,2766.87,2771.78,80196.204
1763859600000,2771.78,2814.92,2770.23,2807.08,158363.009
1763863200000,2807.08,2833.00,2802.51,2819.72,193007.424
1763866800000,2819.71,2823.41,2808.17,2823.02,91832.777
1763870400000,2823.01,2850.94,2818.26,2826.19,274691.706
1763874000000,2826.20,2829.77,2811.58,2823.72,100705.075
1763877600000,2823.71,2831.47,2803.00,2808.43,113123.341
1763881200000,2808.42,2810.79,2775.00,2792.16,220488.864
1763884800000,2792.16,2814.50,2792.02,2810.00,112149.299
1763888400000,2810.00,2823.14,2804.41,2815.06,82912.201
1763892000000,2815.06,2815.37,2801.33,2807.25,77645.067
1763895600000,2807.25,2819.65,2802.20,2814.41,69211.266
1763899200000,2814.42,2844.44,2812.31,2833.82,220326.464
1763902800000,2833.81,2844.33,2821.24,2842.47,122400.850
1763906400000,2842.46,2857.00,2811.00,2813.55,232524.873
1763910000000,2813.55,2838.79,2808.00,2835.01,149778.555
1763913600000,2835.01,2845.53,2796.06,2798.65,185232.054
1763917200000,2798.66,2807.11,2785.00,2791.30,200444.966
1763920800000,2791.30,2815.93,2791.29,2807.33,97175.433
1763924400000,2807.33,2836.67,2805.75,2821.52,108473.069
1763928000000,2821.51,2835.00,2820.04,2827.08,60427.071
1763931600000,2827.09,2843.99,2815.12,2839.90,83911.259
1763935200000,2839.91,2843.45,2823.00,2836.85,71116.021
1763938800000,2836.87,2842.50,2793.19,2800.73,182826.869
1763942400000,2800.74,2802.08,2761.38,2786.69,286589.543
1763946000000,2786.68,2806.29,2776.50,2804.76,146003.297
1763949600000,2804.75,2865.30,2802.65,2839.24,443949.793
1763953200000,2839.23,2866.34,2833.70,2855.52,183784.739
1763956800000,2855.51,2869.99,2800.99,2823.71,325161.601
1763960400000,2823.70,2884.80,2821.28,2866.13,355097.672
1763964000000,2866.13,2867.65,2826.41,2837.81,232561.468
1763967600000,2837.81,2843.78,2821.49,2828.77,135248.884
1763971200000,2828.76,2841.92,2820.04,2837.37,109862.617
1763974800000,2837.38,2837.38,2786.01,2796.45,294249.121
1763978400000,2796.46,2805.75,2792.08,2797.85,107705.899
1763982000000,2797.84,2807.28,2787.56,2802.07,89250.878
1763985600000,2802.06,2810.97,2793.72,2802.24,103064.674
1763989200000,2802.25,2827.36,2801.00,2813.91,169188.911
1763992800000,2813.90,2848.28,2782.20,2831.16,557175.144
1763996400000,2831.23,2859.50,2810.86,2845.16,404808.711
1764000000000,2845.15,2875.00,2841.29,2857.46,280638.435
1764003600000,2857.47,2942.99,2855.17,2938.62,637305.501
1764007200000,2938.63,2963.00,2927.89,2955.68,426047.011
1764010800000,2955.67,2978.99,2952.17,2957.80,272761.692
1764014400000,2957.81,2986.98,2951.00,2971.25,240442.378
1764018000000,2971.25,2972.96,2944.70,2957.98,161495.767
1764021600000,2957.97,2979.42,2950.72,2959.23,86387.658
1764025200000,2959.22,2967.59,2950.43,2952.19,109593.757
1764028800000,2952.18,2952.51,2930.52,2941.98,156801.233
1764032400000,2941.97,2947.22,2916.59,2917.98,119750.978
1764036000000,2917.99,2933.52,2907.00,2929.75,175463.437
1764039600000,2929.75,2935.75,2902.50,2910.29,145987.478
1764043200000,2910.29,2941.39,2908.35,2936.06,147269.549
1764046800000,2936.05,2937.36,2916.90,2927.25,93698.889
1764050400000,2927.26,2927.63,2911.00,2921.09,96750.437
1764054000000,2921.08,2924.65,2900.01,2901.56,130379.913
1764057600000,2901.56,2907.67,2868.01,2870.19,266659.833
1764061200000,2870.18,2891.85,2863.39,2890.35,250529.887
1764064800000,2890.34,2898.57,2878.38,2896.69,130236.125
1764068400000,2896.68,2898.65,2886.70,2889.53,81025.356
1764072000000,2889.54,2931.65,2888.28,2926.00,264020.016
1764075600000,2925.99,2933.50,2896.39,2906.07,236274.368
1764079200000,2906.07,2921.17,2855.49,2879.41,471455.617
1764082800000,2879.41,2914.27,2855.00,2894.18,408254.499
1764086400000,2894.19,2936.99,2885.58,2927.66,225127.392
1764090000000,2927.65,2952.99,2918.69,2934.85,247862.720
1764093600000,2934.86,2957.00,2921.37,2922.89,163613.554
1764097200000,2922.89,2927.00,2870.03,2921.19,307418.598
1764100800000,2921.18,2942.84,2915.00,2927.73,173893.811
1764104400000,2927.73,2944.64,2921.55,2929.65,94364.343
1764108000000,2929.65,2976.61,2905.59,2968.75,220937.117
1764111600000,2968.74,2979.31,2952.50,2958.24,166483.724
1764115200000,2958.24,2971.24,2948.00,2953.08,103194.088
1764118800000,2953.07,2983.80,2943.45,2968.82,138845.428
1764122400000,2968.81,2975.39,2955.19,2955.41,73115.635
1764126000000,2955.42,2963.74,2920.26,2925.54,183510.531
1764129600000,2925.54,2937.86,2918.56,2928.90,117109.053
1764133200000,2928.90,2951.70,2928.08,2942.74,102921.296
1764136800000,2942.74,2953.81,2930.98,2944.64,115455.344
1764140400000,2944.65,2948.17,2933.35,2943.04,68142.648
1764144000000,2943.04,2949.25,2910.10,2911.83,148162.291
1764147600000,2911.82,2916.28,2900.97,2905.84,155594.924
1764151200000,2905.84,2917.00,2904.14,2912.73,121552.023
1764154800000,2912.74,2916.89,2905.93,2912.82,78771.489
1764158400000,2912.82,2916.95,2887.09,2900.00,231268.994
1764162000000,2900.01,2936.33,2898.01,2932.88,220344.198
1764165600000,2932.89,2948.54,2903.00,2909.34,335234.828
1764169200000,2909.33,2938.50,2905.91,2926.63,301231.678
1764172800000,2926.63,2958.85,2924.74,2945.15,322808.258
1764176400000,2945.16,3033.30,2938.00,3025.66,578965.512
1764180000000,3025.66,3044.46,3011.37,3032.73,371079.321
1764183600000,3032.73,3036.40,3016.10,3031.08,140437.009
1764187200000,3031.08,3031.08,3006.66,3023.19,139568.068
1764190800000,3023.20,3034.52,3014.23,3020.63,90881.722
1764194400000,3020.64,3032.35,3017.00,3026.42,67945.469
1764198000000,3026.43,3032.00,3015.91,3025.02,67287.977
1764201600000,3025.02,3046.66,3002.00,3033.75,201753.889
1764205200000,3033.75,3057.20,3026.25,3050.58,170068.877
1764208800000,3050.58,3070.00,3035.00,3035.75,284591.336
1764212400000,3035.76,3050.62,3028.00,3032.32,135140.168
1764216000000,3032.31,3052.73,3030.00,3040.15,105950.671
1764219600000,3040.14,3044.88,3015.26,3022.20,147924.377
1764223200000,3022.20,3033.30,3021.35,3026.48,68326.003
1764226800000,3026.48,3034.99,3024.65,3032.12,55865.497
1764230400000,3032.12,3034.00,3016.06,3026.85,81351.441
1764234000000,3026.85,3044.00,3024.03,3026.20,159716.756
1764237600000,3026.19,3034.74,3020.14,3032.83,90602.615
1764241200000,3032.84,3034.72,3021.89,3026.75,68028.157
1764244800000,3026.75,3028.75,2986.32,2990.24,274348.829
1764248400000,2990.23,3000.99,2987.04,2994.03,188878.670
1764252000000,2994.04,2998.26,2983.81,2994.76,123091.550
1764255600000,2994.76,3013.30,2988.50,3009.68,161350.672
1764259200000,3009.68,3026.10,3003.01,3019.35,145932.318
1764262800000,3019.34,3022.97,3011.10,3018.53,64912.147
1764266400000,3018.54,3038.00,3014.61,3035.99,104423.449
1764270000000,3035.99,3036.16,3025.33,3030.48,55139.447
1764273600000,3030.49,3043.50,3028.55,3037.38,66393.918
1764277200000,3037.39,3042.82,3028.09,3030.82,54346.450
1764280800000,3030.82,3033.45,3002.00,3009.41,91009.589
1764284400000,3009.41,3022.44,3006.00,3013.80,59876.711
1764288000000,3013.81,3023.16,3007.81,3013.51,57133.319
1764291600000,3013.51,3015.40,2992.10,2996.78,136873.234
1764295200000,2996.78,3014.00,2994.45,3010.80,97081.423
1764298800000,3010.81,3013.80,3000.17,3007.19,71651.806
1764302400000,3007.19,3018.58,3004.22,3016.00,71570.947
1764306000000,3016.00,3028.00,3013.67,3022.97,96623.646
1764309600000,3022.97,3022.97,3000.90,3008.34,92291.515
1764313200000,3008.34,3022.00,2998.40,3000.14,120982.993
1764316800000,3000.13,3080.00,2999.70,3063.61,356308.938
1764320400000,3063.61,3071.81,3047.10,3054.09,185455.224
1764324000000,3054.09,3062.38,3045.84,3059.27,96133.836
1764327600000,3059.28,3060.76,3015.31,3032.44,205907.220
1764331200000,3032.44,3044.78,3030.93,3034.82,73919.360
1764334800000,3034.82,3087.99,3024.34,3072.56,272229.566
1764338400000,3072.56,3099.00,3050.01,3065.46,446962.118
1764342000000,3065.46,3090.57,3053.93,3071.77,309457.291
1764345600000,3071.77,3072.53,3020.00,3023.67,332721.537
1764349200000,3023.67,3042.99,3009.36,3033.60,302835.128
1764352800000,3033.60,3047.70,3022.61,3041.15,148013.187
1764356400000,3041.14,3059.85,3035.81,3048.50,117156.508
1764360000000,3048.50,3056.38,3034.00,3054.54,96198.547
1764363600000,3054.54,3058.39,3034.59,3035.03,59450.090
1764367200000,3035.02,3041.49,3018.20,3038.27,93662.010
1764370800000,3038.27,3044.00,3028.65,3029.80,38354.164
1764374400000,3029.80,3038.23,3028.30,3034.49,40480.888
1764378000000,3034.50,3051.46,3030.80,3036.96,66685.428
1764381600000,3036.97,3039.43,3022.30,3029.29,57812.220
1764385200000,3029.30,3034.94,3016.02,3021.51,63784.597
1764388800000,3021.51,3044.24,3018.36,3039.18,80012.505
1764392400000,3039.18,3041.95,3029.86,3031.61,45673.329
1764396000000,3031.61,3037.45,2989.12,3005.71,303448.503
1764399600000,3005.71,3012.92,2993.40,3003.23,91244.331
1764403200000,3003.22,3009.85,2999.62,3006.78,60325.810
1764406800000,3006.77,3008.85,2996.19,3000.29,58368.943
1764410400000,3000.30,3006.34,2982.30,2995.65,137835.078
1764414000000,2995.66,3000.00,2990.32,2998.45,89014.259
1764417600000,2998.45,3000.00,2990.88,2995.50,79582.436
1764421200000,2995.49,3000.00,2991.00,2996.87,56327.976
1764424800000,2996.87,2997.34,2985.40,2987.10,95529.244
1764428400000,2987.09,3015.00,2987.09,3006.00,166756.910
1764432000000,3006.00,3011.10,2996.92,3002.02,62116.715
1764435600000,3002.02,3003.54,2964.31,2968.63,239584.519
1764439200000,2968.64,2997.00,2960.01,2993.51,237764.384
1764442800000,2993.51,2999.00,2982.57,2987.49,73418.322
1764446400000,2987.49,2997.84,2981.64,2996.21,47477.115
1764450000000,2996.22,2997.87,2980.80,2992.84,44608.868
1764453600000,2992.83,2994.48,2982.42,2987.72,32623.894
1764457200000,2987.72,2992.92,2984.36,2987.96,27916.169
1764460800000,2987.96,2998.46,2986.76,2995.86,33722.395
1764464400000,2995.87,3011.97,2994.75,3003.81,64508.385
1764468000000,3003.81,3010.99,2989.01,2989.99,57068.470
1764471600000,2989.98,3004.68,2974.00,3000.44,132497.267
1764475200000,3000.44,3002.28,2994.09,2997.00,33426.948
1764478800000,2997.00,2997.08,2984.20,2990.61,75194.690
1764482400000,2990.61,2999.11,2985.37,2996.47,46761.875
1764486000000,2996.46,3007.50,2994.70,3003.54,53378.530
1764489600000,3003.54,3019.29,3000.86,3005.53,109208.471
1764493200000,3005.53,3013.77,3003.04,3008.22,53849.466
1764496800000,3008.23,3009.98,3004.25,3007.93,29954.867
1764500400000,3007.93,3016.00,2996.69,3001.76,71914.567
1764504000000,3001.77,3032.40,2998.38,3024.59,146170.709
1764507600000,3024.59,3052.21,3021.08,3047.93,243114.190
1764511200000,3047.93,3049.99,3026.01,3036.65,129510.073
1764514800000,3036.64,3036.64,3023.09,3027.65,81074.267
1764518400000,3027.65,3048.44,3027.05,3042.75,95965.423
1764522000000,3042.74,3043.64,3030.12,3039.86,71959.149
1764525600000,3039.87,3040.34,3027.13,3035.91,39254.396
1764529200000,3035.90,3039.87,3028.34,3033.44,40774.553
1764532800000,3033.45,3040.00,3021.15,3027.84,52560.767
1764536400000,3027.83,3028.20,3013.04,3021.11,74735.264
1764540000000,3021.12,3035.71,3018.05,3032.21,51283.479
1764543600000,3032.23,3034.07,2988.28,2990.02,190951.099
1764547200000,2990.02,2998.84,2830.00,2834.82,1074890.943
1764550800000,2834.82,2859.50,2832.04,2849.42,294904.777
1764554400000,2849.42,2872.99,2824.60,2836.79,394336.898
1764558000000,2836.80,2841.86,2812.50,2824.80,289533.654
1764561600000,2824.81,2827.00,2805.55,2820.82,221890.246
1764565200000,2820.81,2830.00,2808.68,2826.77,170311.649
1764568800000,2826.77,2834.77,2821.22,2823.52,94888.049
1764572400000,2823.51,2843.42,2818.48,2838.44,135679.053
1764576000000,2838.43,2844.72,2830.65,2838.87,101767.662
1764579600000,2838.86,2854.56,2827.00,2837.88,217692.121
1764583200000,2837.88,2844.82,2835.68,2841.89,85243.575
1764586800000,2841.90,2848.75,2833.86,2836.48,119910.471
1764590400000,2836.48,2838.11,2791.00,2819.53,414929.865
1764594000000,2819.52,2838.98,2802.94,2812.03,298834.003
1764597600000,2812.03,2831.07,2804.15,2816.84,251771.492
1764601200000,2816.85,2819.28,2718.07,2745.01,916398.499
1764604800000,2745.01,2755.74,2718.63,2730.64,377600.053
1764608400000,2730.65,2751.87,2727.35,2738.13,171094.915
1764612000000,2738.12,2756.93,2722.99,2748.36,227855.333
1764615600000,2748.36,2752.56,2729.04,2739.58,123051.253
1764619200000,2739.57,2768.39,2738.97,2756.86,225156.123
1764622800000,2756.87,2797.59,2754.75,2790.68,257644.761
1764626400000,2790.68,2812.68,2790.00,2795.65,156840.410
1764630000000,2795.66,2818.00,2795.31,2797.47,119604.915
1764633600000,2797.48,2803.77,2781.38,2794.29,143344.172
1764637200000,2794.29,2825.57,2791.55,2793.90,169234.128
1764640800000,2793.90,2813.00,2783.70,2799.69,112151.851
1764644400000,2799.69,2809.45,2783.78,2803.25,118101.035
1764648000000,2803.24,2813.29,2802.26,2803.84,76681.026
1764651600000,2803.84,2805.66,2796.00,2801.99,59741.769
1764655200000,2801.99,2814.80,2796.25,2811.72,73492.681
1764658800000,2811.73,2813.42,2801.29,2804.20,57536.283
1764662400000,2804.20,2805.52,2780.60,2797.19,166555.961
1764666000000,2797.19,2810.98,2794.00,2796.60,98244.299
1764669600000,2796.60,2834.02,2796.33,2821.71,180739.074
1764673200000,2821.72,2829.46,2814.81,2824.67,117093.964
1764676800000,2824.68,2830.28,2815.00,2826.48,88044.622
1764680400000,2826.48,2847.30,2820.84,2842.95,206870.029
1764684000000,2842.95,2909.27,2838.97,2893.69,661811.967
1764687600000,2893.69,3026.04,2892.35,3005.55,1070021.864
1764691200000,3005.55,3024.21,2985.13,2994.08,516287.852
1764694800000,2994.09,3034.94,2992.60,3014.36,319416.710
1764698400000,3014.36,3032.53,3006.15,3012.38,202066.925
1764702000000,3012.38,3028.81,3011.56,3014.61,106309.505
1764705600000,3014.60,3015.78,2970.04,2978.68,258512.013
1764709200000,2978.68,2996.68,2976.00,2993.85,87416.753
1764712800000,2993.85,3020.00,2993.52,3016.32,105444.275
1764716400000,3016.32,3017.26,2989.93,2994.63,85872.095
1764720000000,2994.63,3007.38,2983.76,3001.72,114315.615
1764723600000,3001.72,3027.32,2997.75,3014.27,130589.959
1764727200000,3014.27,3048.00,3012.42,3029.46,238640.600
1764730800000,3029.47,3036.66,3019.66,3029.08,93603.884
1764734400000,3029.07,3063.00,3028.05,3055.21,197834.997
1764738000000,3055.21,3069.46,3045.63,3057.19,177476.096
1764741600000,3057.18,3084.34,3053.00,3065.36,251003.521
1764745200000,3065.36,3067.11,3050.15,3056.41,111797.386
1764748800000,3056.41,3059.85,3041.95,3049.86,113760.436
1764752400000,3049.86,3062.00,3044.21,3059.04,91085.812
1764756000000,3059.04,3079.15,3048.89,3054.55,138637.857
1764759600000,3054.56,3076.96,3048.48,3071.95,133905.488
1764763200000,3071.94,3085.49,3065.74,3080.16,177444.343
1764766800000,3080.15,3094.99,3076.02,3088.79,180697.244
1764770400000,3088.79,3145.14,3030.00,3074.79,1146482.242
1764774000000,3074.80,3108.68,3055.00,3084.84,384710.146
1764777600000,3084.84,3106.51,3062.72,3086.99,221699.010
1764781200000,3086.99,3132.37,3086.00,3126.38,226741.881
1764784800000,3126.39,3141.17,3103.00,3113.76,223542.024
1764788400000,3113.76,3131.88,3109.66,3126.78,99711.713
1764792000000,3126.79,3161.62,3115.60,3136.82,213363.488
1764795600000,3136.83,3169.00,3127.06,3163.09,213193.844
1764799200000,3163.08,3198.00,3141.82,3188.42,328137.815
1764802800000,3188.43,3216.53,3177.16,3187.07,252872.653
1764806400000,3187.08,3206.00,3172.75,3196.48,209515.874
1764810000000,3196.49,3239.27,3193.31,3201.23,388290.135
1764813600000,3201.24,3224.66,3197.03,3219.99,142119.887
1764817200000,3220.00,3227.72,3203.27,3208.57,86059.027
1764820800000,3208.57,3218.00,3186.09,3190.84,147542.578
1764824400000,3190.84,3193.62,3170.06,3184.09,195707.213
1764828000000,3184.10,3219.33,3179.44,3203.81,202617.514
1764831600000,3203.81,3204.72,3179.02,3189.02,155575.790
1764835200000,3189.01,3195.88,3173.45,3183.00,110920.131
1764838800000,3183.01,3207.59,3181.72,3198.64,102865.047
1764842400000,3198.65,3202.64,3183.55,3187.28,70649.771
1764846000000,3187.28,3193.66,3175.55,3185.09,96974.023
1764849600000,3185.09,3192.67,3171.56,3175.42,99939.218
1764853200000,3175.41,3189.62,3154.27,3169.39,270392.540
1764856800000,3169.39,3187.66,3138.15,3143.01,338848.603
1764860400000,3143.00,3227.66,3142.47,3206.56,499922.166
1764864000000,3206.56,3225.00,3157.14,3167.16,437082.218
1764867600000,3167.16,3174.10,3131.01,3159.20,271433.192
1764871200000,3159.21,3164.07,3131.18,3139.70,159289.860
1764874800000,3139.70,3140.98,3064.81,3117.66,586839.720
1764878400000,3117.66,3144.59,3104.05,3139.53,189937.423
1764882000000,3139.53,3150.47,3117.11,3122.00,112047.647
1764885600000,3121.99,3148.17,3121.92,3142.57,74881.578
1764889200000,3142.58,3143.15,3126.77,3132.01,51647.956
1764892800000,3132.01,3156.50,3131.05,3145.22,98716.272
1764896400000,3145.23,3169.68,3142.02,3162.09,101187.802
1764900000000,3162.08,3188.00,3154.68,3181.68,124374.625
1764903600000,3181.68,3192.72,3165.00,3169.61,106190.442
1764907200000,3169.61,3180.64,3150.43,3167.17,168593.900
1764910800000,3167.18,3172.64,3151.18,3154.80,76587.775
1764914400000,3154.80,3176.10,3154.80,3167.65,75532.179
1764918000000,3167.65,3181.64,3164.87,3172.47,115508.040
1764921600000,3172.47,3172.47,3140.35,3153.87,139251.140
1764925200000,3153.88,3154.10,3106.01,3120.39,345122.638
1764928800000,3120.39,3147.66,3119.06,3133.40,191631.365
1764932400000,3133.41,3142.00,3107.17,3130.00,208376.027
1764936000000,3129.99,3134.14,3116.30,3126.49,94424.584
1764939600000,3126.50,3137.12,3086.00,3097.94,363484.798
1764943200000,3097.95,3115.74,3081.09,3102.43,330740.402
1764946800000,3102.42,3157.00,3093.05,3105.39,589051.068
1764950400000,3105.39,3107.48,2996.92,3031.69,978189.357
1764954000000,3031.69,3039.00,3005.20,3032.04,276448.718
1764957600000,3032.05,3062.49,3002.40,3006.13,321461.628
1764961200000,3006.14,3046.80,2978.00,3037.09,335066.473
1764964800000,3037.09,3047.80,3013.14,3020.83,144029.507
1764968400000,3020.85,3036.14,3013.00,3018.81,86211.808
1764972000000,3018.81,3031.39,3008.10,3025.43,47546.641
1764975600000,3025.44,3026.06,3005.12,3020.38,61000.821
1764979200000,3020.38,3027.67,3011.00,3024.70,52934.480
1764982800000,3024.71,3032.55,3017.55,3025.54,44889.863
1764986400000,3025.53,3029.35,3017.03,3027.91,47953.675
1764990000000,3027.91,3044.80,3026.44,3038.64,97435.335
1764993600000,3038.64,3041.00,3027.89,3035.04,46063.586
1764997200000,3035.04,3039.00,3030.42,3035.68,32778.817
1765000800000,3035.67,3040.68,3032.00,3037.99,36085.278
1765004400000,3038.00,3039.66,3022.98,3024.98,69974.870
1765008000000,3024.98,3034.50,3012.00,3013.02,97045.259
1765011600000,3013.02,3031.79,3012.05,3028.64,79835.248
1765015200000,3028.65,3037.00,3023.81,3029.56,42930.074
1765018800000,3029.56,3040.70,3027.00,3037.46,53763.103
1765022400000,3037.46,3039.65,3028.51,3030.37,50200.737
1765026000000,3030.37,3041.78,3028.57,3034.60,42615.899
1765029600000,3034.60,3068.58,3032.90,3053.50,223666.724
1765033200000,3053.49,3054.24,3025.00,3040.10,148371.205
1765036800000,3040.10,3065.59,3039.09,3051.16,96366.569
1765040400000,3051.15,3058.88,3045.33,3054.33,51052.918
1765044000000,3054.33,3054.96,3036.55,3040.65,48241.368
1765047600000,3040.65,3047.10,3023.00,3029.03,77064.857
1765051200000,3029.04,3040.37,3028.76,3038.42,29496.027
1765054800000,3038.41,3043.75,3035.00,3041.42,37309.463
1765058400000,3041.43,3053.99,3035.76,3040.63,37858.839
1765062000000,3040.63,3042.00,3024.35,3036.53,74678.964
1765065600000,3036.53,3047.98,3030.65,3043.50,47774.223
1765069200000,3043.49,3051.30,3040.05,3041.46,50090.610
1765072800000,3041.45,3056.60,3041.07,3052.35,38175.433
1765076400000,3052.34,3055.40,3047.96,3052.58,35106.209
1765080000000,3052.57,3056.78,3042.00,3045.08,39000.271
1765083600000,3045.09,3048.32,3042.33,3043.14,24556.146
1765087200000,3043.13,3047.47,3042.01,3046.66,31738.880
1765090800000,3046.66,3049.74,3029.16,3035.91,82326.398
1765094400000,3035.90,3042.18,3026.18,3033.27,67483.576
1765098000000,3033.28,3037.90,3023.25,3029.11,59276.732
1765101600000,3029.12,3042.90,3028.43,3037.08,60414.934
1765105200000,3037.08,3041.00,3033.81,3034.52,28967.370
1765108800000,3034.52,3049.95,3033.47,3047.52,58346.547
1765112400000,3047.52,3052.80,3025.68,3030.18,128458.786
1765116000000,3030.19,3034.63,2903.75,2941.32,814339.040
1765119600000,2941.32,3040.20,2938.50,3025.82,586839.483
1765123200000,3025.83,3040.00,2997.59,3038.51,325707.878
1765126800000,3038.51,3135.39,3023.18,3111.60,638584.337
1765130400000,3111.61,3150.00,3111.46,3127.89,259938.625
1765134000000,3127.88,3141.98,3120.30,3136.77,103418.476
1765137600000,3136.77,3145.91,3130.50,3139.98,58205.592
1765141200000,3139.98,3139.98,3066.92,3083.99,254107.250
1765144800000,3084.00,3085.00,3010.00,3031.64,385136.532
1765148400000,3031.64,3063.44,3023.41,3058.14,138093.997
1765152000000,3058.14,3075.97,3038.76,3061.66,118378.567
1765155600000,3061.67,3133.69,3061.15,3097.12,290888.625
1765159200000,3097.12,3114.10,3089.96,3108.35,105481.309
1765162800000,3108.34,3119.75,3100.00,3109.65,93165.123
1765166400000,3109.65,3137.02,3107.15,3127.59,127415.571
1765170000000,3127.60,3140.15,3120.08,3129.22,102384.271
1765173600000,3129.22,3139.27,3120.97,3129.27,115619.319
1765177200000,3129.27,3136.88,3121.10,3132.62,79744.112
1765180800000,3132.61,3146.13,3123.81,3142.26,102831.643
1765184400000,3142.26,3179.99,3139.59,3157.53,266453.313
1765188000000,3157.54,3163.90,3151.37,3159.03,73250.593
1765191600000,3159.04,3162.65,3132.94,3140.61,154115.339
1765195200000,3140.61,3142.22,3121.80,3130.26,180835.228
1765198800000,3130.25,3159.87,3128.02,3144.66,246527.991
1765202400000,3144.65,3178.00,3123.05,3126.82,497487.116
1765206000000,3126.82,3137.94,3087.34,3099.69,619497.079
1765209600000,3099.69,3132.26,3090.70,3106.66,288548.863
1765213200000,3106.66,3128.00,3097.02,3119.20,165310.854
1765216800000,3119.19,3131.90,3066.17,3091.15,204653.670
1765220400000,3091.13,3127.52,3088.32,3117.55,119281.437
1765224000000,3117.56,3144.65,3117.23,3134.62,125665.308
1765227600000,3134.62,3152.00,3125.05,3144.89,104968.170
1765231200000,3144.90,3146.00,3118.44,3128.65,60961.963
1765234800000,3128.65,3136.40,3111.65,3123.14,55166.334
1765238400000,3123.15,3142.30,3112.71,3118.34,103676.615
1765242000000,3118.35,3123.08,3097.27,3105.85,106694.896
1765245600000,3105.84,3114.75,3096.04,3097.34,100695.187
1765249200000,3097.35,3128.00,3089.01,3127.99,189897.733
1765252800000,3128.00,3130.00,3102.34,3106.02,117718.166
1765256400000,3106.02,3117.50,3094.00,3106.95,86228.395
1765260000000,3106.96,3114.91,3095.01,3111.71,84565.070
1765263600000,3111.72,3125.68,3108.01,3121.57,93000.389
1765267200000,3121.58,3129.60,3113.86,3119.54,65762.390
1765270800000,3119.55,3122.21,3102.00,3104.50,101698.041
1765274400000,3104.50,3113.25,3090.00,3106.28,110678.177
1765278000000,3106.29,3119.76,3099.02,3116.91,69973.897
1765281600000,3116.91,3139.99,3112.90,3135.96,158495.082
1765285200000,3135.96,3138.97,3107.60,3115.86,196046.859
1765288800000,3115.85,3128.06,3097.00,3115.91,195709.117
1765292400000,3115.91,3256.00,3113.93,3244.91,997543.157
1765296000000,3244.92,3377.92,3244.30,3365.02,1151678.113
1765299600000,3365.02,3397.50,3355.61,3374.39,590993.220
1765303200000,3374.39,3387.32,3360.00,3374.82,176443.073
1765306800000,3374.83,3377.35,3344.74,3357.06,169984.544
1765310400000,3357.05,3360.32,3303.07,3326.21,293999.109
1765314000000,3326.21,3334.57,3283.51,3300.57,208424.891
1765317600000,3300.57,3341.78,3296.32,3326.92,141137.234
1765321200000,3326.92,3333.78,3315.04,3316.49,78729.010
1765324800000,3316.50,3327.43,3303.67,3304.58,98356.218
1765328400000,3304.59,3313.99,3286.58,3301.50,105681.998
1765332000000,3301.50,3311.62,3290.70,3309.84,98029.260
1765335600000,3309.84,3315.41,3303.93,3308.00,52201.816
1765339200000,3308.01,3325.74,3305.22,3321.18,89951.063
1765342800000,3321.18,3334.92,3313.26,3321.10,89848.252
1765346400000,3321.11,3326.99,3313.41,3324.33,48289.774
1765350000000,3324.32,3325.87,3310.00,3325.65,68225.648
1765353600000,3325.64,3332.74,3320.52,3320.53,96832.976
1765357200000,3320.54,3347.94,3313.47,3346.12,144440.186
1765360800000,3346.12,3374.93,3309.03,3310.78,345469.809
1765364400000,3310.77,3319.41,3295.56,3316.75,186077.176
1765368000000,3316.76,3326.52,3307.56,3323.04,111221.204
1765371600000,3323.04,3337.77,3317.69,3332.90,146606.686
1765375200000,3332.89,3337.91,3302.61,3317.95,203874.846
1765378800000,3317.94,3336.91,3304.86,3326.63,179965.582
1765382400000,3326.63,3368.78,3319.48,3349.99,258519.980
1765386000000,3350.00,3387.00,3345.00,3368.92,228906.976
1765389600000,3368.92,3428.63,3356.72,3380.00,440882.185
1765393200000,3380.00,3436.95,3341.00,3388.97,757626.090
1765396800000,3388.98,3446.12,3344.29,3354.17,562680.034
1765400400000,3354.17,3368.70,3328.00,3338.54,276022.770
1765404000000,3338.54,3354.29,3316.90,3345.18,148234.530
1765407600000,3345.18,3351.30,3318.88,3322.79,74069.037
1765411200000,3322.80,3326.74,3256.61,3278.35,312942.441
1765414800000,3278.36,3278.67,3242.10,3253.33,266451.094
1765418400000,3253.33,3254.96,3205.03,3209.80,311769.645
1765422000000,3209.79,3209.80,3165.00,3189.78,416596.474
1765425600000,3189.77,3214.00,3179.00,3212.91,265800.259
1765429200000,3212.93,3213.81,3192.50,3212.88,109621.709
1765432800000,3212.88,3212.89,3192.47,3201.44,105187.369
1765436400000,3201.43,3204.96,3194.08,3199.97,61669.681
1765440000000,3199.97,3200.31,3175.20,3195.56,145392.128
1765443600000,3195.57,3212.00,3191.56,3197.46,137198.560
1765447200000,3197.46,3201.94,3187.00,3194.73,78814.544
1765450800000,3194.73,3201.15,3191.29,3191.29,53809.436
1765454400000,3191.29,3206.00,3185.60,3197.71,98339.581
1765458000000,3197.70,3202.52,3186.73,3190.53,88405.187
1765461600000,3190.54,3194.66,3142.92,3158.16,532513.951
1765465200000,3158.16,3209.06,3153.28,3177.71,415522.935
1765468800000,3177.71,3196.12,3153.78,3173.90,300081.151
1765472400000,3173.89,3203.00,3166.59,3180.00,170893.401
1765476000000,3180.00,3232.89,3178.20,3202.11,338765.626
1765479600000,3202.10,3227.70,3187.59,3192.70,213020.419
1765483200000,3192.69,3225.28,3190.77,3219.86,187148.342
1765486800000,3219.86,3272.43,3212.32,3247.48,346070.477
1765490400000,3247.48,3264.35,3227.80,3236.47,131189.673
1765494000000,3236.46,3244.13,3221.00,3235.77,95759.022
1765497600000,3235.78,3245.65,3183.33,3187.61,155275.810
1765501200000,3187.61,3245.40,3187.61,3232.95,160217.369
1765504800000,3232.96,3264.78,3225.64,3257.03,144703.027
1765508400000,3257.04,3263.00,3237.09,3244.03,87652.849
1765512000000,3244.03,3250.00,3238.88,3246.01,55973.092
1765515600000,3246.00,3250.84,3230.53,3246.31,66294.530
1765519200000,3246.30,3263.50,3244.03,3252.92,111483.712
1765522800000,3252.92,3256.50,3241.38,3245.00,58709.656
1765526400000,3244.99,3249.00,3233.00,3243.81,85966.677
1765530000000,3243.80,3254.07,3231.00,3249.73,96363.528
1765533600000,3249.73,3254.74,3238.26,3242.53,69845.143
1765537200000,3242.54,3244.63,3225.02,3241.17,87790.719
1765540800000,3241.17,3248.02,3231.67,3245.91,96877.109
1765544400000,3245.90,3250.66,3236.44,3241.01,68822.640
1765548000000,3241.01,3247.13,3212.00,3229.82,251923.684
1765551600000,3229.81,3230.33,3050.00,3070.00,1297936.567
1765555200000,3070.01,3087.83,3041.10,3067.89,740606.580
1765558800000,3067.89,3098.28,3060.18,3064.76,348431.459
1765562400000,3064.77,3096.48,3063.00,3078.11,200583.895
1765566000000,3078.10,3080.87,3060.79,3071.94,161894.559
1765569600000,3071.94,3085.12,3065.79,3079.96,112498.127
1765573200000,3079.95,3089.07,3074.31,3080.00,69983.214
1765576800000,3080.00,3092.85,3078.83,3091.91,49067.207
1765580400000,3091.91,3095.00,3081.45,3083.34,37816.488
1765584000000,3083.34,3094.07,3080.53,3084.92,43015.454
1765587600000,3084.92,3089.26,3077.00,3083.19,37363.245
1765591200000,3083.19,3088.26,3082.22,3083.14,32412.472
1765594800000,3083.15,3091.85,3082.75,3088.46,39004.551
1765598400000,3088.46,3090.60,3084.16,3088.36,32674.715
1765602000000,3088.36,3090.83,3082.18,3087.91,31548.271
1765605600000,3087.90,3094.23,3082.99,3092.16,42740.535
1765609200000,3092.15,3093.95,3088.28,3093.19,58689.410
1765612800000,3093.20,3131.59,3090.91,3114.83,203156.451
1765616400000,3114.82,3121.22,3110.59,3116.57,71061.619
1765620000000,3116.58,3135.00,3116.20,3126.17,83164.798
1765623600000,3126.17,3127.60,3113.50,3117.99,69342.954
1765627200000,3118.00,3125.99,3107.44,3113.94,63472.150
1765630800000,3113.95,3118.36,3092.64,3108.00,116476.874
1765634400000,3108.01,3114.75,3094.36,3109.43,95957.745
1765638000000,3109.43,3122.83,3103.01,3108.10,70734.556
1765641600000,3108.10,3115.25,3099.12,3104.26,59422.267
1765645200000,3104.25,3104.45,3094.39,3099.56,47089.965
1765648800000,3099.57,3109.76,3097.75,3100.42,34258.141
1765652400000,3100.42,3110.42,3099.17,3107.12,21162.386
1765656000000,3107.13,3108.96,3101.07,3103.03,15699.600
1765659600000,3103.04,3113.95,3075.00,3110.14,104945.693
1765663200000,3110.14,3118.99,3100.78,3112.77,45110.271
1765666800000,3112.78,3116.70,3108.17,3113.01,31795.398
1765670400000,3113.00,3121.97,3101.27,3117.80,71489.697
1765674000000,3117.80,3128.65,3113.16,3118.20,53898.787
1765677600000,3118.21,3124.00,3114.33,3121.22,30645.698
1765681200000,3121.22,3124.73,3115.45,3117.40,28132.853
1765684800000,3117.40,3120.99,3105.00,3109.99,48693.990
1765688400000,3110.00,3113.90,3103.01,3110.35,49402.968
1765692000000,3110.35,3114.15,3104.01,3109.45,21749.327
1765695600000,3109.44,3116.35,3107.35,3113.78,23845.671
1765699200000,3113.77,3118.72,3107.56,3109.70,38542.709
1765702800000,3109.70,3112.64,3106.13,3107.84,40560.403
1765706400000,3107.84,3111.68,3092.26,3105.98,85916.390
1765710000000,3105.97,3108.35,3048.32,3083.45,361466.610
1765713600000,3083.46,3107.00,3068.85,3096.85,215313.286
1765717200000,3096.86,3101.72,3075.67,3100.31,155230.759
1765720800000,3100.32,3107.26,3073.20,3084.43,161592.255
1765724400000,3084.43,3086.74,3069.33,3083.33,101048.414
1765728000000,3083.32,3107.00,3076.66,3096.95,150997.861
1765731600000,3096.94,3103.00,3072.67,3083.17,140078.250
1765735200000,3083.18,3102.94,3078.89,3099.94,122512.363
1765738800000,3099.94,3100.10,3083.90,3091.88,88096.965
1765742400000,3091.88,3095.84,3061.38,3081.22,228248.875
1765746000000,3081.22,3089.99,3075.42,3080.52,54716.744
1765749600000,3080.53,3088.34,3052.04,3072.66,136557.530
1765753200000,3072.67,3089.64,3022.51,3062.02,281255.903
1765756800000,3062.01,3085.00,3055.25,3073.58,195724.368
1765760400000,3073.59,3120.00,3065.06,3107.41,237567.009
1765764000000,3107.41,3150.00,3105.08,3118.46,300901.126
1765767600000,3118.46,3124.56,3106.03,3107.48,91291.031
1765771200000,3107.49,3125.51,3102.08,3122.38,92761.535
1765774800000,3122.38,3123.50,3113.57,3119.03,48925.135
1765778400000,3119.03,3143.89,3113.92,3135.96,96759.202
1765782000000,3135.96,3141.08,3121.00,3127.34,108395.858
1765785600000,3127.34,3143.64,3123.90,3138.31,98944.263
1765789200000,3138.30,3162.00,3137.70,3152.44,167345.409
1765792800000,3152.44,3177.00,3149.65,3158.73,205488.728
1765796400000,3158.72,3161.73,3144.68,3155.69,108121.413
1765800000000,3155.68,3157.90,3147.00,3154.12,101105.156
1765803600000,3154.11,3155.40,3123.84,3130.56,188191.635
1765807200000,3130.57,3145.38,3029.74,3046.75,665231.622
1765810800000,3046.75,3059.99,2985.00,3009.48,1045136.366
1765814400000,3009.48,3016.55,2966.32,2987.49,449462.146
1765818000000,2987.48,2992.66,2931.00,2935.41,451795.751
1765821600000,2935.41,2941.60,2890.51,2936.16,533661.793
1765825200000,2936.16,2962.87,2925.26,2938.68,300849.740
1765828800000,2938.68,2945.84,2915.18,2927.57,213074.550
1765832400000,2927.58,2946.55,2917.96,2944.75,111398.970
1765836000000,2944.75,2951.33,2934.00,2950.63,100398.520
1765839600000,2950.63,2968.43,2947.89,2963.25,168161.646
1765843200000,2963.25,2976.94,2938.62,2941.43,173420.002
1765846800000,2941.43,2961.31,2933.15,2945.75,130606.434
1765850400000,2945.74,2965.34,2937.23,2944.19,96787.349
1765854000000,2944.19,2949.50,2920.91,2935.44,192931.089
1765857600000,2935.44,2938.83,2870.00,2916.79,366304.683
1765861200000,2916.78,2927.26,2911.41,2921.69,127104.364
1765864800000,2921.69,2950.27,2921.60,2944.47,128454.120
1765868400000,2944.48,2947.19,2916.17,2922.62,133093.304
1765872000000,2922.61,2938.89,2918.25,2929.54,91149.410
1765875600000,2929.54,2934.30,2921.84,2925.66,65639.620
1765879200000,2925.65,2962.99,2919.84,2946.40,181597.581
1765882800000,2946.41,2961.48,2936.21,2956.57,135361.478
1765886400000,2956.57,2962.97,2945.88,2950.18,120413.643
1765890000000,2950.18,2982.10,2906.20,2909.08,465257.132
1765893600000,2909.09,2959.00,2885.46,2939.84,598253.707
1765897200000,2939.84,2974.70,2912.30,2961.73,375055.176
1765900800000,2961.73,2962.71,2923.37,2937.12,274153.309
1765904400000,2937.12,2954.43,2915.00,2918.17,171621.242
1765908000000,2918.17,2966.98,2910.01,2950.74,225652.835
1765911600000,2950.75,2956.47,2918.85,2943.80,185557.119
1765915200000,2943.82,2962.00,2941.49,2946.17,106214.797
1765918800000,2946.16,2956.91,2936.46,2949.65,65022.036
1765922400000,2949.65,2959.95,2942.55,2952.84,35111.402
1765926000000,2952.85,2964.45,2946.40,2960.84,56653.877
1765929600000,2960.83,2960.84,2942.53,2948.22,76519.507
1765933200000,2948.21,2973.52,2947.11,2952.67,99706.231
1765936800000,2952.67,2963.78,2936.52,2958.38,89208.421
1765940400000,2958.38,2960.90,2941.11,2946.45,62087.200
1765944000000,2946.46,2950.00,2925.60,2931.27,111496.396
1765947600000,2931.27,2936.66,2912.36,2929.39,173279.932
1765951200000,2929.39,2942.94,2929.14,2935.06,84436.526
1765954800000,2935.07,2953.12,2930.66,2946.59,97204.070
1765958400000,2946.59,2946.59,2921.29,2924.43,110181.477
1765962000000,2924.43,2931.94,2916.66,2922.16,94414.342
1765965600000,2922.15,2927.22,2905.29,2919.01,130527.804
1765969200000,2919.00,2932.99,2916.27,2927.36,70911.462
1765972800000,2927.36,2934.76,2918.01,2924.07,99876.599
1765976400000,2924.06,2953.76,2917.00,2943.24,187371.269
1765980000000,2943.23,2994.89,2882.49,2993.94,765317.182
1765983600000,2993.94,3030.00,2892.00,2903.23,1274208.770
1765987200000,2903.23,2924.79,2832.67,2862.68,910439.725
1765990800000,2862.67,2877.73,2840.64,2846.33,306489.652
1765994400000,2846.38,2861.13,2805.00,2812.56,367259.108
1765998000000,2812.56,2820.58,2789.52,2819.01,323916.039
1766001600000,2819.02,2833.27,2804.48,2821.63,190193.182
1766005200000,2821.64,2829.88,2810.15,2818.54,74454.389
1766008800000,2818.55,2836.61,2811.72,2833.50,104289.714
1766012400000,2833.50,2834.60,2816.31,2832.00,82304.568
1766016000000,2831.99,2836.94,2824.94,2834.71,77062.434
1766019600000,2834.72,2835.00,2820.12,2826.14,63153.969
1766023200000,2826.15,2846.81,2820.78,2835.59,129021.382
1766026800000,2835.59,2836.80,2821.00,2830.57,98860.845
1766030400000,2830.57,2840.00,2830.00,2836.76,72561.796
1766034000000,2836.76,2836.76,2821.00,2824.02,92685.565
1766037600000,2824.02,2832.34,2822.00,2830.22,51881.488
1766041200000,2830.22,2838.00,2827.38,2834.98,69992.275
1766044800000,2834.99,2851.75,2830.26,2840.41,132782.034
1766048400000,2840.41,2856.00,2833.43,2851.13,103626.040
1766052000000,2851.14,2863.18,2848.00,2858.00,86322.528
1766055600000,2858.00,2858.36,2848.48,2857.65,63587.501
1766059200000,2857.66,2873.81,2852.58,2870.00,130710.040
1766062800000,2870.01,2979.67,2869.78,2962.87,897632.042
1766066400000,2962.88,2994.91,2921.60,2949.09,851679.880
1766070000000,2949.09,2997.05,2931.81,2963.89,495622.986
1766073600000,2963.90,2966.28,2927.96,2942.56,286525.733
1766077200000,2942.57,2943.36,2793.10,2844.45,1253438.858
1766080800000,2844.46,2867.29,2817.01,2826.01,286396.706
1766084400000,2826.00,2832.32,2772.97,2780.40,417272.853
1766088000000,2780.40,2812.76,2778.06,2780.24,251770.386
1766091600000,2780.09,2831.22,2779.38,2828.70,278143.400
1766095200000,2828.70,2837.80,2814.67,2828.30,98594.636
1766098800000,2828.30,2832.71,2822.37,2827.30,66516.218
1766102400000,2827.32,2840.40,2813.02,2829.62,113035.863
1766106000000,2829.62,2832.51,2806.15,2819.82,82702.612
1766109600000,2819.82,2840.00,2811.13,2834.54,140716.191
1766113200000,2834.55,2934.93,2833.44,2907.56,732800.177
1766116800000,2907.55,2932.77,2905.79,2920.05,242344.722
1766120400000,2920.06,2928.00,2908.38,2921.63,173877.083
1766124000000,2921.63,2949.29,2914.32,2946.60,139833.078
1766127600000,2946.60,2984.00,2942.44,2950.40,354034.259
1766131200000,2950.39,2964.35,2936.64,2949.71,186642.369
1766134800000,2949.71,2959.44,2945.20,2953.95,82811.735
1766138400000,2953.95,2964.00,2947.84,2953.51,85906.875
1766142000000,2953.50,2969.89,2949.34,2964.00,108711.363
1766145600000,2964.00,2966.87,2945.00,2954.99,168877.584
1766149200000,2954.99,2967.32,2952.07,2960.35,95572.728
1766152800000,2960.35,2994.00,2941.49,2975.64,532713.966
1766156400000,2975.63,3017.99,2951.00,2963.48,533592.398
1766160000000,2963.48,3006.76,2958.00,2965.52,280312.532
1766163600000,2965.52,2992.76,2933.00,2938.23,350773.538
1766167200000,2938.23,2977.36,2935.74,2965.15,202019.015
1766170800000,2965.16,2996.18,2965.08,2983.61,156138.443
1766174400000,2983.62,3002.00,2975.47,2994.39,127537.294
1766178000000,2994.39,2994.39,2973.33,2976.40,58368.653
1766181600000,2976.41,2991.76,2976.00,2986.38,40121.227
1766185200000,2986.38,2987.16,2976.30,2978.33,34997.837
1766188800000,2978.34,2979.56,2969.23,2973.11,55516.857
1766192400000,2973.12,2981.96,2971.72,2975.38,27012.120
1766196000000,2975.38,2989.21,2973.00,2981.45,36934.318
1766199600000,2981.45,2992.81,2981.09,2987.97,46179.533
1766203200000,2987.98,2989.52,2979.55,2982.96,48109.321
1766206800000,2982.96,2988.33,2978.58,2979.02,46976.186
1766210400000,2979.06,2983.94,2978.30,2979.31,24772.292
1766214000000,2979.31,2983.63,2973.12,2980.25,54985.540
1766217600000,2980.26,2989.00,2980.26,2981.86,43508.043
1766221200000,2981.85,2985.83,2981.11,2981.96,24460.844
1766224800000,2981.96,2982.15,2973.62,2977.71,52014.107
1766228400000,2977.71,2989.40,2975.20,2985.98,69477.155
1766232000000,2985.99,2992.97,2985.17,2987.89,41122.187
1766235600000,2987.90,2990.87,2965.28,2978.66,205656.669
1766239200000,2978.65,2979.74,2967.32,2978.53,56674.244
1766242800000,2978.54,2978.79,2966.78,2975.57,56080.903
1766246400000,2975.58,2978.77,2972.63,2977.21,27304.402
1766250000000,2977.20,2979.99,2973.00,2976.49,19690.655
1766253600000,2976.50,2979.47,2973.00,2976.90,17459.635
1766257200000,2976.91,2979.60,2973.33,2976.57,13658.304
1766260800000,2976.57,2984.75,2976.00,2983.07,17926.407
1766264400000,2983.06,2984.62,2977.18,2977.50,14494.642
1766268000000,2977.51,2979.13,2973.07,2976.03,18548.207
1766271600000,2976.03,2977.81,2971.28,2976.54,19369.500
1766275200000,2976.55,2979.91,2974.55,2978.51,20982.062
1766278800000,2978.51,2978.51,2960.20,2966.47,72976.738
1766282400000,2966.47,2973.94,2960.13,2964.84,48746.584
1766286000000,2964.83,2974.94,2964.01,2971.70,36974.382
1766289600000,2971.70,2977.29,2970.60,2973.80,24371.784
1766293200000,2973.80,2977.50,2971.60,2972.18,14319.375
1766296800000,2972.19,2976.98,2971.67,2974.98,12995.450
1766300400000,2974.98,2981.68,2974.25,2979.83,23774.752
1766304000000,2979.83,2998.56,2976.27,2990.79,102871.800
1766307600000,2990.79,3011.99,2983.30,3001.81,185950.575
1766311200000,3001.81,3006.66,2990.87,2995.22,94762.665
1766314800000,2995.22,3000.00,2991.37,2995.16,36364.780
1766318400000,2995.16,3004.00,2981.02,2988.70,91833.134
1766322000000,2988.70,2990.87,2943.00,2948.91,320969.049
1766325600000,2948.91,2976.86,2945.22,2969.05,193378.053
1766329200000,2969.05,2978.70,2960.44,2973.23,78151.982
1766332800000,2973.23,2987.37,2967.86,2984.56,80599.004
1766336400000,2984.57,2987.51,2975.78,2982.44,62486.441
1766340000000,2982.43,2987.00,2965.93,2986.98,70327.196
1766343600000,2986.97,2996.63,2974.00,2989.48,87350.197
1766347200000,2989.48,2992.97,2983.57,2985.19,30549.051
1766350800000,2985.20,2989.53,2969.45,2972.52,36464.797
1766354400000,2972.52,2995.00,2970.07,2994.99,44809.997
1766358000000,2995.00,3011.34,2990.65,3000.62,108928.629
1766361600000,3000.61,3060.39,3000.45,3020.82,449486.906
1766365200000,3020.83,3047.00,3016.44,3017.15,161506.271
1766368800000,3017.15,3018.44,2966.00,3008.50,283317.716
1766372400000,3008.49,3031.25,3000.20,3020.18,115472.091
1766376000000,3020.18,3041.51,3018.40,3038.84,118957.277
1766379600000,3038.85,3040.00,3023.10,3026.82,80715.055
1766383200000,3026.83,3032.33,3021.00,3023.18,60922.304
1766386800000,3023.17,3034.36,3021.85,3028.38,53026.282
1766390400000,3028.38,3055.00,3023.57,3026.41,212236.376
1766394000000,3026.41,3041.66,3024.37,3040.00,80109.468
1766397600000,3040.00,3044.00,3030.12,3039.10,73082.091
1766401200000,3039.10,3057.00,3035.10,3047.61,132871.590
1766404800000,3047.61,3077.99,3041.76,3056.87,192935.529
1766408400000,3056.86,3063.30,3046.50,3055.53,123960.035
1766412000000,3055.52,3073.00,3027.74,3060.59,343198.542
1766415600000,3060.58,3071.99,3020.40,3051.22,339031.435
1766419200000,3051.22,3058.61,3036.64,3042.02,122702.332
1766422800000,3042.02,3043.30,3022.00,3031.36,125056.720
1766426400000,3031.35,3039.60,3004.30,3014.31,126790.649
1766430000000,3014.31,3014.81,2972.60,2979.15,305417.725
1766433600000,2979.16,2986.20,2961.00,2974.63,224173.322
1766437200000,2974.62,2996.70,2974.47,2987.10,103206.199
1766440800000,2987.09,3014.76,2980.71,3010.37,112706.601
1766444400000,3010.37,3011.80,3000.56,3008.49,87123.251
1766448000000,3008.50,3035.00,3003.82,3026.99,144856.526
1766451600000,3027.00,3032.03,3015.00,3016.97,68878.936
1766455200000,3016.96,3024.55,2986.20,2990.02,165626.128
1766458800000,2990.02,2997.60,2970.08,2990.48,144710.733
1766462400000,2990.48,2999.00,2982.00,2982.56,73242.918
1766466000000,2982.57,2984.92,2964.65,2974.16,134945.780
1766469600000,2974.15,2977.40,2945.00,2958.48,249373.405
1766473200000,2958.48,2968.51,2954.20,2963.58,104771.703
1766476800000,2963.57,2972.38,2958.44,2961.00,70285.732
1766480400000,2960.99,2965.79,2951.19,2962.37,84457.601
1766484000000,2962.37,2970.60,2962.36,2965.66,54889.395
1766487600000,2965.67,2974.46,2961.97,2972.06,60679.989
1766491200000,2972.06,2973.00,2952.42,2953.95,91107.060
1766494800000,2953.95,2961.79,2929.00,2940.64,320734.457
1766498400000,2940.64,2952.33,2899.30,2916.17,486926.602
1766502000000,2916.16,2932.92,2905.32,2927.39,312262.096
1766505600000,2927.39,2965.10,2920.77,2955.09,375173.725
1766509200000,2955.09,2965.81,2908.00,2909.40,235336.964
1766512800000,2909.40,2952.55,2907.28,2946.05,243883.682
1766516400000,2946.05,2953.55,2929.42,2942.71,106869.950
1766520000000,2942.71,2987.74,2939.19,2968.71,241997.533
1766523600000,2968.72,2974.97,2958.68,2972.92,73057.803
1766527200000,2972.92,2978.88,2948.50,2959.86,95192.126
1766530800000,2959.86,2971.65,2950.12,2963.29,86675.310
1766534400000,2963.29,2972.70,2954.60,2971.55,72744.575
1766538000000,2971.55,2976.48,2959.17,2962.21,54899.669
1766541600000,2962.21,2963.61,2922.00,2933.96,188245.290
1766545200000,2933.96,2946.99,2919.00,2944.47,131108.509
1766548800000,2944.47,2957.94,2933.34,2934.49,101354.558
1766552400000,2934.49,2940.28,2916.11,2928.30,200947.281
1766556000000,2928.30,2938.00,2922.00,2932.32,73692.768
1766559600000,2932.32,2942.99,2930.00,2931.50,79906.206
1766563200000,2931.49,2938.71,2920.09,2921.89,133706.413
1766566800000,2921.90,2930.73,2912.18,2918.01,101943.909
1766570400000,2918.01,2933.50,2917.01,2926.75,94097.921
1766574000000,2926.76,2936.93,2923.74,2923.96,64213.365
1766577600000,2923.96,2937.35,2921.80,2935.01,58908.509
1766581200000,2935.01,2936.19,2923.00,2929.74,57926.515
1766584800000,2929.74,2935.52,2886.75,2913.54,388918.828
1766588400000,2913.54,2929.96,2901.30,2924.20,209182.277
1766592000000,2924.20,2948.98,2920.04,2939.15,213779.597
1766595600000,2939.16,2954.79,2933.79,2935.85,114952.064
1766599200000,2935.86,2943.75,2928.91,2940.39,61100.732
1766602800000,2940.40,2946.23,2935.42,2944.78,42750.858
1766606400000,2944.78,2951.63,2939.86,2941.95,40639.280
1766610000000,2941.95,2953.44,2941.94,2949.76,38370.803
1766613600000,2949.77,2962.69,2947.93,2958.40,59142.209
1766617200000,2958.41,2959.10,2945.00,2946.23,40119.794
1766620800000,2946.23,2947.96,2934.66,2937.99,59014.823
1766624400000,2938.00,2950.00,2937.99,2947.16,34625.627
1766628000000,2947.17,2955.92,2941.30,2951.07,37754.107
1766631600000,2951.07,2951.88,2942.36,2945.90,30402.181
1766635200000,2945.89,2947.27,2941.00,2943.64,32473.420
1766638800000,2943.64,2943.64,2936.88,2940.99,33580.230
1766642400000,2940.99,2942.61,2936.55,2941.94,26069.156
1766646000000,2941.94,2942.50,2937.72,2940.83,20662.256
1766649600000,2940.83,2946.00,2916.05,2929.35,170316.294
1766653200000,2929.35,2930.46,2924.46,2927.10,30001.373
1766656800000,2927.10,2927.91,2910.14,2919.33,100287.915
1766660400000,2919.34,2927.33,2918.95,2923.51,42343.333
1766664000000,2923.51,2928.83,2922.58,2926.60,33135.899
1766667600000,2926.61,2933.71,2918.52,2929.85,63828.479
1766671200000,2929.85,2938.00,2921.29,2931.72,69372.097
1766674800000,2931.73,2969.99,2930.16,2959.68,287216.874
1766678400000,2959.67,2966.49,2941.52,2947.01,135719.535
1766682000000,2947.01,2953.28,2942.71,2951.48,62819.936
1766685600000,2951.48,2965.00,2949.43,2957.89,68045.234
1766689200000,2957.89,2959.09,2948.02,2955.15,29808.200
1766692800000,2955.15,2955.43,2943.03,2948.86,32384.524
1766696400000,2948.86,2952.60,2943.00,2945.76,17765.650
1766700000000,2945.75,2947.20,2902.35,2920.22,156125.916
1766703600000,2920.22,2925.70,2888.88,2902.32,260142.783
1766707200000,2902.32,2910.45,2892.72,2902.88,145335.345
1766710800000,2902.89,2921.97,2901.21,2916.77,104022.022
1766714400000,2916.77,2994.00,2916.31,2972.34,614868.587
1766718000000,2972.35,2975.34,2956.33,2963.76,149061.535
1766721600000,2963.76,2973.91,2950.79,2970.28,106488.958
1766725200000,2970.27,2973.77,2966.10,2971.99,58296.357
1766728800000,2972.00,2981.78,2970.82,2975.29,79636.444
1766732400000,2975.30,2992.88,2951.87,2955.43,215516.882
1766736000000,2955.44,2971.23,2953.55,2963.42,118724.723
1766739600000,2963.41,2975.48,2962.00,2971.83,66297.276
1766743200000,2971.83,2973.50,2965.73,2970.61,40025.410
1766746800000,2970.61,2970.61,2960.96,2963.66,35828.937
1766750400000,2963.65,2972.70,2963.08,2971.30,41376.567
1766754000000,2971.30,2984.93,2969.72,2983.01,97939.616
1766757600000,2983.01,2983.92,2908.14,2916.38,542812.932
1766761200000,2916.39,2928.99,2893.00,2921.50,553163.678
1766764800000,2921.51,2928.95,2905.50,2908.36,146274.139
1766768400000,2908.36,2934.28,2906.18,2921.03,148983.828
1766772000000,2921.03,2927.44,2918.35,2921.86,45647.059
1766775600000,2921.86,2929.12,2917.00,2924.50,38898.303
1766779200000,2924.50,2938.00,2921.00,2930.15,64289.746
1766782800000,2930.14,2934.21,2923.24,2923.66,35617.458
1766786400000,2923.65,2930.53,2920.23,2930.39,31691.101
1766790000000,2930.39,2933.00,2924.60,2926.82,31147.056
1766793600000,2926.83,2930.20,2921.80,2926.36,25764.433
1766797200000,2926.35,2927.82,2920.00,2926.72,25337.529
1766800800000,2926.72,2928.74,2922.65,2926.94,22548.533
1766804400000,2926.95,2932.24,2924.03,2931.98,31807.473
1766808000000,2931.98,2932.47,2926.74,2928.93,21652.010
1766811600000,2928.94,2930.25,2927.16,2929.58,17987.138
1766815200000,2929.58,2929.74,2926.35,2928.41,21031.899
1766818800000,2928.41,2936.66,2928.41,2931.47,36723.866
1766822400000,2931.46,2935.83,2931.46,2932.67,25590.359
1766826000000,2932.66,2939.82,2930.29,2933.89,44879.655
1766829600000,2933.89,2934.26,2914.63,2925.50,124335.657
1766833200000,2925.51,2932.42,2921.83,2929.58,43818.978
1766836800000,2929.59,2932.72,2927.71,2930.63,24356.753
1766840400000,2930.62,2931.64,2924.00,2928.39,33438.266
1766844000000,2928.39,2930.00,2924.35,2928.34,26910.444
1766847600000,2928.33,2929.57,2925.01,2925.53,19600.487
1766851200000,2925.54,2927.43,2915.74,2919.37,53402.500
1766854800000,2919.38,2927.88,2918.67,2927.06,28802.058
1766858400000,2927.06,2927.22,2923.82,2925.00,15013.492
1766862000000,2924.99,2929.70,2924.59,2929.60,15391.157
1766865600000,2929.60,2933.91,2927.82,2927.91,24013.552
1766869200000,2927.91,2933.68,2927.06,2933.66,17024.527
1766872800000,2933.66,2952.97,2928.47,2932.00,115114.336
1766876400000,2932.00,2959.84,2931.45,2947.61,84967.593
1766880000000,2947.61,2950.63,2941.86,2944.43,49496.544
1766883600000,2944.43,2949.16,2939.50,2942.90,31826.028
1766887200000,2942.91,2949.00,2941.60,2945.89,20564.993
1766890800000,2945.90,2947.16,2940.09,2942.34,21956.943
1766894400000,2942.34,2946.29,2937.14,2937.73,39000.796
1766898000000,2937.74,2939.80,2927.76,2933.77,67125.895
1766901600000,2933.77,2942.99,2933.50,2941.63,33757.713
1766905200000,2941.63,2941.82,2935.24,2937.96,25711.900
1766908800000,2937.96,2946.46,2936.84,2938.63,34119.893
1766912400000,2938.62,2943.00,2930.01,2936.47,56154.587
1766916000000,2936.47,2943.24,2935.39,2942.00,40265.571
1766919600000,2941.99,2945.83,2938.54,2942.99,41426.969
1766923200000,2942.99,2944.31,2936.20,2937.91,31373.237
1766926800000,2937.91,2943.91,2937.18,2939.23,24670.513
1766930400000,2939.23,2954.74,2938.78,2944.01,85747.026
1766934000000,2944.01,2959.99,2944.00,2948.00,85571.598
1766937600000,2948.00,2953.50,2938.51,2941.98,51944.743
1766941200000,2941.99,2950.00,2941.55,2944.60,25036.659
1766944800000,2944.60,2945.33,2922.84,2930.36,125150.612
1766948400000,2930.36,2939.14,2925.00,2932.18,57792.834
1766952000000,2932.18,2936.79,2928.91,2931.20,39232.367
1766955600000,2931.19,2938.26,2927.10,2936.99,47725.313
1766959200000,2936.99,2954.50,2933.64,2949.26,58239.725
1766962800000,2949.25,2953.32,2939.10,2949.60,62448.198
1766966400000,2949.60,2976.82,2943.10,2965.47,186727.532
1766970000000,2965.46,2985.70,2951.51,2979.81,215742.913
1766973600000,2979.81,3018.19,2979.81,3002.68,372847.712
1766977200000,3002.68,3047.89,3001.69,3042.30,307775.238
1766980800000,3042.30,3056.00,3038.02,3038.34,225373.938
1766984400000,3038.35,3044.72,3031.02,3036.01,138588.777
1766988000000,3036.01,3043.00,3030.71,3035.02,105554.685
1766991600000,3035.01,3037.50,3001.00,3018.46,218460.521
1766995200000,3018.47,3025.00,3010.08,3013.27,118523.530
1766998800000,3013.27,3015.07,2955.36,2975.35,523466.847
1767002400000,2975.34,2983.83,2960.61,2965.11,188902.116
1767006000000,2965.11,2966.36,2956.86,2958.52,119845.544
1767009600000,2958.52,2958.73,2908.58,2929.56,587230.557
1767013200000,2929.56,2936.80,2918.21,2926.13,129658.097
1767016800000,2926.13,2964.92,2915.25,2927.24,479080.340
1767020400000,2927.23,2949.39,2918.01,2934.02,268597.720
1767024000000,2934.02,2941.65,2923.53,2935.09,134247.172
1767027600000,2935.10,2942.70,2925.07,2942.28,100713.219
1767031200000,2942.28,2944.79,2911.10,2918.25,164557.708
1767034800000,2918.25,2940.62,2916.64,2930.88,173398.344
1767038400000,2930.88,2941.95,2924.50,2928.38,83480.608
1767042000000,2928.38,2937.59,2927.56,2935.87,34852.417
1767045600000,2935.87,2943.17,2929.39,2936.88,38404.772
1767049200000,2936.89,2943.20,2931.01,2936.45,59430.379
1767052800000,2936.45,2940.78,2930.05,2936.75,48360.871
1767056400000,2936.74,2938.00,2923.26,2935.32,56813.681
1767060000000,2935.32,2938.65,2922.00,2926.91,71813.636
1767063600000,2926.91,2955.01,2917.48,2950.60,175519.306
1767067200000,2950.61,2957.50,2944.57,2944.57,97080.288
1767070800000,2944.57,2946.84,2935.88,2940.40,63986.177
1767074400000,2940.40,2951.00,2939.03,2944.63,49276.099
1767078000000,2944.63,2955.00,2944.03,2949.43,53780.340
1767081600000,2949.43,3003.00,2948.81,2976.70,478492.108
1767085200000,2976.70,2987.15,2970.03,2984.55,107754.758
1767088800000,2984.55,2987.48,2972.45,2976.18,84051.630
1767092400000,2976.18,2983.65,2972.83,2977.85,74743.954
1767096000000,2977.85,2985.00,2975.51,2979.82,59538.630
1767099600000,2979.82,2991.93,2977.88,2985.46,129469.537
1767103200000,2985.46,3008.67,2956.79,2995.20,493305.324
1767106800000,2995.21,3001.42,2968.65,2988.48,290162.019
1767110400000,2988.49,2993.60,2973.72,2981.73,171509.237
1767114000000,2981.73,2985.88,2963.83,2975.67,114881.290
1767117600000,2975.66,2977.99,2958.00,2970.51,105600.527
1767121200000,2970.50,2974.00,2941.27,2970.32,240371.387
1767124800000,2970.32,2972.60,2955.11,2957.51,67892.474
1767128400000,2957.52,2968.00,2953.00,2967.44,50455.734
1767132000000,2967.44,2970.81,2964.00,2968.52,33585.649
1767135600000,2968.53,2974.80,2966.45,2972.22,42033.419
1767139200000,2972.23,2972.23,2961.16,2965.16,48948.268
1767142800000,2965.16,2983.97,2960.90,2978.40,94403.660
1767146400000,2978.40,2982.47,2972.71,2980.03,55472.927
1767150000000,2980.04,2982.54,2964.52,2969.18,89516.456
1767153600000,2969.19,2973.75,2967.13,2967.69,39487.998
1767157200000,2967.70,2978.40,2967.70,2973.67,47314.998
1767160800000,2973.67,2977.35,2972.96,2974.02,23569.426
1767164400000,2974.03,2976.00,2968.06,2975.52,34999.687
1767168000000,2975.52,2978.58,2962.21,2968.05,80555.366
1767171600000,2968.04,2976.90,2967.78,2975.58,39732.267
1767175200000,2975.58,2981.13,2974.00,2979.71,54290.238
1767178800000,2979.71,3002.01,2978.42,3000.48,202178.910
1767182400000,3000.48,3000.86,2982.70,2986.03,146633.680
1767186000000,2986.03,2998.88,2985.22,2995.59,89917.062
1767189600000,2995.59,3027.73,2979.91,2992.50,410579.870
1767193200000,2992.49,2993.00,2966.00,2984.30,286026.309
1767196800000,2984.30,2996.43,2957.59,2974.82,257511.000
1767200400000,2974.81,2979.46,2966.84,2974.56,81982.096
1767204000000,2974.56,2984.82,2970.33,2973.15,70906.244
1767207600000,2973.15,2980.65,2969.29,2970.21,41163.949
1767211200000,2970.21,2979.09,2962.20,2974.62,114109.506
1767214800000,2974.62,2984.05,2973.52,2981.04,48500.525
1767218400000,2981.04,2983.37,2973.31,2976.07,26571.778
1767222000000,2976.06,2976.06,2969.01,2970.40,27142.577
1767225600000,2970.40,2981.86,2970.00,2978.68,39859.384
1767229200000,2978.68,2988.48,2977.70,2983.09,51818.874
1767232800000,2983.10,2986.42,2979.37,2981.18,22842.243
1767236400000,2981.17,2985.00,2978.19,2979.01,18546.674
1767240000000,2979.01,2979.76,2972.10,2974.51,51099.795
1767243600000,2974.52,2982.78,2974.52,2980.52,24719.795
1767247200000,2980.51,2980.52,2975.00,2975.10,21928.239
1767250800000,2975.10,2980.00,2975.10,2977.18,24397.421
1767254400000,2977.18,2981.92,2976.57,2981.39,24319.798
1767258000000,2981.38,2986.61,2980.79,2982.60,36625.202
1767261600000,2982.60,2984.34,2980.50,2983.58,17834.791
1767265200000,2983.58,2991.94,2983.57,2988.00,48861.823
1767268800000,2988.00,2988.95,2981.66,2986.09,41249.349
1767272400000,2986.08,2988.95,2980.00,2981.42,47563.986
1767276000000,2981.42,2985.45,2976.00,2983.87,60820.210
1767279600000,2983.86,2993.91,2979.32,2988.44,71997.515
1767283200000,2988.45,2989.90,2979.47,2981.35,52794.487
1767286800000,2981.35,3005.00,2980.04,2989.43,153537.728
1767290400000,2989.42,2991.47,2983.67,2989.04,38974.176
1767294000000,2989.04,2996.89,2986.07,2994.06,26716.618
1767297600000,2994.08,2995.67,2986.15,2987.89,28673.649
1767301200000,2987.89,2992.11,2986.10,2988.36,20111.879
1767304800000,2988.35,2998.86,2985.90,2997.64,37447.073
1767308400000,2997.64,3008.56,2989.58,3002.49,115363.212
1767312000000,3002.50,3007.11,2993.58,3004.49,69217.586
1767315600000,3004.49,3006.72,2996.76,3001.55,48561.862
1767319200000,3001.54,3002.58,2990.67,3000.79,51595.173
1767322800000,3000.78,3034.36,2998.36,3021.04,293132.987
1767326400000,3021.04,3023.16,3008.70,3010.19,86437.396
1767330000000,3010.18,3017.45,3007.00,3015.00,57665.371
1767333600000,3015.01,3038.42,3012.71,3025.19,149215.964
1767337200000,3025.20,3031.13,3015.59,3017.00,91750.047
1767340800000,3017.00,3033.00,3014.27,3030.85,85193.900
1767344400000,3030.84,3055.00,3028.67,3047.20,255844.860
1767348000000,3047.19,3068.97,3044.09,3056.10,308027.307
1767351600000,3056.11,3056.67,3039.21,3046.70,163377.693
1767355200000,3046.69,3056.99,3042.02,3047.40,92403.553
1767358800000,3047.40,3057.60,3045.19,3049.03,80422.407
1767362400000,3049.03,3112.15,3017.64,3081.29,817518.990
1767366000000,3081.30,3096.10,3052.75,3085.09,459931.921
1767369600000,3085.09,3145.99,3077.90,3130.67,600415.425
1767373200000,3130.68,3149.00,3109.01,3121.93,310773.547
1767376800000,3121.94,3130.91,3095.02,3109.41,209308.685
1767380400000,3109.40,3126.85,3106.50,3122.46,109069.826
1767384000000,3122.46,3128.66,3109.85,3116.32,88837.212
1767387600000,3116.32,3133.93,3114.99,3128.95,53696.244
1767391200000,3128.95,3144.00,3126.29,3132.22,88986.286
1767394800000,3132.22,3134.60,3118.80,3123.89,60899.483
1767398400000,3123.88,3135.00,3120.91,3129.20,46599.645
1767402000000,3129.19,3130.23,3121.68,3129.15,34537.529
1767405600000,3129.15,3129.28,3118.18,3124.60,51161.887
1767409200000,3124.61,3126.00,3117.09,3123.90,41213.523
1767412800000,3123.91,3126.52,3112.60,3115.14,51025.118
1767416400000,3115.15,3117.75,3103.01,3110.98,74456.237
1767420000000,3110.99,3116.38,3097.00,3097.00,83696.167
1767423600000,3097.01,3103.98,3074.52,3089.51,248729.124
1767427200000,3089.52,3105.00,3082.63,3094.51,114651.066
1767430800000,3094.51,3109.60,3090.89,3099.53,80215.793
1767434400000,3099.52,3104.58,3095.62,3096.12,44313.176
1767438000000,3096.12,3099.10,3090.56,3097.00,48520.103
1767441600000,3097.00,3104.44,3092.19,3103.47,63806.030
1767445200000,3103.47,3106.57,3099.29,3101.57,45387.988
1767448800000,3101.58,3114.11,3100.00,3104.66,74398.195
1767452400000,3104.66,3106.53,3098.66,3099.92,54721.976
1767456000000,3099.91,3111.02,3096.75,3105.80,60169.435
1767459600000,3105.81,3109.11,3104.42,3107.24,18372.576
1767463200000,3107.24,3118.61,3103.80,3115.02,49618.798
1767466800000,3115.01,3115.02,3109.10,3112.00,20264.672
1767470400000,3112.00,3115.65,3105.76,3114.08,29284.689
1767474000000,3114.08,3128.48,3111.58,3119.36,59881.359
1767477600000,3119.36,3124.79,3112.38,3121.38,30618.395
1767481200000,3121.38,3129.70,3119.39,3125.47,40954.119
1767484800000,3125.46,3165.99,3124.76,3155.90,244515.421
1767488400000,3155.90,3160.83,3140.05,3148.64,108736.680
1767492000000,3148.64,3149.89,3135.51,3139.58,77350.014
1767495600000,3139.58,3149.42,3138.20,3145.73,81845.849
1767499200000,3145.73,3154.24,3143.07,3146.55,60287.355
1767502800000,3146.55,3151.29,3142.70,3149.77,38584.905
1767506400000,3149.77,3161.41,3137.64,3138.31,151444.047
1767510000000,3138.30,3144.53,3132.24,3139.51,77901.404
1767513600000,3139.52,3140.48,3122.58,3137.21,119164.575
1767517200000,3137.21,3147.00,3132.97,3142.43,79264.084
1767520800000,3142.43,3147.37,3141.09,3144.62,43746.562
1767524400000,3144.62,3144.62,3133.20,3138.32,46858.929
1767528000000,3138.32,3145.94,3131.67,3135.55,70484.797
1767531600000,3135.54,3139.99,3130.25,3139.21,42310.924
1767535200000,3139.21,3142.23,3130.72,3135.94,57065.134
1767538800000,3135.95,3138.50,3115.00,3134.14,103098.190
1767542400000,3134.14,3138.99,3129.57,3137.91,54661.531
1767546000000,3137.90,3142.85,3134.25,3135.93,44018.928
1767549600000,3135.93,3136.71,3121.31,3133.63,59798.186
1767553200000,3133.63,3134.00,3117.00,3131.31,77253.803
1767556800000,3131.31,3141.76,3129.37,3140.63,36603.543
1767560400000,3140.62,3155.00,3136.00,3144.24,94852.739
1767564000000,3144.24,3149.38,3134.66,3138.06,39009.860
1767567600000,3138.07,3152.96,3132.99,3143.32,79045.330
1767571200000,3143.33,3176.36,3141.50,3167.26,265430.537
1767574800000,3167.26,3221.00,3162.40,3196.49,419295.332
1767578400000,3196.50,3203.70,3181.10,3191.82,140499.883
1767582000000,3191.83,3196.31,3183.02,3184.74,77891.096
1767585600000,3184.75,3186.89,3156.00,3165.49,231289.652
1767589200000,3165.50,3167.99,3146.07,3148.00,190826.101
1767592800000,3148.00,3157.96,3131.47,3156.22,231329.151
1767596400000,3156.23,3161.72,3153.59,3156.00,72794.871
1767600000000,3156.00,3171.24,3154.11,3162.07,81540.427
1767603600000,3162.06,3174.26,3151.78,3167.26,115671.107
1767607200000,3167.25,3177.90,3160.84,3171.80,107955.439
1767610800000,3171.80,3183.36,3166.54,3178.88,91892.143
1767614400000,3178.88,3182.57,3164.40,3169.09,72173.282
1767618000000,3169.10,3174.32,3141.75,3153.00,195999.920
1767621600000,3153.01,3176.50,3132.58,3165.42,359211.229
1767625200000,3165.42,3205.00,3150.29,3194.49,385937.567
1767628800000,3194.48,3201.69,3170.82,3182.46,189668.105
1767632400000,3182.47,3230.86,3157.01,3212.21,336972.055
1767636000000,3212.22,3227.86,3183.67,3226.99,290098.268
1767639600000,3227.00,3227.62,3212.86,3221.63,128667.350
1767643200000,3221.64,3266.00,3218.55,3240.65,305882.158
1767646800000,3240.65,3246.80,3230.10,3236.83,79742.777
1767650400000,3236.84,3248.70,3227.65,3238.68,78363.037
1767654000000,3238.69,3240.21,3223.50,3223.71,81824.013
1767657600000,3223.72,3230.00,3201.91,3214.71,125363.791
1767661200000,3214.71,3246.00,3214.29,3216.96,139793.955
1767664800000,3216.97,3223.14,3207.60,3215.97,70931.961
1767668400000,3215.98,3232.57,3212.65,3223.88,66527.616
1767672000000,3223.88,3232.37,3221.35,3221.35,42649.991
1767675600000,3221.36,3228.00,3215.20,3217.11,69999.811
1767679200000,3217.11,3254.94,3216.45,3239.68,248288.412
1767682800000,3239.67,3241.70,3210.02,3218.01,179120.012
1767686400000,3218.00,3228.59,3212.80,3218.55,75669.985
1767690000000,3218.54,3228.16,3216.11,3221.90,57378.246
1767693600000,3221.90,3230.47,3220.01,3227.44,49691.546
1767697200000,3227.45,3241.76,3225.53,3236.36,101020.618
1767700800000,3236.36,3244.50,3234.56,3237.07,59455.318
1767704400000,3237.06,3238.19,3228.19,3236.30,89049.623
1767708000000,3236.30,3308.00,3236.29,3276.67,1002849.325
1767711600000,3276.67,3300.87,3259.62,3270.74,404038.879
1767715200000,3270.74,3277.76,3232.00,3250.13,377615.205
1767718800000,3250.14,3258.76,3188.01,3194.48,404626.193
1767722400000,3194.48,3231.90,3180.71,3217.56,314543.926
1767726000000,3217.56,3228.66,3212.00,3222.18,79803.124
1767729600000,3222.19,3249.00,3221.91,3240.10,111438.607
1767733200000,3240.10,3299.99,3236.67,3274.77,277203.602
1767736800000,3274.77,3291.01,3265.00,3276.43,100012.750
1767740400000,3276.43,3301.64,3275.00,3295.46,139962.985
1767744000000,3295.46,3295.79,3254.14,3256.45,177034.433
1767747600000,3256.45,3271.13,3238.00,3243.88,179797.989
1767751200000,3243.88,3273.36,3238.16,3268.83,129294.155
1767754800000,3268.83,3281.65,3263.74,3265.57,93097.972
1767758400000,3265.57,3270.88,3252.00,3255.01,63387.560
1767762000000,3255.01,3261.65,3245.72,3247.32,80822.680
1767765600000,3247.32,3258.72,3246.33,3249.81,56733.771
1767769200000,3249.80,3261.44,3249.50,3253.99,70100.838
1767772800000,3253.99,3262.00,3251.45,3253.13,55178.601
1767776400000,3253.14,3253.55,3197.22,3198.28,544015.849
1767780000000,3198.27,3221.13,3194.28,3216.52,244058.228
1767783600000,3216.53,3226.10,3215.00,3218.75,102337.474
1767787200000,3218.74,3221.13,3209.66,3211.85,84069.595
1767790800000,3211.86,3228.00,3200.74,3210.69,156448.820
1767794400000,3210.69,3210.90,3155.25,3190.75,537851.358
1767798000000,3190.76,3191.86,3142.82,3163.53,615532.424
1767801600000,3163.53,3178.44,3148.35,3156.43,216751.293
1767805200000,3156.42,3170.27,3145.00,3150.75,141244.381
1767808800000,3150.76,3164.53,3130.04,3145.25,268793.507
1767812400000,3145.25,3154.62,3123.01,3144.37,239739.928
1767816000000,3144.38,3150.00,3126.55,3137.53,109929.859
1767819600000,3137.53,3151.58,3137.10,3148.43,50514.242
1767823200000,3148.42,3164.50,3142.14,3151.69,76789.065
1767826800000,3151.69,3181.81,3142.00,3167.52,246802.126
1767830400000,3167.53,3174.46,3153.48,3169.50,77453.953
1767834000000,3169.49,3180.00,3166.91,3174.20,58473.203
1767837600000,3174.20,3183.68,3147.00,3158.26,129462.841
1767841200000,3158.26,3165.92,3132.33,3141.35,122788.761
1767844800000,3141.35,3157.49,3137.64,3153.02,84268.452
1767848400000,3153.01,3160.29,3140.46,3142.34,56790.328
1767852000000,3142.34,3145.21,3103.00,3103.99,317951.850
1767855600000,3103.98,3132.00,3086.26,3126.41,319800.551
1767859200000,3126.41,3135.70,3112.01,3115.40,130229.980
1767862800000,3115.41,3122.79,3104.01,3110.86,135243.493
1767866400000,3110.86,3131.39,3095.16,3126.45,242896.710
1767870000000,3126.45,3130.57,3110.90,3119.35,145346.099
1767873600000,3119.35,3119.66,3080.00,3094.01,285901.009
1767877200000,3094.00,3101.16,3089.12,3095.33,95355.649
1767880800000,3095.33,3095.34,3052.43,3075.75,626847.811
1767884400000,3075.75,3111.52,3065.35,3102.89,394459.757
1767888000000,3102.89,3122.30,3088.34,3120.82,219309.067
1767891600000,3120.82,3138.44,3108.45,3133.33,223207.941
1767895200000,3133.33,3133.87,3113.17,3118.71,143186.123
1767898800000,3118.72,3127.78,3102.72,3110.13,105917.775
1767902400000,3110.12,3110.12,3087.35,3106.29,143204.577
1767906000000,3106.30,3121.90,3105.71,3117.62,74085.081
1767909600000,3117.62,3129.60,3106.06,3117.94,71146.413
1767913200000,3117.94,3121.00,3104.41,3105.45,41648.009
1767916800000,3105.44,3116.74,3103.10,3114.70,49131.788
1767920400000,3114.70,3148.00,3077.46,3104.31,375370.448
1767924000000,3104.32,3125.05,3102.09,3107.95,99531.423
1767927600000,3107.96,3119.89,3101.03,3118.38,55793.750
1767931200000,3118.38,3122.79,3110.94,3115.14,47433.950
1767934800000,3115.15,3120.00,3112.19,3117.47,27379.294
1767938400000,3117.47,3124.26,3116.00,3121.83,34305.969
1767942000000,3121.83,3122.54,3109.22,3109.75,73706.524
1767945600000,3109.76,3114.32,3066.00,3081.56,323734.090
1767949200000,3081.56,3099.80,3080.53,3091.00,131115.487
1767952800000,3091.00,3098.00,3086.61,3095.27,57653.397
1767956400000,3095.27,3103.36,3086.81,3088.99,67950.096
1767960000000,3089.00,3095.11,3080.92,3083.10,72351.950
1767963600000,3083.11,3114.35,3082.13,3097.30,203641.176
1767967200000,3097.30,3097.67,3060.08,3077.59,306381.052
1767970800000,3077.59,3142.00,3056.79,3111.39,707903.247
1767974400000,3111.39,3144.99,3110.00,3132.04,254783.379
1767978000000,3132.05,3133.87,3103.05,3113.04,162700.342
1767981600000,3113.04,3117.70,3071.34,3093.79,215307.783
1767985200000,3093.78,3093.78,3066.31,3079.00,142941.434
1767988800000,3079.00,3090.56,3070.00,3072.30,111780.062
1767992400000,3072.30,3092.17,3064.00,3084.67,97574.108
1767996000000,3084.68,3087.42,3072.54,3085.19,36939.290
1767999600000,3085.19,3091.86,3082.41,3087.15,33546.746
1768003200000,3087.16,3088.99,3080.62,3082.39,29907.654
1768006800000,3082.39,3090.60,3082.38,3088.99,28963.403
1768010400000,3088.99,3093.53,3082.05,3086.69,30537.920
1768014000000,3086.68,3087.86,3078.30,3085.52,32041.235
1768017600000,3085.52,3086.48,3077.22,3078.83,36084.419
1768021200000,3078.82,3086.88,3078.82,3085.81,28719.623
1768024800000,3085.81,3087.85,3082.13,3086.34,20781.571
1768028400000,3086.34,3092.48,3086.34,3091.50,35630.643
1768032000000,3091.49,3091.92,3086.13,3088.90,17907.056
1768035600000,3088.90,3097.89,3088.00,3094.65,41205.440
1768039200000,3094.66,3102.68,3093.10,3101.97,51076.827
1768042800000,3101.98,3102.25,3093.32,3095.64,28477.679
1768046400000,3095.63,3102.75,3091.46,3098.00,41965.125
1768050000000,3098.01,3098.01,3091.82,3093.52,21259.879
1768053600000,3093.51,3095.23,3087.25,3090.51,51225.873
1768057200000,3090.52,3094.98,3090.51,3094.12,20990.035
1768060800000,3094.12,3096.12,3090.31,3094.19,18112.215
1768064400000,3094.19,3097.56,3090.66,3091.33,20454.134
1768068000000,3091.32,3092.81,3088.50,3091.47,19091.233
1768071600000,3091.47,3092.66,3088.76,3090.79,12843.777
1768075200000,3090.78,3092.19,3087.53,3088.61,16335.374
1768078800000,3088.61,3089.01,3082.94,3085.05,19826.939
1768082400000,3085.04,3088.48,3077.08,3079.28,46712.033
1768086000000,3079.27,3088.38,3078.63,3085.47,20326.232
1768089600000,3085.47,3091.70,3083.23,3090.77,24970.281
1768093200000,3090.77,3094.50,3088.35,3094.49,18290.939
1768096800000,3094.49,3096.41,3090.59,3091.16,22836.818
1768100400000,3091.17,3096.38,3090.50,3095.48,18681.213
1768104000000,3095.49,3097.54,3093.42,3096.67,18559.703
1768107600000,3096.67,3101.00,3094.66,3098.05,26240.560
1768111200000,3098.06,3099.47,3088.31,3096.19,39647.892
1768114800000,3096.19,3097.02,3091.20,3094.03,16766.065
1768118400000,3094.03,3107.15,3091.35,3101.99,40684.619
1768122000000,3101.99,3108.45,3100.00,3103.08,55046.087
1768125600000,3103.09,3107.08,3101.22,3106.14,25570.900
1768129200000,3106.15,3106.15,3101.56,3103.80,23953.105
1768132800000,3103.80,3115.88,3103.46,3112.52,70877.300
1768136400000,3112.53,3115.00,3105.44,3108.25,50043.773
1768140000000,3108.26,3128.00,3108.25,3124.35,81983.040
1768143600000,3124.34,3129.60,3108.13,3116.89,116229.747
1768147200000,3116.90,3147.00,3114.40,3128.48,288683.448
1768150800000,3128.48,3132.99,3115.15,3125.99,81355.702
1768154400000,3126.00,3132.98,3119.31,3128.50,47388.503
1768158000000,3128.49,3132.00,3117.26,3123.47,37036.126
1768161600000,3123.46,3123.46,3100.01,3113.94,127274.511
1768165200000,3113.94,3125.44,3106.00,3119.61,64714.973
1768168800000,3119.61,3119.62,3105.15,3108.26,39069.198
1768172400000,3108.26,3124.88,3090.70,3122.00,178207.080
1768176000000,3122.00,3126.68,3095.28,3118.82,146026.148
1768179600000,3118.83,3136.79,3112.20,3123.48,177842.939
1768183200000,3123.49,3167.00,3120.79,3156.47,290680.197
1768186800000,3156.47,3170.88,3150.18,3151.18,172334.803
1768190400000,3151.17,3162.37,3147.06,3157.92,86529.510
1768194000000,3157.93,3165.77,3153.86,3157.56,62406.529
1768197600000,3157.57,3164.53,3151.00,3153.31,59193.260
1768201200000,3153.31,3160.01,3131.58,3133.96,151430.235
1768204800000,3133.96,3146.13,3100.00,3114.32,358525.479
1768208400000,3114.32,3123.63,3109.65,3115.13,104061.375
1768212000000,3115.13,3119.00,3102.48,3105.42,80618.379
1768215600000,3105.43,3120.21,3105.14,3114.12,74612.874
1768219200000,3114.12,3121.76,3111.30,3115.99,46404.259
1768222800000,3115.99,3119.21,3104.10,3107.81,77573.301
1768226400000,3107.80,3116.09,3061.35,3103.88,603303.931
1768230000000,3103.88,3132.00,3091.32,3128.66,266452.165
1768233600000,3128.66,3145.93,3118.63,3129.50,259036.348
1768237200000,3129.49,3135.87,3083.00,3103.45,312516.907
1768240800000,3103.46,3118.00,3093.77,3107.29,146317.893
1768244400000,3107.28,3121.27,3095.69,3120.33,86642.315
1768248000000,3120.33,3126.84,3098.55,3101.11,96124.884
1768251600000,3101.10,3105.50,3083.00,3090.72,107081.100
1768255200000,3090.72,3106.00,3090.71,3094.18,57388.284
1768258800000,3094.18,3097.79,3087.01,3093.84,56243.624
1768262400000,3093.85,3108.79,3091.69,3107.19,80712.336
1768266000000,3107.19,3113.20,3090.18,3096.35,81518.965
1768269600000,3096.35,3107.22,3096.35,3100.13,54418.275
1768273200000,3100.13,3118.00,3099.82,3114.98,84625.951
1768276800000,3114.98,3122.31,3110.71,3121.13,66800.317
1768280400000,3121.12,3145.71,3120.20,3130.68,276675.008
1768284000000,3130.68,3136.63,3122.00,3133.21,104644.528
1768287600000,3133.22,3134.29,3120.66,3121.08,64293.597
1768291200000,3121.08,3137.36,3121.05,3134.80,64013.578
1768294800000,3134.80,3148.15,3127.23,3137.53,159130.317
1768298400000,3137.53,3140.57,3128.50,3133.43,54885.563
1768302000000,3133.43,3137.75,3130.02,3132.77,42206.349
1768305600000,3132.77,3136.88,3128.50,3133.94,51269.201
1768309200000,3133.94,3162.50,3128.71,3141.10,381816.010
1768312800000,3141.10,3164.43,3127.94,3143.23,354563.758
1768316400000,3143.23,3188.08,3131.05,3183.11,445746.093
1768320000000,3183.11,3196.39,3170.23,3179.79,380728.396
1768323600000,3179.79,3186.78,3171.25,3178.53,139102.594
1768327200000,3178.52,3214.30,3176.45,3199.61,221594.153
1768330800000,3199.61,3217.60,3189.65,3214.45,150891.073
1768334400000,3214.46,3218.00,3188.72,3202.76,218385.458
1768338000000,3202.78,3216.68,3198.12,3208.50,117415.934
1768341600000,3208.49,3383.63,3208.49,3330.21,871161.147
1768345200000,3330.21,3347.85,3313.35,3324.69,254957.216
1768348800000,3324.68,3335.86,3314.01,3323.43,125245.395
1768352400000,3323.43,3345.82,3319.98,3335.16,138821.091
1768356000000,3335.17,3360.00,3319.18,3325.59,227166.587
1768359600000,3325.58,3351.30,3319.42,3351.04,159878.189
1768363200000,3351.03,3365.66,3334.96,3338.01,209882.729
1768366800000,3338.01,3338.89,3324.28,3329.39,91001.516
1768370400000,3329.38,3334.70,3321.12,3333.33,91621.841
1768374000000,3333.33,3341.51,3326.59,3334.88,92368.038
1768377600000,3334.88,3342.00,3326.07,3326.07,87383.804
1768381200000,3326.07,3334.64,3323.66,3327.47,66925.996
1768384800000,3327.47,3332.33,3303.52,3312.12,174403.418
1768388400000,3312.12,3312.77,3281.59,3285.20,239966.680
1768392000000,3285.19,3298.29,3280.00,3295.22,161671.689
1768395600000,3295.23,3307.41,3287.34,3301.30,179855.501
1768399200000,3301.30,3357.33,3300.24,3347.52,556170.012
1768402800000,3347.52,3361.02,3325.68,3344.19,388705.110
1768406400000,3344.19,3403.77,3343.85,3368.38,555772.250
1768410000000,3368.38,3379.59,3334.90,3340.96,315464.551
1768413600000,3340.95,3353.20,3313.94,3337.97,244647.231
1768417200000,3337.97,3402.15,3330.41,3366.49,338068.305
1768420800000,3366.48,3392.00,3360.63,3381.91,157731.165
1768424400000,3381.91,3381.91,3354.86,3371.22,112878.970
1768428000000,3371.22,3373.00,3346.24,3347.42,95695.845
1768431600000,3347.42,3368.22,3347.42,3353.27,72827.921
1768435200000,3353.28,3354.61,3323.85,3330.35,121465.265
1768438800000,3330.35,3341.76,3315.03,3323.51,99615.462
1768442400000,3323.51,3331.24,3304.00,3312.72,117881.716
1768446000000,3312.73,3320.40,3275.36,3284.79,263203.752
1768449600000,3284.80,3307.04,3282.89,3303.50,121406.017
1768453200000,3303.50,3314.12,3300.53,3309.02,80267.761
1768456800000,3309.02,3322.21,3308.00,3314.34,81977.206
1768460400000,3314.35,3333.93,3313.00,3328.63,96271.546
1768464000000,3328.64,3337.88,3318.66,3334.89,114719.032
1768467600000,3334.90,3373.62,3328.59,3365.14,283989.664
1768471200000,3365.14,3377.78,3356.53,3363.08,161583.984
1768474800000,3363.08,3365.00,3345.91,3348.63,121222.385
1768478400000,3348.63,3369.95,3342.68,3367.87,129669.786
1768482000000,3367.87,3383.07,3355.21,3369.60,156392.846
1768485600000,3369.59,3381.61,3320.74,3340.38,435355.396
1768489200000,3340.36,3356.81,3282.07,3328.93,575024.001
1768492800000,3328.92,3333.98,3307.96,3328.69,202475.757
1768496400000,3328.69,3336.22,3295.02,3299.56,230612.384
1768500000000,3299.55,3306.74,3266.00,3287.10,289498.826
1768503600000,3287.09,3300.73,3275.26,3294.01,138398.757
1768507200000,3294.01,3305.55,3275.00,3286.53,110490.483
1768510800000,3286.53,3304.60,3282.04,3297.81,63200.871
1768514400000,3297.80,3317.88,3294.43,3307.70,71644.297
1768518000000,3307.70,3322.15,3300.55,3317.00,65615.630
1768521600000,3317.00,3325.34,3314.04,3315.32,61211.135
1768525200000,3315.31,3320.59,3300.15,3312.32,84771.695
1768528800000,3312.32,3312.33,3290.21,3302.30,95243.920
1768532400000,3302.30,3306.90,3293.65,3293.90,36927.309
1768536000000,3293.91,3303.39,3274.05,3286.35,167236.527
1768539600000,3286.36,3315.00,3281.81,3307.58,150025.824
1768543200000,3307.59,3315.82,3301.01,3312.61,69707.843
1768546800000,3312.61,3314.67,3299.52,3308.16,57184.694
1768550400000,3308.16,3319.43,3307.20,3312.02,72841.370
1768554000000,3312.02,3315.36,3306.02,3306.41,36557.324
1768557600000,3306.41,3307.43,3293.24,3296.31,76315.836
1768561200000,3296.31,3305.39,3291.56,3300.69,74972.561
1768564800000,3300.70,3313.00,3299.00,3307.33,62855.843
1768568400000,3307.34,3309.16,3293.29,3306.12,61716.341
1768572000000,3306.12,3317.17,3287.98,3292.49,171889.699
1768575600000,3292.49,3310.00,3251.42,3263.04,520203.015
1768579200000,3263.04,3288.88,3258.00,3277.80,297303.443
1768582800000,3277.81,3285.55,3265.51,3283.15,84392.834
1768586400000,3283.15,3287.48,3276.26,3277.28,60088.349
1768590000000,3277.29,3278.14,3267.29,3275.64,49877.111
1768593600000,3275.65,3292.75,3263.06,3291.59,112016.873
1768597200000,3291.60,3298.32,3286.78,3292.87,69057.218
1768600800000,3292.88,3294.41,3281.42,3292.71,37761.351
1768604400000,3292.71,3298.86,3290.82,3294.77,40024.041
1768608000000,3294.77,3296.02,3288.42,3291.40,26973.382
1768611600000,3291.40,3294.62,3286.52,3289.26,26630.792
1768615200000,3289.27,3291.78,3282.39,3291.13,32488.212
1768618800000,3291.14,3291.34,3286.32,3288.12,17014.747
1768622400000,3288.12,3291.50,3284.67,3290.71,21825.556
1768626000000,3290.71,3292.99,3288.02,3290.22,17869.393
1768629600000,3290.22,3292.64,3286.09,3289.87,20368.999
1768633200000,3289.87,3291.33,3285.82,3290.09,23346.754
1768636800000,3290.08,3295.65,3288.00,3295.20,46085.339
1768640400000,3295.20,3304.96,3292.30,3297.35,64373.935
1768644000000,3297.35,3299.67,3294.00,3295.37,30393.552
1768647600000,3295.36,3304.33,3291.12,3301.40,50014.560
1768651200000,3301.39,3305.00,3298.99,3301.13,35080.839
1768654800000,3301.12,3303.00,3298.00,3302.21,30198.194
1768658400000,3302.21,3310.61,3300.00,3308.85,75176.873
1768662000000,3308.85,3328.21,3306.47,3328.13,249727.797
1768665600000,3328.13,3328.36,3310.00,3317.42,145175.545
1768669200000,3317.42,3327.00,3315.56,3317.85,45451.665
1768672800000,3317.84,3319.31,3313.03,3316.34,27294.474
1768676400000,3316.35,3319.70,3313.21,3315.10,19381.175
1768680000000,3315.09,3318.53,3313.87,3315.90,14732.167
1768683600000,3315.90,3316.05,3305.11,3311.22,29489.838
1768687200000,3311.22,3311.23,3295.42,3300.36,67270.521
1768690800000,3300.37,3308.92,3299.52,3308.87,32263.548
1768694400000,3308.86,3312.91,3301.42,3303.13,37184.387
1768698000000,3303.13,3305.64,3294.52,3299.92,52438.876
1768701600000,3299.91,3304.69,3295.24,3302.15,32651.815
1768705200000,3302.16,3319.77,3301.82,3314.52,45086.167
1768708800000,3314.52,3316.53,3307.70,3310.60,29795.794
1768712400000,3310.59,3316.69,3309.33,3314.37,24833.312
1768716000000,3314.37,3316.66,3310.18,3314.07,22635.741
1768719600000,3314.08,3314.49,3304.20,3305.66,38343.585
1768723200000,3305.67,3315.52,3301.56,3313.92,48608.766
1768726800000,3313.93,3323.99,3312.55,3321.48,78088.713
1768730400000,3321.48,3324.41,3316.84,3324.04,43528.761
1768734000000,3324.05,3324.05,3317.41,3320.60,27458.492
1768737600000,3320.61,3325.75,3317.02,3320.71,37938.324
1768741200000,3320.71,3328.97,3312.71,3324.47,86717.477
1768744800000,3324.48,3346.70,3321.02,3323.51,226343.714
1768748400000,3323.51,3334.33,3317.45,3332.31,68804.987
1768752000000,3332.31,3336.66,3328.14,3332.15,44619.981
1768755600000,3332.16,3345.97,3330.10,3343.40,40911.661
1768759200000,3343.39,3367.98,3334.99,3360.66,201194.869
1768762800000,3360.67,3364.43,3342.70,3345.36,80676.545
1768766400000,3345.36,3351.22,3335.49,3339.77,53708.033
1768770000000,3339.77,3344.98,3335.01,3340.37,25735.709
1768773600000,3340.37,3356.14,3338.58,3349.34,36162.686
1768777200000,3349.33,3349.34,3277.42,3282.77,433050.075
1768780800000,3282.77,3283.20,3175.00,3210.67,1291428.903
1768784400000,3210.67,3220.00,3192.00,3205.51,221428.492
1768788000000,3205.50,3214.99,3191.14,3202.66,135714.760
1768791600000,3202.65,3211.03,3193.56,3210.36,103109.898
1768795200000,3210.35,3215.91,3203.25,3211.03,101329.226
1768798800000,3211.03,3214.17,3194.13,3201.00,168957.314
1768802400000,3201.00,3203.00,3184.15,3194.18,116966.523
1768806000000,3194.18,3207.66,3194.18,3205.74,59038.892
1768809600000,3205.74,3221.00,3196.00,3212.34,147469.713
1768813200000,3212.35,3213.19,3203.79,3207.83,56460.077
1768816800000,3207.82,3215.13,3204.00,3213.99,42764.365
1768820400000,3214.00,3229.66,3211.62,3222.18,119009.029
1768824000000,3222.18,3234.71,3217.67,3223.67,98169.555
1768827600000,3223.66,3223.66,3211.00,3216.93,73548.152
1768831200000,3216.92,3218.05,3200.01,3211.75,98067.864
1768834800000,3211.74,3219.56,3208.23,3214.47,54915.811
1768838400000,3214.47,3226.19,3211.20,3221.65,56589.866
1768842000000,3221.65,3224.68,3215.26,3218.30,39933.918
1768845600000,3218.30,3219.66,3206.61,3213.31,55087.563
1768849200000,3213.31,3223.50,3213.30,3218.34,30387.897
1768852800000,3218.34,3224.00,3211.00,3212.96,46671.434
1768856400000,3212.96,3221.02,3208.76,3211.49,29537.506
1768860000000,3211.48,3213.38,3185.00,3187.31,136698.808
1768863600000,3187.32,3196.93,3165.00,3188.01,282602.134
1768867200000,3188.01,3199.60,3175.00,3182.55,109769.246
1768870800000,3182.55,3198.55,3174.02,3192.16,90656.692
1768874400000,3192.16,3199.73,3177.18,3191.22,111506.634
1768878000000,3191.22,3193.63,3181.27,3187.41,53469.589
1768881600000,3187.41,3188.27,3167.00,3171.78,105216.908
1768885200000,3171.78,3174.00,3150.00,3170.13,327362.390
1768888800000,3170.12,3171.00,3106.66,3115.20,514183.273
1768892400000,3115.20,3130.00,3110.24,3121.50,160676.364
1768896000000,3121.49,3122.54,3083.49,3105.46,426079.822
1768899600000,3105.46,3109.00,3087.17,3093.15,139253.786
1768903200000,3093.15,3107.32,3090.00,3101.26,100416.345
1768906800000,3101.26,3111.83,3101.25,3108.14,90090.226
1768910400000,3108.15,3113.52,3100.55,3109.50,74399.634
1768914000000,3109.50,3111.50,3072.41,3077.91,271906.022
1768917600000,3077.91,3088.00,3032.00,3046.17,837928.091
1768921200000,3046.16,3048.80,2990.91,3031.06,718534.644
1768924800000,3031.06,3041.58,2997.00,3007.92,286981.331
1768928400000,3007.92,3022.35,2982.42,2998.41,335095.264
1768932000000,2998.40,3007.92,2986.26,2990.62,145053.414
1768935600000,2990.63,3002.08,2977.92,2995.04,147521.454
1768939200000,2995.04,3006.61,2985.08,3005.63,135491.077
1768942800000,3005.64,3006.09,2988.14,2992.00,77712.764
1768946400000,2992.01,2997.58,2910.00,2950.00,396086.787
1768950000000,2950.00,2951.08,2928.86,2938.24,207825.861
1768953600000,2938.25,2968.00,2920.08,2958.32,280131.483
1768957200000,2958.31,2973.06,2953.62,2963.66,159225.658
1768960800000,2963.66,2973.75,2956.22,2960.65,89243.730
1768964400000,2960.65,2983.70,2959.79,2980.27,101187.034
1768968000000,2980.26,2984.45,2973.26,2977.83,60720.767
1768971600000,2977.84,3001.01,2976.34,2991.71,151925.823
1768975200000,2991.71,2992.50,2973.76,2979.01,89822.559
1768978800000,2979.01,2984.42,2964.45,2969.01,153121.887
1768982400000,2969.02,2973.18,2954.15,2964.00,116704.860
1768986000000,2963.99,2973.62,2947.00,2952.46,98156.434
1768989600000,2952.46,2968.90,2950.54,2962.34,66220.976
1768993200000,2962.34,2970.61,2935.00,2942.17,143368.309
1768996800000,2942.17,2945.60,2900.31,2929.92,535259.887
1769000400000,2929.92,2944.50,2919.18,2926.79,222047.929
1769004000000,2926.79,2994.44,2923.08,2979.29,627375.728
1769007600000,2979.30,3026.06,2973.34,3001.22,505151.789
1769011200000,3001.23,3003.92,2883.98,2889.94,880777.613
1769014800000,2889.94,2912.99,2864.29,2902.01,520538.803
1769018400000,2902.00,2932.64,2885.82,2925.87,198733.367
1769022000000,2925.87,3069.34,2914.74,3054.07,787955.985
1769025600000,3054.08,3056.41,3001.79,3030.36,360471.147
1769029200000,3030.36,3043.17,3019.51,3030.00,93171.342
1769032800000,3030.01,3044.00,3007.19,3008.77,90558.518
1769036400000,3008.77,3024.00,2970.65,2980.66,197822.889
1769040000000,2980.67,3009.92,2979.28,3003.96,142038.965
1769043600000,3003.96,3033.00,3000.73,3026.96,127702.032
1769047200000,3026.96,3037.49,3013.60,3016.45,111397.746
1769050800000,3016.44,3029.69,2998.30,3012.24,107694.070
1769054400000,3012.23,3023.99,3010.14,3021.84,49216.693
1769058000000,3021.84,3027.00,3013.13,3018.74,46362.991
1769061600000,3018.74,3026.56,3007.50,3017.94,70507.767
1769065200000,3017.93,3021.28,2999.16,2999.71,77868.225
1769068800000,2999.72,3007.14,2990.77,3004.44,116063.414
1769072400000,3004.43,3015.58,3001.81,3012.20,66481.552
1769076000000,3012.21,3013.45,2998.21,3001.15,84852.884
1769079600000,3001.14,3005.84,2976.07,2984.78,178609.132
1769083200000,2984.79,2996.91,2976.46,2989.56,91007.850
1769086800000,2989.56,3009.00,2960.59,2971.34,268536.680
1769090400000,2971.33,2980.89,2933.40,2939.62,467304.751
1769094000000,2939.61,2966.71,2904.11,2940.72,611078.276
1769097600000,2940.73,2957.55,2922.12,2944.53,251217.183
1769101200000,2944.52,2962.76,2933.14,2960.26,127851.404
1769104800000,2960.26,2971.84,2937.01,2938.26,135528.387
1769108400000,2938.26,2962.00,2926.88,2952.56,113739.837
1769112000000,2952.56,2956.55,2928.90,2937.60,104454.940
1769115600000,2937.60,2950.21,2932.23,2944.73,59940.709
1769119200000,2944.73,2958.00,2941.51,2950.30,54237.442
1769122800000,2950.29,2954.58,2939.03,2951.21,47343.293
1769126400000,2951.21,2956.06,2944.47,2952.17,43735.786
1769130000000,2952.16,2968.74,2951.80,2967.56,62669.740
1769133600000,2967.56,2971.10,2951.15,2951.42,55659.136
1769137200000,2951.41,2964.19,2950.12,2963.17,35221.261
1769140800000,2963.18,2983.62,2961.57,2976.30,111685.152
1769144400000,2976.30,2976.78,2962.65,2966.97,62875.236
1769148000000,2966.96,2974.39,2936.39,2938.76,182894.796
1769151600000,2938.75,2950.00,2933.56,2946.84,100135.218
1769155200000,2946.84,2949.81,2921.00,2926.29,155400.628
1769158800000,2926.28,2933.81,2913.84,2920.01,132996.411
1769162400000,2920.01,2933.61,2913.49,2929.85,87875.182
1769166000000,2929.85,2946.34,2927.41,2939.52,84804.791
1769169600000,2939.53,2939.53,2927.52,2933.39,62499.868
1769173200000,2933.40,2942.93,2925.61,2929.51,82075.717
1769176800000,2929.52,2940.96,2890.20,2914.64,399617.684
1769180400000,2914.65,2965.00,2897.65,2951.08,358173.141
1769184000000,2951.08,2979.34,2936.95,2966.35,329905.239
1769187600000,2966.35,3020.45,2958.04,2986.02,403219.742
1769191200000,2986.03,3006.51,2976.74,2987.18,165889.094
1769194800000,2987.18,2987.19,2945.00,2958.24,216437.323
1769198400000,2958.24,2962.64,2929.00,2938.87,162780.290
1769202000000,2938.88,2951.98,2936.88,2942.62,47799.612
1769205600000,2942.62,2961.03,2942.00,2958.75,51477.491
1769209200000,2958.76,2958.76,2949.39,2955.08,25272.628
1769212800000,2955.08,2958.06,2947.72,2949.44,31716.992
1769216400000,2949.44,2958.37,2948.49,2954.99,34267.847
1769220000000,2954.99,2961.20,2953.19,2958.13,24442.773
1769223600000,2958.13,2968.75,2955.77,2961.10,56869.422
1769227200000,2961.11,2965.21,2957.38,2961.63,27365.635
1769230800000,2961.63,2964.14,2955.40,2959.67,30337.567
1769234400000,2959.68,2962.72,2957.10,2960.06,19472.468
1769238000000,2960.06,2960.80,2953.03,2956.00,28531.858
1769241600000,2956.01,2962.16,2953.72,2961.75,20419.564
1769245200000,2961.75,2963.61,2958.74,2959.29,16279.732
1769248800000,2959.30,2961.09,2957.30,2960.41,13396.567
1769252400000,2960.42,2963.42,2959.14,2959.93,22519.117
1769256000000,2959.93,2963.58,2958.00,2961.48,25871.826
1769259600000,2961.48,2962.46,2945.24,2947.17,43490.867
1769263200000,2947.18,2958.56,2942.00,2957.99,87185.888
1769266800000,2957.99,2966.93,2954.00,2955.55,62033.705
1769270400000,2955.54,2960.13,2950.25,2957.42,53371.744
1769274000000,2957.42,2965.00,2956.33,2962.97,36416.543
1769277600000,2962.97,2967.30,2960.66,2962.06,24384.034
1769281200000,2962.05,2962.83,2950.42,2952.77,33776.287
1769284800000,2952.77,2957.94,2952.46,2955.03,15768.801
1769288400000,2955.04,2956.81,2947.00,2956.80,31888.389
1769292000000,2956.80,2963.00,2956.80,2961.60,19283.308
1769295600000,2961.60,2963.02,2951.00,2952.09,23494.343
1769299200000,2952.09,2957.64,2951.00,2957.63,19546.777
1769302800000,2957.64,2959.27,2948.10,2953.77,32414.146
1769306400000,2953.77,2957.06,2951.57,2952.05,18619.735
1769310000000,2952.06,2953.00,2935.50,2941.54,92426.859
1769313600000,2941.54,2948.15,2938.89,2944.01,43470.979
1769317200000,2944.01,2947.65,2940.88,2946.04,25044.647
1769320800000,2946.03,2947.00,2933.05,2942.86,68892.684
1769324400000,2942.86,2942.86,2937.04,2938.43,22983.395
1769328000000,2938.44,2943.97,2918.55,2927.89,120480.132
1769331600000,2927.89,2938.73,2925.11,2934.55,51475.060
1769335200000,2934.55,2947.00,2934.41,2943.73,54295.761
1769338800000,2943.72,2945.23,2931.00,2936.16,56294.611
1769342400000,2936.15,2944.08,2931.10,2941.11,57432.580
1769346000000,2941.11,2944.05,2933.80,2940.28,44475.045
1769349600000,2940.28,2941.40,2923.04,2931.30,114537.522
1769353200000,2931.29,2934.81,2920.33,2925.54,51103.477
1769356800000,2925.54,2926.35,2874.10,2895.46,582038.608
1769360400000,2895.45,2897.23,2877.00,2883.04,123029.189
1769364000000,2883.04,2887.72,2825.00,2846.01,650831.323
1769367600000,2846.01,2852.01,2794.59,2810.90,522575.752
1769371200000,2810.91,2821.77,2784.15,2807.76,321612.385
1769374800000,2807.75,2823.81,2800.02,2817.19,217203.088
1769378400000,2817.18,2817.59,2787.52,2805.78,158021.193
1769382000000,2805.79,2820.00,2785.00,2815.49,190464.259
1769385600000,2815.49,2846.20,2810.72,2840.58,306058.795
1769389200000,2840.58,2898.02,2837.27,2881.40,491830.387
1769392800000,2881.40,2884.32,2861.03,2864.65,181810.591
1769396400000,2864.66,2871.51,2839.46,2849.69,159680.260
1769400000000,2849.70,2874.99,2848.47,2864.91,133618.418
1769403600000,2864.91,2871.89,2858.54,2868.14,64279.157
1769407200000,2868.14,2891.00,2864.52,2890.90,227013.277
1769410800000,2890.91,2911.00,2884.34,2902.99,263959.552
1769414400000,2903.00,2935.00,2896.13,2911.24,358046.360
1769418000000,2911.24,2912.49,2879.62,2884.38,180722.002
1769421600000,2884.38,2900.00,2883.59,2894.85,84050.179
1769425200000,2894.85,2899.00,2886.64,2890.92,71765.218
1769428800000,2890.91,2914.98,2890.91,2901.29,130823.248
1769432400000,2901.29,2909.99,2895.78,2908.30,80555.306
1769436000000,2908.29,2933.00,2872.78,2921.40,597807.390
1769439600000,2921.39,2950.00,2884.94,2898.12,518078.441
1769443200000,2898.13,2916.84,2890.74,2900.36,233616.059
1769446800000,2900.36,2914.96,2884.93,2908.36,212309.227
1769450400000,2908.36,2931.87,2907.00,2931.00,266877.627
1769454000000,2930.99,2935.10,2916.20,2921.94,134528.831
1769457600000,2921.94,2928.04,2896.80,2900.17,115019.751
1769461200000,2900.17,2945.60,2893.90,2927.97,206868.157
1769464800000,2927.98,2936.00,2918.63,2925.96,86771.575
1769468400000,2925.97,2944.17,2917.01,2928.90,106534.762
1769472000000,2928.89,2929.87,2916.36,2919.37,66304.581
1769475600000,2919.37,2938.71,2910.93,2931.21,105227.506
1769479200000,2931.20,2946.48,2931.09,2944.20,89621.903
1769482800000,2944.19,2948.00,2934.64,2939.68,67854.475
1769486400000,2939.69,2958.00,2935.18,2939.42,153522.731
1769490000000,2939.41,2940.99,2932.30,2938.25,58081.264
1769493600000,2938.25,2941.48,2923.21,2928.08,63953.591
1769497200000,2928.07,2936.32,2926.12,2927.94,48972.081
1769500800000,2927.94,2931.46,2918.29,2922.21,73907.252
1769504400000,2922.21,2922.22,2905.76,2906.66,118000.633
1769508000000,2906.65,2914.51,2900.83,2902.53,89396.873
1769511600000,2902.52,2921.45,2898.89,2915.89,90253.688
1769515200000,2915.88,2926.87,2914.13,2917.15,84054.929
1769518800000,2917.14,2918.30,2904.15,2911.36,86718.121
1769522400000,2911.35,2944.26,2905.50,2917.31,298022.477
1769526000000,2917.32,2940.80,2911.66,2936.17,202684.017
1769529600000,2936.16,2997.64,2933.56,2989.59,553596.261
1769533200000,2989.59,2993.89,2916.51,2928.89,498871.321
1769536800000,2928.89,2989.00,2924.51,2977.10,270240.285
1769540400000,2977.10,2991.46,2963.81,2979.46,165962.647
1769544000000,2979.46,3027.65,2977.65,3019.79,325440.956
1769547600000,3019.79,3029.90,3003.72,3014.46,161112.316
1769551200000,3014.47,3022.85,3003.15,3018.01,82697.175
1769554800000,3018.01,3034.99,3009.45,3024.92,138431.735
1769558400000,3024.92,3028.50,3014.13,3023.00,80934.084
1769562000000,3022.99,3025.69,3005.71,3016.74,73075.674
1769565600000,3016.73,3017.14,3004.25,3009.52,54944.169
1769569200000,3009.51,3011.10,2995.78,3003.79,84160.384
1769572800000,3003.79,3005.51,2991.53,2998.30,73554.378
1769576400000,2998.31,3007.82,2995.27,3003.03,55446.102
1769580000000,3003.04,3018.09,3001.65,3013.24,95990.880
1769583600000,3013.25,3014.35,3001.00,3004.06,45081.195
1769587200000,3004.07,3005.67,2987.00,2989.42,93140.509
1769590800000,2989.42,3016.46,2985.33,3016.25,126862.955
1769594400000,3016.24,3038.86,3011.95,3024.78,187197.378
1769598000000,3024.77,3045.00,3013.81,3038.41,174323.201
1769601600000,3038.40,3039.26,3022.42,3029.79,164292.826
1769605200000,3029.79,3044.39,3027.92,3033.51,114636.385
1769608800000,3033.52,3033.55,3006.00,3011.60,220188.552
1769612400000,3011.60,3019.64,2981.70,3006.25,276776.822
1769616000000,3006.25,3016.92,2994.24,2998.41,116484.395
1769619600000,2998.40,3030.78,2987.89,3013.36,183704.414
1769623200000,3013.37,3023.20,2998.70,3013.82,154166.986
1769626800000,3013.81,3023.33,2995.16,3015.25,241783.777
1769630400000,3015.26,3038.10,3006.80,3010.67,167245.381
1769634000000,3010.67,3022.20,2995.01,3020.14,103899.086
1769637600000,3020.14,3026.30,3007.07,3017.19,46059.304
1769641200000,3017.20,3021.89,3006.66,3009.36,41301.910
1769644800000,3009.36,3012.04,2995.13,3007.85,68200.905
1769648400000,3007.86,3010.44,2985.35,2991.29,100376.927
1769652000000,2991.29,2998.00,2943.00,2958.01,325899.793
1769655600000,2958.01,2971.43,2946.42,2951.40,188645.729
1769659200000,2951.40,2959.51,2936.39,2958.19,136058.187
1769662800000,2958.20,2964.36,2946.60,2950.08,74800.473
1769666400000,2950.09,2958.38,2948.69,2954.83,47580.272
1769670000000,2954.83,2963.54,2954.17,2960.11,50650.663
1769673600000,2960.11,2969.00,2942.20,2951.36,159639.078
1769677200000,2951.37,2954.05,2941.00,2941.18,67229.365
1769680800000,2941.19,2948.00,2940.05,2943.49,49575.292
1769684400000,2943.49,2944.21,2922.21,2928.08,232970.203
1769688000000,2928.09,2937.69,2923.93,2934.99,85553.078
1769691600000,2935.00,2938.00,2930.13,2934.58,49467.417
1769695200000,2934.59,2935.46,2874.00,2874.79,448746.154
1769698800000,2874.80,2876.00,2795.03,2822.65,1202883.560
1769702400000,2822.66,2835.42,2800.01,2833.75,469591.423
1769706000000,2833.76,2858.88,2817.52,2823.19,405572.482
1769709600000,2823.18,2833.40,2752.50,2762.34,804751.222
1769713200000,2762.35,2810.61,2756.31,2796.53,386539.703
1769716800000,2796.53,2811.75,2788.00,2804.90,176017.201
1769720400000,2804.91,2824.00,2804.24,2818.51,120677.313
1769724000000,2818.52,2823.96,2809.13,2818.77,45128.530
1769727600000,2818.77,2826.15,2811.06,2821.00,59951.037
1769731200000,2821.00,2827.27,2800.67,2803.79,131999.672
1769734800000,2803.79,2812.13,2673.33,2745.65,837580.159
1769738400000,2745.65,2749.90,2696.61,2735.22,492377.733
1769742000000,2735.22,2747.23,2732.72,2739.74,114166.362
1769745600000,2739.74,2773.68,2736.56,2751.83,213407.651
1769749200000,2751.84,2759.85,2745.46,2745.78,93721.900
1769752800000,2745.78,2747.43,2695.03,2717.00,316939.182
1769756400000,2717.00,2749.58,2716.33,2738.43,254971.924
1769760000000,2738.43,2747.36,2721.01,2736.19,138264.260
1769763600000,2736.20,2742.97,2708.00,2720.84,192256.657
1769767200000,2720.84,2735.81,2710.17,2734.81,131222.386
1769770800000,2734.81,2767.80,2733.22,2758.50,188991.524
1769774400000,2758.49,2765.50,2736.42,2739.31,161328.430
1769778000000,2739.31,2750.80,2718.00,2728.79,221922.077
1769781600000,2728.78,2763.93,2722.32,2736.37,322804.768
1769785200000,2736.38,2751.77,2689.00,2727.63,532240.404
1769788800000,2727.63,2743.14,2703.97,2725.49,310985.208
1769792400000,2725.50,2739.88,2704.73,2711.16,285451.060
1769796000000,2711.16,2749.60,2634.63,2739.26,875387.111
1769799600000,2739.26,2760.00,2733.08,2741.36,321059.070
1769803200000,2741.36,2741.89,2662.47,2678.83,568762.198
1769806800000,2678.82,2713.79,2675.60,2703.54,230451.674
1769810400000,2703.56,2708.64,2691.38,2708.63,60342.793
1769814000000,2708.63,2710.70,2692.68,2705.66,87171.705
1769817600000,2705.66,2713.42,2701.16,2705.06,57757.259
1769821200000,2705.05,2713.43,2697.46,2698.50,66522.878
1769824800000,2698.51,2707.56,2683.01,2700.73,106455.074
1769828400000,2700.73,2705.20,2693.50,2694.79,48786.408
1769832000000,2694.79,2703.87,2692.05,2694.44,53205.032
1769835600000,2694.44,2702.31,2689.24,2696.98,55730.811
1769839200000,2696.98,2700.00,2682.64,2691.61,94416.667
1769842800000,2691.60,2692.80,2665.00,2678.86,147624.009
1769846400000,2678.86,2682.60,2605.41,2642.48,676755.096
1769850000000,2642.48,2658.00,2632.00,2646.95,185200.528
1769853600000,2646.95,2654.57,2634.30,2649.99,87480.475
1769857200000,2649.99,2650.00,2632.50,2639.04,91075.170
1769860800000,2639.04,2643.21,2626.35,2632.03,190239.569
1769864400000,2632.04,2635.79,2616.51,2627.79,214140.085
1769868000000,2627.78,2635.00,2507.47,2536.82,1396958.187
1769871600000,2536.82,2554.57,2524.23,2532.61,371854.374
1769875200000,2532.61,2549.98,2463.92,2480.80,876199.566
1769878800000,2480.80,2494.33,2350.56,2401.44,1386014.450
1769882400000,2401.43,2415.70,2202.40,2378.75,1558812.923
1769886000000,2378.76,2431.75,2370.08,2381.56,780102.337
1769889600000,2381.57,2409.99,2352.36,2380.84,354453.881
1769893200000,2380.83,2423.00,2371.52,2418.04,314115.858
1769896800000,2418.04,2423.53,2404.65,2417.95,114658.787
1769900400000,2417.95,2473.20,2415.10,2450.38,368772.501
1769904000000,2450.38,2474.98,2444.26,2450.80,197043.337
1769907600000,2450.80,2454.34,2428.14,2443.30,187740.444
1769911200000,2443.30,2460.69,2438.48,2451.14,95637.937
1769914800000,2451.14,2455.36,2436.39,2444.17,84211.626
1769918400000,2444.18,2453.53,2440.22,2447.05,74028.865
1769922000000,2447.04,2448.39,2422.79,2429.60,147600.235
1769925600000,2429.60,2439.12,2406.05,2417.52,170266.139
1769929200000,2417.52,2439.99,2392.04,2409.99,327088.748
1769932800000,2409.99,2427.21,2395.19,2411.71,244883.595
1769936400000,2411.72,2436.99,2405.15,2431.00,125507.266
1769940000000,2431.00,2437.95,2374.65,2379.61,355327.086
1769943600000,2379.60,2423.66,2379.60,2410.65,243477.751
1769947200000,2410.65,2411.31,2382.70,2394.80,175613.461
1769950800000,2394.80,2409.59,2367.83,2380.01,204673.673
1769954400000,2380.02,2388.19,2325.09,2371.69,718349.701
1769958000000,2371.69,2371.89,2284.68,2314.57,856084.782
1769961600000,2314.57,2331.71,2282.06,2302.80,496522.401
1769965200000,2302.79,2320.57,2295.23,2313.08,273766.894
1769968800000,2313.07,2378.09,2312.14,2349.95,464421.235
1769972400000,2349.95,2356.20,2304.59,2319.29,251517.122
1769976000000,2319.29,2348.21,2296.13,2315.08,292031.917
1769979600000,2315.08,2318.33,2276.00,2289.18,275960.922
1769983200000,2289.18,2334.13,2285.60,2317.80,261047.031
1769986800000,2317.81,2320.57,2218.00,2269.04,961798.135
1769990400000,2269.03,2322.71,2240.13,2291.44,451915.271
1769994000000,2291.44,2316.76,2247.59,2289.43,442812.459
1769997600000,2289.43,2299.01,2257.60,2260.53,303273.640
1770001200000,2260.53,2266.00,2163.21,2237.41,1154853.182
1770004800000,2237.40,2267.11,2205.51,2239.70,483850.379
1770008400000,2239.71,2242.06,2183.07,2196.71,560993.612
1770012000000,2196.70,2240.00,2156.00,2226.48,803510.998
1770015600000,2226.48,2253.82,2215.20,2227.57,407258.749
1770019200000,2227.56,2258.00,2227.56,2248.13,319001.107
1770022800000,2248.14,2317.49,2236.43,2289.77,783431.387
1770026400000,2289.77,2298.56,2272.31,2276.65,292716.473
1770030000000,2276.66,2297.07,2272.38,2281.21,235333.600
1770033600000,2281.20,2317.44,2280.78,2310.09,280061.754
1770037200000,2310.09,2334.68,2300.72,2326.29,301962.565
1770040800000,2326.29,2367.97,2295.98,2327.59,801160.649
1770044400000,2327.59,2395.40,2317.09,2370.88,651611.996
1770048000000,2370.87,2385.56,2347.78,2357.04,329928.937
1770051600000,2357.05,2379.99,2342.09,2355.07,254674.940
1770055200000,2355.07,2358.57,2332.15,2343.08,201716.297
1770058800000,2343.07,2349.30,2326.00,2329.75,163747.424
1770062400000,2329.75,2339.18,2311.47,2320.83,235532.516
1770066000000,2320.83,2343.93,2318.00,2340.93,129101.523
1770069600000,2340.93,2353.44,2334.30,2349.73,89450.749
1770073200000,2349.74,2353.74,2338.10,2345.55,98644.377
1770076800000,2345.56,2354.64,2323.49,2352.64,157985.676
1770080400000,2352.64,2358.60,2336.18,2353.27,95054.396
1770084000000,2353.27,2353.51,2295.56,2297.30,297264.113
1770087600000,2297.32,2344.27,2282.01,2343.10,421701.032
1770091200000,2343.10,2354.40,2332.24,2344.91,232812.540
1770094800000,2344.90,2345.24,2313.71,2315.28,187938.886
1770098400000,2315.28,2327.48,2296.45,2319.14,235486.378
1770102000000,2319.14,2333.00,2311.22,2322.00,168654.398
1770105600000,2322.00,2331.86,2307.78,2314.62,181074.936
1770109200000,2314.62,2317.86,2259.77,2290.88,636754.900
1770112800000,2290.87,2298.31,2275.00,2280.49,167375.052
1770116400000,2280.50,2287.34,2269.29,2275.63,203095.069
1770120000000,2275.63,2305.43,2271.01,2300.01,186056.572
1770123600000,2300.00,2316.36,2295.17,2311.06,156617.416
1770127200000,2311.07,2316.00,2254.00,2255.66,485036.553
1770130800000,2255.66,2313.84,2250.66,2302.16,694180.392
1770134400000,2302.16,2302.70,2234.16,2239.88,690078.215
1770138000000,2239.87,2244.00,2191.23,2194.32,752795.761
1770141600000,2194.32,2206.12,2103.40,2119.08,1512724.942
1770145200000,2119.07,2218.64,2110.58,2204.33,1121475.401
1770148800000,2204.33,2353.97,2186.69,2298.93,1088374.200
1770152400000,2298.92,2339.07,2278.43,2283.21,392106.597
1770156000000,2283.20,2285.57,2226.51,2234.81,403423.496
1770159600000,2234.80,2247.44,2211.00,2232.23,380141.556
1770163200000,2232.23,2255.55,2221.77,2239.74,191995.538
1770166800000,2239.74,2280.50,2239.74,2267.21,245716.361
1770170400000,2267.21,2275.43,2241.20,2250.62,165965.869
1770174000000,2250.62,2295.00,2247.58,2282.23,230111.803
1770177600000,2282.22,2289.07,2269.47,2272.72,102200.467
1770181200000,2272.71,2279.56,2255.13,2264.38,142686.254
1770184800000,2264.38,2283.46,2257.32,2276.50,158881.174
1770188400000,2276.51,2294.38,2262.34,2282.93,217146.344
1770192000000,2282.93,2285.29,2265.68,2278.80,127738.675
1770195600000,2278.81,2278.98,2250.02,2259.89,187259.318
1770199200000,2259.89,2263.77,2248.88,2259.61,101128.566
1770202800000,2259.61,2267.79,2225.24,2253.73,486235.197
1770206400000,2253.73,2262.20,2230.81,2243.11,218385.463
1770210000000,2243.10,2245.11,2195.71,2197.32,493885.373
1770213600000,2197.32,2225.62,2166.52,2170.61,1007116.239
1770217200000,2170.61,2197.25,2135.00,2150.44,1026841.291
1770220800000,2150.45,2159.69,2104.00,2134.13,1171367.177
1770224400000,2134.12,2154.33,2091.55,2125.26,1036896.494
1770228000000,2125.26,2185.70,2073.68,2147.24,1419828.071
1770231600000,2147.25,2195.00,2132.19,2187.77,551744.113
1770235200000,2187.76,2192.30,2160.79,2171.18,242713.521
1770238800000,2171.18,2179.90,2107.05,2128.66,402332.471
1770242400000,2128.65,2167.69,2086.00,2119.25,402019.598
1770246000000,2119.25,2165.00,2114.09,2147.01,255269.239
1770249600000,2147.01,2163.45,2135.66,2149.03,180322.787
1770253200000,2149.03,2173.00,2121.89,2147.80,350247.538
1770256800000,2147.79,2163.10,2111.73,2123.31,472734.073
1770260400000,2123.31,2136.34,2096.82,2109.11,404837.714
1770264000000,2109.12,2124.99,2077.78,2103.10,595810.471
1770267600000,2103.11,2124.03,2076.26,2100.43,628685.577
1770271200000,2100.44,2106.66,2061.22,2086.31,543816.864
1770274800000,2086.31,2123.78,2084.39,2090.57,464278.710
1770278400000,2090.56,2120.00,2090.11,2110.84,274222.562
1770282000000,2110.85,2149.38,2110.02,2132.71,340631.177
1770285600000,2132.72,2139.58,2084.60,2096.49,368462.279
1770289200000,2096.49,2104.11,2060.00,2078.74,664308.656
1770292800000,2078.72,2093.06,2039.14,2062.96,802012.320
1770296400000,2062.95,2080.00,2048.00,2057.52,388071.793
1770300000000,2057.52,2107.34,2041.33,2045.37,857229.163
1770303600000,2045.37,2053.25,1925.41,1959.21,2486861.930
1770307200000,1959.21,2017.49,1942.63,1997.34,935146.619
1770310800000,1997.33,2000.72,1941.09,1953.53,754238.795
1770314400000,1953.53,1967.93,1912.54,1948.76,801343.528
1770318000000,1948.76,1952.09,1916.19,1927.24,406217.117
1770321600000,1927.24,1941.99,1823.16,1868.38,1584330.872
1770325200000,1868.37,1911.14,1838.00,1848.73,916530.230
1770328800000,1848.74,1889.21,1813.44,1869.54,675945.166
1770332400000,1869.52,1906.53,1818.05,1824.95,759174.800
1770336000000,1824.94,1892.61,1736.02,1869.28,1929578.717
1770339600000,1869.29,1939.69,1868.50,1930.79,898536.277
1770343200000,1930.80,1947.50,1889.84,1906.70,640539.542
1770346800000,1906.69,1916.80,1878.60,1891.17,336185.253
1770350400000,1891.18,1917.47,1885.02,1907.90,236057.316
1770354000000,1907.89,1974.83,1905.70,1957.62,466605.353
1770357600000,1957.62,1966.08,1905.50,1907.55,455106.142
1770361200000,1907.54,1914.43,1886.01,1898.21,466527.681
1770364800000,1898.21,1906.23,1865.24,1873.78,521399.058
1770368400000,1873.78,1928.84,1870.30,1918.44,524238.672
1770372000000,1918.44,1937.46,1909.03,1926.27,356895.974
1770375600000,1926.27,1939.80,1919.00,1931.76,237717.987
1770379200000,1931.75,1931.75,1914.00,1920.01,233467.762
1770382800000,1920.01,1961.84,1918.46,1949.30,522917.592
1770386400000,1949.30,2001.86,1932.00,1978.20,866015.153
1770390000000,1978.21,1996.40,1960.00,1979.49,570505.193
1770393600000,1979.49,2047.25,1969.99,2034.94,888434.013
1770397200000,2034.96,2090.00,2026.80,2066.53,789702.128
1770400800000,2066.53,2070.00,2029.67,2044.21,615397.895
1770404400000,2044.21,2072.00,2032.30,2065.15,323078.764
1770408000000,2065.14,2095.10,2042.43,2053.19,421553.287
1770411600000,2053.19,2061.45,2041.41,2053.45,166345.076
1770415200000,2053.45,2086.05,2045.08,2074.06,275428.507
1770418800000,2074.05,2087.70,2049.36,2062.54,249908.586
1770422400000,2062.55,2063.74,2036.02,2043.09,238341.929
1770426000000,2043.09,2065.90,2031.76,2060.69,177425.279
1770429600000,2060.69,2064.50,2047.32,2058.46,106025.792
1770433200000,2058.47,2085.52,2057.52,2079.62,236721.815
1770436800000,2079.61,2118.87,2077.58,2086.14,430418.684
1770440400000,2086.14,2103.10,2076.28,2082.74,183667.951
1770444000000,2082.73,2092.70,2045.96,2046.54,291719.363
1770447600000,2046.55,2054.86,1993.34,2026.09,852678.061
1770451200000,2026.09,2031.53,2014.12,2018.32,235383.320
1770454800000,2018.32,2029.40,2004.14,2013.64,195399.051
1770458400000,2013.63,2019.35,1998.52,2009.70,178471.870
1770462000000,2009.71,2021.90,2005.88,2017.52,123879.470
1770465600000,2017.53,2075.61,2015.87,2040.60,587913.623
1770469200000,2040.61,2050.00,2027.27,2040.76,216705.358
1770472800000,2040.77,2048.75,2008.18,2019.40,269304.678
1770476400000,2019.40,2063.12,2013.13,2051.49,297117.495
1770480000000,2051.49,2125.00,2009.00,2049.07,3562323.006
1770483600000,2049.07,2072.81,2031.66,2060.26,210680.107
1770487200000,2060.26,2109.07,2057.87,2096.06,285651.084
1770490800000,2096.06,2100.99,2082.41,2090.11,125192.300
1770494400000,2090.10,2116.79,2083.52,2104.08,158441.074
1770498000000,2104.09,2110.00,2096.49,2099.63,82919.261
1770501600000,2099.62,2106.83,2086.51,2087.73,60908.233
1770505200000,2087.73,2094.57,2072.00,2085.93,135147.697
1770508800000,2085.94,2093.62,2075.55,2083.27,102497.180
1770512400000,2083.28,2096.67,2080.98,2095.01,96811.639
1770516000000,2095.02,2106.00,2080.59,2087.97,126378.865
1770519600000,2087.97,2092.40,2075.56,2077.86,95990.642
1770523200000,2077.87,2087.69,2065.28,2086.45,149807.654
1770526800000,2086.45,2087.48,2077.48,2083.55,69825.132
1770530400000,2083.55,2087.96,2075.89,2078.34,69028.363
1770534000000,2078.33,2083.80,2067.16,2083.48,139258.242
1770537600000,2083.49,2124.00,2077.01,2115.24,337595.458
1770541200000,2115.24,2122.84,2094.25,2099.56,207996.189
1770544800000,2099.55,2113.33,2082.00,2095.00,204418.022
1770548400000,2094.99,2137.00,2093.20,2130.98,353485.821
1770552000000,2130.98,2144.35,2124.32,2130.01,312204.649
1770555600000,2130.01,2141.00,2116.53,2125.37,304651.686
1770559200000,2125.37,2128.43,2115.07,2127.73,117127.566
1770562800000,2127.73,2129.95,2096.00,2107.31,278905.114
1770566400000,2107.30,2115.00,2070.91,2079.82,281888.940
1770570000000,2079.82,2098.19,2078.99,2091.09,153816.100
1770573600000,2091.09,2121.00,2089.55,2108.00,181667.050
1770577200000,2108.01,2128.88,2106.25,2125.76,104731.343
1770580800000,2125.78,2126.24,2098.38,2103.49,105126.139
1770584400000,2103.49,2114.26,2088.38,2092.58,122277.824
1770588000000,2092.59,2112.00,2092.41,2107.43,85752.623
1770591600000,2107.43,2152.00,2070.46,2088.60,553937.038
1770595200000,2088.59,2096.46,2075.03,2083.16,161365.338
1770598800000,2083.15,2100.53,2052.92,2069.84,386544.190
1770602400000,2069.84,2094.92,2064.31,2080.44,175467.149
1770606000000,2080.44,2102.42,2080.11,2099.01,142328.318
1770609600000,2099.01,2100.88,2085.28,2089.36,94414.626
1770613200000,2089.36,2096.47,2082.43,2094.54,81999.802
1770616800000,2094.53,2094.54,2071.03,2080.37,171634.948
1770620400000,2080.36,2086.64,2063.28,2064.42,154334.417
1770624000000,2064.42,2069.20,2033.17,2048.84,380633.943
1770627600000,2048.84,2056.81,2033.41,2041.34,178552.408
1770631200000,2041.34,2046.48,2012.00,2021.73,360183.918
1770634800000,2021.74,2035.88,2019.64,2027.43,209477.045
1770638400000,2027.44,2038.50,2026.24,2034.59,134698.044
1770642000000,2034.60,2049.93,2021.52,2021.69,232163.810
1770645600000,2021.68,2049.02,2008.00,2042.39,528453.689
1770649200000,2042.40,2072.92,2031.29,2060.27,522592.348
1770652800000,2060.28,2109.16,2046.41,2090.26,445397.937
1770656400000,2090.27,2136.73,2076.95,2126.62,436924.170
1770660000000,2126.61,2142.82,2108.01,2130.12,356099.715
1770663600000,2130.11,2138.00,2118.34,2130.56,169000.050
1770667200000,2130.55,2148.00,2117.01,2123.68,212522.640
1770670800000,2123.68,2130.00,2086.87,2121.22,328571.019
1770674400000,2121.23,2125.24,2110.32,2114.07,128868.119
1770678000000,2114.07,2121.82,2100.01,2103.96,120161.738
1770681600000,2103.96,2111.78,2095.27,2095.72,93667.221
1770685200000,2095.73,2123.70,2095.21,2116.30,129915.468
1770688800000,2116.30,2120.99,2101.16,2107.08,83537.377
1770692400000,2107.09,2109.93,2049.64,2063.70,490086.379
1770696000000,2063.71,2073.32,2061.31,2069.54,186761.753
1770699600000,2069.54,2071.00,2043.08,2051.70,212728.948
1770703200000,2051.70,2056.60,1996.06,2007.65,748546.806
1770706800000,2007.66,2018.61,1996.48,2006.05,302139.509
1770710400000,2006.06,2016.91,1993.35,2013.42,322666.752
1770714000000,2013.41,2029.00,2008.48,2015.75,223140.202
1770717600000,2015.75,2020.97,2008.24,2012.72,101839.469
1770721200000,2012.73,2021.20,1999.78,2001.87,207218.893
1770724800000,2001.87,2016.12,2001.10,2006.61,158091.089
1770728400000,2006.60,2026.81,1993.10,2020.94,266336.040
1770732000000,2020.94,2038.72,1983.77,2008.31,613208.291
1770735600000,2008.31,2028.99,2002.11,2021.32,359532.875
1770739200000,2021.32,2037.43,2010.56,2024.88,263583.601
1770742800000,2024.87,2046.10,2018.42,2038.87,190564.470
1770746400000,2038.88,2041.61,1994.11,2008.28,294097.126
1770750000000,2008.27,2024.94,2001.85,2016.82,126438.118
1770753600000,2016.82,2020.59,2003.51,2010.35,112289.970
1770757200000,2010.36,2016.88,1995.57,2007.27,106580.005
1770760800000,2007.27,2019.71,2006.00,2016.76,69204.313
1770764400000,2016.76,2021.72,2011.43,2021.51,57365.051
1770768000000,2021.51,2028.80,2018.00,2023.98,81891.768
1770771600000,2023.99,2030.00,2015.00,2023.17,85860.197
1770775200000,2023.16,2031.00,2013.16,2016.53,94258.983
1770778800000,2016.52,2020.93,1996.00,2008.41,211205.315
1770782400000,2008.40,2010.28,1961.97,1970.63,526278.824
1770786000000,1970.63,1981.11,1970.25,1973.30,142222.233
1770789600000,1973.31,1976.49,1937.00,1947.78,589419.699
1770793200000,1947.78,1957.31,1943.80,1949.56,187291.620
1770796800000,1949.55,1952.37,1934.11,1948.76,217666.475
1770800400000,1948.77,1952.95,1941.88,1945.63,107186.379
1770804000000,1945.63,1945.64,1930.39,1938.27,209230.728
1770807600000,1938.26,1955.99,1936.00,1952.33,177033.960
1770811200000,1952.32,1966.73,1946.95,1951.21,225573.647
1770814800000,1951.21,1969.00,1941.12,1959.43,347530.831
1770818400000,1959.43,2015.43,1936.17,1942.31,1052096.443
1770822000000,1942.31,1949.50,1901.22,1928.05,781041.902
1770825600000,1928.04,1955.44,1908.48,1914.44,493062.424
1770829200000,1914.43,1941.86,1907.53,1928.92,337217.468
1770832800000,1928.93,1947.86,1914.42,1943.30,246636.136
1770836400000,1943.30,1959.00,1937.01,1951.26,222810.379
1770840000000,1951.26,1957.91,1938.96,1953.26,130894.250
1770843600000,1953.25,1987.47,1949.92,1969.39,254926.876
1770847200000,1969.39,1972.43,1946.89,1950.29,127111.663
1770850800000,1950.29,1956.19,1929.62,1940.07,153268.407
1770854400000,1940.07,1962.47,1940.07,1957.67,127385.348
1770858000000,1957.67,1977.00,1957.67,1964.67,147128.935
1770861600000,1964.67,1970.85,1954.68,1957.82,126629.215
1770865200000,1957.83,1968.34,1956.10,1967.75,69558.970
1770868800000,1967.74,1974.65,1958.97,1964.78,160859.549
1770872400000,1964.77,1971.29,1952.24,1969.80,142636.480
1770876000000,1969.79,1982.36,1964.80,1974.18,139952.204
1770879600000,1974.18,1977.34,1965.15,1966.97,91726.636
1770883200000,1966.97,1973.00,1956.19,1964.59,151558.159
1770886800000,1964.60,1990.00,1962.31,1981.31,222423.736
1770890400000,1981.31,1994.69,1976.51,1993.04,200490.146
1770894000000,1993.04,2000.90,1982.60,1987.88,206559.357
1770897600000,1987.87,1989.97,1973.53,1979.84,173786.490
1770901200000,1979.85,1995.53,1974.36,1993.96,168352.331
1770904800000,1993.95,1995.25,1972.06,1977.64,263017.923
1770908400000,1977.64,1984.27,1943.44,1947.47,525626.432
1770912000000,1947.47,1949.00,1893.77,1907.82,974019.849
1770915600000,1907.82,1926.68,1901.08,1909.08,368721.672
1770919200000,1909.09,1923.80,1900.23,1917.49,276839.351
1770922800000,1917.50,1940.27,1909.67,1924.36,223357.561
1770926400000,1924.36,1930.95,1908.29,1914.58,135375.212
1770930000000,1914.58,1926.81,1913.15,1922.26,70439.348
1770933600000,1922.26,1944.82,1919.03,1941.94,130706.716
1770937200000,1941.93,1952.27,1938.12,1947.15,152300.531
1770940800000,1947.15,1954.00,1926.72,1932.22,164201.256
1770944400000,1932.23,1949.47,1932.23,1942.80,102917.352
1770948000000,1942.81,1951.26,1940.08,1947.25,94916.607
1770951600000,1947.26,1957.94,1943.30,1952.49,108122.668
1770955200000,1952.49,1954.76,1941.97,1943.72,104298.960
1770958800000,1943.73,1945.99,1931.51,1932.99,120606.659
1770962400000,1932.99,1938.32,1923.29,1935.65,136813.906
1770966000000,1935.64,1947.86,1931.64,1934.88,162651.629
1770969600000,1934.89,1964.50,1932.88,1958.31,185264.487
1770973200000,1958.32,1966.80,1952.07,1961.18,156169.059
1770976800000,1961.18,1968.49,1955.57,1958.60,133442.477
1770980400000,1958.61,1961.50,1943.79,1959.25,148703.470
1770984000000,1959.26,1964.02,1951.59,1960.01,92599.629
1770987600000,1960.00,1980.33,1954.89,1969.66,306803.009
1770991200000,1969.65,2002.00,1962.21,1989.99,539639.374
1770994800000,1989.99,2049.99,1986.08,2033.71,876551.092
1770998400000,2033.78,2073.00,2030.13,2060.59,522858.273
1771002000000,2060.58,2067.00,2048.09,2058.36,198150.577
1771005600000,2058.36,2063.93,2049.44,2056.50,156177.259
1771009200000,2056.50,2060.78,2050.82,2056.82,104869.384
1771012800000,2056.82,2058.79,2036.76,2044.55,150494.046
1771016400000,2044.55,2057.77,2043.75,2052.92,67864.571
1771020000000,2052.92,2058.75,2042.97,2053.37,76905.530
1771023600000,2053.37,2053.38,2045.40,2047.60,45903.666
1771027200000,2047.60,2055.35,2041.00,2054.07,73265.394
1771030800000,2054.06,2056.91,2049.49,2053.37,44450.947
1771034400000,2053.37,2053.63,2047.09,2049.46,47812.573
1771038000000,2049.46,2055.11,2047.39,2053.39,35424.799
1771041600000,2053.40,2057.40,2051.52,2052.55,40357.855
1771045200000,2052.55,2055.00,2049.59,2050.09,43899.703
1771048800000,2050.10,2053.72,2047.20,2052.61,42909.812
1771052400000,2052.61,2059.99,2049.44,2056.10,63409.338
1771056000000,2056.09,2091.82,2055.90,2081.07,323783.453
1771059600000,2081.07,2087.89,2074.42,2077.26,125968.105
1771063200000,2077.26,2077.26,2071.32,2076.06,55619.120
1771066800000,2076.06,2107.02,2076.00,2098.22,279992.512
1771070400000,2098.22,2099.23,2066.75,2070.00,276597.918
1771074000000,2070.00,2075.76,2063.16,2070.70,179141.333
1771077600000,2070.69,2087.82,2068.05,2084.01,130051.158
1771081200000,2084.00,2092.99,2079.20,2086.38,118771.737
1771084800000,2086.38,2087.00,2066.48,2081.81,186435.316
1771088400000,2081.80,2088.50,2076.24,2079.26,89530.383
1771092000000,2079.27,2085.86,2077.85,2084.41,46564.328
1771095600000,2084.42,2089.61,2077.08,2087.31,62256.205
1771099200000,2087.31,2091.99,2080.01,2088.56,56033.359
1771102800000,2088.56,2098.94,2077.29,2084.79,123293.161
1771106400000,2084.80,2093.92,2082.34,2089.34,44651.623
1771110000000,2089.35,2092.00,2082.48,2085.43,61589.686
1771113600000,2085.43,2089.00,2071.60,2079.03,105682.809
1771117200000,2079.03,2084.00,2051.65,2062.90,232726.486
1771120800000,2062.90,2071.70,2041.78,2058.70,187759.032
1771124400000,2058.70,2062.52,2034.35,2058.09,312841.738
1771128000000,2058.08,2087.08,2058.08,2075.72,284675.263
1771131600000,2075.71,2095.94,2074.23,2087.64,129355.223
1771135200000,2087.65,2093.99,2081.55,2084.92,86387.035
1771138800000,2084.93,2102.73,2081.92,2090.58,166593.445
1771142400000,2090.58,2096.00,2053.46,2068.00,256902.874
1771146000000,2068.00,2078.82,2065.06,2067.81,110086.090
1771149600000,2067.81,2069.31,2052.52,2060.56,128212.430
1771153200000,2060.57,2065.91,2057.46,2060.97,55347.429
1771156800000,2060.98,2067.80,2009.21,2009.78,384188.651
1771160400000,2009.78,2027.93,1992.00,2001.20,567323.620
1771164000000,2001.20,2011.93,1992.00,2009.24,226956.168
1771167600000,2009.23,2014.15,2000.63,2010.25,125553.727
1771171200000,2010.25,2010.33,1993.00,2005.36,154346.103
1771174800000,2005.36,2008.29,1945.26,1970.13,439340.653
1771178400000,1970.13,1980.81,1952.66,1958.51,306296.992
1771182000000,1958.50,1961.10,1926.83,1941.17,420140.761
1771185600000,1941.18,1958.10,1933.29,1949.10,186645.500
1771189200000,1949.10,1966.27,1948.81,1957.16,127239.781
1771192800000,1957.17,1973.50,1955.41,1969.41,97638.179
1771196400000,1969.40,1969.91,1942.74,1965.47,170848.693
1771200000000,1965.48,1978.00,1962.00,1968.31,141378.990
1771203600000,1968.31,1980.64,1955.76,1961.96,146144.711
1771207200000,1961.96,1965.90,1951.00,1956.07,96434.283
1771210800000,1956.08,1958.91,1947.24,1957.72,113559.416
1771214400000,1957.73,1972.20,1957.50,1971.94,106953.603
1771218000000,1971.95,1973.40,1951.59,1956.93,95315.947
1771221600000,1956.93,1966.63,1954.65,1965.73,63275.089
1771225200000,1965.73,1977.66,1963.12,1970.12,132800.442
1771228800000,1970.12,1977.63,1968.70,1976.11,75153.793
1771232400000,1976.10,1992.23,1975.10,1986.51,211514.758
1771236000000,1986.51,1988.00,1975.58,1977.98,89916.509
1771239600000,1977.98,1984.53,1956.05,1975.15,256981.863
1771243200000,1975.15,2009.18,1971.21,2005.59,331206.912
1771246800000,2005.59,2023.30,1960.00,1966.77,660881.495
1771250400000,1966.76,1982.35,1953.04,1971.93,249961.254
1771254000000,1971.92,1985.75,1935.39,1955.63,428243.688
1771257600000,1955.63,1979.21,1955.13,1972.73,254742.848
1771261200000,1972.73,1988.00,1963.25,1978.02,179414.938
1771264800000,1978.01,1984.96,1966.08,1968.14,98305.750
1771268400000,1968.14,1979.18,1965.14,1973.37,61504.250
1771272000000,1973.37,1994.51,1970.10,1992.29,109584.644
1771275600000,1992.30,2003.29,1985.51,1998.19,114145.835
1771279200000,1998.20,2002.32,1982.90,1989.14,126567.776
1771282800000,1989.13,2001.69,1987.70,1997.35,78494.847
1771286400000,1997.36,2006.39,1992.38,1997.57,87091.789
1771290000000,1997.57,2007.91,1989.97,1990.69,93563.335
1771293600000,1990.70,2008.64,1977.31,1997.80,177205.938
1771297200000,1997.80,1998.58,1983.50,1984.89,95535.126
1771300800000,1984.89,1997.99,1981.00,1988.60,95410.150
1771304400000,1988.60,1990.61,1963.50,1974.60,175992.316
1771308000000,1974.60,1983.99,1974.31,1979.93,68841.965
1771311600000,1979.93,1987.45,1972.29,1984.85,88285.404
1771315200000,1984.84,1989.92,1972.30,1975.82,133516.693
1771318800000,1975.83,1979.13,1968.39,1974.81,97866.560
1771322400000,1974.81,1976.52,1960.19,1965.93,106829.626
1771326000000,1965.93,1971.74,1962.75,1967.58,78570.985
1771329600000,1967.58,1976.20,1965.75,1968.80,98021.344
1771333200000,1968.80,1999.90,1963.38,1989.60,252503.724
1771336800000,1989.60,2003.43,1942.43,1947.55,633796.657
1771340400000,1947.55,1968.94,1940.01,1967.63,443010.126
1771344000000,1967.64,2009.89,1966.74,1979.45,534772.759
1771347600000,1979.45,1983.26,1952.61,1965.09,308297.263
1771351200000,1965.08,2007.04,1960.44,1997.97,310775.686
1771354800000,1997.97,2014.91,1993.92,1997.30,230131.140
1771358400000,1997.31,2000.66,1985.59,1993.66,132402.497
1771362000000,1993.66,2002.11,1991.23,1998.68,57871.632
1771365600000,1998.69,2003.25,1991.56,1992.90,55980.404
1771369200000,1992.90,1997.44,1988.23,1990.68,58990.543
1771372800000,1990.68,1997.00,1980.13,1980.39,90462.267
1771376400000,1980.39,1983.14,1967.27,1976.90,150484.845
1771380000000,1976.90,1991.91,1976.30,1986.38,94214.019
1771383600000,1986.38,1999.64,1985.41,1995.85,83267.328
1771387200000,1995.85,2001.69,1992.13,1998.21,81647.396
1771390800000,1998.22,2001.96,1994.98,1995.29,64421.804
1771394400000,1995.29,2007.98,1994.39,2001.12,89154.593
1771398000000,2001.11,2022.00,1995.56,2017.19,228606.808
1771401600000,2017.20,2038.27,2016.10,2019.59,303480.394
1771405200000,2019.60,2021.99,2014.56,2015.66,98253.609
1771408800000,2015.65,2017.24,1994.03,1996.30,200087.842
1771412400000,1996.30,1997.41,1975.20,1980.19,315512.915
1771416000000,1980.19,1988.26,1970.28,1981.49,182415.709
1771419600000,1981.48,1991.10,1959.59,1969.48,300696.498
1771423200000,1969.48,1976.43,1953.20,1973.64,396703.124
1771426800000,1973.65,2009.80,1972.50,1984.56,532571.714
1771430400000,1984.56,1984.87,1964.00,1970.76,364722.494
1771434000000,1970.77,1986.99,1969.84,1973.46,132138.576
1771437600000,1973.46,1976.83,1946.90,1951.37,371802.576
1771441200000,1951.37,1960.61,1921.64,1939.82,454204.471
1771444800000,1939.83,1951.71,1934.11,1938.40,200316.693
1771448400000,1938.40,1947.34,1934.42,1940.71,89447.126
1771452000000,1940.72,1949.40,1938.50,1947.29,50267.647
1771455600000,1947.28,1955.59,1943.35,1954.77,72313.030
1771459200000,1954.77,1960.51,1949.10,1955.33,67760.785
1771462800000,1955.33,1973.57,1955.08,1965.99,123457.304
1771466400000,1966.00,1972.18,1961.51,1966.98,92250.383
1771470000000,1966.98,1972.34,1961.89,1971.19,60845.272
1771473600000,1971.20,1979.41,1967.87,1968.50,104410.503
1771477200000,1968.51,1971.81,1963.00,1969.39,72937.018
1771480800000,1969.38,1984.42,1969.00,1982.12,130323.489
1771484400000,1982.13,1986.91,1978.11,1980.82,93416.342
1771488000000,1980.82,1981.79,1965.24,1969.50,152494.251
1771491600000,1969.50,1979.62,1960.64,1962.94,146983.506
1771495200000,1962.94,1967.73,1956.31,1958.81,124696.704
1771498800000,1958.80,1963.59,1946.11,1948.70,148006.264
1771502400000,1948.71,1955.20,1943.93,1946.66,168293.458
1771506000000,1946.67,1947.50,1910.00,1920.21,520294.648
1771509600000,1920.21,1947.95,1910.39,1935.82,483687.946
1771513200000,1935.83,1946.51,1911.90,1925.20,451440.053
1771516800000,1925.21,1929.00,1905.50,1920.95,261224.716
1771520400000,1920.96,1943.47,1909.43,1919.59,306845.475
1771524000000,1919.59,1944.28,1915.00,1938.78,211081.025
1771527600000,1938.79,1946.75,1926.66,1940.14,142885.586
1771531200000,1940.13,1953.00,1933.68,1949.12,118615.452
1771534800000,1949.18,1951.56,1944.54,1947.73,69229.131
1771538400000,1947.73,1948.15,1935.72,1942.97,63844.373
1771542000000,1942.98,1950.43,1941.24,1948.15,54299.519
1771545600000,1948.15,1963.56,1946.25,1956.64,145125.717
1771549200000,1956.65,1960.69,1948.77,1952.85,83253.340
1771552800000,1952.86,1955.81,1947.05,1948.62,76426.816
1771556400000,1948.63,1959.70,1948.62,1954.06,67197.594
1771560000000,1954.06,1955.26,1928.52,1938.12,295566.792
1771563600000,1938.11,1964.84,1934.95,1954.33,217536.560
1771567200000,1954.34,1959.59,1948.31,1957.51,92748.880
1771570800000,1957.50,1967.96,1955.81,1959.65,116397.579
1771574400000,1959.65,1965.56,1955.68,1958.82,86980.040
1771578000000,1958.82,1971.17,1958.61,1966.82,135198.563
1771581600000,1966.81,1972.99,1955.01,1956.50,142474.508
1771585200000,1956.51,1956.51,1939.24,1942.76,217656.222
1771588800000,1942.76,1951.47,1941.18,1948.73,116999.639
1771592400000,1948.74,1948.74,1921.53,1932.85,352804.002
1771596000000,1932.86,1953.80,1931.83,1942.64,282627.729
1771599600000,1942.63,1980.27,1934.56,1963.05,776878.680
1771603200000,1963.05,1972.87,1952.75,1967.71,306131.290
1771606800000,1967.71,1970.26,1937.60,1965.60,395684.497
1771610400000,1965.60,1980.73,1958.00,1974.49,336066.820
1771614000000,1974.49,1977.43,1960.41,1962.88,118172.266
1771617600000,1962.89,1970.34,1960.71,1969.91,53530.488
1771621200000,1969.90,1974.43,1966.23,1973.44,78397.401
1771624800000,1973.44,1973.44,1963.11,1970.22,61332.874
1771628400000,1970.21,1972.79,1962.39,1967.85,59509.056
1771632000000,1967.85,1968.43,1960.20,1962.29,48962.377
1771635600000,1962.30,1968.35,1962.08,1965.36,37222.520
1771639200000,1965.37,1969.99,1963.80,1964.75,33932.874
1771642800000,1964.76,1965.25,1955.07,1958.29,75328.383
1771646400000,1958.30,1962.72,1955.17,1961.55,37177.434
1771650000000,1961.56,1963.73,1960.38,1962.01,25669.856
1771653600000,1962.01,1965.46,1959.32,1960.50,48919.729
1771657200000,1960.50,1964.40,1959.00,1962.00,27494.042
1771660800000,1962.00,1970.67,1961.26,1968.11,63724.752
1771664400000,1968.12,1977.00,1966.26,1969.39,135007.766
1771668000000,1969.38,1974.08,1969.17,1973.29,48750.699
1771671600000,1973.29,1988.20,1972.85,1976.25,233316.836
1771675200000,1976.24,1977.25,1968.31,1975.10,114659.171
1771678800000,1975.11,1980.68,1971.41,1980.22,55370.740
1771682400000,1980.21,1996.64,1976.80,1986.62,233445.308
1771686000000,1986.62,1992.39,1983.03,1987.04,95019.352
1771689600000,1987.04,1989.12,1975.31,1985.45,186204.868
1771693200000,1985.45,1991.91,1983.32,1987.96,54351.055
1771696800000,1987.95,1994.59,1986.75,1991.23,67418.112
1771700400000,1991.23,1994.17,1986.90,1987.48,33799.008
1771704000000,1987.48,1989.66,1972.47,1973.16,108911.047
1771707600000,1973.15,1981.90,1967.03,1981.24,97021.269
1771711200000,1981.23,1981.81,1971.07,1973.61,49226.504
1771714800000,1973.61,1976.99,1970.15,1972.54,41380.576
1771718400000,1972.54,1974.48,1966.10,1972.15,77943.761
1771722000000,1972.14,1979.11,1971.40,1976.31,61414.718
1771725600000,1976.31,1982.83,1971.00,1971.34,69351.766
1771729200000,1971.35,1975.58,1966.22,1973.76,80828.980
1771732800000,1973.76,1975.37,1970.02,1972.90,36095.399
1771736400000,1972.90,1974.28,1970.01,1974.11,30452.868
1771740000000,1974.10,1978.59,1973.22,1975.17,39615.318
1771743600000,1975.18,1978.01,1973.34,1975.01,37885.898
1771747200000,1975.01,1976.36,1969.04,1972.47,49421.606
1771750800000,1972.47,1975.38,1970.71,1974.77,42395.519
1771754400000,1974.76,1979.31,1973.91,1976.50,40207.136
1771758000000,1976.51,1982.67,1976.32,1979.84,65528.728
1771761600000,1979.85,1980.60,1960.00,1965.45,217496.029
1771765200000,1965.45,1967.99,1942.79,1949.91,341640.387
1771768800000,1949.90,1953.50,1942.24,1949.64,175442.269
1771772400000,1949.63,1957.84,1944.50,1952.81,158293.907
1771776000000,1952.81,1954.67,1946.51,1951.56,74277.110
1771779600000,1951.57,1952.72,1933.00,1939.23,207747.268
1771783200000,1939.23,1943.32,1937.28,1942.11,56057.669
1771786800000,1942.11,1944.99,1939.50,1942.81,38084.681
1771790400000,1942.81,1945.00,1938.92,1940.02,38741.853
1771794000000,1940.02,1951.33,1940.00,1949.44,53722.092
1771797600000,1949.43,1959.86,1945.70,1957.31,90319.977
1771801200000,1957.30,1960.00,1947.44,1957.01,98580.173
1771804800000,1957.00,1957.58,1927.00,1928.14,179848.671
1771808400000,1928.13,1928.13,1844.46,1854.93,1297595.097
1771812000000,1854.93,1867.48,1849.41,1861.45,302849.106
1771815600000,1861.45,1871.06,1853.73,1860.94,190690.288
1771819200000,1860.93,1863.12,1852.00,1858.16,102566.392
1771822800000,1858.15,1869.06,1858.00,1864.26,145701.607
1771826400000,1864.26,1881.60,1862.33,1877.90,215566.788
1771830000000,1877.91,1887.80,1875.50,1884.13,178547.522
1771833600000,1884.13,1888.99,1875.60,1879.25,138087.962
1771837200000,1879.25,1917.81,1879.25,1916.88,396456.326
1771840800000,1916.88,1927.73,1911.34,1913.23,313485.581
1771844400000,1913.23,1919.90,1910.19,1914.41,127871.133
1771848000000,1914.40,1925.98,1904.60,1919.28,241519.911
1771851600000,1919.29,1935.27,1917.79,1921.03,252123.376
1771855200000,1921.02,1924.75,1894.08,1906.05,489059.560
1771858800000,1906.07,1912.72,1891.42,1894.72,259094.549
1771862400000,1894.73,1899.34,1880.23,1884.20,303440.227
1771866000000,1884.20,1887.47,1836.06,1862.99,623086.199
1771869600000,1862.99,1873.58,1852.86,1856.62,241062.291
1771873200000,1856.63,1863.75,1845.70,1856.15,163600.413
1771876800000,1856.16,1862.16,1846.00,1859.82,154320.255
1771880400000,1859.82,1868.51,1857.53,1862.71,113542.903
1771884000000,1862.70,1869.04,1858.63,1859.08,66982.110
1771887600000,1859.08,1866.04,1849.65,1855.47,99725.017
1771891200000,1855.47,1868.94,1854.45,1867.01,94476.597
1771894800000,1867.00,1867.19,1810.46,1839.87,667736.360
1771898400000,1839.87,1853.84,1836.04,1842.42,157697.716
1771902000000,1842.43,1842.43,1821.77,1830.94,261520.506
1771905600000,1830.94,1832.98,1812.52,1829.81,293519.136
1771909200000,1829.81,1839.85,1813.00,1825.28,254604.520
1771912800000,1825.27,1830.90,1816.83,1819.97,129587.436
1771916400000,1819.97,1831.27,1813.98,1824.63,169940.825
1771920000000,1824.63,1835.55,1817.50,1830.44,151587.513
1771923600000,1830.44,1833.57,1813.16,1826.16,177189.845
1771927200000,1826.16,1829.04,1819.58,1825.00,102699.699
1771930800000,1825.00,1826.61,1817.10,1825.74,108157.326
1771934400000,1825.75,1829.72,1820.08,1823.01,123856.759
1771938000000,1823.02,1826.83,1796.00,1814.60,500429.561
1771941600000,1814.60,1846.93,1802.04,1833.68,619024.454
1771945200000,1833.68,1849.59,1826.91,1846.37,381419.798
1771948800000,1846.36,1862.63,1837.01,1857.43,433477.221
1771952400000,1857.42,1864.58,1848.17,1854.39,276789.741
1771956000000,1854.39,1859.63,1843.74,1854.01,127514.290
1771959600000,1854.01,1861.73,1845.57,1851.56,112762.387
1771963200000,1851.56,1861.48,1848.39,1857.53,77711.309
1771966800000,1857.53,1857.53,1843.83,1852.97,88232.196
1771970400000,1852.97,1863.50,1851.75,1859.66,73487.598
1771974000000,1859.67,1859.84,1850.54,1851.09,68442.392
1771977600000,1851.10,1855.82,1845.70,1850.95,84223.894
1771981200000,1850.95,1924.93,1849.51,1917.35,793898.299
1771984800000,1917.35,1945.70,1917.15,1919.95,359496.307
1771988400000,1919.94,1922.00,1902.43,1905.37,245100.602
1771992000000,1905.38,1913.82,1893.69,1905.23,238052.675
1771995600000,1905.22,1907.59,1877.06,1887.09,337138.929
1771999200000,1887.09,1895.77,1883.82,1884.21,107409.783
1772002800000,1884.22,1894.57,1881.29,1892.35,100753.911
1772006400000,1892.36,1913.08,1889.24,1909.42,225116.908
1772010000000,1909.42,1916.97,1906.50,1914.40,146784.074
1772013600000,1914.40,1925.00,1909.60,1911.76,138027.115
1772017200000,1911.75,1927.89,1906.51,1925.28,165279.907
1772020800000,1925.27,1956.64,1921.23,1952.64,410397.246
1772024400000,1952.65,1977.03,1951.50,1963.88,462620.582
1772028000000,1963.87,2000.00,1960.80,1996.62,616717.048
1772031600000,1996.61,2027.93,1985.51,2012.86,724223.683
1772035200000,2012.85,2048.64,2012.14,2045.53,531529.883
1772038800000,2045.53,2084.93,2043.22,2073.10,669086.511
1772042400000,2073.10,2081.17,2056.12,2073.20,364511.769
1772046000000,2073.21,2074.39,2058.00,2070.32,183362.998
1772049600000,2070.34,2083.99,2057.25,2073.76,264677.707
1772053200000,2073.75,2149.95,2064.71,2099.46,679825.910
1772056800000,2099.45,2114.80,2073.00,2082.11,274577.433
1772060400000,2082.10,2086.30,2033.18,2056.50,385593.138
1772064000000,2056.51,2076.00,2046.32,2061.25,252196.604
1772067600000,2061.26,2066.38,2048.41,2057.38,134591.383
1772071200000,2057.38,2058.08,2037.83,2052.07,174977.204
1772074800000,2052.07,2058.61,2046.16,2053.15,87265.474
1772078400000,2053.15,2083.09,2050.70,2073.87,220435.134
1772082000000,2073.87,2074.32,2055.41,2065.19,156425.366
1772085600000,2065.18,2075.96,2058.26,2061.54,121675.346
1772089200000,2061.55,2067.50,2050.50,2052.48,117137.483
1772092800000,2052.49,2058.39,2043.47,2053.32,195654.142
1772096400000,2053.33,2076.50,2051.71,2073.90,206037.073
1772100000000,2073.90,2082.65,2061.10,2064.38,155288.487
1772103600000,2064.37,2066.52,2052.29,2056.51,103331.869
1772107200000,2056.52,2071.43,2054.01,2069.20,118373.832
1772110800000,2069.20,2073.31,2060.07,2064.21,106095.503
1772114400000,2064.21,2077.40,2032.52,2050.22,469616.243
1772118000000,2050.22,2052.46,2010.38,2032.33,734430.623
1772121600000,2032.33,2036.79,1975.80,1982.89,665349.259
1772125200000,1982.88,1998.55,1981.20,1987.45,306175.634
1772128800000,1987.44,2009.02,1973.49,2003.10,355298.565
1772132400000,2003.11,2035.00,2002.45,2029.00,268926.118
1772136000000,2029.00,2042.60,2020.07,2022.60,163579.465
1772139600000,2022.60,2034.11,2016.70,2029.48,87133.887
1772143200000,2029.49,2036.94,2026.19,2032.15,56316.317
1772146800000,2032.14,2032.56,2023.03,2026.71,61594.831
1772150400000,2026.70,2029.82,2007.36,2013.83,143808.157
1772154000000,2013.83,2021.66,1999.20,2020.73,245314.837
1772157600000,2020.72,2033.91,2018.16,2025.17,108490.270
1772161200000,2025.17,2048.91,2018.31,2044.48,161090.033
1772164800000,2044.48,2063.71,2036.09,2041.80,308828.787
1772168400000,2041.79,2048.23,2037.62,2040.68,93106.208
1772172000000,2040.68,2041.89,2027.19,2034.91,125541.576
1772175600000,2034.91,2040.83,2021.00,2031.54,144932.222
1772179200000,2031.54,2045.59,2027.16,2032.63,160210.167
1772182800000,2032.63,2041.56,2006.88,2008.80,226994.388
1772186400000,2008.81,2012.80,1977.29,1979.60,479946.631
1772190000000,1979.59,1983.04,1951.48,1960.79,437767.461
1772193600000,1960.79,1968.00,1945.75,1958.77,286360.332
1772197200000,1958.77,1966.60,1936.00,1962.04,394520.780
1772200800000,1962.03,1963.24,1938.69,1941.91,363512.669
1772204400000,1941.90,1958.00,1939.43,1947.39,294500.830
1772208000000,1947.39,1947.75,1923.10,1926.01,417922.743
1772211600000,1926.00,1933.71,1906.00,1930.99,417850.213
1772215200000,1930.99,1931.98,1914.61,1917.03,166030.547
1772218800000,1917.02,1922.50,1910.92,1920.02,117293.315
1772222400000,1920.02,1925.88,1919.23,1922.12,91794.231
1772226000000,1922.11,1932.85,1915.81,1920.31,132581.580
1772229600000,1920.31,1926.17,1885.00,1920.10,339410.646
1772233200000,1920.11,1932.12,1918.67,1928.50,107469.617
1772236800000,1928.51,1937.37,1923.17,1931.21,96001.949
1772240400000,1931.21,1935.23,1916.77,1923.38,92794.327
1772244000000,1923.38,1931.51,1921.03,1929.14,49049.478
1772247600000,1929.15,1930.20,1919.19,1923.33,64685.426
1772251200000,1923.33,1930.86,1912.20,1924.24,110487.774
1772254800000,1924.24,1927.32,1913.13,1919.15,65864.857
1772258400000,1919.16,1919.56,1834.06,1841.51,974056.219
1772262000000,1841.51,1884.78,1834.11,1865.36,666267.612
1772265600000,1865.37,1867.79,1846.97,1851.43,321706.512
1772269200000,1851.43,1863.60,1843.19,1853.91,188492.533
1772272800000,1853.91,1866.62,1847.85,1863.94,194635.147
1772276400000,1863.94,1880.39,1860.30,1862.27,222739.721
1772280000000,1862.28,1873.29,1861.01,1867.52,109558.373
1772283600000,1867.52,1909.88,1864.00,1904.31,458461.772
1772287200000,1904.31,1914.99,1882.12,1886.83,545478.856
1772290800000,1886.82,1903.57,1871.82,1897.78,287923.744
1772294400000,1897.77,1909.18,1890.50,1902.77,157606.836
1772298000000,1902.77,1911.19,1884.13,1905.82,206707.281
1772301600000,1905.82,1946.77,1900.18,1934.87,380654.772
1772305200000,1934.86,1954.00,1918.86,1945.78,339481.406
1772308800000,1945.78,1973.00,1936.69,1964.57,349031.449
1772312400000,1964.58,1966.89,1943.40,1956.80,226932.669
1772316000000,1956.79,1984.22,1954.28,1964.46,212686.574
1772319600000,1964.46,1968.97,1955.31,1963.48,92682.211
1772323200000,1963.48,1968.60,1953.47,1961.67,115090.953
1772326800000,1961.66,2023.54,1942.42,2011.62,563191.965
1772330400000,2011.62,2054.67,2007.52,2032.18,681088.440
1772334000000,2032.17,2038.57,2015.18,2022.29,219534.319
1772337600000,2022.29,2029.63,1997.11,2014.86,305471.825
1772341200000,2014.86,2022.32,2008.13,2010.44,122705.076
1772344800000,2010.44,2011.78,1988.21,1997.60,278164.127
1772348400000,1997.59,2009.88,1992.00,2006.27,139279.534
1772352000000,2006.26,2009.30,1980.20,1985.24,207151.134
1772355600000,1985.24,1995.52,1974.08,1979.92,226835.253
1772359200000,1979.91,1992.40,1971.02,1983.91,210244.153
1772362800000,1983.91,1988.69,1980.89,1982.30,65095.847
1772366400000,1982.30,1987.25,1975.14,1977.48,100749.279
1772370000000,1977.48,2024.58,1967.34,2005.86,415420.445
1772373600000,2005.86,2027.77,1992.40,1999.13,347940.191
1772377200000,1999.13,2015.70,1991.00,1992.31,226795.865
1772380800000,1992.30,2010.00,1958.08,1973.35,476266.441
1772384400000,1973.35,1975.20,1950.85,1960.05,281835.683
1772388000000,1960.05,1996.72,1959.73,1974.70,325345.485
1772391600000,1974.70,1975.31,1942.65,1952.97,226946.072
1772395200000,1952.96,1954.49,1905.91,1912.78,506090.327
1772398800000,1912.77,1931.50,1911.12,1927.63,173414.418
1772402400000,1927.64,1974.90,1913.40,1923.62,375738.763
1772406000000,1923.63,1946.99,1917.41,1938.57,222889.201
1772409600000,1938.58,1966.88,1936.33,1959.77,198384.105
1772413200000,1959.77,1988.52,1958.49,1962.83,224975.176
1772416800000,1962.83,1965.37,1938.24,1954.47,202517.254
1772420400000,1954.47,1978.99,1946.79,1971.36,193021.051
1772424000000,1971.36,1979.44,1967.33,1972.14,107739.687
1772427600000,1972.13,1984.45,1960.10,1969.99,110018.348
1772431200000,1970.00,1970.36,1936.12,1942.38,254864.525
1772434800000,1942.37,1944.11,1924.14,1940.25,201092.503
1772438400000,1940.27,1950.56,1916.00,1947.97,301323.887
1772442000000,1947.96,1966.93,1945.66,1946.65,263445.342
1772445600000,1946.64,1956.11,1942.04,1951.01,126011.626
1772449200000,1951.00,1954.22,1934.38,1946.56,181018.724
1772452800000,1946.55,1948.00,1928.65,1936.88,139154.912
1772456400000,1936.88,1943.67,1921.03,1926.43,233957.682
1772460000000,1926.43,1984.61,1919.77,1978.53,795224.035
1772463600000,1978.52,2064.79,1973.00,2046.39,1267446.983
1772467200000,2046.39,2089.00,2042.12,2063.35,807647.021
1772470800000,2063.34,2065.39,2024.44,2040.12,407080.034
1772474400000,2040.12,2040.30,2022.66,2028.33,200173.688
1772478000000,2028.33,2049.57,2014.46,2042.44,235822.599
1772481600000,2042.44,2058.58,2023.26,2034.17,300443.504
1772485200000,2033.94,2047.54,2028.34,2042.12,104665.192
1772488800000,2042.12,2058.00,2040.36,2052.99,112722.115
1772492400000,2052.99,2054.71,2023.69,2026.69,153927.463
1772496000000,2026.69,2038.40,2018.12,2034.52,164079.949
1772499600000,2034.52,2041.22,2018.00,2018.87,148587.011
1772503200000,2018.88,2021.78,1996.62,2012.68,295325.405
1772506800000,2012.68,2014.60,2004.40,2007.69,101444.732
1772510400000,2007.69,2013.00,1997.31,1998.74,101571.764
1772514000000,1998.74,2019.26,1986.13,1992.46,325753.084
1772517600000,1992.47,2002.47,1987.10,1998.27,138422.268
1772521200000,1998.27,2002.84,1992.18,1995.27,120600.909
1772524800000,1995.27,1999.70,1946.67,1952.11,559125.585
1772528400000,1952.10,1967.97,1938.01,1950.21,532551.721
1772532000000,1950.22,1962.99,1943.80,1956.77,229360.996
1772535600000,1956.76,1965.87,1950.70,1960.09,177903.994
1772539200000,1960.10,1989.18,1959.23,1966.34,336986.810
1772542800000,1966.34,1967.47,1942.44,1950.99,286329.828
1772546400000,1950.98,1976.51,1926.32,1941.87,629397.558
1772550000000,1941.86,1972.00,1930.77,1968.09,444100.264
1772553600000,1968.09,2013.33,1957.42,1983.08,896949.331
1772557200000,1983.08,1984.88,1958.34,1979.55,333065.981
1772560800000,1979.55,1999.93,1968.31,1987.39,249256.412
1772564400000,1987.38,1993.74,1976.00,1985.14,173457.302
1772568000000,1985.14,1988.88,1968.46,1977.32,110977.097
1772571600000,1977.33,1977.55,1958.16,1967.37,121123.436
1772575200000,1967.37,1987.34,1967.10,1982.38,106139.660
1772578800000,1982.38,2000.98,1980.03,1981.85,154703.238
1772582400000,1981.85,1985.86,1960.00,1975.54,180620.428
1772586000000,1975.55,1997.99,1968.81,1980.76,163670.807
1772589600000,1980.76,1981.91,1967.38,1978.09,101451.751
1772593200000,1978.09,1979.37,1943.40,1959.59,309253.894
1772596800000,1959.59,1963.50,1948.81,1959.14,134233.504
1772600400000,1959.14,1977.05,1953.83,1970.08,144127.930
1772604000000,1970.09,1985.60,1962.11,1979.25,155777.726
1772607600000,1979.25,2010.00,1973.65,2005.72,288887.393
1772611200000,2005.71,2066.63,1999.39,2063.26,760979.822
1772614800000,2063.27,2089.62,2054.40,2074.45,767316.164
1772618400000,2074.45,2093.00,2066.20,2071.72,358218.719
1772622000000,2071.71,2077.97,2045.69,2054.18,344700.090
1772625600000,2054.18,2058.81,2035.20,2053.31,283237.209
1772629200000,2053.32,2068.00,2051.61,2063.47,255832.746
1772632800000,2063.47,2109.92,2061.80,2079.06,780553.456
1772636400000,2079.05,2165.50,2077.88,2149.30,917926.037
1772640000000,2149.29,2165.88,2127.83,2141.24,567989.199
1772643600000,2141.25,2155.72,2129.00,2144.83,311986.284
1772647200000,2144.82,2163.93,2136.67,2161.99,233927.160
1772650800000,2161.99,2199.47,2159.70,2176.46,553358.614
1772654400000,2176.47,2178.69,2148.35,2148.51,206441.102
1772658000000,2148.49,2154.77,2141.20,2148.62,132815.186
1772661600000,2148.61,2162.90,2125.54,2130.97,165867.400
1772665200000,2130.97,2135.98,2115.33,2125.98,157531.147
1772668800000,2125.97,2134.40,2120.16,2126.85,133924.329
1772672400000,2126.86,2141.57,2106.32,2112.63,227603.829
1772676000000,2112.63,2133.39,2111.76,2120.86,168662.708
1772679600000,2120.86,2125.00,2106.40,2119.11,147994.185
1772683200000,2119.10,2144.37,2117.52,2136.28,236431.444
1772686800000,2136.29,2138.37,2112.65,2118.51,169212.801
1772690400000,2118.50,2129.90,2108.65,2127.11,144194.769
1772694000000,2127.11,2132.57,2093.88,2104.30,229534.763
1772697600000,2104.29,2117.52,2092.43,2116.70,234690.146
1772701200000,2116.70,2137.65,2115.31,2124.65,227378.642
1772704800000,2124.65,2163.00,2119.23,2155.08,314335.370
1772708400000,2155.08,2158.61,2132.57,2136.76,198327.798
1772712000000,2136.76,2142.38,2121.87,2137.04,195241.677
1772715600000,2137.04,2138.64,2107.93,2116.43,284595.028
1772719200000,2116.42,2131.41,2095.01,2118.15,412886.457
1772722800000,2118.16,2120.76,2066.31,2086.09,705045.685
1772726400000,2086.10,2086.59,2055.55,2079.17,512230.984
1772730000000,2079.17,2093.96,2053.30,2058.84,331071.534
1772733600000,2058.85,2077.58,2056.69,2075.79,158792.997
1772737200000,2075.78,2092.44,2071.17,2073.61,188502.226
1772740800000,2073.60,2098.00,2069.10,2091.42,172804.002
1772744400000,2091.42,2099.30,2073.53,2079.73,120794.572
1772748000000,2079.72,2084.34,2076.51,2079.20,48023.491
1772751600000,2079.21,2083.59,2066.77,2072.18,73157.567
1772755200000,2072.17,2079.56,2066.50,2074.36,62882.922
1772758800000,2074.35,2091.00,2060.60,2086.70,195073.918
1772762400000,2086.70,2092.39,2078.70,2082.64,93205.623
1772766000000,2082.63,2087.92,2074.10,2082.88,93075.151
1772769600000,2082.88,2085.16,2058.00,2070.02,157802.818
1772773200000,2070.02,2073.37,2058.00,2067.63,136662.109
1772776800000,2067.62,2079.65,2062.01,2073.12,113756.979
1772780400000,2073.12,2086.57,2067.24,2081.79,132488.539
1772784000000,2081.79,2081.79,2073.11,2074.91,97770.300
1772787600000,2074.91,2076.41,2044.12,2058.71,320520.499
1772791200000,2058.71,2068.32,2057.34,2062.05,138337.379
1772794800000,2062.06,2066.30,2048.66,2050.02,130780.970
1772798400000,2050.03,2054.41,2036.71,2047.58,292633.149
1772802000000,2047.59,2062.00,2017.09,2018.52,500376.008
1772805600000,2018.54,2023.78,1970.20,1980.27,883080.156
1772809200000,1980.27,1996.77,1963.92,1976.43,510211.894
1772812800000,1976.42,1983.92,1965.26,1970.20,299660.717
1772816400000,1970.19,1981.79,1954.25,1965.76,313698.542
1772820000000,1965.75,1982.43,1965.43,1973.44,176666.824
1772823600000,1973.44,1991.98,1973.44,1982.52,139374.815
1772827200000,1982.53,1987.82,1968.30,1977.84,152652.117
1772830800000,1977.83,1983.72,1970.58,1982.80,72360.797
1772834400000,1982.79,1988.90,1980.36,1986.36,51432.986
1772838000000,1986.37,1986.63,1975.77,1977.66,57502.342
1772841600000,1977.66,1982.43,1975.76,1980.07,41328.700
1772845200000,1980.07,1982.59,1975.14,1979.40,49488.212
1772848800000,1979.41,1983.78,1971.40,1982.45,87711.492
1772852400000,1982.46,1995.74,1978.70,1979.14,163432.856
1772856000000,1979.15,1979.36,1961.66,1974.39,166031.655
1772859600000,1974.39,1978.92,1971.02,1977.75,44071.234
1772863200000,1977.76,1977.76,1967.78,1970.97,67230.762
1772866800000,1970.96,1983.89,1966.01,1982.19,109555.233
1772870400000,1982.18,1986.83,1973.84,1976.68,122576.524
1772874000000,1976.67,1988.47,1974.01,1985.29,80951.097
1772877600000,1985.30,1987.99,1981.98,1983.01,50123.722
1772881200000,1983.01,1993.83,1981.02,1987.51,107468.870
1772884800000,1987.52,1989.85,1978.40,1981.40,73461.709
1772888400000,1981.40,1983.06,1976.63,1980.81,59595.925
1772892000000,1980.80,1989.38,1969.20,1985.91,161991.197
1772895600000,1985.91,1986.67,1975.00,1980.19,94050.450
1772899200000,1980.19,1980.19,1973.50,1976.27,57677.905
1772902800000,1976.26,1982.81,1974.88,1976.56,44386.212
1772906400000,1976.56,1976.56,1964.44,1970.28,111067.849
1772910000000,1970.29,1970.29,1946.87,1954.01,240199.487
1772913600000,1954.01,1967.70,1953.64,1965.26,85585.539
1772917200000,1965.26,1970.85,1962.60,1969.41,58445.762
1772920800000,1969.41,1970.00,1957.31,1965.48,51314.319
1772924400000,1965.48,1973.15,1964.25,1968.39,49916.372
1772928000000,1968.39,1976.33,1965.49,1967.93,68150.968
1772931600000,1967.93,1971.07,1962.10,1968.05,56240.674
1772935200000,1968.05,1969.27,1934.33,1941.19,317550.059
1772938800000,1941.19,1950.64,1940.10,1946.40,107418.916
1772942400000,1946.40,1952.05,1927.58,1937.09,168480.657
1772946000000,1937.09,1951.63,1936.79,1947.86,108116.937
1772949600000,1947.86,1951.15,1941.68,1946.65,64351.560
1772953200000,1946.66,1959.04,1945.90,1953.97,101435.196
1772956800000,1953.97,1959.60,1947.85,1958.52,82882.736
1772960400000,1958.53,1969.80,1955.51,1962.55,132382.114
1772964000000,1962.55,1979.03,1962.10,1973.10,172554.578
1772967600000,1973.11,1973.36,1942.70,1950.29,216275.247
1772971200000,1950.28,1953.75,1923.37,1945.23,327097.566
1772974800000,1945.24,1947.19,1922.86,1943.13,249521.495
1772978400000,1943.13,1949.65,1936.24,1944.33,135950.263
1772982000000,1944.32,1946.85,1936.07,1942.00,87222.681
1772985600000,1942.01,1943.71,1933.00,1935.64,95326.642
1772989200000,1935.65,1946.00,1931.64,1934.54,98873.329
1772992800000,1934.54,1935.99,1926.73,1929.04,92688.193
1772996400000,1929.03,1969.19,1926.73,1963.20,297034.584
1773000000000,1963.21,1970.16,1952.16,1957.38,147230.080
1773003600000,1957.38,1960.98,1941.43,1952.29,106252.465
1773007200000,1952.29,1952.32,1906.63,1941.85,684065.760
1773010800000,1941.86,1954.10,1934.22,1935.97,186418.755
1773014400000,1935.98,1966.23,1928.20,1949.88,277689.649
1773018000000,1949.88,1962.50,1941.40,1944.92,201059.136
1773021600000,1944.92,1962.44,1937.02,1958.88,201026.772
1773025200000,1958.88,2004.84,1958.21,1976.60,609506.362
1773028800000,1976.60,1988.79,1972.21,1976.58,137531.874
1773032400000,1976.58,2013.33,1975.00,2009.86,453804.347
1773036000000,2009.86,2012.30,1982.08,1984.01,212764.054
1773039600000,1984.01,1985.05,1962.27,1982.90,248495.365
1773043200000,1982.90,1998.80,1977.69,1995.73,210527.430
1773046800000,1995.74,2021.88,1985.51,2003.55,325788.578
1773050400000,2003.55,2006.30,1991.49,1994.53,184534.284
1773054000000,1994.52,1999.20,1980.00,1991.49,169068.142
1773057600000,1991.49,2013.40,1991.42,2001.50,196469.205
1773061200000,2001.50,2029.99,2000.02,2017.24,488875.955
1773064800000,2017.24,2033.52,2006.97,2021.34,390464.504
1773068400000,2021.33,2028.57,2012.00,2021.44,207392.685
1773072000000,2021.45,2039.21,2017.56,2026.30,259101.653
1773075600000,2026.30,2031.81,2004.17,2015.89,277025.875
1773079200000,2015.88,2022.35,2004.85,2011.24,176779.590
1773082800000,2011.23,2052.83,2008.80,2032.67,437153.570
1773086400000,2032.66,2036.44,2017.44,2024.49,116804.393
1773090000000,2024.50,2034.58,2020.80,2027.23,87813.157
1773093600000,2027.23,2030.53,1998.00,2002.01,221482.698
1773097200000,2002.00,2006.97,1988.18,1992.28,176807.628
1773100800000,1992.28,2021.89,1990.23,2014.38,228435.816
1773104400000,2014.37,2025.81,2005.63,2018.13,149764.985
1773108000000,2018.12,2053.93,2012.79,2041.42,356924.133
1773111600000,2041.41,2047.20,2021.51,2025.61,202080.279
1773115200000,2025.61,2046.62,2025.32,2044.88,130461.735
1773118800000,2044.88,2053.77,2038.83,2043.28,170768.282
1773122400000,2043.28,2048.43,2035.33,2042.62,114824.427
1773126000000,2042.62,2059.24,2039.09,2050.00,154373.679
1773129600000,2050.00,2069.72,2050.00,2056.01,309532.306
1773133200000,2056.02,2074.00,2054.30,2066.92,167556.635
1773136800000,2066.92,2068.07,2054.49,2061.68,146015.482
1773140400000,2061.68,2067.39,2053.94,2060.77,128624.375
1773144000000,2060.77,2061.25,2046.07,2048.99,175888.326
1773147600000,2048.99,2059.58,2023.07,2032.59,482761.245
1773151200000,2032.60,2079.92,2007.77,2074.40,777777.246
1773154800000,2074.41,2085.00,2057.77,2078.42,541840.801
1773158400000,2078.42,2088.00,2068.11,2079.56,255755.867
1773162000000,2079.55,2084.28,2057.14,2070.69,299401.676
1773165600000,2070.70,2072.30,2034.52,2038.88,494290.430
1773169200000,2038.88,2043.47,2025.55,2035.84,244921.883
1773172800000,2035.84,2046.71,2034.28,2041.57,103988.803
1773176400000,2041.58,2048.00,2015.78,2028.11,180396.826
1773180000000,2028.10,2031.85,2019.60,2026.30,108531.953
1773183600000,2026.29,2036.24,2026.19,2035.39,78996.581
1773187200000,2035.38,2041.00,2027.20,2036.97,112267.452
1773190800000,2036.96,2040.00,2027.41,2034.98,83915.003
1773194400000,2034.99,2038.29,2017.48,2026.00,175079.512
1773198000000,2026.01,2028.53,2017.04,2020.28,72367.996
1773201600000,2020.28,2041.00,2017.22,2037.96,167550.794
1773205200000,2037.96,2040.38,2010.00,2013.26,209660.317
1773208800000,2013.26,2024.87,2012.52,2023.26,104442.452
1773212400000,2023.27,2024.83,2005.90,2011.61,148291.716
1773216000000,2011.59,2024.91,2008.50,2022.72,153798.033
1773219600000,2022.73,2027.08,2013.00,2016.96,91691.443
1773223200000,2016.96,2030.92,2016.25,2027.81,83853.484
1773226800000,2027.81,2033.54,2015.00,2016.96,123173.128
1773230400000,2016.97,2035.00,2011.51,2022.06,203937.958
1773234000000,2022.06,2081.68,2020.69,2049.88,784168.827
1773237600000,2049.87,2077.42,2042.10,2061.88,455460.231
1773241200000,2061.88,2064.67,2028.84,2048.84,392854.228
1773244800000,2048.85,2072.00,2045.14,2066.00,242938.053
1773248400000,2066.00,2084.98,2056.38,2067.11,344827.331
1773252000000,2067.11,2078.91,2063.13,2075.51,137827.480
1773255600000,2075.50,2077.00,2067.30,2075.13,92465.601
1773259200000,2075.13,2075.36,2064.61,2067.49,66469.865
1773262800000,2067.48,2073.96,2062.30,2072.07,57355.871
1773266400000,2072.07,2083.85,2057.75,2060.73,141074.115
1773270000000,2060.72,2064.00,2044.12,2050.99,144591.920
1773273600000,2050.98,2057.37,2046.94,2054.61,75038.178
1773277200000,2054.61,2055.19,2041.53,2045.41,107012.291
1773280800000,2045.41,2047.22,2020.51,2023.48,253574.927
1773284400000,2023.48,2033.90,2016.17,2022.07,235506.217
1773288000000,2022.07,2028.74,2020.00,2021.82,98895.314
1773291600000,2021.83,2026.89,2018.17,2025.79,96979.148
1773295200000,2025.80,2030.80,2023.50,2029.30,81784.098
1773298800000,2029.30,2041.92,2024.56,2039.71,158832.793
1773302400000,2039.72,2052.08,2037.26,2046.71,194883.773
1773306000000,2046.72,2064.92,2036.75,2054.57,253521.538
1773309600000,2054.58,2074.68,2051.49,2069.10,228137.912
1773313200000,2069.10,2075.65,2056.46,2061.77,232025.648
1773316800000,2061.77,2069.99,2056.49,2064.28,157005.172
1773320400000,2064.29,2080.70,2050.15,2064.54,451932.786
1773324000000,2064.54,2094.57,2036.18,2044.30,854560.161
1773327600000,2044.29,2081.73,2037.69,2071.40,440371.625
1773331200000,2071.39,2077.47,2055.20,2068.77,305854.949
1773334800000,2068.76,2074.40,2054.00,2057.27,170936.531
1773338400000,2057.27,2060.80,2045.45,2047.78,173968.428
1773342000000,2047.77,2072.55,2044.00,2068.63,196469.285
1773345600000,2068.61,2072.74,2058.98,2061.44,88619.023
1773349200000,2061.44,2068.61,2056.42,2061.95,64487.584
1773352800000,2061.96,2066.75,2054.40,2064.46,101809.599
1773356400000,2064.46,2093.53,2063.81,2072.60,367022.469
1773360000000,2072.60,2148.00,2069.10,2118.16,836950.687
1773363600000,2118.16,2129.73,2109.71,2123.99,196864.746
1773367200000,2124.00,2126.57,2100.49,2104.78,216039.920
1773370800000,2104.78,2123.45,2100.73,2117.77,167694.899
1773374400000,2117.78,2119.20,2108.50,2110.65,78732.858
1773378000000,2110.65,2114.66,2102.38,2109.54,97706.092
1773381600000,2109.53,2112.20,2088.52,2094.99,237785.564
1773385200000,2094.99,2104.62,2091.52,2098.45,159448.424
1773388800000,2098.44,2117.00,2090.09,2098.98,240068.797
1773392400000,2098.97,2117.00,2095.13,2112.60,157275.141
1773396000000,2112.59,2133.00,2111.65,2125.87,288808.458
1773399600000,2125.88,2129.40,2117.09,2120.02,132218.861
1773403200000,2120.01,2154.74,2119.30,2145.23,403505.460
1773406800000,2145.23,2205.58,2140.67,2184.54,1007307.728
1773410400000,2184.54,2209.49,2144.55,2150.39,879387.375
1773414000000,2150.40,2165.36,2124.06,2127.00,660476.862
1773417600000,2127.01,2142.83,2110.50,2132.90,516661.056
1773421200000,2132.89,2140.22,2088.44,2102.02,589299.474
1773424800000,2102.02,2107.89,2089.56,2099.87,266270.889
1773428400000,2099.88,2104.98,2095.00,2101.72,122719.714
1773432000000,2101.73,2113.25,2100.03,2110.50,99442.831
1773435600000,2110.51,2116.39,2099.05,2102.01,102516.599
1773439200000,2102.01,2103.94,2077.03,2088.00,242745.715
1773442800000,2088.01,2092.94,2084.33,2091.01,69184.700
1773446400000,2091.00,2094.20,2082.00,2084.36,94149.371
1773450000000,2084.36,2094.99,2080.06,2091.57,111732.796
1773453600000,2091.57,2094.80,2088.54,2091.44,63047.781
1773457200000,2091.44,2103.62,2091.30,2100.00,112836.019
1773460800000,2100.00,2105.75,2086.25,2089.31,165007.319
1773464400000,2089.30,2093.54,2084.34,2091.30,98981.563
1773468000000,2091.30,2091.30,2067.13,2077.16,216539.397
1773471600000,2077.16,2079.43,2074.11,2076.30,75277.145
1773475200000,2076.30,2080.22,2071.48,2073.20,86502.470
1773478800000,2073.19,2076.83,2062.47,2066.11,124344.554
1773482400000,2066.11,2067.88,2060.09,2065.01,103675.175
1773486000000,2065.01,2075.58,2064.48,2072.65,107288.956
1773489600000,2072.65,2077.30,2068.34,2074.33,92509.250
1773493200000,2074.33,2079.55,2071.66,2077.22,65611.396
1773496800000,2077.23,2079.49,2068.43,2069.82,71788.481
1773500400000,2069.83,2076.91,2068.74,2073.55,64808.476
1773504000000,2073.55,2077.58,2067.58,2076.35,67556.669
1773507600000,2076.36,2077.31,2072.01,2073.97,41347.396
1773511200000,2073.97,2076.97,2071.70,2075.73,23890.433
1773514800000,2075.74,2078.44,2073.64,2076.25,26284.607
1773518400000,2076.25,2087.40,2074.79,2084.59,81541.258
1773522000000,2084.60,2087.99,2080.18,2085.65,47599.054
1773525600000,2085.65,2087.21,2080.39,2083.48,35712.918
1773529200000,2083.49,2098.58,2082.90,2095.27,169793.240
1773532800000,2095.28,2095.76,2084.06,2086.83,85877.076
1773536400000,2086.82,2090.30,2081.59,2087.20,52554.164
1773540000000,2087.20,2107.00,2087.20,2100.82,184277.054
1773543600000,2100.81,2104.20,2092.33,2095.17,83145.025
1773547200000,2095.17,2103.58,2095.00,2103.58,63243.283
1773550800000,2103.58,2116.35,2100.88,2106.89,193782.965
1773554400000,2106.89,2110.32,2102.01,2106.81,61200.117
1773558000000,2106.82,2112.97,2102.56,2104.97,68884.348
1773561600000,2104.97,2112.29,2104.97,2111.81,58333.147
1773565200000,2111.81,2123.25,2111.70,2116.20,176204.211
1773568800000,2116.21,2120.57,2113.13,2117.87,59527.264
1773572400000,2117.86,2120.46,2113.67,2118.60,55928.534
1773576000000,2118.61,2118.96,2106.65,2108.64,103204.600
1773579600000,2108.64,2112.16,2085.10,2096.36,351882.962
1773583200000,2096.35,2098.30,2085.52,2096.04,115495.023
1773586800000,2096.05,2096.25,2088.91,2092.93,57742.935
1773590400000,2092.93,2097.94,2087.65,2090.59,87846.932
1773594000000,2090.60,2117.62,2090.05,2109.65,144964.084
1773597600000,2109.65,2112.83,2092.65,2098.05,130721.276
1773601200000,2098.06,2113.35,2095.16,2112.33,112055.991
1773604800000,2112.32,2139.00,2108.91,2128.00,230006.544
1773608400000,2128.01,2144.00,2122.40,2138.41,140204.061
1773612000000,2138.42,2192.15,2124.10,2183.73,656377.575
1773615600000,2183.74,2202.87,2165.24,2177.73,624195.138
1773619200000,2177.73,2186.90,2163.32,2170.39,190948.976
1773622800000,2170.40,2189.98,2163.56,2184.99,181944.904
1773626400000,2184.99,2188.45,2169.00,2179.63,147967.942
1773630000000,2179.63,2253.60,2176.37,2235.13,991553.409
1773633600000,2235.14,2279.97,2235.13,2262.25,683730.533
1773637200000,2262.25,2288.00,2255.61,2279.41,496273.464
1773640800000,2279.42,2280.78,2260.00,2261.01,245093.014
1773644400000,2261.01,2268.43,2244.68,2248.43,269076.966
1773648000000,2248.44,2258.37,2233.00,2242.60,270287.574
1773651600000,2242.60,2265.00,2238.37,2259.24,206733.743
1773655200000,2259.23,2277.88,2255.17,2277.12,306714.955
1773658800000,2277.12,2279.68,2264.80,2268.81,200661.269
1773662400000,2268.82,2302.99,2268.67,2278.19,696406.964
1773666000000,2278.19,2308.00,2270.52,2287.56,658784.034
1773669600000,2287.56,2303.96,2253.51,2286.84,704233.039
1773673200000,2286.83,2298.50,2268.62,2272.42,312491.326
1773676800000,2272.41,2299.79,2268.62,2296.07,282094.589
1773680400000,2296.08,2321.46,2292.19,2313.44,409639.038
1773684000000,2313.44,2345.00,2312.67,2320.66,570963.210
1773687600000,2320.65,2347.99,2317.15,2329.98,267631.126
1773691200000,2329.98,2346.85,2322.37,2344.11,142260.738
1773694800000,2344.11,2376.05,2342.38,2359.63,393485.890
1773698400000,2359.63,2385.78,2353.97,2356.69,304849.153
1773702000000,2356.69,2361.01,2328.85,2351.66,296528.674
1773705600000,2351.66,2377.00,2339.00,2356.55,453717.525
1773709200000,2356.54,2375.94,2345.57,2359.83,319160.202
1773712800000,2359.83,2360.67,2343.39,2349.96,175292.870
1773716400000,2349.96,2354.85,2306.87,2319.11,561598.169
1773720000000,2319.12,2329.00,2292.57,2310.27,428905.121
1773723600000,2310.27,2317.69,2296.67,2306.30,179559.702
1773727200000,2306.29,2324.54,2297.21,2314.25,193162.132
1773730800000,2314.26,2337.50,2314.21,2326.75,181336.733
1773734400000,2326.74,2334.73,2314.10,2319.52,171350.764
1773738000000,2319.52,2328.87,2305.00,2314.67,261142.338
1773741600000,2314.67,2315.99,2301.04,2311.87,166088.999
1773745200000,2311.87,2332.22,2310.56,2325.75,187098.981
1773748800000,2325.75,2334.43,2311.72,2314.63,185179.697
1773752400000,2314.62,2345.19,2312.31,2327.60,368883.221
1773756000000,2327.60,2347.82,2316.88,2342.33,271713.186
1773759600000,2342.34,2356.66,2303.00,2314.69,458417.061
1773763200000,2314.68,2335.81,2311.07,2325.72,204472.356
1773766800000,2325.71,2341.83,2319.07,2338.93,143196.383
1773770400000,2338.93,2341.66,2327.01,2331.96,109652.947
1773774000000,2331.96,2338.99,2315.61,2319.10,122695.101
1773777600000,2319.09,2329.15,2316.26,2326.66,84197.153
1773781200000,2326.66,2345.00,2326.65,2337.16,97284.919
1773784800000,2337.16,2341.09,2317.20,2328.41,84841.134
1773788400000,2328.41,2332.15,2315.51,2316.45,86004.697
1773792000000,2316.45,2324.77,2305.60,2323.27,153864.583
1773795600000,2323.27,2334.15,2321.71,2323.81,110568.412
1773799200000,2323.82,2340.93,2323.30,2330.04,110257.130
1773802800000,2330.05,2349.99,2327.11,2339.60,190329.584
1773806400000,2339.61,2341.00,2325.12,2326.33,99591.689
1773810000000,2326.32,2329.99,2312.88,2317.52,174736.383
1773813600000,2317.53,2330.55,2317.13,2321.52,135748.766
1773817200000,2321.53,2322.45,2310.07,2316.60,113764.921
1773820800000,2316.60,2324.75,2316.09,2321.61,75006.225
1773824400000,2321.62,2332.98,2320.32,2328.12,98014.490
1773828000000,2328.12,2330.88,2305.08,2311.68,191917.993
1773831600000,2311.68,2318.43,2262.01,2268.10,871709.877
1773835200000,2268.11,2269.74,2234.10,2236.48,676849.691
1773838800000,2236.49,2243.87,2221.23,2234.66,505111.427
1773842400000,2234.65,2236.19,2185.00,2189.10,772502.224
1773846000000,2189.09,2194.98,2168.00,2186.25,726857.103
1773849600000,2186.25,2190.00,2163.03,2180.00,373791.507
1773853200000,2180.01,2210.65,2175.83,2202.59,359420.871
1773856800000,2202.59,2219.00,2174.55,2180.26,479021.705
1773860400000,2180.26,2196.15,2176.30,2184.91,173762.454
1773864000000,2184.90,2195.14,2150.70,2186.41,382310.938
1773867600000,2186.41,2205.90,2184.54,2201.55,127886.390
1773871200000,2201.55,2202.48,2185.59,2193.43,100605.204
1773874800000,2193.44,2205.90,2187.88,2201.95,121372.858
1773878400000,2201.96,2208.15,2189.41,2192.11,128020.583
1773882000000,2192.10,2200.89,2186.12,2195.69,96256.622
1773885600000,2195.70,2203.87,2187.58,2195.59,87466.988
1773889200000,2195.60,2232.64,2195.60,2210.87,361734.706
1773892800000,2210.86,2212.00,2188.59,2192.49,172452.755
1773896400000,2192.49,2197.56,2185.30,2188.01,100216.414
1773900000000,2188.01,2194.80,2176.61,2179.73,202254.388
1773903600000,2179.72,2181.51,2141.79,2165.27,655742.152
1773907200000,2165.27,2169.96,2156.84,2159.64,182592.050
1773910800000,2159.63,2189.80,2159.43,2188.22,304665.209
1773914400000,2188.22,2191.99,2171.28,2171.72,142188.541
1773918000000,2171.73,2176.67,2164.55,2166.00,139041.585
1773921600000,2165.99,2166.58,2128.45,2131.34,482819.319
1773925200000,2131.35,2142.47,2106.90,2136.67,756038.785
1773928800000,2136.68,2146.50,2101.00,2120.60,524967.847
1773932400000,2120.60,2135.89,2098.02,2117.62,449763.997
1773936000000,2117.63,2121.70,2105.28,2113.95,329547.826
1773939600000,2113.96,2130.98,2103.43,2126.09,231286.325
1773943200000,2126.09,2128.55,2113.01,2123.98,100790.734
1773946800000,2123.98,2155.90,2123.67,2139.99,376687.132
1773950400000,2139.99,2151.75,2138.18,2145.03,102671.384
1773954000000,2145.03,2154.43,2143.34,2148.68,91777.743
1773957600000,2148.68,2151.27,2131.13,2139.05,119076.124
1773961200000,2139.05,2146.36,2129.37,2136.56,94649.699
1773964800000,2136.56,2148.00,2133.35,2144.50,92451.144
1773968400000,2144.51,2159.67,2143.63,2149.76,133021.299
1773972000000,2149.76,2150.71,2131.07,2143.31,135866.488
1773975600000,2143.31,2156.00,2142.17,2150.20,94761.501
1773979200000,2150.20,2158.53,2138.01,2147.27,127562.668
1773982800000,2147.27,2151.69,2136.15,2139.33,104940.981
1773986400000,2139.32,2140.80,2130.42,2135.65,108137.558
1773990000000,2135.65,2152.60,2120.04,2149.30,281373.948
1773993600000,2149.30,2175.64,2145.13,2162.74,331691.870
1773997200000,2162.74,2162.91,2133.65,2140.18,241111.398
1774000800000,2140.18,2150.29,2130.23,2147.09,171332.754
1774004400000,2147.09,2157.67,2133.23,2140.37,184080.741
1774008000000,2140.36,2151.99,2133.92,2139.96,142561.527
1774011600000,2139.96,2152.00,2121.93,2126.27,356678.968
1774015200000,2126.26,2148.00,2114.20,2128.15,537858.479
1774018800000,2128.15,2137.88,2119.11,2133.09,224351.734
1774022400000,2133.09,2144.00,2129.48,2136.32,147566.028
1774026000000,2136.33,2140.25,2118.31,2135.91,202766.731
1774029600000,2135.92,2136.71,2116.36,2122.39,181326.101
1774033200000,2122.40,2133.93,2116.28,2132.10,150155.849
1774036800000,2132.10,2135.99,2122.90,2132.10,106954.324
1774040400000,2132.09,2157.61,2129.59,2146.70,190853.808
1774044000000,2146.69,2167.53,2146.69,2153.52,144083.681
1774047600000,2153.52,2154.68,2141.89,2145.08,73684.071
1774051200000,2145.08,2155.78,2142.88,2152.46,75087.142
1774054800000,2152.46,2159.00,2146.00,2146.62,66852.349
1774058400000,2146.62,2155.54,2145.13,2154.08,43125.017
1774062000000,2154.08,2155.00,2149.77,2152.41,29634.750
1774065600000,2152.40,2157.41,2149.06,2150.82,61018.458
1774069200000,2150.82,2156.94,2150.81,2152.14,41392.494
1774072800000,2152.14,2155.25,2151.03,2154.60,31563.026
1774076400000,2154.59,2160.71,2152.42,2154.40,56779.440
1774080000000,2154.40,2156.17,2148.45,2153.00,61019.009
1774083600000,2153.00,2158.00,2152.73,2157.50,53850.331
1774087200000,2157.49,2158.16,2151.89,2153.19,47419.656
1774090800000,2153.19,2156.92,2151.78,2156.53,37734.952
1774094400000,2156.54,2159.86,2155.75,2156.97,51309.439
1774098000000,2156.96,2159.00,2153.83,2154.89,36546.352
1774101600000,2154.90,2168.00,2149.09,2151.08,162658.546
1774105200000,2151.08,2156.87,2145.00,2154.25,127940.903
1774108800000,2154.25,2154.61,2143.27,2145.61,83258.363
1774112400000,2145.60,2149.68,2140.15,2147.22,54925.151
1774116000000,2147.22,2154.66,2146.47,2150.10,50956.164
1774119600000,2150.11,2152.25,2148.07,2151.19,18769.311
1774123200000,2151.19,2155.75,2149.40,2154.57,51397.235
1774126800000,2154.57,2156.12,2151.10,2152.67,28353.910
1774130400000,2152.66,2152.69,2148.24,2148.77,30030.645
1774134000000,2148.78,2148.99,2068.78,2083.37,586445.903
1774137600000,2083.37,2094.00,2045.57,2086.25,598103.935
1774141200000,2086.25,2093.10,2080.55,2089.99,147864.534
1774144800000,2089.99,2108.68,2086.60,2101.15,171769.690
1774148400000,2101.16,2126.38,2096.98,2112.84,208578.162
1774152000000,2112.83,2122.16,2105.22,2118.39,179646.951
1774155600000,2118.39,2120.00,2111.36,2112.01,97740.764
1774159200000,2112.02,2112.59,2106.50,2107.58,76199.774
1774162800000,2107.57,2111.28,2091.39,2092.82,164555.287
1774166400000,2092.82,2095.00,2072.78,2085.29,319960.994
1774170000000,2085.28,2096.73,2078.03,2083.82,139591.788
1774173600000,2083.82,2085.90,2075.78,2080.13,72169.219
1774177200000,2080.12,2082.84,2065.21,2068.97,172972.332
1774180800000,2068.96,2087.30,2066.87,2081.38,178681.394
1774184400000,2081.38,2092.60,2070.83,2077.58,167062.810
1774188000000,2077.58,2084.31,2070.47,2076.98,109558.740
1774191600000,2076.97,2083.50,2074.58,2081.96,90044.670
1774195200000,2081.97,2083.56,2076.60,2080.96,58679.586
1774198800000,2080.96,2083.48,2076.18,2078.46,48369.673
1774202400000,2078.46,2079.54,2054.29,2070.94,171307.229
1774206000000,2070.93,2071.88,2053.01,2062.00,134263.178
1774209600000,2062.00,2071.31,2054.73,2057.56,95643.006
1774213200000,2057.55,2059.55,2024.11,2044.83,407089.490
1774216800000,2044.83,2064.84,2031.14,2061.73,233540.645
1774220400000,2061.74,2074.71,2050.01,2052.85,170972.447
1774224000000,2052.86,2062.22,2034.38,2042.51,237689.047
1774227600000,2042.51,2061.75,2038.40,2046.62,150855.009
1774231200000,2046.63,2070.83,2045.55,2062.35,189359.860
1774234800000,2062.35,2071.92,2050.64,2051.55,105153.818
1774238400000,2051.55,2066.00,2049.54,2064.72,95688.605
1774242000000,2064.71,2071.30,2059.62,2068.28,135910.505
1774245600000,2068.27,2068.27,2026.59,2036.20,335242.567
1774249200000,2036.20,2049.34,2021.58,2043.65,269882.237
1774252800000,2043.65,2058.45,2042.30,2046.85,161903.927
1774256400000,2046.85,2048.08,2027.57,2042.63,201602.830
1774260000000,2042.63,2053.30,2039.13,2047.83,144610.331
1774263600000,2047.84,2199.00,2047.84,2133.89,2331140.717
1774267200000,2133.90,2147.38,2105.39,2143.00,785428.735
1774270800000,2143.00,2188.77,2139.06,2184.74,636024.952
1774274400000,2184.74,2192.54,2168.00,2180.37,447210.211
1774278000000,2180.37,2187.70,2123.04,2127.55,562456.193
1774281600000,2127.54,2141.55,2116.00,2134.82,525471.479
1774285200000,2134.82,2157.98,2123.13,2151.45,253333.554
1774288800000,2151.45,2171.30,2144.13,2167.68,250995.640
1774292400000,2167.68,2179.00,2148.66,2153.37,190016.091
1774296000000,2153.36,2165.87,2149.49,2160.51,75906.311
1774299600000,2160.52,2162.75,2153.52,2156.96,48597.200
1774303200000,2156.96,2158.74,2142.51,2151.61,78680.826
1774306800000,2151.60,2154.58,2139.06,2151.01,80348.653
1774310400000,2151.00,2155.36,2127.62,2142.00,187200.506
1774314000000,2142.00,2148.87,2122.78,2136.58,167419.431
1774317600000,2136.58,2144.96,2131.11,2134.87,88593.388
1774321200000,2134.87,2142.56,2129.41,2140.40,92262.474
1774324800000,2140.41,2152.49,2130.70,2135.22,117002.719
1774328400000,2135.23,2137.73,2127.82,2132.81,112204.333
1774332000000,2132.81,2145.41,2130.67,2144.21,105347.056
1774335600000,2144.20,2169.90,2143.00,2164.33,331928.725
1774339200000,2164.34,2166.50,2151.05,2153.88,158419.034
1774342800000,2153.87,2166.20,2146.01,2163.68,154258.937
1774346400000,2163.68,2163.77,2154.00,2160.26,86071.361
1774350000000,2160.26,2174.71,2150.63,2164.75,231796.155
1774353600000,2164.74,2169.37,2157.50,2161.39,128078.690
1774357200000,2161.39,2164.75,2129.00,2137.34,443396.549
1774360800000,2137.34,2147.48,2117.71,2133.15,451874.732
1774364400000,2133.15,2146.55,2130.06,2134.13,220225.294
1774368000000,2134.13,2139.88,2120.00,2126.60,221317.523
1774371600000,2126.59,2128.09,2102.00,2108.38,399023.422
1774375200000,2108.38,2127.62,2103.52,2118.05,219472.769
1774378800000,2118.05,2127.19,2113.23,2115.96,99074.916
1774382400000,2115.96,2154.36,2114.70,2147.63,345529.417
1774386000000,2147.63,2150.96,2139.01,2147.84,100745.395
1774389600000,2147.84,2154.99,2139.11,2144.25,111538.380
1774393200000,2144.25,2162.90,2141.66,2155.29,138612.890
1774396800000,2155.30,2168.00,2142.66,2160.64,184969.582
1774400400000,2160.64,2166.08,2155.50,2155.50,98373.070
1774404000000,2155.51,2160.60,2152.34,2154.58,89765.608
1774407600000,2154.58,2159.88,2145.12,2157.50,128597.518
1774411200000,2157.49,2167.09,2155.57,2165.22,93910.378
1774414800000,2165.23,2179.72,2163.32,2167.78,216750.681
1774418400000,2167.78,2172.00,2161.58,2162.46,119123.834
1774422000000,2162.46,2176.66,2158.15,2163.70,141570.341
1774425600000,2163.71,2189.99,2163.03,2175.31,288745.255
1774429200000,2175.31,2188.00,2173.78,2185.25,152129.864
1774432800000,2185.25,2187.51,2180.00,2184.02,116122.339
1774436400000,2184.02,2200.11,2177.07,2185.01,348336.077
1774440000000,2185.01,2194.29,2163.33,2182.26,475493.426
1774443600000,2182.27,2197.30,2178.20,2183.30,264735.634
1774447200000,2183.31,2187.17,2172.06,2173.13,207866.811
1774450800000,2173.14,2176.00,2145.59,2161.67,397346.478
1774454400000,2161.68,2187.63,2155.08,2173.00,315478.203
1774458000000,2173.01,2175.55,2159.19,2163.09,125917.447
1774461600000,2163.08,2172.72,2156.46,2161.50,99480.089
1774465200000,2161.50,2176.33,2158.57,2171.73,107353.814
1774468800000,2171.73,2172.10,2158.01,2165.77,61984.272
1774472400000,2165.78,2168.75,2160.04,2163.01,44867.337
1774476000000,2163.00,2184.99,2160.63,2173.29,116225.144
1774479600000,2173.29,2176.36,2163.63,2168.00,72350.852
1774483200000,2168.00,2171.32,2161.21,2165.23,82764.894
1774486800000,2165.23,2168.40,2158.89,2163.70,80463.969
1774490400000,2163.70,2164.80,2142.15,2149.06,203806.127
1774494000000,2149.05,2154.90,2143.73,2152.15,104283.217
1774497600000,2152.15,2153.52,2146.55,2148.45,64312.573
1774501200000,2148.44,2149.91,2111.67,2118.63,486293.386
1774504800000,2118.63,2123.88,2110.72,2120.70,190829.220
1774508400000,2120.71,2123.66,2112.00,2122.37,135744.753
1774512000000,2122.36,2126.24,2113.00,2118.61,136320.341
1774515600000,2118.61,2120.89,2073.00,2081.29,612128.371
1774519200000,2081.29,2082.39,2070.60,2077.38,212962.880
1774522800000,2077.38,2080.32,2061.00,2067.33,266141.239
1774526400000,2067.34,2074.30,2064.57,2072.13,148024.681
1774530000000,2072.13,2093.64,2068.13,2080.07,428217.385
1774533600000,2080.08,2084.85,2066.00,2075.05,245028.962
1774537200000,2075.04,2077.12,2050.54,2069.43,392503.857
1774540800000,2069.43,2070.00,2058.61,2060.12,127490.223
1774544400000,2060.11,2070.00,2042.43,2048.22,228079.875
1774548000000,2048.22,2054.91,2033.22,2045.82,319219.306
1774551600000,2045.82,2053.00,2038.19,2047.86,163518.578
1774555200000,2047.85,2080.25,2045.17,2063.83,465012.760
1774558800000,2063.83,2077.99,2058.81,2067.08,136165.748
1774562400000,2067.08,2072.06,2053.40,2064.67,120740.271
1774566000000,2064.66,2068.63,2054.54,2059.17,95861.835
1774569600000,2059.18,2066.73,2055.50,2064.11,98699.583
1774573200000,2064.10,2073.84,2062.03,2073.18,89821.727
1774576800000,2073.19,2076.43,2065.77,2067.12,81434.003
1774580400000,2067.11,2068.00,2058.06,2060.45,84974.442
1774584000000,2060.44,2060.99,2041.32,2052.13,261249.067
1774587600000,2052.12,2065.58,2050.91,2060.18,102683.384
1774591200000,2060.18,2067.11,2057.32,2061.40,83849.646
1774594800000,2061.40,2071.59,2058.77,2064.95,165318.422
1774598400000,2064.94,2068.60,2032.10,2046.50,395149.178
1774602000000,2046.51,2051.11,2033.04,2039.89,178501.161
1774605600000,2039.90,2043.72,1981.35,1989.70,771981.863
1774609200000,1989.69,1997.04,1980.28,1990.24,309886.841
1774612800000,1990.24,1992.13,1980.23,1987.71,221427.624
1774616400000,1987.71,1995.90,1966.20,1977.94,423533.930
1774620000000,1977.94,1988.71,1970.40,1988.15,345069.888
1774623600000,1988.15,2009.46,1982.11,1990.12,448212.997
1774627200000,1990.11,1991.66,1979.00,1985.89,234040.337
1774630800000,1985.89,1996.88,1974.00,1976.49,198299.252
1774634400000,1976.50,1985.80,1973.37,1983.23,121189.061
1774638000000,1983.23,1996.55,1977.60,1990.28,143426.492
1774641600000,1990.28,1995.37,1978.09,1985.06,110672.721
1774645200000,1985.07,1990.43,1983.32,1984.70,39369.022
1774648800000,1984.71,1986.30,1980.64,1984.40,33430.662
1774652400000,1984.39,1992.92,1977.90,1991.58,81101.014
1774656000000,1991.57,1994.30,1988.39,1991.51,50658.896
1774659600000,1991.51,1991.75,1983.48,1989.22,59701.215
1774663200000,1989.21,1992.80,1981.52,1986.22,68204.219
1774666800000,1986.21,1990.20,1985.66,1987.95,37557.964
1774670400000,1987.95,1991.37,1986.00,1989.59,37154.678
1774674000000,1989.60,1993.95,1986.87,1993.04,60330.096
1774677600000,1993.04,2006.09,1992.09,1999.86,155559.951
1774681200000,1999.86,2007.63,1999.43,2005.94,70484.210
1774684800000,2005.95,2007.46,1997.05,1998.19,80931.269
1774688400000,1998.20,1999.00,1994.48,1998.47,68497.819
1774692000000,1998.48,2003.72,1991.20,1995.68,100744.629
1774695600000,1995.68,1999.63,1994.53,1996.41,45018.313
1774699200000,1996.41,2003.48,1991.23,1998.75,118127.025
1774702800000,1998.75,2049.36,1998.47,2025.50,496070.992
1774706400000,2025.49,2028.34,2015.20,2019.75,173856.213
1774710000000,2019.75,2038.81,2017.43,2025.79,234435.081
1774713600000,2025.80,2028.97,2020.01,2023.48,82709.044
1774717200000,2023.48,2026.15,2014.57,2019.85,85580.824
1774720800000,2019.85,2023.99,2019.27,2020.55,33569.231
1774724400000,2020.56,2021.63,2016.09,2019.52,27229.069
1774728000000,2019.52,2025.42,2019.52,2023.49,42176.014
1774731600000,2023.48,2024.58,2005.81,2008.63,80688.887
1774735200000,2008.62,2012.77,2004.01,2010.92,59256.871
1774738800000,2010.93,2010.93,1988.16,1993.48,208513.418
1774742400000,1993.48,1999.46,1990.53,1998.01,83013.676
1774746000000,1998.01,2006.86,1996.50,2003.97,90871.862
1774749600000,2003.98,2009.82,2001.33,2008.19,75034.093
1774753200000,2008.19,2019.00,2005.94,2010.14,111018.780
1774756800000,2010.14,2011.89,2002.80,2004.96,50781.077
1774760400000,2004.96,2006.31,1996.26,2004.13,85005.365
1774764000000,2004.13,2007.45,1998.76,2003.59,48855.732
1774767600000,2003.60,2009.48,1999.00,2005.00,46118.036
1774771200000,2005.00,2006.50,2001.49,2003.20,29350.144
1774774800000,2003.20,2004.50,1993.59,1998.06,88473.225
1774778400000,1998.06,1998.06,1990.40,1994.89,87776.751
1774782000000,1994.88,2007.29,1993.86,2002.65,95157.716
1774785600000,2002.65,2003.98,1996.23,2000.64,47882.911
1774789200000,2000.64,2001.09,1982.21,1986.12,222816.285
1774792800000,1986.12,2001.53,1982.83,1993.13,148842.636
1774796400000,1993.12,1998.85,1985.47,1991.80,114479.802
1774800000000,1991.80,2003.20,1990.88,1996.74,97835.844
1774803600000,1996.73,1999.33,1986.50,1994.29,85982.807
1774807200000,1994.30,2001.00,1990.39,1996.48,64693.471
1774810800000,1996.47,1999.50,1993.34,1995.04,31371.877
1774814400000,1995.05,2008.99,1994.79,2001.57,78460.275
1774818000000,2001.57,2006.85,2000.40,2005.31,47287.978
1774821600000,2005.32,2005.42,1936.54,1972.83,671644.100
1774825200000,1972.83,1993.80,1972.27,1983.44,329758.772
1774828800000,1983.45,2023.28,1978.70,1996.43,417147.910
1774832400000,1996.43,2015.60,1996.09,2009.62,158282.853
1774836000000,2009.63,2043.26,2006.50,2028.88,402913.288
1774839600000,2028.88,2041.00,2026.24,2034.97,152978.290
1774843200000,2034.97,2051.84,2034.97,2047.26,218669.606
1774846800000,2047.25,2058.27,2043.16,2046.82,208221.665
1774850400000,2046.83,2051.17,2040.08,2041.50,129797.094
1774854000000,2041.50,2067.78,2040.50,2058.70,236228.617
1774857600000,2058.69,2075.00,2057.29,2061.41,226879.849
1774861200000,2061.42,2062.30,2052.92,2054.26,114646.433
1774864800000,2054.26,2057.81,2046.40,2057.10,106014.829
1774868400000,2057.10,2086.99,2056.83,2070.40,321781.501
1774872000000,2070.40,2078.01,2068.04,2073.72,134138.138
1774875600000,2073.72,2084.82,2056.77,2059.96,347321.158
1774879200000,2059.95,2075.48,2042.88,2070.52,415877.667
1774882800000,2070.53,2078.78,2060.68,2073.40,226449.899
1774886400000,2073.39,2074.00,2057.24,2065.07,141257.344
1774890000000,2065.07,2071.47,2030.30,2040.67,378942.546
1774893600000,2040.66,2043.18,2026.53,2031.55,219081.887
1774897200000,2031.54,2031.76,2012.14,2022.69,279102.440
1774900800000,2022.69,2026.80,2019.84,2022.27,94807.558
1774904400000,2022.27,2049.21,2020.00,2034.82,252606.848
1774908000000,2034.82,2043.55,2028.45,2032.22,92208.663
1774911600000,2032.22,2032.25,2012.59,2025.69,182618.885
1774915200000,2025.69,2040.71,2015.25,2035.78,226176.897
1774918800000,2035.78,2093.00,2031.08,2072.20,562352.817
1774922400000,2072.20,2082.50,2066.47,2072.08,136195.911
1774926000000,2072.08,2075.89,2061.00,2065.92,114451.160
1774929600000,2065.91,2071.42,2056.00,2059.91,129123.245
1774933200000,2059.90,2068.38,2053.74,2063.39,107401.904
1774936800000,2063.39,2064.00,2053.88,2061.29,98256.860
1774940400000,2061.29,2062.00,2040.88,2055.00,193885.346
1774944000000,2054.99,2058.66,2034.42,2038.89,182127.237
1774947600000,2038.88,2043.62,2011.25,2017.28,363231.511
1774951200000,2017.27,2029.30,2015.85,2025.26,153091.646
1774954800000,2025.26,2043.57,2021.68,2040.23,268405.017
1774958400000,2040.23,2057.19,2033.89,2046.78,288288.775
1774962000000,2046.78,2079.36,2046.78,2074.36,313868.104
1774965600000,2074.35,2091.49,2036.30,2045.20,762770.760
1774969200000,2045.20,2077.38,2044.58,2053.66,473120.183
1774972800000,2053.66,2108.07,2053.31,2090.41,639259.388
1774976400000,2090.40,2124.51,2087.56,2092.52,660029.276
1774980000000,2092.51,2114.71,2092.45,2098.86,217756.178
1774983600000,2098.85,2103.42,2090.87,2095.68,128520.724
1774987200000,2095.68,2109.48,2095.09,2106.60,99069.806
1774990800000,2106.59,2108.88,2091.80,2101.50,93450.106
1774994400000,2101.49,2103.44,2087.00,2095.70,111988.349
1774998000000,2095.71,2107.93,2091.92,2104.49,107965.119
1775001600000,2104.48,2117.44,2095.60,2113.91,153874.151
1775005200000,2113.92,2115.00,2090.00,2092.01,124528.327
1775008800000,2092.00,2095.48,2081.19,2087.58,134461.873
1775012400000,2087.57,2106.73,2087.57,2101.87,132636.136
1775016000000,2101.87,2115.71,2099.18,2110.39,128311.648
1775019600000,2110.38,2135.60,2105.27,2121.65,281392.904
1775023200000,2121.65,2156.47,2121.61,2150.27,429722.522
1775026800000,2150.27,2157.99,2129.11,2130.13,281799.028
1775030400000,2130.13,2142.76,2124.43,2136.02,233415.099
1775034000000,2136.03,2139.50,2127.06,2135.49,131765.141
1775037600000,2135.50,2136.94,2125.17,2131.58,85696.141
1775041200000,2131.58,2139.00,2129.58,2134.18,95413.439
1775044800000,2134.18,2149.37,2120.84,2129.89,278942.971
1775048400000,2129.89,2134.22,2107.53,2118.58,452244.598
1775052000000,2118.57,2129.84,2112.83,2125.97,202264.277
1775055600000,2125.98,2137.67,2121.00,2133.93,167713.203
1775059200000,2133.93,2152.15,2123.65,2144.99,244868.652
1775062800000,2145.00,2167.20,2132.30,2135.86,354345.495
1775066400000,2135.86,2136.84,2122.23,2128.12,165725.716
1775070000000,2128.13,2144.00,2126.83,2140.24,117558.032
1775073600000,2140.25,2146.78,2129.20,2142.46,103059.410
1775077200000,2142.46,2164.47,2141.81,2155.57,167811.627
1775080800000,2155.56,2157.57,2136.43,2138.74,177213.657
1775084400000,2138.75,2144.84,2133.92,2138.80,81349.759
1775088000000,2138.80,2158.42,2134.58,2154.58,170787.537
1775091600000,2154.58,2154.84,2088.00,2098.56,888468.612
1775095200000,2098.56,2098.56,2062.37,2072.78,512737.807
1775098800000,2072.78,2075.49,2044.00,2054.73,379274.366
1775102400000,2054.73,2057.42,2040.28,2043.49,208664.936
1775106000000,2043.49,2050.42,2037.23,2049.01,219097.339
1775109600000,2049.01,2052.68,2044.09,2048.70,133780.964
1775113200000,2048.69,2055.74,2042.89,2054.80,134215.854
1775116800000,2054.79,2054.79,2044.11,2045.08,92330.732
1775120400000,2045.08,2046.91,2038.19,2042.82,122792.715
1775124000000,2042.82,2043.82,2030.63,2037.68,139424.752
1775127600000,2037.68,2039.30,2022.00,2032.04,181082.252
1775131200000,2032.03,2032.39,2023.08,2025.89,159132.508
1775134800000,2025.90,2041.70,2015.55,2037.69,403349.713
1775138400000,2037.69,2072.00,2031.55,2062.60,641759.488
1775142000000,2062.60,2066.86,2047.17,2058.46,300763.513
1775145600000,2058.45,2076.00,2051.01,2061.94,185961.106
1775149200000,2061.93,2070.97,2042.39,2046.00,231326.733
1775152800000,2046.01,2063.00,2042.18,2057.41,148192.653
1775156400000,2057.42,2065.88,2053.64,2064.39,83003.184
1775160000000,2064.40,2073.41,2059.63,2067.29,136958.848
1775163600000,2067.29,2069.86,2054.85,2062.23,105359.502
1775167200000,2062.23,2063.80,2052.26,2059.08,85078.877
1775170800000,2059.07,2061.00,2052.59,2055.96,101416.402
1775174400000,2055.97,2058.71,2048.52,2052.06,64518.336
1775178000000,2052.06,2061.88,2044.00,2049.43,147551.677
1775181600000,2049.44,2059.17,2038.35,2051.43,183280.975
1775185200000,2051.42,2056.40,2049.00,2053.00,83170.477
1775188800000,2053.01,2057.00,2047.57,2053.64,53603.495
1775192400000,2053.64,2063.99,2046.16,2056.16,100920.900
1775196000000,2056.16,2066.00,2053.78,2062.66,78388.302
1775199600000,2062.67,2074.60,2061.11,2064.98,125236.688
1775203200000,2064.98,2071.14,2057.16,2059.85,96548.669
1775206800000,2059.85,2063.15,2055.68,2060.07,52943.531
1775210400000,2060.06,2060.07,2052.02,2058.68,67414.227
1775214000000,2058.69,2064.05,2056.74,2061.87,58113.659
1775217600000,2061.88,2084.02,2043.60,2049.05,296346.960
1775221200000,2049.04,2050.21,2040.26,2047.21,174635.401
1775224800000,2047.21,2056.60,2044.25,2053.35,114951.665
1775228400000,2053.35,2056.85,2048.09,2050.31,64887.757
1775232000000,2050.31,2055.90,2048.58,2053.70,60569.833
1775235600000,2053.70,2054.50,2042.40,2049.21,72234.171
1775239200000,2049.20,2052.50,2046.85,2048.20,44888.027
1775242800000,2048.20,2053.28,2044.20,2051.43,37560.728
1775246400000,2051.42,2054.10,2050.83,2051.70,29165.979
1775250000000,2051.71,2060.99,2051.63,2057.25,59104.131
1775253600000,2057.26,2058.72,2048.54,2051.09,38447.258
1775257200000,2051.09,2053.36,2048.37,2052.92,33226.951
1775260800000,2052.93,2053.00,2050.47,2051.25,21777.976
1775264400000,2051.25,2052.93,2048.62,2050.52,22801.701
1775268000000,2050.53,2052.70,2046.87,2049.32,33138.435
1775271600000,2049.32,2051.39,2048.70,2049.21,19474.531
1775275200000,2049.21,2050.76,2047.51,2050.14,21001.286
1775278800000,2050.13,2054.22,2049.53,2052.77,39852.391
1775282400000,2052.78,2057.50,2051.96,2055.51,45203.075
1775286000000,2055.51,2056.13,2050.52,2052.72,38445.655
1775289600000,2052.73,2054.50,2048.36,2049.45,35102.459
1775293200000,2049.45,2050.88,2048.10,2049.26,35822.189
1775296800000,2049.27,2053.96,2046.45,2053.27,64744.842
1775300400000,2053.27,2054.24,2050.25,2051.06,31775.327
1775304000000,2051.06,2052.50,2047.00,2048.89,43287.816
1775307600000,2048.90,2053.99,2048.55,2052.31,47507.628
1775311200000,2052.31,2053.62,2043.00,2052.14,83076.177
1775314800000,2052.13,2060.99,2051.39,2055.16,117989.106
1775318400000,2055.16,2061.65,2052.30,2054.65,95783.505
1775322000000,2054.66,2057.22,2051.74,2055.85,43639.891
1775325600000,2055.85,2057.33,2053.75,2054.18,22714.733
1775329200000,2054.17,2083.36,2054.15,2063.77,278409.936
1775332800000,2063.77,2064.03,2058.63,2061.87,47742.563
1775336400000,2061.87,2071.06,2061.66,2067.73,40525.118
1775340000000,2067.73,2071.46,2067.30,2068.04,34621.469
1775343600000,2068.04,2068.24,2061.61,2064.43,41754.651
1775347200000,2064.43,2064.60,2059.20,2061.27,32563.054
1775350800000,2061.28,2061.60,2056.01,2056.40,47393.019
1775354400000,2056.39,2059.20,2052.65,2058.98,52260.899
1775358000000,2058.98,2059.99,2054.25,2055.69,23686.710
1775361600000,2055.69,2057.19,2053.01,2054.25,28251.548
1775365200000,2054.25,2055.88,2046.00,2047.74,70293.915
1775368800000,2047.74,2048.11,2026.32,2037.25,317875.914
1775372400000,2037.24,2041.58,2033.01,2036.00,97584.917
1775376000000,2036.00,2039.04,2034.57,2038.06,34906.922
1775379600000,2038.06,2044.93,2037.72,2043.22,63277.507
1775383200000,2043.23,2051.83,2041.09,2043.65,76394.855
1775386800000,2043.64,2044.88,2039.35,2040.88,41060.478
1775390400000,2040.88,2040.89,2020.61,2026.96,271537.324
1775394000000,2026.95,2036.99,2024.30,2035.44,142006.445
1775397600000,2035.44,2042.30,2033.65,2037.36,116369.376
1775401200000,2037.37,2069.25,2033.07,2053.13,380743.413
1775404800000,2053.12,2058.50,2048.76,2051.24,91914.209
1775408400000,2051.25,2061.45,2047.04,2061.31,115817.577
1775412000000,2061.31,2065.96,2055.84,2061.92,85919.173
1775415600000,2061.92,2068.88,2056.88,2060.99,74283.401
1775419200000,2061.00,2074.58,2060.52,2067.89,91495.197
1775422800000,2067.90,2068.00,2055.81,2059.14,80094.919
1775426400000,2059.15,2087.92,2048.66,2084.99,310664.281
1775430000000,2084.99,2123.23,2081.00,2109.35,486682.415
1775433600000,2109.36,2135.00,2109.36,2121.14,343516.670
1775437200000,2121.15,2123.85,2111.49,2114.30,157781.650
1775440800000,2114.30,2147.73,2113.64,2132.65,278977.643
1775444400000,2132.64,2136.45,2125.60,2128.38,117307.080
1775448000000,2128.38,2133.90,2124.00,2130.12,100218.817
1775451600000,2130.11,2133.73,2127.24,2130.40,48087.103
1775455200000,2130.39,2138.40,2119.04,2126.34,191264.325
1775458800000,2126.35,2140.50,2121.76,2134.05,138993.256
1775462400000,2134.05,2147.54,2132.52,2137.54,140714.204
1775466000000,2137.55,2174.41,2137.34,2149.90,545896.700
1775469600000,2149.91,2156.74,2148.11,2152.28,127350.433
1775473200000,2152.28,2153.00,2145.43,2150.55,96913.165
1775476800000,2150.54,2153.80,2141.00,2142.51,130911.342
1775480400000,2142.51,2148.47,2136.42,2145.00,197251.286
1775484000000,2145.00,2164.91,2136.71,2155.35,520575.246
1775487600000,2155.35,2169.11,2154.00,2163.43,273545.566
1775491200000,2163.43,2167.52,2139.11,2139.26,210564.571
1775494800000,2139.25,2139.86,2122.00,2134.00,347548.638
1775498400000,2134.00,2147.52,2130.55,2143.70,148489.975
1775502000000,2143.71,2145.01,2134.34,2143.29,96893.294
1775505600000,2143.30,2154.42,2139.20,2147.59,90656.987
1775509200000,2147.58,2147.58,2136.46,2138.52,64443.775
1775512800000,2138.52,2140.38,2103.87,2103.90,278902.468
1775516400000,2103.90,2109.42,2086.29,2106.14,494194.065
1775520000000,2106.14,2119.34,2104.54,2111.50,230936.725
1775523600000,2111.50,2119.78,2096.29,2098.28,213646.657
1775527200000,2098.28,2110.75,2091.93,2105.70,150762.142
1775530800000,2105.69,2109.00,2102.57,2107.19,61146.761
1775534400000,2107.20,2118.25,2102.16,2113.08,102382.228
1775538000000,2113.08,2113.66,2102.46,2104.45,75512.260
1775541600000,2104.45,2106.07,2095.35,2103.01,113028.360
1775545200000,2103.01,2105.31,2097.50,2103.00,65215.119
1775548800000,2102.99,2116.43,2102.35,2113.99,135890.743
1775552400000,2113.99,2132.96,2113.32,2127.26,239504.188
1775556000000,2127.26,2130.78,2085.10,2088.29,419506.668
1775559600000,2088.29,2093.23,2080.57,2088.47,238995.278
1775563200000,2088.48,2092.26,2073.10,2085.77,378939.087
1775566800000,2085.76,2092.61,2073.42,2073.98,225855.451
1775570400000,2073.97,2080.61,2058.01,2068.48,415350.304
1775574000000,2068.49,2082.39,2063.64,2079.26,216787.603
1775577600000,2079.26,2089.36,2076.41,2082.61,195885.892
1775581200000,2082.62,2115.81,2078.60,2098.29,287521.252
1775584800000,2098.29,2100.49,2081.41,2085.32,149893.403
1775588400000,2085.31,2117.00,2083.17,2112.52,318945.138
1775592000000,2112.52,2124.80,2109.43,2114.57,227191.435
1775595600000,2114.56,2152.86,2114.47,2144.25,443345.624
1775599200000,2144.26,2219.69,2144.26,2219.20,975854.175
1775602800000,2219.20,2273.00,2214.23,2239.14,999049.642
1775606400000,2239.14,2250.71,2226.28,2235.33,355862.267
1775610000000,2235.32,2242.59,2229.56,2233.38,141734.388
1775613600000,2233.38,2246.81,2229.37,2236.33,177358.722
1775617200000,2236.34,2238.93,2231.17,2233.89,68780.759
1775620800000,2233.89,2251.98,2233.88,2239.71,181611.372
1775624400000,2239.71,2244.28,2237.18,2239.73,109458.003
1775628000000,2239.73,2253.15,2234.13,2244.71,173457.441
1775631600000,2244.70,2259.72,2243.28,2252.75,174781.462
1775635200000,2252.74,2258.44,2249.00,2255.36,120468.199
1775638800000,2255.37,2262.75,2245.23,2248.64,149005.522
1775642400000,2248.64,2252.89,2240.59,2241.69,97750.465
1775646000000,2241.69,2254.11,2235.83,2246.53,188961.057
1775649600000,2246.53,2258.39,2241.28,2254.64,150775.778
1775653200000,2254.64,2269.65,2230.38,2234.84,560934.643
1775656800000,2234.83,2240.10,2186.03,2194.73,714975.889
1775660400000,2194.72,2217.42,2192.87,2214.56,354632.636
1775664000000,2214.56,2224.67,2210.12,2219.74,185669.193
1775667600000,2219.73,2238.66,2212.00,2230.70,227536.840
1775671200000,2230.70,2231.66,2197.65,2200.66,246898.664
1775674800000,2200.65,2211.11,2196.26,2210.01,161450.921
1775678400000,2210.00,2215.97,2204.51,2208.86,77777.850
1775682000000,2208.86,2221.64,2206.77,2213.74,72824.948
1775685600000,2213.73,2214.17,2183.55,2188.71,212231.808
1775689200000,2188.70,2193.16,2177.77,2188.87,161574.093
1775692800000,2188.87,2193.23,2177.58,2182.01,131260.282
1775696400000,2182.02,2184.31,2160.00,2177.75,261139.408
1775700000000,2177.75,2184.71,2172.72,2180.69,119515.682
1775703600000,2180.69,2182.90,2174.29,2181.31,61639.669
1775707200000,2181.31,2181.59,2175.00,2176.66,47492.705
1775710800000,2176.66,2188.57,2174.39,2181.13,122355.351
1775714400000,2181.14,2185.23,2174.48,2180.53,66922.331
1775718000000,2180.53,2184.77,2178.66,2179.96,60250.289
1775721600000,2179.97,2190.27,2175.00,2184.99,116052.687
1775725200000,2184.99,2196.53,2178.13,2192.78,118442.922
1775728800000,2192.77,2196.07,2186.83,2189.50,89055.285
1775732400000,2189.51,2191.91,2177.00,2179.02,117429.079
1775736000000,2179.02,2186.45,2172.42,2182.27,143522.966
1775739600000,2182.27,2185.30,2157.40,2164.21,297504.033
1775743200000,2164.21,2181.42,2156.00,2176.90,264823.135
1775746800000,2176.90,2224.99,2168.20,2217.00,646022.671
1775750400000,2216.99,2230.00,2192.00,2207.25,401369.368
1775754000000,2207.24,2224.88,2205.13,2221.96,302832.225
1775757600000,2221.97,2222.71,2199.50,2206.02,192285.901
1775761200000,2206.01,2224.00,2203.20,2215.36,187846.019
1775764800000,2215.36,2221.00,2209.21,2212.07,71492.562
1775768400000,2212.08,2226.25,2206.58,2209.63,108119.246
1775772000000,2209.64,2246.15,2196.26,2196.57,335714.842
1775775600000,2196.57,2200.29,2181.70,2188.92,202422.699
1775779200000,2188.92,2196.38,2180.34,2193.96,129828.811
1775782800000,2193.96,2203.19,2173.81,2193.49,214222.249
1775786400000,2193.49,2197.78,2185.64,2187.94,71478.327
1775790000000,2187.94,2191.39,2181.42,2185.16,66724.914
1775793600000,2185.16,2198.32,2184.79,2194.62,72171.175
1775797200000,2194.62,2202.67,2191.44,2196.05,83946.255
1775800800000,2196.04,2197.67,2182.91,2185.26,95348.443
1775804400000,2185.25,2187.50,2175.25,2178.63,126805.079
1775808000000,2178.62,2189.40,2176.04,2184.68,119289.301
1775811600000,2184.68,2197.00,2184.68,2195.19,120859.565
1775815200000,2195.19,2197.26,2189.30,2196.00,74357.620
1775818800000,2195.99,2223.00,2195.83,2214.72,297585.860
1775822400000,2214.71,2227.85,2206.77,2217.86,316106.687
1775826000000,2217.86,2224.23,2207.20,2221.65,178308.846
1775829600000,2221.64,2252.99,2218.69,2241.17,537846.025
1775833200000,2241.17,2257.55,2219.10,2223.23,363012.847
1775836800000,2223.23,2246.00,2220.03,2244.00,224797.552
1775840400000,2243.99,2248.00,2237.65,2247.18,114317.897
1775844000000,2247.17,2250.62,2237.51,2248.01,90930.905
1775847600000,2248.00,2254.67,2242.00,2251.80,97396.971
1775851200000,2251.80,2255.89,2241.48,2254.04,129834.964
1775854800000,2254.03,2254.55,2240.31,2253.72,84589.717
1775858400000,2253.72,2254.14,2233.74,2241.20,109250.856
1775862000000,2241.21,2244.42,2238.08,2243.90,45295.612
1775865600000,2243.91,2243.91,2234.44,2237.61,53527.764
1775869200000,2237.61,2245.44,2233.33,2243.24,55776.912
1775872800000,2243.24,2251.33,2240.70,2247.00,59749.277
1775876400000,2247.00,2249.47,2233.65,2235.94,94787.246
1775880000000,2235.94,2241.68,2233.92,2239.72,62615.963
1775883600000,2239.73,2240.62,2227.03,2231.43,109417.992
1775887200000,2231.43,2235.45,2228.26,2234.72,85167.183
1775890800000,2234.72,2235.48,2229.71,2231.68,42258.913
1775894400000,2231.68,2234.21,2230.79,2231.51,36793.780
1775898000000,2231.51,2248.28,2230.69,2242.50,163354.858
1775901600000,2242.50,2243.97,2236.19,2239.11,53567.168
1775905200000,2239.11,2246.00,2237.31,2245.00,52905.789
1775908800000,2245.00,2245.74,2239.65,2244.25,42448.718
1775912400000,2244.25,2244.31,2232.20,2238.58,95949.762
1775916000000,2238.58,2243.39,2236.99,2240.85,44847.654
1775919600000,2240.85,2255.85,2239.97,2248.39,111479.283
1775923200000,2248.39,2277.00,2245.22,2257.62,242509.776
1775926800000,2257.61,2264.33,2252.14,2258.50,102307.937
1775930400000,2258.50,2312.99,2255.72,2304.38,502631.385
1775934000000,2304.38,2329.99,2304.27,2315.24,332160.533
1775937600000,2315.25,2316.48,2287.00,2297.47,180937.478
1775941200000,2297.46,2304.00,2291.20,2298.45,82032.990
1775944800000,2298.45,2307.27,2287.77,2295.84,129317.865
1775948400000,2295.84,2295.84,2275.20,2283.85,138611.880
1775952000000,2283.86,2288.12,2276.06,2284.56,114651.922
1775955600000,2284.56,2287.50,2208.00,2217.93,675305.320
1775959200000,2217.92,2232.90,2205.52,2222.26,292046.409
1775962800000,2222.26,2226.01,2211.30,2212.71,135610.522
1775966400000,2212.71,2215.39,2208.49,2211.04,94511.699
1775970000000,2211.04,2218.81,2207.00,2216.00,106623.504
1775973600000,2216.00,2219.88,2213.60,2214.92,57486.031
1775977200000,2214.92,2219.44,2211.35,2217.01,56148.014
1775980800000,2217.01,2217.98,2210.42,2212.93,46772.065
1775984400000,2212.94,2215.00,2210.10,2213.00,41855.257
1775988000000,2213.01,2216.54,2192.42,2200.47,218147.709
1775991600000,2200.47,2206.36,2196.01,2203.11,96243.432
1775995200000,2203.11,2207.35,2185.26,2193.39,193560.435
1775998800000,2193.40,2198.15,2183.01,2185.88,246346.550
1776002400000,2185.88,2192.80,2177.00,2179.79,204006.157
1776006000000,2179.80,2188.34,2173.00,2185.27,140378.322
1776009600000,2185.27,2189.56,2181.66,2186.16,88431.153
1776013200000,2186.16,2204.00,2186.16,2201.99,165194.301
1776016800000,2202.00,2206.00,2198.18,2199.24,87195.131
1776020400000,2199.24,2204.12,2196.01,2197.24,42302.317
1776024000000,2197.23,2217.70,2192.08,2212.26,162490.681
1776027600000,2212.25,2216.71,2204.00,2210.07,70729.268
1776031200000,2210.06,2210.36,2182.65,2198.36,292439.748
1776034800000,2198.35,2198.36,2184.95,2190.62,76667.367
1776038400000,2190.61,2207.46,2186.12,2204.09,112764.594
1776042000000,2204.09,2207.90,2199.04,2202.42,69441.368
1776045600000,2202.43,2204.75,2191.38,2193.19,85338.522
1776049200000,2193.19,2195.14,2189.26,2193.27,47673.902
1776052800000,2193.27,2198.31,2186.27,2189.21,73256.276
1776056400000,2189.21,2190.92,2181.02,2190.36,98544.505
1776060000000,2190.36,2201.47,2189.70,2197.54,119709.792
1776063600000,2197.54,2199.00,2181.90,2185.50,126222.849
1776067200000,2185.50,2188.64,2178.64,2184.34,123961.539
1776070800000,2184.33,2194.62,2184.33,2187.08,80700.034
1776074400000,2187.07,2188.00,2178.18,2182.74,89694.766
1776078000000,2182.75,2190.12,2181.49,2186.30,76520.453
1776081600000,2186.29,2198.00,2174.48,2191.48,244120.536
1776085200000,2191.48,2214.78,2180.00,2214.00,441587.217
1776088800000,2214.00,2234.88,2201.66,2232.89,455657.899
1776092400000,2232.88,2235.41,2198.05,2208.08,337421.854
1776096000000,2208.08,2233.99,2198.57,2224.75,344180.929
1776099600000,2224.74,2243.00,2221.22,2224.11,203247.597
1776103200000,2224.12,2233.00,2217.42,2231.25,155040.783
1776106800000,2231.26,2268.70,2226.84,2261.20,470360.517
1776110400000,2261.20,2262.53,2246.39,2251.49,224505.933
1776114000000,2251.49,2268.00,2248.76,2259.00,122911.496
1776117600000,2259.01,2363.00,2258.78,2351.96,959949.152
1776121200000,2351.97,2395.85,2340.50,2368.80,737787.353
1776124800000,2368.80,2374.76,2359.38,2360.38,214324.982
1776128400000,2360.37,2372.65,2353.87,2367.82,169187.234
1776132000000,2367.82,2378.00,2365.56,2366.51,118596.755
1776135600000,2366.51,2369.94,2361.00,2364.68,73588.458
1776139200000,2364.69,2367.51,2361.07,2363.48,62928.287
1776142800000,2363.49,2368.72,2353.87,2354.96,91270.152
1776146400000,2354.97,2376.09,2354.96,2372.14,130884.574
1776150000000,2372.15,2389.00,2369.33,2376.85,241594.820
1776153600000,2376.85,2395.30,2372.92,2386.80,267632.173
1776157200000,2386.80,2393.80,2381.26,2386.39,162320.675
1776160800000,2386.40,2386.97,2372.16,2374.03,122341.190
1776164400000,2374.02,2377.00,2366.62,2373.12,137044.762
1776168000000,2373.13,2377.00,2367.76,2372.85,128201.001
1776171600000,2372.85,2394.99,2371.34,2390.33,413146.273
1776175200000,2390.32,2416.40,2352.00,2352.08,824821.553
1776178800000,2352.08,2370.89,2331.46,2363.24,779469.560
1776182400000,2363.25,2370.29,2328.88,2332.77,337611.302
1776186000000,2332.78,2344.80,2322.61,2337.54,238371.814
1776189600000,2337.53,2343.42,2307.55,2312.79,286003.816
1776193200000,2312.78,2321.98,2301.60,2312.54,196716.921
1776196800000,2312.56,2322.95,2307.42,2313.93,104017.119
1776200400000,2313.93,2325.27,2313.56,2322.51,93601.526
1776204000000,2322.51,2331.66,2310.20,2314.08,151067.656
1776207600000,2314.07,2325.60,2313.08,2321.17,86875.088
1776211200000,2321.16,2342.07,2320.60,2332.51,161145.563
1776214800000,2332.51,2341.53,2330.08,2334.68,89930.034
1776218400000,2334.67,2337.16,2316.43,2323.71,108731.598
1776222000000,2323.71,2328.59,2319.23,2327.60,54693.211
1776225600000,2327.59,2333.33,2326.48,2332.09,66238.201
1776229200000,2332.10,2337.19,2312.79,2318.29,155799.549
1776232800000,2318.30,2320.00,2314.18,2316.32,65793.030
1776236400000,2316.32,2322.95,2306.80,2315.53,148334.103
1776240000000,2315.52,2332.76,2312.78,2326.50,132032.271
1776243600000,2326.49,2328.72,2317.37,2319.01,61708.464
1776247200000,2319.00,2327.78,2310.93,2315.72,127129.261
1776250800000,2315.72,2340.00,2315.41,2336.20,180479.004
1776254400000,2336.21,2339.02,2328.23,2331.64,115779.940
1776258000000,2331.65,2334.05,2316.17,2325.73,195397.174
1776261600000,2325.72,2343.74,2320.74,2337.24,259481.704
1776265200000,2337.24,2348.88,2319.23,2330.60,308292.639
1776268800000,2330.60,2348.99,2327.40,2340.42,200663.626
1776272400000,2340.42,2358.84,2337.83,2347.57,206170.429
1776276000000,2347.57,2358.68,2344.87,2357.12,110711.174
1776279600000,2357.12,2384.67,2356.00,2373.70,338699.955
1776283200000,2373.69,2374.87,2352.52,2361.61,148433.532
1776286800000,2361.62,2362.62,2347.18,2360.09,90194.909
1776290400000,2360.09,2379.90,2358.85,2362.59,187774.389
1776294000000,2362.58,2362.59,2348.28,2358.87,142090.611
1776297600000,2358.86,2362.88,2348.21,2359.21,72567.912
1776301200000,2359.21,2359.22,2343.27,2350.86,86893.401
1776304800000,2350.86,2368.45,2348.53,2355.49,122109.018
1776308400000,2355.49,2364.75,2354.66,2356.52,63601.346
1776312000000,2356.51,2362.91,2346.59,2352.72,93453.625
1776315600000,2352.72,2360.60,2348.70,2355.72,74290.953
1776319200000,2355.72,2359.47,2348.26,2354.57,60535.494
1776322800000,2354.56,2356.00,2334.00,2340.40,160794.130
1776326400000,2340.39,2344.86,2333.29,2337.84,169020.172
1776330000000,2337.84,2347.06,2336.16,2337.02,101391.939
1776333600000,2337.02,2339.06,2327.11,2331.07,180528.342
1776337200000,2331.07,2335.06,2328.50,2334.42,77887.349
1776340800000,2334.43,2347.40,2333.48,2339.28,169067.321
1776344400000,2339.27,2352.00,2288.00,2307.14,603546.910
1776348000000,2307.14,2314.90,2282.70,2308.49,620218.045
1776351600000,2308.48,2348.73,2307.00,2337.60,426220.070
1776355200000,2337.59,2347.68,2307.94,2315.33,370900.266
1776358800000,2315.34,2328.36,2309.00,2324.52,200422.135
1776362400000,2324.52,2345.81,2319.00,2342.14,186476.383
1776366000000,2342.15,2361.00,2333.63,2358.39,248939.266
1776369600000,2358.39,2363.67,2340.12,2348.75,151786.930
1776373200000,2348.76,2355.29,2333.45,2340.00,98871.472
1776376800000,2340.00,2349.55,2337.86,2341.44,108661.891
1776380400000,2341.44,2354.03,2340.79,2346.92,79250.967
1776384000000,2346.93,2349.85,2340.00,2343.30,60765.627
1776387600000,2343.29,2348.00,2325.30,2334.00,159136.983
1776391200000,2334.00,2337.73,2323.24,2330.94,74817.261
1776394800000,2330.94,2330.94,2322.35,2324.46,67144.350
1776398400000,2324.45,2333.12,2322.76,2327.81,52399.216
1776402000000,2327.80,2328.12,2314.08,2318.27,91368.414
1776405600000,2318.26,2331.27,2316.52,2329.96,74257.499
1776409200000,2329.96,2340.88,2328.84,2333.24,124492.009
1776412800000,2333.23,2358.46,2331.91,2353.80,244807.592
1776416400000,2353.80,2376.96,2346.45,2357.75,333575.643
1776420000000,2357.75,2359.80,2334.74,2342.53,209868.677
1776423600000,2342.53,2355.69,2341.76,2353.63,105599.000
1776427200000,2353.64,2381.52,2348.00,2370.72,334056.588
1776430800000,2370.73,2439.99,2365.34,2435.86,1377940.960
1776434400000,2435.85,2456.32,2424.45,2445.82,660778.024
1776438000000,2445.82,2448.73,2431.08,2440.71,301563.006
1776441600000,2440.71,2463.86,2440.00,2450.00,316198.361
1776445200000,2449.99,2451.15,2418.77,2439.02,327288.526
1776448800000,2439.02,2441.32,2414.12,2419.01,225653.505
1776452400000,2419.01,2432.28,2416.24,2426.48,120304.253
1776456000000,2426.48,2434.00,2415.42,2425.31,103251.817
1776459600000,2425.30,2432.37,2417.61,2428.26,70761.586
1776463200000,2428.25,2441.65,2421.59,2431.97,126080.648
1776466800000,2431.98,2432.24,2414.14,2417.66,115516.682
1776470400000,2417.65,2422.49,2408.01,2419.81,96228.759
1776474000000,2419.82,2426.62,2415.48,2420.01,53163.656
1776477600000,2420.01,2423.73,2415.80,2418.29,39259.484
1776481200000,2418.29,2419.18,2397.00,2404.00,159679.159
1776484800000,2404.00,2409.29,2398.00,2406.27,120941.439
1776488400000,2406.27,2412.38,2404.50,2407.60,49734.331
1776492000000,2407.61,2410.74,2403.79,2408.35,37209.869
1776495600000,2408.36,2409.78,2400.41,2402.38,50341.212
1776499200000,2402.38,2403.84,2365.00,2379.29,528853.754
1776502800000,2379.29,2379.30,2367.16,2374.58,153527.915
1776506400000,2374.59,2374.66,2352.60,2357.97,278199.687
1776510000000,2357.97,2359.18,2341.52,2351.45,236469.782
1776513600000,2351.46,2362.80,2350.10,2356.49,142604.050
1776517200000,2356.49,2358.82,2343.56,2353.94,129500.542
1776520800000,2353.94,2364.98,2347.55,2363.38,124786.692
1776524400000,2363.38,2368.97,2356.80,2361.99,90461.298
1776528000000,2361.98,2374.15,2352.81,2359.17,171011.615
1776531600000,2359.17,2363.40,2351.27,2360.00,73231.040
1776535200000,2359.99,2362.32,2337.00,2346.01,230049.315
1776538800000,2346.01,2354.49,2345.10,2347.04,66577.736
1776542400000,2347.04,2353.45,2343.42,2351.00,52786.114
1776546000000,2350.99,2353.96,2345.84,2353.85,44681.987
1776549600000,2353.84,2358.00,2347.23,2355.00,49307.480
1776553200000,2354.99,2358.57,2348.01,2348.99,35830.133
1776556800000,2348.99,2353.99,2343.00,2347.58,61429.074
1776560400000,2347.59,2351.71,2340.18,2346.29,58376.665
1776564000000,2346.29,2347.92,2332.04,2336.91,116909.611
1776567600000,2336.92,2342.91,2330.15,2338.60,71520.940
1776571200000,2338.61,2344.88,2319.50,2331.99,182715.022
1776574800000,2331.99,2337.36,2327.42,2331.24,62118.388
1776578400000,2331.23,2331.84,2320.00,2326.09,131545.778
1776582000000,2326.08,2326.09,2291.29,2314.27,385669.888
1776585600000,2314.27,2319.50,2309.32,2317.09,88623.642
1776589200000,2317.09,2317.81,2304.23,2308.72,84663.080
1776592800000,2308.72,2318.93,2305.07,2316.38,75927.697
1776596400000,2316.38,2329.99,2315.76,2327.66,143994.314
1776600000000,2327.66,2335.71,2322.44,2329.40,162722.797
1776603600000,2329.39,2348.92,2328.57,2336.84,232818.370
1776607200000,2336.83,2341.66,2325.27,2336.44,141901.706
1776610800000,2336.44,2340.25,2313.39,2329.47,156097.276
1776614400000,2329.46,2330.05,2302.00,2310.36,206141.865
1776618000000,2310.36,2316.27,2292.00,2295.00,287677.313
1776621600000,2294.99,2300.48,2286.30,2294.80,181795.915
1776625200000,2294.80,2304.00,2292.88,2298.63,83554.891
1776628800000,2298.63,2299.04,2271.52,2279.38,200044.159
1776632400000,2279.38,2289.13,2273.30,2274.60,97354.023
1776636000000,2274.58,2274.88,2250.91,2268.76,387875.106
1776639600000,2268.75,2269.72,2255.00,2262.20,132994.379
1776643200000,2262.21,2281.99,2258.30,2278.49,172610.162
1776646800000,2278.49,2292.91,2276.64,2284.73,139416.992
1776650400000,2284.72,2286.79,2270.40,2276.31,120491.209
1776654000000,2276.30,2287.66,2274.65,2285.07,74298.950
1776657600000,2285.08,2285.08,2277.63,2282.19,58835.887
1776661200000,2282.19,2282.19,2262.06,2269.01,127503.388
1776664800000,2269.01,2288.36,2267.60,2284.96,120148.438
1776668400000,2284.96,2331.88,2281.55,2296.82,548302.816
1776672000000,2296.83,2307.00,2288.13,2292.69,159308.912
1776675600000,2292.68,2312.88,2291.99,2307.78,152057.240
1776679200000,2307.78,2319.19,2301.66,2302.12,123716.295
1776682800000,2302.12,2311.27,2298.22,2306.94,104630.857
1776686400000,2306.95,2322.60,2303.00,2317.63,161915.879
1776690000000,2317.63,2326.00,2300.00,2309.46,285987.178
1776693600000,2309.46,2321.00,2281.28,2289.55,415481.453
1776697200000,2289.56,2318.34,2276.71,2312.71,363041.127
1776700800000,2312.72,2313.59,2297.12,2298.99,125231.601
1776704400000,2298.99,2321.69,2296.51,2316.04,168991.687
1776708000000,2316.04,2343.27,2316.04,2332.89,416589.427
1776711600000,2332.90,2334.84,2325.42,2330.39,117314.177
1776715200000,2330.39,2338.93,2323.58,2336.29,149886.338
1776718800000,2336.29,2346.84,2312.07,2320.09,196116.928
1776722400000,2320.10,2327.44,2315.04,2318.15,63617.056
1776726000000,2318.14,2318.15,2306.01,2312.59,79649.210
1776729600000,2312.59,2323.48,2310.23,2320.67,78045.598
1776733200000,2320.66,2325.42,2311.11,2313.78,72079.488
1776736800000,2313.78,2314.38,2304.47,2307.06,84165.303
1776740400000,2307.05,2311.66,2297.51,2310.14,101094.798
1776744000000,2310.13,2315.00,2302.90,2313.08,77962.667
1776747600000,2313.09,2319.70,2311.38,2312.90,64644.727
1776751200000,2312.89,2327.11,2306.41,2316.12,99754.315
1776754800000,2316.12,2323.47,2310.17,2316.96,92043.709
1776758400000,2316.95,2337.99,2312.61,2322.09,174563.893
1776762000000,2322.09,2326.53,2317.00,2324.32,90114.819
1776765600000,2324.33,2336.00,2323.66,2329.69,114033.026
1776769200000,2329.68,2330.15,2314.07,2318.91,174315.043
1776772800000,2318.91,2323.57,2292.54,2307.01,315607.947
1776776400000,2307.01,2316.18,2299.20,2311.65,177940.511
1776780000000,2311.65,2326.54,2293.31,2297.93,291659.139
1776783600000,2297.92,2310.00,2288.79,2309.31,248110.686
1776787200000,2309.30,2323.83,2305.02,2306.15,206039.179
1776790800000,2306.15,2318.54,2280.82,2305.13,363372.063
1776794400000,2305.13,2312.45,2299.15,2311.47,111955.663
1776798000000,2311.47,2330.00,2285.58,2297.04,415212.564
1776801600000,2297.04,2324.99,2293.50,2313.31,336128.837
1776805200000,2313.30,2317.10,2308.47,2311.25,45466.217
1776808800000,2311.25,2315.88,2299.53,2310.06,87264.685
1776812400000,2310.06,2328.69,2309.61,2326.13,97415.583
1776816000000,2326.12,2329.55,2321.27,2324.23,83052.903
1776819600000,2324.23,2327.67,2311.41,2321.42,108729.954
1776823200000,2321.42,2375.22,2318.93,2369.68,575961.768
1776826800000,2369.68,2379.19,2357.24,2362.69,267201.690
1776830400000,2362.69,2368.60,2357.26,2362.79,89099.031
1776834000000,2362.80,2414.35,2360.73,2395.84,820209.730
1776837600000,2395.84,2396.38,2388.56,2392.40,150577.121
1776841200000,2392.40,2396.75,2382.14,2389.24,152919.747
1776844800000,2389.25,2392.97,2382.15,2387.23,105617.197
1776848400000,2387.22,2393.28,2383.51,2386.64,78897.633
1776852000000,2386.64,2392.84,2384.01,2389.18,49463.132
1776855600000,2389.18,2399.84,2385.50,2397.59,115653.190
1776859200000,2397.59,2406.27,2395.01,2403.85,187643.324
1776862800000,2403.85,2423.00,2400.02,2416.31,360331.004
1776866400000,2416.32,2422.55,2390.69,2402.03,362159.344
1776870000000,2402.03,2412.88,2388.76,2402.69,306803.133
1776873600000,2402.69,2412.82,2383.29,2385.36,220111.273
1776877200000,2385.37,2401.82,2385.36,2398.33,146793.558
1776880800000,2398.32,2403.76,2393.86,2396.10,107223.848
1776884400000,2396.10,2406.57,2388.00,2396.75,161118.423
1776888000000,2396.76,2401.49,2389.80,2390.97,95702.044
1776891600000,2390.97,2405.20,2390.69,2401.71,50823.741
1776895200000,2401.72,2404.60,2393.09,2398.95,55444.010
1776898800000,2398.96,2399.63,2372.60,2373.04,207936.870
1776902400000,2373.05,2381.85,2340.26,2371.89,412972.697
1776906000000,2371.90,2372.00,2359.48,2365.94,103520.854
1776909600000,2365.95,2366.23,2342.08,2350.78,242091.610
1776913200000,2350.78,2352.40,2330.00,2339.62,260236.659
1776916800000,2339.62,2347.50,2336.00,2346.38,106582.430
1776920400000,2346.38,2351.27,2338.96,2347.52,132762.737
1776924000000,2347.52,2357.72,2347.52,2353.24,125930.384
1776927600000,2353.24,2355.69,2338.91,2342.81,152332.023
1776931200000,2342.81,2343.72,2333.33,2338.55,189658.197
1776934800000,2338.55,2338.55,2310.00,2314.77,458078.463
1776938400000,2314.77,2317.91,2303.90,2312.89,247929.404
1776942000000,2312.89,2331.39,2312.89,2327.93,204651.132
1776945600000,2327.92,2334.27,2318.77,2327.88,217542.547
1776949200000,2327.87,2331.56,2314.08,2318.51,158321.232
1776952800000,2318.50,2333.83,2315.00,2332.87,171718.276
1776956400000,2332.87,2343.36,2322.28,2332.17,229958.202
1776960000000,2332.17,2334.88,2322.03,2325.07,100615.144
1776963600000,2325.06,2328.24,2283.31,2308.87,547414.435
1776967200000,2308.87,2318.00,2302.95,2303.92,215939.433
1776970800000,2303.93,2317.82,2299.00,2311.78,136422.300
1776974400000,2311.77,2328.70,2311.42,2324.07,122815.412
1776978000000,2324.08,2328.00,2319.45,2320.12,68296.620
1776981600000,2320.12,2337.76,2320.08,2330.53,109046.351
1776985200000,2330.53,2332.21,2322.24,2328.94,62451.074
1776988800000,2328.94,2336.46,2325.50,2331.34,67904.885
1776992400000,2331.35,2333.29,2317.28,2331.76,112935.117
1776996000000,2331.76,2334.36,2312.95,2318.48,117097.321
1776999600000,2318.47,2321.81,2298.54,2307.14,173595.989
1777003200000,2307.15,2310.33,2298.44,2304.89,92868.869
1777006800000,2304.90,2316.19,2298.51,2313.80,98374.901
1777010400000,2313.80,2316.13,2306.99,2307.91,71145.360
1777014000000,2307.90,2315.32,2307.18,2310.49,93346.510
1777017600000,2310.49,2321.94,2305.92,2313.81,121891.939
1777021200000,2313.82,2314.54,2301.66,2308.69,101203.755
1777024800000,2308.69,2318.07,2304.47,2314.55,74781.148
1777028400000,2314.54,2331.00,2314.54,2326.70,270818.116
1777032000000,2326.71,2330.36,2316.59,2323.82,168518.450
1777035600000,2323.83,2330.03,2309.10,2315.70,209490.591
1777039200000,2315.70,2317.17,2302.21,2312.17,254681.612
1777042800000,2312.17,2328.79,2300.00,2322.72,241130.239
1777046400000,2322.73,2323.39,2308.33,2315.47,124779.080
1777050000000,2315.48,2321.11,2307.27,2318.53,98261.139
1777053600000,2318.53,2320.33,2308.00,2318.73,74208.375
1777057200000,2318.73,2324.00,2317.85,2320.37,53236.544
1777060800000,2320.36,2327.11,2313.47,2325.27,77242.083
1777064400000,2325.27,2326.62,2309.00,2313.69,129318.722
1777068000000,2313.69,2314.86,2305.20,2310.73,52289.910
1777071600000,2310.74,2315.37,2310.74,2313.88,24466.276
1777075200000,2313.87,2314.94,2310.00,2314.86,26114.136
1777078800000,2314.87,2320.00,2314.29,2316.78,35811.288
1777082400000,2316.79,2318.23,2313.07,2316.42,29568.014
1777086000000,2316.42,2319.46,2314.32,2317.51,19313.903
1777089600000,2317.52,2318.17,2315.00,2315.52,17894.414
1777093200000,2315.52,2315.53,2312.05,2314.93,23869.936
1777096800000,2314.93,2316.50,2313.52,2314.99,19742.006
1777100400000,2314.99,2317.99,2313.00,2315.14,25871.519
1777104000000,2315.13,2319.83,2314.71,2318.23,31765.739
1777107600000,2318.24,2322.22,2315.52,2317.80,57137.566
1777111200000,2317.80,2321.50,2317.12,2319.22,35584.025
1777114800000,2319.23,2319.23,2309.51,2312.47,69231.219
1777118400000,2312.47,2315.90,2310.10,2312.06,49494.102
1777122000000,2312.07,2316.77,2312.07,2315.01,24738.176
1777125600000,2315.01,2317.94,2313.78,2314.80,34368.458
1777129200000,2314.80,2317.33,2298.98,2306.65,128160.627
1777132800000,2306.64,2310.00,2298.98,2308.64,121107.598
1777136400000,2308.63,2312.85,2306.00,2307.86,74478.659
1777140000000,2307.85,2312.95,2307.20,2310.49,32633.053
1777143600000,2310.48,2311.26,2306.00,2308.88,29824.632
1777147200000,2308.89,2312.07,2307.80,2311.93,25721.981
1777150800000,2311.92,2316.48,2311.31,2314.60,35115.627
1777154400000,2314.60,2319.59,2313.89,2316.57,31709.677
1777158000000,2316.57,2318.55,2315.65,2318.21,25102.863
1777161600000,2318.21,2318.58,2310.00,2314.00,40770.893
1777165200000,2314.00,2316.86,2312.00,2312.69,29009.652
1777168800000,2312.70,2317.51,2312.19,2313.98,23980.952
1777172400000,2313.98,2315.37,2305.07,2308.64,58771.598
1777176000000,2308.64,2318.63,2307.38,2316.22,66498.586
1777179600000,2316.23,2336.63,2316.13,2326.78,259205.286
1777183200000,2326.78,2332.80,2325.85,2328.89,67025.687
1777186800000,2328.90,2331.25,2327.04,2330.23,34940.429
1777190400000,2330.23,2336.99,2329.25,2331.29,84689.060
1777194000000,2331.30,2334.38,2328.05,2333.35,44578.179
1777197600000,2333.34,2335.50,2330.35,2331.66,33149.651
1777201200000,2331.66,2336.56,2331.30,2334.78,48234.233
1777204800000,2334.78,2335.00,2321.97,2327.88,84096.892
1777208400000,2327.87,2334.94,2326.71,2333.90,67345.550
1777212000000,2333.89,2351.60,2332.08,2345.02,262328.413
1777215600000,2345.01,2347.88,2342.67,2347.00,65853.088
1777219200000,2347.00,2348.50,2341.59,2341.60,80715.694
1777222800000,2341.59,2348.70,2339.11,2348.14,48773.846
1777226400000,2348.15,2367.85,2346.00,2360.41,237632.272
1777230000000,2360.41,2376.51,2357.86,2366.18,158930.191
1777233600000,2366.19,2371.80,2360.69,2360.89,83444.086
1777237200000,2360.89,2369.93,2347.00,2363.11,169164.705
1777240800000,2363.11,2379.99,2351.81,2360.31,181489.856
1777244400000,2360.31,2377.67,2355.40,2368.32,153325.323
1777248000000,2368.32,2392.00,2356.12,2389.82,236512.125
1777251600000,2389.87,2403.99,2376.19,2393.56,285311.074
1777255200000,2393.56,2396.00,2386.01,2391.01,86025.820
1777258800000,2391.00,2399.87,2389.34,2393.68,94283.164
1777262400000,2393.68,2394.92,2379.46,2381.92,107191.044
1777266000000,2381.92,2382.73,2317.00,2321.55,835771.078
1777269600000,2321.54,2327.58,2310.09,2319.41,261132.931
1777273200000,2319.40,2322.58,2313.47,2314.50,110191.406
1777276800000,2314.50,2318.54,2307.42,2318.29,179870.753
1777280400000,2318.29,2324.29,2314.00,2320.61,103726.633
1777284000000,2320.60,2322.50,2317.17,2318.58,47993.613
1777287600000,2318.58,2321.52,2315.38,2318.77,43289.624
1777291200000,2318.76,2319.66,2311.16,2312.88,77486.743
1777294800000,2312.87,2319.67,2301.11,2311.01,218081.565
1777298400000,2311.01,2328.72,2307.31,2313.82,244700.827
1777302000000,2313.82,2314.12,2263.88,2273.52,787891.783
1777305600000,2273.52,2279.52,2268.48,2276.49,149193.299
1777309200000,2276.50,2291.00,2276.49,2285.20,163402.348
1777312800000,2285.19,2290.39,2282.76,2287.10,68199.200
1777316400000,2287.09,2289.80,2273.23,2287.76,111037.295
1777320000000,2287.77,2295.00,2287.55,2290.00,75099.545
1777323600000,2289.99,2291.04,2285.29,2285.90,36325.847
1777327200000,2285.89,2294.44,2283.05,2293.15,56280.398
1777330800000,2293.16,2307.26,2289.79,2302.28,97439.664
1777334400000,2302.28,2309.73,2297.88,2305.08,97852.953
1777338000000,2305.08,2307.22,2296.00,2297.35,73986.202
1777341600000,2297.34,2299.56,2278.52,2287.60,141742.923
1777345200000,2287.60,2289.75,2280.26,2289.47,67745.154
1777348800000,2289.47,2293.67,2281.68,2287.25,108626.377
1777352400000,2287.25,2295.77,2285.02,2286.64,97981.780
1777356000000,2286.65,2289.60,2266.54,2276.29,159570.752
1777359600000,2276.29,2287.38,2268.86,2286.49,117962.304
1777363200000,2286.50,2290.32,2282.04,2285.90,81803.774
1777366800000,2285.91,2287.51,2275.45,2281.40,89662.855
1777370400000,2281.40,2286.57,2279.55,2283.44,83680.813
1777374000000,2283.45,2284.46,2269.30,2274.39,137308.902
1777377600000,2274.39,2279.93,2270.50,2277.15,102577.936
1777381200000,2277.16,2284.97,2256.03,2275.34,356202.334
1777384800000,2275.34,2275.60,2259.11,2272.46,204594.564
1777388400000,2272.45,2279.77,2268.00,2278.52,123259.201
1777392000000,2278.53,2287.99,2273.00,2284.81,105034.460
1777395600000,2284.81,2292.24,2277.60,2289.30,123821.995
1777399200000,2289.30,2297.40,2286.40,2295.91,110931.483
1777402800000,2295.91,2304.93,2289.21,2300.87,130388.293
1777406400000,2300.86,2304.83,2294.04,2294.29,59131.229
1777410000000,2294.30,2296.62,2284.22,2289.22,67354.114
1777413600000,2289.22,2293.82,2284.28,2285.18,38325.179
1777417200000,2285.17,2289.21,2282.76,2288.37,36625.365
1777420800000,2288.36,2293.60,2284.50,2291.61,52164.374
1777424400000,2291.61,2296.86,2278.02,2291.60,119919.088
1777428000000,2291.61,2294.65,2283.13,2288.03,80045.983
1777431600000,2288.04,2315.72,2286.68,2310.55,248533.845
1777435200000,2310.54,2342.15,2308.04,2325.86,413398.863
1777438800000,2325.86,2331.36,2321.20,2327.84,138006.683
1777442400000,2327.84,2336.19,2318.61,2323.81,225551.315
1777446000000,2323.81,2329.74,2320.62,2322.82,83248.817
1777449600000,2322.83,2328.16,2319.67,2324.32,82414.461
1777453200000,2324.32,2346.48,2321.69,2338.80,215915.000
1777456800000,2338.81,2346.00,2327.53,2332.37,186191.813
1777460400000,2332.37,2335.00,2327.61,2330.57,95199.983
1777464000000,2330.56,2331.00,2306.06,2315.14,293540.187
1777467600000,2315.14,2317.48,2288.07,2301.91,336447.076
1777471200000,2301.91,2307.04,2292.88,2298.23,160180.315
1777474800000,2298.24,2300.08,2261.88,2271.57,475752.848
1777478400000,2271.57,2278.19,2260.66,2266.21,241055.115
1777482000000,2266.22,2282.61,2265.01,2282.00,146449.179
1777485600000,2281.97,2284.86,2218.83,2237.85,996933.455
1777489200000,2237.86,2241.49,2223.88,2232.35,205590.374
1777492800000,2232.34,2247.74,2229.06,2239.39,199339.880
1777496400000,2239.39,2263.75,2237.34,2251.58,160450.451
1777500000000,2251.57,2257.88,2248.33,2256.38,79162.954
1777503600000,2256.38,2259.33,2248.75,2251.52,74049.825
1777507200000,2251.53,2274.14,2247.65,2271.01,179563.109
1777510800000,2271.00,2277.92,2265.45,2268.09,124776.514
1777514400000,2268.08,2272.27,2234.16,2244.17,237181.513
1777518000000,2244.17,2255.74,2242.70,2251.81,89673.550
1777521600000,2251.82,2252.99,2235.42,2237.89,128795.253
1777525200000,2237.88,2247.40,2230.10,2241.77,116133.568
1777528800000,2241.78,2251.51,2240.85,2246.81,81251.543
1777532400000,2246.81,2261.41,2241.30,2258.99,180728.319
1777536000000,2259.00,2261.00,2253.44,2255.26,95060.228
1777539600000,2255.26,2270.00,2254.54,2260.60,118664.878
1777543200000,2260.59,2264.55,2255.32,2260.52,71465.843
1777546800000,2260.53,2273.00,2250.87,2257.05,170124.853
1777550400000,2257.05,2269.83,2256.47,2264.12,107741.012
1777554000000,2264.11,2271.36,2253.33,2262.47,147597.259
1777557600000,2262.48,2269.69,2244.96,2260.83,229082.039
1777561200000,2260.83,2274.80,2256.21,2264.61,121432.481
1777564800000,2264.60,2266.09,2254.01,2255.80,59625.110
1777568400000,2255.81,2259.50,2250.05,2256.88,82845.179
1777572000000,2256.88,2264.70,2253.40,2258.57,61458.363
1777575600000,2258.58,2265.91,2256.80,2260.70,50829.400
1777579200000,2260.71,2266.35,2259.20,2262.83,33570.374
1777582800000,2262.83,2263.50,2252.45,2255.09,43573.036
1777586400000,2255.10,2260.32,2250.98,2253.10,32176.470
1777590000000,2253.09,2258.00,2252.61,2256.49,27132.284
1777593600000,2256.50,2264.97,2256.03,2258.84,53395.836
1777597200000,2258.84,2269.57,2258.55,2266.54,64623.659
1777600800000,2266.54,2268.91,2262.99,2265.70,47198.776
1777604400000,2265.69,2294.99,2264.79,2281.60,325167.503
1777608000000,2281.60,2284.69,2276.25,2278.75,87987.622
1777611600000,2278.75,2285.80,2277.04,2282.21,50883.213
1777615200000,2282.22,2285.86,2270.62,2276.14,109870.258
1777618800000,2276.14,2280.18,2272.00,2278.54,65697.135
1777622400000,2278.55,2287.49,2276.16,2285.69,99353.706
1777626000000,2285.69,2285.91,2278.60,2280.75,57322.434
1777629600000,2280.76,2284.98,2275.68,2281.31,54040.027
1777633200000,2281.31,2292.33,2280.50,2285.32,78666.108
1777636800000,2285.32,2311.50,2282.68,2300.05,450630.067
1777640400000,2300.06,2323.25,2300.05,2317.06,363493.654
1777644000000,2317.05,2324.64,2300.10,2306.80,276377.663
1777647600000,2306.80,2315.94,2297.00,2306.86,178466.574
1777651200000,2306.86,2313.33,2297.04,2300.82,163102.502
1777654800000,2300.81,2312.78,2297.58,2310.69,98383.902
1777658400000,2310.70,2311.49,2302.41,2303.48,62356.705
1777662000000,2303.47,2306.79,2301.11,2303.88,40874.827
1777665600000,2303.89,2305.10,2278.00,2283.87,206711.796
1777669200000,2283.87,2293.20,2282.40,2291.43,97238.020
1777672800000,2291.42,2298.27,2289.41,2292.17,49785.833
1777676400000,2292.16,2295.38,2287.79,2294.34,36543.572
1777680000000,2294.34,2298.42,2291.41,2296.40,45702.884
1777683600000,2296.40,2299.41,2294.35,2297.52,41372.968
1777687200000,2297.51,2308.09,2294.04,2302.20,67397.581
1777690800000,2302.20,2307.00,2299.59,2303.06,45690.817
1777694400000,2303.06,2303.91,2298.30,2300.06,39671.952
1777698000000,2300.07,2300.57,2295.13,2298.18,37170.474
1777701600000,2298.19,2305.35,2295.96,2304.24,43679.796
1777705200000,2304.25,2305.12,2299.66,2299.77,31014.006
1777708800000,2299.78,2303.40,2297.51,2302.19,26272.829
1777712400000,2302.19,2306.90,2302.17,2304.13,27811.747
1777716000000,2304.13,2305.00,2301.00,2302.36,25972.019
1777719600000,2302.35,2304.08,2299.04,2301.00,32488.697
1777723200000,2300.99,2304.54,2299.84,2302.38,23059.825
1777726800000,2302.39,2311.09,2302.39,2307.14,77125.341
1777730400000,2307.13,2307.82,2304.00,2305.28,30111.318
1777734000000,2305.28,2308.84,2304.12,2307.86,24212.536
1777737600000,2307.86,2312.94,2306.61,2308.18,51711.439
1777741200000,2308.17,2309.61,2304.16,2304.74,30937.778
1777744800000,2304.74,2310.73,2302.32,2308.88,43477.727
1777748400000,2308.87,2311.64,2307.75,2310.15,20976.337
1777752000000,2310.15,2310.72,2308.41,2310.33,17688.586
1777755600000,2310.32,2342.00,2309.53,2324.56,240905.268
1777759200000,2324.57,2327.43,2316.49,2325.98,83468.712
1777762800000,2325.99,2325.99,2313.12,2315.90,70776.401
1777766400000,2315.91,2316.62,2307.46,2313.01,91497.223
1777770000000,2313.01,2313.39,2301.87,2302.67,95706.212
1777773600000,2302.68,2305.66,2298.02,2302.22,85826.076
1777777200000,2302.23,2303.00,2298.42,2300.65,47392.771
1777780800000,2300.65,2303.42,2296.01,2300.43,51305.195
1777784400000,2300.43,2304.19,2300.20,2302.88,25222.407
1777788000000,2302.89,2305.80,2298.34,2303.40,38184.863
1777791600000,2303.40,2312.98,2303.27,2308.20,74390.280
1777795200000,2308.20,2311.53,2306.37,2307.13,26313.940
1777798800000,2307.13,2321.94,2306.25,2315.56,112242.902
1777802400000,2315.57,2315.78,2310.18,2310.53,39077.042
1777806000000,2310.53,2327.29,2309.25,2318.87,143320.649
1777809600000,2318.88,2332.17,2318.88,2324.58,119894.328
1777813200000,2324.57,2327.93,2319.34,2320.99,61463.853
1777816800000,2320.99,2328.90,2320.00,2327.27,52130.667
1777820400000,2327.26,2333.00,2323.67,2327.23,70857.136
1777824000000,2327.23,2334.27,2321.24,2327.26,69621.402
1777827600000,2327.26,2334.42,2322.72,2330.63,66451.477
1777831200000,2330.63,2332.70,2326.94,2329.79,32388.549
1777834800000,2329.79,2337.16,2327.15,2334.60,43003.923
1777838400000,2334.60,2344.25,2326.80,2328.39,123711.769
1777842000000,2328.39,2333.22,2313.11,2323.22,105309.483
1777845600000,2323.23,2356.75,2323.16,2342.88,351490.210
1777849200000,2342.89,2346.66,2318.14,2321.67,157159.307
1777852800000,2321.67,2321.67,2308.10,2318.01,177404.423
1777856400000,2318.02,2353.63,2311.55,2350.48,285706.588
1777860000000,2350.48,2387.00,2343.87,2373.81,611284.367
1777863600000,2373.81,2391.62,2370.66,2384.08,225147.367
1777867200000,2384.07,2398.88,2383.39,2389.23,252665.444
1777870800000,2389.22,2390.42,2374.21,2375.23,160612.055
1777874400000,2375.23,2377.63,2353.00,2367.31,246157.369
1777878000000,2367.32,2372.74,2361.42,2361.79,91513.442
1777881600000,2361.79,2364.20,2356.50,2359.05,118524.599
1777885200000,2359.05,2369.82,2357.00,2367.43,89544.928
1777888800000,2367.43,2368.99,2313.05,2337.17,932864.217
1777892400000,2337.16,2342.55,2331.20,2336.20,129105.086
1777896000000,2336.20,2342.80,2331.99,2334.15,87654.642
1777899600000,2334.16,2343.71,2324.20,2335.49,198099.647
1777903200000,2335.48,2382.00,2326.05,2370.10,523610.915
1777906800000,2370.11,2373.07,2334.42,2348.62,541063.058
1777910400000,2348.63,2364.10,2334.99,2354.02,321072.736
1777914000000,2354.01,2378.85,2352.66,2368.91,258286.095
1777917600000,2368.91,2374.15,2355.66,2360.26,222898.378
1777921200000,2360.26,2363.26,2352.49,2355.36,94392.884
1777924800000,2355.36,2358.52,2346.24,2348.73,59220.670
1777928400000,2348.74,2363.69,2348.57,2359.44,47724.497
1777932000000,2359.43,2364.97,2352.68,2353.34,60703.964
1777935600000,2353.33,2353.34,2343.61,2346.11,65477.433
1777939200000,2346.12,2358.00,2344.00,2357.64,65567.123
1777942800000,2357.64,2363.38,2353.75,2360.68,59185.844
1777946400000,2360.68,2376.62,2357.77,2366.59,170506.898
1777950000000,2366.59,2388.42,2363.34,2380.96,176481.763
1777953600000,2380.96,2384.50,2374.07,2379.75,105866.145
1777957200000,2379.75,2389.97,2375.93,2378.94,141260.774
1777960800000,2378.93,2380.21,2365.77,2377.77,133445.898
1777964400000,2377.77,2387.50,2374.75,2379.17,132244.726
1777968000000,2379.16,2383.25,2371.36,2375.50,88431.923
1777971600000,2375.51,2375.57,2365.14,2368.61,106395.367
1777975200000,2368.62,2378.34,2366.11,2377.17,107950.318
1777978800000,2377.16,2383.57,2371.35,2378.65,88471.274
1777982400000,2378.65,2389.44,2374.95,2387.13,138925.860
1777986000000,2387.13,2398.88,2381.64,2387.09,336019.678
1777989600000,2387.09,2391.48,2366.96,2377.28,424037.183
1777993200000,2377.28,2386.71,2374.00,2379.84,156413.901
1777996800000,2379.84,2381.98,2358.70,2364.49,268302.154
1778000400000,2364.48,2369.15,2358.16,2361.74,155366.752
1778004000000,2361.74,2373.59,2361.74,2370.88,111669.524
1778007600000,2370.88,2375.00,2368.00,2370.58,73345.080
1778011200000,2370.58,2386.36,2370.01,2381.37,182181.734
1778014800000,2381.38,2387.88,2367.50,2374.27,89581.342
1778018400000,2374.27,2381.18,2352.79,2366.19,241128.775
1778022000000,2366.20,2368.62,2353.04,2359.47,131442.121
1778025600000,2359.47,2366.99,2352.42,2362.99,112860.308
1778029200000,2362.99,2375.63,2361.14,2371.84,98294.885
1778032800000,2371.84,2372.29,2358.15,2368.15,83895.814
1778036400000,2368.15,2379.88,2366.31,2375.32,98538.226
1778040000000,2375.33,2378.11,2359.19,2364.56,114928.701
1778043600000,2364.56,2365.66,2352.50,2363.69,153358.172
1778047200000,2363.69,2370.26,2359.41,2369.31,72397.521
1778050800000,2369.31,2374.00,2367.31,2370.54,83593.805
1778054400000,2370.54,2395.99,2368.06,2393.55,269252.616
1778058000000,2393.54,2417.90,2383.28,2411.55,739244.750
1778061600000,2411.56,2413.01,2404.44,2408.55,308883.379
1778065200000,2408.56,2422.52,2405.22,2408.99,370521.272
1778068800000,2408.99,2412.55,2397.22,2404.01,238975.987
1778072400000,2404.01,2404.01,2363.56,2367.36,643100.191
1778076000000,2367.36,2371.84,2343.27,2358.19,654460.773
1778079600000,2358.19,2365.00,2353.00,2357.72,198435.434
1778083200000,2357.71,2368.58,2349.23,2356.70,231284.706
1778086800000,2356.71,2359.82,2346.05,2348.35,161698.955
1778090400000,2348.36,2351.59,2335.17,2343.84,250921.915
1778094000000,2343.83,2348.72,2341.00,2347.14,76737.403
1778097600000,2347.15,2356.00,2343.66,2349.67,123914.117
1778101200000,2349.67,2356.03,2344.30,2353.08,60651.473
1778104800000,2353.07,2353.94,2343.50,2346.00,65067.899
1778108400000,2346.01,2350.34,2337.00,2349.70,119767.790
1778112000000,2349.69,2351.29,2327.25,2327.89,213677.641
1778115600000,2327.88,2333.50,2311.48,2325.48,295576.594
1778119200000,2325.49,2325.95,2311.86,2320.49,225779.879
1778122800000,2320.49,2324.54,2313.66,2320.86,89730.256
1778126400000,2320.86,2326.64,2316.00,2326.32,87462.252
1778130000000,2326.31,2332.81,2325.81,2330.19,85434.537
1778133600000,2330.20,2337.34,2318.22,2335.92,179983.592
1778137200000,2335.93,2345.83,2335.20,2343.33,173042.655
1778140800000,2343.32,2345.60,2330.51,2332.75,146396.893
1778144400000,2332.75,2336.29,2325.83,2327.86,123859.859
1778148000000,2327.87,2330.70,2316.11,2325.68,149995.685
1778151600000,2325.68,2330.85,2324.36,2329.02,73902.192
1778155200000,2329.01,2335.88,2328.00,2331.95,118152.500
1778158800000,2331.94,2331.95,2303.00,2313.27,355802.440
1778162400000,2313.27,2317.82,2287.00,2297.87,603127.265
1778166000000,2297.86,2303.80,2284.06,2293.46,258239.138
1778169600000,2293.47,2297.43,2284.31,2290.87,166723.905
1778173200000,2290.87,2300.33,2278.00,2298.56,205491.030
1778176800000,2298.56,2303.20,2289.00,2294.69,150407.816
1778180400000,2294.69,2295.92,2286.67,2294.93,123174.114
1778184000000,2294.94,2301.55,2286.60,2288.11,153939.681
1778187600000,2288.11,2293.55,2280.11,2286.67,102419.935
1778191200000,2286.67,2289.29,2278.74,2285.94,208753.390
1778194800000,2285.95,2292.34,2285.01,2289.91,41608.733
1778198400000,2289.92,2293.28,2282.28,2285.98,65952.384
1778202000000,2285.98,2288.28,2278.64,2284.00,78855.539
1778205600000,2284.00,2284.60,2266.01,2278.03,224714.482
1778209200000,2278.03,2280.64,2263.43,2277.71,187104.919
1778212800000,2277.71,2283.60,2275.03,2280.50,62068.004
1778216400000,2280.50,2282.99,2275.05,2275.06,51245.218
1778220000000,2275.05,2277.54,2267.21,2274.29,125370.976
1778223600000,2274.30,2281.20,2266.00,2279.88,126843.059
1778227200000,2279.88,2288.84,2278.45,2282.41,107183.410
1778230800000,2282.42,2291.18,2279.09,2283.13,149016.011
1778234400000,2283.14,2289.83,2279.81,2286.68,97574.711
1778238000000,2286.68,2297.14,2286.68,2293.85,130692.573
1778241600000,2293.85,2301.85,2281.23,2283.62,195750.768
1778245200000,2283.62,2286.05,2268.32,2275.27,230272.492
1778248800000,2275.26,2291.66,2272.00,2284.72,199371.020
1778252400000,2284.72,2293.69,2273.70,2292.39,174300.460
1778256000000,2292.40,2293.48,2285.17,2288.89,108661.114
1778259600000,2288.88,2314.76,2288.31,2303.80,311683.566
1778263200000,2303.80,2320.66,2303.79,2312.62,244583.430
1778266800000,2312.62,2319.59,2311.24,2315.20,107581.703
1778270400000,2315.21,2315.84,2304.45,2306.00,90997.886
1778274000000,2306.00,2314.00,2303.20,2313.49,62002.580
1778277600000,2313.48,2318.30,2309.66,2309.93,70927.983
1778281200000,2309.93,2310.13,2302.30,2306.17,58916.719
1778284800000,2306.17,2311.41,2303.38,2307.68,54769.553
1778288400000,2307.68,2317.28,2307.42,2313.27,58434.082
1778292000000,2313.28,2319.70,2312.81,2316.00,53226.352
1778295600000,2316.00,2319.72,2311.72,2314.24,72522.750
1778299200000,2314.24,2324.51,2310.24,2311.59,114313.499
1778302800000,2311.58,2317.55,2309.90,2313.70,40929.844
1778306400000,2313.69,2318.00,2311.53,2313.34,56257.252
1778310000000,2313.33,2317.52,2310.00,2313.51,51772.176
1778313600000,2313.50,2319.38,2313.20,2316.16,60052.178
1778317200000,2316.17,2316.53,2310.08,2312.21,54205.986
1778320800000,2312.20,2314.45,2309.14,2311.71,36445.908
1778324400000,2311.71,2315.00,2311.25,2313.68,30299.508
1778328000000,2313.69,2317.50,2312.39,2315.62,30263.669
1778331600000,2315.62,2315.71,2310.80,2313.53,33321.225
1778335200000,2313.52,2314.43,2303.67,2307.09,129929.982
1778338800000,2307.09,2316.94,2296.66,2316.52,251307.520
1778342400000,2316.52,2324.32,2314.06,2318.95,240079.294
1778346000000,2318.94,2332.95,2318.94,2328.74,253092.720
1778349600000,2328.73,2337.79,2327.63,2329.23,90808.712
1778353200000,2329.23,2332.95,2325.56,2331.13,54439.288
1778356800000,2331.14,2332.00,2326.29,2328.31,30160.266
1778360400000,2328.31,2331.06,2327.76,2329.93,27876.594
1778364000000,2329.93,2332.61,2326.26,2328.90,29143.631
1778367600000,2328.89,2331.00,2323.47,2325.22,37517.418
1778371200000,2325.23,2329.18,2319.36,2323.04,52114.690
1778374800000,2323.04,2324.37,2317.02,2322.79,52953.498
1778378400000,2322.78,2327.35,2319.12,2326.99,38068.966
1778382000000,2326.99,2333.95,2322.67,2326.79,56769.613
1778385600000,2326.79,2330.00,2325.10,2327.29,31830.386
1778389200000,2327.29,2329.43,2325.50,2326.23,22101.907
1778392800000,2326.22,2329.84,2325.80,2328.32,31555.463
1778396400000,2328.33,2331.12,2326.30,2326.31,22151.389
1778400000000,2326.30,2331.00,2325.29,2329.22,32679.143
1778403600000,2329.23,2333.10,2325.82,2327.20,49227.252
1778407200000,2327.20,2327.84,2322.14,2324.47,54118.053
1778410800000,2324.47,2326.74,2317.68,2321.50,73737.427
1778414400000,2321.51,2324.37,2319.70,2322.94,43532.615
1778418000000,2322.94,2331.07,2322.21,2328.79,76085.051
1778421600000,2328.79,2334.87,2325.79,2330.00,78537.318
1778425200000,2330.00,2352.00,2329.99,2346.78,260076.674
1778428800000,2346.79,2350.46,2338.90,2348.94,201592.291
1778432400000,2348.94,2367.66,2344.13,2363.42,427616.532
1778436000000,2363.42,2366.11,2355.69,2357.41,145063.744
1778439600000,2357.40,2366.13,2350.05,2364.58,110271.832
1778443200000,2364.59,2369.46,2310.01,2327.17,513541.215
1778446800000,2327.17,2335.36,2322.73,2329.63,199182.384
1778450400000,2329.63,2377.00,2326.57,2372.96,542972.987
1778454000000,2372.97,2381.88,2366.50,2370.21,231576.073
1778457600000,2370.21,2373.91,2343.37,2351.43,356993.529
1778461200000,2351.44,2364.84,2344.21,2357.69,130639.321
1778464800000,2357.70,2360.00,2341.30,2344.39,111544.364
1778468400000,2344.40,2344.41,2318.39,2329.23,328199.095
1778472000000,2329.24,2334.97,2325.34,2331.79,97388.471
1778475600000,2331.78,2339.40,2330.86,2334.01,64932.083
1778479200000,2334.00,2343.00,2328.89,2332.54,93756.787
1778482800000,2332.54,2332.55,2327.06,2329.53,54687.534
1778486400000,2329.53,2333.75,2325.47,2329.42,73732.461
1778490000000,2329.41,2337.74,2329.20,2335.01,49792.161
1778493600000,2335.00,2339.00,2328.48,2328.78,59521.921
1778497200000,2328.78,2334.91,2326.29,2334.72,46787.474
1778500800000,2334.72,2338.29,2327.37,2328.52,99279.443
1778504400000,2328.51,2331.94,2313.28,2321.01,254828.259
1778508000000,2321.01,2327.84,2302.51,2315.21,344759.692
1778511600000,2315.20,2334.78,2312.21,2332.39,207231.299
1778515200000,2332.40,2341.09,2326.00,2328.56,219492.129
1778518800000,2328.56,2343.31,2322.33,2335.48,127259.618
1778522400000,2335.48,2343.31,2333.20,2334.25,111263.263
1778526000000,2334.25,2343.00,2330.65,2339.38,60557.107
1778529600000,2339.39,2344.59,2334.88,2336.99,55698.610
1778533200000,2337.00,2341.55,2335.12,2339.65,41443.872
1778536800000,2339.65,2344.88,2335.33,2340.24,58531.951
1778540400000,2340.24,2341.21,2333.86,2338.61,38093.281
1778544000000,2338.62,2339.80,2330.75,2332.54,71027.648
1778547600000,2332.54,2334.58,2292.94,2310.15,393219.071
1778551200000,2310.15,2316.00,2305.69,2314.49,87329.683
1778554800000,2314.50,2316.17,2305.58,2308.26,66596.561
1778558400000,2308.26,2313.48,2304.36,2309.76,65665.151
1778562000000,2309.77,2312.93,2308.54,2309.01,37186.133
1778565600000,2309.00,2312.79,2301.02,2302.74,103461.741
1778569200000,2302.74,2303.86,2290.00,2294.01,197777.336
1778572800000,2294.01,2295.50,2278.41,2287.00,263246.558
1778576400000,2286.99,2294.59,2280.02,2291.70,170768.129
1778580000000,2291.70,2292.87,2280.00,2285.37,102051.850
1778583600000,2285.38,2286.43,2276.31,2285.91,116518.402
1778587200000,2285.91,2294.09,2280.01,2287.87,179733.223
1778590800000,2287.87,2291.38,2267.69,2271.09,266108.774
1778594400000,2271.09,2280.98,2261.00,2267.82,313345.871
1778598000000,2267.82,2273.57,2255.22,2260.90,261668.704
1778601600000,2260.91,2270.78,2255.15,2263.19,182921.877
1778605200000,2263.19,2276.97,2263.19,2275.70,122008.290
1778608800000,2275.69,2284.00,2273.58,2278.27,108062.686
1778612400000,2278.26,2286.64,2277.96,2284.11,84475.922
1778616000000,2284.12,2286.27,2279.80,2283.75,47933.938
1778619600000,2283.76,2286.45,2281.54,2284.28,32078.035
1778623200000,2284.28,2291.16,2281.00,2281.18,64920.521
1778626800000,2281.18,2283.00,2272.59,2273.62,82737.632
1778630400000,2273.61,2286.13,2271.60,2280.52,89471.809
1778634000000,2280.51,2294.44,2279.86,2288.81,134810.130
1778637600000,2288.80,2299.84,2286.00,2292.85,99444.627
1778641200000,2292.84,2302.80,2291.04,2300.48,83871.929
1778644800000,2300.47,2308.76,2297.30,2305.90,108990.965
1778648400000,2305.90,2306.66,2294.34,2296.60,93087.303
1778652000000,2296.60,2304.30,2296.37,2300.89,47504.429
1778655600000,2300.89,2301.99,2295.65,2300.12,44280.528
1778659200000,2300.12,2316.49,2299.52,2315.57,157493.689
1778662800000,2315.58,2322.68,2313.20,2320.19,182088.082
1778666400000,2320.20,2320.71,2304.15,2307.41,139774.181
1778670000000,2307.41,2307.96,2298.00,2300.74,130923.749
1778673600000,2300.74,2306.91,2268.85,2283.08,445202.800
1778677200000,2283.08,2287.54,2257.47,2261.13,443515.616
1778680800000,2261.14,2269.80,2248.00,2266.43,351836.442
1778684400000,2266.43,2269.30,2233.00,2235.38,364909.073
1778688000000,2235.39,2252.77,2233.86,2249.84,249854.822
1778691600000,2249.85,2261.06,2249.85,2257.24,121797.402
1778695200000,2257.24,2267.98,2257.24,2258.30,93262.572
1778698800000,2258.30,2259.77,2249.25,2255.60,64109.110
1778702400000,2255.61,2263.50,2255.49,2262.71,42902.207
1778706000000,2262.71,2263.00,2252.38,2254.90,43913.825
1778709600000,2254.90,2259.75,2249.63,2258.24,45952.828
1778713200000,2258.23,2260.79,2253.51,2257.54,49739.577
1778716800000,2257.53,2268.75,2256.77,2265.27,71367.399
1778720400000,2265.27,2268.40,2258.54,2264.01,56902.198
1778724000000,2264.00,2265.87,2246.19,2250.51,139904.067
1778727600000,2250.51,2254.18,2237.05,2241.03,197467.904
1778731200000,2241.03,2257.61,2238.17,2255.61,84960.693
1778734800000,2255.60,2272.92,2254.33,2267.23,163768.532
1778738400000,2267.23,2274.52,2265.48,2266.66,177594.784
1778742000000,2266.66,2269.99,2262.70,2264.23,68404.767
1778745600000,2264.23,2269.99,2260.57,2265.17,69387.910
1778749200000,2265.17,2266.78,2251.25,2256.65,136659.996
1778752800000,2256.66,2264.42,2254.41,2261.20,105659.047
1778756400000,2261.20,2263.27,2251.47,2252.81,93515.270
1778760000000,2252.80,2262.44,2246.84,2260.48,165659.638
1778763600000,2260.48,2264.39,2246.49,2248.01,229024.815
1778767200000,2248.01,2288.04,2245.01,2285.99,458404.915
1778770800000,2285.99,2298.95,2279.34,2297.36,420191.007
1778774400000,2297.37,2317.81,2292.52,2315.14,492504.822
1778778000000,2315.13,2318.60,2295.00,2307.28,362224.262
1778781600000,2307.27,2316.11,2301.78,2308.49,175114.985
1778785200000,2308.49,2311.38,2296.13,2297.42,143280.941
1778788800000,2297.43,2300.49,2287.01,2297.22,136158.981
1778792400000,2297.22,2299.22,2288.55,2295.97,67269.299
1778796000000,2295.97,2300.59,2294.00,2296.87,39345.748
1778799600000,2296.87,2296.87,2278.87,2282.06,127711.290
1778803200000,2282.06,2299.36,2280.41,2290.07,156579.735
1778806800000,2290.07,2293.72,2273.43,2274.64,158620.781
1778810400000,2274.65,2278.59,2259.56,2275.70,294570.770
1778814000000,2275.69,2278.68,2266.94,2272.36,87014.778
1778817600000,2272.36,2273.70,2261.42,2262.03,76272.659
1778821200000,2262.04,2266.05,2236.25,2243.97,429095.897
1778824800000,2243.97,2255.68,2242.35,2253.96,132389.725
1778828400000,2253.96,2270.64,2252.19,2263.90,200121.690
1778832000000,2263.90,2264.21,2248.42,2256.35,126040.056
1778835600000,2256.35,2259.00,2249.31,2253.49,74979.402
1778839200000,2253.48,2263.60,2250.95,2261.31,106019.520
1778842800000,2261.31,2262.90,2256.19,2256.32,57932.933
1778846400000,2256.33,2259.67,2249.91,2253.06,105978.861
1778850000000,2253.07,2253.07,2208.96,2212.67,759070.003
1778853600000,2212.67,2223.11,2203.55,2212.34,497025.738
1778857200000,2212.34,2223.23,2208.80,2221.91,164474.435
1778860800000,2221.92,2230.57,2217.55,2223.69,168060.496
1778864400000,2223.68,2232.00,2223.01,2228.41,91907.373
1778868000000,2228.40,2231.80,2223.42,2226.90,68950.011
1778871600000,2226.90,2227.66,2221.21,2222.31,59490.745
1778875200000,2222.30,2225.12,2215.71,2218.97,102470.021
1778878800000,2218.96,2224.14,2213.09,2216.09,47436.263
1778882400000,2216.09,2223.70,2215.89,2223.01,31432.653
1778886000000,2223.01,2225.31,2221.71,2223.66,26730.459
1778889600000,2223.65,2230.79,2222.76,2226.14,65440.385
1778893200000,2226.13,2229.99,2222.37,2228.63,54978.013
1778896800000,2228.63,2230.56,2225.87,2228.84,32599.458
1778900400000,2228.84,2229.63,2225.67,2226.63,28637.170
1778904000000,2226.63,2227.90,2216.54,2224.99,67324.300
1778907600000,2225.00,2226.20,2221.82,2224.43,29952.709
1778911200000,2224.42,2225.99,2208.00,2214.38,134063.986
1778914800000,2214.39,2214.79,2180.12,2193.52,551124.238
1778918400000,2193.51,2196.06,2190.69,2192.24,76830.080
1778922000000,2192.25,2192.89,2160.50,2172.50,429359.431
1778925600000,2172.50,2174.31,2161.20,2172.99,203139.608
1778929200000,2173.00,2180.46,2173.00,2175.33,95273.154
1778932800000,2175.33,2178.56,2172.53,2175.41,65146.061
1778936400000,2175.40,2179.95,2171.11,2176.16,77528.915
1778940000000,2176.16,2187.42,2172.60,2178.97,123126.343
1778943600000,2178.96,2182.90,2175.82,2178.95,52089.569
1778947200000,2178.94,2182.79,2169.00,2173.29,94700.181
1778950800000,2173.29,2179.99,2173.29,2177.87,46239.632
1778954400000,2177.86,2184.33,2175.22,2180.59,43369.551
1778958000000,2180.59,2182.00,2178.11,2178.71,25739.171
1778961600000,2178.72,2182.23,2178.72,2180.40,18856.149
1778965200000,2180.39,2182.77,2179.87,2181.47,19845.354
1778968800000,2181.47,2182.38,2178.59,2179.37,23806.905
1778972400000,2179.36,2182.00,2178.16,2179.66,24064.784
1778976000000,2179.67,2184.79,2172.61,2176.64,73041.040
1778979600000,2176.63,2182.78,2166.66,2168.22,147592.716
1778983200000,2168.22,2175.47,2168.21,2173.34,46905.512
1778986800000,2173.34,2183.71,2173.30,2180.57,57361.193
1778990400000,2180.57,2188.98,2180.00,2186.30,105024.871
1778994000000,2186.30,2194.90,2184.39,2184.90,92433.170
1778997600000,2184.90,2187.00,2180.50,2184.04,44963.582
1779001200000,2184.03,2187.50,2181.35,2185.19,38878.198
1779004800000,2185.18,2186.00,2181.84,2185.16,29826.657
1779008400000,2185.16,2190.57,2184.83,2189.09,38437.642
1779012000000,2189.09,2197.63,2189.02,2193.27,125228.119
1779015600000,2193.26,2193.92,2186.67,2191.13,57961.968
1779019200000,2191.13,2197.41,2190.23,2193.37,59714.202
1779022800000,2193.36,2194.18,2186.41,2191.10,69148.106
1779026400000,2191.09,2191.52,2176.09,2185.57,124294.759
1779030000000,2185.58,2187.65,2180.00,2185.49,47633.801
1779033600000,2185.50,2188.43,2181.18,2181.51,35251.060
1779037200000,2181.52,2184.21,2175.04,2182.69,78882.350
1779040800000,2182.69,2187.83,2178.00,2187.59,53323.544
1779044400000,2187.60,2192.87,2186.38,2191.40,43286.270
1779048000000,2191.40,2192.85,2185.46,2188.20,30011.275
1779051600000,2188.20,2194.00,2186.00,2190.99,34246.077
1779055200000,2190.99,2190.99,2172.63,2178.64,134084.146
1779058800000,2178.65,2178.92,2085.00,2129.88,917342.011
1779062400000,2129.88,2131.00,2102.93,2114.39,391913.529
1779066000000,2114.40,2120.62,2105.18,2116.67,208201.081
1779069600000,2116.66,2123.28,2111.55,2115.74,139112.743
1779073200000,2115.75,2123.00,2114.69,2117.63,113667.345
1779076800000,2117.62,2124.58,2113.00,2123.69,93604.045
1779080400000,2123.69,2124.80,2115.51,2117.27,68180.231
1779084000000,2117.26,2120.43,2108.33,2117.95,138979.099
1779087600000,2117.95,2122.84,2110.83,2119.46,96762.832
1779091200000,2119.46,2123.00,2116.25,2120.26,71059.707
1779094800000,2120.26,2120.79,2114.70,2115.75,38784.070
1779098400000,2115.75,2116.65,2111.12,2113.50,80720.868
1779102000000,2113.51,2139.18,2109.40,2132.98,262310.452
1779105600000,2132.98,2156.52,2132.98,2149.99,338522.187
1779109200000,2150.00,2150.41,2118.37,2130.07,425821.950
1779112800000,2130.08,2130.18,2097.00,2109.49,457547.700
1779116400000,2109.50,2110.39,2092.60,2106.66,350235.729
1779120000000,2106.66,2110.81,2089.01,2096.56,286847.791
1779123600000,2096.56,2109.46,2094.24,2107.01,115555.998
1779127200000,2107.00,2108.22,2074.26,2080.36,330620.269
1779130800000,2080.37,2127.96,2078.00,2124.48,496001.840
1779134400000,2124.50,2130.27,2114.03,2116.56,166888.913
1779138000000,2116.57,2141.97,2113.52,2136.40,197728.648
1779141600000,2136.40,2141.66,2129.09,2134.82,164732.987
1779145200000,2134.82,2138.27,2126.50,2128.99,70877.868
1779148800000,2128.99,2146.99,2127.40,2135.09,121121.883
1779152400000,2135.09,2137.74,2122.75,2123.84,134393.412
1779156000000,2123.83,2135.00,2118.40,2122.47,149122.851
1779159600000,2122.46,2133.90,2121.02,2130.46,88880.485
1779163200000,2130.46,2135.90,2127.19,2132.97,75746.661
1779166800000,2132.96,2136.89,2122.27,2134.26,136440.167
1779170400000,2134.27,2139.36,2131.50,2136.39,66353.235
1779174000000,2136.39,2144.22,2134.26,2139.98,78383.993
1779177600000,2139.98,2140.45,2129.64,2132.59,107930.543
1779181200000,2132.58,2133.65,2109.40,2113.38,314968.789
1779184800000,2113.38,2121.47,2105.73,2117.40,191478.258
1779188400000,2117.40,2119.47,2108.19,2109.74,82958.923
1779192000000,2109.73,2118.73,2107.69,2117.40,95960.964
1779195600000,2117.39,2126.95,2106.50,2118.17,293413.314
1779199200000,2118.17,2123.26,2093.16,2105.34,508026.765
1779202800000,2105.34,2112.90,2102.61,2109.37,135593.036
1779206400000,2109.38,2121.79,2106.27,2120.26,121642.932
1779210000000,2120.26,2124.50,2111.65,2114.86,133588.455
1779213600000,2114.86,2118.83,2109.65,2114.23,83848.613
1779217200000,2114.23,2122.45,2108.82,2112.27,72091.511
1779220800000,2112.26,2118.07,2111.41,2117.48,24303.816
1779224400000,2117.48,2119.79,2115.57,2116.00,26028.073
1779228000000,2116.00,2116.00,2101.21,2105.24,98702.810
1779231600000,2105.24,2117.76,2103.50,2111.00,59991.673
1779235200000,2110.99,2115.29,2102.31,2110.61,89338.735
1779238800000,2110.60,2118.50,2101.79,2114.29,118272.963
1779242400000,2114.30,2116.36,2105.01,2108.58,65475.450
1779246000000,2108.57,2115.43,2104.93,2110.62,56332.331
1779249600000,2110.63,2113.78,2106.01,2112.39,41883.798
1779253200000,2112.38,2129.85,2112.38,2124.56,204819.533
1779256800000,2124.55,2134.00,2124.31,2132.99,124093.864
1779260400000,2133.00,2135.54,2127.36,2128.79,93168.291
1779264000000,2128.80,2138.00,2127.80,2130.81,123838.238
1779267600000,2130.81,2132.22,2126.71,2128.55,63186.111
1779271200000,2128.56,2136.38,2128.56,2129.76,87443.884
1779274800000,2129.76,2131.27,2123.18,2127.38,72809.069
1779278400000,2127.38,2139.25,2125.99,2133.19,125690.965
1779282000000,2133.19,2134.72,2114.15,2119.74,274356.721
1779285600000,2119.74,2138.88,2112.50,2134.05,324258.457
1779289200000,2134.04,2148.60,2127.67,2135.70,261995.621
1779292800000,2135.70,2139.55,2122.87,2134.35,156357.036
1779296400000,2134.35,2147.92,2131.01,2139.56,152461.307
1779300000000,2139.56,2140.00,2130.04,2131.15,82076.901
1779303600000,2131.15,2140.72,2127.92,2138.17,73644.816
1779307200000,2138.16,2139.87,2128.21,2135.01,66743.932
1779310800000,2135.01,2137.92,2129.37,2129.59,31446.693
1779314400000,2129.58,2129.59,2117.41,2127.16,94751.518
1779318000000,2127.15,2129.77,2121.58,2128.60,37813.437
1779321600000,2128.59,2144.53,2127.67,2141.83,111287.372
1779325200000,2141.83,2157.00,2138.13,2140.11,223517.657
1779328800000,2140.12,2147.42,2138.20,2140.60,86637.778
1779332400000,2140.60,2146.00,2139.71,2144.77,38489.620
1779336000000,2144.77,2147.80,2141.44,2143.81,44062.679
1779339600000,2143.81,2147.43,2132.04,2135.41,96396.740
1779343200000,2135.40,2137.69,2126.53,2127.61,119331.326
1779346800000,2127.61,2136.23,2123.33,2134.07,117899.368
1779350400000,2134.06,2147.51,2134.02,2137.05,155941.744
1779354000000,2137.04,2140.05,2126.50,2127.08,117954.245
1779357600000,2127.08,2129.34,2108.29,2113.44,334200.928
1779361200000,2113.44,2118.85,2110.76,2114.08,95206.913
1779364800000,2114.08,2118.76,2111.03,2116.19,92710.383
1779368400000,2116.19,2123.36,2103.51,2119.54,258187.860
1779372000000,2119.54,2124.70,2109.47,2120.98,196074.611
1779375600000,2120.97,2137.44,2118.25,2131.38,256088.009
1779379200000,2131.38,2135.55,2121.60,2126.87,107100.250
1779382800000,2126.87,2152.78,2124.90,2145.67,381914.729
1779386400000,2145.67,2147.31,2120.03,2125.89,233940.387
1779390000000,2125.88,2144.84,2125.37,2142.09,125018.676
1779393600000,2142.09,2142.56,2135.96,2137.75,50596.194
1779397200000,2137.76,2140.00,2132.96,2134.49,27579.534
1779400800000,2134.50,2136.09,2130.00,2130.99,34283.966
1779404400000,2131.00,2135.93,2125.90,2132.78,45673.561
1779408000000,2132.78,2134.29,2128.18,2128.19,49393.577
1779411600000,2128.19,2136.41,2124.05,2135.08,85071.513
1779415200000,2135.09,2139.33,2133.04,2136.88,69617.010
1779418800000,2136.88,2140.75,2134.14,2136.87,32384.548
1779422400000,2136.87,2140.45,2131.50,2132.79,44352.202
1779426000000,2132.79,2135.28,2126.28,2128.34,87641.616
1779429600000,2128.34,2130.28,2122.86,2124.79,89866.063
1779433200000,2124.79,2131.65,2121.00,2127.49,80442.910
1779436800000,2127.48,2132.67,2118.42,2121.49,112004.423
1779440400000,2121.49,2124.58,2117.76,2122.86,83123.384
1779444000000,2122.87,2124.58,2120.02,2122.10,39643.770
1779447600000,2122.10,2129.99,2119.00,2129.65,62372.700
1779451200000,2129.64,2137.33,2128.34,2134.21,127225.637
1779454800000,2134.22,2134.79,2122.69,2129.29,144806.144
1779458400000,2129.29,2129.29,2111.00,2115.95,237106.512
1779462000000,2115.95,2124.72,2111.34,2118.50,140289.220
1779465600000,2118.51,2123.17,2117.00,2121.99,65598.501
1779469200000,2121.99,2129.39,2118.22,2118.62,139377.544
1779472800000,2118.63,2120.88,2082.51,2098.96,459811.722
1779476400000,2098.95,2102.30,2056.39,2064.60,674315.140
1779480000000,2064.60,2078.20,2063.24,2072.24,197523.629
1779483600000,2072.24,2078.80,2070.00,2077.39,94913.685
1779487200000,2077.39,2078.81,2065.58,2071.91,90078.328
1779490800000,2071.91,2076.46,2056.05,2064.98,147138.743
1779494400000,2064.99,2069.91,2051.49,2063.76,206798.338
1779498000000,2063.76,2069.32,2061.75,2068.12,73432.834
1779501600000,2068.11,2069.80,2064.03,2067.35,40901.644
1779505200000,2067.36,2071.10,2067.06,2069.87,37822.004
1779508800000,2069.88,2070.24,2064.45,2066.34,39115.698
1779512400000,2066.35,2067.00,2060.94,2064.00,53573.852
1779516000000,2064.01,2064.88,2059.18,2060.93,48618.923
1779519600000,2060.93,2062.20,2007.00,2027.47,817337.854
1779523200000,2027.48,2031.40,2020.17,2029.33,271741.699
1779526800000,2029.33,2030.48,2026.18,2026.46,107511.201
1779530400000,2026.46,2032.99,2026.05,2030.56,58292.057
1779534000000,2030.55,2035.00,2029.61,2030.46,73359.729
1779537600000,2030.46,2031.07,2026.10,2030.17,60655.356
1779541200000,2030.18,2045.50,2030.12,2043.96,259988.693
1779544800000,2043.96,2064.53,2040.09,2060.64,285692.228
1779548400000,2060.65,2067.84,2054.60,2059.43,253946.304
1779552000000,2059.43,2064.48,2056.40,2060.80,111680.429
1779555600000,2060.80,2065.00,2058.24,2063.14,75678.753
1779559200000,2063.14,2083.00,2062.74,2073.00,262906.868
1779562800000,2072.99,2081.85,2067.84,2076.51,103943.771
1779566400000,2076.50,2147.00,2073.52,2145.59,881759.965
1779570000000,2145.60,2149.86,2105.00,2115.84,416700.826
1779573600000,2115.85,2119.50,2102.03,2115.75,153550.920
1779577200000,2115.75,2121.30,2113.35,2116.82,75152.171
1779580800000,2116.82,2120.73,2112.00,2118.59,74286.956
1779584400000,2118.59,2125.58,2117.26,2121.46,77162.450
1779588000000,2121.45,2124.63,2117.26,2121.61,69025.652
1779591600000,2121.61,2126.73,2115.21,2118.09,64923.306
1779595200000,2118.09,2123.01,2118.09,2119.14,37570.987
1779598800000,2119.14,2120.60,2112.80,2119.06,53406.275
1779602400000,2119.05,2129.55,2116.63,2127.24,71013.139
1779606000000,2127.23,2128.96,2118.30,2120.25,51994.369
1779609600000,2120.25,2122.56,2118.30,2119.44,42618.436
1779613200000,2119.43,2123.95,2118.03,2122.47,59819.391
1779616800000,2122.47,2131.10,2118.14,2121.20,111016.411
1779620400000,2121.20,2126.63,2121.12,2125.07,54731.652
1779624000000,2125.08,2125.50,2115.61,2118.91,77367.974
1779627600000,2118.91,2120.39,2104.49,2109.34,172753.550
1779631200000,2109.33,2112.67,2075.60,2097.22,520280.548
1779634800000,2097.22,2099.40,2093.01,2095.10,79096.598
1779638400000,2095.11,2108.59,2094.11,2102.82,148100.621
1779642000000,2102.83,2106.21,2100.43,2101.93,48833.599
1779645600000,2101.93,2104.13,2096.68,2099.01,50182.780
1779649200000,2099.01,2101.77,2095.27,2099.87,30995.843
1779652800000,2099.87,2101.12,2090.25,2091.94,80047.334
1779656400000,2091.94,2097.87,2061.26,2069.47,263053.226
1779660000000,2069.48,2098.68,2069.37,2091.38,246539.725
1779663600000,2091.37,2107.49,2090.51,2098.99,111821.738
1779667200000,2098.99,2108.74,2098.84,2104.26,99733.487
1779670800000,2104.26,2107.46,2092.32,2093.33,64186.305
1779674400000,2093.34,2112.67,2093.34,2097.30,131591.388
1779678000000,2097.31,2099.20,2090.84,2094.55,54387.885
1779681600000,2094.56,2107.29,2090.96,2104.86,111645.706
1779685200000,2104.86,2110.84,2103.19,2107.21,109739.672
1779688800000,2107.21,2110.80,2098.08,2108.00,95865.080
1779692400000,2108.00,2117.60,2105.49,2115.38,161734.708
1779696000000,2115.38,2116.93,2110.85,2115.76,67137.566
1779699600000,2115.77,2123.72,2115.00,2115.84,121491.829
1779703200000,2115.84,2120.34,2113.76,2116.09,57204.696
1779706800000,2116.10,2119.41,2112.77,2113.89,59892.266
1779710400000,2113.88,2118.71,2111.04,2116.12,68474.769
1779714000000,2116.12,2119.22,2113.24,2115.35,41618.792
1779717600000,2115.36,2129.61,2114.69,2127.54,171809.915
1779721200000,2127.55,2137.99,2121.63,2126.00,173938.582
1779724800000,2126.01,2141.60,2123.88,2135.50,141021.006
1779728400000,2135.49,2139.99,2127.22,2127.82,92340.726
1779732000000,2127.82,2133.12,2125.52,2125.90,50108.703
1779735600000,2125.90,2126.05,2115.42,2120.41,83520.747
1779739200000,2120.41,2122.45,2105.81,2107.49,128311.788
1779742800000,2107.49,2111.92,2106.62,2109.85,57858.905
1779746400000,2109.85,2114.75,2101.09,2102.59,124471.588
1779750000000,2102.59,2112.76,2101.26,2111.64,62112.285
1779753600000,2111.64,2112.95,2083.43,2096.58,230122.777
1779757200000,2096.58,2099.44,2086.56,2093.36,159000.661
1779760800000,2093.36,2094.87,2083.39,2088.00,109412.336
1779764400000,2088.00,2093.59,2083.48,2092.48,73685.768
1779768000000,2092.49,2095.66,2087.80,2092.74,66856.742
1779771600000,2092.74,2102.72,2090.90,2099.82,82241.568
1779775200000,2099.82,2103.90,2093.88,2100.81,69774.962
1779778800000,2100.81,2101.62,2088.63,2094.40,168219.002
1779782400000,2094.40,2099.39,2094.00,2096.23,36589.102
1779786000000,2096.24,2098.82,2092.94,2095.67,46668.111
1779789600000,2095.67,2136.84,2093.00,2126.79,469037.419
1779793200000,2126.79,2130.00,2117.43,2120.00,199279.485
1779796800000,2119.99,2126.40,2110.03,2125.47,182325.324
1779800400000,2125.46,2130.82,2108.30,2124.48,248297.388
1779804000000,2124.48,2139.66,2104.00,2108.17,535764.715
1779807600000,2108.18,2111.39,2076.46,2086.14,554919.846
1779811200000,2086.14,2089.00,2072.27,2078.53,349817.373
1779814800000,2078.54,2083.00,2053.00,2069.90,470899.915
1779818400000,2069.90,2081.25,2065.73,2067.89,157837.088
1779822000000,2067.89,2076.19,2064.56,2073.65,64939.733
1779825600000,2073.65,2077.80,2072.83,2077.48,46261.164
1779829200000,2077.48,2077.90,2068.19,2072.00,52082.872
1779832800000,2072.00,2075.74,2064.59,2068.00,58551.088
1779836400000,2068.00,2076.09,2067.99,2072.99,43867.727
1779840000000,2073.00,2083.54,2072.79,2082.31,88130.491
1779843600000,2082.31,2083.05,2070.78,2073.48,56732.481
1779847200000,2073.48,2075.28,2067.80,2075.28,71595.230
1779850800000,2075.28,2079.40,2067.48,2068.80,76500.165
1779854400000,2068.79,2072.25,2055.00,2071.17,157717.350
1779858000000,2071.17,2078.30,2070.53,2076.34,77115.208
1779861600000,2076.34,2080.57,2073.74,2078.80,62343.897
1779865200000,2078.80,2083.34,2075.00,2082.66,64169.752
1779868800000,2082.67,2096.13,2082.54,2083.99,208209.260
1779872400000,2083.98,2086.84,2077.10,2082.32,112675.632
1779876000000,2082.33,2087.03,2078.27,2078.61,60419.709
1779879600000,2078.61,2084.34,2077.50,2079.58,74087.848
1779883200000,2079.57,2096.61,2072.39,2077.74,245529.503
1779886800000,2077.73,2079.73,2051.00,2063.74,484558.763
1779890400000,2063.74,2071.20,2053.55,2061.66,237078.237
1779894000000,2061.65,2079.60,2060.25,2070.86,246669.915
1779897600000,2070.86,2073.79,2059.10,2069.32,130654.581
1779901200000,2069.33,2069.56,2043.43,2051.35,279493.405
1779904800000,2051.35,2056.09,2041.64,2055.77,168538.217
1779908400000,2055.77,2060.67,2053.56,2056.84,69704.542
1779912000000,2056.85,2065.99,2056.30,2062.38,82478.129
1779915600000,2062.38,2062.38,2013.98,2020.09,442588.392
1779919200000,2020.09,2034.08,2015.00,2024.34,249829.706
1779922800000,2024.33,2029.29,2016.93,2023.70,174494.926
1779926400000,2023.70,2028.47,2019.71,2027.22,95231.315
1779930000000,2027.22,2028.26,2010.25,2019.46,202620.510
1779933600000,2019.47,2021.18,2013.88,2016.70,89150.920
1779937200000,2016.71,2020.00,1970.00,1980.66,972726.874
1779940800000,1980.65,1985.75,1965.48,1981.21,434004.248
1779944400000,1981.22,1982.57,1974.27,1977.73,140457.780
1779948000000,1977.73,1983.70,1971.42,1983.21,156350.152
1779951600000,1983.21,1995.59,1981.46,1994.24,179965.424
1779955200000,1994.24,1994.96,1983.80,1987.33,119700.003
1779958800000,1987.34,1994.55,1983.60,1992.92,79449.285
1779962400000,1992.92,1997.95,1987.41,1989.15,102330.840
1779966000000,1989.16,1991.80,1985.29,1988.73,94401.003
1779969600000,1988.73,1993.95,1980.32,1991.05,138572.426
1779973200000,1991.06,1994.26,1974.29,1980.78,282046.109
1779976800000,1980.77,2002.21,1966.15,1992.69,616423.153
1779980400000,1992.68,1998.55,1982.65,1989.69,176716.574
1779984000000,1989.70,2014.80,1984.11,2012.50,312536.360
1779987600000,2012.49,2026.82,2008.26,2018.42,247769.309
1779991200000,2018.43,2029.50,2017.05,2024.17,145298.824
1779994800000,2024.17,2024.28,2013.08,2013.86,130593.262
1779998400000,2013.87,2019.40,2005.34,2013.16,126190.543
1780002000000,2013.16,2023.50,2012.53,2019.05,71986.782
1780005600000,2019.05,2022.16,2004.43,2004.89,91532.975
1780009200000,2004.89,2011.61,2004.88,2008.92,59623.634
1780012800000,2008.92,2016.29,2008.92,2011.71,81467.394
1780016400000,2011.71,2015.70,2005.09,2007.25,68717.221
1780020000000,2007.26,2010.12,1995.74,1998.51,128485.110
1780023600000,1998.51,2007.27,1998.51,2002.06,60776.532
1780027200000,2002.05,2007.90,1997.53,2007.63,70410.471
1780030800000,2007.64,2014.84,2006.84,2013.63,99724.779
1780034400000,2013.63,2020.76,2011.33,2017.20,80579.279
1780038000000,2017.21,2019.00,2002.31,2006.54,184236.922
1780041600000,2006.53,2013.00,2004.53,2005.43,95442.407
1780045200000,2005.43,2015.40,2005.20,2013.79,69277.530
1780048800000,2013.80,2014.15,2008.75,2010.14,39179.698
1780052400000,2010.13,2013.62,2001.29,2006.62,89082.353
1780056000000,2006.63,2006.63,1993.57,1998.61,192530.348
1780059600000,1998.62,2005.60,1986.39,1998.75,283691.359
1780063200000,1998.75,2004.00,1975.37,2000.92,492151.141
1780066800000,2000.92,2046.00,1998.34,2030.83,992851.497
1780070400000,2030.83,2042.81,2021.23,2039.65,345343.654
1780074000000,2039.65,2043.69,2025.16,2027.57,201912.284
1780077600000,2027.57,2030.99,2003.00,2010.45,297522.502
1780081200000,2010.45,2021.19,2003.65,2016.03,156790.589
1780084800000,2016.02,2023.00,2013.78,2017.48,87732.326
1780088400000,2017.48,2023.31,2007.03,2008.61,106332.776
1780092000000,2008.62,2016.24,2006.61,2012.80,82244.844
1780095600000,2012.81,2014.99,2005.79,2013.35,98471.087
1780099200000,2013.36,2015.37,2009.47,2013.90,55028.087
1780102800000,2013.90,2020.63,2012.50,2018.73,66043.431
1780106400000,2018.73,2020.75,2016.06,2020.62,36868.522
1780110000000,2020.63,2022.69,2013.95,2015.90,64131.298
1780113600000,2015.90,2017.50,2000.83,2010.00,166123.328
1780117200000,2010.00,2023.30,2007.00,2015.04,116282.565
1780120800000,2015.03,2019.79,2011.89,2016.01,53499.116
1780124400000,2016.00,2017.20,2012.73,2015.33,37814.308
1780128000000,2015.33,2015.44,2012.88,2013.39,22764.410
1780131600000,2013.39,2016.50,2012.96,2015.82,24854.720
1780135200000,2015.81,2021.88,2015.47,2017.14,81200.292
1780138800000,2017.13,2018.33,2014.38,2016.54,26552.868
1780142400000,2016.54,2019.73,2016.20,2019.02,25063.543
1780146000000,2019.01,2021.63,2016.16,2019.82,44693.998
1780149600000,2019.81,2029.99,2019.49,2025.89,151178.810
1780153200000,2025.88,2031.51,2023.39,2025.95,94178.772
1780156800000,2025.95,2027.59,2023.63,2026.27,40487.362
1780160400000,2026.28,2028.34,2018.13,2026.42,72753.952
1780164000000,2026.41,2029.72,2023.72,2026.82,48508.469
1780167600000,2026.81,2028.27,2023.74,2027.96,32054.924
1780171200000,2027.97,2028.80,2025.00,2026.30,25254.140
1780174800000,2026.30,2030.79,2026.30,2027.54,40078.802
1780178400000,2027.55,2027.55,2019.71,2022.51,53041.207
1780182000000,2022.51,2025.38,2019.24,2021.58,33895.973
1780185600000,2021.59,2027.23,2019.85,2026.00,35455.023
1780189200000,2026.00,2033.94,2025.78,2028.38,95610.610
1780192800000,2028.38,2037.55,2026.50,2033.51,134029.023
1780196400000,2033.52,2036.06,2031.22,2032.66,39717.826
1780200000000,2032.66,2034.20,2030.30,2032.85,26380.815
1780203600000,2032.85,2033.01,2028.20,2029.27,29475.926
1780207200000,2029.27,2030.20,2027.54,2028.99,26681.749
1780210800000,2028.99,2028.99,2021.53,2023.14,57455.335
1780214400000,2023.14,2028.40,2022.01,2026.77,71201.950
1780218000000,2026.78,2027.61,2016.90,2020.15,79978.541
1780221600000,2020.14,2020.89,2014.40,2019.92,101111.860
1780225200000,2019.93,2023.37,2019.92,2022.23,29643.933
1780228800000,2022.22,2024.46,2018.17,2021.35,34896.372
1780232400000,2021.35,2025.70,2018.60,2019.44,34689.474
1780236000000,2019.43,2020.73,2004.53,2006.84,343928.846
1780239600000,2006.85,2014.40,2006.22,2009.51,125030.789
1780243200000,2009.50,2011.50,1996.99,2001.13,213503.715
1780246800000,2001.13,2007.00,1995.42,2005.03,125542.570
1780250400000,2005.04,2005.37,1998.20,1999.83,61666.589
1780254000000,1999.83,2001.76,1992.84,1998.76,73884.921
1780257600000,1998.76,2007.77,1998.76,2006.35,56788.629
1780261200000,2006.36,2013.50,2004.10,2011.44,108295.484
1780264800000,2011.43,2013.40,2003.67,2011.67,70564.259
1780268400000,2011.68,2022.27,1999.05,2006.31,142053.406
1780272000000,2006.30,2020.90,2005.15,2014.83,141927.406
1780275600000,2014.82,2016.17,1993.08,1994.02,158089.225
1780279200000,1994.01,2017.46,1990.09,2010.81,188932.398
1780282800000,2010.80,2017.61,2007.72,2008.48,112140.890
1780286400000,2008.47,2011.38,1992.85,1998.83,176836.439
1780290000000,1998.83,2000.54,1990.36,1993.61,101417.521
1780293600000,1993.61,1994.38,1979.00,1987.09,257876.429
1780297200000,1987.09,1989.77,1970.30,1975.46,218443.309
1780300800000,1975.45,1984.51,1971.10,1983.29,192792.924
1780304400000,1983.28,1989.46,1983.02,1986.94,128714.268
1780308000000,1986.95,1988.20,1980.28,1983.86,92595.652
1780311600000,1983.87,1986.19,1976.38,1980.73,90216.772
1780315200000,1980.73,1993.59,1965.89,1988.67,394763.750
1780318800000,1988.67,1989.46,1954.42,1970.61,634030.791
1780322400000,1970.62,1976.79,1963.78,1967.61,298622.173
1780326000000,1967.61,1979.50,1959.10,1967.60,306401.490
1780329600000,1967.61,1978.08,1957.47,1977.25,243651.954
1780333200000,1977.25,1996.42,1976.87,1989.86,335153.338
1780336800000,1989.86,1995.00,1982.56,1991.80,114487.357
1780340400000,1991.80,2008.25,1991.04,2003.92,182138.443
1780344000000,2003.92,2008.25,2000.60,2005.01,104167.263
1780347600000,2005.01,2009.42,1991.83,1993.86,168679.084
1780351200000,1993.86,2005.49,1983.51,2003.82,176797.715
1780354800000,2003.81,2008.19,1997.34,2006.00,117483.001
1780358400000,2006.01,2006.44,1994.32,1995.84,86923.888
1780362000000,1995.84,1998.42,1978.40,1979.30,157068.677
1780365600000,1979.30,1996.56,1961.31,1996.44,446048.408
1780369200000,1996.45,2004.53,1994.46,2003.32,173932.833
1780372800000,2003.32,2005.92,1995.08,1996.09,132819.773
1780376400000,1996.09,2000.64,1983.45,1984.08,200528.667
1780380000000,1984.08,1988.00,1977.07,1981.51,212027.575
1780383600000,1981.52,1989.65,1972.60,1980.90,181923.624
1780387200000,1980.89,1988.80,1976.05,1978.61,152282.518
1780390800000,1978.61,1979.21,1965.52,1974.34,230043.066
1780394400000,1974.35,1983.25,1970.76,1982.77,114063.818
1780398000000,1982.77,1983.00,1974.89,1977.52,67906.452
1780401600000,1977.53,1982.07,1971.60,1975.57,129998.246
1780405200000,1975.56,1981.00,1968.39,1973.44,232741.509
1780408800000,1973.43,1974.48,1924.00,1940.66,1084489.519
1780412400000,1940.65,1940.92,1888.00,1914.11,1160396.578
1780416000000,1914.11,1944.65,1908.59,1919.87,600863.473
1780419600000,1919.87,1930.99,1918.60,1923.49,142677.555
1780423200000,1923.50,1927.39,1902.50,1912.41,206586.908
1780426800000,1912.41,1917.16,1879.24,1911.40,474285.861
1780430400000,1911.40,1918.00,1894.35,1905.57,307483.696
1780434000000,1905.58,1910.66,1896.13,1899.53,137521.716
1780437600000,1899.53,1909.00,1860.00,1867.81,671533.051
1780441200000,1867.82,1872.91,1837.01,1858.96,688739.089
1780444800000,1858.96,1873.72,1853.55,1866.42,280207.902
1780448400000,1866.41,1869.23,1848.42,1863.77,220656.674
1780452000000,1863.77,1864.15,1850.34,1853.42,163192.396
1780455600000,1853.41,1856.08,1816.00,1827.22,563547.794
1780459200000,1827.22,1851.53,1826.85,1850.30,336867.722
1780462800000,1850.30,1875.88,1849.19,1872.66,437614.011
1780466400000,1872.66,1883.64,1869.10,1871.02,410344.846
1780470000000,1871.02,1879.54,1866.91,1877.56,142349.993
1780473600000,1877.55,1882.87,1872.60,1879.34,204233.729
1780477200000,1879.34,1886.28,1869.21,1875.51,259223.994
1780480800000,1875.52,1892.39,1874.18,1884.03,173583.988
1780484400000,1884.03,1887.81,1875.70,1877.60,105127.214
1780488000000,1877.61,1879.62,1867.30,1875.82,186586.358
1780491600000,1875.82,1879.15,1860.44,1866.78,269447.595
1780495200000,1866.77,1868.00,1851.68,1857.96,264538.162
1780498800000,1857.95,1859.21,1835.17,1835.99,359153.209
1780502400000,1835.99,1843.26,1810.09,1831.77,726693.274
1780506000000,1831.78,1838.60,1817.02,1827.40,249582.928
1780509600000,1827.41,1833.76,1820.63,1831.65,123768.649
1780513200000,1831.66,1833.06,1794.20,1802.41,448916.170
1780516800000,1802.42,1812.60,1767.71,1780.43,554469.094
1780520400000,1780.44,1849.88,1776.60,1849.64,555763.393
1780524000000,1849.63,1851.58,1822.22,1828.45,318429.757
1780527600000,1828.44,1830.27,1811.70,1812.46,249746.131
1780531200000,1812.45,1819.90,1781.50,1793.15,589680.654
1780534800000,1793.16,1800.63,1754.16,1759.18,638266.843
1780538400000,1759.17,1778.00,1712.52,1766.11,945659.172
1780542000000,1766.11,1812.00,1765.75,1808.50,516669.984
1780545600000,1808.50,1817.30,1801.55,1804.63,245324.582
1780549200000,1804.64,1804.64,1779.58,1783.37,348072.528
1780552800000,1783.37,1801.44,1781.26,1789.28,227980.744
1780556400000,1789.28,1789.90,1772.29,1776.45,264216.879
1780560000000,1776.45,1782.63,1762.86,1772.66,300153.106
1780563600000,1772.66,1773.40,1743.59,1765.87,464536.516
1780567200000,1765.88,1766.49,1728.88,1736.12,583344.038
1780570800000,1736.12,1754.18,1731.58,1750.67,331152.597
1780574400000,1750.67,1782.45,1743.27,1777.51,477968.594
1780578000000,1777.50,1789.52,1754.28,1784.91,489587.069
1780581600000,1784.90,1793.66,1765.21,1773.67,324684.117
1780585200000,1773.66,1790.63,1769.54,1775.90,233724.355
1780588800000,1775.90,1780.79,1765.02,1771.45,161411.916
1780592400000,1771.44,1775.49,1752.66,1767.05,282871.819
1780596000000,1767.04,1783.03,1759.00,1775.33,205558.492
1780599600000,1775.33,1787.38,1770.10,1776.24,154558.676
1780603200000,1776.23,1776.70,1763.48,1774.09,137889.657
1780606800000,1774.08,1782.29,1755.72,1760.17,150879.514
1780610400000,1760.17,1769.63,1751.60,1767.70,187857.594
1780614000000,1767.70,1776.22,1756.44,1769.86,141817.927
1780617600000,1769.85,1774.34,1757.56,1758.53,163445.902
1780621200000,1758.52,1763.60,1745.43,1752.47,221743.078
1780624800000,1752.48,1754.18,1726.45,1729.52,409119.458
1780628400000,1729.52,1738.98,1721.26,1729.05,286470.823
1780632000000,1729.05,1745.67,1717.58,1743.67,476289.760
1780635600000,1743.67,1747.00,1680.10,1683.37,953447.789
1780639200000,1683.36,1688.61,1622.31,1655.46,1566842.512
1780642800000,1655.46,1679.34,1632.26,1678.28,699998.417
1780646400000,1678.29,1678.63,1658.35,1663.02,286917.537
1780650000000,1663.02,1689.23,1661.75,1681.88,335921.888
1780653600000,1681.88,1684.29,1671.15,1676.03,203928.897
1780657200000,1676.03,1680.88,1662.06,1662.39,259455.376
1780660800000,1662.39,1670.71,1645.01,1656.32,484448.506
1780664400000,1656.31,1677.00,1611.51,1614.19,820357.999
1780668000000,1614.19,1623.88,1590.69,1599.86,1219821.426
1780671600000,1599.86,1603.77,1571.21,1582.20,951084.293
1780675200000,1582.20,1612.00,1546.00,1607.65,1563781.094
1780678800000,1607.65,1612.14,1586.67,1593.22,355163.070
1780682400000,1593.22,1597.98,1544.11,1551.98,717803.345
1780686000000,1551.99,1579.69,1538.13,1573.01,706886.191
1780689600000,1573.03,1607.44,1556.11,1602.40,601484.189
1780693200000,1602.39,1618.85,1601.46,1608.92,310328.234
1780696800000,1608.92,1609.45,1587.94,1596.57,314244.494
1780700400000,1596.57,1603.30,1559.58,1582.35,409854.313
1780704000000,1582.35,1600.56,1581.35,1592.10,224645.255
1780707600000,1592.10,1595.77,1577.05,1582.13,148346.954
1780711200000,1582.13,1584.68,1565.44,1575.13,208815.625
1780714800000,1575.14,1575.76,1554.00,1562.32,235759.786
1780718400000,1562.33,1568.67,1508.29,1521.55,875999.707
1780722000000,1521.56,1568.88,1503.60,1566.09,810240.122
1780725600000,1566.09,1581.43,1555.34,1559.49,447084.954
1780729200000,1559.49,1579.70,1555.50,1574.54,254737.601
1780732800000,1574.54,1592.80,1569.43,1581.86,270538.326
1780736400000,1581.86,1587.99,1564.91,1569.97,262595.469
1780740000000,1569.97,1570.00,1533.33,1547.23,576622.531
1780743600000,1547.22,1566.24,1546.31,1557.73,246126.688
1780747200000,1557.74,1574.99,1550.52,1570.57,343942.697
1780750800000,1570.57,1572.69,1553.33,1556.51,200933.716
1780754400000,1556.52,1566.34,1555.42,1557.03,147817.928
1780758000000,1557.04,1565.28,1542.72,1559.71,245064.576
1780761600000,1559.71,1565.05,1552.41,1562.86,165294.413
1780765200000,1562.87,1565.80,1545.79,1552.56,214737.861
1780768800000,1552.56,1565.31,1548.72,1555.78,167857.551
1780772400000,1555.77,1562.67,1552.56,1553.71,79391.449
1780776000000,1553.71,1559.10,1550.07,1556.67,95608.125
1780779600000,1556.67,1564.40,1556.66,1557.26,77020.394
1780783200000,1557.26,1561.35,1550.56,1557.43,104264.278
1780786800000,1557.44,1569.00,1555.83,1568.60,135596.791
1780790400000,1568.60,1572.00,1563.00,1564.07,130142.693
1780794000000,1564.08,1595.70,1563.00,1589.21,423907.445
1780797600000,1589.20,1594.00,1581.17,1591.61,174174.853
1780801200000,1591.62,1599.99,1588.71,1593.97,158559.077
1780804800000,1593.98,1598.30,1583.69,1595.92,140561.319
1780808400000,1595.92,1608.80,1592.27,1602.99,272324.889
1780812000000,1603.00,1622.95,1597.33,1610.48,506631.086
1780815600000,1610.48,1615.94,1606.33,1614.19,193047.818
1780819200000,1614.20,1642.16,1607.41,1640.65,480230.696
1780822800000,1640.65,1648.00,1628.14,1632.46,315626.866
1780826400000,1632.46,1634.95,1623.64,1624.99,153822.633
1780830000000,1624.98,1633.36,1621.66,1629.39,126974.239
1780833600000,1629.39,1630.59,1605.46,1619.24,451180.384
1780837200000,1619.25,1622.79,1612.68,1616.62,139852.733
1780840800000,1616.62,1639.59,1615.92,1627.16,290748.007
1780844400000,1627.17,1635.33,1619.86,1629.20,157777.596
1780848000000,1629.19,1632.58,1622.34,1627.64,107498.724
1780851600000,1627.65,1636.99,1626.59,1630.09,99275.652
1780855200000,1630.08,1635.68,1627.70,1629.28,63451.940
1780858800000,1629.29,1629.52,1601.99,1611.91,386227.978
1780862400000,1611.90,1630.87,1608.09,1627.00,141077.998
1780866000000,1627.00,1633.81,1622.47,1633.78,74368.166
1780869600000,1633.78,1721.57,1628.00,1671.79,979845.761
1780873200000,1671.79,1690.88,1669.92,1689.66,217898.879
1780876800000,1689.66,1710.97,1682.14,1696.66,385206.743
1780880400000,1696.66,1699.35,1670.14,1686.40,311619.624
1780884000000,1686.40,1688.65,1676.80,1682.73,132042.404
1780887600000,1682.74,1691.92,1675.82,1678.93,125343.462
1780891200000,1678.93,1680.31,1655.20,1656.02,284652.358
1780894800000,1656.02,1659.15,1643.65,1652.65,286802.510
1780898400000,1652.65,1669.18,1651.66,1665.70,230584.340
1780902000000,1665.70,1678.63,1660.70,1672.70,182106.382
1780905600000,1672.71,1672.71,1657.74,1660.44,150616.496
1780909200000,1660.43,1671.36,1656.07,1670.23,220162.294
1780912800000,1670.23,1676.57,1662.48,1671.67,163753.034
1780916400000,1671.67,1696.22,1666.85,1682.93,405912.236
1780920000000,1682.93,1698.00,1664.92,1694.50,472234.119
1780923600000,1694.50,1696.07,1677.54,1680.60,283763.679
1780927200000,1680.60,1693.81,1675.50,1690.51,192692.730
1780930800000,1690.50,1705.77,1687.38,1690.62,339672.919
1780934400000,1690.62,1702.99,1681.28,1681.47,251839.742
1780938000000,1681.47,1686.86,1674.01,1685.68,210093.364
1780941600000,1685.68,1691.71,1677.41,1683.54,118060.113
1780945200000,1683.54,1689.99,1680.00,1683.75,146690.059
1780948800000,1683.75,1688.66,1678.01,1688.66,104901.304
1780952400000,1688.66,1713.72,1688.66,1702.64,305534.866
1780956000000,1702.64,1703.40,1687.28,1702.49,216216.223
1780959600000,1702.50,1714.22,1685.80,1689.21,220574.198
1780963200000,1689.20,1695.77,1658.05,1662.00,546596.042
1780966800000,1662.00,1673.16,1657.08,1667.84,185284.084
1780970400000,1667.84,1671.25,1653.09,1667.21,194365.195
1780974000000,1667.20,1670.86,1662.81,1668.61,92411.467
1780977600000,1668.61,1696.00,1663.39,1685.66,321090.334
1780981200000,1685.66,1694.48,1680.58,1687.61,131712.405
1780984800000,1687.61,1694.85,1683.36,1685.36,113600.285
1780988400000,1685.35,1690.90,1673.76,1679.19,200380.962
1780992000000,1679.19,1679.88,1667.27,1674.10,198791.742
1780995600000,1674.11,1679.37,1663.75,1669.46,144141.006
1780999200000,1669.46,1675.90,1665.85,1673.69,102431.065
1781002800000,1673.68,1674.81,1665.20,1670.74,95263.953
1781006400000,1670.73,1684.09,1669.81,1675.93,186914.384
1781010000000,1675.93,1679.84,1662.63,1665.86,264822.755
1781013600000,1665.86,1670.26,1632.84,1644.90,759988.162
1781017200000,1644.91,1653.00,1633.42,1635.42,413138.752
1781020800000,1635.42,1638.63,1613.10,1631.35,740559.526
1781024400000,1631.36,1648.99,1631.29,1642.09,323413.679
1781028000000,1642.10,1654.93,1638.71,1651.32,163920.464
1781031600000,1651.32,1657.76,1646.76,1656.56,129095.725
1781035200000,1656.56,1662.98,1654.46,1659.79,112406.758
1781038800000,1659.79,1660.91,1646.26,1649.49,101460.033
1781042400000,1649.49,1654.48,1638.50,1638.99,144213.809
1781046000000,1638.99,1641.85,1628.90,1638.64,155246.036
1781049600000,1638.64,1646.00,1628.63,1644.80,124759.328
1781053200000,1644.80,1646.27,1632.49,1638.14,170318.512
1781056800000,1638.14,1641.76,1620.63,1623.31,171052.797
1781060400000,1623.31,1635.71,1622.60,1629.88,99436.562
1781064000000,1629.87,1632.21,1621.07,1625.19,92934.864
1781067600000,1625.20,1629.48,1615.34,1627.26,139365.655
1781071200000,1627.27,1633.54,1621.64,1631.17,117029.664
1781074800000,1631.17,1642.99,1629.76,1639.32,190124.107
1781078400000,1639.32,1640.08,1617.29,1620.46,226600.229
1781082000000,1620.47,1625.78,1605.00,1622.92,300890.995
1781085600000,1622.93,1629.24,1617.09,1627.46,110395.018
1781089200000,1627.47,1629.54,1610.54,1619.18,286989.606
1781092800000,1619.17,1644.90,1615.01,1634.41,470415.320
1781096400000,1634.41,1667.31,1630.66,1650.96,578585.115
1781100000000,1650.97,1654.94,1636.31,1645.76,347406.575
1781103600000,1645.77,1665.00,1634.54,1657.09,471403.426
1781107200000,1657.10,1658.12,1631.40,1641.31,290053.006
1781110800000,1641.31,1647.06,1621.46,1631.45,342023.328
1781114400000,1631.44,1636.40,1621.17,1630.28,162380.749
1781118000000,1630.27,1632.89,1622.05,1629.22,122936.725
1781121600000,1629.22,1635.45,1622.00,1629.60,127908.896
1781125200000,1629.60,1629.60,1602.05,1610.54,284703.540
1781128800000,1610.54,1621.71,1603.52,1615.71,202528.639
1781132400000,1615.71,1624.50,1608.28,1620.72,143769.621
1781136000000,1620.72,1633.80,1620.72,1627.62,153353.868
1781139600000,1627.62,1646.92,1627.49,1642.22,176336.764
1781143200000,1642.22,1644.83,1629.74,1640.08,136928.124
1781146800000,1640.09,1662.07,1635.28,1653.19,286231.894
1781150400000,1653.20,1658.98,1649.20,1656.08,154225.273
1781154000000,1656.09,1656.19,1646.59,1647.09,118891.920
1781157600000,1647.09,1662.72,1645.36,1654.06,253373.690
1781161200000,1654.05,1657.70,1650.52,1653.67,105269.559
1781164800000,1653.67,1663.94,1653.65,1659.31,165704.248
1781168400000,1659.30,1661.36,1655.08,1658.27,87336.576
1781172000000,1658.27,1660.88,1653.34,1657.95,97566.555
1781175600000,1657.94,1673.59,1655.41,1665.76,269578.651
1781179200000,1665.77,1665.94,1641.00,1650.82,452104.329
1781182800000,1650.83,1658.60,1643.40,1652.44,200321.138
1781186400000,1652.45,1654.79,1638.01,1642.25,298476.175
1781190000000,1642.25,1650.00,1635.20,1644.64,226482.842
1781193600000,1644.64,1648.70,1637.29,1638.82,131536.063
1781197200000,1638.82,1693.38,1631.32,1688.07,877399.542
1781200800000,1688.06,1691.42,1676.13,1683.31,310433.341
1781204400000,1683.32,1693.27,1675.12,1680.29,225539.276
1781208000000,1680.29,1682.05,1666.00,1671.49,161560.896
1781211600000,1671.49,1682.79,1671.38,1676.28,97088.068
1781215200000,1676.29,1682.51,1674.31,1675.25,74653.027
1781218800000,1675.26,1678.45,1669.38,1672.57,99284.601
1781222400000,1672.57,1676.99,1668.72,1671.85,96934.996
1781226000000,1671.86,1671.96,1658.88,1666.47,137846.733
1781229600000,1666.47,1678.16,1665.83,1674.72,86205.772
1781233200000,1674.72,1675.81,1667.71,1672.39,46977.392
1781236800000,1672.40,1681.84,1668.21,1676.57,114276.904
1781240400000,1676.58,1677.01,1661.05,1663.29,154708.714
1781244000000,1663.29,1665.88,1651.17,1656.49,201709.386
1781247600000,1656.50,1664.26,1655.24,1661.21,111631.984
1781251200000,1661.23,1677.32,1661.21,1672.44,200958.010
1781254800000,1672.43,1684.99,1670.33,1679.35,203227.638
1781258400000,1679.35,1682.50,1670.70,1674.03,130707.959
1781262000000,1674.03,1677.89,1671.05,1672.85,71801.915
1781265600000,1672.86,1672.86,1661.91,1665.83,143824.309
1781269200000,1665.84,1668.15,1652.50,1656.77,252978.777
1781272800000,1656.78,1685.71,1655.34,1684.89,379182.863
1781276400000,1684.89,1690.51,1657.22,1658.98,617075.532
1781280000000,1658.98,1674.99,1656.26,1671.99,288957.423
1781283600000,1672.00,1677.50,1666.35,1668.02,105090.212
1781287200000,1668.02,1672.80,1662.55,1666.19,112640.936
1781290800000,1666.18,1671.90,1664.00,1665.08,62161.911
1781294400000,1665.08,1667.14,1660.85,1664.05,46429.084
1781298000000,1664.05,1667.32,1662.10,1663.42,38282.621
1781301600000,1663.43,1666.60,1660.50,1661.73,36520.403
1781305200000,1661.73,1665.57,1657.80,1665.48,48030.208
1781308800000,1665.49,1668.45,1664.49,1666.62,46046.449
1781312400000,1666.63,1675.98,1665.77,1673.33,88194.834
1781316000000,1673.34,1673.86,1664.72,1667.23,59051.845
1781319600000,1667.24,1668.84,1662.62,1664.40,58886.037
1781323200000,1664.39,1667.39,1662.78,1663.70,39566.319
1781326800000,1663.69,1664.85,1661.20,1664.47,44752.736
1781330400000,1664.47,1669.60,1663.09,1669.10,41684.885
1781334000000,1669.11,1677.29,1667.63,1675.51,148051.213
1781337600000,1675.51,1679.33,1672.72,1673.72,121145.022
1781341200000,1673.72,1675.69,1672.10,1672.97,40001.893
1781344800000,1672.97,1675.75,1671.99,1673.35,38897.481
1781348400000,1673.35,1678.25,1672.50,1677.53,68416.101
1781352000000,1677.54,1683.49,1676.01,1679.81,80901.350
1781355600000,1679.81,1680.76,1675.66,1677.09,82809.001
1781359200000,1677.10,1680.81,1676.78,1679.23,50503.593
1781362800000,1679.24,1685.98,1677.69,1681.44,151416.151
1781366400000,1681.44,1681.94,1670.50,1676.00,231624.459
1781370000000,1675.99,1677.88,1672.24,1673.45,73589.284
1781373600000,1673.46,1681.85,1673.30,1677.43,57553.585
1781377200000,1677.42,1679.34,1674.88,1677.51,33618.921
1781380800000,1677.50,1677.59,1674.14,1675.65,26459.813
1781384400000,1675.66,1698.10,1674.00,1685.68,162423.453
1781388000000,1685.67,1685.79,1680.72,1680.72,53997.877
1781391600000,1680.73,1683.48,1677.30,1680.41,49201.978
1781395200000,1680.42,1682.80,1678.00,1681.20,31193.771
1781398800000,1681.21,1689.90,1679.32,1682.97,71770.628
1781402400000,1682.97,1685.00,1680.72,1681.57,42142.313
1781406000000,1681.57,1682.60,1678.85,1680.98,42089.591
1781409600000,1680.99,1682.01,1675.34,1677.05,51063.016
1781413200000,1677.06,1678.35,1673.11,1677.38,51590.355
1781416800000,1677.37,1681.75,1674.35,1675.56,91804.288
1781420400000,1675.57,1676.70,1672.67,1674.92,58784.852
1781424000000,1674.92,1677.98,1673.71,1674.80,44560.337
1781427600000,1674.80,1678.40,1667.57,1677.61,134796.949
1781431200000,1677.61,1677.82,1672.17,1672.20,44143.697
1781434800000,1672.19,1676.26,1671.35,1672.74,45803.665
1781438400000,1672.74,1673.88,1664.15,1666.07,115464.544
1781442000000,1666.07,1668.21,1663.28,1665.58,81396.146
1781445600000,1665.58,1669.49,1653.36,1658.74,241034.842
1781449200000,1658.73,1664.00,1658.64,1662.04,109403.257
1781452800000,1662.05,1667.95,1659.00,1660.71,101089.002
1781456400000,1660.70,1666.00,1660.01,1661.42,71628.183
1781460000000,1661.42,1662.70,1658.08,1661.30,51491.998
1781463600000,1661.30,1667.32,1660.26,1664.64,43009.872
1781467200000,1664.64,1673.54,1661.63,1669.51,90219.383
1781470800000,1669.52,1732.00,1669.08,1717.90,775836.462
1781474400000,1717.90,1728.36,1711.34,1721.66,322078.396
1781478000000,1721.67,1725.69,1715.71,1724.74,173073.313
1781481600000,1724.74,1731.76,1718.85,1720.05,193610.882
1781485200000,1720.05,1721.40,1708.45,1714.96,183697.236
1781488800000,1714.96,1726.26,1713.24,1715.85,103820.215
1781492400000,1715.84,1723.59,1714.50,1720.12,105370.240
1781496000000,1720.11,1720.11,1715.15,1716.29,127529.390
1781499600000,1716.28,1722.00,1715.04,1719.88,84153.393
1781503200000,1719.88,1722.40,1717.35,1719.11,67366.397
1781506800000,1719.12,1723.09,1715.43,1715.58,99531.153
1781510400000,1715.57,1721.00,1714.20,1719.51,79805.724
1781514000000,1719.51,1726.53,1711.27,1717.65,209652.884
1781517600000,1717.64,1750.00,1717.26,1736.79,436275.986
1781521200000,1736.78,1770.00,1733.14,1763.78,656671.138
1781524800000,1763.78,1777.37,1759.35,1776.60,382090.810
1781528400000,1776.60,1826.86,1773.47,1813.30,1159833.055
1781532000000,1813.30,1817.75,1804.02,1813.66,281443.101
1781535600000,1813.65,1848.78,1812.36,1844.55,582265.708
1781539200000,1844.55,1846.89,1836.66,1841.89,307025.880
1781542800000,1841.88,1841.89,1822.74,1828.30,297538.819
1781546400000,1828.31,1834.92,1824.75,1827.05,116551.232
1781550000000,1827.06,1833.72,1810.50,1820.94,257353.641
1781553600000,1820.94,1825.87,1814.17,1816.10,86876.109
1781557200000,1816.10,1821.47,1808.62,1810.56,98328.955
1781560800000,1810.57,1812.80,1786.01,1788.79,302944.668
1781564400000,1788.79,1796.96,1781.87,1795.16,183958.159
1781568000000,1795.15,1801.86,1787.96,1788.60,153069.038
1781571600000,1788.61,1796.45,1788.19,1791.25,79754.917
1781575200000,1791.26,1793.26,1766.20,1769.36,341617.146
1781578800000,1769.36,1779.83,1763.87,1778.22,213798.985
1781582400000,1778.21,1782.37,1757.36,1759.71,290434.165
1781586000000,1759.71,1765.28,1759.21,1761.22,160622.915
1781589600000,1761.22,1773.19,1761.22,1770.39,166030.743
1781593200000,1770.39,1775.89,1768.18,1773.23,104862.543
1781596800000,1773.23,1807.32,1772.20,1802.25,379151.915
1781600400000,1802.26,1804.97,1786.12,1788.83,233454.600
1781604000000,1788.83,1799.82,1787.55,1793.09,151659.947
1781607600000,1793.09,1799.76,1790.12,1798.73,91771.197
1781611200000,1798.73,1839.54,1795.78,1814.05,631172.437
1781614800000,1814.04,1816.44,1790.39,1797.12,462233.465
1781618400000,1797.11,1805.00,1762.17,1779.51,648216.598
1781622000000,1779.52,1787.72,1773.32,1781.41,260232.376
1781625600000,1781.41,1784.75,1771.79,1776.96,170323.959
1781629200000,1776.97,1798.82,1776.29,1794.24,179806.625
1781632800000,1794.24,1807.71,1791.77,1798.48,231005.188
1781636400000,1798.47,1800.37,1789.01,1794.63,134387.750
1781640000000,1794.63,1798.10,1788.30,1797.12,83392.594
1781643600000,1797.12,1799.82,1789.65,1795.41,61696.551
1781647200000,1795.42,1798.66,1790.00,1795.29,65538.836
1781650800000,1795.30,1798.00,1790.26,1792.32,51548.305
1781654400000,1792.33,1798.28,1791.04,1793.36,61156.469
1781658000000,1793.36,1798.25,1778.48,1796.95,185840.332
1781661600000,1796.95,1809.67,1787.51,1794.63,183598.429
1781665200000,1794.63,1796.51,1786.38,1792.83,87754.465
1781668800000,1792.83,1801.41,1791.15,1793.50,65848.604
1781672400000,1793.50,1798.62,1788.18,1793.21,84950.017
1781676000000,1793.20,1796.45,1785.27,1789.46,106965.655
1781679600000,1789.46,1791.79,1777.52,1784.40,156456.727
1781683200000,1784.39,1785.68,1759.14,1764.57,326946.764
1781686800000,1764.56,1777.00,1764.18,1772.29,177613.018
1781690400000,1772.29,1775.44,1766.21,1767.67,94376.399
1781694000000,1767.66,1770.00,1758.00,1763.22,206353.795
1781697600000,1763.22,1765.28,1741.31,1758.25,457970.678
1781701200000,1758.25,1771.35,1753.75,1760.14,294785.128
1781704800000,1760.13,1764.73,1740.36,1754.10,303836.343
1781708400000,1754.10,1776.50,1750.31,1772.54,252001.036
1781712000000,1772.54,1791.39,1768.51,1770.99,309649.472
1781715600000,1771.00,1795.58,1766.37,1788.48,198986.129
1781719200000,1788.45,1788.58,1745.16,1769.25,823431.500
1781722800000,1769.25,1774.74,1728.24,1734.02,674590.162
1781726400000,1734.02,1747.26,1732.28,1746.54,199348.066
1781730000000,1746.54,1747.47,1735.66,1738.26,92577.358
1781733600000,1738.25,1745.91,1724.22,1739.62,159966.496
1781737200000,1739.63,1751.14,1739.25,1749.56,84341.970
1781740800000,1749.57,1758.74,1749.03,1752.13,113012.790
1781744400000,1752.13,1762.34,1751.82,1754.21,101246.379
1781748000000,1754.22,1758.50,1749.21,1754.94,75886.133
1781751600000,1754.94,1755.31,1740.22,1743.27,156644.596
1781755200000,1743.27,1745.00,1728.77,1729.71,197202.015
1781758800000,1729.71,1732.26,1720.90,1730.07,208815.466
1781762400000,1730.07,1736.31,1724.52,1734.70,158600.053
1781766000000,1734.71,1752.70,1732.04,1748.89,217208.616
1781769600000,1748.89,1752.74,1745.37,1747.13,169531.667
1781773200000,1747.13,1751.20,1741.50,1745.56,115439.320
1781776800000,1745.55,1752.47,1738.62,1746.10,150307.196
1781780400000,1746.10,1748.59,1738.08,1742.32,108676.897
1781784000000,1742.33,1752.47,1740.83,1749.35,118650.747
1781787600000,1749.35,1751.47,1728.33,1735.88,280389.754
1781791200000,1735.87,1744.67,1728.66,1738.96,293857.619
1781794800000,1738.95,1739.37,1678.05,1681.21,1037209.354
1781798400000,1681.20,1692.28,1679.07,1686.12,410007.823
1781802000000,1686.13,1686.97,1670.56,1678.59,358459.090
1781805600000,1678.59,1688.53,1675.52,1684.48,158963.083
1781809200000,1684.48,1706.86,1682.00,1704.79,235484.468
1781812800000,1704.80,1716.64,1704.80,1709.81,185951.890
1781816400000,1709.82,1711.29,1700.74,1707.68,111883.299
1781820000000,1707.67,1707.92,1699.11,1706.01,65025.816
1781823600000,1706.00,1711.88,1702.00,1710.18,67011.386
1781827200000,1710.18,1715.42,1708.00,1712.99,73082.970
1781830800000,1713.00,1718.83,1705.19,1712.79,111796.772
1781834400000,1712.79,1714.61,1700.05,1706.28,108559.198
1781838000000,1706.29,1707.59,1680.03,1696.62,346621.457
1781841600000,1696.63,1702.00,1684.66,1688.70,175498.793
1781845200000,1688.70,1696.97,1688.54,1696.61,97452.885
1781848800000,1696.62,1702.88,1695.19,1699.42,109057.284
1781852400000,1699.42,1700.27,1689.07,1695.14,124498.463
1781856000000,1695.15,1698.47,1692.79,1697.32,79345.617
1781859600000,1697.31,1699.17,1687.81,1688.51,118684.044
1781863200000,1688.50,1693.92,1686.23,1691.83,80566.231
1781866800000,1691.82,1693.50,1687.82,1691.05,47962.315
1781870400000,1691.05,1695.53,1678.17,1694.47,208565.610
1781874000000,1694.48,1711.60,1686.64,1702.38,280589.321
1781877600000,1702.38,1709.29,1695.36,1706.07,158376.025
1781881200000,1706.06,1711.65,1697.12,1706.92,152740.653
1781884800000,1706.92,1711.00,1693.83,1695.82,141271.179
1781888400000,1695.82,1705.95,1692.43,1703.82,128130.763
1781892000000,1703.82,1704.70,1697.25,1701.86,51724.874
1781895600000,1701.85,1703.86,1697.26,1700.44,39018.652
1781899200000,1700.44,1708.65,1697.82,1708.00,54392.449
1781902800000,1707.99,1708.00,1700.37,1701.14,44352.992
1781906400000,1701.13,1709.68,1699.51,1707.00,67338.504
1781910000000,1707.00,1714.70,1704.19,1710.31,63233.201
1781913600000,1710.30,1717.72,1707.56,1708.01,94208.024
1781917200000,1708.00,1712.70,1705.78,1709.18,56164.343
1781920800000,1709.18,1709.90,1703.13,1703.95,53977.352
1781924400000,1703.95,1708.84,1703.80,1707.37,24729.567
1781928000000,1707.37,1714.98,1705.59,1712.69,73654.948
1781931600000,1712.70,1733.00,1711.50,1725.26,326909.253
1781935200000,1725.26,1729.00,1723.13,1726.89,80535.830
1781938800000,1726.88,1728.75,1722.10,1725.16,61979.361
1781942400000,1725.17,1726.29,1720.30,1722.18,77540.081
1781946000000,1722.18,1729.41,1722.18,1727.66,82027.173
1781949600000,1727.66,1728.80,1724.54,1726.91,44333.978
1781953200000,1726.90,1731.10,1725.00,1726.37,50383.182
1781956800000,1726.38,1729.75,1722.72,1725.96,65198.642
1781960400000,1725.97,1726.26,1711.54,1716.56,198643.645
1781964000000,1716.56,1746.63,1707.11,1732.76,416740.426
1781967600000,1732.76,1749.13,1728.15,1739.89,321456.652
1781971200000,1739.90,1740.27,1729.92,1733.06,93850.456
1781974800000,1733.07,1733.07,1720.01,1726.10,122825.892
1781978400000,1726.10,1731.51,1725.18,1725.78,52226.577
1781982000000,1725.79,1729.42,1724.23,1728.37,68460.940
1781985600000,1728.37,1730.48,1725.51,1729.99,30227.146
1781989200000,1729.98,1737.49,1729.44,1734.55,95828.982
1781992800000,1734.55,1745.72,1732.23,1742.49,147707.509
1781996400000,1742.50,1742.94,1739.55,1740.00,63640.170
1782000000000,1740.00,1740.08,1735.29,1737.00,60996.742
1782003600000,1737.00,1739.36,1733.36,1736.13,42357.210
1782007200000,1736.13,1737.36,1734.78,1735.34,23354.519
1782010800000,1735.35,1740.57,1732.62,1737.03,58224.291
1782014400000,1737.03,1740.68,1730.73,1732.06,63433.973
1782018000000,1732.06,1735.54,1728.49,1732.57,57036.841
1782021600000,1732.57,1737.86,1731.66,1735.23,42780.874
1782025200000,1735.23,1735.45,1730.88,1731.45,37569.865
1782028800000,1731.45,1732.36,1722.82,1728.29,97139.653
1782032400000,1728.29,1733.63,1725.00,1731.98,69855.672
1782036000000,1731.99,1736.31,1730.04,1730.56,63342.178
1782039600000,1730.57,1733.94,1717.19,1724.66,169410.642
1782043200000,1724.66,1726.29,1716.00,1725.14,186239.962
1782046800000,1725.14,1727.82,1721.08,1724.23,85955.700
1782050400000,1724.22,1727.93,1721.00,1727.81,48607.306
1782054000000,1727.81,1731.86,1726.10,1729.85,90393.767
1782057600000,1729.85,1729.85,1721.13,1727.44,89543.358
1782061200000,1727.44,1730.85,1725.21,1726.49,44642.457
1782064800000,1726.48,1737.13,1720.82,1734.55,118519.695
1782068400000,1734.54,1738.42,1732.68,1733.31,49926.773
1782072000000,1733.31,1734.60,1716.01,1720.56,116866.778
1782075600000,1720.57,1723.96,1700.37,1717.59,303444.945
1782079200000,1717.58,1720.63,1707.35,1717.01,139419.072
1782082800000,1717.00,1717.00,1703.44,1706.31,119294.198
1782086400000,1706.30,1731.92,1706.10,1726.19,214879.243
1782090000000,1726.19,1759.35,1723.68,1742.90,417011.069
1782093600000,1742.91,1744.57,1736.35,1736.36,106471.805
1782097200000,1736.35,1740.42,1725.57,1729.31,177321.823
1782100800000,1729.31,1735.21,1726.77,1734.39,82849.033
1782104400000,1734.40,1738.88,1733.25,1736.10,110092.303
1782108000000,1736.10,1739.62,1732.28,1734.15,65068.002
1782111600000,1734.15,1750.93,1733.94,1745.76,184888.893
1782115200000,1745.76,1752.00,1742.56,1746.91,94636.173
1782118800000,1746.92,1749.80,1742.78,1745.35,59356.666
1782122400000,1745.34,1750.85,1744.45,1748.01,58528.020
1782126000000,1748.00,1774.19,1746.51,1766.94,350846.087
1782129600000,1766.95,1771.34,1760.34,1763.26,200774.035
1782133200000,1763.27,1779.00,1761.02,1776.92,298667.896
1782136800000,1776.92,1777.35,1749.23,1753.74,414905.756
1782140400000,1753.75,1757.29,1741.13,1744.02,212437.857
1782144000000,1744.02,1745.55,1732.60,1739.39,276681.195
1782147600000,1739.40,1742.48,1730.20,1740.38,150520.971
1782151200000,1740.38,1746.99,1728.30,1732.61,241967.653
1782154800000,1732.62,1736.20,1727.41,1733.69,144349.681
1782158400000,1733.69,1739.60,1730.13,1733.81,85422.301
1782162000000,1733.81,1736.84,1725.76,1732.15,72383.306
1782165600000,1732.14,1735.28,1716.01,1723.48,186932.315
1782169200000,1723.48,1729.94,1720.51,1727.32,110861.668
1782172800000,1727.32,1731.30,1718.61,1730.42,92509.059
1782176400000,1730.41,1735.63,1720.24,1729.82,117095.942
1782180000000,1729.82,1734.36,1725.40,1731.91,49996.008
1782183600000,1731.91,1732.38,1725.02,1729.10,53511.602
1782187200000,1729.09,1730.49,1716.61,1718.44,112850.198
1782190800000,1718.44,1720.64,1709.09,1712.78,222335.224
1782194400000,1712.78,1713.02,1680.00,1691.29,544347.734
1782198000000,1691.29,1695.67,1681.01,1681.96,170294.206
1782201600000,1681.97,1683.88,1633.33,1647.36,907983.564
1782205200000,1647.35,1653.50,1647.15,1649.94,134610.075
1782208800000,1649.95,1657.96,1648.30,1651.75,130714.005
1782212400000,1651.75,1662.91,1651.66,1659.93,159570.231
1782216000000,1659.93,1661.57,1652.75,1653.63,115281.098
1782219600000,1653.65,1663.33,1643.66,1662.06,391789.402
1782223200000,1662.06,1672.00,1657.05,1661.26,299639.605
1782226800000,1661.27,1662.74,1650.30,1658.90,164913.272
1782230400000,1658.90,1673.60,1656.85,1658.55,214387.869
1782234000000,1658.55,1664.21,1653.57,1656.03,88778.942
1782237600000,1656.03,1659.85,1649.03,1654.65,103501.653
1782241200000,1654.65,1663.30,1654.59,1661.96,71873.202
1782244800000,1661.97,1666.99,1660.46,1663.40,57686.585
1782248400000,1663.40,1667.80,1662.77,1666.05,45334.764
1782252000000,1666.04,1672.12,1662.22,1663.84,75774.663
1782255600000,1663.83,1668.75,1659.27,1666.40,90889.198
1782259200000,1666.40,1674.09,1665.77,1670.55,88933.459
1782262800000,1670.55,1679.92,1665.14,1671.97,134222.520
1782266400000,1671.96,1672.86,1662.51,1663.01,94862.923
1782270000000,1663.00,1669.19,1657.04,1666.03,118977.150
1782273600000,1666.02,1670.43,1657.19,1668.12,86462.876
1782277200000,1668.12,1678.98,1666.95,1673.76,124575.225
1782280800000,1673.76,1676.33,1669.66,1674.22,61096.605
1782284400000,1674.22,1678.00,1670.03,1672.38,94504.143
1782288000000,1672.39,1674.55,1668.37,1672.56,62198.650
1782291600000,1672.56,1672.56,1664.49,1666.46,63403.935
1782295200000,1666.46,1667.59,1662.17,1662.90,91756.140
1782298800000,1662.90,1692.00,1654.53,1678.65,371485.766
1782302400000,1678.64,1680.67,1669.27,1670.82,146957.431
1782306000000,1670.83,1671.56,1640.01,1644.54,656574.699
1782309600000,1644.54,1656.70,1637.00,1646.69,396273.174
1782313200000,1646.69,1650.66,1616.00,1617.46,556988.914
1782316800000,1617.46,1636.00,1583.80,1589.07,943790.806
1782320400000,1589.06,1596.84,1551.00,1559.30,884030.140
1782324000000,1559.30,1583.90,1555.36,1571.42,433718.214
1782327600000,1571.42,1584.69,1565.80,1583.72,220043.835
1782331200000,1583.72,1621.38,1579.00,1613.00,454713.377
1782334800000,1613.00,1621.15,1605.12,1620.44,133343.406
1782338400000,1620.44,1629.15,1612.77,1614.75,116799.682
1782342000000,1614.75,1622.89,1612.90,1621.54,59919.271
1782345600000,1621.55,1625.98,1615.63,1618.23,113248.167
1782349200000,1618.23,1623.40,1613.67,1619.95,86783.423
1782352800000,1619.96,1620.77,1614.09,1620.07,70338.733
1782356400000,1620.06,1623.46,1615.31,1618.89,80048.729
1782360000000,1618.89,1636.10,1616.22,1634.25,157565.502
1782363600000,1634.25,1651.90,1632.79,1645.00,437138.816
1782367200000,1645.01,1660.56,1643.32,1653.21,191278.288
1782370800000,1653.22,1659.00,1650.35,1656.44,148110.812
1782374400000,1656.44,1658.33,1650.16,1652.09,110145.725
1782378000000,1652.09,1654.49,1645.71,1648.10,126805.662
1782381600000,1648.10,1649.06,1632.08,1635.87,200739.088
1782385200000,1635.88,1638.48,1627.07,1632.26,236887.093
1782388800000,1632.26,1649.69,1623.00,1634.91,349011.209
1782392400000,1634.91,1640.07,1530.00,1537.01,1237875.315
1782396000000,1537.00,1593.65,1537.00,1567.44,1259824.837
1782399600000,1567.44,1572.86,1543.27,1569.43,541925.496
1782403200000,1569.42,1587.00,1557.24,1561.24,385922.138
1782406800000,1561.24,1574.74,1556.56,1574.22,219763.294
1782410400000,1574.22,1576.77,1559.35,1566.92,214267.554
1782414000000,1566.92,1567.18,1553.81,1558.82,171814.225
1782417600000,1558.83,1569.95,1556.00,1559.56,155407.874
1782421200000,1559.57,1582.55,1559.43,1579.87,137135.274
1782424800000,1579.86,1583.00,1565.63,1569.48,140082.942
1782428400000,1569.47,1579.00,1563.55,1566.97,133764.857
1782432000000,1566.98,1571.12,1562.41,1563.79,86655.759
1782435600000,1563.79,1567.96,1554.33,1559.28,123880.282
1782439200000,1559.28,1560.22,1518.27,1523.68,690544.721
1782442800000,1523.69,1563.27,1510.87,1557.07,654733.667
1782446400000,1557.07,1560.39,1546.51,1548.99,182099.917
1782450000000,1549.00,1558.79,1547.63,1554.89,132137.096
1782453600000,1554.89,1573.32,1542.28,1570.15,344493.032
1782457200000,1570.15,1585.55,1569.86,1579.82,296656.925
1782460800000,1579.81,1581.34,1562.78,1565.92,252624.991
1782464400000,1565.93,1566.74,1548.42,1552.08,257262.589
1782468000000,1552.09,1555.25,1544.00,1547.50,224207.022
1782471600000,1547.50,1554.49,1540.00,1544.40,192800.953
1782475200000,1544.40,1559.75,1526.74,1535.54,568803.092
1782478800000,1535.55,1570.97,1520.34,1568.81,672662.922
1782482400000,1568.81,1574.80,1552.79,1559.32,491733.589
1782486000000,1559.32,1587.65,1558.81,1579.32,471355.047
1782489600000,1579.32,1594.89,1571.50,1577.07,347882.620
1782493200000,1577.07,1588.92,1575.85,1581.16,161400.429
1782496800000,1581.16,1584.99,1569.67,1572.63,106666.214
1782500400000,1572.63,1583.54,1569.66,1573.82,119235.685
1782504000000,1573.92,1582.67,1567.12,1570.15,151325.908
1782507600000,1570.15,1578.78,1567.59,1574.47,54142.599
1782511200000,1574.47,1578.95,1568.53,1577.21,59328.775
1782514800000,1577.20,1580.24,1573.47,1577.86,54892.817
1782518400000,1577.85,1581.39,1570.66,1575.93,75303.457
1782522000000,1575.92,1576.96,1573.08,1575.06,25819.184
1782525600000,1575.06,1586.42,1573.79,1582.29,94076.729
1782529200000,1582.28,1584.31,1577.56,1579.77,57029.529
1782532800000,1579.77,1584.71,1578.19,1578.85,50260.644
1782536400000,1578.85,1580.50,1576.27,1577.84,43358.728
1782540000000,1577.84,1584.00,1574.39,1582.00,66609.284
1782543600000,1581.99,1585.70,1579.84,1584.75,66810.990
1782547200000,1584.75,1585.19,1580.76,1583.31,40067.145
1782550800000,1583.31,1584.13,1578.55,1582.00,38893.262
1782554400000,1581.99,1584.18,1581.32,1583.41,34112.381
1782558000000,1583.40,1584.41,1578.08,1583.13,56587.975
1782561600000,1583.13,1585.77,1580.55,1585.18,54849.249
1782565200000,1585.19,1592.37,1584.17,1591.41,116353.808
1782568800000,1591.40,1598.63,1588.65,1593.84,130432.153
1782572400000,1593.85,1610.44,1593.20,1604.87,265155.645
1782576000000,1604.86,1607.30,1600.74,1606.31,79906.190
1782579600000,1606.31,1606.40,1587.73,1590.40,257375.464
1782583200000,1590.41,1593.89,1588.30,1593.12,50224.932
1782586800000,1593.12,1594.44,1571.98,1577.52,254694.895
1782590400000,1577.52,1582.56,1577.52,1580.61,53846.020
1782594000000,1580.61,1584.61,1573.27,1574.49,81657.723
1782597600000,1574.49,1578.78,1561.69,1578.16,163572.133
1782601200000,1578.17,1580.85,1569.41,1573.10,99922.058
1782604800000,1573.10,1577.47,1571.81,1574.00,62750.597
1782608400000,1574.01,1576.25,1569.02,1574.35,52615.714
1782612000000,1574.36,1579.28,1568.27,1571.12,67359.177
1782615600000,1571.13,1575.44,1571.13,1574.27,33811.904
1782619200000,1574.27,1576.65,1569.56,1573.45,45151.115
1782622800000,1573.44,1573.61,1563.05,1568.31,130618.950
1782626400000,1568.31,1569.74,1561.59,1566.91,107052.374
1782630000000,1566.91,1576.34,1566.91,1575.02,85692.036
1782633600000,1575.03,1584.67,1572.70,1580.51,136163.851
1782637200000,1580.51,1585.69,1577.46,1578.02,72048.852
1782640800000,1578.03,1580.80,1571.38,1576.46,87630.929
1782644400000,1576.47,1583.29,1575.13,1582.10,68017.602
1782648000000,1582.10,1588.27,1577.26,1582.79,99251.774
1782651600000,1582.78,1582.93,1574.01,1578.82,101454.869
1782655200000,1578.82,1585.67,1577.32,1580.63,83102.978
1782658800000,1580.63,1584.63,1576.24,1580.00,100861.856
1782662400000,1580.00,1581.14,1565.77,1572.21,187760.941
1782666000000,1572.20,1576.81,1562.74,1571.58,151399.608
1782669600000,1571.57,1574.72,1568.43,1571.01,66136.820
1782673200000,1571.02,1573.82,1555.62,1563.78,162187.656
1782676800000,1563.78,1575.88,1563.51,1572.49,104309.571
1782680400000,1572.49,1573.24,1558.13,1562.76,93056.063
1782684000000,1562.77,1582.00,1547.00,1556.09,338749.778
1782687600000,1556.09,1579.57,1554.35,1571.10,182826.366
1782691200000,1571.11,1574.25,1551.00,1572.65,258274.001
1782694800000,1572.65,1573.75,1559.11,1567.81,134769.362
1782698400000,1567.82,1578.55,1549.08,1575.83,309467.425
1782702000000,1575.84,1588.92,1575.84,1583.97,218003.886
1782705600000,1583.98,1584.23,1573.68,1574.77,91895.819
1782709200000,1574.77,1582.40,1561.16,1582.38,224841.425
1782712800000,1582.39,1588.58,1579.09,1582.25,163925.419
1782716400000,1582.26,1584.33,1577.06,1579.36,68966.520
1782720000000,1579.36,1581.63,1569.28,1572.27,142906.987
1782723600000,1572.27,1579.87,1569.58,1575.46,96099.755
1782727200000,1575.47,1586.55,1575.47,1577.68,124438.054
1782730800000,1577.67,1581.89,1569.44,1574.16,174193.540
1782734400000,1574.16,1597.00,1565.44,1575.27,650818.622
1782738000000,1575.27,1588.04,1564.00,1572.21,462115.207
1782741600000,1572.23,1578.62,1556.54,1572.37,384202.357
1782745200000,1572.36,1585.42,1560.57,1579.48,381415.317
1782748800000,1579.49,1587.04,1573.33,1584.63,190693.905
1782752400000,1584.63,1637.20,1584.63,1627.37,781611.158
1782756000000,1627.38,1628.20,1617.79,1620.45,160630.521
1782759600000,1620.46,1626.84,1615.50,1624.73,121315.922
1782763200000,1624.74,1626.00,1616.48,1616.90,86256.368
1782766800000,1616.89,1622.55,1610.75,1619.34,126235.277
1782770400000,1619.34,1621.28,1611.63,1612.18,64732.761
1782774000000,1612.18,1613.25,1606.74,1612.12,84806.256
1782777600000,1612.12,1613.56,1591.60,1593.77,234649.445
1782781200000,1593.77,1599.31,1588.12,1593.21,169738.789
1782784800000,1593.21,1593.24,1585.64,1589.95,116616.518
1782788400000,1589.94,1595.68,1585.72,1586.26,81355.860
1782792000000,1586.26,1590.35,1578.64,1587.26,220855.227
1782795600000,1587.25,1591.39,1584.29,1590.92,110181.473
1782799200000,1590.92,1594.25,1588.10,1592.98,75109.089
1782802800000,1592.97,1595.79,1589.21,1591.64,64201.273
1782806400000,1591.65,1593.59,1578.42,1583.27,178243.632
1782810000000,1583.27,1586.47,1580.54,1584.77,83072.287
1782813600000,1584.76,1586.33,1581.47,1583.80,48248.750
1782817200000,1583.81,1585.53,1574.55,1577.87,165772.439
1782820800000,1577.88,1577.88,1550.00,1551.81,486788.512
1782824400000,1551.81,1566.92,1549.16,1566.58,477991.061
1782828000000,1566.58,1577.46,1560.55,1562.85,345138.991
1782831600000,1562.85,1576.36,1556.51,1564.56,238749.206
1782835200000,1564.56,1574.43,1561.21,1571.74,141130.761
1782838800000,1571.74,1576.60,1567.80,1570.26,87916.643
1782842400000,1570.26,1581.62,1568.85,1578.45,124605.291
1782846000000,1578.45,1581.37,1574.86,1579.78,77573.341
1782849600000,1579.77,1582.23,1572.35,1575.37,75951.505
1782853200000,1575.36,1576.57,1568.81,1571.10,66951.048
1782856800000,1571.10,1574.63,1565.82,1566.61,82208.122
1782860400000,1566.61,1572.43,1565.29,1571.47,74598.124
1782864000000,1571.48,1576.17,1565.30,1574.35,85846.826
1782867600000,1574.36,1585.95,1552.03,1577.22,372787.881
1782871200000,1577.21,1588.92,1573.68,1585.71,196266.416
1782874800000,1585.72,1598.98,1581.68,1594.07,239208.850
1782878400000,1594.08,1604.40,1590.06,1598.57,155440.852
1782882000000,1598.57,1600.21,1590.49,1591.89,139435.389
1782885600000,1591.89,1592.39,1570.43,1575.48,312922.323
1782889200000,1575.48,1580.56,1571.49,1577.70,113951.028
1782892800000,1577.71,1581.75,1567.49,1581.75,158305.852
1782896400000,1581.74,1584.49,1577.71,1580.44,121400.740
1782900000000,1580.44,1581.09,1571.03,1572.66,94388.983
1782903600000,1572.67,1575.19,1565.94,1569.02,98885.875
1782907200000,1569.02,1571.91,1564.17,1569.39,152690.222
1782910800000,1569.40,1597.72,1569.02,1596.42,479078.370
1782914400000,1596.42,1616.60,1590.35,1600.44,662228.674
1782918000000,1600.44,1630.72,1600.09,1619.26,555942.579
1782921600000,1619.27,1628.65,1611.03,1613.86,228643.701
1782925200000,1613.85,1624.32,1606.14,1622.10,210542.560
1782928800000,1622.11,1623.73,1611.09,1615.70,143148.108
1782932400000,1615.70,1623.36,1613.66,1617.14,101697.407
1782936000000,1617.14,1619.83,1609.35,1617.11,119723.300
1782939600000,1617.11,1638.40,1616.86,1631.19,226367.300
1782943200000,1631.17,1645.86,1619.38,1620.98,314756.042
1782946800000,1620.98,1620.98,1607.42,1608.87,156270.128
1782950400000,1608.87,1609.07,1596.14,1602.71,202353.728
1782954000000,1602.72,1624.65,1601.78,1619.88,203642.946
1782957600000,1619.89,1623.88,1613.59,1620.00,116727.804
1782961200000,1620.00,1643.47,1617.47,1638.85,308745.666
1782964800000,1638.84,1639.40,1629.26,1632.14,130700.823
1782968400000,1632.13,1634.39,1624.30,1625.97,96827.171
1782972000000,1625.96,1629.22,1616.54,1618.23,145570.963
1782975600000,1618.22,1619.19,1613.99,1615.56,144989.272
1782979200000,1615.55,1625.50,1614.51,1624.24,167410.695
1782982800000,1624.23,1652.00,1619.57,1642.63,552430.196
1782986400000,1642.63,1648.84,1640.66,1645.41,200683.029
1782990000000,1645.41,1654.36,1643.52,1649.41,270166.707
1782993600000,1649.42,1670.00,1646.89,1661.97,487392.868
1782997200000,1661.97,1713.89,1660.00,1710.16,1153757.159
1783000800000,1710.17,1725.00,1692.00,1700.97,684333.446
1783004400000,1700.96,1702.94,1687.51,1696.32,245198.124
1783008000000,1696.33,1703.86,1685.04,1698.91,257285.250
1783011600000,1698.92,1704.69,1693.34,1694.97,128348.682
1783015200000,1694.97,1706.49,1694.35,1701.35,90856.364
1783018800000,1701.36,1704.96,1694.00,1699.42,115736.245
1783022400000,1699.41,1706.00,1695.33,1704.84,99752.153
1783026000000,1704.83,1705.29,1696.30,1699.38,91491.443
1783029600000,1699.39,1700.40,1693.10,1696.01,56268.542
1783033200000,1696.00,1701.36,1691.30,1699.90,66775.988
1783036800000,1699.89,1702.48,1693.68,1696.01,68579.757
1783040400000,1696.01,1718.39,1694.55,1711.53,238706.216
1783044000000,1711.52,1714.59,1695.30,1704.06,155266.611
1783047600000,1704.06,1711.44,1698.68,1705.61,104162.810
1783051200000,1705.61,1707.99,1701.74,1702.56,50543.195
1783054800000,1702.56,1721.78,1701.63,1714.17,144598.336
1783058400000,1714.16,1720.85,1712.04,1715.32,109109.722
1783062000000,1715.31,1721.97,1713.00,1717.00,101004.552
1783065600000,1717.00,1737.34,1714.90,1719.10,317161.591
1783069200000,1719.11,1731.00,1716.19,1725.63,175783.958
1783072800000,1725.63,1748.67,1725.49,1741.51,398985.966
1783076400000,1741.51,1747.65,1736.64,1741.66,176925.908
1783080000000,1741.66,1744.40,1730.57,1735.66,176108.065
1783083600000,1735.65,1753.36,1735.10,1747.40,265943.565
1783087200000,1747.40,1747.41,1728.03,1736.51,274265.995
1783090800000,1736.51,1745.52,1728.75,1730.37,261005.308
1783094400000,1730.38,1734.79,1726.85,1732.87,100977.038
1783098000000,1732.87,1741.41,1731.57,1737.53,125497.225
1783101600000,1737.54,1740.50,1735.49,1738.09,50856.889
1783105200000,1738.09,1752.97,1736.55,1744.78,236400.346
1783108800000,1744.79,1773.78,1742.76,1765.43,396968.035
1783112400000,1765.44,1775.50,1756.23,1762.87,168914.394
1783116000000,1762.88,1763.33,1755.16,1756.87,64892.177
1783119600000,1756.87,1761.42,1754.30,1757.41,48932.369
1783123200000,1757.41,1763.39,1755.57,1758.01,77483.968
1783126800000,1758.00,1758.01,1745.12,1747.13,146781.277
1783130400000,1747.13,1750.58,1743.09,1748.64,66367.894
1783134000000,1748.64,1755.97,1746.42,1753.14,79586.222
1783137600000,1753.14,1763.99,1751.26,1760.99,96498.297
1783141200000,1761.00,1761.00,1752.50,1755.32,72207.071
1783144800000,1755.33,1760.93,1750.51,1753.98,76540.731
1783148400000,1753.98,1758.99,1752.09,1757.42,64262.614
1783152000000,1757.43,1765.42,1756.59,1761.61,93166.685
1783155600000,1761.62,1762.42,1754.08,1757.33,62485.997
1783159200000,1757.33,1760.49,1756.22,1758.30,40411.821
1783162800000,1758.30,1759.68,1755.37,1757.27,43424.040
1783166400000,1757.28,1765.82,1757.27,1763.58,76379.721
1783170000000,1763.58,1778.29,1760.67,1763.17,184192.233
1783173600000,1763.18,1774.21,1763.02,1771.51,127491.611
1783177200000,1771.52,1799.00,1771.46,1790.43,515978.581
1783180800000,1790.44,1791.41,1782.38,1786.31,172544.631
1783184400000,1786.30,1808.00,1778.08,1798.83,334074.346
1783188000000,1798.84,1805.34,1791.00,1793.01,148635.655
1783191600000,1793.02,1797.04,1787.53,1792.00,89100.442
1783195200000,1792.00,1795.27,1782.80,1786.24,89403.581
1783198800000,1786.23,1793.68,1785.36,1788.38,52605.231
1783202400000,1788.37,1788.60,1781.33,1784.00,57535.467
1783206000000,1784.00,1784.82,1770.88,1779.94,147981.372
1783209600000,1779.94,1780.03,1767.90,1771.99,101254.877
1783213200000,1772.00,1773.97,1760.17,1765.83,171267.122
1783216800000,1765.83,1767.15,1756.04,1760.00,147502.023
1783220400000,1760.01,1763.16,1756.71,1760.65,71471.185
1783224000000,1760.65,1771.99,1759.21,1766.73,122239.131
1783227600000,1766.72,1767.01,1759.13,1765.19,76696.721
1783231200000,1765.19,1767.54,1761.02,1763.90,48452.882
1783234800000,1763.91,1771.51,1761.00,1769.17,81940.689
1783238400000,1769.18,1772.69,1765.64,1766.82,58182.870
1783242000000,1766.82,1767.05,1747.27,1757.37,239393.499
1783245600000,1757.37,1761.35,1754.28,1760.75,79158.546
1783249200000,1760.75,1764.52,1758.04,1759.39,59973.989
1783252800000,1759.39,1768.88,1755.15,1764.26,94792.848
1783256400000,1764.26,1767.04,1760.52,1765.49,55689.186
1783260000000,1765.48,1772.37,1764.00,1771.67,75655.636
1783263600000,1771.67,1781.18,1769.44,1773.89,190031.804
1783267200000,1773.88,1776.95,1769.46,1772.10,68426.233
1783270800000,1772.11,1786.11,1772.11,1778.53,150450.436
1783274400000,1778.52,1786.35,1776.72,1780.32,70600.062
1783278000000,1780.32,1783.83,1776.61,1780.67,47125.360
1783281600000,1780.66,1782.90,1775.03,1776.43,45895.924
1783285200000,1776.43,1792.99,1768.04,1786.11,192554.537
1783288800000,1786.12,1807.77,1783.36,1789.30,334994.892
1783292400000,1789.29,1802.17,1781.88,1785.07,168066.774
1783296000000,1785.07,1793.79,1772.84,1792.67,200672.379
1783299600000,1792.67,1798.40,1784.30,1785.43,127352.818
1783303200000,1785.43,1789.69,1778.63,1782.88,106978.713
1783306800000,1782.88,1784.48,1770.84,1778.92,140666.751
1783310400000,1778.93,1785.06,1775.25,1777.03,81429.567
1783314000000,1777.03,1777.52,1763.66,1773.42,191289.983
1783317600000,1773.41,1774.72,1768.42,1768.75,92364.068
1783321200000,1768.75,1774.83,1766.00,1771.42,98510.166
1783324800000,1771.43,1777.96,1762.14,1764.97,133021.717
1783328400000,1764.96,1765.38,1755.07,1757.93,172361.586
1783332000000,1757.93,1773.55,1757.30,1770.22,155010.134
1783335600000,1770.23,1774.77,1758.51,1758.51,141239.541
1783339200000,1758.51,1760.00,1734.50,1740.11,792058.678
1783342800000,1740.11,1752.99,1728.30,1744.04,534960.274
1783346400000,1744.03,1762.58,1741.08,1751.08,291509.347
1783350000000,1751.09,1788.26,1750.77,1787.72,543835.414
1783353600000,1787.72,1804.50,1781.53,1791.90,534001.807
1783357200000,1791.90,1799.86,1786.53,1787.47,186681.712
1783360800000,1787.48,1795.71,1785.87,1791.91,101292.987
1783364400000,1791.91,1798.31,1790.40,1791.81,92408.107
1783368000000,1791.82,1795.70,1786.46,1792.30,78702.959
1783371600000,1792.30,1833.00,1791.62,1814.30,524612.163
1783375200000,1814.29,1816.11,1803.48,1805.54,110605.183
1783378800000,1805.54,1809.46,1796.59,1798.84,108816.882
1783382400000,1798.84,1809.87,1793.96,1802.80,138621.326
1783386000000,1802.79,1802.91,1786.59,1791.81,209545.124
1783389600000,1791.81,1793.68,1775.98,1777.69,225309.063
1783393200000,1777.69,1780.82,1766.80,1770.70,169873.785
1783396800000,1770.70,1772.81,1761.59,1765.67,149319.800
1783400400000,1765.67,1772.77,1756.62,1769.67,207822.349
1783404000000,1769.68,1782.23,1763.91,1778.48,193789.402
1783407600000,1778.47,1782.00,1770.23,1770.54,138978.615
1783411200000,1770.54,1774.82,1767.29,1769.81,94199.815
1783414800000,1769.81,1782.30,1767.78,1777.30,122548.196
1783418400000,1777.30,1784.00,1773.28,1775.09,107963.999
1783422000000,1775.09,1784.34,1770.90,1779.90,98831.317
1783425600000,1779.91,1793.77,1779.51,1781.31,225156.682
1783429200000,1781.31,1782.71,1765.19,1768.05,332651.560
1783432800000,1768.04,1792.44,1760.01,1788.76,384496.091
1783436400000,1788.77,1802.86,1782.25,1796.66,314489.988
1783440000000,1796.67,1812.85,1791.39,1801.41,245275.824
1783443600000,1801.41,1809.74,1797.53,1809.67,122834.896
1783447200000,1809.68,1809.72,1785.01,1785.60,216154.218
1783450800000,1785.59,1791.48,1771.02,1789.59,273477.734
1783454400000,1789.59,1792.27,1780.43,1783.32,76133.929
1783458000000,1783.31,1788.61,1770.00,1772.84,128846.906
1783461600000,1772.85,1777.90,1764.50,1774.42,127308.499
1783465200000,1774.42,1780.39,1767.49,1770.67,67268.671
1783468800000,1770.67,1784.16,1769.03,1779.72,112270.274
1783472400000,1779.72,1780.14,1748.62,1755.11,327636.286
1783476000000,1755.10,1758.83,1740.40,1756.89,274999.143
1783479600000,1756.90,1763.14,1748.29,1750.78,130497.805
1783483200000,1750.78,1757.32,1748.34,1755.59,81671.963
1783486800000,1755.58,1759.00,1749.72,1753.34,66645.393
1783490400000,1753.34,1754.50,1745.51,1751.01,112465.241
1783494000000,1751.00,1756.60,1744.30,1755.74,132273.195
1783497600000,1755.74,1757.96,1724.31,1734.76,611429.527
1783501200000,1734.76,1740.45,1729.17,1735.30,166742.305
1783504800000,1735.30,1741.78,1731.76,1738.67,92610.708
1783508400000,1738.67,1751.14,1735.20,1747.36,203730.917
1783512000000,1747.35,1750.68,1737.28,1737.79,156169.990
1783515600000,1737.78,1743.59,1730.27,1736.98,251232.938
1783519200000,1736.97,1740.32,1721.41,1728.88,357072.517
1783522800000,1728.88,1729.75,1712.45,1722.08,343509.355
1783526400000,1722.08,1737.70,1722.07,1735.61,199680.196
1783530000000,1735.60,1745.80,1729.93,1732.28,185717.322
1783533600000,1732.28,1740.48,1729.16,1736.69,99780.734
1783537200000,1736.69,1740.98,1732.54,1740.34,78366.898
1783540800000,1740.35,1740.70,1733.73,1735.72,56921.808
1783544400000,1735.73,1739.29,1730.52,1737.39,60531.167
1783548000000,1737.39,1742.79,1735.80,1740.50,42270.393
1783551600000,1740.51,1744.14,1737.84,1742.68,48627.352
1783555200000,1742.67,1743.99,1736.17,1737.40,64154.783
1783558800000,1737.40,1755.28,1728.84,1731.00,230257.352
1783562400000,1731.00,1738.90,1722.66,1726.51,153531.372
1783566000000,1726.52,1733.80,1720.53,1729.90,107848.289
1783569600000,1729.89,1743.07,1729.41,1741.69,101113.883
1783573200000,1741.68,1748.88,1736.72,1748.69,144342.853
1783576800000,1748.69,1754.96,1745.02,1754.51,175090.578
1783580400000,1754.51,1762.52,1749.90,1752.47,190376.629
1783584000000,1752.47,1758.30,1750.00,1753.56,87934.135
1783587600000,1753.56,1755.76,1748.54,1755.00,75066.316
1783591200000,1755.00,1756.77,1743.18,1745.46,93539.349
1783594800000,1745.47,1747.79,1740.26,1743.17,105606.403
1783598400000,1743.18,1746.68,1733.98,1740.79,253882.246
1783602000000,1740.79,1751.52,1735.00,1746.33,227508.746
1783605600000,1746.34,1749.26,1732.49,1742.42,220930.513
1783609200000,1742.42,1748.56,1736.53,1738.61,125545.301
1783612800000,1738.61,1743.00,1731.10,1738.20,120013.986
1783616400000,1738.21,1751.83,1737.62,1747.76,133903.590
1783620000000,1747.75,1759.65,1746.53,1750.70,202110.508
1783623600000,1750.71,1752.44,1746.00,1747.81,63471.586
1783627200000,1747.81,1749.69,1744.05,1747.94,55648.370
1783630800000,1747.94,1750.35,1744.25,1747.41,30669.938
1783634400000,1747.41,1750.37,1745.33,1746.60,34255.213
1783638000000,1746.60,1748.31,1740.65,1744.25,55442.517
1783641600000,1744.26,1745.86,1736.61,1742.25,92111.596
1783645200000,1742.26,1776.97,1737.24,1767.00,318335.948
1783648800000,1767.00,1774.43,1763.73,1772.11,170125.132
1783652400000,1772.11,1779.38,1768.44,1775.41,122953.746
1783656000000,1775.40,1779.91,1770.94,1773.90,102227.956
1783659600000,1773.89,1779.35,1771.51,1778.16,99294.613
1783663200000,1778.15,1779.21,1768.29,1770.28,136932.596
1783666800000,1770.28,1776.74,1767.71,1772.50,76782.173
1783670400000,1772.50,1788.97,1771.66,1783.21,213994.433
1783674000000,1783.21,1794.20,1780.30,1791.85,163472.492
1783677600000,1791.85,1803.24,1788.62,1796.07,195020.148
1783681200000,1796.07,1801.75,1793.48,1800.64,130841.523
1783684800000,1800.63,1806.82,1791.84,1793.17,172959.881
1783688400000,1793.16,1811.23,1792.65,1803.06,215136.183
1783692000000,1803.06,1803.98,1774.83,1784.26,410527.982
1783695600000,1784.27,1796.10,1783.07,1790.49,148257.581
1783699200000,1790.48,1798.86,1785.01,1796.66,111067.695
1783702800000,1796.66,1798.37,1787.35,1787.44,98704.909
1783706400000,1787.45,1793.07,1779.35,1784.17,102477.118
1783710000000,1784.17,1796.43,1783.43,1791.85,116523.012
1783713600000,1791.85,1793.64,1788.57,1789.28,63776.236
1783717200000,1789.28,1796.17,1788.88,1793.51,44132.192
1783720800000,1793.50,1795.90,1792.08,1794.28,33810.624
1783724400000,1794.28,1797.40,1791.56,1796.03,44583.348
1783728000000,1796.03,1796.36,1788.70,1792.57,46189.432
1783731600000,1792.57,1798.86,1787.68,1788.22,75871.175
1783735200000,1788.22,1795.42,1785.00,1794.93,55912.840
1783738800000,1794.93,1797.63,1791.66,1795.65,47476.969
1783742400000,1795.66,1799.91,1794.50,1795.84,36641.000
1783746000000,1795.85,1802.59,1794.28,1798.60,57749.729
1783749600000,1798.61,1802.76,1793.84,1798.40,65402.783
1783753200000,1798.39,1801.18,1797.28,1799.07,41216.605
1783756800000,1799.07,1802.99,1798.57,1800.72,36661.448
1783760400000,1800.72,1801.89,1794.24,1794.75,49523.828
1783764000000,1794.75,1798.61,1794.51,1797.63,42177.645
1783767600000,1797.62,1800.13,1796.39,1799.60,32935.206
1783771200000,1799.60,1800.78,1797.52,1799.44,26544.918
1783774800000,1799.44,1808.00,1798.17,1801.97,83084.515
1783778400000,1801.96,1818.90,1801.63,1809.81,238466.637
1783782000000,1809.81,1827.80,1807.70,1814.12,411667.160
1783785600000,1814.11,1823.49,1809.70,1822.45,164602.489
1783789200000,1822.45,1829.52,1817.41,1823.76,123369.714
1783792800000,1823.77,1829.41,1822.85,1825.33,92267.669
1783796400000,1825.33,1826.43,1818.50,1823.72,79313.988
1783800000000,1823.72,1827.90,1823.17,1825.32,37934.714
1783803600000,1825.32,1828.53,1821.84,1823.03,38677.149
1783807200000,1823.03,1823.41,1808.00,1812.88,147665.654
1783810800000,1812.88,1814.96,1785.01,1786.70,330316.259
1783814400000,1786.69,1790.48,1778.26,1788.23,227246.213
1783818000000,1788.23,1807.73,1787.23,1805.85,203998.445
1783821600000,1805.86,1806.74,1802.14,1804.19,64582.632
1783825200000,1804.18,1814.58,1801.25,1810.83,103180.899
1783828800000,1810.84,1811.85,1803.21,1805.06,77414.983
1783832400000,1805.07,1806.46,1800.27,1802.29,54935.447
1783836000000,1802.30,1802.30,1788.12,1794.27,161491.626
1783839600000,1794.27,1798.30,1793.31,1797.98,56777.789
1783843200000,1797.97,1808.30,1797.80,1804.28,107173.250
1783846800000,1804.29,1805.00,1795.40,1801.58,84276.122
1783850400000,1801.57,1801.92,1798.09,1798.66,65912.576
1783854000000,1798.66,1805.98,1795.51,1802.99,72809.604
1783857600000,1802.99,1808.90,1802.16,1806.17,63817.964
1783861200000,1806.16,1808.93,1804.42,1805.03,41315.966
1783864800000,1805.02,1823.32,1803.07,1818.73,155110.269
1783868400000,1818.72,1826.20,1815.66,1819.95,218738.211
1783872000000,1819.95,1823.43,1816.38,1820.85,99900.339
1783875600000,1820.85,1821.46,1813.69,1817.43,60264.619
1783879200000,1817.43,1821.74,1814.28,1820.78,60413.099
1783882800000,1820.78,1822.72,1817.68,1820.58,32218.616
1783886400000,1820.57,1823.40,1817.87,1820.42,31019.184
1783890000000,1820.41,1822.73,1810.50,1811.53,77060.724
1783893600000,1811.53,1811.53,1796.50,1804.03,212527.899
1783897200000,1804.02,1808.49,1800.02,1805.92,79490.600
1783900800000,1805.92,1848.00,1803.31,1825.60,718791.494
1783904400000,1825.60,1829.34,1804.42,1805.74,298120.948
1783908000000,1805.74,1814.52,1798.00,1806.12,245929.477
1783911600000,1806.12,1806.13,1773.46,1779.76,552099.158
1783915200000,1779.77,1784.34,1775.28,1777.92,138380.551
1783918800000,1777.93,1785.72,1772.00,1780.87,197347.004
1783922400000,1780.87,1782.78,1775.00,1776.96,91892.750
1783926000000,1776.96,1790.50,1775.29,1786.74,157925.382
1783929600000,1786.74,1792.49,1782.82,1789.21,108396.892
1783933200000,1789.20,1789.57,1783.86,1784.80,60513.477
1783936800000,1784.80,1785.90,1776.01,1778.75,106773.047
1783940400000,1778.75,1783.92,1778.75,1779.90,72372.725
1783944000000,1779.90,1782.77,1766.06,1771.35,292896.204
1783947600000,1771.34,1775.65,1761.86,1770.61,285759.134
1783951200000,1770.61,1781.42,1761.63,1780.94,333068.149
1783954800000,1780.94,1785.97,1773.99,1775.90,149011.242
1783958400000,1775.90,1780.20,1766.19,1771.05,163182.685
1783962000000,1771.05,1775.37,1751.72,1752.69,304477.019
1783965600000,1752.70,1766.69,1748.00,1763.99,227640.586
1783969200000,1764.00,1774.33,1763.54,1773.86,103180.805
1783972800000,1773.86,1776.44,1760.57,1766.25,119963.474
1783976400000,1766.25,1766.36,1751.42,1760.80,100909.891
1783980000000,1760.80,1767.73,1755.55,1757.43,92520.129
1783983600000,1757.43,1777.73,1755.57,1776.00,162091.126
1783987200000,1776.00,1788.26,1772.52,1785.24,183992.562
1783990800000,1785.24,1793.90,1782.30,1783.96,175005.015
1783994400000,1783.97,1788.08,1774.15,1781.84,135108.080
1783998000000,1781.85,1783.43,1773.55,1782.99,69652.465
1784001600000,1783.00,1788.92,1781.51,1784.90,108078.013
1784005200000,1784.91,1792.77,1783.56,1786.24,108072.671
1784008800000,1786.24,1786.77,1781.02,1782.49,45440.094
1784012400000,1782.50,1785.89,1778.40,1780.00,84010.615
1784016000000,1780.00,1788.87,1777.61,1785.11,81962.488
1784019600000,1785.11,1788.83,1781.89,1785.29,80816.310
1784023200000,1785.29,1804.53,1785.20,1799.56,331111.960
1784026800000,1799.57,1802.22,1794.80,1797.04,134019.274
1784030400000,1797.03,1866.94,1793.34,1860.70,1155555.388
1784034000000,1860.70,1882.65,1854.01,1870.52,813617.172
1784037600000,1870.52,1884.06,1858.33,1880.17,396920.832
1784041200000,1880.17,1887.99,1871.53,1874.38,344609.367
1784044800000,1874.37,1876.59,1867.60,1873.03,161500.243
1784048400000,1873.03,1873.04,1860.00,1870.87,175099.035
1784052000000,1870.87,1876.20,1867.36,1873.90,77000.267
1784055600000,1873.91,1881.09,1873.50,1875.86,99378.136
1784059200000,1875.85,1877.69,1873.07,1874.62,55854.905
1784062800000,1874.61,1879.00,1873.43,1875.44,62282.132
1784066400000,1875.44,1896.86,1871.07,1881.09,332420.416
1784070000000,1881.09,1892.49,1877.72,1891.12,98957.643
1784073600000,1891.12,1892.50,1877.02,1880.71,139598.737
1784077200000,1880.70,1881.24,1865.59,1869.33,164176.284
1784080800000,1869.34,1872.36,1863.32,1863.62,89162.980
1784084400000,1863.63,1878.33,1863.50,1875.32,116310.434
1784088000000,1875.31,1879.85,1872.38,1875.65,73548.757
1784091600000,1875.65,1882.86,1870.53,1881.71,89876.568
1784095200000,1881.72,1891.54,1874.16,1874.82,243302.098
1784098800000,1874.81,1876.37,1863.57,1869.13,198028.788
1784102400000,1869.13,1878.90,1869.08,1878.29,91108.831
1784106000000,1878.30,1885.66,1878.09,1879.08,120807.873
1784109600000,1879.08,1885.63,1874.00,1877.17,91050.265
1784113200000,1877.17,1885.00,1876.51,1883.64,78897.150
1784116800000,1883.63,1929.75,1878.47,1926.73,730267.548
1784120400000,1926.73,1946.75,1916.40,1924.70,911972.327
1784124000000,1924.70,1934.87,1918.16,1932.48,339456.697
1784127600000,1932.48,1938.00,1924.67,1930.97,208421.589
1784131200000,1930.97,1932.09,1903.37,1918.82,381316.986
1784134800000,1918.83,1930.80,1918.52,1927.18,153939.536
1784138400000,1927.19,1936.51,1921.88,1923.82,168983.458
1784142000000,1923.81,1928.47,1918.20,1923.20,106273.020
1784145600000,1923.20,1930.00,1918.64,1922.65,63674.742
1784149200000,1922.66,1924.99,1918.67,1921.29,35622.004
1784152800000,1921.28,1927.34,1917.30,1922.46,73439.195
1784156400000,1922.47,1926.28,1913.91,1916.91,83112.091
1784160000000,1916.91,1924.20,1910.74,1914.06,143655.460
1784163600000,1914.06,1925.41,1907.07,1921.84,118183.869
1784167200000,1921.85,1925.98,1917.91,1924.44,62791.215
1784170800000,1924.44,1928.34,1916.05,1917.94,98269.130
1784174400000,1917.94,1920.13,1912.74,1917.63,71545.616
1784178000000,1917.63,1926.98,1916.31,1924.79,89924.728
1784181600000,1924.80,1928.69,1914.50,1921.88,109124.593
1784185200000,1921.89,1921.89,1904.05,1909.91,220213.814
1784188800000,1909.91,1912.19,1873.63,1885.30,795192.497
1784192400000,1885.30,1888.40,1879.07,1883.63,145445.726
1784196000000,1883.63,1890.88,1882.76,1887.57,116163.297
1784199600000,1887.57,1887.61,1878.10,1884.15,142383.740
1784203200000,1884.15,1884.23,1866.53,1871.73,296731.843
1784206800000,1871.73,1889.50,1870.00,1881.94,358679.101
1784210400000,1881.93,1892.56,1873.00,1882.85,310230.682
1784214000000,1882.86,1894.25,1870.11,1880.90,294698.456
1784217600000,1880.90,1882.42,1873.56,1878.09,117085.425
1784221200000,1878.09,1878.67,1860.00,1868.30,232062.798
1784224800000,1868.30,1879.00,1867.25,1875.16,101405.627
1784228400000,1875.15,1877.13,1870.30,1874.83,54121.662
1784232000000,1874.83,1874.99,1870.77,1871.01,51629.408
1784235600000,1871.01,1880.56,1871.01,1878.00,68524.503
1784239200000,1877.99,1880.97,1867.08,1868.20,95707.709
1784242800000,1868.19,1869.94,1855.38,1863.73,220028.585
1784246400000,1863.73,1866.15,1845.85,1865.00,244135.278
1784250000000,1865.00,1870.44,1847.00,1850.22,202907.966
1784253600000,1850.22,1854.70,1842.10,1847.31,189648.932
1784257200000,1847.31,1859.31,1846.43,1851.75,147027.530
1784260800000,1851.75,1852.37,1843.01,1849.28,109480.814
1784264400000,1849.29,1849.29,1820.39,1823.21,397270.301
1784268000000,1823.22,1835.81,1819.90,1831.57,256167.081
1784271600000,1831.58,1832.86,1825.35,1827.37,104679.219
1784275200000,1827.37,1831.77,1820.10,1829.18,145828.532
1784278800000,1829.19,1835.35,1828.32,1834.19,87323.374
1784282400000,1834.19,1839.54,1833.29,1835.90,114231.820
1784286000000,1835.91,1842.65,1832.29,1838.32,107708.418
1784289600000,1838.33,1839.45,1826.49,1827.60,123976.335
1784293200000,1827.60,1828.34,1802.46,1824.72,551476.092
1784296800000,1824.73,1833.19,1816.19,1821.16,284873.894
1784300400000,1821.16,1830.67,1809.38,1830.20,245281.136
1784304000000,1830.20,1839.88,1825.70,1835.07,242985.579
1784307600000,1835.07,1855.90,1835.07,1842.88,288962.015
1784311200000,1842.88,1849.00,1834.00,1846.08,153737.059
1784314800000,1846.08,1846.24,1834.85,1842.81,86547.619
1784318400000,1842.81,1845.26,1836.11,1842.04,64564.658
1784322000000,1842.03,1845.75,1839.80,1840.68,40204.686
1784325600000,1840.68,1843.03,1836.71,1839.20,39484.849
1784329200000,1839.19,1843.61,1834.20,1841.08,49656.652
1784332800000,1841.08,1844.20,1839.00,1839.99,36221.295
1784336400000,1839.98,1842.70,1838.47,1841.81,29601.950
1784340000000,1841.80,1845.99,1840.28,1841.12,49738.457
1784343600000,1841.11,1845.64,1840.61,1845.23,32036.111
1784347200000,1845.23,1845.44,1841.54,1843.91,25468.491
1784350800000,1843.90,1848.93,1842.25,1845.13,57611.201
1784354400000,1845.12,1847.11,1842.10,1844.00,31347.789
1784358000000,1844.00,1845.10,1842.13,1843.42,26103.756
1784361600000,1843.41,1848.67,1841.31,1846.73,55221.422
1784365200000,1846.73,1847.23,1842.01,1844.13,33119.955
1784368800000,1844.12,1845.94,1842.51,1844.73,28419.458
1784372400000,1844.73,1846.00,1843.55,1844.70,18784.264
1784376000000,1844.70,1849.71,1839.19,1844.12,104931.052
1784379600000,1844.11,1844.12,1836.36,1840.74,71314.817
1784383200000,1840.74,1845.55,1839.66,1844.98,60125.023
1784386800000,1844.98,1845.31,1841.00,1843.15,33267.081
1784390400000,1843.14,1846.48,1840.61,1845.21,54644.178
1784394000000,1845.22,1852.75,1842.48,1851.77,96418.578
1784397600000,1851.78,1867.00,1848.95,1856.70,199959.987
1784401200000,1856.69,1860.46,1854.74,1857.40,65729.458
1784404800000,1857.40,1862.98,1854.31,1856.32,62915.690
1784408400000,1856.32,1862.28,1854.77,1859.99,60222.516
1784412000000,1859.98,1864.74,1858.92,1862.57,49278.014
1784415600000,1862.56,1863.33,1859.00,1861.75,30195.361
1784419200000,1861.75,1862.85,1858.22,1860.50,45484.100
1784422800000,1860.50,1860.63,1857.51,1858.39,35309.366
1784426400000,1858.39,1876.91,1857.54,1870.78,181518.563
1784430000000,1870.77,1872.25,1863.00,1866.33,78469.202
1784433600000,1866.33,1869.56,1863.35,1866.46,40113.863
1784437200000,1866.47,1869.65,1864.75,1867.72,37186.455
1784440800000,1867.72,1870.73,1867.25,1868.40,32653.755
1784444400000,1868.41,1871.20,1866.00,1869.35,39292.539
1784448000000,1869.35,1874.75,1866.87,1872.99,55717.768
1784451600000,1873.00,1873.26,1864.55,1865.45,75153.511
1784455200000,1865.45,1878.76,1863.20,1871.65,106454.809
1784458800000,1871.64,1878.19,1869.00,1870.49,98161.324
1784462400000,1870.49,1873.74,1863.35,1869.58,135647.861
1784466000000,1869.59,1872.99,1865.10,1871.05,56571.544
1784469600000,1871.04,1878.50,1867.76,1873.93,97351.290
1784473200000,1873.93,1875.33,1868.20,1870.12,60772.378
1784476800000,1870.12,1872.87,1865.10,1865.90,54790.373
1784480400000,1865.90,1873.15,1855.84,1866.35,159412.427
1784484000000,1866.35,1866.95,1850.95,1860.31,146162.649
1784487600000,1860.32,1862.19,1853.80,1861.46,46934.380
1784491200000,1861.47,1866.53,1861.34,1866.48,40569.931
1784494800000,1866.48,1867.74,1856.39,1861.20,57378.607
1784498400000,1861.21,1876.46,1856.01,1869.61,186366.836
1784502000000,1869.61,1874.22,1863.87,1871.49,77304.825
1784505600000,1871.49,1891.20,1861.02,1871.29,374283.475
1784509200000,1871.29,1889.44,1864.63,1868.48,232925.794
1784512800000,1868.47,1882.55,1866.76,1878.12,183332.904
1784516400000,1878.13,1881.42,1869.81,1878.88,101703.354
1784520000000,1878.88,1879.25,1867.32,1868.00,120030.799
1784523600000,1868.00,1869.12,1850.40,1854.51,240986.015
1784527200000,1854.51,1859.09,1841.84,1848.71,232618.460
1784530800000,1848.71,1864.81,1848.11,1863.11,165906.209
1784534400000,1863.11,1867.95,1853.20,1859.96,197568.183
1784538000000,1859.95,1866.88,1856.93,1863.43,79003.509
1784541600000,1863.44,1871.92,1861.88,1867.98,78014.749
1784545200000,1867.97,1896.21,1866.94,1892.43,412630.917
1784548800000,1892.43,1892.95,1870.67,1872.43,288142.826
1784552400000,1872.43,1879.77,1856.34,1861.58,307243.753
1784556000000,1861.59,1871.17,1852.66,1867.41,212801.263
1784559600000,1867.42,1905.00,1866.47,1901.58,489810.228
1784563200000,1901.58,1906.38,1892.62,1898.55,302096.706
1784566800000,1898.55,1909.63,1894.64,1906.94,186655.116
1784570400000,1906.94,1917.92,1896.41,1898.53,294320.830
1784574000000,1898.53,1900.37,1888.62,1897.69,156052.552
1784577600000,1897.68,1906.11,1895.20,1903.96,77529.381
1784581200000,1903.97,1906.76,1900.80,1901.41,45377.073
1784584800000,1901.42,1901.71,1893.33,1894.75,80741.195
1784588400000,1894.75,1904.19,1894.23,1903.50,67965.447
1784592000000,1903.51,1917.23,1899.44,1914.05,132413.488
1784595600000,1914.04,1917.69,1906.08,1906.55,98756.282
1784599200000,1906.55,1924.58,1903.58,1916.45,129590.834
1784602800000,1916.45,1927.96,1916.05,1925.81,161963.187
1784606400000,1925.81,1931.00,1921.80,1923.70,128102.886
1784610000000,1923.70,1935.41,1920.90,1929.64,137594.574
1784613600000,1929.63,1939.14,1926.82,1934.07,167682.280
1784617200000,1934.07,1939.51,1932.35,1933.29,122300.390
1784620800000,1933.29,1953.64,1930.66,1939.00,426659.162
1784624400000,1939.01,1942.70,1935.55,1941.10,157498.217
1784628000000,1941.09,1945.98,1930.72,1932.99,146983.346
1784631600000,1933.00,1936.46,1925.28,1934.85,171426.191
1784635200000,1934.86,1944.58,1931.98,1941.75,175280.400
1784638800000,1941.75,1943.70,1926.18,1939.53,202586.395
1784642400000,1939.53,1943.30,1926.76,1930.90,195637.537
1784646000000,1930.90,1931.74,1922.58,1930.89,171443.937
1784649600000,1930.89,1934.58,1920.67,1925.57,134570.075
1784653200000,1925.57,1927.70,1912.44,1917.94,179072.591
1784656800000,1917.94,1922.27,1913.60,1919.24,95478.547
1784660400000,1919.23,1925.28,1917.32,1922.40,79256.913
1784664000000,1922.39,1925.34,1920.33,1922.26,52919.054
1784667600000,1922.26,1925.76,1918.63,1923.10,51587.104
1784671200000,1923.10,1923.10,1916.98,1919.75,51787.827
1784674800000,1919.75,1931.01,1915.51,1929.29,117155.804
1784678400000,1929.29,1943.98,1928.12,1938.55,233883.125
1784682000000,1938.55,1939.98,1927.10,1932.80,103188.244
1784685600000,1932.81,1935.77,1925.83,1929.35,58917.670
1784689200000,1929.34,1935.45,1925.80,1927.65,68640.366
1784692800000,1927.66,1938.50,1927.10,1935.79,66674.906
1784696400000,1935.79,1935.98,1917.15,1918.49,147320.369
1784700000000,1918.48,1920.01,1912.22,1916.49,120884.360
1784703600000,1916.49,1918.00,1909.32,1913.26,127126.249
1784707200000,1913.27,1924.21,1912.86,1920.26,112779.041
1784710800000,1920.27,1925.87,1918.39,1923.57,92175.982
1784714400000,1923.57,1932.90,1922.27,1929.88,114102.050
1784718000000,1929.89,1930.68,1921.37,1926.42,82281.860
1784721600000,1926.42,1926.63,1912.28,1916.09,117310.743
1784725200000,1916.10,1942.00,1915.84,1939.05,300318.387
1784728800000,1939.05,1958.75,1921.77,1932.40,485295.462
1784732400000,1932.39,1951.87,1932.00,1942.06,311191.235
1784736000000,1942.07,1955.80,1934.01,1949.00,284437.067
1784739600000,1949.00,1949.45,1933.85,1937.70,159697.246
1784743200000,1937.70,1939.28,1922.00,1929.61,203816.182
1784746800000,1929.62,1931.19,1919.70,1924.01,87858.244
1784750400000,1924.01,1929.49,1921.63,1925.79,56998.370
1784754000000,1925.78,1938.80,1925.68,1937.70,60794.561
1784757600000,1937.70,1938.25,1929.54,1937.34,69388.001
1784761200000,1937.33,1937.50,1922.37,1933.31,123005.286
1784764800000,1933.31,1940.66,1931.04,1931.04,94676.968
1784768400000,1931.04,1935.68,1925.51,1927.27,77968.450
1784772000000,1927.28,1928.56,1920.74,1926.50,69644.362
1784775600000,1926.51,1926.98,1916.49,1919.46,108828.512
1784779200000,1919.46,1925.00,1917.58,1918.78,76524.903
1784782800000,1918.79,1927.79,1917.15,1921.92,75585.883
1784786400000,1921.92,1925.88,1920.04,1924.40,46138.975
1784790000000,1924.40,1924.40,1911.44,1914.61,175062.793
1784793600000,1914.62,1926.49,1913.39,1925.53,113682.487
1784797200000,1925.53,1930.74,1922.37,1923.10,134516.528
1784800800000,1923.10,1929.35,1920.95,1927.04,65954.107
1784804400000,1927.05,1928.19,1923.36,1924.65,56010.322
1784808000000,1924.64,1926.93,1893.17,1903.50,472351.506
1784811600000,1903.50,1908.00,1894.10,1897.69,294884.812
1784815200000,1897.69,1906.24,1890.72,1895.42,238750.651
1784818800000,1895.42,1897.00,1882.00,1894.49,409921.954
1784822400000,1894.49,1894.70,1883.45,1886.98,205689.405
1784826000000,1886.98,1891.34,1872.95,1877.73,196154.764
1784829600000,1877.73,1883.48,1875.00,1880.30,123244.106
1784833200000,1880.30,1882.67,1868.18,1874.74,150662.457
1784836800000,1874.74,1887.98,1873.93,1885.00,97113.225
1784840400000,1884.99,1887.95,1879.62,1881.64,58397.705
1784844000000,1881.64,1883.30,1873.00,1882.43,82866.821
1784847600000,1882.43,1883.80,1874.62,1877.42,49203.359
1784851200000,1877.42,1878.18,1858.00,1870.66,260220.237
1784854800000,1870.66,1876.98,1869.54,1871.96,88964.565
1784858400000,1871.96,1877.86,1863.68,1868.84,89259.403
1784862000000,1868.83,1881.07,1867.46,1879.71,123597.074
1784865600000,1879.70,1881.17,1873.84,1875.05,53960.665
1784869200000,1875.04,1881.42,1872.47,1880.15,106749.314
1784872800000,1880.14,1887.57,1878.02,1887.28,140240.793
1784876400000,1887.28,1909.32,1887.27,1895.00,474376.982
1784880000000,1895.00,1895.00,1885.18,1887.07,98241.525
1784883600000,1887.06,1887.89,1875.95,1887.07,146349.071
1784887200000,1887.08,1887.91,1879.29,1882.80,57188.452
1784890800000,1882.80,1883.78,1875.22,1883.03,103864.975
1784894400000,1883.02,1885.20,1871.00,1871.89,130121.557
1784898000000,1871.90,1874.62,1847.00,1856.83,520370.014
1784901600000,1856.82,1862.30,1846.17,1861.92,318953.313
1784905200000,1861.91,1868.71,1853.00,1861.28,238297.372
1784908800000,1861.28,1865.26,1852.56,1856.74,120332.457
1784912400000,1856.75,1865.71,1854.21,1865.69,91106.237
1784916000000,1865.68,1865.81,1857.68,1861.76,72744.079
1784919600000,1861.75,1863.97,1856.97,1862.74,50166.896
1784923200000,1862.75,1864.51,1857.30,1860.05,49085.347
1784926800000,1860.04,1860.88,1856.10,1856.69,43307.631
1784930400000,1856.69,1860.82,1855.75,1858.75,32029.724
1784934000000,1858.75,1860.98,1858.13,1860.57,22767.498
1784937600000,1860.58,1863.86,1855.81,1859.36,76506.485
1784941200000,1859.35,1862.77,1855.96,1859.27,40202.157
1784944800000,1859.27,1860.89,1857.41,1858.58,22995.782
1784948400000,1858.58,1859.70,1854.27,1857.83,28826.613
1784952000000,1857.84,1861.84,1857.65,1860.44,24169.322
1784955600000,1860.43,1862.20,1856.00,1857.57,33686.386
1784959200000,1857.57,1859.41,1853.44,1857.64,48543.398
1784962800000,1857.65,1857.91,1854.99,1855.11,19484.150
1784966400000,1855.10,1855.33,1850.26,1852.89,63650.093
1784970000000,1852.89,1858.19,1850.74,1857.50,40409.343
1784973600000,1857.50,1858.50,1855.71,1857.72,27332.041
1784977200000,1857.72,1859.38,1856.56,1857.05,23986.615
1784980800000,1857.04,1859.78,1856.05,1859.51,25204.110
1784984400000,1859.50,1871.73,1859.11,1866.38,162079.173
1784988000000,1866.37,1868.52,1864.06,1867.88,48403.080
1784991600000,1867.88,1870.68,1866.30,1867.03,50418.590
1784995200000,1867.04,1870.23,1863.54,1867.19,54148.097
1784998800000,1867.19,1874.43,1867.17,1872.29,87663.278
1785002400000,1872.29,1876.42,1871.37,1874.39,61782.403
1785006000000,1874.38,1875.63,1873.16,1873.80,27548.861
1785009600000,1873.80,1873.97,1869.65,1871.26,33903.021
1785013200000,1871.26,1875.26,1866.59,1871.70,46425.008
1785016800000,1871.69,1876.25,1871.41,1875.01,27029.945
1785020400000,1875.01,1875.43,1872.63,1873.92,22227.469
1785024000000,1873.93,1880.93,1873.00,1880.18,62423.111
1785027600000,1880.17,1880.95,1876.94,1877.80,42294.491
1785031200000,1877.79,1880.87,1876.01,1880.10,27992.886
1785034800000,1880.09,1883.17,1878.02,1881.40,46665.509
1785038400000,1881.40,1888.67,1878.97,1885.38,84159.313
1785042000000,1885.38,1886.60,1881.44,1882.52,49568.546
1785045600000,1882.53,1884.55,1877.24,1884.07,74298.935
1785049200000,1884.07,1885.52,1879.62,1880.85,41692.864
1785052800000,1880.85,1881.76,1878.27,1880.57,35731.125
1785056400000,1880.57,1884.91,1880.49,1882.99,42399.716
1785060000000,1882.99,1887.00,1881.07,1885.24,39404.631
1785063600000,1885.23,1887.00,1883.76,1884.99,37741.931
1785067200000,1885.00,1893.00,1884.71,1885.49,119359.810
1785070800000,1885.48,1888.00,1880.66,1885.71,82498.679
1785074400000,1885.71,1899.90,1885.70,1897.82,217477.247
1785078000000,1897.82,1917.45,1897.03,1913.75,330536.148
1785081600000,1913.76,1927.90,1907.99,1915.50,275826.396
1785085200000,1915.50,1917.16,1909.81,1910.55,90985.814
1785088800000,1910.56,1916.14,1910.17,1913.72,42635.218
1785092400000,1913.73,1915.19,1911.21,1913.42,30158.006
1785096000000,1913.43,1913.93,1910.55,1912.85,27540.734
1785099600000,1912.86,1930.44,1912.85,1925.23,117187.261
1785103200000,1925.24,1953.61,1925.24,1949.12,396561.731
1785106800000,1949.11,1966.97,1945.30,1953.79,362816.737
1785110400000,1953.80,1954.83,1938.53,1941.68,174240.675
1785114000000,1941.68,1947.89,1935.29,1947.58,144920.972
1785117600000,1947.58,1948.58,1940.77,1942.52,97221.912
1785121200000,1942.52,1951.65,1941.43,1948.92,71704.218
1785124800000,1948.92,1962.50,1947.66,1952.60,208532.305
1785128400000,1952.61,1969.99,1951.66,1964.50,147809.652
1785132000000,1964.51,1982.00,1962.56,1967.50,279511.749
1785135600000,1967.51,1970.75,1958.89,1963.58,135496.385
1785139200000,1963.59,1967.99,1961.00,1963.40,111681.615
1785142800000,1963.39,1967.81,1955.46,1964.33,144070.698
1785146400000,1964.33,1971.62,1962.74,1966.66,86378.349
1785150000000,1966.66,1966.66,1957.10,1958.76,82446.354
1785153600000,1958.77,1963.64,1941.80,1956.56,272109.453
1785157200000,1956.57,1977.58,1949.75,1960.13,392517.662
1785160800000,1960.12,1965.81,1917.90,1931.28,727953.955
1785164400000,1931.28,1936.97,1923.25,1926.77,206950.057
1785168000000,1926.77,1946.12,1921.43,1939.76,236797.760
1785171600000,1939.76,1945.37,1934.12,1942.81,92488.111
1785175200000,1942.81,1943.72,1928.10,1938.22,119707.028
1785178800000,1938.23,1954.48,1936.87,1947.42,170270.249
1785182400000,1947.43,1949.64,1942.57,1945.94,53287.413
1785186000000,1945.94,1949.43,1939.27,1941.23,57149.702
1785189600000,1941.24,1941.29,1890.72,1892.47,425052.830
1785193200000,1892.47,1895.16,1881.16,1891.44,312660.929
1785196800000,1891.43,1893.33,1875.25,1877.80,232707.497
1785200400000,1877.80,1881.72,1865.00,1874.89,268218.153
1785204000000,1874.89,1879.60,1870.41,1874.77,104848.093
1785207600000,1874.76,1882.49,1872.05,1880.35,113490.515
1785211200000,1880.35,1881.74,1875.43,1878.32,89682.929
1785214800000,1878.32,1888.58,1877.26,1882.03,119463.743
1785218400000,1882.04,1888.02,1877.46,1887.61,94783.428
1785222000000,1887.62,1888.08,1879.74,1882.75,70941.201
1785225600000,1882.75,1884.81,1879.01,1883.59,78911.229
1785229200000,1883.60,1884.06,1873.35,1875.29,106874.463
1785232800000,1875.30,1879.99,1872.58,1877.93,110741.366
1785236400000,1877.93,1881.42,1870.66,1875.69,144405.644
1785240000000,1875.70,1892.79,1873.57,1891.59,220626.994
1785243600000,1891.58,1895.82,1855.82,1872.97,583485.938
1785247200000,1872.97,1892.35,1866.45,1887.84,355161.539
1785250800000,1887.84,1923.79,1883.61,1919.28,666936.386
1785254400000,1919.27,1928.31,1913.38,1924.86,230729.052
1785258000000,1924.85,1924.86,1890.89,1900.89,389091.253
1785261600000,1900.89,1914.51,1900.50,1910.32,149798.208
1785265200000,1910.32,1921.36,1910.31,1921.34,119103.342
1785268800000,1921.34,1923.00,1915.27,1917.60,95880.766
1785272400000,1917.61,1928.90,1917.50,1923.09,78250.115
1785276000000,1923.09,1926.43,1909.22,1911.09,122838.842
1785279600000,1911.09,1922.44,1903.03,1921.13,178376.819
1785283200000,1921.13,1927.98,1915.75,1916.33,136341.500
1785286800000,1916.33,1917.42,1904.00,1904.60,130008.436
1785290400000,1904.59,1919.20,1899.20,1910.12,164913.277
1785294000000,1910.12,1912.37,1890.13,1891.95,177259.209
1785297600000,1891.96,1905.74,1883.38,1904.62,270085.531
1785301200000,1904.63,1914.33,1902.55,1911.81,113802.371
1785304800000,1911.82,1921.30,1908.08,1919.47,160496.160
1785308400000,1919.48,1926.50,1913.20,1924.14,165652.861
1785312000000,1924.13,1924.74,1911.06,1914.43,131190.353
1785315600000,1914.43,1924.11,1914.14,1921.47,93391.821
1785319200000,1921.47,1921.87,1907.66,1911.19,117244.509
1785322800000,1911.20,1916.30,1909.31,1914.32,89627.149
1785326400000,1914.31,1914.31,1902.07,1904.44,111777.407
1785330000000,1904.43,1910.89,1894.64,1908.41,250336.607
1785333600000,1908.40,1910.85,1890.15,1894.29,248041.077
1785337200000,1894.30,1897.86,1886.28,1891.13,182942.266
1785340800000,1891.13,1898.99,1886.48,1894.42,128888.116
1785344400000,1894.42,1917.09,1893.58,1915.53,225590.739
1785348000000,1915.53,1935.00,1892.79,1919.59,714242.791
1785351600000,1919.60,1922.00,1880.95,1887.91,474423.705
1785355200000,1887.93,1891.13,1876.60,1883.11,238200.342
1785358800000,1883.12,1897.88,1870.26,1897.44,188666.869
1785362400000,1897.44,1910.87,1897.28,1906.43,175799.455
1785366000000,1906.44,1912.50,1901.66,1909.68,92162.965
1785369600000,1909.68,1914.21,1892.99,1897.35,147199.532
1785373200000,1897.35,1921.91,1896.65,1916.28,253586.176
1785376800000,1916.29,1919.43,1909.50,1910.40,106590.571
1785380400000,1910.39,1914.70,1906.81,1909.40,79255.027
1785384000000,1909.40,1910.34,1900.80,1901.39,79118.820
1785387600000,1901.38,1908.95,1899.23,1905.53,103163.299
1785391200000,1905.53,1906.16,1898.57,1900.45,53114.824
1785394800000,1900.45,1907.51,1899.38,1902.38,86313.035
1785398400000,1902.39,1917.49,1899.50,1914.27,137425.669
1785402000000,1914.28,1924.42,1913.29,1917.48,129960.226
1785405600000,1917.49,1921.09,1915.45,1917.50,79566.670
1785409200000,1917.50,1925.59,1915.77,1922.30,107194.488
1785412800000,1922.30,1926.89,1918.67,1924.16,142693.909
1785416400000,1924.16,1936.52,1916.10,1928.73,299284.123
1785420000000,1928.73,1929.37,1912.10,1916.47,301185.456
1785423600000,1916.48,1923.33,1913.52,1917.96,114688.947
1785427200000,1917.96,1925.23,1915.00,1918.46,100848.940
1785430800000,1918.47,1924.59,1915.27,1919.89,64767.229
1785434400000,1919.89,1921.89,1914.00,1915.36,53537.163
1785438000000,1915.36,1928.80,1915.01,1922.95,115328.353
1785441600000,1922.96,1926.66,1919.00,1920.77,66433.128
1785445200000,1920.78,1923.79,1916.24,1917.68,46779.968
1785448800000,1917.68,1932.75,1915.12,1924.92,119192.061
1785452400000,1924.91,1936.57,1916.67,1917.31,219896.256
1785456000000,1917.31,1921.25,1914.00,1916.09,110161.111
1785459600000,1916.09,1936.00,1905.87,1909.39,386519.743
1785463200000,1909.38,1911.24,1900.53,1903.14,170134.287
1785466800000,1903.13,1910.63,1898.16,1907.82,121095.771
1785470400000,1907.82,1908.47,1902.19,1904.82,62456.373
1785474000000,1904.82,1908.24,1900.50,1905.35,76663.618
1785477600000,1905.34,1910.53,1899.33,1901.75,86698.591
1785481200000,1901.75,1901.75,1883.18,1888.92,287364.925
1785484800000,1888.93,1892.21,1887.22,1889.48,112626.197
1785488400000,1889.48,1890.29,1880.20,1882.69,109178.269
1785492000000,1882.69,1889.09,1876.68,1886.24,146933.640
1785495600000,1886.24,1888.92,1881.60,1883.55,70063.672
1785499200000,1883.55,1883.86,1872.54,1881.85,233149.116
1785502800000,1881.85,1889.72,1863.78,1866.22,405650.505
1785506400000,1866.22,1869.80,1847.28,1859.21,800020.384
1785510000000,1859.21,1865.65,1853.59,1861.94,214599.914
1785513600000,1861.94,1866.50,1860.00,1863.74,104185.235
1785517200000,1863.73,1877.40,1862.54,1874.12,137361.763
1785520800000,1874.12,1875.88,1864.14,1870.89,85886.600
1785524400000,1870.88,1873.14,1864.70,1867.40,56513.608
1785528000000,1867.41,1870.00,1860.53,1861.64,78250.258
1785531600000,1861.63,1864.26,1858.58,1861.17,61961.514
1785535200000,1861.16,1864.58,1857.89,1860.62,40740.002
1785538800000,1860.62,1864.06,1860.06,1861.68,36692.537
1785542400000,1861.68,1866.90,1861.31,1863.93,50280.160
1785546000000,1863.92,1866.62,1863.92,1866.00,28969.346
1785549600000,1866.00,1869.47,1865.86,1867.48,35508.432
1785553200000,1867.48,1869.09,1865.63,1869.00,28493.138
1785556800000,1869.01,1869.73,1867.00,1868.84,23351.003
1785560400000,1868.84,1870.32,1864.17,1866.60,36342.654
1785564000000,1866.59,1870.00,1865.37,1869.47,34485.642
1785567600000,1869.47,1871.21,1867.39,1868.90,31346.383
1785571200000,1868.90,1869.30,1866.58,1868.45,30071.957
1785574800000,1868.45,1869.72,1866.56,1866.99,41007.920
1785578400000,1866.98,1868.19,1862.00,1866.45,91811.561
1785582000000,1866.45,1866.98,1865.07,1866.17,23774.877
1785585600000,1866.18,1869.46,1866.17,1868.35,40291.766
1785589200000,1868.36,1868.86,1866.82,1868.36,21296.142
1785592800000,1868.36,1874.42,1868.36,1874.32,56569.725
1785596400000,1874.32,1874.44,1869.17,1869.20,40288.258
1785600000000,1869.19,1872.96,1865.34,1867.93,48721.448
1785603600000,1867.92,1869.32,1856.29,1861.19,111438.949
1785607200000,1861.18,1862.11,1820.61,1835.75,721214.209
1785610800000,1835.74,1839.70,1832.85,1836.48,138336.668
1785614400000,1836.47,1839.64,1832.14,1837.48,64338.307
1785618000000,1837.48,1845.22,1835.83,1844.90,77440.819
1785621600000,1844.90,1848.63,1843.85,1846.46,52004.855
1785625200000,1846.47,1848.18,1842.56,1844.17,46228.391
1785628800000,1844.17,1848.85,1843.03,1846.06,65918.614
1785632400000,1846.06,1858.78,1845.92,1856.29,129182.205
1785636000000,1856.30,1885.00,1855.58,1876.20,385737.150
1785639600000,1876.20,1879.60,1873.68,1876.61,88372.387
1785643200000,1876.61,1881.97,1876.61,1880.23,77100.868
1785646800000,1880.22,1882.20,1874.25,1875.67,87745.941
1785650400000,1875.67,1878.86,1874.12,1876.72,43703.172
1785654000000,1876.71,1878.12,1874.68,1875.32,26780.202
1785657600000,1875.31,1878.26,1865.65,1867.34,109050.345
1785661200000,1867.35,1872.16,1861.46,1870.21,95656.440
1785664800000,1870.22,1870.29,1864.53,1867.76,42910.349
1785668400000,1867.76,1868.79,1848.18,1851.75,214464.868
1785672000000,1851.74,1859.81,1851.31,1855.98,107250.131
1785675600000,1855.99,1857.36,1851.35,1853.96,52441.581
1785679200000,1853.96,1858.77,1851.30,1854.00,67834.118
1785682800000,1854.01,1862.28,1852.80,1857.77,72931.328
1785686400000,1857.77,1864.88,1854.89,1862.37,96866.349
1785690000000,1862.38,1869.99,1861.50,1867.79,67284.258
1785693600000,1867.79,1887.00,1867.56,1875.16,205963.420
1785697200000,1875.15,1883.28,1874.05,1881.39,99175.013
1785700800000,1881.39,1885.18,1879.05,1883.04,67983.715
1785704400000,1883.04,1898.50,1881.46,1889.74,186760.004
1785708000000,1889.74,1897.10,1879.29,1881.30,188934.557
1785711600000,1881.30,1884.68,1875.31,1884.37,92149.728
1785715200000,1884.38,1885.16,1870.63,1873.02,129388.477
1785718800000,1873.01,1874.61,1865.07,1866.38,116763.145
1785722400000,1866.37,1871.18,1861.67,1863.41,100528.029
1785726000000,1863.40,1864.86,1850.01,1856.18,169586.189
1785729600000,1856.19,1862.22,1853.73,1854.01,115925.283
1785733200000,1854.01,1859.80,1852.53,1858.87,81061.909
1785736800000,1858.87,1860.19,1845.40,1848.24,161004.137
1785740400000,1848.24,1848.96,1838.56,1843.00,220237.305
1785744000000,1843.00,1844.74,1827.18,1839.42,327847.038
1785747600000,1839.42,1853.00,1838.24,1851.80,189619.910
1785751200000,1851.80,1853.58,1839.24,1845.38,159026.767
1785754800000,1845.39,1847.03,1837.54,1838.97,142335.701
1785758400000,1838.97,1844.56,1835.61,1842.69,117177.839
1785762000000,1842.69,1859.73,1837.60,1858.27,306417.653
1785765600000,1858.27,1873.32,1850.47,1872.82,419892.226
1785769200000,1872.82,1873.13,1859.16,1862.54,182739.206
1785772800000,1862.54,1871.50,1860.74,1865.51,116855.992
1785776400000,1865.51,1874.12,1862.41,1868.09,102204.156
1785780000000,1868.08,1873.20,1865.59,1868.11,77614.319
1785783600000,1868.10,1875.98,1867.28,1869.26,83871.075
1785787200000,1869.27,1875.11,1865.67,1868.26,66570.019
1785790800000,1868.25,1868.47,1862.58,1862.89,60555.819
1785794400000,1862.89,1865.63,1851.00,1859.63,159222.318
1785798000000,1859.63,1859.83,1855.37,1859.78,39670.877
1785801600000,1859.78,1862.46,1847.50,1850.55,163582.379
1785805200000,1850.54,1868.99,1848.23,1866.80,158854.518
1785808800000,1866.80,1871.27,1861.25,1865.51,93892.116
1785812400000,1865.50,1866.41,1857.49,1863.56,75403.627
1785816000000,1863.55,1874.08,1861.30,1867.37,100011.238
1785819600000,1867.36,1869.91,1863.33,1863.57,55677.413
1785823200000,1863.56,1867.72,1853.30,1856.22,126906.415
1785826800000,1856.22,1864.27,1852.55,1863.11,126399.090
1785830400000,1863.11,1865.30,1856.05,1857.25,69954.353
1785834000000,1857.24,1858.43,1852.78,1857.92,80488.850
1785837600000,1857.93,1872.49,1853.22,1866.14,153257.476
1785841200000,1866.13,1874.12,1865.39,1871.98,122662.551
1785844800000,1871.99,1881.72,1867.18,1874.31,170784.754
1785848400000,1874.31,1876.78,1859.10,1861.13,242768.006
1785852000000,1861.13,1874.97,1857.38,1872.22,233878.106
1785855600000,1872.23,1877.14,1861.00,1872.24,190723.500
1785859200000,1872.24,1872.88,1864.52,1868.99,88771.131
1785862800000,1868.99,1877.14,1866.00,1868.59,144072.918
1785866400000,1868.60,1880.43,1868.32,1874.50,131909.857
1785870000000,1874.49,1880.95,1873.08,1874.46,81083.298
1785873600000,1874.46,1879.11,1865.31,1875.82,122403.712
1785877200000,1875.81,1875.85,1870.90,1871.35,30894.690
1785880800000,1871.36,1876.00,1867.50,1874.71,44472.334
1785884400000,1874.71,1880.80,1868.00,1868.90,98653.037
1785888000000,1868.90,1872.88,1862.00,1863.09,128842.495
1785891600000,1863.09,1873.78,1860.30,1872.57,82646.702
1785895200000,1872.56,1877.45,1871.66,1873.70,90517.991
1785898800000,1873.69,1875.49,1862.75,1866.86,137276.952
1785902400000,1866.87,1868.85,1864.09,1866.47,39457.699
1785906000000,1866.47,1877.00,1866.17,1872.51,83414.374
1785909600000,1872.51,1872.91,1867.16,1868.84,57259.038
1785913200000,1868.84,1871.86,1862.50,1871.85,150064.215
1785916800000,1871.86,1874.00,1867.07,1868.98,85843.383
1785920400000,1868.98,1873.99,1867.99,1870.98,64696.912
1785924000000,1870.97,1875.38,1865.00,1867.38,113995.737
1785927600000,1867.39,1870.26,1866.22,1867.93,45906.476
1785931200000,1867.93,1884.68,1866.48,1875.22,272935.151
1785934800000,1875.21,1878.82,1854.51,1877.85,484214.620
1785938400000,1877.84,1882.00,1868.25,1875.06,232741.150
1785942000000,1875.06,1882.07,1872.00,1872.91,166329.745
1785945600000,1872.91,1896.70,1872.40,1894.79,374936.837
1785949200000,1894.80,1916.88,1890.21,1915.93,354618.966
1785952800000,1915.93,1927.19,1913.00,1917.23,324955.506
1785956400000,1917.23,1920.18,1914.78,1916.09,82435.279
1785960000000,1916.09,1923.94,1915.50,1916.19,122045.841
1785963600000,1916.20,1916.56,1906.03,1907.75,151418.468
1785967200000,1907.76,1912.42,1905.43,1906.00,67915.219
1785970800000,1905.99,1911.32,1903.14,1907.95,58660.968
1785974400000,1907.95,1912.99,1906.16,1909.39,68301.479
1785978000000,1909.39,1910.29,1902.20,1905.93,84272.171
1785981600000,1905.93,1910.00,1893.62,1898.17,210698.015
1785985200000,1898.18,1898.91,1894.20,1897.94,76944.950
1785988800000,1897.94,1907.48,1894.67,1906.84,104071.239
1785992400000,1906.85,1917.99,1906.28,1913.49,168887.009
1785996000000,1913.50,1913.94,1908.61,1912.80,48758.598
1785999600000,1912.79,1914.51,1906.50,1908.52,67175.777
1786003200000,1908.53,1920.92,1907.53,1915.44,112256.660
1786006800000,1915.43,1916.11,1903.65,1906.68,174549.181
1786010400000,1906.68,1906.68,1900.10,1901.78,94884.141
1786014000000,1901.78,1908.32,1895.80,1906.89,124238.799
1786017600000,1906.88,1907.24,1898.00,1898.19,115611.123
1786021200000,1898.19,1910.51,1891.46,1906.47,275844.500
1786024800000,1906.47,1918.21,1902.39,1914.06,222586.359
1786028400000,1914.06,1919.06,1909.15,1909.88,199955.115
1786032000000,1909.88,1916.15,1907.29,1914.72,118274.746
1786035600000,1914.72,1917.89,1909.20,1913.10,73296.829
1786039200000,1913.11,1913.26,1903.06,1905.21,96482.715
1786042800000,1905.22,1910.39,1905.01,1908.77,62775.778
1786046400000,1908.77,1909.84,1905.00,1906.16,37251.995
1786050000000,1906.16,1908.67,1904.80,1905.25,29518.801
1786053600000,1905.25,1906.55,1901.40,1904.18,43366.187
1786057200000,1904.17,1905.12,1897.82,1903.12,57176.759
1786060800000,1903.11,1904.62,1898.78,1903.00,58323.594
1786064400000,1903.00,1906.83,1898.01,1902.45,62891.795
1786068000000,1902.45,1907.89,1896.66,1901.75,93402.255
1786071600000,1901.74,1902.90,1895.00,1896.53,71949.278
1786075200000,1896.52,1899.86,1893.37,1896.48,78327.197
1786078800000,1896.49,1901.74,1894.57,1900.79,59384.363
1786082400000,1900.78,1906.91,1898.87,1903.81,86858.295
1786086000000,1903.81,1906.55,1901.65,1901.66,53866.395
1786089600000,1901.65,1914.61,1901.20,1909.90,136276.541
1786093200000,1909.89,1917.33,1909.62,1912.41,166504.659
1786096800000,1912.41,1915.52,1911.28,1912.13,58826.245
1786100400000,1912.13,1920.50,1911.83,1915.51,107479.825
1786104000000,1915.51,1943.00,1915.50,1931.26,601609.381
1786107600000,1931.27,1934.39,1920.20,1922.50,186377.027
1786111200000,1922.50,1925.50,1909.34,1912.74,367262.388
1786114800000,1912.74,1920.50,1912.00,1916.99,111741.133
1786118400000,1916.98,1924.41,1908.21,1908.56,140511.717
1786122000000,1908.56,1912.08,1903.50,1911.41,169404.217
1786125600000,1911.42,1914.46,1905.33,1908.93,65423.130
1786129200000,1908.94,1919.38,1908.94,1917.85,72829.821
1786132800000,1917.85,1919.38,1913.40,1913.97,35331.941
1786136400000,1913.96,1921.47,1911.80,1915.65,65169.903
1786140000000,1915.65,1915.69,1913.00,1913.93,27476.411
1786143600000,1913.93,1915.53,1912.95,1913.07,23470.073
1786147200000,1913.07,1913.91,1911.26,1913.41,24521.154
1786150800000,1913.40,1915.72,1913.12,1913.81,35585.340
1786154400000,1913.81,1913.82,1911.36,1912.27,19447.451
1786158000000,1912.27,1918.31,1912.26,1917.20,33389.902
1786161600000,1917.20,1918.62,1915.50,1916.12,20503.737
1786165200000,1916.13,1918.10,1914.85,1916.69,19088.228
1786168800000,1916.69,1917.12,1915.32,1915.66,15968.244
1786172400000,1915.66,1915.94,1913.00,1914.29,18014.255
1786176000000,1914.30,1916.81,1913.84,1916.02,21118.661
1786179600000,1916.03,1923.32,1915.26,1918.05,64838.903
1786183200000,1918.05,1922.00,1918.05,1920.36,31235.948
1786186800000,1920.36,1922.92,1918.54,1920.05,26617.237
1786190400000,1920.04,1921.66,1917.84,1918.39,28862.658
1786194000000,1918.38,1919.87,1917.71,1919.24,19997.900
1786197600000,1919.24,1925.85,1919.23,1923.00,78405.060
1786201200000,1923.00,1923.70,1920.50,1921.85,30204.298
1786204800000,1921.84,1924.26,1920.76,1921.68,27475.828
1786208400000,1921.68,1925.55,1921.32,1923.05,35781.198
1786212000000,1923.05,1923.06,1918.40,1920.49,35742.175
1786215600000,1920.49,1920.81,1918.50,1919.61,23488.093
1786219200000,1919.61,1920.48,1918.85,1919.41,16130.870
1786222800000,1919.41,1921.99,1919.28,1919.89,17271.076
1786226400000,1919.88,1920.71,1915.63,1915.93,37300.392
1786230000000,1915.93,1918.45,1913.68,1915.98,44118.351
1786233600000,1915.98,1918.30,1915.34,1917.15,24128.970
1786237200000,1917.14,1919.37,1912.09,1915.31,34766.388
1786240800000,1915.30,1915.95,1912.42,1913.86,30499.468
1786244400000,1913.86,1914.02,1911.10,1913.07,38735.000
1786248000000,1913.06,1915.24,1912.00,1912.43,26421.001
1786251600000,1912.43,1914.19,1912.07,1913.63,15738.885
1786255200000,1913.62,1919.00,1913.00,1918.50,45557.430
1786258800000,1918.51,1918.65,1916.30,1918.28,26433.396
1786262400000,1918.29,1924.63,1913.10,1914.89,116765.531
1786266000000,1914.88,1920.84,1912.30,1920.83,63440.382
1786269600000,1920.84,1922.49,1918.63,1919.30,50800.659
1786273200000,1919.30,1920.84,1917.50,1918.35,29700.710
1786276800000,1918.34,1918.50,1915.59,1916.63,37628.210
1786280400000,1916.62,1925.86,1916.62,1922.64,117717.281
1786284000000,1922.64,1926.84,1921.71,1924.37,67397.523
1786287600000,1924.37,1926.69,1923.47,1925.75,54523.461
1786291200000,1925.75,1926.21,1920.57,1923.43,49481.799
1786294800000,1923.43,1924.00,1922.17,1922.31,20626.573
1786298400000,1922.31,1923.29,1918.00,1920.71,46014.630
1786302000000,1920.71,1921.71,1920.42,1921.16,17167.151
1786305600000,1921.15,1921.48,1917.10,1919.99,29607.725
1786309200000,1919.98,1926.33,1918.79,1923.84,41154.776
1786312800000,1923.85,1937.67,1914.05,1918.67,256196.344
1786316400000,1918.66,1920.02,1906.41,1909.57,167887.507
1786320000000,1909.56,1927.71,1905.00,1911.99,246672.597
1786323600000,1911.99,1931.50,1907.00,1924.65,163564.593
1786327200000,1924.66,1926.11,1911.82,1922.87,153509.826
1786330800000,1922.88,1924.00,1912.52,1916.50,125191.660
1786334400000,1916.51,1920.19,1911.47,1914.68,69134.145
1786338000000,1914.68,1924.38,1914.27,1922.51,64718.659
1786341600000,1922.51,1928.56,1922.30,1927.23,101270.943
1786345200000,1927.23,1930.28,1924.00,1924.72,90027.587
1786348800000,1924.73,1929.00,1922.35,1926.00,56190.666
1786352400000,1926.00,1926.45,1915.20,1915.50,117179.602
1786356000000,1915.51,1920.00,1915.00,1916.74,67741.837
1786359600000,1916.75,1920.62,1913.62,1919.60,58590.993
1786363200000,1919.61,1922.84,1903.77,1905.03,225783.339
1786366800000,1905.03,1909.80,1893.37,1896.62,341120.394
1786370400000,1896.62,1901.89,1890.19,1892.61,179456.025
1786374000000,1892.61,1892.61,1870.15,1876.01,592757.545
1786377600000,1876.00,1877.87,1866.14,1871.38,236360.816
1786381200000,1871.38,1876.49,1867.46,1872.71,120582.022
1786384800000,1872.70,1874.61,1867.12,1871.92,108926.907
1786388400000,1871.92,1879.84,1871.36,1877.70,75527.384
1786392000000,1877.69,1880.86,1876.70,1878.76,43816.208
1786395600000,1878.76,1878.76,1872.43,1873.42,45139.168
1786399200000,1873.41,1877.36,1871.08,1875.40,37846.391
1786402800000,1875.41,1875.41,1869.23,1872.31,53000.059
1786406400000,1872.30,1875.30,1870.30,1874.28,52081.198
1786410000000,1874.28,1878.03,1872.51,1877.23,54988.101
1786413600000,1877.23,1879.05,1876.37,1877.84,38427.956
1786417200000,1877.84,1881.36,1877.84,1880.14,40642.474
1786420800000,1880.14,1881.26,1875.20,1875.20,44811.059
1786424400000,1875.20,1876.00,1871.01,1873.27,61910.752
1786428000000,1873.26,1874.22,1870.40,1873.47,74603.331
1786431600000,1873.46,1878.50,1869.69,1876.84,96061.090
1786435200000,1876.85,1879.75,1874.52,1878.56,63303.127
1786438800000,1878.56,1884.87,1876.58,1884.78,74071.487
1786442400000,1884.79,1888.86,1882.15,1885.37,127274.862
1786446000000,1885.37,1895.20,1885.37,1892.12,160315.177
1786449600000,1892.12,1897.30,1886.47,1887.01,166353.356
1786453200000,1887.00,1892.11,1882.50,1889.26,146200.773
1786456800000,1889.25,1890.78,1869.09,1872.67,274416.577
1786460400000,1872.68,1877.00,1852.22,1862.00,432900.621
1786464000000,1862.01,1866.25,1858.77,1863.99,128972.504
1786467600000,1863.98,1867.73,1862.00,1863.76,56316.988
1786471200000,1863.76,1866.16,1859.02,1865.32,87611.282
1786474800000,1865.31,1884.64,1861.92,1881.17,176113.974
1786478400000,1881.18,1884.83,1878.48,1881.56,95198.980
1786482000000,1881.56,1884.67,1879.63,1883.81,75000.413
1786485600000,1883.80,1886.95,1879.00,1881.63,71553.649
1786489200000,1881.64,1883.81,1878.06,1881.80,40052.164
1786492800000,1881.79,1882.92,1880.00,1881.73,35894.134
1786496400000,1881.72,1885.96,1880.34,1884.13,45465.344
1786500000000,1884.13,1887.56,1882.89,1883.85,50346.700
1786503600000,1883.85,1886.46,1882.03,1885.77,37928.284
1786507200000,1885.76,1892.83,1884.55,1888.61,92364.712
1786510800000,1888.60,1891.59,1885.53,1890.70,43987.863
1786514400000,1890.69,1890.70,1884.44,1886.83,59893.453
1786518000000,1886.83,1890.92,1884.61,1890.82,55947.878
1786521600000,1890.82,1895.45,1889.65,1890.10,98463.415
1786525200000,1890.09,1909.00,1889.07,1905.11,253390.132
1786528800000,1905.10,1915.00,1905.06,1908.31,203134.729
1786532400000,1908.31,1915.55,1906.41,1914.87,98921.531
1786536000000,1914.87,1924.97,1904.60,1910.59,457888.993
1786539600000,1910.58,1911.72,1898.75,1900.38,211875.472
1786543200000,1900.38,1902.98,1883.66,1886.76,440826.579
1786546800000,1886.76,1895.52,1883.33,1891.64,142492.549
1786550400000,1891.64,1894.90,1888.16,1889.84,87205.983
1786554000000,1889.85,1891.15,1884.10,1887.30,73766.618
1786557600000,1887.30,1890.58,1884.61,1884.71,49047.710
1786561200000,1884.70,1886.00,1876.73,1878.61,112346.817
1786564800000,1878.60,1887.00,1876.54,1885.92,63038.346
1786568400000,1885.92,1888.86,1872.00,1877.19,115383.699
1786572000000,1877.19,1880.44,1874.73,1877.55,46434.375
1786575600000,1877.54,1879.37,1873.83,1878.80,55401.652
1786579200000,1878.79,1884.84,1876.49,1879.48,119607.856
1786582800000,1879.48,1882.15,1874.29,1877.41,67006.326
1786586400000,1877.41,1882.72,1872.29,1881.26,86748.088
1786590000000,1881.26,1888.33,1881.00,1886.70,115594.848
1786593600000,1886.70,1894.39,1884.69,1891.62,91133.535
1786597200000,1891.62,1899.60,1891.02,1895.08,152820.975
1786600800000,1895.07,1897.68,1891.03,1897.67,67075.690
1786604400000,1897.68,1898.00,1894.37,1894.62,35128.242
1786608000000,1894.62,1896.19,1887.38,1889.18,73685.558
1786611600000,1889.19,1890.18,1880.40,1889.02,116236.870
1786615200000,1889.01,1889.65,1881.01,1882.29,152030.707
1786618800000,1882.29,1882.80,1874.43,1879.48,135979.550
1786622400000,1879.49,1889.52,1878.13,1888.07,119526.603
1786626000000,1888.08,1894.79,1886.00,1889.63,171216.570
1786629600000,1889.64,1896.86,1887.67,1892.63,132615.728
1786633200000,1892.63,1895.32,1877.98,1879.19,190415.371
1786636800000,1879.19,1884.00,1862.11,1873.99,458701.122
1786640400000,1873.99,1880.41,1872.82,1876.05,108300.293
1786644000000,1876.04,1886.59,1875.69,1884.64,83886.084
1786647600000,1884.65,1891.96,1884.14,1886.62,121037.523
1786651200000,1886.62,1888.80,1884.43,1885.27,42385.687
1786654800000,1885.27,1888.69,1885.04,1887.87,25918.685
1786658400000,1887.88,1892.40,1887.67,1888.44,59400.116
1786662000000,1888.45,1888.54,1883.51,1885.39,43666.546
1786665600000,1885.38,1889.00,1882.46,1888.73,50217.515
1786669200000,1888.73,1889.36,1883.96,1888.59,45389.279
1786672800000,1888.58,1890.69,1885.15,1885.75,35147.733
1786676400000,1885.74,1888.34,1881.21,1882.25,66006.073
1786680000000,1882.24,1887.00,1881.18,1883.91,36612.222
1786683600000,1883.91,1884.75,1879.24,1883.08,53146.642
1786687200000,1883.08,1883.09,1871.60,1871.76,132520.829
1786690800000,1871.76,1877.46,1871.23,1872.34,87469.247
1786694400000,1872.34,1877.76,1868.08,1877.76,152760.358
1786698000000,1877.77,1877.97,1870.42,1872.30,61895.029
1786701600000,1872.30,1877.30,1871.56,1875.20,52491.839
1786705200000,1875.20,1880.86,1873.99,1877.33,64259.075
1786708800000,1877.34,1878.75,1871.88,1872.53,66211.011
1786712400000,1872.53,1873.00,1865.08,1869.07,172298.379
1786716000000,1869.08,1872.73,1863.20,1866.00,139432.200
1786719600000,1866.01,1884.00,1865.20,1880.72,189195.060
1786723200000,1880.73,1887.70,1878.52,1884.74,127468.376
1786726800000,1884.75,1887.00,1875.48,1877.90,91656.980
1786730400000,1877.90,1878.21,1872.70,1875.05,68811.115
1786734000000,1875.04,1881.00,1872.89,1879.91,49044.471
1786737600000,1879.91,1880.90,1877.86,1879.49,22356.495
1786741200000,1879.49,1880.58,1876.38,1878.53,30049.866
1786744800000,1878.52,1880.40,1875.21,1878.80,30510.490
1786748400000,1878.81,1881.87,1877.44,1881.39,29902.211
1786752000000,1881.38,1882.69,1880.68,1881.70,24331.894
1786755600000,1881.70,1883.88,1880.01,1883.35,26272.211
1786759200000,1883.35,1885.16,1883.34,1884.23,30726.373
1786762800000,1884.23,1886.00,1881.69,1881.95,37484.998
1786766400000,1881.95,1884.78,1881.94,1883.62,19705.407
1786770000000,1883.63,1884.46,1878.76,1879.84,34299.316
1786773600000,1879.84,1882.80,1879.03,1881.38,38880.274
1786777200000,1881.37,1881.81,1879.23,1879.60,19699.850
1786780800000,1879.59,1880.68,1875.50,1876.16,45298.656
1786784400000,1876.16,1880.55,1874.61,1879.55,37729.605
1786788000000,1879.55,1880.61,1877.67,1880.24,21872.640
1786791600000,1880.24,1880.49,1878.30,1878.56,15148.239
1786795200000,1878.56,1883.20,1877.23,1883.00,28363.370
1786798800000,1883.01,1884.36,1881.45,1882.79,45111.159
1786802400000,1882.78,1883.80,1880.58,1882.68,26848.039
1786806000000,1882.67,1885.18,1882.34,1884.09,33354.432
1786809600000,1884.08,1884.94,1883.08,1884.05,24672.908
1786813200000,1884.04,1885.76,1882.11,1883.62,26346.898
1786816800000,1883.62,1885.07,1881.77,1881.97,16555.627
1786820400000,1881.96,1884.16,1881.92,1883.67,11659.053
1786824000000,1883.66,1883.67,1881.82,1882.44,9039.163
1786827600000,1882.43,1884.58,1882.43,1884.14,12404.065
1786831200000,1884.14,1884.73,1883.26,1883.71,16887.227
1786834800000,1883.72,1883.72,1880.98,1881.73,26883.067
1786838400000,1881.73,1882.38,1880.65,1881.54,20881.048
1786842000000,1881.54,1881.54,1876.01,1879.70,46843.425
1786845600000,1879.70,1884.43,1878.21,1882.77,53824.331
1786849200000,1882.77,1883.27,1881.83,1882.15,18346.842
1786852800000,1882.14,1883.60,1879.59,1880.76,29845.240
1786856400000,1880.76,1881.16,1878.00,1879.01,28965.868
1786860000000,1879.01,1880.84,1878.00,1879.80,31435.771
1786863600000,1879.81,1880.95,1878.88,1880.73,13956.589
1786867200000,1880.72,1880.73,1879.57,1879.88,16217.653
1786870800000,1879.88,1881.57,1878.23,1879.32,29706.455
1786874400000,1879.32,1880.36,1878.70,1879.94,19530.416
1786878000000,1879.93,1880.27,1879.30,1880.14,14027.922
1786881600000,1880.14,1880.15,1878.40,1878.95,19296.852
1786885200000,1878.95,1881.12,1878.94,1880.94,18892.819
1786888800000,1880.95,1883.62,1880.34,1882.51,40273.197
1786892400000,1882.52,1884.29,1880.83,1883.22,33222.517
1786896000000,1883.23,1891.93,1883.22,1888.60,122345.970
1786899600000,1888.60,1890.42,1882.72,1884.20,61306.237
1786903200000,1884.19,1885.55,1881.64,1884.54,34534.114
1786906800000,1884.55,1887.95,1883.46,1884.88,28151.519
1786910400000,1884.88,1886.67,1880.60,1881.08,33537.787
1786914000000,1881.08,1881.97,1868.01,1874.59,139613.224
1786917600000,1874.59,1877.29,1868.10,1875.32,102222.091
1786921200000,1875.32,1876.78,1872.50,1875.22,44689.364
1786924800000,1875.21,1879.60,1871.61,1878.12,66201.357
1786928400000,1878.12,1897.34,1877.44,1890.71,285068.559
1786932000000,1890.72,1907.89,1887.64,1901.76,227919.829
1786935600000,1901.76,1903.74,1897.06,1900.19,115212.693
1786939200000,1900.20,1904.00,1900.19,1902.60,69388.543
1786942800000,1902.60,1903.24,1897.11,1898.85,52978.372
1786946400000,1898.85,1911.66,1896.85,1906.19,144422.785
1786950000000,1906.18,1907.00,1899.90,1900.09,81975.773
1786953600000,1900.09,1900.89,1890.60,1893.31,162427.324
1786957200000,1893.32,1896.99,1892.30,1893.02,60727.135
1786960800000,1893.02,1908.75,1891.25,1906.27,146062.090
1786964400000,1906.27,1907.80,1903.13,1903.75,78938.477
1786968000000,1903.75,1905.87,1895.81,1898.10,113361.980
1786971600000,1898.11,1908.48,1895.22,1904.02,179264.130
1786975200000,1904.02,1909.98,1897.33,1908.77,129393.536
1786978800000,1908.77,1914.85,1903.57,1912.45,198946.803
1786982400000,1912.44,1913.23,1904.29,1906.21,86743.165
1786986000000,1906.21,1913.54,1903.39,1907.96,103183.872
1786989600000,1907.95,1912.09,1906.32,1909.12,67868.757
1786993200000,1909.12,1909.93,1905.63,1906.28,44045.716
1786996800000,1906.27,1909.80,1903.81,1905.76,50569.994
1787000400000,1905.75,1907.97,1905.10,1905.58,22257.118
1787004000000,1905.57,1907.17,1902.58,1903.59,33927.901
1787007600000,1903.59,1918.00,1903.00,1912.70,119768.353
1787011200000,1912.70,1913.63,1907.77,1909.40,49778.920
1787014800000,1909.40,1909.58,1898.69,1900.46,99088.953
1787018400000,1900.45,1902.66,1888.23,1892.13,199807.198
1787022000000,1892.13,1894.60,1884.20,1893.68,171567.076
1787025600000,1893.67,1896.87,1890.54,1895.77,58689.418
1787029200000,1895.77,1897.80,1891.68,1894.57,58739.213
1787032800000,1894.56,1906.25,1892.58,1902.02,115939.473
1787036400000,1902.02,1902.58,1896.19,1897.69,55202.684
1787040000000,1897.69,1901.07,1892.68,1899.36,71444.666
1787043600000,1899.35,1899.35,1894.52,1895.83,38517.634
1787047200000,1895.84,1898.40,1894.14,1897.09,34069.791
1787050800000,1897.09,1904.99,1896.66,1902.31,84610.594
1787054400000,1902.31,1903.28,1898.13,1898.47,41569.144
1787058000000,1898.46,1899.26,1893.07,1897.05,122499.168
1787061600000,1897.05,1922.72,1896.18,1910.18,487922.429
1787065200000,1910.17,1918.85,1907.50,1916.88,207934.340
1787068800000,1916.88,1921.69,1911.62,1917.65,124108.132
1787072400000,1917.65,1917.77,1910.30,1910.37,80518.103
1787076000000,1910.38,1916.68,1909.59,1915.65,50499.280
1787079600000,1915.64,1916.72,1912.22,1912.57,41568.592
1787083200000,1912.57,1915.13,1910.84,1911.96,43448.498
1787086800000,1911.96,1914.13,1910.11,1911.21,26104.358
1787090400000,1911.22,1914.58,1910.70,1912.43,35668.247
1787094000000,1912.43,1919.63,1912.10,1917.10,57102.599
1787097600000,1917.09,1918.42,1911.00,1912.63,80406.186
1787101200000,1912.62,1917.31,1911.16,1912.82,75667.804
1787104800000,1912.82,1912.91,1906.15,1906.83,86795.510
1787108400000,1906.84,1914.82,1905.20,1911.21,78683.155
1787112000000,1911.20,1913.70,1909.14,1909.78,39557.372
1787115600000,1909.77,1913.32,1908.85,1909.19,33951.101
1787119200000,1909.19,1916.88,1905.27,1916.87,127366.566
1787122800000,1916.87,1920.72,1914.61,1915.14,143388.308
1787126400000,1915.14,1929.80,1914.36,1920.75,204534.229
1787130000000,1920.75,1923.18,1917.23,1918.30,63899.030
1787133600000,1918.30,1919.41,1916.45,1919.27,53782.751
1787137200000,1919.27,1925.43,1919.00,1922.34,95853.576
1787140800000,1922.35,1942.79,1921.60,1936.33,347900.602
1787144400000,1936.33,1940.94,1927.12,1931.76,343898.402
1787148000000,1931.77,1979.77,1931.72,1969.89,664373.741
1787151600000,1969.90,2132.00,1966.30,2085.16,2195380.032
1787155200000,2085.15,2107.38,2081.53,2088.75,698831.918
1787158800000,2088.75,2092.55,2065.22,2090.09,388524.474
1787162400000,2090.09,2091.78,2077.99,2090.81,175439.174
1787166000000,2090.82,2104.93,2087.78,2100.97,273921.577
1787169600000,2100.97,2248.00,2100.93,2218.06,1170654.261
1787173200000,2218.06,2336.82,2215.91,2286.12,1515001.066
1787176800000,2286.12,2290.23,2239.48,2249.61,625883.318
1787180400000,2249.61,2262.00,2242.67,2252.16,210151.736
1787184000000,2252.17,2273.32,2251.20,2261.70,289385.316
1787187600000,2261.71,2269.88,2248.73,2265.67,250588.721
1787191200000,2265.67,2270.00,2248.86,2251.29,171869.293
1787194800000,2251.28,2257.92,2222.00,2250.86,437559.246
1787198400000,2250.87,2259.00,2247.56,2249.80,133516.077
1787202000000,2249.81,2256.48,2242.93,2247.88,110491.103
1787205600000,2247.88,2267.15,2238.23,2262.10,299228.733
1787209200000,2262.10,2263.33,2244.01,2251.49,204750.661
1787212800000,2251.49,2288.00,2248.84,2281.92,592733.027
1787216400000,2281.92,2298.21,2273.76,2278.30,457471.462
1787220000000,2278.29,2294.91,2275.01,2286.34,208012.923
1787223600000,2286.33,2318.78,2281.43,2295.60,498758.455
1787227200000,2295.59,2299.94,2267.03,2289.57,512036.196
1787230800000,2289.57,2297.73,2253.55,2276.03,510213.989
1787234400000,2276.04,2288.46,2270.41,2280.12,246574.526
1787238000000,2280.13,2338.08,2280.13,2325.12,885960.045
1787241600000,2325.12,2359.68,2313.09,2343.94,562846.036
1787245200000,2343.94,2350.62,2331.61,2343.10,236653.655
1787248800000,2343.10,2346.99,2308.50,2315.21,377089.250
1787252400000,2315.20,2332.02,2310.74,2322.72,173198.720
1787256000000,2322.73,2330.51,2312.15,2317.55,110415.994
1787259600000,2317.55,2324.94,2312.33,2317.62,68030.891
1787263200000,2317.61,2318.46,2306.02,2313.33,129610.775
1787266800000,2313.32,2339.38,2312.07,2326.18,163454.810
1787270400000,2326.18,2351.00,2323.83,2339.95,320788.055
1787274000000,2339.95,2381.52,2337.04,2358.71,597423.164
1787277600000,2358.71,2364.44,2342.00,2344.73,266165.362
1787281200000,2344.73,2353.60,2336.14,2339.90,203746.655
1787284800000,2339.90,2354.92,2339.90,2353.12,108420.751
1787288400000,2353.12,2368.34,2348.44,2367.36,202912.940
1787292000000,2367.37,2384.54,2354.00,2371.51,355306.504
1787295600000,2371.50,2398.56,2368.00,2371.51,532140.453
1787299200000,2371.50,2449.47,2369.96,2444.89,982613.609
1787302800000,2444.89,2446.99,2375.04,2403.77,818990.028
1787306400000,2403.78,2411.64,2390.11,2394.73,226388.577
1787310000000,2394.72,2398.95,2356.00,2370.42,487402.148
1787313600000,2370.43,2397.35,2365.00,2387.75,274689.992
1787317200000,2387.75,2406.33,2367.13,2386.98,414929.847
1787320800000,2386.98,2397.30,2368.44,2393.14,311332.924
1787324400000,2393.14,2408.29,2390.58,2393.03,188566.070
1787328000000,2393.03,2413.58,2383.00,2405.13,210698.898
1787331600000,2405.13,2427.18,2401.21,2422.98,301322.676
1787335200000,2422.98,2431.86,2394.44,2419.80,300629.494
1787338800000,2419.80,2420.18,2406.31,2412.41,110706.815
1787342400000,2412.42,2447.49,2407.54,2440.07,275066.349
1787346000000,2440.07,2523.89,2433.12,2513.52,653363.909
1787349600000,2513.50,2549.40,2507.29,2522.00,636191.971
1787353200000,2521.99,2547.22,2509.08,2515.97,362386.346
1787356800000,2515.98,2522.93,2488.88,2521.69,312135.346
1787360400000,2521.69,2528.23,2506.22,2506.28,184459.612
1787364000000,2506.28,2522.52,2494.85,2515.33,218079.110
1787367600000,2515.33,2526.44,2510.90,2514.35,152429.655
1787371200000,2514.36,2529.98,2505.37,2513.88,216297.891
1787374800000,2513.88,2517.84,2384.00,2439.44,962299.705
1787378400000,2439.44,2443.35,2408.68,2436.94,246526.966
1787382000000,2436.95,2447.41,2425.20,2432.54,165303.332
1787385600000,2432.55,2440.43,2411.00,2425.34,206452.587
1787389200000,2425.34,2429.09,2411.52,2421.49,122343.396
1787392800000,2421.50,2422.43,2387.00,2412.14,353030.870
1787396400000,2412.14,2426.32,2404.50,2423.41,120222.061
1787400000000,2423.40,2437.60,2418.52,2427.31,146210.586
1787403600000,2427.30,2432.66,2420.72,2429.35,83188.938
1787407200000,2429.35,2430.82,2408.08,2413.02,145121.840
1787410800000,2413.01,2416.31,2405.07,2410.37,88099.066
1787414400000,2410.36,2429.26,2408.27,2421.89,110686.605
1787418000000,2421.90,2431.41,2415.96,2425.90,74094.810
1787421600000,2425.91,2433.94,2421.05,2426.54,62046.255
1787425200000,2426.53,2444.30,2423.42,2438.18,98465.550
1787428800000,2438.19,2442.78,2426.85,2431.02,58071.390
1787432400000,2431.02,2431.16,2401.64,2406.39,183175.988
1787436000000,2406.39,2424.54,2403.37,2413.17,115072.533
1787439600000,2413.17,2426.22,2409.54,2421.40,43552.801
1787443200000,2421.41,2434.68,2418.35,2429.95,103667.378
1787446800000,2429.95,2432.45,2419.04,2422.33,113426.642
1787450400000,2422.33,2423.60,2405.01,2415.98,97349.101
1787454000000,2415.98,2418.55,2407.20,2413.19,66825.031
1787457600000,2413.20,2416.57,2371.20,2378.24,384695.979
1787461200000,2378.24,2386.92,2355.38,2372.60,384688.608
1787464800000,2372.61,2397.37,2369.14,2389.35,198183.575
1787468400000,2389.34,2396.96,2386.00,2388.29,77966.822
1787472000000,2388.30,2428.29,2386.00,2412.25,279494.101
1787475600000,2412.24,2416.07,2402.85,2410.91,91448.288
1787479200000,2410.90,2420.52,2410.19,2414.80,83165.039
1787482800000,2414.80,2438.67,2414.08,2433.29,211838.761
1787486400000,2433.28,2433.29,2417.24,2426.61,117007.411
1787490000000,2426.62,2485.51,2426.61,2458.64,457575.940
1787493600000,2458.63,2469.85,2387.00,2437.94,528421.874
1787497200000,2437.94,2451.82,2420.70,2437.69,227214.758
1787500800000,2437.68,2459.43,2437.68,2449.70,98469.289
1787504400000,2449.71,2453.42,2431.46,2439.24,144784.713
1787508000000,2439.23,2448.84,2433.41,2447.59,76248.611
1787511600000,2447.59,2453.92,2436.27,2443.58,72575.250
1787515200000,2443.57,2449.69,2435.21,2449.22,53404.628
1787518800000,2449.22,2484.66,2449.21,2469.14,273010.583
1787522400000,2469.15,2474.00,2450.77,2454.13,124336.612
1787526000000,2454.12,2470.70,2440.28,2462.58,171267.065
1787529600000,2462.59,2465.62,2441.00,2464.60,162551.508
1787533200000,2464.60,2466.36,2425.80,2428.27,279222.551
1787536800000,2428.27,2450.79,2423.39,2442.54,149698.246
1787540400000,2442.53,2444.50,2423.05,2429.78,128697.509
1787544000000,2429.78,2446.09,2427.24,2436.72,107423.954
1787547600000,2436.73,2459.26,2432.75,2448.07,231773.945
1787551200000,2448.06,2463.56,2443.22,2455.58,145268.507
1787554800000,2455.58,2473.83,2451.27,2453.97,179577.165
1787558400000,2453.98,2458.53,2435.01,2453.62,180544.032
1787562000000,2453.63,2464.49,2452.20,2462.20,119216.720
1787565600000,2462.19,2492.84,2460.83,2464.24,368815.799
1787569200000,2464.23,2508.69,2453.29,2493.52,439756.868
1787572800000,2493.53,2520.00,2473.05,2511.99,408887.207
1787576400000,2512.00,2519.27,2475.01,2492.76,487731.579
1787580000000,2492.76,2531.70,2490.07,2515.00,533911.101
1787583600000,2514.99,2532.73,2477.74,2486.64,591935.335
1787587200000,2486.63,2505.60,2466.21,2477.03,367977.283
1787590800000,2477.03,2483.23,2453.51,2467.92,449975.624
1787594400000,2467.93,2483.28,2466.13,2473.21,181971.526
1787598000000,2473.21,2477.07,2460.57,2470.54,144401.783
1787601600000,2470.52,2478.31,2464.20,2474.44,72793.167
1787605200000,2474.44,2489.00,2474.23,2482.78,82047.324
1787608800000,2482.79,2484.50,2471.17,2473.38,58826.878
1787612400000,2473.38,2486.53,2468.95,2481.03,72974.169
1787616000000,2481.03,2504.66,2471.00,2492.20,204548.585
1787619600000,2492.19,2503.82,2483.33,2494.87,139035.621
1787623200000,2494.87,2533.47,2491.15,2506.94,436041.450
1787626800000,2506.95,2513.71,2487.14,2497.96,199300.519
1787630400000,2497.96,2503.00,2487.46,2493.72,146220.748
1787634000000,2493.72,2511.13,2492.49,2507.61,160510.070
1787637600000,2507.60,2514.74,2494.26,2499.90,127554.780
1787641200000,2499.90,2512.23,2462.92,2477.66,286346.201
