openTime,open,high,low,close,volume
1779721200000,62.89100,63.16800,62.47800,62.57400,597079.02
1779724800000,62.57500,62.67300,61.80000,62.11000,868701.73
1779728400000,62.11100,62.17000,61.52400,61.92900,650584.33
1779732000000,61.92800,62.33300,61.52200,61.70300,362730.07
1779735600000,61.70300,62.14200,61.41000,62.04300,329044.01
1779739200000,62.04200,62.04300,61.00200,61.32000,734435.18
1779742800000,61.32000,61.70100,61.27200,61.49400,289051.53
1779746400000,61.49400,62.04700,61.23600,61.24600,380192.95
1779750000000,61.25100,61.79000,61.09000,61.14600,363598.95
1779753600000,61.14700,61.30500,59.60000,60.08800,1643261.37
1779757200000,60.08800,60.39400,59.21500,59.32300,1087305.05
1779760800000,59.32300,59.83300,58.82200,59.07200,1089915.98
1779764400000,59.07300,59.56800,58.58100,59.35500,891460.93
1779768000000,59.35500,60.04900,59.00000,59.99600,747682.98
1779771600000,59.99700,60.75400,59.64000,60.30900,909547.11
1779775200000,60.30200,60.80800,60.11700,60.52500,616680.50
1779778800000,60.52600,60.62300,59.53000,59.77100,1112469.08
1779782400000,59.77200,60.28500,59.25700,59.54600,735178.38
1779786000000,59.54700,59.85000,59.17900,59.68900,512676.82
1779789600000,59.68800,61.84500,59.61700,61.43900,1841533.40
1779793200000,61.43800,61.73500,60.87600,61.17800,920668.62
1779796800000,61.17500,62.22200,60.43400,62.15300,1329361.05
1779800400000,62.15300,63.99900,61.76600,63.62700,2221855.63
1779804000000,63.62900,64.78700,63.30000,63.50900,3386801.23
1779807600000,63.50900,63.62500,61.82300,62.52300,2264272.98
1779811200000,62.52300,63.66000,62.07800,62.79800,1581632.49
1779814800000,62.79800,62.99700,60.76400,61.51500,1879264.94
1779818400000,61.51400,62.09700,61.07700,61.73300,917402.62
1779822000000,61.72300,61.77100,60.15700,60.80700,1178210.56
1779825600000,60.80800,60.86900,59.33000,59.72100,1318322.57
1779829200000,59.72200,59.84600,58.70600,59.07200,789602.92
1779832800000,59.07300,59.84400,58.89000,59.74800,686426.02
1779836400000,59.74800,60.02400,59.34200,59.57700,562604.35
1779840000000,59.57800,60.84700,59.40100,60.77500,856935.04
1779843600000,60.77500,60.82800,59.86800,60.09500,584490.43
1779847200000,60.09500,60.73400,59.72100,60.70600,598830.36
1779850800000,60.70600,61.18200,59.90400,60.11200,1071231.28
1779854400000,60.11200,60.90000,59.56600,60.78100,833490.55
1779858000000,60.78100,62.11100,60.68500,61.88100,1065677.49
1779861600000,61.88000,62.43600,61.48500,62.41900,767165.44
1779865200000,62.42000,62.78100,61.89800,62.18800,802091.33
1779868800000,62.18700,62.47200,61.82500,62.28800,553181.05
1779872400000,62.28900,63.35900,62.05700,62.90000,1140500.16
1779876000000,62.90000,63.29400,62.54700,62.55200,974699.53
1779879600000,62.55300,63.20800,62.27700,62.33700,840875.70
1779883200000,62.33900,63.13100,61.70900,61.91700,1277728.31
1779886800000,61.91600,62.16500,60.30500,60.83900,1798031.32
1779890400000,60.83900,60.98000,59.63600,60.02800,1651733.45
1779894000000,60.02900,60.85600,59.93400,60.54800,1039894.53
1779897600000,60.54800,60.70100,59.65700,60.47100,754963.23
1779901200000,60.47100,60.54500,58.91000,59.46300,1162590.40
1779904800000,59.46200,59.85800,59.03400,59.46400,776962.99
1779908400000,59.46400,60.22100,59.40400,60.14800,536518.36
1779912000000,60.14900,60.59200,59.94300,60.42900,627026.98
1779915600000,60.42600,60.47000,59.30000,59.82900,526519.15
1779919200000,59.82900,59.99300,58.12200,58.15500,1181880.98
1779922800000,58.15500,58.65200,57.41100,57.74500,1083317.17
1779926400000,57.74700,58.27200,57.54200,57.96300,588888.41
1779930000000,57.96400,58.49900,57.79100,58.05600,564296.73
1779933600000,58.05600,58.63400,57.69300,58.42900,713660.11
1779937200000,58.42800,58.46900,56.80000,57.14500,1491499.38
1779940800000,57.14400,57.66400,56.69300,57.52100,1323634.85
1779944400000,57.52100,57.89400,56.85200,57.04500,766260.54
1779948000000,57.04600,57.37300,56.62900,57.17000,786658.20
1779951600000,57.17100,58.34600,57.17100,58.10500,1050662.23
1779955200000,58.10600,58.12600,56.35100,56.79200,1451211.02
1779958800000,56.79200,57.55300,56.67500,57.49100,619351.88
1779962400000,57.49200,57.50500,56.61900,56.68000,568591.88
1779966000000,56.68000,57.12000,56.61000,57.09800,434646.14
1779969600000,57.09800,57.61800,56.30700,57.30600,844985.42
1779973200000,57.30500,57.50000,56.36400,57.37900,1165816.68
1779976800000,57.38100,58.86600,56.73600,57.37600,2731424.81
1779980400000,57.37700,57.96200,57.20000,57.68800,983015.98
1779984000000,57.68800,59.45400,57.40300,59.44100,1455530.57
1779987600000,59.43600,59.88300,58.71400,59.44100,962207.47
1779991200000,59.44100,60.96600,59.33000,60.74200,1302159.80
1779994800000,60.74200,61.57700,59.93200,60.95000,1290324.49
1779998400000,60.95000,61.35700,60.14800,60.69600,1110626.25
1780002000000,60.70000,62.11000,60.46200,61.84600,990656.00
1780005600000,61.84700,62.14000,61.08300,61.63400,690377.05
1780009200000,61.63300,62.14300,61.48100,61.55200,543334.35
1780012800000,61.55200,62.60000,61.20900,62.01000,1043114.33
1780016400000,62.01000,62.49400,61.23000,61.93500,818334.35
1780020000000,61.93600,62.04100,60.36700,60.46200,1174876.29
1780023600000,60.46600,62.17300,60.46600,61.32900,1508855.84
1780027200000,61.32800,61.75300,60.80200,61.66600,681981.62
1780030800000,61.66500,62.07400,61.27300,61.39200,650894.07
1780034400000,61.39300,62.26200,61.20500,62.01800,579730.12
1780038000000,62.02000,62.88700,61.90300,62.85000,1202336.27
1780041600000,62.85000,63.34100,62.41700,62.98900,1412256.57
1780045200000,62.98900,63.59900,62.65500,62.79900,1138355.87
1780048800000,62.79900,62.88000,62.17800,62.22300,691835.12
1780052400000,62.22200,62.75000,61.91200,62.21500,763857.30
1780056000000,62.21200,62.36300,61.43600,61.98800,957920.28
1780059600000,61.98800,62.97300,61.51600,62.84300,1678396.79
1780063200000,62.84400,63.96000,61.50300,63.55500,5466287.05
1780066800000,63.55600,66.81000,63.34200,65.66000,5649133.36
1780070400000,65.66100,67.62400,65.36200,66.89700,2908340.12
1780074000000,66.89600,67.49300,66.12900,66.37500,1941168.47
1780077600000,66.37500,66.63100,64.82100,65.02600,1523989.30
1780081200000,65.02600,66.29300,64.80000,66.26700,1299144.82
1780084800000,66.26500,66.49800,65.22800,65.50300,604550.62
1780088400000,65.50300,65.84100,64.21100,64.66600,1261825.26
1780092000000,64.66600,65.20000,64.29700,64.42600,567391.04
1780095600000,64.42700,64.71500,63.86100,64.44200,723785.52
1780099200000,64.44100,65.13600,64.11600,65.08100,677049.11
1780102800000,65.08100,65.83700,64.75600,65.62300,718632.83
1780106400000,65.62300,66.04200,65.02600,65.49100,724056.78
1780110000000,65.49200,65.50300,65.00100,65.15000,470800.07
1780113600000,65.15100,65.30000,64.00400,64.62200,1246892.51
1780117200000,64.62200,66.20000,64.41400,65.79600,1015175.29
1780120800000,65.79600,65.95000,65.35000,65.71700,574742.23
1780124400000,65.71600,66.33900,65.50800,66.07500,558096.61
1780128000000,66.07600,66.23800,65.82000,66.23700,368083.10
1780131600000,66.23700,66.62300,65.94700,66.21000,750989.79
1780135200000,66.20700,66.99000,66.00400,66.92800,790339.85
1780138800000,66.92700,68.08500,66.55500,67.85400,1497956.26
1780142400000,67.85300,68.68000,67.31100,68.37200,1458595.88
1780146000000,68.37200,68.67700,67.42700,68.03300,1085096.13
1780149600000,68.03400,68.32700,67.34100,68.18800,921818.12
1780153200000,68.18800,68.58700,66.62000,67.17100,1719946.77
1780156800000,67.17100,67.19400,66.19300,66.62500,1248629.10
1780160400000,66.62400,67.54500,66.46900,67.50900,885757.75
1780164000000,67.51000,68.35600,67.37900,68.22500,885284.75
1780167600000,68.22900,68.29000,67.55800,67.83600,634773.20
1780171200000,67.83600,68.15100,67.15000,67.28400,421304.67
1780174800000,67.28500,67.87100,67.14900,67.42400,281391.85
1780178400000,67.42400,67.84800,67.03400,67.67000,429995.56
1780182000000,67.66900,68.32800,67.04800,68.30300,605830.08
1780185600000,68.30400,69.66600,67.98000,69.42600,1456818.96
1780189200000,69.42600,69.59400,68.92900,69.19500,708846.48
1780192800000,69.19500,69.34300,68.02700,68.59000,834004.22
1780196400000,68.59100,68.93600,68.29400,68.79800,433028.77
1780200000000,68.79700,69.92800,68.40000,69.82700,997914.01
1780203600000,69.82700,70.47300,69.30000,69.53100,1260748.27
1780207200000,69.53100,70.09800,69.00000,69.19600,719575.01
1780210800000,69.19700,69.72600,68.81300,69.22400,778138.54
1780214400000,69.22300,69.70000,68.90000,68.90500,617862.57
1780218000000,68.90700,69.09600,68.31200,68.57000,935871.75
1780221600000,68.57000,68.84300,68.03500,68.38600,815177.06
1780225200000,68.38600,68.50500,67.42700,67.79400,973117.19
1780228800000,67.79300,68.48000,67.51500,68.01400,710439.91
1780232400000,68.01400,68.43400,67.66200,68.02200,616893.60
1780236000000,68.02200,68.53800,67.82100,68.16300,799425.54
1780239600000,68.16300,69.33800,67.95300,68.62100,1288342.15
1780243200000,68.62200,68.75000,67.69700,67.95600,754953.13
1780246800000,67.95600,69.28900,67.88900,68.92000,716214.95
1780250400000,68.91900,69.34200,68.63500,68.95100,557190.98
1780254000000,68.95100,69.34800,68.70000,69.29200,332846.96
1780257600000,69.29300,70.29800,69.00000,70.15400,1009161.19
1780261200000,70.15400,71.65800,69.86700,71.38700,1837392.91
1780264800000,71.38600,73.21400,71.00100,72.60800,2300329.59
1780268400000,72.60900,73.01700,71.56100,72.09300,1295975.08
1780272000000,72.09300,74.40000,71.90000,73.50400,1634711.40
1780275600000,73.50700,73.80000,71.80000,71.89300,1223637.98
1780279200000,71.89400,72.82700,71.68900,72.15400,752501.91
1780282800000,72.14900,73.57100,72.14800,73.53200,1012219.74
1780286400000,73.53300,73.80000,72.75400,73.31500,892998.86
1780290000000,73.31400,74.11200,73.20400,73.45400,910262.02
1780293600000,73.45500,73.98000,72.55300,73.27200,1215852.96
1780297200000,73.27300,73.92700,72.10400,72.38200,1385535.75
1780300800000,72.38100,72.94900,71.98000,72.14300,876686.81
1780304400000,72.14300,73.53000,71.42700,72.47300,1832288.23
1780308000000,72.47400,73.25700,72.21900,72.72300,803279.31
1780311600000,72.72300,74.07600,72.33200,73.17400,1349613.14
1780315200000,73.17000,74.73300,72.45200,74.08700,1910062.71
1780318800000,74.08800,74.13800,71.61200,72.13400,1966971.39
1780322400000,72.13400,72.48400,70.25300,71.23800,3061535.66
1780326000000,71.23700,72.74200,70.80600,70.98000,1743897.51
1780329600000,70.98000,72.27800,70.50400,72.24100,1761083.14
1780333200000,72.24100,73.56800,72.00600,72.94200,1652285.48
1780336800000,72.94100,73.56700,72.36800,73.54800,945914.24
1780340400000,73.54800,73.98900,73.11600,73.82600,725848.72
1780344000000,73.82700,73.85700,72.07700,72.57100,877740.61
1780347600000,72.57000,73.33400,71.78100,73.23300,643545.50
1780351200000,73.23300,74.29800,72.74800,74.24000,916889.38
1780354800000,74.24000,75.87400,73.15500,73.66500,2230610.11
1780358400000,73.66400,74.92900,73.27500,74.13900,1105006.74
1780362000000,74.14000,74.40900,72.70000,72.87800,1346705.45
1780365600000,72.87300,74.88500,72.67000,74.88100,1185711.90
1780369200000,74.87900,75.71700,74.52500,74.64100,1533089.68
1780372800000,74.64200,74.99400,73.62600,73.74300,848034.04
1780376400000,73.74200,74.25600,72.77600,72.97600,1281212.04
1780380000000,72.97500,73.34700,71.90900,72.02100,997525.02
1780383600000,72.02100,72.56800,71.28600,72.10300,1270960.65
1780387200000,72.10000,72.16800,71.14900,71.43600,849102.41
1780390800000,71.43500,72.03500,70.62000,70.84600,1483046.43
1780394400000,70.84700,72.47600,70.83800,72.40500,1164817.26
1780398000000,72.40400,73.07400,72.02900,72.59900,843715.49
1780401600000,72.60000,73.88200,72.42400,73.68700,986952.50
1780405200000,73.68800,73.80700,72.62300,73.07200,1095093.16
1780408800000,73.07300,74.06100,72.05000,72.43500,1878999.96
1780412400000,72.43400,72.47900,70.60000,71.97900,2577335.19
1780416000000,71.97800,72.66000,71.41900,72.00100,1389972.56
1780419600000,72.00100,72.90200,71.50000,72.38800,843545.48
1780423200000,72.39100,72.75200,70.79400,70.91700,1020418.90
1780426800000,70.91600,71.26500,69.04000,70.89000,2532665.06
1780430400000,70.89000,71.71000,69.33300,69.93300,1437405.70
1780434000000,69.93300,70.21000,68.85800,68.91000,950150.35
1780437600000,68.91600,69.29900,67.80200,68.48700,1687463.95
1780441200000,68.48800,69.88900,68.25200,69.84900,1105551.77
1780444800000,69.84900,70.97400,69.50300,69.75100,1159478.01
1780448400000,69.75200,70.06900,68.40700,69.20400,999629.00
1780452000000,69.20500,70.27800,69.02700,70.14200,591611.71
1780455600000,70.14100,70.98800,69.25400,70.62900,2064565.07
1780459200000,70.62900,72.99600,70.60000,72.75600,1889481.79
1780462800000,72.75700,73.70000,72.37000,72.72700,1596606.54
1780466400000,72.72600,73.06300,72.04500,72.48000,821694.79
1780470000000,72.48200,73.47500,72.17100,73.07100,620123.33
1780473600000,73.07000,73.25200,72.09500,72.26100,751880.72
1780477200000,72.26000,72.90100,71.50400,71.80400,835314.08
1780480800000,71.80500,73.18600,71.71700,73.14300,679585.90
1780484400000,73.14300,73.52000,72.05700,72.34100,761357.91
1780488000000,72.34100,73.45000,72.13800,73.33700,794901.21
1780491600000,73.33700,74.11500,72.23000,72.79700,1439413.08
1780495200000,72.80200,72.90000,71.70900,72.79500,943239.10
1780498800000,72.79500,73.62700,71.91500,72.10000,1102856.55
1780502400000,72.09900,72.76100,71.41000,72.75800,1062528.63
1780506000000,72.76100,73.99800,71.80500,73.75400,1510144.06
1780509600000,73.75400,74.60000,72.73500,74.12600,1212168.00
1780513200000,74.12600,74.52400,73.10100,73.42700,800832.95
1780516800000,73.42600,73.92500,72.06300,72.40800,796044.34
1780520400000,72.40800,75.39200,72.40800,75.00000,1410298.35
1780524000000,75.00000,75.63400,74.60000,74.81500,927869.64
1780527600000,74.81500,75.44600,74.11700,74.57500,699533.19
1780531200000,74.57500,75.53500,73.38100,74.18500,1315793.60
1780534800000,74.18700,74.42500,72.16000,72.23800,1400632.15
1780538400000,72.23800,73.71600,70.33400,72.63700,2702917.18
1780542000000,72.63800,74.18800,72.60000,74.01100,1042320.82
1780545600000,74.01100,75.06900,73.00000,73.30000,1323295.78
1780549200000,73.30100,73.36900,72.41000,72.56000,1061515.81
1780552800000,72.56000,73.12700,69.60000,69.72300,2493809.99
1780556400000,69.72300,70.04000,67.82300,67.85900,2908628.59
1780560000000,67.85900,69.12300,66.70000,68.55800,3219982.10
1780563600000,68.55700,68.67300,66.22000,67.17500,2290541.18
1780567200000,67.17700,67.18700,64.87200,65.53000,2820678.32
1780570800000,65.52900,67.09600,64.92400,66.60700,1926696.87
1780574400000,66.60800,68.12100,65.36300,67.77200,2424554.02
1780578000000,67.77500,67.91800,65.54800,67.14400,2264397.21
1780581600000,67.14400,67.69300,66.87000,67.20600,1354385.04
1780585200000,67.20700,68.66200,66.59600,67.46600,1657101.87
1780588800000,67.46600,68.94900,67.32600,68.91200,1253906.98
1780592400000,68.91100,68.94200,66.00000,66.82000,1574142.63
1780596000000,66.82200,67.63400,66.01500,66.76000,956756.00
1780599600000,66.76000,67.18400,65.77800,66.50600,995643.37
1780603200000,66.50700,67.77500,66.10200,67.17300,868646.83
1780606800000,67.17400,67.54400,64.34900,64.71600,1497423.57
1780610400000,64.71700,65.57600,63.06600,64.29600,1896999.31
1780614000000,64.29700,65.12800,63.25200,64.43900,1192307.82
1780617600000,64.43900,64.91600,62.92800,64.09800,1500809.02
1780621200000,64.09900,65.98300,63.40900,65.74700,1638244.82
1780624800000,65.74800,65.87400,63.62400,63.68900,1247737.93
1780628400000,63.69000,64.03300,61.55600,61.74400,2193075.56
1780632000000,61.74300,63.49900,61.25200,63.32300,2300719.25
1780635600000,63.32200,63.83100,60.94400,61.58300,2005470.55
1780639200000,61.58800,62.06300,59.15200,60.80600,3776560.44
1780642800000,60.80500,62.93100,58.93500,62.70700,3340645.73
1780646400000,62.70700,62.72100,60.86200,61.33500,1281001.53
1780650000000,61.33700,62.47400,61.08000,61.65200,1306225.22
1780653600000,61.65200,61.90900,60.81900,61.85000,813132.80
1780657200000,61.84900,62.64500,61.25200,61.68800,723190.46
1780660800000,61.68700,62.65500,61.16800,62.46900,1074446.80
1780664400000,62.46800,62.94300,60.60400,60.78100,1540616.15
1780668000000,60.78200,63.48200,60.75600,61.34400,1919445.67
1780671600000,61.34500,61.49900,57.20000,57.78600,3688974.12
1780675200000,57.78600,60.38600,57.06000,59.64200,3540375.51
1780678800000,59.64300,59.97200,57.70200,57.95800,1546495.20
1780682400000,57.95800,58.34900,56.66100,57.22200,1607646.43
1780686000000,57.22100,58.97900,56.70100,58.54600,1410672.44
1780689600000,58.54500,59.76400,58.09100,59.47600,1279115.37
1780693200000,59.47600,60.68700,59.09100,59.75700,863019.76
1780696800000,59.75900,60.30100,59.00000,59.49800,732922.55
1780700400000,59.50300,60.01300,58.80300,59.77600,662793.27
1780704000000,59.77200,60.96800,59.63400,60.77000,762648.18
1780707600000,60.77000,61.17200,59.60000,59.60900,680984.95
1780711200000,59.61000,59.94600,59.05400,59.60800,616755.90
1780714800000,59.60700,59.65500,58.66600,58.85400,626193.83
1780718400000,58.85400,59.26200,57.34300,58.21300,1274477.03
1780722000000,58.21400,59.64300,57.51700,59.42000,1091107.73
1780725600000,59.41800,59.93100,59.07600,59.49800,643156.51
1780729200000,59.49800,60.46900,59.23000,59.89200,691149.74
1780732800000,59.89000,61.02900,59.45400,59.97700,803191.93
1780736400000,59.97700,60.30000,59.11300,59.39900,611771.01
1780740000000,59.39900,59.42800,58.16300,58.54700,973125.11
1780743600000,58.54500,59.82400,58.50300,59.64000,684557.89
1780747200000,59.64000,59.93600,58.83700,59.28400,522757.29
1780750800000,59.28600,59.32800,58.50000,58.63800,539540.12
1780754400000,58.63900,58.98700,58.25600,58.38800,494898.86
1780758000000,58.38900,58.62300,57.61100,58.29700,890937.79
1780761600000,58.29900,58.71100,57.71400,57.84800,559991.23
1780765200000,57.84900,58.14000,56.95700,57.19400,741948.32
1780768800000,57.19300,57.66600,56.42300,56.89100,861118.66
1780772400000,56.89100,57.09600,55.53400,55.56400,1227267.62
1780776000000,55.56100,56.64500,55.45800,56.45700,750974.80
1780779600000,56.45800,57.00000,56.45800,56.60900,430836.77
1780783200000,56.61000,56.79200,56.01500,56.44700,343994.37
1780786800000,56.44700,56.96900,56.13500,56.50200,395898.49
1780790400000,56.50600,57.42000,56.10300,57.11200,663478.97
1780794000000,57.11600,58.44200,57.00000,58.04600,1200167.69
1780797600000,58.04700,58.28700,57.50300,57.86700,654641.83
1780801200000,57.86700,58.28000,57.39300,57.80400,535612.36
1780804800000,57.80200,59.14800,57.52000,59.11300,880261.26
1780808400000,59.12100,59.79900,58.94200,59.44800,981003.44
1780812000000,59.44800,59.89000,59.28200,59.72100,606385.03
1780815600000,59.72000,59.99200,59.36900,59.84800,533149.14
1780819200000,59.84800,60.42100,59.65400,59.88300,901045.95
1780822800000,59.88400,60.45100,58.91700,58.97800,869825.24
1780826400000,58.97900,59.24900,58.52400,58.82900,554483.60
1780830000000,58.82800,59.36500,58.53500,58.85400,464084.79
1780833600000,58.85300,58.90800,56.41900,57.80800,1709921.15
1780837200000,57.80700,57.99200,57.30100,57.90100,454178.58
1780840800000,57.90000,59.19400,57.88900,58.93800,1033630.60
1780844400000,58.93700,59.14200,57.77400,58.44100,778964.47
1780848000000,58.44000,58.83000,58.06900,58.49000,485096.60
1780851600000,58.49000,59.22000,58.45300,58.98700,305408.21
1780855200000,58.98700,59.47600,58.66800,58.70800,375402.52
1780858800000,58.70900,58.75100,56.81400,57.57600,893023.23
1780862400000,57.57600,58.65600,57.45500,58.39900,456662.90
1780866000000,58.39900,58.68000,57.99500,58.37100,210221.06
1780869600000,58.37200,59.89600,58.22200,58.86600,1166126.51
1780873200000,58.86500,59.76200,58.66700,59.71300,474031.02
1780876800000,59.71400,61.94800,59.53600,61.19700,1753550.69
1780880400000,61.19500,61.20500,59.28000,59.99600,1242880.51
1780884000000,59.99500,61.68100,59.82200,61.53900,981693.84
1780887600000,61.54000,62.07700,60.75800,61.30000,1020918.35
1780891200000,61.29900,61.39200,60.18600,60.59200,719021.77
1780894800000,60.59200,61.49600,60.59100,61.49600,680705.44
1780898400000,61.49600,63.19900,61.47100,63.09800,1115094.68
1780902000000,63.09900,63.43500,62.65000,63.03100,855203.66
1780905600000,63.03000,63.14200,61.08500,61.49900,1393303.09
1780909200000,61.50500,61.68500,61.03700,61.44800,642301.79
1780912800000,61.44300,61.87400,61.17300,61.43700,479161.74
1780916400000,61.43600,62.45600,61.12400,62.14000,703609.47
1780920000000,62.14000,62.99900,61.26100,62.92400,1011080.65
1780923600000,62.92600,64.89100,62.40000,64.54200,3351224.79
1780927200000,64.54500,65.13600,64.11200,64.70300,1573839.41
1780930800000,64.70500,65.79900,64.36500,64.81900,1509521.39
1780934400000,64.82000,65.02600,63.52000,63.72300,1284434.08
1780938000000,63.72300,64.47500,63.31500,64.16200,756889.13
1780941600000,64.16200,64.74600,63.91800,64.42900,445625.87
1780945200000,64.42900,64.76100,63.39600,63.69600,541570.63
1780948800000,63.69700,63.94800,63.22200,63.94400,386449.58
1780952400000,63.94900,64.53500,63.75000,64.08400,384447.61
1780956000000,64.08300,64.14900,62.76500,63.25700,676481.11
1780959600000,63.25700,63.82800,63.07500,63.81700,409057.81
1780963200000,63.81700,64.04200,62.05400,62.18000,970561.55
1780966800000,62.18100,62.97300,61.88800,62.75900,625859.98
1780970400000,62.76100,62.91600,61.47000,62.32500,649854.35
1780974000000,62.32500,62.77300,61.30100,61.63900,781343.74
1780977600000,61.63900,62.19600,60.86800,61.90100,1164365.98
1780981200000,61.90100,62.58400,61.17800,61.97700,778972.83
1780984800000,61.97800,62.48800,61.43300,61.82900,617716.77
1780988400000,61.82900,62.35600,61.68100,62.22800,500037.08
1780992000000,62.22700,62.90000,61.48400,62.58600,727958.25
1780995600000,62.58200,62.80000,61.87500,62.29100,656477.82
1780999200000,62.29000,62.48600,61.76900,62.13500,354859.85
1781002800000,62.13400,62.18900,61.57500,61.78500,399718.17
1781006400000,61.78400,62.33200,61.76700,62.08900,477673.24
1781010000000,62.09000,62.30000,60.56100,60.59500,1339523.34
1781013600000,60.59400,60.86900,59.34200,59.95800,1964453.33
1781017200000,59.95800,60.49500,58.65500,58.89900,1559429.71
1781020800000,58.89900,59.47000,58.45400,58.81200,1218241.40
1781024400000,58.81100,59.40000,58.69400,59.07600,817755.56
1781028000000,59.07500,59.32200,58.59700,58.92800,579271.02
1781031600000,58.92700,59.31400,57.87400,58.60000,990275.45
1781035200000,58.59800,59.45700,58.30000,59.41500,461079.89
1781038800000,59.41500,59.48000,57.65700,57.96100,537386.92
1781042400000,57.96200,58.34100,57.50900,57.60700,439007.71
1781046000000,57.60700,57.89800,57.30300,57.78600,355235.02
1781049600000,57.78700,58.16500,56.00000,57.10800,1061977.49
1781053200000,57.10700,57.35600,56.61500,57.30900,604019.34
1781056800000,57.30900,57.49300,55.57900,55.77500,912036.55
1781060400000,55.77300,57.04800,55.74200,56.60300,621120.26
1781064000000,56.60400,56.64800,55.27300,55.56500,759508.74
1781067600000,55.56600,55.74100,55.06400,55.37500,692201.54
1781071200000,55.37600,55.70300,55.05300,55.21600,550983.50
1781074800000,55.21600,56.24100,55.11100,55.71600,791529.21
1781078400000,55.71800,55.85100,55.23000,55.77700,552309.54
1781082000000,55.77800,56.13700,55.32600,55.97100,632524.16
1781085600000,55.97000,56.65800,55.38500,56.41700,576947.50
1781089200000,56.41900,56.60600,55.55200,55.64500,756061.58
1781092800000,55.64200,56.72700,54.82800,56.21500,1889566.42
1781096400000,56.21600,58.06400,55.97000,57.42400,1883181.97
1781100000000,57.42200,58.36200,57.24000,58.03500,1338500.26
1781103600000,58.03400,58.26000,56.64500,57.47400,1492370.93
1781107200000,57.47400,57.53200,55.57100,55.73500,1218916.34
1781110800000,55.73600,56.30400,54.81200,55.56600,999386.48
1781114400000,55.56600,55.76900,54.10100,54.70500,1146310.67
1781118000000,54.70100,54.81100,53.54700,53.91700,1409670.05
1781121600000,53.91600,54.27100,53.51500,53.73300,636717.61
1781125200000,53.73300,54.14100,53.15000,53.31500,913901.03
1781128800000,53.31600,53.60400,52.63600,53.27100,926680.47
1781132400000,53.27200,53.65300,52.67100,53.30800,557632.94
1781136000000,53.30900,53.74100,52.85300,53.26200,595555.39
1781139600000,53.26200,54.63600,53.26200,54.54400,1037358.62
1781143200000,54.54400,54.58100,53.55700,54.14600,549842.62
1781146800000,54.14500,55.33800,54.01100,55.16900,775460.54
1781150400000,55.17000,55.20200,54.43700,54.74400,503934.59
1781154000000,54.74500,55.69000,54.35600,55.55100,865586.57
1781157600000,55.55100,56.38000,55.51200,55.54100,873020.75
1781161200000,55.54100,56.04900,55.41200,55.56300,404302.36
1781164800000,55.56800,56.33800,55.51100,56.01200,457972.06
1781168400000,56.01200,56.22000,55.56100,56.07900,497488.56
1781172000000,56.07900,56.23300,55.63500,55.91300,449706.26
1781175600000,55.91100,57.15700,55.86600,56.83500,946555.84
1781179200000,56.83500,57.01500,55.69200,56.25800,1046996.98
1781182800000,56.25800,57.57000,56.08200,57.02700,996646.00
1781186400000,57.02800,57.16700,56.26000,56.46300,690087.52
1781190000000,56.46400,57.31900,56.18100,56.72600,605145.38
1781193600000,56.72600,56.86000,56.12200,56.24200,504986.96
1781197200000,56.24200,58.86900,55.82100,58.39900,1873341.96
1781200800000,58.39900,58.69500,57.47600,58.32300,1234226.20
1781204400000,58.32200,59.61100,58.00000,58.66500,1148496.92
1781208000000,58.66400,59.10200,58.12700,58.33500,625376.63
1781211600000,58.33500,59.13600,58.33100,58.85000,481758.18
1781215200000,58.85000,59.23500,58.51700,58.55100,456868.28
1781218800000,58.55200,59.59700,58.29500,58.95800,634879.26
1781222400000,58.95800,59.75000,58.85100,59.19800,462820.33
1781226000000,59.19800,59.19900,58.25900,58.41800,599648.29
1781229600000,58.41800,59.46200,58.20600,59.32200,571225.16
1781233200000,59.32200,59.47300,58.92000,59.22900,332619.98
1781236800000,59.23000,59.46000,58.56000,58.67100,490695.00
1781240400000,58.67300,58.73600,58.01100,58.05400,537673.73
1781244000000,58.05900,58.24200,56.81700,57.15300,1169688.76
1781247600000,57.15600,57.48700,56.76000,56.97600,606111.02
1781251200000,56.97700,58.66400,56.94100,58.63300,937969.81
1781254800000,58.63400,59.37800,58.30000,59.18700,713062.84
1781258400000,59.18800,59.49700,58.64800,59.09300,732380.73
1781262000000,59.09300,59.59200,59.01600,59.22900,434832.98
1781265600000,59.22900,60.75000,59.00900,60.39200,1235666.24
1781269200000,60.39100,60.74000,59.32600,59.68600,1214442.65
1781272800000,59.68300,60.47600,59.30400,60.44600,1211035.03
1781276400000,60.44700,61.23600,59.72600,59.77200,1530279.28
1781280000000,59.77200,61.52700,59.40900,61.02000,1666961.01
1781283600000,61.02100,62.47000,60.95700,61.92600,1269358.28
1781287200000,61.92800,62.17700,61.03200,61.15800,796898.14
1781290800000,61.15800,61.21700,60.46400,60.79000,594701.59
1781294400000,60.79100,61.35000,60.50000,60.81500,514178.77
1781298000000,60.81600,61.16300,60.15100,60.50800,383478.99
1781301600000,60.50600,60.88300,60.28000,60.64700,317141.20
1781305200000,60.64800,60.69800,59.21900,59.29800,742966.34
1781308800000,59.29700,59.36400,58.86200,59.29200,517504.50
1781312400000,59.29300,59.47700,58.90100,59.39600,388980.62
1781316000000,59.39600,59.70400,59.11500,59.21300,343812.44
1781319600000,59.21400,59.32600,58.30600,58.57800,590121.23
1781323200000,58.57900,58.65000,57.81100,57.95300,444148.46
1781326800000,57.95400,58.01800,57.24100,57.85100,754957.70
1781330400000,57.85100,58.86000,57.82000,58.73200,747908.37
1781334000000,58.73200,58.99500,58.34600,58.75800,482175.09
1781337600000,58.75800,59.20600,58.56100,58.87700,487338.78
1781341200000,58.87800,58.95000,58.25200,58.39400,345024.22
1781344800000,58.40100,58.50900,57.82900,58.05500,483768.38
1781348400000,58.05500,58.81100,57.94800,58.63900,451662.32
1781352000000,58.63900,59.57900,58.49900,59.44000,628240.30
1781355600000,59.44000,59.66300,58.90400,59.01600,523586.32
1781359200000,59.01500,60.24400,58.91400,60.24300,758033.16
1781362800000,60.24400,60.46000,59.75000,59.89800,637742.43
1781366400000,59.89900,60.29700,59.45000,60.13600,641053.50
1781370000000,60.13700,60.19100,58.98000,59.00900,626226.57
1781373600000,59.01000,59.87900,58.90000,59.85800,332351.71
1781377200000,59.85700,59.99100,59.62600,59.86400,158491.06
1781380800000,59.86200,59.99000,59.62500,59.91300,132953.83
1781384400000,59.91700,60.77300,59.78900,60.51100,285528.11
1781388000000,60.51100,60.53800,60.22100,60.23900,185515.04
1781391600000,60.23500,60.91700,60.12800,60.68400,357406.85
1781395200000,60.68200,60.93400,60.39900,60.87100,226230.27
1781398800000,60.87200,61.10800,60.50000,60.57600,263606.58
1781402400000,60.57500,61.19900,60.50200,60.79500,368735.05
1781406000000,60.80400,60.92300,60.30800,60.57700,335629.84
1781409600000,60.57800,60.63500,59.94000,60.10500,335809.41
1781413200000,60.10500,60.23600,59.83500,59.93700,318025.89
1781416800000,59.93700,60.32900,59.65200,59.88200,327012.01
1781420400000,59.88300,60.53400,59.78400,60.07400,382586.55
1781424000000,60.07500,60.33000,59.68900,60.25700,320185.30
1781427600000,60.25600,60.85900,59.90400,60.82800,480410.16
1781431200000,60.82800,61.59000,60.48100,61.00000,720726.66
1781434800000,61.00100,61.25400,60.55400,60.99800,357482.13
1781438400000,60.99900,61.32300,60.64500,60.85300,389296.09
1781442000000,60.85400,61.28800,60.57300,61.05000,408861.87
1781445600000,61.04800,61.06900,59.61300,60.29500,913975.34
1781449200000,60.29800,60.70800,60.20700,60.22600,387628.13
1781452800000,60.22700,60.49600,59.90600,59.93700,300530.33
1781456400000,59.93700,60.34500,59.73700,59.76500,238657.85
1781460000000,59.77000,60.42800,59.58900,60.34000,317429.09
1781463600000,60.33800,60.76900,60.16300,60.49300,252791.27
1781467200000,60.49400,60.74100,60.22400,60.47500,182351.66
1781470800000,60.47500,63.80800,60.34700,63.01000,1626562.51
1781474400000,63.01000,63.62600,62.22400,63.00400,1276226.03
1781478000000,63.00300,64.07900,62.93000,63.86300,719309.07
1781481600000,63.86400,64.25200,63.45200,63.91900,595304.10
1781485200000,63.92000,63.97700,63.11100,63.55800,576226.71
1781488800000,63.55800,65.05600,63.41400,64.78500,1377899.58
1781492400000,64.78700,65.39900,64.52700,65.29100,647618.37
1781496000000,65.29100,65.78800,64.74900,64.80900,1119566.33
1781499600000,64.81000,65.12900,64.50200,64.75200,531970.67
1781503200000,64.75200,65.20000,64.38900,65.16500,735938.92
1781506800000,65.16500,65.83000,64.76000,65.19900,746144.55
1781510400000,65.20000,65.99400,65.10900,65.97800,594242.32
1781514000000,65.97800,66.62700,65.58700,66.51000,871222.17
1781517600000,66.50900,68.11600,66.38900,67.81500,1238111.89
1781521200000,67.81500,68.48600,67.60700,67.93900,1006173.81
1781524800000,67.93900,68.32100,67.34700,68.03000,745424.41
1781528400000,68.03100,68.25300,66.87300,66.97400,1137279.62
1781532000000,66.97300,68.14900,66.66600,67.98500,984048.83
1781535600000,67.98400,68.45000,67.44200,68.00600,766888.47
1781539200000,68.00500,68.46600,67.50100,68.37000,710063.81
1781542800000,68.37000,68.75700,67.87300,68.09600,609081.27
1781546400000,68.09700,68.41300,67.70100,67.97600,455014.54
1781550000000,67.97500,68.25000,67.00400,67.18600,574372.84
1781553600000,67.18600,67.64000,67.00100,67.41500,323651.76
1781557200000,67.41400,68.18600,67.31500,68.08700,260012.35
1781560800000,68.08700,68.37000,66.43200,66.46600,716768.39
1781564400000,66.46600,66.94200,66.06900,66.86800,473805.62
1781568000000,66.87000,67.54800,66.34400,67.29900,518383.01
1781571600000,67.29900,67.70300,67.06300,67.31300,456641.62
1781575200000,67.31300,67.62300,66.80000,67.48700,564214.64
1781578800000,67.48400,69.88000,67.35000,69.75400,1345876.55
1781582400000,69.75300,70.49100,69.04100,70.38600,913465.69
1781586000000,70.38600,72.30900,70.33600,71.81600,1578025.94
1781589600000,71.81500,72.78000,71.51800,72.70500,1023209.49
1781593200000,72.70400,73.09000,71.87800,72.96300,914165.12
1781596800000,72.96200,74.08600,72.54000,73.73900,1062454.77
1781600400000,73.74100,73.98800,72.98600,73.44200,885210.79
1781604000000,73.44200,76.66000,73.23000,75.35400,1948222.65
1781607600000,75.35900,76.10500,74.45200,75.59600,1437004.55
1781611200000,75.59700,76.99100,74.86000,76.94600,1468777.79
1781614800000,76.94500,76.94900,75.30000,75.80100,1390932.80
1781618400000,75.80000,76.52800,73.31400,73.46200,2754961.49
1781622000000,73.45900,75.09800,73.37000,74.93100,1539485.94
1781625600000,74.93100,75.39900,73.42400,73.70500,1325696.56
1781629200000,73.70200,74.31900,72.80000,74.03500,969950.19
1781632800000,74.03500,75.20000,72.45500,72.86200,1183901.34
1781636400000,72.86400,73.49900,72.15000,72.52100,976911.42
1781640000000,72.52100,73.49200,72.16800,73.44000,502760.73
1781643600000,73.43700,73.75300,72.86700,73.50600,265855.09
1781647200000,73.50500,74.06500,73.00900,73.48500,377656.16
1781650800000,73.48600,73.87800,72.97300,73.65100,390872.28
1781654400000,73.65100,73.94700,72.60600,72.82800,496967.51
1781658000000,72.82800,74.84600,72.81000,74.42200,846048.59
1781661600000,74.41900,74.95700,74.07800,74.85100,632598.05
1781665200000,74.85100,75.11400,74.30000,74.50900,503306.73
1781668800000,74.50700,75.34800,74.33200,74.51500,680601.27
1781672400000,74.51600,74.74700,73.40200,74.35300,751631.82
1781676000000,74.35400,74.39600,72.82800,73.41600,785287.88
1781679600000,73.41700,73.78900,72.95200,73.44000,584267.18
1781683200000,73.44100,73.51800,72.20000,72.40500,880609.01
1781686800000,72.40300,73.22200,72.29100,73.07600,524263.31
1781690400000,73.07600,73.09600,72.04400,72.25600,444621.63
1781694000000,72.25600,72.43300,70.63200,71.02500,1338772.78
1781697600000,71.02600,71.67900,69.95400,71.41700,1348640.03
1781701200000,71.41700,72.39200,70.95900,71.72400,1015698.87
1781704800000,71.72300,72.68800,71.25500,72.15500,1040365.18
1781708400000,72.15200,74.63100,71.84200,74.40400,1403183.77
1781712000000,74.40200,76.72000,74.40100,75.29400,2693732.52
1781715600000,75.28800,75.47400,73.80000,74.34600,1573764.68
1781719200000,74.34600,75.37100,72.70300,73.65800,2508133.91
1781722800000,73.65800,74.03100,71.02300,72.25800,2678272.75
1781726400000,72.26000,72.82800,71.53600,72.40000,1131292.20
1781730000000,72.40000,72.63200,70.48300,71.08000,786501.47
1781733600000,71.07900,71.61500,70.21900,70.96500,928779.44
1781737200000,70.97000,71.76600,70.94900,71.15800,372651.96
1781740800000,71.15900,72.52900,71.06600,72.30000,659434.02
1781744400000,72.30000,73.73600,72.04700,72.38700,894097.13
1781748000000,72.38800,72.77700,71.93900,72.49500,465801.90
1781751600000,72.49500,72.53900,70.68000,70.98500,965135.29
1781755200000,70.98400,71.14600,68.68000,69.28200,1589022.74
1781758800000,69.28300,69.79900,68.60200,69.73800,983181.77
1781762400000,69.73300,71.27900,69.55400,71.22900,1107392.41
1781766000000,71.23000,71.67900,70.63200,71.52200,980496.67
1781769600000,71.52400,72.77300,71.13200,71.85800,1236550.20
1781773200000,71.86100,72.80000,71.66100,71.83300,750296.84
1781776800000,71.83300,72.63100,71.26000,72.18600,920087.06
1781780400000,72.18600,72.59800,70.58900,70.93900,903483.05
1781784000000,70.94000,72.04800,70.69200,71.70400,804120.78
1781787600000,71.70300,72.33800,70.17600,70.63200,1443848.79
1781791200000,70.63200,70.94400,68.95800,69.33400,1658446.58
1781794800000,69.33500,69.36300,67.32900,67.52500,2426202.58
1781798400000,67.52600,68.26300,66.83900,67.49400,1649175.98
1781802000000,67.49600,67.60600,66.52600,66.61100,1087456.70
1781805600000,66.61200,68.24700,66.58300,67.85600,914141.78
1781809200000,67.85600,68.78200,67.67000,68.18000,728979.70
1781812800000,68.17700,69.33600,68.17700,68.90800,674038.73
1781816400000,68.90800,69.00000,67.33300,68.00000,786151.21
1781820000000,68.00000,68.09500,67.65000,67.79500,284385.26
1781823600000,67.79400,68.54900,67.31400,68.34900,484849.04
1781827200000,68.34900,68.36600,67.64300,67.68600,309607.72
1781830800000,67.68600,67.80000,66.76700,67.67800,622940.62
1781834400000,67.67800,68.21800,67.01000,68.17900,482092.36
1781838000000,68.17900,68.29300,66.67200,66.81000,738528.48
1781841600000,66.80900,67.69900,65.61300,65.76900,1209858.34
1781845200000,65.77200,66.86000,65.77200,66.81200,465579.80
1781848800000,66.81200,67.77600,66.49900,67.66600,665119.29
1781852400000,67.66600,67.76300,66.23000,66.53700,678683.19
1781856000000,66.53600,67.69300,66.53600,67.43200,535062.60
1781859600000,67.43200,67.71800,66.62600,66.71200,627796.66
1781863200000,66.71200,67.24000,66.40000,67.06000,441346.67
1781866800000,67.06000,67.62500,66.72200,67.38400,362283.33
1781870400000,67.38400,68.39000,66.50000,68.33500,761110.25
1781874000000,68.33500,69.42400,67.39300,68.80600,1278250.42
1781877600000,68.80300,69.16800,67.80100,68.81600,999793.04
1781881200000,68.81700,69.59700,68.77500,69.35500,909074.94
1781884800000,69.35500,70.81800,69.21900,69.73200,1549987.56
1781888400000,69.73000,70.75900,69.20000,70.55500,966736.87
1781892000000,70.55500,71.35500,70.22300,70.66200,858603.99
1781895600000,70.66100,71.37400,70.33400,70.55900,710258.44
1781899200000,70.55200,70.98000,69.70000,70.30200,614072.49
1781902800000,70.30400,70.56000,69.19100,69.35600,531576.40
1781906400000,69.35600,70.21800,68.90200,69.93600,414626.44
1781910000000,69.93700,70.50000,69.50300,70.28800,410650.28
1781913600000,70.28700,70.42400,69.08000,69.23400,573536.35
1781917200000,69.23600,69.62100,68.72200,69.35500,441817.77
1781920800000,69.35200,69.41400,68.39900,68.51100,500012.49
1781924400000,68.51100,69.23300,68.49900,68.93800,284235.55
1781928000000,68.93800,70.08400,68.67000,70.04000,586575.56
1781931600000,70.04100,70.56000,69.89100,70.31900,523899.69
1781935200000,70.31900,70.95500,70.30800,70.45400,468444.53
1781938800000,70.45500,70.55000,69.86800,69.99100,588344.24
1781942400000,69.98500,70.99600,69.94100,70.70300,610801.67
1781946000000,70.70300,70.88000,70.19400,70.77200,356304.09
1781949600000,70.77200,71.19900,70.55000,70.76400,544951.63
1781953200000,70.76400,71.30000,70.45000,71.07000,432016.96
1781956800000,71.07000,71.42900,70.62500,70.80600,451892.81
1781960400000,70.80600,70.83100,69.25000,69.55800,898375.77
1781964000000,69.55900,71.16200,68.68300,70.76300,1391844.51
1781967600000,70.76200,71.25000,70.46400,71.10000,678702.50
1781971200000,71.10000,71.11600,69.66900,69.82300,453030.40
1781974800000,69.82300,69.88900,68.97800,69.54200,566355.24
1781978400000,69.53900,69.80500,69.42400,69.74000,228053.28
1781982000000,69.74100,70.01800,69.61500,69.86100,228397.17
1781985600000,69.86200,69.98000,69.35600,69.78600,269478.54
1781989200000,69.78500,70.23600,69.74700,70.00200,219458.01
1781992800000,70.00100,70.82400,69.95500,70.60100,301198.99
1781996400000,70.60200,71.00000,70.54300,70.73900,269104.11
1782000000000,70.73900,70.79400,70.26000,70.46100,249105.87
1782003600000,70.46100,70.89800,70.33100,70.47300,307339.52
1782007200000,70.47200,70.65200,69.81800,69.83500,221510.47
1782010800000,69.83400,70.38800,69.67300,69.71900,357601.55
1782014400000,69.72000,70.12300,69.22500,69.46900,358211.10
1782018000000,69.46900,69.55500,69.03500,69.43300,309869.24
1782021600000,69.43300,69.52400,69.00000,69.20700,271975.16
1782025200000,69.20700,69.53400,68.06300,68.53300,655424.21
1782028800000,68.53200,68.58900,67.25000,67.72300,864863.64
1782032400000,67.72400,68.36700,67.61100,68.27100,532830.36
1782036000000,68.27100,68.62900,68.12800,68.41500,319857.53
1782039600000,68.42000,68.45100,67.58300,67.79800,559005.59
1782043200000,67.79900,68.10100,67.26500,67.99700,599412.89
1782046800000,67.99900,68.00100,67.61200,67.92000,268848.67
1782050400000,67.92000,68.21400,67.41500,68.12400,366298.65
1782054000000,68.12400,68.78700,68.03400,68.69000,523252.28
1782057600000,68.68900,68.77200,67.69400,68.00000,568577.84
1782061200000,67.99900,68.35800,67.77300,67.87800,301622.22
1782064800000,67.87400,68.52000,67.56400,68.31800,323282.84
1782068400000,68.31700,68.67600,68.07700,68.54600,194499.47
1782072000000,68.54700,68.87700,67.75100,67.92300,381900.69
1782075600000,67.92300,68.04500,67.33300,67.45700,534359.31
1782079200000,67.45700,67.83800,66.80100,67.36400,556349.53
1782082800000,67.36400,67.36500,66.58000,66.93600,520692.45
1782086400000,66.93600,67.71800,66.85200,67.61900,483549.41
1782090000000,67.62000,68.91900,67.62000,68.42100,825923.83
1782093600000,68.42200,68.62900,67.33100,67.38300,495037.52
1782097200000,67.38300,67.47300,65.20200,65.48100,1419789.40
1782100800000,65.48100,66.08900,65.24600,65.97000,629216.58
1782104400000,65.96900,66.49800,65.73200,66.32100,410415.11
1782108000000,66.32100,66.52800,66.01000,66.21100,364647.68
1782111600000,66.21200,67.56800,66.21000,67.28800,557589.26
1782115200000,67.28800,67.94900,67.06900,67.43600,675279.92
1782118800000,67.43600,67.66900,67.14600,67.46600,211257.60
1782122400000,67.46600,67.89700,67.38000,67.56800,240114.43
1782126000000,67.56900,68.54300,67.41900,68.04300,659293.96
1782129600000,68.04300,68.83000,67.82000,68.47400,809609.72
1782133200000,68.47400,69.54500,68.07600,69.29500,1166901.89
1782136800000,69.29500,69.34000,67.87000,67.98600,919637.40
1782140400000,67.98700,68.50000,66.83800,66.96100,863614.50
1782144000000,66.96200,67.79300,66.53500,67.61400,657894.52
1782147600000,67.61400,68.06700,67.20200,68.00200,348689.16
1782151200000,68.00300,69.41200,67.91400,67.92900,998206.09
1782154800000,67.92700,68.38300,66.88100,67.41200,930805.05
1782158400000,67.41000,67.72700,66.85700,67.26600,348193.84
1782162000000,67.26600,67.42100,66.27800,66.73600,348795.37
1782165600000,66.74000,66.99700,65.86800,66.24000,463012.39
1782169200000,66.23800,66.38700,65.82200,66.29300,276946.21
1782172800000,66.29300,66.62000,65.89800,66.32200,343698.10
1782176400000,66.32300,66.56100,65.75300,66.35800,394632.42
1782180000000,66.35800,67.37700,66.05000,67.09200,579634.48
1782183600000,67.09500,67.13300,66.52000,67.07800,320120.74
1782187200000,67.07800,67.21500,65.83600,66.24800,458310.65
1782190800000,66.24800,66.71900,65.00700,65.32400,706244.05
1782194400000,65.32400,65.32400,63.46600,64.32100,1815794.07
1782198000000,64.32000,64.65900,63.51600,63.60500,620966.08
1782201600000,63.60600,63.83800,62.75000,62.92000,1305972.22
1782205200000,62.92100,63.21000,62.54400,63.10700,541912.47
1782208800000,63.10700,63.33100,62.29600,62.61800,582479.68
1782212400000,62.61700,63.29700,62.60400,63.25500,502450.72
1782216000000,63.25600,63.51700,62.64100,62.93600,578371.39
1782219600000,62.93700,63.34000,62.66800,63.34000,717043.21
1782223200000,63.34100,63.68800,62.87100,62.95100,692304.22
1782226800000,62.95200,63.08400,61.66800,62.40200,1122962.72
1782230400000,62.40000,63.04700,62.04000,62.44400,698162.50
1782234000000,62.44400,62.94900,61.88100,62.20000,510133.42
1782237600000,62.20100,62.37500,61.75500,61.79600,474801.37
1782241200000,61.79600,62.42100,61.75200,62.27900,296753.67
1782244800000,62.27900,62.78800,61.85700,62.06600,355739.38
1782248400000,62.06700,62.48500,62.01100,62.08300,226415.13
1782252000000,62.08200,62.94300,62.04200,62.32000,373264.81
1782255600000,62.31900,62.33400,61.73100,62.20500,328501.26
1782259200000,62.20400,62.99800,62.12000,62.90000,399823.86
1782262800000,62.90000,63.25400,62.34400,62.79500,367729.58
1782266400000,62.79500,62.84100,61.53900,61.56800,401856.24
1782270000000,61.56800,61.59200,60.60200,61.32700,930198.58
1782273600000,61.32800,61.77500,60.43800,61.46000,417988.59
1782277200000,61.45800,62.45300,61.44800,62.26400,502982.92
1782280800000,62.26300,62.67300,61.93000,62.22200,399992.75
1782284400000,62.22300,62.42100,61.74100,62.00600,318632.58
1782288000000,62.00600,62.75800,61.91700,62.68300,316837.64
1782291600000,62.68400,62.68400,62.10500,62.44400,270086.81
1782295200000,62.44400,62.56800,62.00000,62.06200,280417.29
1782298800000,62.06200,63.35200,61.57100,62.54500,600004.55
1782302400000,62.54400,62.63400,61.82100,61.99400,459014.99
1782306000000,61.99500,62.05300,60.25300,60.87700,1513122.95
1782309600000,60.87600,61.15000,60.12000,60.87400,848100.82
1782313200000,60.87500,60.91500,59.76600,59.97800,771797.79
1782316800000,59.97700,60.66200,59.10300,59.63500,1213422.77
1782320400000,59.63400,59.92600,59.11800,59.23500,891782.34
1782324000000,59.23800,60.94700,59.19200,60.38400,836741.63
1782327600000,60.38400,60.88700,60.03100,60.86300,398142.59
1782331200000,60.86400,62.99900,60.62900,62.54500,1667561.93
1782334800000,62.54500,63.38000,62.28800,63.32400,537604.02
1782338400000,63.32500,63.67700,63.07800,63.28700,507727.00
1782342000000,63.28600,64.30000,63.20300,63.94300,846432.67
1782345600000,63.94500,64.16400,62.82100,63.03300,523927.70
1782349200000,63.03300,63.47400,62.77100,63.33400,326958.74
1782352800000,63.33400,63.73500,63.04700,63.33500,309596.84
1782356400000,63.33400,63.48700,62.85300,63.06600,249918.64
1782360000000,63.06200,63.90600,62.57700,63.70200,440453.89
1782363600000,63.70200,63.98600,63.26900,63.58000,550138.12
1782367200000,63.58100,64.53100,63.49700,64.46600,644755.47
1782370800000,64.46600,64.62700,63.68400,63.76900,516509.98
1782374400000,63.77000,63.97100,63.36400,63.45800,359253.01
1782378000000,63.45800,63.76400,63.23200,63.68500,243191.98
1782381600000,63.68400,63.90000,62.80800,62.83700,426899.35
1782385200000,62.83600,62.98200,62.43500,62.90400,513627.26
1782388800000,62.90300,63.90800,62.43100,63.21700,622182.34
1782392400000,63.21800,63.38200,58.50100,58.87100,2076434.00
1782396000000,58.87500,61.52800,58.86400,60.81000,2077715.03
1782399600000,60.81100,62.03800,60.05000,61.84600,1134447.99
1782403200000,61.84600,62.66400,61.06500,61.31600,1068491.66
1782406800000,61.31500,63.54900,61.22300,63.42500,903767.76
1782410400000,63.42400,63.66300,62.77400,63.66300,856059.90
1782414000000,63.66300,63.66300,62.32800,63.56600,519799.19
1782417600000,63.56600,64.21500,62.96300,63.12700,643489.18
1782421200000,63.12700,64.87000,62.87100,64.45900,678531.66
1782424800000,64.45800,64.72100,63.41300,63.76300,537881.21
1782428400000,63.76300,65.47400,63.42700,64.11200,822373.99
1782432000000,64.11400,64.50200,63.48000,63.53500,615234.29
1782435600000,63.53100,63.67600,62.70200,63.26300,513036.37
1782439200000,63.26100,63.27800,61.40500,61.62600,1077876.13
1782442800000,61.62500,63.91700,61.43600,63.85100,995551.08
1782446400000,63.85000,63.97500,62.61400,62.78900,585241.05
1782450000000,62.78900,63.05000,62.01500,62.55100,515711.53
1782453600000,62.55200,63.88800,62.18300,63.73400,534299.88
1782457200000,63.73300,65.08900,63.37500,65.03000,899004.24
1782460800000,65.02700,65.47400,63.97400,64.05800,889623.57
1782464400000,64.05800,64.08400,62.59100,62.65300,870204.83
1782468000000,62.65200,62.65200,61.85100,61.98100,611671.01
1782471600000,61.98100,62.42000,61.72200,62.09200,567988.65
1782475200000,62.09200,62.65000,61.11400,61.52700,787826.23
1782478800000,61.52800,63.92800,60.99300,63.78800,1250996.42
1782482400000,63.78800,64.74200,63.57700,63.95900,1529442.60
1782486000000,63.95700,65.07900,63.86100,64.87000,976040.21
1782489600000,64.87100,65.39500,64.22700,64.98100,927418.48
1782493200000,64.98100,65.49500,64.35000,64.54700,605353.90
1782496800000,64.54700,65.27200,63.98400,64.05500,570881.02
1782500400000,64.05600,65.43100,63.88800,64.69200,636305.76
1782504000000,64.70300,65.17500,63.65100,63.75100,752262.73
1782507600000,63.75000,64.52800,63.28900,63.97800,579345.68
1782511200000,63.97800,64.22100,63.60800,64.20700,249641.60
1782514800000,64.20700,64.71000,64.17200,64.38800,312759.29
1782518400000,64.38800,64.41500,63.26300,63.68500,390053.83
1782522000000,63.68600,63.78800,63.33300,63.44300,213912.29
1782525600000,63.44200,64.50000,63.23300,64.24300,392340.61
1782529200000,64.24400,64.39600,63.87300,64.02700,211443.32
1782532800000,64.02300,64.77900,63.93200,64.01800,288042.25
1782536400000,64.02200,64.08100,63.68300,63.77300,200625.65
1782540000000,63.77300,63.99000,63.20800,63.52600,386218.70
1782543600000,63.52700,63.82900,63.31600,63.62700,227750.66
1782547200000,63.62700,63.99200,63.34500,63.48400,223462.16
1782550800000,63.48500,63.55400,62.63600,62.93000,582097.75
1782554400000,62.93000,63.31800,62.90400,63.30000,160682.01
1782558000000,63.29900,63.75300,62.81000,63.44700,295704.50
1782561600000,63.44600,63.45900,62.94200,63.31400,214599.14
1782565200000,63.31400,63.91300,63.20900,63.71300,299648.07
1782568800000,63.71300,64.23200,63.49300,63.83600,310977.68
1782572400000,63.83600,64.74900,63.82000,64.43700,424768.88
1782576000000,64.43600,64.43600,63.93700,64.24700,258270.20
1782579600000,64.24700,64.25700,63.06100,63.06900,543527.69
1782583200000,63.06900,63.28100,62.86900,63.06200,231355.13
1782586800000,63.06300,63.19800,62.17300,62.21400,442992.75
1782590400000,62.21400,62.58100,61.91600,62.43100,339299.83
1782594000000,62.43100,62.80700,62.24500,62.50100,256115.93
1782597600000,62.50000,62.64900,61.70400,62.61200,473830.07
1782601200000,62.61300,62.68000,61.50700,61.68200,448439.97
1782604800000,61.68100,62.17600,61.57800,61.81000,278216.20
1782608400000,61.81100,62.14900,61.43000,61.98800,287498.77
1782612000000,61.98800,62.14900,61.65600,61.93400,163637.59
1782615600000,61.93400,62.28400,61.87100,62.23100,203315.17
1782619200000,62.23100,62.29800,61.82100,61.94500,236115.02
1782622800000,61.94500,62.10900,61.66800,61.96600,254133.48
1782626400000,61.96600,62.21500,61.56000,61.98400,237448.81
1782630000000,61.98500,62.65400,61.96800,62.63000,316445.12
1782633600000,62.63100,63.46600,62.30600,63.09000,443134.45
1782637200000,63.09100,63.18600,62.78200,62.84300,257024.57
1782640800000,62.84300,63.11100,62.46300,62.84700,314155.91
1782644400000,62.84700,63.54600,62.81800,63.22000,398335.64
1782648000000,63.22000,63.59100,62.86000,63.09700,290524.47
1782651600000,63.09900,63.28900,62.53300,62.80900,346192.84
1782655200000,62.80900,63.25700,62.69000,62.70200,285338.63
1782658800000,62.70200,63.21900,62.60600,63.11400,290892.01
1782662400000,63.11500,63.27800,62.32900,62.65700,402305.18
1782666000000,62.65800,63.04600,62.42400,62.82000,269243.75
1782669600000,62.82000,62.86600,61.88400,62.16300,350470.28
1782673200000,62.17000,62.32800,61.61200,62.01500,289555.10
1782676800000,62.01100,62.45500,61.87200,61.91200,259469.41
1782680400000,61.91300,61.91800,60.50000,60.77700,606528.89
1782684000000,60.78000,61.52400,60.57700,60.86800,701142.06
1782687600000,60.86800,61.74900,60.80300,61.46000,384981.41
1782691200000,61.46100,61.75100,60.64000,61.71000,501675.43
1782694800000,61.71000,62.07300,61.17500,61.96200,377512.53
1782698400000,61.96300,62.65800,61.37300,62.49600,514336.31
1782702000000,62.49800,62.94500,62.24000,62.72600,472660.00
1782705600000,62.72400,62.83500,62.01500,62.05500,269620.63
1782709200000,62.06000,62.99700,61.54300,62.96000,459729.99
1782712800000,62.96200,63.23500,62.65600,62.65800,417165.78
1782716400000,62.65800,62.93000,62.45700,62.59400,236336.00
1782720000000,62.59500,62.79000,62.33100,62.37600,251872.87
1782723600000,62.37800,62.77500,62.27100,62.58900,222741.17
1782727200000,62.59200,63.85400,62.59200,63.64200,592475.34
1782730800000,63.64500,63.69600,62.88100,63.37700,461397.64
1782734400000,63.38100,64.64000,63.11900,63.79700,1211880.32
1782738000000,63.79800,64.97800,63.16000,63.91500,1485543.56
1782741600000,63.91600,64.50000,63.25000,64.42200,940753.06
1782745200000,64.42400,64.97700,63.71200,64.87900,758126.68
1782748800000,64.87900,65.27500,64.22400,64.71300,781311.81
1782752400000,64.71200,66.99900,64.71200,66.38500,1380427.58
1782756000000,66.38900,66.45800,65.67700,65.80500,500756.89
1782759600000,65.80600,67.19800,65.40400,66.95900,700201.76
1782763200000,66.96200,67.01500,66.32300,66.35300,373820.71
1782766800000,66.35300,67.80000,66.27300,67.55000,553671.78
1782770400000,67.54200,67.84800,66.71600,67.00000,489542.60
1782774000000,66.99900,67.28600,66.62900,66.92200,303446.27
1782777600000,66.92200,67.00400,65.80000,66.05200,573921.53
1782781200000,66.05300,66.58000,65.59800,66.41600,565857.58
1782784800000,66.41500,66.52300,65.60100,65.76200,327451.58
1782788400000,65.76200,66.18000,65.71900,65.77100,196599.16
1782792000000,65.77100,66.51600,65.53200,66.22600,391690.75
1782795600000,66.22500,66.33300,65.69700,66.06800,305781.93
1782799200000,66.06800,66.08800,65.40500,65.52100,355227.86
1782802800000,65.52100,65.75900,65.23100,65.66300,360628.80
1782806400000,65.66300,65.75900,65.00000,65.17100,482038.68
1782810000000,65.17200,65.45000,64.88100,65.32200,282758.69
1782813600000,65.32300,66.23200,65.15800,66.07200,353982.34
1782817200000,66.07400,66.34100,65.47500,65.69600,537410.56
1782820800000,65.69700,65.69700,64.43200,64.54800,786004.06
1782824400000,64.55200,65.58600,64.40400,65.24900,815554.99
1782828000000,65.24800,66.04200,64.68600,64.81800,754022.48
1782831600000,64.82200,65.46300,64.50800,65.03400,548132.66
1782835200000,65.02900,65.32400,64.14200,64.68900,453654.25
1782838800000,64.68900,65.22300,64.52400,64.58900,311764.25
1782842400000,64.58900,65.26300,64.49600,64.99500,287310.23
1782846000000,64.99700,65.55600,64.76600,65.50500,285705.30
1782849600000,65.49900,65.74900,64.63900,64.68600,374243.21
1782853200000,64.68400,64.91400,64.16700,64.70900,282641.89
1782856800000,64.71000,64.91800,64.32600,64.63800,200650.73
1782860400000,64.63800,65.10700,64.51900,65.06100,153015.25
1782864000000,65.06100,65.18400,64.19300,64.23400,423149.69
1782867600000,64.23500,64.73400,62.94400,64.56300,918910.28
1782871200000,64.56300,65.59500,64.49500,65.44500,588698.29
1782874800000,65.44600,65.81500,65.07900,65.60000,386838.39
1782878400000,65.60000,66.03000,65.36900,65.88200,251574.55
1782882000000,65.88300,66.02600,65.11800,65.20800,313626.11
1782885600000,65.20700,65.24700,64.53400,64.90600,452141.15
1782889200000,64.90700,64.95300,64.06000,64.47600,357926.29
1782892800000,64.47700,64.47700,63.23300,64.00200,750106.34
1782896400000,64.00200,64.27600,63.77700,64.03600,348399.96
1782900000000,64.03600,64.06900,62.43400,62.74800,778207.05
1782903600000,62.75100,63.05000,62.38100,62.67800,447833.27
1782907200000,62.67900,62.87400,62.41200,62.52000,348754.59
1782910800000,62.51800,64.11800,62.49600,64.06700,825651.35
1782914400000,64.06600,64.79800,63.20800,63.67100,1143282.11
1782918000000,63.67100,64.86600,63.58100,64.61200,736644.23
1782921600000,64.61200,65.09900,64.24700,64.43300,486104.22
1782925200000,64.43300,64.62200,64.00200,64.38400,476188.46
1782928800000,64.38500,64.78100,63.64000,63.84100,494698.43
1782932400000,63.84100,64.14300,62.86600,62.98600,462683.33
1782936000000,62.98700,63.30300,61.96200,62.27200,966567.95
1782939600000,62.27300,63.81600,61.96900,63.42300,724323.09
1782943200000,63.42300,64.20000,62.51000,63.30800,800699.11
1782946800000,63.30700,63.30700,62.31800,62.37100,421553.15
1782950400000,62.37100,62.59100,61.69300,62.29500,536456.96
1782954000000,62.29500,63.19400,62.17000,62.82000,473940.22
1782957600000,62.82000,63.14100,62.43600,63.06400,299021.49
1782961200000,63.06500,63.68000,62.77500,63.62800,383826.47
1782964800000,63.62000,63.85500,63.26100,63.72400,333569.72
1782968400000,63.72400,63.84300,63.33100,63.39900,215704.82
1782972000000,63.39900,63.81400,62.92900,63.23000,325761.99
1782975600000,63.23400,63.44400,62.89900,63.14900,256934.87
1782979200000,63.14800,63.58900,63.00000,63.56700,291382.77
1782982800000,63.56700,64.17400,63.40000,63.94700,443342.90
1782986400000,63.94700,64.44800,63.76900,64.20400,408184.65
1782990000000,64.20400,65.31500,64.13200,65.08900,732209.24
1782993600000,65.08900,65.57600,64.66000,65.14300,795353.77
1782997200000,65.14400,66.27500,65.04000,65.96900,999461.56
1783000800000,65.96900,66.50800,65.04300,65.59900,970024.34
1783004400000,65.60000,65.70800,64.92200,65.40300,467251.96
1783008000000,65.39900,65.84300,65.06900,65.66100,362708.56
1783011600000,65.66200,66.24600,65.49300,65.94100,371066.40
1783015200000,65.94200,67.19200,65.92600,66.82400,716111.85
1783018800000,66.82400,66.96900,66.20000,66.27400,324175.35
1783022400000,66.27500,66.50800,66.17500,66.31800,217337.31
1783026000000,66.31900,66.36300,65.70000,65.95300,267454.62
1783029600000,65.95200,66.22000,65.50000,65.87000,300400.05
1783033200000,65.87000,67.00000,65.70700,66.92900,363617.42
1783036800000,66.92600,67.05900,65.92100,66.06100,356041.70
1783040400000,66.06100,67.06800,66.03100,66.87300,358622.59
1783044000000,66.87200,67.09300,66.41800,66.74000,222472.59
1783047600000,66.73900,66.84700,66.32900,66.69900,194607.87
1783051200000,66.70000,66.75900,66.24400,66.57800,192529.00
1783054800000,66.57800,67.82000,66.53700,67.31100,526247.05
1783058400000,67.31200,67.57700,66.94400,67.22300,315269.37
1783062000000,67.22300,67.46200,66.96800,67.28600,256120.57
1783065600000,67.28700,67.84000,67.28400,67.65700,439694.17
1783069200000,67.65700,68.49900,67.45100,67.65500,735295.88
1783072800000,67.65500,69.17700,67.53900,68.96200,646738.89
1783076400000,68.96200,69.54700,68.84400,69.28000,507900.32
1783080000000,69.27900,69.45300,68.75100,69.07800,446310.65
1783083600000,69.07900,69.94800,69.02800,69.71000,537499.07
1783087200000,69.70400,70.50000,69.01400,70.35600,1038020.58
1783090800000,70.35600,70.82900,69.81500,69.96100,831341.13
1783094400000,69.96000,70.56600,69.49600,69.85500,698734.67
1783098000000,69.85600,70.74100,69.62300,70.73600,544318.84
1783101600000,70.73600,70.80500,70.33600,70.50700,309530.82
1783105200000,70.50800,70.59100,70.21100,70.28200,222006.52
1783108800000,70.28200,71.12800,70.22900,70.64700,479860.65
1783112400000,70.64800,71.27400,70.40000,70.89200,304350.52
1783116000000,70.89300,70.98500,70.60200,70.77000,273705.41
1783119600000,70.76900,71.06000,70.36100,70.67700,258287.25
1783123200000,70.67700,71.42900,70.55100,71.20700,325990.51
1783126800000,71.20800,71.20800,70.17400,70.29000,371531.20
1783130400000,70.28900,71.10000,69.95900,70.76500,345376.20
1783134000000,70.76400,71.72400,70.57100,71.35600,412899.93
1783137600000,71.35700,72.08600,71.20500,71.56500,390818.54
1783141200000,71.56500,71.72600,71.01800,71.41800,286748.22
1783144800000,71.42000,71.72800,70.80100,71.28300,281029.45
1783148400000,71.28300,71.77300,71.13200,71.48900,268841.32
1783152000000,71.49300,71.59200,71.05100,71.09000,267128.55
1783155600000,71.09100,71.26900,70.67700,70.94800,358021.54
1783159200000,70.94800,71.23900,70.54000,70.68600,204503.59
1783162800000,70.68600,70.78700,70.38400,70.64300,227119.02
1783166400000,70.64400,71.18700,70.64300,70.85900,191705.16
1783170000000,70.86000,71.34400,70.34300,70.52000,308775.93
1783173600000,70.51900,70.87300,70.41500,70.55900,281403.51
1783177200000,70.55800,71.22400,70.48100,70.64600,354885.80
1783180800000,70.64500,70.88700,70.21300,70.26600,215411.08
1783184400000,70.26700,70.85000,70.03700,70.64500,435466.26
1783188000000,70.64600,70.68500,69.55400,69.76400,515289.09
1783191600000,69.76400,70.07600,69.41800,69.92400,269984.98
1783195200000,69.92200,70.09400,69.52300,69.78900,214615.83
1783198800000,69.79000,70.25600,69.70200,70.14700,173195.87
1783202400000,70.14700,70.24500,69.84800,70.07100,138879.90
1783206000000,70.06600,70.09500,69.64000,69.87100,182991.19
1783209600000,69.87200,69.90000,69.10600,69.35000,322609.03
1783213200000,69.35000,69.37500,68.67000,69.01100,434731.26
1783216800000,69.01000,69.01700,68.30000,68.63400,385329.51
1783220400000,68.63400,68.76000,68.37400,68.67300,157254.76
1783224000000,68.67300,69.35800,68.67100,68.78500,292046.27
1783227600000,68.78400,68.80000,68.22200,68.51900,268170.23
1783231200000,68.51900,68.73900,68.35800,68.61100,168267.33
1783234800000,68.61200,68.71800,68.35600,68.68200,145885.48
1783238400000,68.68100,68.94300,68.47000,68.88600,204062.32
1783242000000,68.88700,68.95000,68.30200,68.46300,236957.61
1783245600000,68.46200,69.11100,68.38000,68.97300,205810.03
1783249200000,68.97300,69.04800,68.52100,68.89300,215604.14
1783252800000,68.89400,69.48600,68.69200,69.18900,277917.14
1783256400000,69.18900,69.57500,69.07800,69.28100,188951.10
1783260000000,69.28000,69.48500,69.00600,69.43800,153583.09
1783263600000,69.43800,69.86600,69.34600,69.53700,250103.59
1783267200000,69.53700,69.55400,69.17000,69.39100,123239.01
1783270800000,69.39100,69.51800,69.16000,69.26200,113617.26
1783274400000,69.26200,69.43500,69.12400,69.27400,71217.06
1783278000000,69.27400,69.96900,69.22700,69.80500,173448.86
1783281600000,69.80600,70.92000,69.75900,70.91800,397788.30
1783285200000,70.91700,71.33900,70.46800,71.02000,347378.19
1783288800000,71.01900,71.71900,70.85700,71.54500,439339.79
1783292400000,71.54500,71.60000,71.03600,71.36400,256160.46
1783296000000,71.36400,72.59900,71.14200,72.49100,951317.41
1783299600000,72.49000,72.71000,71.72700,71.85100,381374.06
1783303200000,71.85200,72.38800,71.55000,72.25600,346317.32
1783306800000,72.25600,72.43900,71.33900,71.63400,348180.92
1783310400000,71.63200,71.79300,71.18200,71.61100,225753.13
1783314000000,71.61100,71.76600,70.69000,70.77000,351021.95
1783317600000,70.77100,71.27100,70.67500,71.17600,229226.64
1783321200000,71.17600,71.25700,70.78200,70.85100,243431.24
1783324800000,70.85000,71.10800,69.93900,70.33000,524747.48
1783328400000,70.33000,70.38400,69.70400,69.99100,283827.20
1783332000000,69.99200,70.62800,69.98800,70.43800,282703.67
1783335600000,70.43900,71.01600,69.94600,70.02500,306289.99
1783339200000,70.02500,70.09200,69.03000,69.11800,958908.68
1783342800000,69.11800,70.00000,68.56200,69.67200,879140.57
1783346400000,69.66700,70.34300,69.47100,69.83500,400854.48
1783350000000,69.83500,70.85300,69.82500,70.72500,502215.72
1783353600000,70.72600,71.32300,70.68100,71.29300,532406.89
1783357200000,71.29200,71.56800,70.97300,71.08500,336119.44
1783360800000,71.08700,71.62500,71.05200,71.22700,213702.55
1783364400000,71.22700,71.73400,71.12400,71.59500,241142.80
1783368000000,71.59300,71.61700,70.80700,70.92200,291924.07
1783371600000,70.92200,71.77100,70.82700,71.59700,298465.16
1783375200000,71.59700,71.62500,70.94100,71.10600,198581.63
1783378800000,71.10500,71.13300,70.51600,70.60800,231678.72
1783382400000,70.60900,72.05600,70.40400,71.97200,477861.62
1783386000000,71.97100,71.97100,71.14600,71.16900,340806.86
1783389600000,71.17100,71.28400,70.47700,70.66900,266051.04
1783393200000,70.66700,70.75200,70.10000,70.21400,277756.23
1783396800000,70.21300,70.26400,69.70600,70.20600,319426.49
1783400400000,70.20700,70.45300,69.48000,70.19200,388675.83
1783404000000,70.19200,70.99600,70.03500,70.90500,300726.49
1783407600000,70.90400,71.30000,70.53300,70.58100,260009.16
1783411200000,70.58100,71.08400,70.51400,71.03900,254605.31
1783414800000,71.03900,71.61800,70.88800,71.30900,290937.32
1783418400000,71.31000,71.87700,71.26500,71.40700,335750.86
1783422000000,71.40700,71.96300,71.15800,71.95100,273335.66
1783425600000,71.95100,72.55800,71.83600,72.05100,562971.03
1783429200000,72.05100,72.14500,71.10800,71.26000,659866.42
1783432800000,71.25900,72.39200,70.82000,72.34600,679078.32
1783436400000,72.34500,72.98500,71.91700,71.98200,738634.42
1783440000000,71.98200,72.31900,71.57300,71.65800,417935.20
1783443600000,71.65700,72.05500,71.40000,71.63800,317637.14
1783447200000,71.64000,71.86800,70.12700,70.21600,533221.06
1783450800000,70.21200,70.41900,69.33600,70.15400,739011.01
1783454400000,70.15500,70.36500,69.88200,70.17300,195701.79
1783458000000,70.17300,70.48200,68.92000,69.32000,413602.20
1783461600000,69.31800,69.77900,68.90300,69.71500,278135.11
1783465200000,69.71600,69.92100,69.11900,69.18600,174672.33
1783468800000,69.18700,69.75000,69.11200,69.45700,268334.64
1783472400000,69.45800,69.55700,67.46000,68.10200,906936.04
1783476000000,68.10200,68.38500,67.15200,68.24900,642441.05
1783479600000,68.25000,68.55600,67.85700,68.03900,255892.99
1783483200000,68.03900,68.34200,67.80200,68.21300,180864.22
1783486800000,68.21200,68.45000,68.01200,68.35100,175000.34
1783490400000,68.35400,68.40000,67.81000,68.16300,210111.43
1783494000000,68.16400,68.38900,67.71800,68.24700,206751.91
1783497600000,68.24800,68.42600,67.36500,67.98500,576613.60
1783501200000,67.98400,68.49800,67.72400,67.98700,321607.23
1783504800000,67.98800,68.32500,67.84700,68.23200,211087.72
1783508400000,68.23600,69.11400,67.84800,68.86500,364500.69
1783512000000,68.86800,68.89700,67.93100,67.95900,271146.79
1783515600000,67.96000,68.40200,67.37500,67.89700,606063.97
1783519200000,67.89200,68.08000,67.20100,67.38500,419735.47
1783522800000,67.38500,67.40700,66.53600,66.90500,631640.59
1783526400000,66.90600,67.73800,66.88700,67.64400,334652.87
1783530000000,67.64500,67.95400,67.42900,67.55400,202716.27
1783533600000,67.55400,67.77700,66.63400,66.78800,281389.74
1783537200000,66.78900,67.36500,66.62700,67.33600,217238.33
1783540800000,67.33800,67.45000,66.80500,66.92300,130793.24
1783544400000,66.92300,67.08200,66.16200,67.07300,320803.34
1783548000000,67.07000,67.29500,66.88900,67.17600,174979.17
1783551600000,67.17700,67.69200,67.02500,67.60200,205183.48
1783555200000,67.60200,67.85900,67.20600,67.79200,203347.34
1783558800000,67.79200,68.36400,67.17600,67.25700,395492.84
1783562400000,67.25600,67.54500,66.98200,67.07200,180557.30
1783566000000,67.07200,67.43400,66.99400,67.15400,164605.93
1783569600000,67.15300,67.86400,67.03900,67.83400,142527.97
1783573200000,67.83200,68.10600,67.32200,67.99600,216637.63
1783576800000,67.99600,68.28100,67.71000,68.16500,220290.72
1783580400000,68.16500,68.43000,67.69200,68.07100,230236.86
1783584000000,68.07100,68.41800,67.90400,68.03200,211696.59
1783587600000,68.03000,68.12000,67.53800,67.86100,247524.37
1783591200000,67.86100,68.01700,67.22800,67.48200,301554.14
1783594800000,67.48300,67.53500,67.02800,67.47000,263478.53
1783598400000,67.47000,67.64100,67.07500,67.23100,247063.67
1783602000000,67.22900,68.06600,67.19300,67.97800,323467.39
1783605600000,67.97900,68.13900,67.27700,68.06200,451006.35
1783609200000,68.06300,68.74800,67.41500,67.45800,652982.40
1783612800000,67.45800,68.03400,67.10000,67.20700,289162.71
1783616400000,67.20700,67.45500,66.96800,67.23800,207554.58
1783620000000,67.23800,68.00000,67.19400,67.24500,428728.06
1783623600000,67.24500,67.27500,66.61000,66.94600,352479.54
1783627200000,66.94600,67.40600,66.91300,67.31400,141333.23
1783630800000,67.31500,67.44000,67.19300,67.35100,92222.12
1783634400000,67.35100,67.41900,67.05200,67.21000,137066.59
1783638000000,67.21000,67.31700,66.91000,67.10600,112201.39
1783641600000,67.10600,67.30300,66.82200,67.23500,165462.84
1783645200000,67.23500,68.13700,67.03300,67.86800,339575.09
1783648800000,67.86800,68.37500,67.84200,68.34000,224241.20
1783652400000,68.34000,68.46500,68.03700,68.45000,197051.13
1783656000000,68.45000,68.53600,68.10500,68.24700,212085.20
1783659600000,68.24600,68.27400,68.00000,68.14500,148635.81
1783663200000,68.14500,68.14700,67.70400,68.03900,205072.09
1783666800000,68.03900,68.35600,67.87000,68.28300,186239.51
1783670400000,68.28400,69.07800,68.21900,68.64200,467229.83
1783674000000,68.64100,69.28600,68.47300,69.03800,467101.92
1783677600000,69.03800,69.37300,68.80000,68.81000,311984.81
1783681200000,68.81000,69.24800,68.70100,68.84300,270710.61
1783684800000,68.84400,68.96300,68.26000,68.37600,380109.99
1783688400000,68.37700,69.01200,68.30100,68.37300,336223.97
1783692000000,68.37300,68.47300,67.19600,67.32500,708496.36
1783695600000,67.32300,67.75400,67.19200,67.48000,263430.43
1783699200000,67.48100,67.97900,67.35500,67.85900,280928.53
1783702800000,67.85800,67.89800,67.41200,67.56900,152487.45
1783706400000,67.57000,67.97500,67.23400,67.33200,193338.82
1783710000000,67.33400,67.58000,67.00100,67.26900,234241.20
1783713600000,67.26800,67.29500,66.63200,66.95500,278079.15
1783717200000,66.95500,67.41900,66.90700,67.41800,133625.46
1783720800000,67.41800,67.64000,67.39000,67.46700,88495.18
1783724400000,67.46700,67.56200,67.31500,67.51700,97474.90
1783728000000,67.51600,67.62500,67.22300,67.42100,143609.16
1783731600000,67.42000,67.68700,66.84100,66.91900,234616.62
1783735200000,66.91900,67.32200,66.79200,67.27300,193532.10
1783738800000,67.27400,67.32500,66.95100,67.05300,122425.59
1783742400000,67.05300,67.08900,66.50900,66.56200,233343.28
1783746000000,66.56100,66.67200,66.36800,66.53600,223155.00
1783749600000,66.53600,66.67600,66.30200,66.30300,186885.90
1783753200000,66.30300,66.46600,66.17900,66.44700,197999.67
1783756800000,66.44700,66.74000,66.42500,66.52500,170916.43
1783760400000,66.52400,66.88100,66.51200,66.66100,174829.57
1783764000000,66.66100,66.99400,66.58800,66.79500,133636.79
1783767600000,66.79600,67.02500,66.73300,67.00500,88320.44
1783771200000,67.00600,67.17000,66.76100,66.88400,145491.93
1783774800000,66.88400,66.92300,66.33200,66.61000,239507.77
1783778400000,66.61000,67.82500,66.61000,67.41500,602188.07
1783782000000,67.41600,67.66400,66.85400,67.23100,346756.00
1783785600000,67.23100,67.28000,66.87400,67.11800,165150.58
1783789200000,67.11900,67.55000,67.00500,67.33100,157974.89
1783792800000,67.33000,67.77300,67.27300,67.64200,165066.86
1783796400000,67.64200,67.85100,67.40800,67.54800,163076.21
1783800000000,67.54900,67.93200,67.54800,67.85500,110899.55
1783803600000,67.85300,68.26500,67.80000,68.00100,159925.32
1783807200000,68.00500,68.11800,67.53600,67.58400,184215.76
1783810800000,67.58400,67.70000,66.73800,66.74200,380635.94
1783814400000,66.74300,67.14700,66.59300,66.90500,320803.23
1783818000000,66.90400,67.38800,66.81200,67.32900,219977.15
1783821600000,67.32900,67.44000,67.11200,67.20900,119616.19
1783825200000,67.20900,67.27600,66.93100,67.24300,118010.64
1783828800000,67.24200,67.34900,66.98300,67.11800,100650.87
1783832400000,67.11800,67.23600,66.94000,67.12900,72832.03
1783836000000,67.12900,67.13800,66.47000,66.92000,343192.30
1783839600000,66.92000,67.07500,66.85200,66.94800,88898.71
1783843200000,66.94900,67.48300,66.93000,67.13500,174405.45
1783846800000,67.14000,67.30000,66.70000,67.03700,208544.82
1783850400000,67.03700,67.05200,66.56500,66.74300,280427.02
1783854000000,66.74300,67.20400,66.63800,66.88200,143688.30
1783857600000,66.88100,67.04600,66.64200,66.72000,140299.40
1783861200000,66.72000,67.14400,66.61100,66.98200,177420.95
1783864800000,66.98200,67.53900,66.98100,67.35400,209507.70
1783868400000,67.35400,67.87900,67.35200,67.54000,359646.62
1783872000000,67.54000,68.07700,67.51200,67.95900,241071.97
1783875600000,67.95800,68.13700,67.72800,67.88000,178983.06
1783879200000,67.88100,68.21000,67.78700,68.17100,136396.23
1783882800000,68.17100,68.34200,67.92200,68.25200,158738.00
1783886400000,68.25100,68.38100,67.80400,67.89100,101458.17
1783890000000,67.89100,68.03300,67.60100,67.68100,136083.53
1783893600000,67.68200,67.70100,66.91500,67.16700,295958.62
1783897200000,67.16600,67.42500,67.04400,67.30600,159429.10
1783900800000,67.30600,68.22300,67.20300,67.69600,489357.75
1783904400000,67.69500,67.69800,66.92300,66.94100,277437.49
1783908000000,66.94100,67.17800,66.86300,66.98500,201643.31
1783911600000,66.98800,67.02800,66.51100,66.59300,501922.90
1783915200000,66.59200,66.71000,64.85500,65.06800,1075158.14
1783918800000,65.06600,65.60000,64.78000,65.41400,377593.16
1783922400000,65.41500,65.63400,65.01100,65.08300,226307.84
1783926000000,65.08300,65.59300,64.90600,65.50300,232074.91
1783929600000,65.49900,65.79500,65.30400,65.59900,234223.52
1783933200000,65.60000,65.63100,64.95000,64.99800,263665.66
1783936800000,64.99800,65.23700,64.83300,65.21300,301037.41
1783940400000,65.21300,65.37700,64.89200,65.05400,249927.79
1783944000000,65.05300,65.11000,64.23400,64.36100,637487.05
1783947600000,64.36000,64.47600,63.33300,63.95600,843425.48
1783951200000,63.95600,64.41200,63.56700,64.31500,490898.21
1783954800000,64.31600,64.45200,63.86000,63.89500,305841.68
1783958400000,63.89500,63.94400,63.15000,63.53700,656480.38
1783962000000,63.53800,63.98100,63.27700,63.37900,327270.37
1783965600000,63.37900,63.81900,63.28700,63.69300,242521.16
1783969200000,63.69400,63.85000,63.51100,63.68600,180774.89
1783972800000,63.68500,63.69300,62.86800,63.49200,349984.60
1783976400000,63.49300,63.52400,62.50000,62.90800,464727.80
1783980000000,62.90700,63.28000,62.90200,63.21700,258385.88
1783983600000,63.21800,63.64700,63.08100,63.44400,227507.41
1783987200000,63.44400,63.74100,63.10700,63.54400,301278.26
1783990800000,63.54400,63.76300,63.15900,63.17300,193421.25
1783994400000,63.17300,63.47800,63.01400,63.19100,187968.39
1783998000000,63.19100,63.29600,62.55500,63.25500,292421.52
1784001600000,63.25400,63.46000,63.03300,63.42200,158465.53
1784005200000,63.42200,64.16900,63.38600,63.73300,400355.06
1784008800000,63.73300,63.90800,63.64300,63.75200,199909.73
1784012400000,63.74900,63.85500,63.45400,63.51800,134752.99
1784016000000,63.52000,63.88200,63.42500,63.84400,169009.83
1784019600000,63.84300,64.01600,63.45400,63.48700,168309.12
1784023200000,63.48700,64.01800,63.45500,63.93400,177415.97
1784026800000,63.93500,64.08000,63.76700,63.82800,147810.69
1784030400000,63.82800,65.25400,63.58800,65.12600,1015621.94
1784034000000,65.12700,65.39500,64.63600,65.03700,689382.11
1784037600000,65.03700,65.07400,64.33700,64.89300,493187.83
1784041200000,64.89400,65.19600,64.58100,64.73400,481705.46
1784044800000,64.73500,65.06700,64.58500,64.79300,229635.37
1784048400000,64.79300,65.35500,64.41700,65.19000,339444.28
1784052000000,65.19100,65.73900,64.97100,65.55700,574703.40
1784055600000,65.55600,65.66700,65.18700,65.23000,189014.43
1784059200000,65.23100,65.72700,64.94300,65.72300,211009.47
1784062800000,65.72300,66.01600,65.55900,65.61000,265963.12
1784066400000,65.61100,66.20000,65.49800,65.69200,269823.03
1784070000000,65.69200,65.85100,65.38300,65.56800,212698.09
1784073600000,65.56800,65.93300,65.45100,65.69800,240104.55
1784077200000,65.69900,65.74000,64.86300,65.07900,562370.46
1784080800000,65.07600,66.60000,64.95800,66.52900,728128.25
1784084400000,66.53000,67.60900,66.44500,67.29500,919939.68
1784088000000,67.29600,67.41900,66.75600,66.85800,405144.88
1784091600000,66.85800,67.19500,66.64500,67.11400,184718.81
1784095200000,67.11500,67.57600,67.02900,67.35800,262933.53
1784098800000,67.35800,67.36300,66.78800,66.87700,271185.20
1784102400000,66.87800,67.45300,66.72100,67.24600,244495.10
1784106000000,67.24600,68.22000,67.18400,67.97300,518166.17
1784109600000,67.97400,68.27300,67.83300,68.22900,238977.61
1784113200000,68.22800,68.55100,68.15300,68.47400,239157.48
1784116800000,68.47400,68.96800,68.21500,68.95300,414432.80
1784120400000,68.94900,69.04200,68.23100,68.47600,597653.85
1784124000000,68.47700,68.91100,68.27300,68.32300,429495.14
1784127600000,68.32200,68.43300,67.62600,67.92000,590815.21
1784131200000,67.92300,67.97300,67.03000,67.39400,450263.13
1784134800000,67.39400,68.02000,67.37800,67.83900,227639.66
1784138400000,67.83900,68.37000,67.12300,67.31800,398621.45
1784142000000,67.31700,67.41900,66.77200,66.85000,383942.07
1784145600000,66.85100,67.39600,66.78700,67.22000,210618.63
1784149200000,67.22100,67.51400,66.95800,67.11600,146874.63
1784152800000,67.11700,67.31000,66.92900,67.08800,121789.60
1784156400000,67.08700,67.33200,66.78000,66.87900,198136.15
1784160000000,66.87800,67.23000,66.34000,66.64300,315199.08
1784163600000,66.64300,66.82100,66.16100,66.69800,237583.96
1784167200000,66.70000,66.71600,66.25500,66.52400,158692.96
1784170800000,66.52200,66.60100,66.01900,66.13200,319652.16
1784174400000,66.13200,66.48200,65.96100,66.42900,290779.96
1784178000000,66.42800,66.89900,66.42100,66.87700,304472.67
1784181600000,66.87200,66.95600,66.58300,66.86900,306258.03
1784185200000,66.86800,66.91700,66.14100,66.48500,384313.32
1784188800000,66.48600,66.62400,65.54400,65.99400,695690.51
1784192400000,65.99400,66.10700,65.78200,65.94700,179490.96
1784196000000,65.94600,66.13300,65.70100,65.96800,119805.73
1784199600000,65.96900,65.97900,65.65700,65.87300,187981.36
1784203200000,65.87300,65.91300,65.16000,65.41200,299548.50
1784206800000,65.41100,65.87500,65.37600,65.54900,214632.88
1784210400000,65.54800,66.17800,65.51300,65.74900,313430.24
1784214000000,65.74900,65.77100,65.21600,65.33600,456063.50
1784217600000,65.33500,65.34100,63.86700,63.90700,973727.99
1784221200000,63.91200,63.97500,61.83200,62.80500,2696979.69
1784224800000,62.80500,63.06300,62.10700,62.80800,831415.31
1784228400000,62.80700,62.89600,62.13200,62.29100,378515.47
1784232000000,62.29100,62.76700,62.19000,62.31500,307032.02
1784235600000,62.31600,62.71800,62.24800,62.35500,275588.34
1784239200000,62.35600,62.67100,61.26100,61.92200,801867.20
1784242800000,61.92200,61.92200,60.49800,60.72200,925363.41
1784246400000,60.72100,61.55900,60.65400,61.46500,499852.43
1784250000000,61.46500,61.74200,59.61600,60.04400,1136314.09
1784253600000,60.04300,60.55800,60.00300,60.35100,452013.51
1784257200000,60.35200,60.68000,59.95500,59.99000,342990.80
1784260800000,59.99000,60.19400,59.78800,60.02100,340848.86
1784264400000,60.02100,60.02100,58.79800,59.15900,1125937.05
1784268000000,59.15900,59.54200,58.71500,59.21000,489316.68
1784271600000,59.21100,59.35000,58.43800,58.63800,857311.00
1784275200000,58.63900,59.80000,58.55100,59.55400,816533.10
1784278800000,59.55500,61.17000,59.43300,60.46100,1111846.35
1784282400000,60.46100,60.89400,60.11200,60.22400,534316.93
1784286000000,60.22400,60.50800,60.12500,60.33100,235505.45
1784289600000,60.33100,60.33900,59.61900,59.69400,435476.07
1784293200000,59.69500,60.59800,58.91200,60.57300,1072380.60
1784296800000,60.57400,60.97300,59.92100,60.09700,658717.42
1784300400000,60.09800,60.82200,59.77600,60.77500,545603.23
1784304000000,60.77600,60.80200,60.15700,60.25500,355751.32
1784307600000,60.25500,60.73500,60.22000,60.38400,309505.09
1784311200000,60.38200,60.45800,59.84600,60.30200,394783.80
1784314800000,60.30000,60.34700,59.68500,60.25500,387636.66
1784318400000,60.25500,60.31000,59.45700,59.72500,296798.01
1784322000000,59.72600,59.98200,59.71300,59.95300,101476.50
1784325600000,59.95200,60.18200,59.65900,59.79600,164822.76
1784329200000,59.79700,59.97900,59.51900,59.76000,185600.30
1784332800000,59.76000,60.10000,59.64900,59.74200,161251.96
1784336400000,59.74100,59.89700,59.60000,59.71900,94150.41
1784340000000,59.72000,59.99000,59.48600,59.49900,146613.99
1784343600000,59.49800,59.73200,59.36500,59.63500,149511.66
1784347200000,59.63600,59.65200,59.20000,59.27500,159656.94
1784350800000,59.27600,59.46000,58.65600,58.90000,327687.51
1784354400000,58.89900,59.27500,58.52200,58.92800,329136.70
1784358000000,58.92800,59.38500,58.77700,59.37400,205793.32
1784361600000,59.37300,59.52500,58.68000,58.76900,362568.90
1784365200000,58.77100,58.94600,58.67300,58.76900,208646.82
1784368800000,58.76800,59.15800,58.75600,59.12000,150677.91
1784372400000,59.12000,59.18400,58.56200,58.81000,214192.69
1784376000000,58.80900,59.17000,58.54300,58.84800,299268.67
1784379600000,58.84800,58.87200,58.16300,58.67600,454153.78
1784383200000,58.67700,59.69300,58.61500,59.43300,419909.77
1784386800000,59.43300,59.45500,59.07400,59.18600,235476.13
1784390400000,59.18500,59.63600,59.10200,59.51100,195962.69
1784394000000,59.51100,59.85800,59.36600,59.82800,274847.51
1784397600000,59.83000,60.19500,59.52200,59.90200,309354.62
1784401200000,59.90300,60.01200,59.74800,59.85600,143362.45
1784404800000,59.85700,60.18800,59.75800,59.97900,147580.97
1784408400000,59.97900,60.17700,59.92900,60.03300,104329.13
1784412000000,60.03300,60.60400,59.93400,60.49100,294793.92
1784415600000,60.49000,60.50900,60.15100,60.21500,152636.07
1784419200000,60.21500,60.55000,60.20400,60.40300,133737.58
1784422800000,60.40400,60.94800,60.37800,60.89900,200370.24
1784426400000,60.89900,61.10500,60.66000,60.82900,242387.94
1784430000000,60.82900,60.86200,60.55700,60.68000,130321.57
1784433600000,60.67900,60.97300,60.61100,60.83600,140210.83
1784437200000,60.83600,61.05000,60.62200,60.75300,127899.45
1784440800000,60.75300,60.89100,60.58600,60.82500,109296.21
1784444400000,60.82500,60.93300,60.68800,60.74900,87642.69
1784448000000,60.74900,61.37700,60.69400,61.28100,348773.27
1784451600000,61.28100,61.39900,61.02300,61.29500,182453.86
1784455200000,61.29500,61.31100,60.87100,60.98000,144706.81
1784458800000,60.97900,61.34300,60.90300,61.05500,114105.22
1784462400000,61.05500,61.10900,60.61500,60.98300,250375.52
1784466000000,60.98200,61.22300,60.63300,61.12700,180853.75
1784469600000,61.12700,61.34100,60.82900,60.98200,199090.75
1784473200000,60.98200,61.06600,60.81100,60.90600,80409.66
1784476800000,60.90300,60.93500,60.64100,60.70900,104775.55
1784480400000,60.70900,61.19700,60.23300,60.79300,282009.62
1784484000000,60.79200,60.83300,60.43600,60.63100,171052.63
1784487600000,60.63100,61.13500,60.56700,61.09000,110606.12
1784491200000,61.08900,61.48200,60.89800,61.32700,162597.11
1784494800000,61.32700,61.35900,60.88400,60.92600,94210.84
1784498400000,60.92600,61.35100,60.80400,60.99400,159086.87
1784502000000,60.99500,61.20700,60.81400,61.12000,120847.12
1784505600000,61.12100,61.62700,60.47900,60.68500,462083.26
1784509200000,60.68600,60.99900,60.06600,60.21700,271355.20
1784512800000,60.21800,60.59800,60.16700,60.52900,214019.03
1784516400000,60.52900,60.61900,60.07200,60.32500,165654.42
1784520000000,60.32100,60.50400,59.80500,60.09900,277374.52
1784523600000,60.10000,60.35300,59.80600,60.32600,173421.22
1784527200000,60.32600,60.42600,59.97600,60.20700,184755.44
1784530800000,60.20800,60.87500,60.19900,60.71300,233010.83
1784534400000,60.71400,60.94500,60.43100,60.62400,182721.66
1784538000000,60.62400,60.84800,60.42000,60.72200,162424.39
1784541600000,60.72300,60.92700,60.65400,60.72400,102915.07
1784545200000,60.72300,61.43700,60.60000,61.37000,354975.47
1784548800000,61.36900,61.39500,60.90900,61.30200,272984.74
1784552400000,61.30200,61.56800,60.70100,60.83300,404705.76
1784556000000,60.83300,61.19100,60.42000,60.89200,339545.70
1784559600000,60.89200,62.31000,60.88100,62.19400,615205.60
1784563200000,62.19300,62.54500,62.03400,62.31700,565791.47
1784566800000,62.31700,62.33200,61.78600,61.95100,368901.70
1784570400000,61.95100,62.44500,61.94200,62.22700,265361.16
1784574000000,62.22700,62.28300,61.93800,62.00000,157078.74
1784577600000,61.99700,62.74000,61.93900,62.67800,173204.07
1784581200000,62.67800,62.97400,62.45100,62.46600,265873.66
1784584800000,62.46600,62.74100,62.22200,62.23600,234753.74
1784588400000,62.23600,62.71600,62.21500,62.44800,148329.45
1784592000000,62.44800,62.80500,62.26000,62.47600,174809.25
1784595600000,62.47600,62.63600,62.27700,62.31400,124332.90
1784599200000,62.31400,62.55700,62.25000,62.48100,121135.67
1784602800000,62.48100,62.81800,62.47600,62.63200,194020.50
1784606400000,62.63300,62.97300,62.56000,62.85700,141987.29
1784610000000,62.85600,63.18700,62.81000,63.02100,277651.63
1784613600000,63.02000,63.26300,62.87200,63.11900,251806.63
1784617200000,63.11900,63.44100,62.92400,62.94900,248581.91
1784620800000,62.94900,63.05600,62.73200,62.97700,307022.00
1784624400000,62.97800,63.26800,62.81700,63.08400,219077.40
1784628000000,63.08300,63.20200,62.56500,62.71300,195449.08
1784631600000,62.71200,62.93000,62.51400,62.84300,150455.43
1784635200000,62.84200,62.89200,62.49100,62.75300,202266.26
1784638800000,62.75400,62.86500,62.11100,62.56600,436432.84
1784642400000,62.56600,62.64800,61.85800,61.91500,397301.61
1784646000000,61.91600,62.09800,61.53000,61.79600,389072.13
1784649600000,61.79500,61.95000,61.38600,61.89000,267253.32
1784653200000,61.89000,61.94000,60.17300,60.48800,855079.06
1784656800000,60.48800,60.67400,60.29100,60.48600,284518.42
1784660400000,60.48700,60.74600,59.87900,60.28600,590897.48
1784664000000,60.28600,60.47400,59.80600,60.41300,344214.09
1784667600000,60.41300,60.94700,60.31500,60.72700,260593.72
1784671200000,60.72700,60.88900,60.63300,60.77200,129814.75
1784674800000,60.77400,60.86500,60.54000,60.85200,172537.21
1784678400000,60.85300,61.18800,60.74500,61.14200,273259.25
1784682000000,61.14200,61.18000,60.75000,60.79100,236542.65
1784685600000,60.79200,60.91800,60.65200,60.70500,127033.17
1784689200000,60.70400,60.85500,60.08600,60.11900,350842.56
1784692800000,60.11800,60.58400,59.96800,60.28400,332382.64
1784696400000,60.28400,60.30100,58.60700,59.05100,1170343.55
1784700000000,59.05200,59.07900,57.93000,58.71300,1439110.06
1784703600000,58.71300,58.71300,58.20000,58.52800,430700.49
1784707200000,58.52900,58.93500,58.48900,58.80100,348304.17
1784710800000,58.80100,58.96200,58.58500,58.95000,230173.32
1784714400000,58.94900,59.19600,58.87100,59.05100,262984.78
1784718000000,59.05300,59.21900,58.46000,58.65600,344039.29
1784721600000,58.65600,58.67600,58.21800,58.44100,399656.44
1784725200000,58.44200,58.94300,58.11100,58.66100,592953.56
1784728800000,58.66100,59.14100,58.25500,58.48200,642082.89
1784732400000,58.48100,58.83600,57.99900,58.06800,557232.56
1784736000000,58.06800,58.28600,57.36500,58.21600,1156883.84
1784739600000,58.21500,59.58800,57.77200,59.00400,1475269.15
1784743200000,59.00400,59.72000,58.65900,59.52900,586981.61
1784746800000,59.52900,59.92800,59.06900,59.16700,529930.29
1784750400000,59.17000,60.06700,59.09600,59.28200,357615.69
1784754000000,59.28100,59.50000,59.01100,59.17400,177341.29
1784757600000,59.17400,59.30800,58.74800,59.20100,323922.75
1784761200000,59.20100,59.42700,58.83800,59.35700,254431.16
1784764800000,59.35800,59.77500,59.30800,59.35900,225765.92
1784768400000,59.35800,59.41000,58.86500,58.96100,278572.71
1784772000000,58.96000,58.99100,58.43800,58.94200,339630.37
1784775600000,58.94300,59.16300,58.73000,59.05200,214730.59
1784779200000,59.05100,59.53300,58.97300,59.10500,312350.41
1784782800000,59.10500,59.36500,58.79700,58.84600,192030.98
1784786400000,58.84600,59.16500,58.66600,59.07000,208115.75
1784790000000,59.06900,59.07100,58.26600,58.61100,325693.81
1784793600000,58.61000,59.05600,58.60200,59.04300,179842.45
1784797200000,59.04300,59.22600,58.93600,59.14900,171526.66
1784800800000,59.15000,59.31400,59.04200,59.11500,167787.22
1784804400000,59.11600,59.49000,58.95500,59.26400,201947.56
1784808000000,59.26400,59.56800,58.80900,59.31100,482349.59
1784811600000,59.31100,60.03400,59.10800,59.11400,710770.57
1784815200000,59.11500,59.98700,58.90900,59.86200,586100.84
1784818800000,59.86200,59.90500,59.37100,59.51200,317382.05
1784822400000,59.51300,59.52600,58.47500,58.74300,539680.78
1784826000000,58.74300,58.84200,58.15400,58.26200,329128.28
1784829600000,58.26100,58.78200,57.68800,58.38600,591706.53
1784833200000,58.38600,58.66900,57.60000,57.94300,353021.29
1784836800000,57.94200,58.43300,57.91400,58.08700,238119.05
1784840400000,58.08700,58.46800,57.41700,57.65500,328599.53
1784844000000,57.65600,57.66700,57.11300,57.55700,443910.08
1784847600000,57.55700,57.98500,57.44700,57.45900,223608.29
1784851200000,57.46000,57.56300,57.17200,57.44400,325158.09
1784854800000,57.44800,58.19900,57.42100,58.00000,279160.56
1784858400000,57.99900,58.12500,57.55700,57.73800,235974.31
1784862000000,57.73800,58.36900,57.55900,58.18700,273709.15
1784865600000,58.18700,58.53900,58.16700,58.39500,177667.04
1784869200000,58.39500,58.54500,58.31800,58.41600,149256.46
1784872800000,58.41500,58.99000,58.41500,58.75600,433476.80
1784876400000,58.75500,59.04200,58.52200,58.66600,445969.57
1784880000000,58.66600,59.05000,58.65600,58.77200,206893.05
1784883600000,58.77200,59.10000,58.50100,58.84100,403427.41
1784887200000,58.84000,58.84700,58.25600,58.44800,206700.75
1784890800000,58.44800,58.61500,58.25500,58.54100,167951.84
1784894400000,58.54000,58.59700,58.22200,58.35600,194614.54
1784898000000,58.35600,58.58900,57.95900,58.39200,463916.91
1784901600000,58.39300,58.98900,57.89000,58.90000,447584.01
1784905200000,58.90000,59.39100,58.57500,58.78500,494544.06
1784908800000,58.78500,59.13800,58.63800,58.71700,207344.80
1784912400000,58.71600,59.10000,58.60300,58.97600,163314.41
1784916000000,58.97600,58.98400,58.16900,58.60600,245339.82
1784919600000,58.60600,58.68100,58.06000,58.14200,171085.77
1784923200000,58.14300,58.30400,57.91400,58.03100,166856.70
1784926800000,58.03100,58.04300,56.60200,56.71800,757023.44
1784930400000,56.71800,57.41900,56.45900,57.20700,523916.18
1784934000000,57.20600,57.54600,57.19400,57.41600,137341.52
1784937600000,57.41600,57.56500,57.25500,57.36700,137247.90
1784941200000,57.36800,57.73700,57.03800,57.44200,285146.89
1784944800000,57.44200,57.53300,57.13700,57.23100,142470.50
1784948400000,57.23100,57.53800,57.23100,57.41000,103710.75
1784952000000,57.40900,57.47700,57.31000,57.42100,72595.58
1784955600000,57.42000,57.51200,57.15800,57.23400,78773.75
1784959200000,57.23500,57.29700,57.08000,57.28800,95840.28
1784962800000,57.28700,57.37500,57.08300,57.16100,85223.93
1784966400000,57.16100,57.30400,56.93400,57.07900,132100.18
1784970000000,57.07900,57.99100,56.95900,57.77100,395539.17
1784973600000,57.77200,57.82300,57.45700,57.56600,122232.54
1784977200000,57.56700,57.73000,57.36900,57.71300,111853.22
1784980800000,57.71300,57.72700,57.40000,57.55400,85375.75
1784984400000,57.55400,57.80300,57.27300,57.34400,142026.46
1784988000000,57.34400,57.54500,57.20200,57.48500,137716.15
1784991600000,57.48200,57.99000,57.46600,57.74100,185972.44
1784995200000,57.74200,57.93000,57.63100,57.90000,91320.29
1784998800000,57.89900,58.53000,57.80500,58.25100,273197.17
1785002400000,58.25100,58.50000,58.25100,58.35200,102459.34
1785006000000,58.35300,58.46500,57.92300,58.06100,135491.46
1785009600000,58.06000,58.24700,57.82600,58.10800,343059.22
1785013200000,58.10800,58.14500,57.87500,58.09700,114017.88
1785016800000,58.09700,58.17200,57.96800,58.14500,59269.79
1785020400000,58.14600,58.28500,58.01100,58.10400,84204.55
1785024000000,58.10300,58.38500,58.05200,58.26400,115733.37
1785027600000,58.26500,58.42000,58.16700,58.37000,79667.89
1785031200000,58.37000,58.59500,58.26400,58.53900,211447.75
1785034800000,58.53900,58.65300,58.42800,58.57600,132707.37
1785038400000,58.57600,58.70000,58.43800,58.53400,165693.45
1785042000000,58.53400,58.70800,58.37700,58.65900,102467.85
1785045600000,58.65900,58.82300,58.31900,58.61500,172772.51
1785049200000,58.61400,58.78500,58.55500,58.59000,74653.35
1785052800000,58.58900,58.59000,58.35900,58.50200,125497.58
1785056400000,58.50300,58.74800,58.50300,58.67400,65204.75
1785060000000,58.67500,58.91100,58.64000,58.75500,93610.50
1785063600000,58.75400,58.86700,58.55200,58.60400,78727.18
1785067200000,58.60400,58.78700,58.54100,58.66700,115541.33
1785070800000,58.66700,58.72600,58.46800,58.58700,96806.71
1785074400000,58.58800,58.96900,58.52600,58.73500,233631.49
1785078000000,58.73400,59.15000,58.68400,58.99500,222154.87
1785081600000,58.99600,59.59000,58.89100,59.42200,285376.45
1785085200000,59.42100,59.54400,59.06400,59.17600,123718.85
1785088800000,59.17700,59.20100,58.95000,59.01800,90371.08
1785092400000,59.01800,59.05000,58.76700,58.99700,86006.04
1785096000000,58.99800,59.02300,58.78600,58.88400,73719.44
1785099600000,58.88300,59.23500,58.86000,59.11600,93692.33
1785103200000,59.11700,59.76000,59.11700,59.74500,301686.75
1785106800000,59.74600,59.88800,59.53000,59.62000,190963.76
1785110400000,59.62100,59.68300,59.20600,59.33000,231094.33
1785114000000,59.32500,59.62400,59.09400,59.49900,208000.58
1785117600000,59.49900,59.73500,59.38800,59.58200,92152.91
1785121200000,59.58200,59.94500,59.46100,59.90600,124000.48
1785124800000,59.90700,60.47100,59.83100,60.19700,387244.25
1785128400000,60.19700,60.45400,60.05100,60.12100,170010.09
1785132000000,60.12200,60.36700,60.00400,60.09600,207440.75
1785135600000,60.09600,60.15000,59.84100,59.95800,164947.83
1785139200000,59.96100,60.31100,59.71600,60.14600,165179.25
1785142800000,60.14400,60.26600,59.93700,60.05200,118479.50
1785146400000,60.05100,60.39400,59.96300,60.37000,108708.36
1785150000000,60.37100,60.39000,59.79000,59.80800,195072.70
1785153600000,59.80800,60.07400,59.43300,59.78800,233575.00
1785157200000,59.78800,59.99900,59.26700,59.52600,371350.17
1785160800000,59.52600,59.55300,57.52800,58.18300,1139055.72
1785164400000,58.18200,58.40700,57.33800,57.43700,703849.61
1785168000000,57.43700,57.92400,57.21100,57.58300,396897.39
1785171600000,57.58300,57.85700,57.10300,57.24000,315051.39
1785175200000,57.24000,57.25900,56.28000,56.69300,673357.45
1785178800000,56.69300,57.34900,56.56600,57.27000,367390.83
1785182400000,57.27100,57.28600,56.90600,57.21700,156678.12
1785186000000,57.21700,57.24200,56.66600,56.69100,95036.26
1785189600000,56.69100,56.70900,55.93500,56.17300,459404.59
1785193200000,56.17300,56.49800,55.70100,56.08500,590928.15
1785196800000,56.08600,56.26400,55.88600,56.19300,266877.93
1785200400000,56.19300,56.43000,55.61200,56.26700,390687.16
1785204000000,56.26700,56.42400,55.60100,55.81300,328823.95
1785207600000,55.81400,56.21100,55.76600,56.18300,163038.44
1785211200000,56.18300,56.33900,56.03100,56.20700,135478.63
1785214800000,56.20800,56.40000,55.17500,55.19700,505184.44
1785218400000,55.20200,55.63300,54.67700,55.50200,757006.85
1785222000000,55.50100,55.53700,55.01600,55.35100,226196.18
1785225600000,55.35100,55.42900,55.11000,55.25200,169708.40
1785229200000,55.25200,55.33300,54.92700,55.05000,163907.99
1785232800000,55.04900,55.13700,54.66000,54.67300,236461.86
1785236400000,54.67300,54.78700,54.32100,54.37500,472749.02
1785240000000,54.37500,54.59100,54.30100,54.32300,274658.58
1785243600000,54.32300,54.39300,54.00000,54.27000,456179.90
1785247200000,54.27000,55.29600,54.11200,54.86700,565189.89
1785250800000,54.86600,55.61000,54.64400,55.30200,661690.55
1785254400000,55.30200,55.85900,55.21500,55.68000,324787.86
1785258000000,55.68100,55.79400,54.63600,54.85100,449409.18
1785261600000,54.85100,55.13300,54.68800,55.10000,253632.07
1785265200000,55.09900,55.63000,55.00100,55.40600,366431.69
1785268800000,55.40900,55.59700,55.26200,55.45400,180719.45
1785272400000,55.45400,55.74500,55.20600,55.68500,159806.63
1785276000000,55.68600,55.76500,54.81400,54.87300,212145.22
1785279600000,54.87400,55.19000,54.50600,55.17900,329994.39
1785283200000,55.17800,55.38400,54.96000,54.99200,281601.61
1785286800000,54.99200,55.12200,54.36000,54.39900,208529.54
1785290400000,54.39900,54.90500,54.32400,54.61600,248672.94
1785294000000,54.61500,54.72000,54.22300,54.34600,187685.98
1785297600000,54.34600,54.46000,54.05200,54.40300,342908.66
1785301200000,54.40400,55.07100,54.36400,55.01900,202415.96
1785304800000,55.01500,55.58700,54.80800,55.41600,264704.31
1785308400000,55.41600,55.47800,55.19900,55.43900,175478.72
1785312000000,55.43900,55.45000,54.64200,54.80700,273315.77
1785315600000,54.80700,55.25100,54.75200,55.19300,200131.36
1785319200000,55.19200,55.21500,54.66800,54.77400,137651.13
1785322800000,54.77400,54.95500,54.53100,54.91900,186500.57
1785326400000,54.92000,55.06200,54.56500,55.04300,193074.71
1785330000000,55.04300,55.48300,54.83500,55.33100,410735.40
1785333600000,55.33100,55.52100,54.76700,54.95700,243133.76
1785337200000,54.95700,55.17200,54.59900,54.77100,247879.41
1785340800000,54.77100,54.84800,54.30000,54.81600,312146.59
1785344400000,54.81600,55.03700,54.60200,54.99800,221488.88
1785348000000,54.99600,55.53200,54.52000,55.25700,496833.72
1785351600000,55.25800,55.47700,53.10100,53.12700,1232272.80
1785355200000,53.13000,53.82900,53.08500,53.55900,471741.62
1785358800000,53.56000,53.61400,53.10500,53.54600,315691.15
1785362400000,53.54600,53.83900,53.49600,53.83700,218536.94
1785366000000,53.83600,54.14500,53.76000,53.91900,295324.70
1785369600000,53.91800,54.32800,53.76300,53.98200,213600.88
1785373200000,53.98300,54.38100,53.85800,54.17700,184805.62
1785376800000,54.17800,54.27000,53.85500,53.86700,140838.47
1785380400000,53.86700,54.16600,53.81800,54.08200,135390.19
1785384000000,54.08200,54.13000,53.44700,53.65000,262555.01
1785387600000,53.65000,53.85400,53.57100,53.84100,141353.49
1785391200000,53.84100,53.92900,53.70600,53.73300,132005.86
1785394800000,53.73300,53.95000,53.61700,53.69800,110800.49
1785398400000,53.69900,54.09400,53.61000,53.97400,128731.08
1785402000000,53.97500,54.15000,53.88100,54.02500,92840.01
1785405600000,54.02500,54.16500,53.47500,53.47600,165649.81
1785409200000,53.47600,53.54700,52.80000,53.17800,553702.94
1785412800000,53.17900,53.60700,52.93900,53.25000,557063.82
1785416400000,53.25100,53.76000,52.84300,53.68700,509242.16
1785420000000,53.68700,54.06000,53.44000,53.74700,423965.92
1785423600000,53.74800,54.61800,53.67000,54.45200,501654.67
1785427200000,54.45100,54.90000,54.38000,54.85500,460008.14
1785430800000,54.85600,55.20200,54.60000,54.81400,278238.59
1785434400000,54.81500,55.06000,54.65600,54.94900,204618.46
1785438000000,54.94900,55.43600,54.94900,55.39900,280953.72
1785441600000,55.39900,55.50000,54.92400,55.02800,307449.54
1785445200000,55.02800,55.75200,55.02000,55.65100,263863.13
1785448800000,55.65100,56.12700,55.55000,55.99000,306860.94
1785452400000,55.99000,56.01900,55.62400,55.84000,242298.37
1785456000000,55.84000,56.09500,55.61100,55.62100,384252.21
1785459600000,55.61800,56.13900,55.48600,55.59300,403779.66
1785463200000,55.59300,55.76500,54.96200,55.10800,341770.18
1785466800000,55.10800,55.24600,54.77000,55.04800,209595.60
1785470400000,55.04800,55.22100,54.82500,55.11200,189053.95
1785474000000,55.11200,55.58400,54.97700,55.23500,187521.83
1785477600000,55.23500,55.67200,55.20900,55.60200,214671.72
1785481200000,55.60200,55.60200,54.45800,54.56900,368855.98
1785484800000,54.56700,55.00000,54.51400,54.85500,243556.24
1785488400000,54.85700,54.97700,54.13300,54.27000,371819.52
1785492000000,54.27000,54.82000,54.12200,54.76300,190797.75
1785495600000,54.76400,54.94300,54.56000,54.94300,129952.87
1785499200000,54.94400,55.43000,54.78100,55.32900,267948.44
1785502800000,55.33000,55.53300,54.63500,54.93200,492173.38
1785506400000,54.93200,55.44500,54.30000,54.52900,626885.63
1785510000000,54.53000,54.63100,54.02600,54.29400,373329.78
1785513600000,54.29500,54.55200,53.15400,53.41800,868546.26
1785517200000,53.41700,53.74700,53.33100,53.64300,356052.05
1785520800000,53.64300,53.69400,52.90400,53.08500,506897.58
1785524400000,53.08500,53.16100,52.16100,52.35400,903123.55
1785528000000,52.35500,53.01400,51.82300,52.76700,725230.64
1785531600000,52.76700,52.93300,52.04700,52.27600,372186.21
1785535200000,52.27700,52.71900,52.24000,52.49500,202356.02
1785538800000,52.49500,52.71600,52.44900,52.55800,136865.48
1785542400000,52.55900,52.70800,52.31000,52.48900,173041.41
1785546000000,52.49000,52.71100,52.48000,52.58200,109141.33
1785549600000,52.58200,52.62700,52.26200,52.27400,190876.82
1785553200000,52.27400,52.35600,52.10700,52.31900,179382.33
1785556800000,52.31900,52.43900,52.24100,52.29800,107117.42
1785560400000,52.29800,52.38600,51.45000,51.70900,562178.17
1785564000000,51.70900,52.05700,51.61800,51.88300,233083.46
1785567600000,51.88300,52.07400,51.64100,51.89000,181128.39
1785571200000,51.89100,52.51700,51.86300,52.21000,278127.14
1785574800000,52.21100,52.36300,52.05000,52.09100,151643.39
1785578400000,52.09200,52.27200,52.01400,52.09700,139647.74
1785582000000,52.09600,52.16600,51.85700,52.16300,185074.63
1785585600000,52.16300,52.41100,52.07600,52.15300,237946.04
1785589200000,52.15200,52.69800,52.09800,52.24900,247811.79
1785592800000,52.24600,52.48400,52.16200,52.34600,131157.12
1785596400000,52.34700,52.63100,52.22900,52.43900,318389.50
1785600000000,52.43900,52.65100,52.32800,52.51800,133982.23
1785603600000,52.51900,52.63200,52.04400,52.16200,233201.74
1785607200000,52.16200,52.19000,51.63000,52.15800,509275.88
1785610800000,52.15900,52.20300,51.85300,52.06900,167245.28
1785614400000,52.06900,52.18700,51.89500,52.05000,155754.57
1785618000000,52.05000,52.32200,52.05000,52.18600,136561.05
1785621600000,52.18600,52.26600,52.08000,52.10400,61440.01
1785625200000,52.10300,52.21200,52.06700,52.20100,60212.72
1785628800000,52.20100,52.56700,52.20100,52.41000,298098.11
1785632400000,52.41000,52.67600,52.37300,52.41800,220510.55
1785636000000,52.41800,53.06100,52.28600,52.94400,382980.17
1785639600000,52.94300,53.06300,52.73200,52.79200,183717.25
1785643200000,52.79000,52.90800,52.57000,52.61800,161119.48
1785646800000,52.61800,52.72100,52.47000,52.50500,113056.90
1785650400000,52.50300,52.50600,52.16300,52.23700,181175.81
1785654000000,52.23800,52.32600,51.87200,51.92500,195562.07
1785657600000,51.92800,52.18400,51.75500,52.06500,233384.30
1785661200000,52.06600,52.10600,51.82200,51.84400,164535.29
1785664800000,51.84400,51.90800,51.10700,51.49800,666161.17
1785668400000,51.49800,51.60600,51.21900,51.31500,218439.15
1785672000000,51.31500,51.68400,51.15600,51.50700,282515.92
1785675600000,51.50600,51.73000,51.48100,51.62300,179198.02
1785679200000,51.62200,51.62200,51.32400,51.43600,154245.58
1785682800000,51.43600,51.65500,51.30600,51.39000,137163.87
1785686400000,51.38700,52.48600,51.30300,52.19000,412250.58
1785690000000,52.19100,52.34300,51.95600,52.23800,228361.04
1785693600000,52.23700,52.78000,52.23700,52.56300,234136.85
1785697200000,52.56400,52.88200,52.38100,52.72900,339133.00
1785700800000,52.72900,52.78300,52.40800,52.59300,184002.41
1785704400000,52.59300,53.04400,52.45500,52.82100,254411.35
1785708000000,52.82200,53.00800,52.50600,52.59400,223770.33
1785711600000,52.59300,52.73500,52.47600,52.59500,136308.60
1785715200000,52.59400,52.74500,52.33100,52.67900,220068.09
1785718800000,52.67800,52.68600,52.28200,52.56600,187703.85
1785722400000,52.56000,52.62300,52.20300,52.37000,203224.37
1785726000000,52.37000,52.46100,52.01100,52.24300,192648.25
1785729600000,52.24300,52.74400,52.11200,52.29400,269234.00
1785733200000,52.29500,52.84500,52.19200,52.82600,146706.52
1785736800000,52.82700,52.86600,51.90800,52.25200,332375.04
1785740400000,52.25200,52.55700,52.22100,52.37700,162983.41
1785744000000,52.37700,52.51000,51.98600,52.48300,271026.76
1785747600000,52.48300,52.92300,52.41900,52.80000,293963.45
1785751200000,52.80100,52.88700,52.60700,52.80200,168344.96
1785754800000,52.80100,53.24700,52.62200,52.75000,443564.04
1785758400000,52.75000,52.99800,52.62900,52.84500,215639.67
1785762000000,52.84400,53.74200,52.77100,53.71900,625510.91
1785765600000,53.71800,54.27100,53.34400,54.17800,793216.43
1785769200000,54.17800,54.44800,53.86200,54.33000,449400.34
1785772800000,54.33300,54.87000,54.33200,54.60400,484501.56
1785776400000,54.60400,54.83100,54.36200,54.64000,271869.43
1785780000000,54.63900,54.81900,54.23800,54.24400,265910.42
1785783600000,54.24500,54.60600,54.06200,54.51000,235966.65
1785787200000,54.50900,54.75400,54.23300,54.23300,174785.94
1785790800000,54.23300,54.40000,53.84300,53.94600,172702.63
1785794400000,53.94800,54.06000,53.76900,54.03400,128978.87
1785798000000,54.03400,54.07300,53.85400,53.99900,124699.41
1785801600000,53.99900,53.99900,53.56500,53.58500,205805.88
1785805200000,53.58500,54.36800,53.55400,54.29800,226995.01
1785808800000,54.29800,54.53100,54.20000,54.30000,284166.98
1785812400000,54.30000,54.37800,54.05600,54.15800,131628.50
1785816000000,54.15900,54.61500,54.15900,54.53800,171945.90
1785819600000,54.53800,54.58500,54.36000,54.44100,99101.67
1785823200000,54.44100,54.49800,54.11300,54.30500,158543.33
1785826800000,54.30500,54.96100,54.28600,54.77400,296752.94
1785830400000,54.77400,55.05000,54.54600,54.78100,240040.03
1785834000000,54.78100,54.81300,54.50000,54.79000,216996.78
1785837600000,54.79000,55.29900,54.69400,55.23900,387926.91
1785841200000,55.23900,55.55800,55.16300,55.53200,299349.52
1785844800000,55.53200,55.78500,55.37800,55.67100,327858.96
1785848400000,55.67200,55.87000,55.17900,55.26100,465799.59
1785852000000,55.26100,55.52300,55.03100,55.43000,348634.97
1785855600000,55.43100,55.59900,55.03400,55.43800,322431.88
1785859200000,55.43800,55.50500,55.21600,55.29400,266841.54
1785862800000,55.29500,55.78400,55.27000,55.59000,211435.19
1785866400000,55.59000,55.82700,55.28300,55.34500,221275.47
1785870000000,55.34500,55.63700,55.23700,55.58400,176391.33
1785873600000,55.58300,55.78000,55.31700,55.46000,201764.97
1785877200000,55.46000,55.50400,55.08000,55.25900,148071.04
1785880800000,55.25700,55.31600,55.08100,55.17200,112982.65
1785884400000,55.17200,55.38200,55.03100,55.06000,118836.88
1785888000000,55.05900,55.13300,54.72400,54.76700,253680.38
1785891600000,54.76800,55.45900,54.67100,55.34100,329622.11
1785895200000,55.34100,56.49700,55.31300,56.42100,722577.81
1785898800000,56.42000,56.62800,55.69900,56.01800,392702.37
1785902400000,56.01800,56.36700,55.95800,56.26200,204117.19
1785906000000,56.26200,56.98200,56.24100,56.92500,342667.31
1785909600000,56.92800,57.33400,56.74700,57.06400,339314.76
1785913200000,57.06600,57.28700,56.56700,57.11200,426675.66
1785916800000,57.11200,57.92800,57.05900,57.61500,623683.42
1785920400000,57.61400,57.68000,57.25400,57.28300,274298.25
1785924000000,57.28400,57.42000,56.64900,57.41000,503320.51
1785927600000,57.41000,57.47700,56.83800,57.06500,275840.80
1785931200000,57.06400,57.38900,56.88600,57.10200,294370.93
1785934800000,57.10600,57.30700,56.57100,57.19900,375766.13
1785938400000,57.19800,57.53700,56.92100,57.29500,488562.42
1785942000000,57.29400,57.74300,57.02600,57.07600,338514.33
1785945600000,57.07800,57.86700,57.07800,57.52900,418351.21
1785949200000,57.53000,57.99900,57.35500,57.76400,345406.89
1785952800000,57.76400,57.93400,57.11600,57.25600,336280.16
1785956400000,57.25700,57.55400,57.17900,57.23000,201409.16
1785960000000,57.23000,57.31700,56.80100,57.16000,265318.63
1785963600000,57.15900,57.17400,56.72600,56.80700,220755.52
1785967200000,56.80700,56.87900,56.65600,56.73900,124150.97
1785970800000,56.73900,57.03800,56.68400,56.95300,122775.37
1785974400000,56.95300,57.22700,56.82400,56.94500,131663.39
1785978000000,56.94500,56.98300,56.37700,56.51600,232743.18
1785981600000,56.51700,56.54200,56.06200,56.16700,305672.58
1785985200000,56.16600,56.42000,56.06500,56.34800,213302.70
1785988800000,56.34700,56.72400,56.26300,56.37600,212661.54
1785992400000,56.37700,56.66900,56.36900,56.48800,117088.93
1785996000000,56.48900,56.49500,56.06700,56.15700,156016.81
1785999600000,56.15700,56.15700,55.76400,56.02900,361297.60
1786003200000,56.03000,56.22100,55.78400,56.13500,168455.58
1786006800000,56.13500,56.13700,55.55100,55.58900,367338.50
1786010400000,55.58900,55.70900,55.35300,55.57400,410024.12
1786014000000,55.57500,55.59100,55.31500,55.37900,185297.41
1786017600000,55.37900,55.44200,54.90500,54.99800,483417.74
1786021200000,54.99800,55.42800,54.63900,55.16100,635036.75
1786024800000,55.16100,56.18000,55.11700,55.91200,904087.46
1786028400000,55.91100,56.15000,55.52400,55.59900,405414.09
1786032000000,55.59900,56.32500,55.30400,56.27700,632789.35
1786035600000,56.27800,56.64700,56.09900,56.22200,478639.56
1786039200000,56.22200,56.26400,55.93400,56.07200,229837.82
1786042800000,56.07300,56.35000,56.01000,56.06800,201314.66
1786046400000,56.06500,56.29400,55.81000,55.88000,195757.31
1786050000000,55.87900,56.12500,55.81900,56.02000,103571.15
1786053600000,56.02100,56.34200,55.93600,56.20800,103382.57
1786057200000,56.20800,56.29400,55.83700,56.20900,157789.75
1786060800000,56.21000,56.22300,55.62600,55.81700,182391.20
1786064400000,55.81800,55.97800,55.60000,55.82200,140146.14
1786068000000,55.82200,55.96900,55.44100,55.71300,218104.36
1786071600000,55.71400,55.78000,55.49400,55.64700,152021.51
1786075200000,55.64700,55.79300,55.09500,55.30000,308184.00
1786078800000,55.30200,55.44400,55.06500,55.40200,196638.23
1786082400000,55.40000,55.77600,55.30300,55.59400,185779.94
1786086000000,55.59500,55.73900,55.54000,55.62400,140314.41
1786089600000,55.62400,56.45000,55.59100,56.30600,406468.10
1786093200000,56.30600,56.59100,56.22700,56.57000,291046.26
1786096800000,56.57000,56.85400,56.48500,56.83300,228886.44
1786100400000,56.83400,57.08900,56.64400,56.97300,253807.73
1786104000000,56.97400,57.02500,56.53300,56.60400,348730.45
1786107600000,56.60200,56.89000,56.26800,56.28300,402812.65
1786111200000,56.28300,56.30600,55.66500,55.89800,544666.99
1786114800000,55.89800,55.91200,55.46800,55.77800,418317.63
1786118400000,55.78000,55.81400,54.91900,55.14600,467856.44
1786122000000,55.14700,55.21500,53.32800,54.18900,1593412.02
1786125600000,54.18600,54.59500,53.77200,54.04200,752767.72
1786129200000,54.04300,54.63000,54.04200,54.62500,331280.51
1786132800000,54.62600,54.64000,54.27800,54.36100,239705.92
1786136400000,54.36100,54.41700,53.96700,54.03900,267278.07
1786140000000,54.03800,54.34900,53.95200,54.20600,178701.56
1786143600000,54.20700,54.22100,53.81700,54.08700,198954.29
1786147200000,54.08700,54.18500,53.86100,53.98400,161036.32
1786150800000,53.98400,54.26500,53.96200,54.18200,113729.81
1786154400000,54.18300,54.25400,53.92500,54.12300,121654.25
1786158000000,54.12400,54.42400,54.11800,54.35100,145150.80
1786161600000,54.35100,54.44100,54.17800,54.23600,105397.50
1786165200000,54.23600,54.46900,54.14300,54.43100,150589.95
1786168800000,54.43100,54.46300,54.34000,54.36400,66904.34
1786172400000,54.36400,54.41200,54.27200,54.39300,64851.71
1786176000000,54.39300,54.69400,54.35200,54.64000,151741.25
1786179600000,54.63900,54.79000,54.57200,54.62000,189444.47
1786183200000,54.62000,54.83700,54.61800,54.81100,143109.29
1786186800000,54.81100,54.84700,54.46600,54.52800,138187.34
1786190400000,54.52800,54.64600,54.36000,54.63400,161772.45
1786194000000,54.63300,54.74400,54.33600,54.35900,139282.80
1786197600000,54.35900,54.73000,54.32200,54.63600,172309.63
1786201200000,54.63500,54.99000,54.63500,54.74700,261635.62
1786204800000,54.74700,55.05400,54.72900,55.05000,142702.85
1786208400000,55.05000,55.19200,54.83100,55.01500,234702.63
1786212000000,55.01400,55.04500,54.70500,54.81500,186300.11
1786215600000,54.81500,54.99600,54.76000,54.93300,96324.65
1786219200000,54.93300,55.28200,54.93300,55.17000,126157.10
1786222800000,55.16900,55.24800,55.02500,55.17200,68709.71
1786226400000,55.17200,55.18300,54.88300,55.02900,85529.46
1786230000000,55.02800,55.17900,54.96100,55.11400,76149.45
1786233600000,55.11300,55.21500,55.07300,55.16600,77759.61
1786237200000,55.16600,55.34000,55.00500,55.16000,177928.87
1786240800000,55.15700,55.23700,54.80900,54.87400,113679.03
1786244400000,54.86900,54.92100,54.61500,54.73800,152233.19
1786248000000,54.73700,55.04200,54.50500,54.81700,160890.26
1786251600000,54.81800,54.88300,54.55000,54.69200,105369.07
1786255200000,54.69300,54.79200,54.60300,54.73300,87791.90
1786258800000,54.73200,54.81900,54.63800,54.76900,101070.37
1786262400000,54.76900,54.92000,54.42700,54.62000,150080.41
1786266000000,54.62000,54.70400,54.43400,54.58600,104472.47
1786269600000,54.58600,54.63700,54.48100,54.51800,88964.53
1786273200000,54.51800,54.56100,54.10800,54.25500,203968.17
1786276800000,54.25600,54.31800,54.14000,54.15800,117714.56
1786280400000,54.15900,54.57300,54.15900,54.48700,210492.07
1786284000000,54.48800,54.74200,54.41300,54.65100,149754.69
1786287600000,54.65100,54.91000,54.51300,54.82800,151935.19
1786291200000,54.82800,55.03500,54.74300,54.86700,216336.76
1786294800000,54.86700,54.98100,54.68000,54.71400,101634.02
1786298400000,54.71600,54.81000,54.56100,54.62800,103005.45
1786302000000,54.62700,54.75400,54.54600,54.67700,61634.61
1786305600000,54.67700,54.83400,54.59100,54.68200,55295.51
1786309200000,54.68200,54.70100,54.31400,54.38700,104991.63
1786312800000,54.38700,54.61700,53.80900,54.06600,409669.49
1786316400000,54.06500,54.16700,53.74000,53.85700,248277.37
1786320000000,53.85600,54.27100,53.81500,54.03700,228152.02
1786323600000,54.03800,54.49200,53.90000,54.42400,212238.74
1786327200000,54.42400,54.53500,54.10100,54.36200,166760.29
1786330800000,54.36300,54.43100,54.01400,54.09400,128572.76
1786334400000,54.09400,54.28400,53.93200,53.97000,150998.60
1786338000000,53.97000,54.33500,53.96300,54.29900,114195.43
1786341600000,54.29800,54.69300,54.08300,54.68200,229239.40
1786345200000,54.68200,54.83200,54.58300,54.75500,214195.41
1786348800000,54.75500,54.88700,54.66500,54.75000,167042.56
1786352400000,54.75000,54.75900,54.47300,54.47500,122371.18
1786356000000,54.47500,54.56700,54.35500,54.48200,112546.01
1786359600000,54.48200,54.79100,54.23500,54.79100,184990.65
1786363200000,54.79100,55.30300,54.66600,54.74100,455209.79
1786366800000,54.74100,54.95200,54.32800,54.62600,369419.50
1786370400000,54.62600,54.93600,54.29200,54.33900,319889.36
1786374000000,54.34300,54.54400,54.01800,54.32900,407302.11
1786377600000,54.32900,54.45600,53.97900,54.27500,328455.33
1786381200000,54.27500,55.29700,54.22100,55.00400,632652.36
1786384800000,55.00400,55.50000,54.80000,54.94700,412832.24
1786388400000,54.94700,55.94300,54.91600,55.88800,607128.25
1786392000000,55.88500,56.12600,55.41500,55.47700,326190.42
1786395600000,55.47600,55.58700,55.18500,55.25400,161659.96
1786399200000,55.25500,55.41500,55.05000,55.20900,115004.25
1786402800000,55.20900,55.21800,55.01100,55.09000,86894.21
1786406400000,55.09000,55.10300,54.84800,54.90000,185442.63
1786410000000,54.90100,55.64500,54.77500,55.39200,708238.05
1786413600000,55.39000,55.43300,55.18200,55.25700,101962.18
1786417200000,55.25600,55.49600,55.24200,55.43100,106173.58
1786420800000,55.43100,55.66300,55.38600,55.59700,198824.75
1786424400000,55.59700,55.60400,55.25900,55.35400,114376.52
1786428000000,55.35400,55.53700,55.02400,55.12800,142439.99
1786431600000,55.12800,55.19400,54.81500,55.08500,183728.97
1786435200000,55.08600,55.23900,54.90900,55.21100,122402.40
1786438800000,55.21200,55.35800,55.10700,55.28600,90211.50
1786442400000,55.28600,55.29400,55.07000,55.16500,95737.66
1786446000000,55.16500,55.42500,55.16500,55.32300,98364.37
1786449600000,55.32300,55.36500,54.90100,54.97100,135406.42
1786453200000,54.97200,55.10500,54.57400,54.74100,214647.10
1786456800000,54.74100,54.74100,54.22100,54.34400,386211.90
1786460400000,54.34500,54.48400,53.71100,53.89600,481558.00
1786464000000,53.89700,54.09300,53.80000,53.94100,218311.42
1786467600000,53.94100,54.05200,53.80200,53.95900,150157.82
1786471200000,53.95800,54.31000,53.93500,54.10600,157878.51
1786474800000,54.09900,54.63900,53.80200,54.56900,221060.50
1786478400000,54.57000,54.77700,54.44300,54.65800,192180.19
1786482000000,54.65900,54.76200,54.45400,54.63800,87686.75
1786485600000,54.63800,54.76900,54.31600,54.35700,115316.09
1786489200000,54.35700,54.57900,54.24000,54.49200,102086.31
1786492800000,54.49200,54.63100,54.33500,54.38700,114171.25
1786496400000,54.38600,54.72300,54.28500,54.56100,247910.00
1786500000000,54.56200,54.68200,54.47200,54.55000,67919.10
1786503600000,54.55100,54.78700,54.51200,54.63900,79625.64
1786507200000,54.63900,54.84600,54.43300,54.52200,109534.26
1786510800000,54.52200,54.69000,54.47400,54.65800,60880.22
1786514400000,54.65700,54.94000,54.63600,54.82800,118195.90
1786518000000,54.82900,55.22500,54.82800,55.15900,186459.85
1786521600000,55.15800,55.20000,54.88100,55.03000,116444.28
1786525200000,55.03000,55.40300,54.88000,55.32400,222826.39
1786528800000,55.32400,55.59100,55.16800,55.55300,195597.79
1786532400000,55.55200,55.81900,55.52800,55.78900,217703.79
1786536000000,55.78800,56.00000,55.50000,55.82300,453482.87
1786539600000,55.82400,56.47900,55.76000,56.01400,809117.74
1786543200000,56.01300,56.06700,55.47400,55.85200,567945.55
1786546800000,55.85100,56.64000,55.80300,56.54700,432410.65
1786550400000,56.54800,56.64800,56.27700,56.60000,240483.58
1786554000000,56.60700,56.93600,56.43600,56.87800,347082.39
1786557600000,56.87700,56.95200,56.34400,56.59300,287137.84
1786561200000,56.59300,56.69200,56.17400,56.23400,145015.33
1786564800000,56.23400,56.41200,56.12900,56.20800,88155.79
1786568400000,56.20900,56.26600,56.02400,56.05400,100832.81
1786572000000,56.05300,56.50300,55.94500,56.12000,162502.26
1786575600000,56.11900,56.15300,55.91400,56.06000,92401.84
1786579200000,56.06000,56.52000,56.02300,56.42100,128809.85
1786582800000,56.42100,56.55000,56.16700,56.33700,224577.34
1786586400000,56.33700,56.66500,56.29200,56.51900,155627.41
1786590000000,56.51900,56.69100,56.40000,56.46300,126302.58
1786593600000,56.46400,56.94300,56.40000,56.79700,240197.48
1786597200000,56.79600,57.39100,56.78400,57.20000,457260.83
1786600800000,57.20100,57.38800,57.15600,57.37500,125717.83
1786604400000,57.37500,57.47500,57.26300,57.31600,166968.50
1786608000000,57.31600,57.41200,56.82500,57.11800,248244.50
1786611600000,57.11800,57.76700,56.90700,57.74800,328925.95
1786615200000,57.74900,57.76100,57.42600,57.44900,242784.94
1786618800000,57.44900,57.48900,56.97900,57.05900,277746.76
1786622400000,57.06000,57.70400,57.00300,57.68600,285501.57
1786626000000,57.68700,58.09600,57.39600,57.67100,491308.44
1786629600000,57.67100,58.40400,57.50300,58.18500,481852.47
1786633200000,58.18500,58.48600,57.79200,57.82400,531382.51
1786636800000,57.82400,58.07700,57.34200,57.56800,470564.08
1786640400000,57.56800,57.81800,57.40500,57.41500,179682.11
1786644000000,57.41600,57.85000,57.40100,57.77900,174604.74
1786647600000,57.77800,57.94200,57.43700,57.46700,136042.87
1786651200000,57.46700,57.59100,57.08200,57.46400,215819.90
1786654800000,57.46400,57.64500,57.08000,57.20400,115398.07
1786658400000,57.20400,57.62500,57.20300,57.44000,111462.13
1786662000000,57.44000,57.51000,57.26000,57.47400,76773.13
1786665600000,57.47400,57.61700,57.36300,57.57900,137077.71
1786669200000,57.58000,57.59800,57.15900,57.21500,143087.61
1786672800000,57.21500,57.33700,57.03100,57.03500,133240.66
1786676400000,57.03600,57.08100,56.53600,56.55200,341066.13
1786680000000,56.55300,56.87000,56.52200,56.81200,121249.71
1786683600000,56.81100,56.95600,56.62500,56.81100,126621.33
1786687200000,56.81200,56.81200,56.26200,56.32900,240305.82
1786690800000,56.32900,56.52100,56.30400,56.43200,196616.25
1786694400000,56.43100,56.79800,56.36900,56.69400,194840.54
1786698000000,56.69400,56.75500,56.38900,56.39800,146453.32
1786701600000,56.39700,56.62800,56.35400,56.53200,113729.96
1786705200000,56.53300,56.66300,56.08000,56.19700,249486.51
1786708800000,56.20000,56.30700,55.97400,56.14500,287007.81
1786712400000,56.14600,56.29300,55.94600,56.14600,280715.38
1786716000000,56.14900,56.15400,55.50000,55.51700,441343.56
1786719600000,55.51700,55.99500,55.50000,55.63400,306006.54
1786723200000,55.63400,56.10800,55.63400,55.92700,248970.59
1786726800000,55.92700,56.04300,55.69700,55.74100,147322.93
1786730400000,55.74100,55.79700,55.53800,55.65300,179257.56
1786734000000,55.65400,55.74900,55.33000,55.71200,159720.54
1786737600000,55.71200,55.75000,55.40400,55.51900,87534.45
1786741200000,55.51900,56.01500,55.51900,55.94400,112981.24
1786744800000,55.94500,56.48800,55.93100,56.39400,221387.65
1786748400000,56.39400,56.52600,56.18700,56.49700,129234.28
1786752000000,56.49600,56.53600,56.30600,56.31800,78987.20
1786755600000,56.31800,56.54900,56.22400,56.40800,93113.85
1786759200000,56.40900,56.64900,56.36000,56.61400,95741.91
1786762800000,56.61500,56.72400,56.50400,56.57300,154155.38
1786766400000,56.57200,56.64300,56.22200,56.25800,114631.40
1786770000000,56.25800,56.33500,55.84300,56.24700,164967.54
1786773600000,56.24700,56.33700,56.11200,56.25600,66897.59
1786777200000,56.25700,56.47500,56.12000,56.45900,75078.65
1786780800000,56.45800,56.48500,56.01000,56.06900,81539.65
1786784400000,56.06900,56.19100,55.97100,56.03000,104592.64
1786788000000,56.03100,56.06000,55.86900,55.99600,73033.09
1786791600000,55.99700,56.09600,55.87900,56.05000,73799.56
1786795200000,56.04900,56.30200,55.90300,56.28300,87941.49
1786798800000,56.28200,56.63100,56.23700,56.39000,156320.17
1786802400000,56.39000,56.51300,56.26600,56.30000,114584.85
1786806000000,56.30000,56.84200,56.29200,56.80900,175870.91
1786809600000,56.80900,57.19900,56.63100,57.18600,378733.47
1786813200000,57.18600,57.22100,56.88700,57.02700,169148.18
1786816800000,57.02700,57.17500,56.88000,57.04000,88093.31
1786820400000,57.03900,57.35900,56.94100,57.29600,104807.36
1786824000000,57.29800,57.30100,56.99300,57.04100,81683.19
1786827600000,57.04100,57.14000,56.98500,57.02100,45036.42
1786831200000,57.02100,57.09800,56.90500,56.93300,70972.27
1786834800000,56.93300,57.00700,56.73700,56.89500,81696.09
1786838400000,56.89400,56.96900,56.72600,56.80300,77806.99
1786842000000,56.80300,57.13300,56.78300,57.08000,88722.91
1786845600000,57.08000,57.30200,56.86900,57.18800,177095.20
1786849200000,57.18800,57.20600,56.91300,56.93500,65492.49
1786852800000,56.93400,57.22200,56.91300,57.08500,55742.38
1786856400000,57.08500,57.21100,56.85100,56.87900,72300.93
1786860000000,56.87800,57.17900,56.75900,57.06100,126469.80
1786863600000,57.06200,57.48800,57.05500,57.46800,213898.21
1786867200000,57.46900,57.54500,57.32200,57.53100,200024.99
1786870800000,57.53100,57.57900,57.29100,57.44800,93251.60
1786874400000,57.44900,57.49300,57.26000,57.34800,106971.61
1786878000000,57.34900,57.50400,57.29900,57.38800,66694.04
1786881600000,57.38700,57.41500,57.19100,57.21300,102659.04
1786885200000,57.21200,57.26600,57.09100,57.21200,77272.03
1786888800000,57.21300,57.29900,57.03700,57.23900,85552.81
1786892400000,57.24000,57.51200,57.14700,57.43700,102082.86
1786896000000,57.43700,57.96900,57.43700,57.81300,373719.88
1786899600000,57.81300,58.03000,57.66400,57.73800,219792.15
1786903200000,57.73800,57.74900,57.41100,57.64000,131411.15
1786906800000,57.64000,57.94900,57.63900,57.70700,93251.67
1786910400000,57.70700,57.80700,57.53400,57.60300,87605.59
1786914000000,57.60400,57.62700,57.21200,57.34800,209766.08
1786917600000,57.34800,57.36500,57.14400,57.25900,121472.44
1786921200000,57.25900,57.32200,57.06100,57.13600,119693.48
1786924800000,57.13600,57.36200,57.05200,57.35000,159732.42
1786928400000,57.34900,58.46700,57.32900,58.37100,710715.77
1786932000000,58.37200,58.99400,58.21600,58.92600,510760.22
1786935600000,58.92700,59.21700,58.75500,59.14000,364834.95
1786939200000,59.13900,59.18800,58.81300,58.85600,191262.20
1786942800000,58.85600,59.06500,58.66700,58.67900,154592.38
1786946400000,58.68000,59.40000,58.67700,59.28500,336430.25
1786950000000,59.28600,59.69700,59.17800,59.55700,308935.17
1786953600000,59.55700,59.59900,59.08200,59.10800,288780.12
1786957200000,59.10800,59.34300,59.09500,59.31300,143826.37
1786960800000,59.31300,59.87500,59.16300,59.81000,282202.58
1786964400000,59.80900,59.90900,59.41900,59.49900,272731.10
1786968000000,59.49800,59.51200,59.02400,59.16700,259642.47
1786971600000,59.16700,59.42400,58.80000,59.28800,362113.56
1786975200000,59.28800,59.52300,58.88800,59.51900,272388.14
1786978800000,59.51800,59.59900,59.11000,59.29500,286725.11
1786982400000,59.29500,59.30800,59.03300,59.16700,184376.48
1786986000000,59.16700,59.20500,58.72200,58.97700,244390.18
1786989600000,58.97700,59.27300,58.94100,59.06000,164087.21
1786993200000,59.06100,59.09600,58.80000,58.96700,108135.74
1786996800000,58.96700,58.97700,58.40000,58.73200,271396.52
1787000400000,58.73300,59.02700,58.67100,58.94600,94911.23
1787004000000,58.94600,59.17800,58.85900,59.04500,127252.11
1787007600000,59.04500,59.49300,59.04400,59.42100,193711.67
1787011200000,59.42000,59.66400,59.37300,59.59200,211654.24
1787014800000,59.59300,59.63100,59.05300,59.13000,220235.77
1787018400000,59.13000,59.34900,59.02100,59.20700,177336.20
1787022000000,59.20700,59.42900,58.97700,59.37200,159934.86
1787025600000,59.37200,59.39800,59.08400,59.26200,96771.89
1787029200000,59.26200,59.60800,58.85200,59.11700,246042.38
1787032800000,59.11700,60.27500,59.00300,59.96500,528291.82
1787036400000,59.96400,60.47100,59.59300,59.65400,531167.27
1787040000000,59.65500,59.67100,59.13900,59.59100,366632.20
1787043600000,59.59100,59.73400,59.32000,59.60700,189136.71
1787047200000,59.60800,59.95400,59.57100,59.79200,179405.86
1787050800000,59.79100,59.98200,59.73800,59.85000,134425.45
1787054400000,59.84900,59.95800,59.22200,59.31200,263785.70
1787058000000,59.31200,59.57800,59.13000,59.21500,297710.71
1787061600000,59.21500,59.81800,59.00100,59.14100,431896.55
1787065200000,59.14100,59.55100,59.10000,59.36400,192641.22
1787068800000,59.36600,59.40800,58.23900,58.77700,794272.99
1787072400000,58.77600,58.81300,58.20000,58.63700,525340.81
1787076000000,58.63600,58.75400,58.51500,58.69000,163591.14
1787079600000,58.68900,59.04700,58.65400,58.91800,242662.83
1787083200000,58.91900,59.14400,58.52300,58.55800,243035.25
1787086800000,58.55900,58.72600,58.51400,58.72100,112479.30
1787090400000,58.72000,58.82200,58.35000,58.39700,212521.12
1787094000000,58.39800,58.66700,58.30300,58.50900,126370.56
1787097600000,58.51000,58.71400,58.14400,58.52900,200665.29
1787101200000,58.53000,58.84800,58.52500,58.52500,203794.10
1787104800000,58.52600,58.52600,58.22100,58.40400,126432.52
1787108400000,58.40400,58.52000,58.24100,58.39800,110659.30
1787112000000,58.39800,58.58100,58.34600,58.55900,90694.54
1787115600000,58.55900,58.69600,58.20100,58.23700,178032.81
1787119200000,58.23800,58.61900,58.03700,58.47400,264795.66
1787122800000,58.47500,58.52000,58.15600,58.15600,198256.04
1787126400000,58.16200,58.50500,58.10000,58.29800,209155.26
1787130000000,58.29700,58.47500,58.22000,58.26100,156640.22
1787133600000,58.26200,58.54200,58.14900,58.52400,148594.84
1787137200000,58.52500,58.96100,58.50000,58.72900,223211.94
1787140800000,58.72900,59.36900,58.67200,59.27000,294507.47
1787144400000,59.27200,59.41700,58.54400,58.64000,570086.66
1787148000000,58.64100,59.93600,58.62600,59.87800,701240.65
1787151600000,59.87700,61.89200,59.62400,61.84500,2399789.03
1787155200000,61.84400,62.62900,61.52800,61.97100,1335046.56
1787158800000,61.97000,62.45400,61.55000,62.18500,696483.73
1787162400000,62.18600,62.50900,61.75600,62.24100,306621.51
1787166000000,62.24000,72.30000,62.02300,70.26600,8182253.54
1787169600000,70.26600,71.17000,68.33000,71.11700,2601849.89
1787173200000,71.11700,72.68000,69.84100,71.33800,2507710.25
1787176800000,71.33800,72.12800,70.31800,70.91000,2012637.45
1787180400000,70.91100,71.31900,69.14600,69.78700,1585150.96
1787184000000,69.78700,71.09300,69.05000,69.75300,1259318.84
1787187600000,69.75300,69.91300,68.46800,69.50200,1260467.11
1787191200000,69.50200,70.03500,69.25300,69.73100,500605.61
1787194800000,69.73000,69.75500,68.91200,69.48600,682590.15
1787198400000,69.48600,70.86900,69.43200,70.85800,598919.75
1787202000000,70.85900,71.58400,70.73500,71.22800,757581.52
1787205600000,71.22700,72.59800,71.08000,71.97700,1086285.92
1787209200000,71.97800,72.14600,71.42000,72.09800,724845.54
1787212800000,72.09800,73.19600,70.56600,73.14100,2041771.43
1787216400000,73.14000,74.59000,72.71100,73.19400,1901790.49
1787220000000,73.19500,73.82600,72.11700,72.23000,1020704.09
1787223600000,72.23100,73.02100,71.53300,71.98300,1436577.67
1787227200000,71.98400,72.06600,71.04100,71.67200,853362.75
1787230800000,71.67200,72.35100,71.18700,71.87800,1026097.44
1787234400000,71.87800,72.75100,71.61600,72.10800,798325.76
1787238000000,72.10400,73.48000,72.00200,73.23400,1134489.51
1787241600000,73.23300,74.23400,72.74300,73.78200,982017.44
1787245200000,73.78400,74.38400,73.11700,73.62300,1045830.57
1787248800000,73.62300,73.79800,71.65200,72.11700,1486050.64
1787252400000,72.11800,73.04200,72.10000,72.58900,476754.96
1787256000000,72.58900,73.95600,72.57500,73.90200,347948.75
1787259600000,73.90200,75.23000,73.77200,74.93300,834540.89
1787263200000,74.93200,75.10700,73.49400,73.60000,710702.50
1787266800000,73.60100,74.31900,73.53300,73.76900,572732.46
1787270400000,73.77400,74.49500,73.32800,73.42800,788329.96
1787274000000,73.42800,75.15100,73.32100,74.62500,691777.06
1787277600000,74.62500,74.95800,73.70500,73.72600,584562.82
1787281200000,73.72500,73.94400,71.23000,72.29800,1676716.95
1787284800000,72.30000,72.97500,72.10400,72.63500,425403.51
1787288400000,72.63600,73.28600,72.33600,73.13400,499083.78
1787292000000,73.13500,73.48400,72.45100,72.92800,519324.37
1787295600000,72.92800,74.04100,72.73400,73.83200,654173.80
1787299200000,73.83300,76.15200,73.55300,75.81100,1766730.70
1787302800000,75.81100,75.87300,73.11100,74.18200,2061794.84
1787306400000,74.18200,75.53900,73.89800,75.05000,1117582.76
1787310000000,75.04900,75.51200,73.59200,74.29500,1126425.34
1787313600000,74.29500,74.69900,73.71900,74.21900,659880.57
1787317200000,74.21900,77.94700,74.15400,76.91100,3173325.49
1787320800000,76.91100,77.68000,75.14300,77.61500,1613108.34
1787324400000,77.61500,77.64000,76.43000,76.68300,947960.02
1787328000000,76.68500,76.85300,75.83000,76.50900,657254.01
1787331600000,76.51000,76.72300,74.11600,75.10400,1305368.13
1787335200000,75.10000,75.50800,74.04700,74.53900,709430.29
1787338800000,74.54100,75.11100,73.86400,74.89300,926259.11
1787342400000,74.89300,75.78600,74.75100,75.66000,569054.73
1787346000000,75.66100,77.03600,75.58900,77.00400,603231.97
1787349600000,77.00500,77.17600,75.35000,76.18500,965075.61
1787353200000,76.18600,76.49900,74.91300,75.58500,773590.94
1787356800000,75.58400,76.20000,74.68200,75.98200,505569.63
1787360400000,75.98200,76.78800,75.60400,76.61700,446066.81
1787364000000,76.61700,81.73300,76.54400,80.90000,2906644.56
1787367600000,80.89200,82.68700,80.43100,82.20800,1947090.35
1787371200000,82.20600,82.62000,80.76500,81.26600,1586845.18
1787374800000,81.26100,81.81700,70.60000,79.31000,4754423.87
1787378400000,79.31100,80.76200,78.40000,80.38800,1297511.20
1787382000000,80.38800,80.74600,78.88000,78.90200,815936.00
1787385600000,78.90200,79.32600,76.83900,77.21100,1335424.44
1787389200000,77.21200,78.36000,76.01700,78.09200,1022457.05
1787392800000,78.09300,78.15800,74.81900,76.99000,1263569.76
1787396400000,76.99000,77.99900,76.17900,77.90300,556652.47
1787400000000,77.90100,78.69000,77.40100,77.57800,587223.60
1787403600000,77.58100,78.10000,77.05500,77.90100,414626.59
1787407200000,77.90200,78.00900,77.02100,77.52700,479293.01
1787410800000,77.52800,78.22000,77.12500,77.47800,395946.71
1787414400000,77.48000,78.42200,77.27100,78.12400,404956.89
1787418000000,78.12300,79.65700,77.80000,79.13200,517686.48
1787421600000,79.13100,79.67700,78.44100,79.01900,305449.10
1787425200000,79.02000,79.48900,78.73700,79.20900,210888.41
1787428800000,79.20900,79.93100,78.96000,79.22500,277614.99
1787432400000,79.22500,79.22500,78.02000,78.19400,501457.19
1787436000000,78.19300,79.72500,77.88000,78.89800,529684.31
1787439600000,78.89800,79.94000,78.44100,79.33500,528386.74
1787443200000,79.33300,81.05700,78.91600,80.50200,952446.97
1787446800000,80.50200,81.08800,79.59300,80.10100,763275.01
1787450400000,80.10300,80.18500,78.54300,78.82200,701937.74
1787454000000,78.82200,78.95000,77.50000,77.94700,623324.35
1787457600000,77.94700,78.54900,77.00000,77.42800,637719.76
1787461200000,77.42800,78.84200,77.31100,77.80000,634806.46
1787464800000,77.80000,78.86900,77.27200,78.26100,617137.01
1787468400000,78.26200,79.09800,78.15200,78.77200,367228.95
1787472000000,78.77400,79.44000,78.61700,79.21500,449804.47
1787475600000,79.21400,79.42900,78.75500,78.94200,276041.98
1787479200000,78.94300,79.49500,78.87300,79.43200,251086.14
1787482800000,79.43500,81.17700,79.37200,80.57200,808038.96
1787486400000,80.57600,80.88800,79.84800,80.64500,552944.44
1787490000000,80.64500,81.63500,79.27300,80.54800,1344554.23
1787493600000,80.54700,80.78100,80.42200,80.49100,51470.97
