openTime,open,high,low,close,volume
1756108800000,199.8600,200.8800,198.2000,199.9300,2425256.77
1756112400000,199.9300,200.2600,198.1300,199.5000,1304110.74
1756116000000,199.4900,199.4900,195.0000,195.8600,3511787.60
1756119600000,195.8600,197.5800,195.4200,197.5400,1659813.21
1756123200000,197.5300,198.5200,196.7300,197.9600,2102567.76
1756126800000,197.9700,198.4700,195.5400,198.2100,2547559.99
1756130400000,198.2100,199.4400,196.7500,198.2300,2392355.65
1756134000000,198.2400,198.4900,196.0100,196.4900,1324955.30
1756137600000,196.5000,198.3000,195.5300,196.3700,1276157.14
1756141200000,196.3700,197.2900,195.1000,196.6400,1196705.42
1756144800000,196.6500,197.8000,196.0200,196.3900,783230.79
1756148400000,196.3800,196.4400,190.9200,191.4200,3310382.91
1756152000000,191.4200,192.0600,186.1700,186.1900,4559344.01
1756155600000,186.2000,188.3500,185.8500,186.2700,1870935.10
1756159200000,186.2800,188.4200,185.1200,186.9300,1520091.78
1756162800000,186.9200,187.5100,185.6000,187.0900,980686.29
1756166400000,187.0800,188.5500,185.4400,186.2000,1883585.31
1756170000000,186.1900,188.8900,185.5700,188.1300,1369799.05
1756173600000,188.1300,189.2200,186.8000,187.4200,1246143.47
1756177200000,187.4300,187.9000,186.3400,186.8400,786170.33
1756180800000,186.8400,188.4300,186.8400,187.7900,816696.51
1756184400000,187.7900,189.4800,187.7800,188.6300,904659.47
1756188000000,188.6300,189.5000,187.2700,187.8200,833184.77
1756191600000,187.8300,189.8500,187.0900,188.8100,1179772.69
1756195200000,188.8000,190.2600,188.0500,188.6300,899369.07
1756198800000,188.6200,189.2600,187.4100,187.9400,961967.16
1756202400000,187.9300,188.8600,187.7000,188.5200,603404.52
1756206000000,188.5200,188.9700,186.5400,187.8700,989157.56
1756209600000,187.8800,192.1800,187.0600,190.4400,2986836.49
1756213200000,190.4400,191.0000,187.6200,189.3500,2535889.90
1756216800000,189.3400,191.7400,188.3100,191.4100,1831997.53
1756220400000,191.4100,192.4700,189.8600,190.6800,1737849.79
1756224000000,190.6800,193.6700,190.5000,193.5900,1285348.60
1756227600000,193.5800,194.1800,192.1700,193.6400,1407347.72
1756231200000,193.6400,195.3300,193.4100,194.7700,1163711.77
1756234800000,194.7800,197.5500,194.2300,197.3700,1300795.28
1756238400000,197.3600,197.6600,195.7800,196.2600,903399.67
1756242000000,196.2700,196.7900,195.3100,196.7200,715420.31
1756245600000,196.7100,197.2200,195.6700,196.6500,678319.19
1756249200000,196.6400,198.0700,195.5200,195.7700,1016523.79
1756252800000,195.7800,196.1700,194.2700,194.5700,913497.75
1756256400000,194.5700,196.7700,193.7100,196.2100,1264608.17
1756260000000,196.2200,199.7200,195.5500,198.2300,1917125.87
1756263600000,198.2300,202.8800,196.8600,201.9100,2180608.62
1756267200000,201.9000,205.8600,201.6600,205.1400,2844093.38
1756270800000,205.1500,205.3300,202.5000,202.8400,1681915.88
1756274400000,202.8400,204.1200,201.8200,202.1800,1308693.33
1756278000000,202.1800,202.6800,200.7300,202.3700,1614596.15
1756281600000,202.3800,203.6700,201.4900,203.4400,1222208.63
1756285200000,203.4400,205.1300,203.0200,203.8500,1270629.33
1756288800000,203.8600,205.3700,203.2200,204.0300,1446109.61
1756292400000,204.0200,205.3200,204.0200,204.9500,922426.42
1756296000000,204.9400,205.5800,203.0800,204.5900,1319016.48
1756299600000,204.5900,205.9500,202.4800,204.3800,2133885.35
1756303200000,204.3800,207.9700,203.2600,206.6700,3085962.22
1756306800000,206.6800,209.4300,206.2000,208.6000,2692053.79
1756310400000,208.6100,209.0700,206.5500,207.8800,1647779.14
1756314000000,207.8700,209.9800,207.3700,209.1300,1254361.16
1756317600000,209.1200,212.1100,208.1500,208.3500,2367456.76
1756321200000,208.3500,209.3000,205.9500,206.3800,2968794.88
1756324800000,206.3800,209.4200,202.9500,208.5400,6928534.27
1756328400000,208.5500,208.7300,204.7900,205.5900,1490966.89
1756332000000,205.6000,205.7200,203.3400,204.3100,1642727.38
1756335600000,204.3000,205.3700,202.5000,202.9400,1181043.96
1756339200000,202.9400,205.1000,201.6600,203.9200,2181865.45
1756342800000,203.9200,206.3700,203.1500,205.8300,1378740.04
1756346400000,205.8400,207.8200,205.2000,206.1700,1159485.23
1756350000000,206.1700,208.2800,205.9500,208.0700,906509.94
1756353600000,208.0700,212.4600,207.3900,212.0000,2408898.63
1756357200000,212.0000,213.2100,210.6600,211.5800,2162589.63
1756360800000,211.5800,211.9100,209.6800,211.6100,1589744.27
1756364400000,211.6100,213.3600,210.4300,213.0400,1525469.71
1756368000000,213.0300,216.4900,213.0000,214.1800,3662279.22
1756371600000,214.1700,214.2600,211.4500,211.5800,1595662.66
1756375200000,211.5900,213.8800,211.3400,213.8600,1439288.58
1756378800000,213.8700,213.9000,212.3100,213.0700,1000377.19
1756382400000,213.0800,214.2800,211.8600,213.0600,1765325.71
1756386000000,213.0600,216.8700,212.1100,212.6600,4004995.12
1756389600000,212.6700,215.9200,211.5800,215.5200,2939926.58
1756393200000,215.5300,215.9700,210.1000,210.9900,3479650.55
1756396800000,210.9900,213.9100,207.0300,207.4000,3002981.64
1756400400000,207.4000,210.5900,207.2200,210.3100,2134822.45
1756404000000,210.3100,212.6800,209.4100,211.9800,1517617.97
1756407600000,211.9700,212.9600,209.7000,209.8800,1563622.00
1756411200000,209.8800,213.5900,209.5600,213.1300,1442447.36
1756414800000,213.1400,213.8900,211.7900,213.6200,892161.59
1756418400000,213.6200,215.7300,213.4600,214.1300,1100713.12
1756422000000,214.1200,215.2200,213.6000,214.2900,1059246.09
1756425600000,214.3000,217.9500,213.9500,214.9600,2390586.12
1756429200000,214.9700,215.3400,212.0000,213.3600,1890556.24
1756432800000,213.3700,217.4600,212.6700,215.2400,1987712.04
1756436400000,215.2500,217.7700,214.1100,216.7700,1500798.32
1756440000000,216.7600,217.8600,215.9000,217.0000,1367572.27
1756443600000,217.0000,217.1300,214.5400,215.7100,1514616.80
1756447200000,215.7000,216.3000,212.6200,212.6300,1969466.60
1756450800000,212.6300,212.6300,207.7300,208.7300,5074375.34
1756454400000,208.7300,209.9600,206.0100,206.7500,3058616.58
1756458000000,206.7500,207.8000,205.2400,207.6000,2202091.01
1756461600000,207.6000,209.3200,206.7700,207.4700,1763522.42
1756465200000,207.4700,209.2000,206.6100,207.5500,1355118.29
1756468800000,207.5500,215.0000,207.0300,211.8000,4495842.34
1756472400000,211.7900,211.9000,207.6000,208.9100,3623830.31
1756476000000,208.9200,210.9400,206.6400,207.4200,4120832.81
1756479600000,207.4200,210.4500,203.6700,204.3300,3255680.81
1756483200000,204.3400,205.4000,202.6400,204.7400,3018470.26
1756486800000,204.7300,204.8200,201.9300,202.4000,2093271.44
1756490400000,202.4000,203.1600,201.2200,202.0100,1535321.88
1756494000000,202.0100,204.4500,201.5600,202.8700,1565886.36
1756497600000,202.8700,203.4400,200.6100,200.9400,1727918.63
1756501200000,200.9400,203.9600,199.7400,203.6600,1655210.75
1756504800000,203.6600,203.8800,202.3200,203.0400,628046.58
1756508400000,203.0400,205.4200,203.0300,204.9800,1257368.16
1756512000000,204.9700,205.2900,203.4300,204.9100,1117026.71
1756515600000,204.9000,205.0800,200.9300,201.0900,1394647.39
1756519200000,201.1000,203.6000,200.6000,203.2300,1165982.54
1756522800000,203.2400,206.5700,203.0800,205.5200,1719057.89
1756526400000,205.5200,206.4600,204.5800,204.5900,798986.96
1756530000000,204.5800,206.9900,204.3000,206.0200,1128348.23
1756533600000,206.0200,206.5900,204.8900,204.9800,831054.24
1756537200000,204.9900,205.5600,204.3400,205.0000,750636.39
1756540800000,205.0000,205.4600,202.5000,202.9200,1224430.65
1756544400000,202.9200,203.2700,201.5300,202.3100,1107166.32
1756548000000,202.3200,203.1900,201.6500,202.6400,823963.31
1756551600000,202.6400,202.7800,201.6200,202.5200,567456.26
1756555200000,202.5200,202.6100,199.1600,200.5100,1867774.62
1756558800000,200.5100,200.5600,197.4300,199.0400,2243210.59
1756562400000,199.0400,200.4300,198.1300,199.8400,1128401.66
1756566000000,199.8400,201.5900,199.3600,200.9400,1141627.99
1756569600000,200.9500,200.9500,199.6400,200.2600,771454.94
1756573200000,200.2700,201.4900,199.8900,200.8200,770840.58
1756576800000,200.8200,201.5100,200.4100,200.9400,516341.26
1756580400000,200.9400,201.3600,200.5300,201.1600,311867.96
1756584000000,201.1600,201.2200,199.6200,200.5700,427504.33
1756587600000,200.5700,201.2000,200.0700,200.5300,372113.25
1756591200000,200.5300,201.3800,199.9600,201.3400,338633.00
1756594800000,201.3500,203.2100,201.2600,202.5900,929818.49
1756598400000,202.5900,205.8500,202.5800,205.3200,1727421.16
1756602000000,205.3300,206.6400,204.1000,206.2900,1434679.79
1756605600000,206.2900,206.5600,204.7900,204.9600,670596.88
1756609200000,204.9700,205.5900,204.7200,205.4800,603904.35
1756612800000,205.4800,205.5700,203.3600,204.3400,975903.13
1756616400000,204.3300,204.8400,203.8300,204.5500,476903.87
1756620000000,204.5500,204.7800,202.6600,202.8800,692903.54
1756623600000,202.8800,203.8400,202.8500,203.4400,394719.33
1756627200000,203.4400,205.7700,203.4100,205.7100,823981.77
1756630800000,205.7000,205.7400,203.7900,203.9600,836061.89
1756634400000,203.9600,204.4400,202.6400,203.4600,775906.49
1756638000000,203.4600,203.7600,202.0600,203.5500,742579.08
1756641600000,203.5600,203.7200,202.3300,203.3000,729258.78
1756645200000,203.2900,203.7300,201.6000,202.0100,946585.55
1756648800000,202.0100,203.8600,201.3900,203.6500,939692.89
1756652400000,203.6500,204.8000,203.4900,204.4800,1068612.80
1756656000000,204.4900,205.2400,203.5900,205.0200,944297.10
1756659600000,205.0200,205.5400,204.4000,204.8500,586600.05
1756663200000,204.8500,205.6000,204.5500,205.5600,448695.27
1756666800000,205.5500,205.9700,204.3300,204.5300,611295.00
1756670400000,204.5300,205.1300,204.2200,204.7500,298836.67
1756674000000,204.7500,205.3500,204.1800,205.2900,252417.24
1756677600000,205.3000,205.7200,203.3000,203.6400,758799.69
1756681200000,203.6500,203.8200,200.2000,200.5700,1779576.57
1756684800000,200.5700,201.3000,198.3900,200.3500,2331410.61
1756688400000,200.3500,202.4300,199.7800,200.8600,1347693.08
1756692000000,200.8700,201.1800,195.8100,197.4400,2948176.26
1756695600000,197.4400,198.6500,196.8100,198.3000,1220948.55
1756699200000,198.3000,198.3900,196.6900,197.4400,1098755.41
1756702800000,197.4400,198.8700,196.5500,198.3100,920072.90
1756706400000,198.3100,199.3700,197.4200,198.6900,1045231.68
1756710000000,198.6800,202.8500,197.7400,202.8400,2202127.52
1756713600000,202.8300,204.4500,202.3000,203.0000,2034554.47
1756717200000,202.9900,203.6700,200.8800,200.9300,1201756.64
1756720800000,200.9300,201.5000,198.2300,199.3900,1505345.16
1756724400000,199.3900,199.5700,198.5500,199.2900,807276.32
1756728000000,199.3000,200.3900,198.6800,199.5200,809290.22
1756731600000,199.5300,201.0800,198.8100,199.6000,1116464.27
1756735200000,199.6000,200.6500,198.9700,200.1400,770789.26
1756738800000,200.1400,200.8200,197.5500,198.2600,1107242.75
1756742400000,198.2500,198.9100,197.3400,198.4600,807585.66
1756746000000,198.4600,199.0400,197.2000,198.4600,959180.24
1756749600000,198.4600,199.4400,198.3300,199.1400,569666.17
1756753200000,199.1400,200.0900,199.0400,200.0800,421820.96
1756756800000,200.0800,200.1000,196.0200,197.6300,1601193.52
1756760400000,197.6400,197.7000,194.3100,194.9700,1882842.66
1756764000000,194.9700,195.8800,194.0600,195.6700,1241445.97
1756767600000,195.6600,197.3700,195.3800,197.2200,1023503.79
1756771200000,197.2100,197.9200,196.6700,197.6400,712224.40
1756774800000,197.6400,199.9500,197.1300,199.1700,1424056.16
1756778400000,199.1600,202.3300,198.7400,202.1500,1376277.36
1756782000000,202.1600,203.3000,201.5100,201.7800,1545608.99
1756785600000,201.7900,203.1000,201.3300,202.9200,832633.92
1756789200000,202.9200,203.4400,201.8400,203.1900,761261.31
1756792800000,203.1900,204.3700,203.0500,204.0200,1022059.22
1756796400000,204.0200,204.1000,201.7600,202.0300,1349738.83
1756800000000,202.0300,203.8500,201.9500,203.0200,1075775.86
1756803600000,203.0200,204.3000,202.7200,204.2900,822573.41
1756807200000,204.3000,204.3600,203.3000,203.6100,636945.12
1756810800000,203.6100,203.6800,201.6000,201.9000,1102448.01
1756814400000,201.9000,202.1700,197.2500,197.8600,2711541.65
1756818000000,197.8600,204.2200,197.7100,203.9900,4240406.49
1756821600000,203.9900,205.0600,202.6000,204.2800,2976276.83
1756825200000,204.2800,204.5300,199.6600,200.2000,2339042.51
1756828800000,200.1900,201.9200,199.3700,201.4100,1659467.98
1756832400000,201.4100,205.3200,201.4000,204.7500,1980588.77
1756836000000,204.7400,206.5000,203.2200,205.5700,1950962.28
1756839600000,205.5700,206.9900,204.3200,205.4400,1662581.49
1756843200000,205.4400,208.1800,204.8200,206.6700,1497324.04
1756846800000,206.6600,208.0200,206.5700,207.1800,653129.78
1756850400000,207.1900,208.7900,206.5200,208.5700,1009782.11
1756854000000,208.5600,209.5900,207.8700,209.5400,1131687.95
1756857600000,209.5400,210.4800,207.8300,208.2900,1580430.44
1756861200000,208.3000,211.7800,207.2900,211.3800,1703535.02
1756864800000,211.3800,211.9100,210.2200,211.1800,1730160.41
1756868400000,211.1800,211.7600,209.2200,209.9400,1173793.35
1756872000000,209.9300,210.3700,209.1000,210.1600,604461.39
1756875600000,210.1700,210.3900,208.8100,208.9400,747815.01
1756879200000,208.9400,209.3300,207.8400,208.3600,999170.82
1756882800000,208.3700,209.3200,207.9300,209.2500,756289.57
1756886400000,209.2500,210.7000,208.8000,209.2900,994859.66
1756890000000,209.2900,209.5800,208.0300,209.5000,1123113.53
1756893600000,209.4900,210.2800,208.8100,209.8000,823387.16
1756897200000,209.7900,211.2600,209.5200,210.2500,998571.63
1756900800000,210.2600,211.2900,208.6800,209.0100,1450514.18
1756904400000,209.0100,212.9500,208.9800,211.5100,2403316.25
1756908000000,211.5100,212.5700,210.2200,211.9800,1941785.66
1756911600000,211.9800,212.7300,210.7900,211.2700,1222663.58
1756915200000,211.2600,211.8800,209.3700,209.8500,984210.54
1756918800000,209.8500,211.4900,209.8200,210.7300,702643.19
1756922400000,210.7200,211.0700,208.7200,209.5400,770111.73
1756926000000,209.5400,210.4200,209.1800,210.2900,635910.23
1756929600000,210.2900,210.3800,209.1000,209.3300,447641.90
1756933200000,209.3400,209.4400,208.2800,208.7900,382011.31
1756936800000,208.7800,209.7900,208.4000,209.7900,510204.83
1756940400000,209.7800,210.8600,209.5300,210.6500,693253.97
1756944000000,210.6500,211.8700,210.3500,211.1300,695911.69
1756947600000,211.1300,211.1500,209.6400,210.3000,628848.58
1756951200000,210.2900,210.4600,207.3600,208.1700,1307160.81
1756954800000,208.1700,208.5800,207.4700,208.1000,798277.76
1756958400000,208.0900,208.4500,206.7700,207.0600,771714.86
1756962000000,207.0600,207.0900,205.5600,206.7000,1397255.47
1756965600000,206.7000,207.1500,206.2100,206.2200,716363.78
1756969200000,206.2300,207.3700,206.1300,206.5500,488717.80
1756972800000,206.5600,208.0800,206.4700,206.9400,751774.98
1756976400000,206.9500,208.0400,206.9400,207.9700,417962.55
1756980000000,207.9800,208.6900,207.4200,207.4200,778370.54
1756983600000,207.4300,208.3400,206.8400,207.1200,574725.31
1756987200000,207.1200,208.4100,206.8700,208.3000,863676.11
1756990800000,208.2900,208.3900,206.2200,206.9800,1245836.75
1756994400000,206.9700,207.6500,204.5700,205.2800,2168796.13
1756998000000,205.2900,205.3400,203.2800,203.7100,2050072.90
1757001600000,203.6800,204.8000,203.4300,204.5200,943624.90
1757005200000,204.5100,205.0800,203.7900,203.8500,652135.47
1757008800000,203.8600,204.5900,202.1500,202.9800,1193219.33
1757012400000,202.9800,203.5700,201.7000,202.0300,824045.05
1757016000000,202.0200,203.6600,201.8000,202.5200,738337.19
1757019600000,202.5200,203.9200,202.3600,203.6900,502547.91
1757023200000,203.6900,204.7100,202.6600,204.0900,841682.37
1757026800000,204.0900,204.7800,202.0900,202.2300,871971.67
1757030400000,202.2200,202.8400,200.8000,201.0900,974476.94
1757034000000,201.0800,203.6800,200.8500,203.3600,798731.98
1757037600000,203.3600,203.9900,202.5400,203.9200,690867.09
1757041200000,203.9200,203.9300,202.4100,203.4600,499267.69
1757044800000,203.4700,204.5000,202.9200,204.0100,489851.21
1757048400000,204.0100,204.8000,203.8100,204.5600,748574.85
1757052000000,204.5700,204.7400,203.7600,204.7300,486420.94
1757055600000,204.7300,208.3600,204.6300,207.7700,2184137.01
1757059200000,207.7700,207.8800,206.4000,206.4700,1105228.22
1757062800000,206.4700,206.8500,204.4300,205.7600,1492705.76
1757066400000,205.7700,206.5600,205.6000,205.9100,644238.92
1757070000000,205.9100,206.9400,205.8700,206.5500,608702.06
1757073600000,206.5500,209.7100,204.8300,208.9400,3781676.78
1757077200000,208.9400,209.9500,208.2700,209.5700,1956043.74
1757080800000,209.5800,209.5800,201.5500,202.1300,5256146.73
1757084400000,202.1300,204.3500,201.5000,203.4300,2038078.49
1757088000000,203.4400,203.9900,202.4000,203.6600,840847.58
1757091600000,203.6700,203.7100,202.1000,202.3300,794575.51
1757095200000,202.3300,204.6700,201.8100,204.2500,984059.87
1757098800000,204.2400,205.4800,203.7700,205.3600,1015237.82
1757102400000,205.3600,205.6500,204.3300,205.4900,622397.72
1757106000000,205.4800,205.6000,202.8500,203.0300,1030241.45
1757109600000,203.0200,204.3000,202.6000,204.0600,422834.99
1757113200000,204.0500,204.4200,203.2100,203.3000,242611.31
1757116800000,203.2900,204.2200,203.1000,203.8100,313298.01
1757120400000,203.8100,204.5900,203.4100,204.3200,276806.88
1757124000000,204.3300,204.6000,203.0500,204.2500,377633.97
1757127600000,204.2500,204.5000,203.7400,203.9800,231212.86
1757131200000,203.9900,203.9900,203.1000,203.1400,315953.12
1757134800000,203.1400,203.2700,202.0200,202.1600,530926.46
1757138400000,202.1700,202.6000,202.0400,202.3900,308586.50
1757142000000,202.3800,203.1700,202.3100,202.9200,272268.97
1757145600000,202.9200,203.4800,202.5400,203.3900,287881.23
1757149200000,203.3800,203.3800,202.5600,202.6000,310371.42
1757152800000,202.5900,203.0500,202.3200,202.8000,319227.64
1757156400000,202.7900,202.8400,201.8000,202.2900,448072.99
1757160000000,202.3000,202.7900,202.1200,202.2000,289129.89
1757163600000,202.1900,202.4100,201.2900,202.2100,638853.01
1757167200000,202.2100,202.5600,201.7600,201.9400,371574.84
1757170800000,201.9500,202.1900,200.8200,201.1500,682031.47
1757174400000,201.1500,202.2700,200.6400,201.5200,858977.85
1757178000000,201.5200,201.7100,199.5000,200.0400,1040735.65
1757181600000,200.0400,200.6900,199.1300,199.9200,830963.92
1757185200000,199.9300,200.1800,199.2400,199.6500,433203.26
1757188800000,199.6400,200.7100,199.6100,200.7100,420095.62
1757192400000,200.7200,201.1300,200.2400,200.6800,374124.20
1757196000000,200.6700,200.9900,199.9100,200.2600,372473.59
1757199600000,200.2700,200.9400,199.8200,200.0600,391184.81
1757203200000,200.0600,201.2800,200.0000,201.0600,434903.78
1757206800000,201.0600,203.1000,200.9900,202.6100,959390.92
1757210400000,202.6200,202.8700,201.9000,202.7100,500670.09
1757214000000,202.7100,203.1700,202.4600,202.7600,297758.65
1757217600000,202.7600,203.0000,202.2200,202.9800,272592.59
1757221200000,202.9800,203.1700,202.6000,202.7400,249645.47
1757224800000,202.7500,202.8900,202.1400,202.2000,277218.71
1757228400000,202.1900,203.2300,202.1400,202.9000,350384.34
1757232000000,202.9000,203.8700,202.8800,203.4100,734396.52
1757235600000,203.4100,203.8500,202.6500,203.0800,394987.47
1757239200000,203.0800,203.2600,202.7600,203.2600,244231.06
1757242800000,203.2600,203.9000,203.0000,203.8700,356580.21
1757246400000,203.8700,203.9500,203.2400,203.6700,320805.47
1757250000000,203.6700,203.7000,203.0000,203.3200,353428.00
1757253600000,203.3200,203.9000,203.0500,203.5700,402779.34
1757257200000,203.5700,205.4500,203.3600,205.0900,1116102.38
1757260800000,205.0800,205.4100,203.3400,203.3800,943033.49
1757264400000,203.3900,203.6200,201.6300,201.9000,1103548.02
1757268000000,201.9100,202.2000,201.3600,202.0600,447873.39
1757271600000,202.0600,202.9900,201.7600,202.9800,596107.58
1757275200000,202.9800,204.8700,202.5000,204.8300,639961.02
1757278800000,204.8300,205.0800,204.3100,204.5800,680417.15
1757282400000,204.5800,207.4000,204.2500,207.0300,1430393.16
1757286000000,207.0300,207.9300,206.1700,206.2900,1368236.27
1757289600000,206.2800,207.1000,205.5700,205.6000,1007979.20
1757293200000,205.6000,207.3300,205.5300,206.8000,667784.91
1757296800000,206.8100,207.8800,206.0900,207.7700,762978.64
1757300400000,207.7700,208.9500,207.4000,207.5600,1002641.31
1757304000000,207.5600,208.5900,206.8700,207.7600,831980.11
1757307600000,207.7600,207.8900,206.6000,207.2500,671528.26
1757311200000,207.2500,207.6200,206.5400,207.0300,480609.32
1757314800000,207.0200,208.8300,206.9300,207.8500,905380.00
1757318400000,207.8500,209.4900,207.3100,208.8400,1272410.38
1757322000000,208.8300,210.9200,208.5800,210.8400,1415477.09
1757325600000,210.8400,215.7800,210.3500,215.1500,3905006.05
1757329200000,215.1600,215.2600,212.9000,214.2100,2110474.24
1757332800000,214.2200,214.8300,213.4900,214.4300,911244.81
1757336400000,214.4400,216.2900,212.9200,213.2700,2365793.99
1757340000000,213.2700,215.7900,212.9700,215.2200,1302100.38
1757343600000,215.2200,216.6300,214.6000,214.9700,1927293.55
1757347200000,214.9700,215.4000,213.7700,214.8500,1161495.51
1757350800000,214.8500,216.8900,213.8900,215.3200,1514004.83
1757354400000,215.3300,216.8500,214.7000,216.5700,1046666.88
1757358000000,216.5700,216.9700,214.6500,216.0300,1372451.95
1757361600000,216.0300,216.1200,213.7900,214.3900,996873.43
1757365200000,214.3800,215.7600,214.1600,214.9900,534592.60
1757368800000,214.9900,215.4400,214.3500,214.6100,427506.96
1757372400000,214.6100,215.1600,213.4200,214.0200,511822.74
1757376000000,214.0200,214.8300,212.1000,213.1200,1240338.94
1757379600000,213.1300,213.9200,212.0700,213.1500,762456.19
1757383200000,213.1500,213.4500,210.8000,211.5900,1168187.13
1757386800000,211.5900,214.7600,211.3400,214.5200,949841.68
1757390400000,214.5300,215.6000,213.8700,214.7500,1276540.71
1757394000000,214.7500,215.4000,213.9100,215.1000,521035.62
1757397600000,215.1000,219.7300,214.9200,218.3600,3009482.16
1757401200000,218.3700,219.7400,218.2900,219.2000,1568778.18
1757404800000,219.2000,219.4700,218.4400,218.9700,682401.66
1757408400000,218.9800,219.2600,218.4500,218.9400,539761.62
1757412000000,218.9400,219.1600,217.3400,217.7100,1008020.08
1757415600000,217.7000,218.0000,216.9000,217.1900,697801.70
1757419200000,217.1900,218.3700,216.4800,217.5600,1195889.66
1757422800000,217.5600,218.3900,216.2000,217.9200,1412996.22
1757426400000,217.9300,218.4700,213.1200,215.4200,3824831.22
1757430000000,215.4200,215.7600,211.6600,212.9800,2559773.03
1757433600000,212.9800,214.8600,212.9000,214.0900,1342982.35
1757437200000,214.0900,215.6200,213.9400,214.8500,957839.59
1757440800000,214.8500,216.8000,214.3600,216.3400,1008009.29
1757444400000,216.3400,216.9200,215.7400,216.2600,557870.08
1757448000000,216.2500,216.3100,215.1700,216.2200,619225.49
1757451600000,216.2200,216.5200,215.0200,215.0800,513424.20
1757455200000,215.0700,217.3000,214.8800,217.1000,769043.45
1757458800000,217.1000,217.7000,216.5000,217.1100,578719.77
1757462400000,217.1100,217.4400,215.0200,215.1400,947758.44
1757466000000,215.1400,216.4700,215.0600,216.2300,545519.93
1757469600000,216.2300,219.5800,216.2200,219.1100,1967584.83
1757473200000,219.1100,219.4700,217.9100,219.1300,954664.36
1757476800000,219.1300,219.1300,217.7400,218.3400,651521.53
1757480400000,218.3400,219.2000,217.8000,218.5500,653091.28
1757484000000,218.5400,219.5800,217.9000,219.1300,862537.98
1757487600000,219.1300,222.8700,219.0300,222.1500,2923522.09
1757491200000,222.1400,222.4000,220.3600,220.7000,1431957.74
1757494800000,220.7100,221.2300,219.8000,220.4000,872531.33
1757498400000,220.3900,220.5900,218.7200,220.0200,1291848.13
1757502000000,220.0200,220.3700,218.8100,220.1500,944280.42
1757505600000,220.1400,225.0000,219.6300,223.3300,3725427.24
1757509200000,223.3400,225.9500,222.4800,224.0700,3013658.72
1757512800000,224.0600,224.9800,222.1500,222.6100,1661303.52
1757516400000,222.6100,223.9900,222.5000,223.0500,1205605.36
1757520000000,223.0400,223.8800,222.3200,223.6400,1013974.34
1757523600000,223.6300,224.1000,221.3900,222.5700,1003086.26
1757527200000,222.5700,223.0400,221.1100,222.7300,704521.86
1757530800000,222.7400,222.7900,220.4200,221.1400,1006805.62
1757534400000,221.1400,222.5400,220.8300,222.4300,539086.57
1757538000000,222.4400,223.6600,222.2700,223.3500,534157.83
1757541600000,223.3500,224.5900,223.0400,224.3900,517141.58
1757545200000,224.3900,224.5200,223.5200,223.9400,475689.79
1757548800000,223.9400,225.3600,223.7100,224.8700,820265.98
1757552400000,224.8800,225.4700,224.3300,224.7100,734908.34
1757556000000,224.7100,224.9600,222.8000,222.8900,856535.22
1757559600000,222.9000,224.4600,222.8800,224.0400,632147.96
1757563200000,224.0500,224.1700,222.4500,223.3900,946070.31
1757566800000,223.4000,223.8700,221.5900,222.1500,900497.01
1757570400000,222.1500,223.4900,221.8100,223.2100,736835.98
1757574000000,223.2100,223.4100,221.8000,223.0800,718381.10
1757577600000,223.0900,223.4600,222.1700,223.4100,603719.01
1757581200000,223.4200,225.1800,223.3500,224.3700,1610784.18
1757584800000,224.3800,225.7500,224.2500,225.6400,1110806.20
1757588400000,225.6400,225.6400,224.4000,224.9400,537789.84
1757592000000,224.9300,229.0000,222.0000,226.6500,5173977.06
1757595600000,226.6400,228.9000,224.1300,228.1200,3269029.52
1757599200000,228.1200,228.1900,225.5600,226.9600,1551882.69
1757602800000,226.9500,227.1400,225.2200,226.6900,1064139.95
1757606400000,226.6900,228.2900,225.1500,225.7700,1525757.87
1757610000000,225.7600,227.6400,225.5400,227.3600,902105.38
1757613600000,227.3700,227.6200,225.8100,226.1700,778254.35
1757617200000,226.1600,226.7300,225.7300,226.5100,594768.80
1757620800000,226.5100,226.5700,225.3200,225.4200,482900.19
1757624400000,225.4100,226.9300,225.4000,226.6000,406855.15
1757628000000,226.5900,228.4900,226.2400,227.9400,1180975.67
1757631600000,227.9400,228.8500,227.8100,228.6200,614393.34
1757635200000,228.6100,235.0000,228.0000,232.9300,3358183.06
1757638800000,232.9200,233.8800,231.4000,232.1400,1328287.99
1757642400000,232.1400,233.7500,232.0400,232.5700,996939.92
1757646000000,232.5700,235.7200,232.0800,234.9500,1576533.90
1757649600000,234.9600,238.1000,234.0600,237.2500,2637017.65
1757653200000,237.2600,239.6900,236.9000,238.4900,2335082.13
1757656800000,238.4900,238.5000,237.1200,238.0200,1204087.41
1757660400000,238.0200,238.8200,236.7800,237.2400,1000946.06
1757664000000,237.2400,238.2500,236.5900,237.6200,970494.46
1757667600000,237.6200,238.5000,237.3100,238.3800,919649.74
1757671200000,238.3800,239.1800,237.4100,238.9100,860269.41
1757674800000,238.9200,239.4300,238.3600,239.0300,895905.97
1757678400000,239.0300,240.6300,237.4600,239.2200,1835645.89
1757682000000,239.2200,240.0000,237.8400,239.4600,1583057.96
1757685600000,239.4500,241.7600,238.9000,240.1300,2703365.73
1757689200000,240.1200,240.2100,238.3500,239.2000,1188315.69
1757692800000,239.2100,239.3400,237.8500,238.7000,981422.20
1757696400000,238.7000,241.2300,238.1500,240.1400,1490380.67
1757700000000,240.1500,241.4000,239.7400,240.6000,1166166.63
1757703600000,240.6100,241.1400,239.4500,240.8700,929723.28
1757707200000,240.8600,241.1300,238.8100,239.5800,1259574.33
1757710800000,239.5800,240.2000,238.2000,239.9900,761497.36
1757714400000,239.9800,244.0000,239.9800,241.0000,2165551.57
1757718000000,241.0000,242.6200,239.7900,242.0700,1112560.78
1757721600000,242.0700,243.6900,241.5200,243.0300,1023617.16
1757725200000,243.0400,244.0000,241.4500,241.4900,1055609.58
1757728800000,241.4900,242.8100,240.5600,242.3900,822225.92
1757732400000,242.3900,244.0000,241.6800,243.4900,780647.51
1757736000000,243.4900,243.6100,242.3800,242.9000,593834.76
1757739600000,242.9100,243.2700,241.1400,241.5700,756736.69
1757743200000,241.5800,242.7400,241.5700,242.5600,506131.50
1757746800000,242.5700,243.1000,242.2300,242.3400,342119.61
1757750400000,242.3500,243.4000,241.8800,243.4000,475264.38
1757754000000,243.3900,243.6800,242.6100,243.3300,664447.64
1757757600000,243.3400,243.3400,242.0500,242.5300,657937.56
1757761200000,242.5200,242.5200,241.1300,241.7900,665828.94
1757764800000,241.7900,242.4500,241.2400,242.3300,441754.48
1757768400000,242.3400,243.0200,237.6900,239.9400,1813065.49
1757772000000,239.9400,240.9900,238.4500,240.2400,1740181.73
1757775600000,240.2400,240.7600,238.3900,239.3800,1116590.42
1757779200000,239.3800,239.6200,237.1600,237.4700,1702821.92
1757782800000,237.4700,238.3100,235.5400,237.6700,1738544.75
1757786400000,237.6600,238.7500,237.0000,238.2900,486962.04
1757790000000,238.3000,239.1700,237.9400,238.8400,417671.42
1757793600000,238.8300,240.2800,238.7100,240.0800,550979.01
1757797200000,240.0800,241.4400,239.7300,239.9800,493287.13
1757800800000,239.9800,241.9100,239.8300,241.7500,436477.11
1757804400000,241.7500,243.1000,241.5300,242.2500,811698.00
1757808000000,242.2400,244.1100,242.0600,243.4200,1062012.00
1757811600000,243.4100,246.5300,242.6800,245.6800,1651473.96
1757815200000,245.6900,249.1900,245.6300,248.6000,2058317.71
1757818800000,248.6000,249.5500,246.7100,246.8100,1239747.07
1757822400000,246.8000,247.8900,244.3800,246.1600,1512134.71
1757826000000,246.1600,247.9600,245.9300,247.5700,589328.20
1757829600000,247.5700,248.2700,246.1000,246.9300,620519.44
1757833200000,246.9400,247.1200,245.5600,246.2600,588412.03
1757836800000,246.2600,247.0000,245.7200,246.2700,467354.17
1757840400000,246.2700,247.6500,246.0000,247.6500,477813.32
1757844000000,247.6400,247.9700,246.8500,247.5200,494506.89
1757847600000,247.5200,247.8300,245.4300,245.9900,947376.89
1757851200000,245.9900,246.6900,244.5100,245.1400,950039.38
1757854800000,245.1500,245.7400,243.0600,243.6500,1185134.05
1757858400000,243.6400,244.9900,241.4200,243.1300,2054191.57
1757862000000,243.1400,244.2000,241.7700,243.7000,1279115.31
1757865600000,243.7000,245.7400,243.3000,245.0300,1075021.96
1757869200000,245.0200,248.3600,244.4000,247.8000,1293315.38
1757872800000,247.8000,247.8400,244.5000,244.5200,914359.31
1757876400000,244.5200,245.1600,241.9500,242.4000,1327052.85
1757880000000,242.4000,243.3400,240.8200,242.3300,860122.20
1757883600000,242.3400,244.6000,240.2900,244.0100,929991.62
1757887200000,244.0200,244.1800,240.6400,242.8200,1004485.52
1757890800000,242.8300,242.8300,239.0700,239.6300,1016745.55
1757894400000,239.6200,242.0800,239.5400,240.5800,729034.44
1757898000000,240.5800,241.7000,239.0000,241.0100,981354.97
1757901600000,241.0100,242.6900,240.2400,241.9800,880365.76
1757905200000,241.9900,243.3000,241.8900,242.5100,657596.66
1757908800000,242.5100,243.3900,241.9300,242.6900,721626.74
1757912400000,242.7000,243.8800,242.4600,243.8300,490221.02
1757916000000,243.8400,243.9200,239.4800,240.2000,1214892.28
1757919600000,240.2000,241.1900,236.0000,237.8700,2162937.57
1757923200000,237.8700,238.0000,231.8100,232.0100,4223870.37
1757926800000,232.0000,235.5000,231.5000,235.4800,2320277.12
1757930400000,235.4800,236.7800,233.9800,236.1000,1312501.86
1757934000000,236.1000,236.9100,235.0800,236.3300,1035249.46
1757937600000,236.3200,238.0500,234.2900,234.7100,2158609.99
1757941200000,234.7300,236.9800,234.0100,235.1000,1745934.35
1757944800000,235.0900,235.5000,232.5200,233.3400,1528882.96
1757948400000,233.3400,234.2900,231.8200,232.8800,1562727.69
1757952000000,232.8800,233.6000,230.5100,231.3000,1441723.59
1757955600000,231.2900,233.3200,230.0200,233.1900,1539061.57
1757959200000,233.1900,233.5500,232.1400,233.1600,733743.73
1757962800000,233.1600,234.5800,231.8400,232.9000,964417.15
1757966400000,232.9000,234.3600,232.6600,234.2300,390802.08
1757970000000,234.2400,235.3500,233.5900,235.0900,512024.33
1757973600000,235.0900,235.2700,233.5400,233.8200,511758.39
1757977200000,233.8200,234.4100,232.9000,234.1800,468631.56
1757980800000,234.1900,234.5900,232.7400,233.7400,686401.87
1757984400000,233.7300,235.6400,233.7100,233.8500,937053.51
1757988000000,233.8600,234.9600,233.7000,233.7600,354025.79
1757991600000,233.7600,235.7300,233.7400,234.9900,639025.21
1757995200000,234.9900,235.1900,232.8300,234.4300,745306.36
1757998800000,234.4200,236.4900,234.2900,236.4400,960555.44
1758002400000,236.4500,236.9300,234.5900,235.7100,938851.28
1758006000000,235.7100,236.3000,235.2000,235.6800,425662.31
1758009600000,235.6800,236.8200,235.0100,235.9800,635393.10
1758013200000,235.9800,236.2400,234.7100,235.1800,429245.11
1758016800000,235.1800,235.8900,234.6300,235.1400,480199.45
1758020400000,235.1300,235.8400,234.6800,235.2900,456399.08
1758024000000,235.2800,235.8000,234.3100,235.1700,549958.96
1758027600000,235.1600,235.5300,231.3000,232.9800,2134260.43
1758031200000,232.9800,234.2700,231.1800,234.0300,1487445.23
1758034800000,234.0400,237.9700,232.9600,237.6600,1976905.25
1758038400000,237.6600,239.1900,236.1100,238.1000,2444564.21
1758042000000,238.1000,240.8700,237.7100,238.0200,2020109.57
1758045600000,238.0200,238.9700,236.7200,237.4900,907145.72
1758049200000,237.5000,238.2400,236.9700,237.6900,570971.55
1758052800000,237.6900,238.2600,237.1700,238.1500,335966.52
1758056400000,238.1400,238.6600,237.0200,238.3900,385168.53
1758060000000,238.4000,238.8700,237.2400,237.8000,414707.37
1758063600000,237.8100,238.1100,236.3500,236.8600,522252.68
1758067200000,236.8600,236.9600,235.5100,236.1200,608679.21
1758070800000,236.1300,236.8700,235.7900,236.2500,352132.73
1758074400000,236.2500,237.7500,235.7300,236.2300,804311.67
1758078000000,236.2200,236.4200,233.7400,233.9900,1174323.69
1758081600000,233.9900,234.6300,233.3100,233.6700,664718.57
1758085200000,233.6800,235.3200,233.0100,234.9300,937398.87
1758088800000,234.9300,236.5800,234.6000,235.9600,760602.78
1758092400000,235.9600,238.0200,235.6200,237.6300,946315.37
1758096000000,237.6200,237.6400,235.0000,235.7400,1140619.44
1758099600000,235.7300,236.2300,235.0800,235.1000,350496.15
1758103200000,235.1000,236.3200,233.5600,234.0600,1177246.35
1758106800000,234.0600,234.6100,233.8000,234.1000,361773.62
1758110400000,234.0900,235.2100,233.8400,234.6500,474563.49
1758114000000,234.6500,235.8900,234.0400,235.3600,759518.55
1758117600000,235.3700,235.8200,233.4400,233.8500,859889.78
1758121200000,233.8600,235.0700,233.5500,233.7900,666662.83
1758124800000,233.7900,234.6800,232.1500,233.9700,1031619.02
1758128400000,233.9700,236.9500,231.7600,232.4400,1729133.59
1758132000000,232.4400,238.3800,231.5300,233.5500,5826296.85
1758135600000,233.5500,239.0000,233.4000,238.6200,2903775.46
1758139200000,238.6200,241.1200,237.4800,237.9000,1790343.00
1758142800000,237.9000,240.5900,235.8700,240.1500,1300191.33
1758146400000,240.1500,245.6400,240.1500,244.7900,2316027.95
1758150000000,244.7800,246.5500,243.7400,244.7500,1422852.60
1758153600000,244.7400,246.0000,244.0000,244.6500,901805.58
1758157200000,244.6500,247.4100,244.4100,246.2000,1074053.87
1758160800000,246.2100,246.5100,245.0100,246.3200,744584.56
1758164400000,246.3200,247.7800,246.0100,246.6200,1078810.39
1758168000000,246.6200,246.9600,245.4300,246.1400,805390.80
1758171600000,246.1400,246.2600,244.2300,244.8400,644635.43
1758175200000,244.8500,244.9800,242.4800,244.1900,1303495.96
1758178800000,244.1900,245.1800,244.1900,244.6500,616694.30
1758182400000,244.6500,247.2000,244.2500,246.9000,987561.91
1758186000000,246.9000,247.0600,246.0000,247.0100,555210.49
1758189600000,247.0100,247.0400,245.1900,245.9000,730645.37
1758193200000,245.9100,246.9300,245.4900,245.8400,578860.37
1758196800000,245.8400,246.7900,245.6900,245.9000,517575.69
1758200400000,245.8900,248.3100,244.8300,246.0300,2248499.78
1758204000000,246.0200,248.0700,245.9800,247.5900,1429316.76
1758207600000,247.6000,248.9300,247.1600,248.1200,1273128.59
1758211200000,248.1100,250.2200,247.4800,249.7700,1717200.22
1758214800000,249.7600,253.4900,249.1800,251.2900,2926410.69
1758218400000,251.3000,251.3600,249.7500,250.3300,816927.97
1758222000000,250.3400,250.4000,247.2500,248.2500,1331178.57
1758225600000,248.2400,249.0900,247.7800,248.2200,494917.17
1758229200000,248.2100,248.5600,247.3200,247.5400,396448.95
1758232800000,247.5400,248.1000,246.7400,246.9800,798414.79
1758236400000,246.9800,247.5900,245.7700,247.3400,707313.46
1758240000000,247.3500,248.2100,247.0300,248.0400,555861.20
1758243600000,248.0400,248.4200,246.6600,247.3400,554834.18
1758247200000,247.3300,247.9300,246.2900,246.6100,395977.56
1758250800000,246.6100,247.6700,244.5900,244.9300,1036277.11
1758254400000,244.9300,245.3600,242.7600,244.9100,1619519.14
1758258000000,244.9200,245.6500,244.1500,245.5400,609749.10
1758261600000,245.5500,245.5800,243.4000,243.5600,549458.87
1758265200000,243.5500,244.7700,243.0300,243.7000,665519.35
1758268800000,243.6900,244.7700,243.3300,243.6900,412640.96
1758272400000,243.6800,244.2500,242.0100,242.7500,804808.29
1758276000000,242.7600,242.9000,241.4300,242.2100,805893.27
1758279600000,242.2100,242.3100,240.1000,240.8400,1195582.66
1758283200000,240.8400,242.0100,240.3300,240.7200,810362.18
1758286800000,240.7200,242.1800,240.5100,241.9700,1029984.53
1758290400000,241.9600,242.5900,239.3000,239.4900,1661152.72
1758294000000,239.5000,239.5000,235.6800,237.3700,3687973.28
1758297600000,237.3700,238.7400,237.0600,238.4900,840215.95
1758301200000,238.5000,238.5700,236.3500,236.5300,803851.38
1758304800000,236.5200,236.9600,234.9700,236.8500,1145901.11
1758308400000,236.8600,237.8000,235.7300,235.8500,914001.78
1758312000000,235.8500,237.6800,235.8400,236.8900,579498.08
1758315600000,236.8900,238.3000,236.3300,238.2600,533545.38
1758319200000,238.2700,238.7400,238.1800,238.3800,279600.51
1758322800000,238.3900,238.4100,236.6700,238.4000,425969.07
1758326400000,238.3900,239.6000,238.1000,239.5200,582230.61
1758330000000,239.5200,239.9000,238.2500,238.2500,466602.97
1758333600000,238.2600,238.4000,237.2300,238.2600,521029.74
1758337200000,238.2700,238.2800,237.6300,237.9600,264727.06
1758340800000,237.9600,238.7800,237.6200,238.5500,298466.40
1758344400000,238.5600,239.3700,238.3300,239.3000,352518.88
1758348000000,239.2900,239.2900,238.5700,238.9800,240076.57
1758351600000,238.9800,239.6800,238.8300,239.6400,416540.57
1758355200000,239.6300,239.6300,237.2700,237.4800,461654.01
1758358800000,237.4700,237.9500,237.0000,237.0800,414985.80
1758362400000,237.0800,237.7100,236.7200,237.1800,367098.45
1758366000000,237.1800,238.3100,237.1800,238.0300,328113.44
1758369600000,238.0300,238.1000,237.1600,237.5700,243336.47
1758373200000,237.5700,238.0000,237.2400,237.3300,231401.62
1758376800000,237.3300,238.8600,236.9100,238.6000,466369.09
1758380400000,238.6000,241.1300,238.6000,240.0000,1219468.97
1758384000000,240.0000,240.9900,239.1000,240.2900,661650.38
1758387600000,240.2900,240.4500,238.7700,238.9800,467819.91
1758391200000,238.9800,238.9900,238.0700,238.2700,403897.23
1758394800000,238.2800,238.9400,237.8400,238.5100,244152.30
1758398400000,238.5100,239.7500,238.3200,239.6100,262999.44
1758402000000,239.6200,240.1900,239.3400,239.6700,229368.21
1758405600000,239.6700,240.1000,239.2200,239.9900,188955.02
1758409200000,239.9900,240.0800,238.8900,239.3800,210844.49
1758412800000,239.3700,240.6100,238.8300,240.5700,371110.99
1758416400000,240.5700,240.6600,239.7700,239.9900,345079.70
1758420000000,239.9900,241.0000,239.7400,241.0000,352670.11
1758423600000,240.9900,241.7000,240.3600,241.6900,301277.85
1758427200000,241.6900,241.7300,240.2400,240.4000,349647.13
1758430800000,240.3900,240.7800,240.0500,240.2800,258439.96
1758434400000,240.2900,240.9600,240.0700,240.2000,268558.35
1758438000000,240.2100,240.2200,239.2900,239.7500,393485.56
1758441600000,239.7500,239.9800,238.3900,238.7200,454448.88
1758445200000,238.7100,238.9300,236.9900,238.3800,935609.57
1758448800000,238.3800,239.1500,237.9000,238.2600,399616.25
1758452400000,238.2500,238.9800,238.0800,238.5100,270533.73
1758456000000,238.5200,239.9400,238.4200,239.3900,422955.33
1758459600000,239.3800,240.1900,239.0400,239.3800,310286.86
1758463200000,239.3900,239.8000,238.2700,238.4400,366122.02
1758466800000,238.4300,238.5900,237.5400,237.7800,598118.97
1758470400000,237.7700,238.2700,235.8900,236.8900,1027043.19
1758474000000,236.8900,237.7400,236.1100,237.6700,445834.45
1758477600000,237.6700,238.0000,237.0600,238.0000,308548.37
1758481200000,238.0000,238.0500,236.9900,237.8800,267514.25
1758484800000,237.8800,237.9000,237.1100,237.5300,195062.02
1758488400000,237.5400,237.6500,236.5500,237.1700,186822.68
1758492000000,237.1700,238.0000,235.2200,237.7900,739946.47
1758495600000,237.7800,237.8000,235.8400,236.0500,454902.62
1758499200000,236.0400,236.8700,231.1500,232.1300,3171987.04
1758502800000,232.1400,234.6800,231.9500,233.1000,1564365.27
1758506400000,233.1000,233.9000,230.3800,231.6300,1576406.96
1758510000000,231.6400,233.0000,231.5600,232.7200,642550.79
1758513600000,232.7100,233.0900,231.5000,231.6400,463692.56
1758517200000,231.6400,231.8700,224.6800,224.9300,1771142.84
1758520800000,224.9300,225.2900,212.2900,224.2900,7463660.47
1758524400000,224.2800,224.3700,221.7100,221.8100,1906890.42
1758528000000,221.8200,222.6800,220.8100,221.3700,1420449.68
1758531600000,221.3800,221.5500,219.2200,220.3800,2051480.73
1758535200000,220.3900,222.5300,219.7800,222.2400,1432736.83
1758538800000,222.2300,222.6500,220.9300,221.3600,699024.10
1758542400000,221.3500,222.8700,220.4700,222.7600,701064.96
1758546000000,222.7600,223.9100,221.2100,223.6100,1452786.30
1758549600000,223.6000,223.9000,220.8000,221.2700,1434645.26
1758553200000,221.2600,221.6500,219.8200,220.6300,1233422.65
1758556800000,220.6300,221.4000,219.0700,219.6200,1097693.76
1758560400000,219.6300,221.3000,217.6600,220.9500,1797957.22
1758564000000,220.9600,221.1100,219.3700,219.3700,555040.09
1758567600000,219.3800,219.4900,215.9800,217.0300,2113421.25
1758571200000,217.0200,219.6600,216.3400,219.3500,1147618.97
1758574800000,219.3500,220.9800,218.8500,220.7900,595596.62
1758578400000,220.7800,220.7800,219.6000,219.7200,391233.66
1758582000000,219.7200,220.4800,219.6200,220.2800,315201.35
1758585600000,220.2800,221.2800,219.2900,219.5900,747056.20
1758589200000,219.5800,219.8200,216.5100,216.5400,971307.57
1758592800000,216.5400,217.7800,213.8000,214.0300,1640351.45
1758596400000,214.0300,217.7800,212.2800,216.8400,2818779.34
1758600000000,216.8400,217.3500,213.8700,215.7000,1131490.65
1758603600000,215.7100,217.7500,214.5800,216.8400,1021875.63
1758607200000,216.8300,220.2600,216.8100,219.1000,1640769.76
1758610800000,219.1000,219.3700,218.4700,218.8600,535638.29
1758614400000,218.8700,220.2600,218.3000,219.9100,710438.71
1758618000000,219.9200,220.7300,218.0800,218.5400,813595.91
1758621600000,218.5400,219.1700,218.1200,218.9500,406697.54
1758625200000,218.9500,219.5600,217.7500,219.2200,491446.86
1758628800000,219.2100,220.5200,218.6000,219.7400,839699.21
1758632400000,219.7500,220.1200,218.5000,218.9300,777249.15
1758636000000,218.9400,220.5800,217.4900,217.6100,1352270.13
1758639600000,217.6100,219.8000,216.8600,219.1700,1195700.05
1758643200000,219.1600,221.6600,217.7100,220.2900,1180700.22
1758646800000,220.2800,220.5000,215.7300,216.6300,1272179.56
1758650400000,216.6400,217.1000,215.1200,215.6700,966563.23
1758654000000,215.6700,217.1000,214.2200,214.4100,1095833.41
1758657600000,214.4100,215.2400,213.1700,215.1900,1003554.46
1758661200000,215.1900,216.6300,214.3600,215.7300,504520.20
1758664800000,215.7300,216.3500,214.6200,215.1800,478484.23
1758668400000,215.1800,215.8600,213.1000,213.1800,593210.14
1758672000000,213.1800,215.5300,213.1800,213.3700,878360.11
1758675600000,213.3700,216.3400,212.7100,216.0900,856602.30
1758679200000,216.1000,216.3500,213.1600,214.1600,1201991.19
1758682800000,214.1500,214.5500,207.0000,208.3700,4138681.89
1758686400000,208.3700,209.1000,204.7300,207.9200,3910592.70
1758690000000,207.9300,210.4500,207.7000,209.6600,1104943.44
1758693600000,209.6700,211.3300,208.5300,210.8800,1150328.39
1758697200000,210.8700,210.9600,209.4300,210.5400,829338.39
1758700800000,210.5400,211.1300,209.9100,210.7900,627330.40
1758704400000,210.7900,211.0900,209.7000,210.8800,476030.51
1758708000000,210.8700,211.4000,210.0200,210.8000,648738.82
1758711600000,210.8100,212.5000,210.6300,212.2300,1166273.51
1758715200000,212.2300,213.3700,211.6500,211.8300,764542.81
1758718800000,211.8300,213.0800,211.3500,211.5300,1051662.94
1758722400000,211.5300,216.1500,211.3300,215.4800,1774899.01
1758726000000,215.4800,215.9600,213.1800,213.4700,1605377.02
1758729600000,213.4700,214.3700,213.0800,213.7500,823844.62
1758733200000,213.7500,215.3400,213.3600,215.0200,604228.73
1758736800000,215.0200,215.0600,213.1700,213.7800,505245.39
1758740400000,213.7700,214.0900,212.2700,213.0500,661053.62
1758744000000,213.0500,213.1000,210.5900,211.9800,899619.32
1758747600000,211.9800,212.4900,210.5900,211.1300,362219.78
1758751200000,211.1400,212.1900,210.7900,211.6000,446108.76
1758754800000,211.6000,212.1100,211.1500,211.4500,362904.41
1758758400000,211.4400,212.3300,210.1300,210.5900,956477.06
1758762000000,210.5800,211.1000,207.4100,208.1100,1875984.25
1758765600000,208.1100,211.8700,206.7000,209.9300,1806722.57
1758769200000,209.9200,210.0000,205.8400,207.1600,1725650.91
1758772800000,207.1500,207.4700,202.6000,204.2100,3189138.59
1758776400000,204.2000,205.8000,203.0400,205.3200,1209443.94
1758780000000,205.3200,205.6200,203.2500,203.5600,1080014.02
1758783600000,203.5600,205.1300,203.2000,204.1000,903044.52
1758787200000,204.0900,205.4800,203.4600,204.2100,877489.95
1758790800000,204.2100,205.8000,201.4000,202.1100,2372052.87
1758794400000,202.1100,203.6000,201.7900,201.9000,1074039.65
1758798000000,201.8900,202.4000,200.4700,201.2600,1849162.03
1758801600000,201.2600,202.4500,196.4000,198.4700,3899800.70
1758805200000,198.4700,201.5500,197.4800,200.7200,2965156.91
1758808800000,200.7200,204.0800,200.7100,202.5400,2297979.03
1758812400000,202.5400,203.1200,200.2700,201.0400,1358562.27
1758816000000,201.0500,201.9400,198.2600,198.6200,1791685.37
1758819600000,198.6100,198.8800,193.4300,194.7900,4794434.86
1758823200000,194.8000,199.5200,194.3900,199.3800,2909196.89
1758826800000,199.3800,200.8300,197.2500,198.0600,1586432.34
1758830400000,198.0600,198.6300,195.1500,196.1700,1093251.64
1758834000000,196.1700,197.3000,194.6400,196.2500,951393.24
1758837600000,196.2500,197.4700,193.7800,194.5000,908891.22
1758841200000,194.5100,195.9600,191.1200,192.6000,2077341.68
1758844800000,192.6000,195.8700,192.4400,195.6200,1761676.99
1758848400000,195.6100,197.0900,195.0400,195.7800,1602810.85
1758852000000,195.7900,197.4600,195.3000,196.3400,1058983.32
1758855600000,196.3500,197.2500,195.0200,196.3900,788526.41
1758859200000,196.3900,197.3200,194.9400,195.6400,695969.18
1758862800000,195.6300,197.2000,194.2800,194.9800,909484.51
1758866400000,194.9900,196.8900,193.6400,195.0900,1327132.80
1758870000000,195.0800,196.7700,193.9200,196.2200,1252645.44
1758873600000,196.2200,196.9100,195.6800,196.0700,817677.37
1758877200000,196.0800,196.5000,193.6100,194.5500,957389.54
1758880800000,194.5400,194.6200,191.6800,192.0100,1401543.94
1758884400000,192.0100,193.9200,190.7200,193.3600,1528125.85
1758888000000,193.3500,198.1800,192.0300,196.5500,2849405.12
1758891600000,196.5600,197.2700,194.3100,196.9900,1836962.77
1758895200000,197.0000,197.2100,193.1800,194.3100,1789092.88
1758898800000,194.3100,196.7300,194.0800,195.9200,968644.34
1758902400000,195.9200,199.6600,195.6900,199.4500,1827143.57
1758906000000,199.4500,201.9900,199.0300,201.2500,1925784.80
1758909600000,201.2500,202.4800,200.7200,201.6800,1163597.87
1758913200000,201.6700,201.8300,198.7300,200.5400,1721559.93
1758916800000,200.5400,200.7800,199.4100,199.8100,567738.48
1758920400000,199.8100,202.3800,199.6100,202.2000,1050225.78
1758924000000,202.2100,203.8800,201.7400,203.4200,1117644.54
1758927600000,203.4200,205.3400,202.7000,205.0100,959234.45
1758931200000,205.0000,205.2000,203.9100,205.0400,773200.28
1758934800000,205.0300,205.3000,203.4700,204.2500,657009.76
1758938400000,204.2400,204.6900,203.5600,203.6200,387662.65
1758942000000,203.6100,205.0000,203.5500,203.8100,583769.99
1758945600000,203.8100,204.0300,203.1000,203.5600,585573.43
1758949200000,203.5600,203.5700,202.1500,202.3900,493537.42
1758952800000,202.3900,202.5500,201.6600,202.5400,358618.92
1758956400000,202.5500,203.0600,201.4100,201.9700,545929.20
1758960000000,201.9700,202.1300,200.7500,200.8400,565751.67
1758963600000,200.8300,201.4000,199.7700,201.0900,950562.93
1758967200000,201.0900,201.9500,200.3800,201.5100,615182.24
1758970800000,201.5000,201.9100,201.1800,201.6000,269439.96
1758974400000,201.6000,202.8400,200.8500,202.3300,650063.69
1758978000000,202.3200,203.3000,202.0300,202.7900,610101.33
1758981600000,202.7800,203.6600,202.2100,202.6000,495564.89
1758985200000,202.5900,203.6200,201.6600,203.4200,615221.22
1758988800000,203.4100,203.5000,202.6000,202.8200,443643.56
1758992400000,202.8200,202.8600,200.7500,201.7300,828971.60
1758996000000,201.7300,202.0800,200.8100,201.5700,336862.94
1758999600000,201.5700,202.2600,201.1600,202.1000,232701.77
1759003200000,202.0900,202.8100,201.7900,202.5400,216148.15
1759006800000,202.5400,203.9700,202.1800,203.7500,334220.99
1759010400000,203.7600,204.8400,203.3100,203.8000,577210.24
1759014000000,203.8000,204.2000,203.1000,203.3200,334991.99
1759017600000,203.3300,203.9600,202.4200,202.8300,541790.93
1759021200000,202.8300,203.1000,200.8800,201.0200,712801.13
1759024800000,201.0200,201.9500,200.8900,201.3400,346268.88
1759028400000,201.3500,201.8600,200.6600,201.2900,294934.52
1759032000000,201.2800,201.8800,201.0600,201.7800,253674.64
1759035600000,201.7800,202.3700,201.0500,201.2000,401142.47
1759039200000,201.2000,201.7200,200.2600,201.6200,533832.68
1759042800000,201.6100,202.2400,201.0500,202.0000,340502.00
1759046400000,202.0000,202.6400,201.2900,201.7100,530329.32
1759050000000,201.7000,201.9300,200.5500,200.6000,654052.35
1759053600000,200.5900,200.9700,200.1000,200.7300,401642.68
1759057200000,200.7300,200.7900,199.1300,199.7500,708634.87
1759060800000,199.7600,199.8800,197.8500,198.3500,1046557.12
1759064400000,198.3500,201.3200,198.2100,201.0700,913916.88
1759068000000,201.0700,201.8800,200.3100,201.7500,604393.90
1759071600000,201.7400,203.4600,201.7300,203.3300,954063.33
1759075200000,203.3300,204.6800,203.1300,203.9500,1063575.80
1759078800000,203.9500,205.7700,203.8700,204.9200,1007079.33
1759082400000,204.9200,206.3000,204.7000,206.0300,616765.33
1759086000000,206.0400,206.5800,205.3200,206.0900,452654.79
1759089600000,206.0900,207.7100,205.9200,206.7100,902540.61
1759093200000,206.7200,207.2400,206.4100,207.1400,386821.07
1759096800000,207.1400,209.8900,207.1400,209.4200,1397448.43
1759100400000,209.4300,210.8800,209.4300,210.7000,869924.99
1759104000000,210.7000,210.7900,208.9300,209.1200,919663.77
1759107600000,209.1200,209.8700,208.7100,209.3500,667057.45
1759111200000,209.3400,210.7500,208.8400,209.6100,814416.53
1759114800000,209.6200,210.2700,209.0000,210.1900,472956.14
1759118400000,210.1900,210.6000,209.7500,209.9700,489197.41
1759122000000,209.9700,210.1100,208.6700,209.0400,590440.75
1759125600000,209.0300,209.1100,207.7100,208.0600,718996.45
1759129200000,208.0600,209.2000,207.2600,208.8500,732265.99
1759132800000,208.8500,209.6000,208.1500,208.7900,646988.21
1759136400000,208.7900,209.0300,207.7500,208.1200,493385.53
1759140000000,208.1100,208.2500,206.3100,206.5200,674985.09
1759143600000,206.5100,207.3700,205.8900,206.9800,888817.71
1759147200000,206.9700,207.9300,205.0600,205.2200,1276322.01
1759150800000,205.2200,209.3900,204.4600,208.7000,2753462.94
1759154400000,208.7100,212.7900,208.5200,212.2400,2660202.94
1759158000000,212.2400,213.4000,209.6600,209.9600,1779997.51
1759161600000,209.9700,211.4800,208.1900,208.6000,1049485.53
1759165200000,208.5900,210.2000,207.5100,210.0300,1235336.16
1759168800000,210.0200,210.6300,208.9500,210.6100,545075.57
1759172400000,210.6200,213.3900,210.2700,212.8200,938860.17
1759176000000,212.8200,214.4100,212.3400,214.2900,1102514.96
1759179600000,214.2800,214.6800,213.5400,214.0600,505192.67
1759183200000,214.0600,214.2000,212.9300,213.4800,616381.98
1759186800000,213.4700,213.8700,212.3100,212.5900,615325.48
1759190400000,212.5900,213.5200,211.0700,211.1700,1303877.44
1759194000000,211.1600,212.8400,209.6300,210.4300,1706490.78
1759197600000,210.4300,211.0900,209.8100,210.3800,696867.28
1759201200000,210.3800,211.3300,209.9600,210.5400,359654.71
1759204800000,210.5400,211.5700,210.0600,210.0900,375360.25
1759208400000,210.0800,210.6200,208.7900,209.8500,700198.51
1759212000000,209.8600,210.7800,209.3600,210.1900,463163.92
1759215600000,210.1900,210.6800,208.4000,208.9000,613464.13
1759219200000,208.9000,208.9000,207.5700,207.6800,686129.50
1759222800000,207.6800,207.8400,205.4800,205.8000,1251919.78
1759226400000,205.7900,206.9100,205.4400,206.4500,907809.13
1759230000000,206.4500,207.1400,205.7700,206.9300,862642.91
1759233600000,206.9300,207.3400,205.8100,206.0600,757142.42
1759237200000,206.0600,209.5800,205.5400,207.5900,2023661.54
1759240800000,207.5800,208.7900,205.9600,208.6900,1262181.91
1759244400000,208.6800,208.6900,204.3900,205.9200,1564726.97
1759248000000,205.9100,206.2300,204.1700,205.0400,1024309.67
1759251600000,205.0400,206.2300,204.6300,205.5600,761371.13
1759255200000,205.5700,207.7500,205.2300,207.4600,634198.75
1759258800000,207.4700,209.1200,207.0200,208.8100,892165.70
1759262400000,208.8100,210.1400,208.0700,209.7700,635831.11
1759266000000,209.7800,210.8900,209.1400,209.5300,1022032.62
1759269600000,209.5300,210.8700,207.7200,207.9900,891916.57
1759273200000,207.9900,208.8500,207.3100,208.6000,619691.30
1759276800000,208.6100,209.3400,206.3100,207.4500,788542.43
1759280400000,207.4600,210.6600,207.0500,210.5200,1035811.67
1759284000000,210.5200,210.8300,209.0800,209.1300,649897.95
1759287600000,209.1200,209.5400,206.5200,206.6400,903492.60
1759291200000,206.6300,209.4400,206.2600,208.4300,1001533.86
1759294800000,208.4400,209.9400,208.3800,208.8900,500744.19
1759298400000,208.8900,209.4300,207.7400,207.8800,670071.21
1759302000000,207.8800,210.2600,207.7500,210.0600,635826.80
1759305600000,210.0500,217.5000,209.7500,216.4900,3614995.99
1759309200000,216.4900,217.8900,215.7000,217.4800,1834274.92
1759312800000,217.4800,217.6700,216.0100,216.5300,1003449.83
1759316400000,216.5200,217.7700,216.4900,217.6400,785358.05
1759320000000,217.6400,219.3000,217.0500,218.4000,1556847.47
1759323600000,218.4000,219.8400,218.2100,219.2100,1428654.43
1759327200000,219.2100,220.5400,218.7100,219.3800,1685943.27
1759330800000,219.3900,220.1600,218.6100,220.1300,1013575.60
1759334400000,220.1300,220.8900,218.7900,219.0000,1133637.78
1759338000000,219.0000,219.6600,217.2600,217.3300,1213006.80
1759341600000,217.3400,219.5900,217.3300,219.0300,677338.49
1759345200000,219.0400,220.3800,218.9100,219.9600,610153.59
1759348800000,219.9600,220.1800,219.1300,219.4100,477899.23
1759352400000,219.4100,219.4100,218.3400,218.9500,394847.65
1759356000000,218.9400,219.8900,218.9300,219.4500,358771.83
1759359600000,219.4400,222.6900,219.3300,221.9100,969055.49
1759363200000,221.9200,222.3200,219.5800,219.6900,1470068.02
1759366800000,219.6900,222.9100,219.3800,222.6800,832594.50
1759370400000,222.6800,224.0000,221.2600,223.1300,1214191.51
1759374000000,223.1400,224.9700,222.7200,223.6500,1025041.37
1759377600000,223.6500,224.8400,222.5100,223.6700,875999.27
1759381200000,223.6700,226.8900,223.6700,224.0100,1165344.82
1759384800000,224.0100,225.7200,223.4100,224.8200,878498.93
1759388400000,224.8100,225.1500,222.3000,222.8100,748155.67
1759392000000,222.8200,224.6100,222.5600,224.6000,556620.52
1759395600000,224.6000,225.6200,223.8400,225.0300,618205.36
1759399200000,225.0200,225.6700,224.6800,224.9700,462218.01
1759402800000,224.9800,226.5000,224.6100,225.1100,733420.82
1759406400000,225.1200,227.3400,224.8400,227.1400,967179.88
1759410000000,227.1400,227.3000,224.5100,226.3800,1639485.21
1759413600000,226.3800,226.5900,223.0000,223.5000,1534676.65
1759417200000,223.5000,227.2000,222.5300,227.1000,1894630.68
1759420800000,227.0900,229.2000,226.1100,227.8600,1795779.45
1759424400000,227.8500,230.3000,227.2400,229.6600,1166249.33
1759428000000,229.6700,233.0800,229.6000,232.1900,1578448.39
1759431600000,232.1800,233.6200,231.3900,232.1200,1439365.68
1759435200000,232.1100,232.5000,230.6700,232.4800,881058.70
1759438800000,232.4800,233.8600,232.2700,232.4700,722914.33
1759442400000,232.4800,233.7800,231.9200,232.9400,949313.43
1759446000000,232.9500,234.9100,232.8000,234.6000,1013516.00
1759449600000,234.6100,234.6800,231.7400,231.7800,909664.29
1759453200000,231.7900,232.6500,230.4000,230.8600,909197.89
1759456800000,230.8600,233.3400,230.7000,233.1900,725360.84
1759460400000,233.1800,234.7700,231.9100,232.1400,953411.98
1759464000000,232.1500,233.1400,231.0000,231.9600,667696.84
1759467600000,231.9600,232.0800,230.2100,231.0800,663415.69
1759471200000,231.0800,231.4500,227.4200,229.2500,1106707.46
1759474800000,229.2500,229.6400,228.5000,229.3300,891231.03
1759478400000,229.3300,231.1500,227.7500,230.9200,1216642.16
1759482000000,230.9200,231.7000,230.5500,230.8100,870397.62
1759485600000,230.8200,231.5900,230.2700,231.1500,524336.11
1759489200000,231.1600,231.2200,229.4400,230.6800,666199.51
1759492800000,230.6900,231.1500,229.5900,229.9600,581522.72
1759496400000,229.9500,230.9700,228.5300,229.6200,1275279.16
1759500000000,229.6200,230.9900,227.0000,230.3900,1844176.66
1759503600000,230.3800,234.8800,229.3900,234.6700,2119627.79
1759507200000,234.6700,236.8800,233.6100,233.8100,2916032.02
1759510800000,233.8000,233.9200,227.7200,229.9900,3763642.42
1759514400000,229.9900,233.5500,228.9800,233.5400,1518707.14
1759518000000,233.5300,235.4400,232.6700,233.1000,1107156.92
1759521600000,233.1000,233.3400,230.6200,232.9200,883023.07
1759525200000,232.9200,233.3200,231.7900,232.5500,352876.80
1759528800000,232.5400,233.9000,232.5300,233.1100,432384.66
1759532400000,233.1100,233.3800,232.2800,232.7400,309591.91
1759536000000,232.7400,233.9800,231.4100,231.8900,748857.64
1759539600000,231.8900,232.0300,229.4900,230.2300,793041.13
1759543200000,230.2300,231.0000,228.1700,229.7500,1124833.71
1759546800000,229.7500,229.9400,227.7600,229.1100,1028104.91
1759550400000,229.1100,229.7900,228.8500,229.4400,379759.88
1759554000000,229.4400,230.1900,229.0300,229.8500,454703.04
1759557600000,229.8400,230.4300,229.5000,229.7300,489414.90
1759561200000,229.7400,229.7900,228.6300,229.0000,335925.43
1759564800000,229.0000,229.3600,228.0800,228.7700,591847.24
1759568400000,228.7700,229.3600,228.1700,228.3500,329999.62
1759572000000,228.3500,229.8100,228.2000,229.0300,450326.31
1759575600000,229.0300,229.5000,228.5200,229.0800,279971.29
1759579200000,229.0800,229.3500,227.8000,228.0300,393318.31
1759582800000,228.0200,229.7200,227.7900,228.6800,548159.83
1759586400000,228.6700,229.4000,226.4300,226.7200,820857.05
1759590000000,226.7100,227.3700,224.0000,224.7800,2362680.44
1759593600000,224.8000,225.6000,224.0600,225.5700,1165552.24
1759597200000,225.5700,226.9100,225.3400,226.4600,687721.38
1759600800000,226.4700,226.8800,225.7200,225.9600,341464.95
1759604400000,225.9600,226.8100,225.8800,226.8000,291879.02
1759608000000,226.8000,227.8800,226.8000,227.2000,464493.54
1759611600000,227.2100,228.1900,227.1400,227.1500,387684.00
1759615200000,227.1400,227.8800,226.7800,227.6000,281424.65
1759618800000,227.6100,228.1100,226.9500,227.7200,233631.22
1759622400000,227.7200,228.1500,226.3800,226.7000,436652.19
1759626000000,226.7100,227.7300,226.4600,227.6300,316330.88
1759629600000,227.6300,231.3600,227.1900,231.0400,2010218.69
1759633200000,231.0400,232.1900,230.0400,230.8000,1259878.18
1759636800000,230.7900,234.8900,230.7900,233.7200,1536734.16
1759640400000,233.7200,234.8800,233.2300,234.4300,1079565.13
1759644000000,234.4400,235.8700,234.3600,235.0700,1196154.15
1759647600000,235.0800,236.9000,234.9600,236.4800,1395075.22
1759651200000,236.4900,237.2400,234.9300,235.0700,893279.18
1759654800000,235.0700,235.7000,232.0000,233.3200,1747588.45
1759658400000,233.3200,233.5000,230.6200,231.9000,1483703.22
1759662000000,231.9000,232.7500,230.6600,232.5200,896985.30
1759665600000,232.5200,232.5400,230.5800,231.2000,755381.60
1759669200000,231.1900,231.9200,230.2500,231.5400,643343.41
1759672800000,231.5400,231.9200,228.2100,229.9800,1074078.03
1759676400000,229.9800,230.7900,229.6400,230.0200,506128.66
1759680000000,230.0300,231.1800,228.6800,230.9900,758126.26
1759683600000,230.9900,231.3500,229.1800,229.5700,556433.06
1759687200000,229.5700,229.7800,227.1900,228.8500,1172666.90
1759690800000,228.8400,228.8700,226.5800,226.9600,711426.13
1759694400000,226.9600,228.8900,226.5700,227.8800,577757.95
1759698000000,227.8800,228.6800,227.3600,228.5700,268450.08
1759701600000,228.5800,229.1500,226.9300,228.1800,509894.98
1759705200000,228.1800,229.0200,227.9600,228.4500,510658.42
1759708800000,228.4500,230.2100,227.4000,228.5700,1259300.46
1759712400000,228.5700,231.7100,227.6200,231.2900,1220834.06
1759716000000,231.2900,232.9800,229.6300,232.2500,1123453.71
1759719600000,232.2500,233.1900,231.6000,232.1200,578047.61
1759723200000,232.1200,232.2500,230.4800,230.5600,671427.56
1759726800000,230.5500,232.3800,230.0500,232.2100,515038.18
1759730400000,232.2000,234.7700,232.2000,233.8200,1200138.67
1759734000000,233.8200,234.1500,230.5100,231.2300,1075369.27
1759737600000,231.2400,233.8200,231.2400,233.5700,736845.84
1759741200000,233.5700,234.0500,232.6900,233.3700,556650.59
1759744800000,233.3700,233.6400,232.1800,232.5400,503795.57
1759748400000,232.5400,233.7700,231.6400,232.8900,754283.61
1759752000000,232.9000,234.3300,232.8100,233.9800,767999.41
1759755600000,233.9700,235.0600,232.5500,234.6400,1507114.81
1759759200000,234.6400,235.6500,232.6500,233.2400,1380012.92
1759762800000,233.2300,236.6200,233.1800,235.5600,1487477.40
1759766400000,235.5500,236.1900,233.9500,235.6000,904822.67
1759770000000,235.5900,237.7400,235.3300,236.3100,1309132.15
1759773600000,236.3100,237.0500,234.7000,236.6800,863343.95
1759777200000,236.6900,236.9000,234.5600,235.2200,754693.69
1759780800000,235.2300,236.0300,232.9600,233.4500,1192510.08
1759784400000,233.4600,234.3100,232.6600,234.1300,566562.15
1759788000000,234.1300,234.9100,233.8100,234.5200,487959.30
1759791600000,234.5200,234.6700,231.3200,232.2700,857544.91
1759795200000,232.2700,232.9200,231.0500,232.3800,824261.91
1759798800000,232.3800,233.0100,230.7900,232.5800,746197.66
1759802400000,232.5900,233.7600,231.9000,233.3200,558107.96
1759806000000,233.3300,233.8800,232.7900,233.8100,379444.04
1759809600000,233.8100,235.1700,232.8700,234.7100,728658.87
1759813200000,234.7200,234.9500,233.0400,233.3700,717322.76
1759816800000,233.3700,233.5400,229.1300,230.2800,1769779.46
1759820400000,230.2800,230.9600,229.3500,230.8800,773967.63
1759824000000,230.8800,230.8900,228.1000,229.8600,1618932.36
1759827600000,229.8500,230.4400,229.5500,230.2000,505088.79
1759831200000,230.1900,231.5300,229.5800,230.6900,564319.87
1759834800000,230.6900,231.0400,229.9200,230.3100,504271.13
1759838400000,230.3100,231.3900,229.1100,231.3700,865528.98
1759842000000,231.3800,231.5000,226.1200,227.8200,2663898.22
1759845600000,227.8100,228.0100,224.3400,225.1900,2997508.39
1759849200000,225.1900,225.7900,221.2700,223.6500,3963649.99
1759852800000,223.6600,225.1700,221.7600,224.2800,2369622.79
1759856400000,224.2800,224.7300,222.4700,222.5700,893801.15
1759860000000,222.5800,223.1700,221.2300,221.3600,962412.08
1759863600000,221.3500,222.7200,220.5000,221.5500,1020989.21
1759867200000,221.5500,224.0500,221.3800,223.3500,769565.06
1759870800000,223.3400,224.1200,222.2600,222.9900,448914.14
1759874400000,223.0000,223.5500,221.8600,222.3700,400872.26
1759878000000,222.3800,222.4200,219.5700,219.8400,1102742.56
1759881600000,219.8400,221.6800,217.8200,220.8700,1420848.52
1759885200000,220.8800,222.2100,220.3500,221.9300,512913.58
1759888800000,221.9300,222.6900,221.0300,221.4600,537938.15
1759892400000,221.4600,221.4700,217.8200,218.2000,1058044.62
1759896000000,218.2000,220.4400,217.2000,220.2900,940576.11
1759899600000,220.2900,220.3000,218.2700,219.4100,615066.08
1759903200000,219.4100,220.3500,218.5000,220.1600,493425.34
1759906800000,220.1600,220.8800,219.3200,220.8500,443168.82
1759910400000,220.8500,222.5200,220.7000,221.4800,936583.55
1759914000000,221.4800,221.9800,220.6000,221.3100,561432.85
1759917600000,221.3100,222.0800,220.8900,221.9900,484542.77
1759921200000,222.0000,222.4300,220.5100,221.0400,569612.92
1759924800000,221.0400,222.4600,220.9600,222.1800,628893.18
1759928400000,222.1800,222.6400,218.7200,221.3500,1240532.60
1759932000000,221.3400,224.0900,219.3300,219.9600,2054186.95
1759935600000,219.9600,222.7500,219.7700,221.0800,936269.57
1759939200000,221.0900,223.6100,220.5700,223.4400,744487.34
1759942800000,223.4300,227.5600,223.2400,226.7500,1963136.59
1759946400000,226.7500,229.6900,226.2600,228.5900,2225787.42
1759950000000,228.5900,229.5100,227.4300,229.2300,899970.13
1759953600000,229.2200,229.6100,227.3700,227.6300,770412.00
1759957200000,227.6200,229.0600,227.3500,228.4000,391937.40
1759960800000,228.3900,229.6400,228.3800,228.5300,448965.73
1759964400000,228.5400,229.3000,227.8100,228.9500,375843.81
1759968000000,228.9600,229.6100,227.9200,228.2600,624449.41
1759971600000,228.2500,228.6100,225.8600,228.3700,1205884.08
1759975200000,228.3700,228.6800,223.7600,224.3500,1460060.48
1759978800000,224.3400,226.4100,224.3200,226.1000,774809.27
1759982400000,226.1000,227.4800,225.3400,227.4000,526388.05
1759986000000,227.4000,228.6700,226.6200,227.7200,799639.07
1759989600000,227.7300,228.3300,226.2000,226.4500,697310.68
1759993200000,226.4400,226.8000,224.0400,224.3800,1085160.15
1759996800000,224.3900,224.7200,219.2500,219.8800,2791142.70
1760000400000,219.8800,222.0500,219.7600,221.8600,1206965.35
1760004000000,221.8700,222.8300,220.8200,222.1500,697809.57
1760007600000,222.1400,223.8700,222.1300,223.0000,749385.24
1760011200000,223.0000,226.2000,222.7800,225.8300,1237310.58
1760014800000,225.8300,226.0800,221.7000,222.1800,1998188.10
1760018400000,222.1800,223.2100,219.2600,220.7700,2391990.83
1760022000000,220.7800,222.1100,218.5600,219.0100,1768414.11
1760025600000,219.0100,220.0600,216.1700,217.1600,1890365.59
1760029200000,217.1500,219.4900,216.6100,219.2100,1182534.92
1760032800000,219.2100,219.4300,217.0600,217.4300,763138.82
1760036400000,217.4400,218.8500,217.2800,218.1800,685814.61
1760040000000,218.1800,219.1400,217.4600,218.8200,567320.60
1760043600000,218.8200,220.3400,218.4100,220.1500,569860.71
1760047200000,220.1600,221.5500,219.7600,221.1100,495365.81
1760050800000,221.1100,221.1900,219.7200,220.8000,455534.75
1760054400000,220.8100,221.9400,220.6400,221.1100,526406.03
1760058000000,221.1100,221.9900,220.3900,220.8800,490158.31
1760061600000,220.8800,221.8000,219.7800,220.2500,672391.50
1760065200000,220.2500,222.7900,219.4200,221.5400,960983.90
1760068800000,221.5400,222.7900,220.7700,221.1100,694064.46
1760072400000,221.1100,221.6900,219.9200,221.5700,605563.51
1760076000000,221.5600,222.3400,219.1500,219.2500,658689.65
1760079600000,219.2500,219.4700,217.7700,217.9800,951429.45
1760083200000,217.9900,219.9600,217.2400,219.9200,838681.29
1760086800000,219.9200,220.6300,218.8200,218.8300,692532.12
1760090400000,218.8200,220.5300,218.6000,220.2900,465233.95
1760094000000,220.2900,221.4800,220.1800,221.0600,698690.02
1760097600000,221.0600,221.7100,220.6400,221.6700,449667.18
1760101200000,221.6600,224.3500,221.4100,223.3100,1705294.42
1760104800000,223.3200,224.3200,219.5700,219.6900,1983418.65
1760108400000,219.6900,220.0200,208.7400,210.5800,8845760.68
1760112000000,210.5700,212.8500,209.8700,211.1100,2505839.86
1760115600000,211.1100,211.3800,208.6400,209.5500,1621256.73
1760119200000,209.5500,209.9500,207.3100,207.3600,1557351.06
1760122800000,207.3600,208.1000,203.1400,205.1600,3473645.65
1760126400000,205.1600,207.6100,192.7200,196.8800,4444828.13
1760130000000,196.8500,203.8400,141.2800,190.7000,18688389.10
1760133600000,190.6900,191.4100,182.5500,188.4600,5502513.51
1760137200000,188.4600,192.9700,186.3300,187.6500,3303671.98
1760140800000,187.6600,190.2400,184.1400,187.6800,2529686.59
1760144400000,187.6800,187.9200,182.0000,182.7700,2282051.18
1760148000000,182.7800,190.6400,182.6000,188.1300,2114423.36
1760151600000,188.1300,188.7200,182.0000,184.0000,1979460.21
1760155200000,184.0100,186.2400,183.3500,185.6300,1354552.82
1760158800000,185.6200,185.8900,179.2100,181.7800,1809084.55
1760162400000,181.7800,185.6300,181.5800,182.7600,1485131.67
1760166000000,182.7700,183.5800,181.3400,182.5700,1644747.19
1760169600000,182.5700,186.9500,181.7200,186.1700,1652772.36
1760173200000,186.1700,187.8000,183.6300,184.0200,1640412.03
1760176800000,184.0200,185.5500,182.5000,183.4800,1278114.68
1760180400000,183.4800,183.7900,181.2100,183.3400,1163360.11
1760184000000,183.3300,184.3100,181.1300,182.6600,1303743.21
1760187600000,182.6500,184.1400,180.1800,183.8300,1954857.55
1760191200000,183.8300,184.3600,181.2500,182.3500,1169001.80
1760194800000,182.3600,184.8500,182.2600,183.5900,1209187.46
1760198400000,183.5800,184.4700,181.5300,182.4400,1221798.84
1760202000000,182.4400,184.5000,182.2100,182.8600,920677.81
1760205600000,182.8700,182.9200,182.0900,182.4000,566097.71
1760209200000,182.4000,182.4700,176.1800,177.2500,2544988.84
1760212800000,177.2600,177.8300,173.7000,175.3000,2177602.11
1760216400000,175.3000,177.3000,172.3200,176.5800,1887055.18
1760220000000,176.5800,177.8000,175.5400,176.9900,1029727.38
1760223600000,177.0000,178.4200,176.3700,177.2200,1120876.07
1760227200000,177.2300,177.3600,172.6000,172.9300,1449587.38
1760230800000,172.9300,175.1200,172.7900,173.7000,1208690.05
1760234400000,173.7100,176.3000,173.1100,174.5200,1425210.55
1760238000000,174.5200,178.3700,174.0800,176.7900,1699264.31
1760241600000,176.7900,180.4700,176.3200,179.7100,1703384.97
1760245200000,179.7200,181.7000,179.1900,181.0500,2169871.05
1760248800000,181.0500,182.3800,180.4500,182.2800,1815521.78
1760252400000,182.2800,182.8100,181.1800,182.3100,1836719.78
1760256000000,182.3100,182.4800,181.1100,181.5300,1501528.03
1760259600000,181.5400,181.9900,180.0500,181.7500,1772275.28
1760263200000,181.7600,182.5000,180.3600,180.4600,1535092.86
1760266800000,180.4600,181.7100,180.2600,180.7500,1509211.04
1760270400000,180.7500,183.0000,180.5600,181.5200,2195406.01
1760274000000,181.5300,181.6500,178.0200,179.0300,2790644.26
1760277600000,179.0400,188.8200,178.9100,186.1600,5547442.00
1760281200000,186.1600,191.6100,185.3700,190.9600,5479893.93
1760284800000,190.9600,195.3600,190.9600,193.5100,5025328.84
1760288400000,193.5100,195.7700,192.9700,194.2200,1780147.66
1760292000000,194.2300,195.2500,191.4300,193.5000,1350437.89
1760295600000,193.5000,196.3600,193.1400,195.6600,1071907.34
1760299200000,195.6600,198.8300,195.1200,196.5600,1421578.34
1760302800000,196.5500,197.8300,192.8600,195.4400,1807186.74
1760306400000,195.4300,197.9100,195.3100,197.2900,1623015.90
1760310000000,197.2800,197.3300,195.0100,196.8800,1093913.68
1760313600000,196.8800,199.1400,195.5800,197.0900,1766510.30
1760317200000,197.0800,199.4000,195.8300,199.2900,1203741.01
1760320800000,199.2900,199.8800,195.4400,196.2400,2100645.14
1760324400000,196.2400,196.9500,194.1200,194.6300,2035126.79
1760328000000,194.6300,196.3300,194.0700,196.0800,1564801.94
1760331600000,196.0700,196.1800,193.5500,193.9500,1753271.68
1760335200000,193.9400,197.3000,192.7500,196.9700,2077811.25
1760338800000,196.9600,199.4400,195.7800,196.6200,2491135.98
1760342400000,196.6200,198.5000,195.9800,198.0700,1716114.22
1760346000000,198.0600,198.0600,196.5000,196.8700,1482242.25
1760349600000,196.8800,196.9300,194.7500,195.3100,1786646.12
1760353200000,195.3000,195.4400,190.0000,192.4800,3909492.15
1760356800000,192.4700,194.3600,191.2600,191.7600,2659226.88
1760360400000,191.7600,196.8900,191.2100,196.0900,4439433.41
1760364000000,196.0900,196.6900,192.3200,193.2500,3529186.24
1760367600000,193.2600,197.6000,193.1100,196.3200,2803640.76
1760371200000,196.3200,200.2900,196.1200,200.0000,4013084.16
1760374800000,199.9900,205.9100,199.9200,204.9300,3584688.02
1760378400000,204.9400,206.5900,203.8400,205.8300,2972767.49
1760382000000,205.8300,208.6500,205.4400,206.9900,2163330.24
1760385600000,206.9900,208.6900,206.6800,208.4600,1230247.16
1760389200000,208.4600,209.0000,207.6000,207.8900,840471.05
1760392800000,207.8900,209.2200,207.5400,208.3200,1029348.72
1760396400000,208.3100,209.1100,207.1700,208.5700,920865.47
1760400000000,208.5800,211.2900,207.9400,209.1900,1904272.93
1760403600000,209.1800,210.0500,207.7100,208.3200,1588642.93
1760407200000,208.3200,208.5000,205.7000,206.2100,2092272.53
1760410800000,206.2000,206.8700,204.8500,205.6200,1792682.17
1760414400000,205.6100,205.7600,201.0000,202.0300,2394564.64
1760418000000,202.0400,203.7700,198.8900,199.6200,2827017.11
1760421600000,199.6200,200.7000,192.0000,195.2500,4519370.82
1760425200000,195.2400,197.1700,193.2300,194.3400,3289154.07
1760428800000,194.3500,196.9200,193.0600,196.0400,2787284.56
1760432400000,196.0300,197.4300,193.9600,194.7300,1932579.53
1760436000000,194.7300,194.7700,190.9500,194.1300,2744038.59
1760439600000,194.1300,197.0000,193.9000,195.2200,1659867.50
1760443200000,195.2200,195.2800,192.3000,193.2500,1808463.31
1760446800000,193.2500,195.6000,191.4000,194.9400,2936029.66
1760450400000,194.9400,198.7300,194.2700,195.7600,3366521.39
1760454000000,195.7600,202.5200,194.4000,202.0600,2808555.66
1760457600000,202.0600,206.4400,199.8000,202.3900,3925472.72
1760461200000,202.3800,204.5400,199.0300,201.5800,2688821.28
1760464800000,201.5800,204.0700,200.3800,201.3800,1228029.94
1760468400000,201.3900,203.6300,196.9300,198.4100,2912787.26
1760472000000,198.4100,200.5200,198.0200,200.5100,875759.48
1760475600000,200.5100,201.4600,198.2000,201.1300,535698.85
1760479200000,201.1300,202.0700,200.1800,201.3600,507378.36
1760482800000,201.3700,203.3200,201.3500,202.3400,561219.33
1760486400000,202.3500,203.9600,201.1200,203.8800,887812.76
1760490000000,203.8900,204.0000,201.0200,203.6000,994388.23
1760493600000,203.5900,205.7600,202.9500,203.3000,1009614.20
1760497200000,203.3000,203.6300,200.7900,201.5600,997653.98
1760500800000,201.5600,203.4800,200.3700,203.3600,726787.27
1760504400000,203.3600,204.7700,202.6900,204.3600,766898.40
1760508000000,204.3500,205.3000,201.8200,204.5600,1321762.65
1760511600000,204.5500,205.0000,203.0900,204.5600,689754.04
1760515200000,204.5500,208.8500,204.3400,206.0500,2103966.15
1760518800000,206.0500,207.3300,205.2100,205.9100,1005456.37
1760522400000,205.9100,206.2800,203.3600,203.8000,1098039.36
1760526000000,203.8000,204.7200,201.9100,202.4800,1092718.21
1760529600000,202.4800,203.6800,201.5000,202.9500,1077834.21
1760533200000,202.9500,204.2800,197.9600,201.0800,2616082.62
1760536800000,201.0700,204.8400,198.3100,199.4300,2551404.73
1760540400000,199.4300,200.2600,196.1100,197.0700,2578989.79
1760544000000,197.0600,198.6700,196.7700,197.3000,1132683.22
1760547600000,197.3000,198.0800,195.1000,198.0600,1610186.49
1760551200000,198.0600,198.2100,196.1800,197.9200,714446.60
1760554800000,197.9200,197.9800,194.0700,194.6900,1223796.67
1760558400000,194.7000,196.5000,192.1000,194.1100,1663896.95
1760562000000,194.1000,195.1600,191.9100,192.7900,1006481.86
1760565600000,192.7900,194.4900,192.4600,193.2100,680758.21
1760569200000,193.2100,194.7200,192.8700,193.7300,551159.13
1760572800000,193.7300,194.5000,193.0300,193.7800,536007.49
1760576400000,193.7800,195.3600,193.7000,194.9900,660727.52
1760580000000,195.0000,196.1200,194.0800,195.3700,749741.52
1760583600000,195.3700,195.9700,193.3000,193.5200,578426.94
1760587200000,193.5200,194.5200,192.2000,192.3600,701488.66
1760590800000,192.3600,194.3200,191.0800,192.3800,898554.89
1760594400000,192.3800,195.4900,192.3400,195.1000,811670.39
1760598000000,195.1000,195.2500,192.2100,192.7900,818861.25
1760601600000,192.7900,193.3600,191.7800,192.3500,597171.78
1760605200000,192.3500,194.5800,184.7700,193.7800,4082999.84
1760608800000,193.7700,196.6000,193.5300,195.6400,1553193.41
1760612400000,195.6400,197.0900,194.3800,196.7000,1244331.27
1760616000000,196.7000,197.9300,195.8600,196.9000,1097421.74
1760619600000,196.8900,198.3400,195.0500,195.6900,1335797.62
1760623200000,195.6900,196.5100,191.2700,193.9100,3090509.12
1760626800000,193.9100,194.2000,186.4300,187.4900,3273672.97
1760630400000,187.5000,192.1900,186.2600,192.1800,3341165.60
1760634000000,192.1900,192.2200,188.7400,189.5400,1690608.72
1760637600000,189.5500,189.7600,186.7600,189.2200,1328326.90
1760641200000,189.2300,189.4100,183.2500,184.9000,2322125.97
1760644800000,184.9100,186.0000,181.9300,182.7200,1676068.26
1760648400000,182.7100,185.6600,182.6600,185.5100,716057.21
1760652000000,185.5100,185.8400,183.0000,183.0400,674946.67
1760655600000,183.0300,185.1300,182.8100,184.7600,841443.76
1760659200000,184.7600,186.3500,184.1700,186.1900,804948.18
1760662800000,186.2000,187.4300,184.6600,185.5900,815908.73
1760666400000,185.5900,187.3000,184.5600,186.6700,886984.34
1760670000000,186.6700,187.3800,186.1600,187.0200,653182.69
1760673600000,187.0200,187.3900,186.2600,186.9900,628811.67
1760677200000,186.9800,187.3900,185.3100,185.6100,972138.97
1760680800000,185.6100,186.4100,179.5800,180.3200,2912641.61
1760684400000,180.3300,180.7600,177.2600,177.7000,3281875.94
1760688000000,177.7000,178.9100,175.3500,175.4900,2968951.80
1760691600000,175.5000,180.3900,175.3200,176.7100,2141385.55
1760695200000,176.7200,177.9200,174.0000,177.3700,2527240.17
1760698800000,177.3600,182.6300,177.1800,181.3600,3627325.82
1760702400000,181.3600,182.5400,179.8700,179.9900,1447799.44
1760706000000,179.9900,182.0700,177.8900,180.5900,2856662.45
1760709600000,180.5800,180.9600,176.1600,178.3300,2544266.83
1760713200000,178.3200,182.7400,177.9400,182.6500,1735739.26
1760716800000,182.6400,184.9500,181.6800,182.2600,2188235.24
1760720400000,182.2600,184.4700,182.0200,183.6300,973802.30
1760724000000,183.6300,185.3100,183.0900,183.3400,915394.33
1760727600000,183.3500,184.0800,181.2900,181.8600,952378.99
1760731200000,181.8600,183.9300,181.3500,183.5600,535631.95
1760734800000,183.5800,186.0000,183.3500,185.2800,726098.79
1760738400000,185.2900,185.8400,183.0500,183.8400,632431.39
1760742000000,183.8500,183.8700,181.7100,181.8900,467148.51
1760745600000,181.8900,183.4500,181.6600,182.7800,630912.65
1760749200000,182.7900,184.7800,182.5500,184.5500,566043.18
1760752800000,184.5400,185.4400,183.3000,183.6300,564374.93
1760756400000,183.6200,185.3900,183.5900,184.7300,437322.92
1760760000000,184.7200,184.7200,183.0100,183.3300,513213.94
1760763600000,183.3400,184.7300,183.3300,184.4500,457110.82
1760767200000,184.4500,186.5200,184.1300,186.2400,666532.19
1760770800000,186.2400,188.2100,185.7700,186.1700,1380335.55
1760774400000,186.1700,187.0600,185.6300,185.8100,558046.21
1760778000000,185.8100,186.5500,185.2400,185.8100,569095.52
1760781600000,185.8100,186.1300,184.2700,185.0300,636338.26
1760785200000,185.0300,186.0500,184.5000,186.0200,526016.20
1760788800000,186.0200,187.2800,185.6000,185.9700,577716.40
1760792400000,185.9700,186.0400,184.6700,185.1400,524537.31
1760796000000,185.1300,186.1400,183.8700,185.6400,800815.81
1760799600000,185.6500,185.8800,184.4900,184.9300,485792.34
1760803200000,184.9300,185.4700,183.2300,184.1700,881387.39
1760806800000,184.1600,186.0600,183.7000,185.8800,578649.79
1760810400000,185.8800,186.1000,185.1800,185.7600,300138.23
1760814000000,185.7500,186.3700,185.5700,186.2900,269086.82
1760817600000,186.2800,187.6300,186.0500,186.5200,489286.89
1760821200000,186.5100,187.1900,185.8100,187.0500,345684.82
1760824800000,187.0500,187.7800,186.7000,187.1700,268835.57
1760828400000,187.1600,187.6600,186.8300,187.4700,247051.87
1760832000000,187.4700,187.7900,185.1700,185.6800,666777.29
1760835600000,185.6800,185.8200,184.8000,185.7700,415618.74
1760839200000,185.7700,185.8700,185.1600,185.7000,301617.53
1760842800000,185.6900,187.0700,184.8900,186.9500,490569.72
1760846400000,186.9500,187.0600,186.2500,186.7300,290326.53
1760850000000,186.7400,187.6200,186.2200,186.4400,349585.00
1760853600000,186.4400,186.8200,185.0700,185.4800,522642.58
1760857200000,185.4800,186.0600,185.1400,185.8200,309935.20
1760860800000,185.8200,187.5500,183.4200,184.0800,1503731.77
1760864400000,184.0800,188.6600,183.0600,187.1200,2079847.25
1760868000000,187.1300,189.9200,186.6300,189.0100,1297455.01
1760871600000,189.0100,189.9900,188.5200,188.9200,839788.23
1760875200000,188.9200,189.3000,188.0400,188.7700,498205.28
1760878800000,188.7800,190.9500,188.2400,190.5000,1004631.79
1760882400000,190.5000,191.6500,189.6700,191.4400,1084690.09
1760886000000,191.4300,191.5700,190.1100,190.6600,746031.02
1760889600000,190.6600,191.5200,189.8300,190.7600,551341.19
1760893200000,190.7600,192.1500,189.5900,189.9300,997247.51
1760896800000,189.9300,190.2900,189.0400,189.8100,678028.86
1760900400000,189.8100,189.8200,188.2400,188.8100,450428.62
1760904000000,188.8000,189.7800,188.5200,189.5500,392008.57
1760907600000,189.5500,189.7100,188.2400,189.1800,357587.73
1760911200000,189.1900,190.0600,188.8100,189.7200,472419.96
1760914800000,189.7200,189.7300,186.7700,187.7800,827242.45
1760918400000,187.7800,187.7800,183.6800,185.5000,1532154.21
1760922000000,185.5000,186.2500,184.8400,185.5400,624490.37
1760925600000,185.5400,187.2700,184.0100,186.7900,1188639.32
1760929200000,186.7900,191.7000,185.7500,191.1400,1443945.20
1760932800000,191.1400,192.4200,190.5200,192.1000,1127653.42
1760936400000,192.1000,193.3000,191.4600,192.9100,941531.58
1760940000000,192.9200,194.2300,192.6700,193.8100,831178.01
1760943600000,193.8100,194.4400,192.7000,192.9300,754785.13
1760947200000,192.9200,194.1000,192.1100,192.9000,837370.69
1760950800000,192.8900,193.5500,192.4700,193.1300,551438.66
1760954400000,193.1300,193.6800,191.3000,191.5400,771412.67
1760958000000,191.5400,192.2000,190.8900,192.1100,715211.90
1760961600000,192.1100,192.6800,191.5600,192.6800,656719.90
1760965200000,192.6800,192.9400,191.4800,192.3200,869180.60
1760968800000,192.3200,192.5100,190.6400,191.3000,1199698.44
1760972400000,191.3000,192.2500,190.3100,190.4000,899073.61
1760976000000,190.4000,190.4400,186.6100,187.4400,2474787.68
1760979600000,187.4300,188.6000,185.4800,187.5700,1522974.01
1760983200000,187.5700,188.4500,187.1000,188.1000,626043.71
1760986800000,188.1100,189.3700,187.4000,188.7100,652127.63
1760990400000,188.7000,190.4400,188.1300,190.4400,606566.42
1760994000000,190.4300,191.0700,188.6600,188.8900,515223.57
1760997600000,188.9000,190.8000,188.6800,190.6500,425705.38
1761001200000,190.6600,190.7600,189.3900,189.6300,448768.64
1761004800000,189.6300,190.1500,188.6000,188.9000,573490.09
1761008400000,188.8900,189.1600,186.0000,186.6400,1105979.16
1761012000000,186.6500,186.8400,185.3700,185.9700,899227.88
1761015600000,185.9700,186.5200,185.1500,185.4600,505561.02
1761019200000,185.4600,185.5600,183.0500,183.6600,1827021.02
1761022800000,183.6600,184.2900,182.6500,183.7600,981465.62
1761026400000,183.7600,184.9300,183.0500,184.3600,858220.14
1761030000000,184.3500,185.0800,183.5700,184.8800,516122.95
1761033600000,184.8700,184.8800,183.6400,184.1600,514696.64
1761037200000,184.1600,184.4300,183.6400,184.2700,305598.51
1761040800000,184.2700,186.6500,184.0900,185.8100,1118827.31
1761044400000,185.8000,186.4400,184.9100,186.1800,526320.85
1761048000000,186.1700,187.6600,185.8000,186.3800,930204.12
1761051600000,186.3800,186.8800,183.8400,185.0200,1529356.35
1761055200000,185.0300,192.7300,184.8900,192.6400,3027255.96
1761058800000,192.6400,197.1300,191.8300,196.1800,3485601.59
1761062400000,196.1700,197.6900,192.0100,192.5700,2708231.36
1761066000000,192.5600,195.4000,192.0100,194.7900,2504801.38
1761069600000,194.7900,195.4000,193.4500,194.1100,904273.95
1761073200000,194.1000,194.5000,193.0100,193.9300,489583.92
1761076800000,193.9300,194.1600,190.5600,191.3700,1039086.92
1761080400000,191.3700,191.7200,187.8000,191.2100,1248788.52
1761084000000,191.2100,191.4500,187.6700,188.4900,1034619.56
1761087600000,188.4900,188.8600,185.0100,185.5400,1303858.21
1761091200000,185.5300,186.5000,184.0300,185.6000,1454184.81
1761094800000,185.6000,187.1000,185.4900,186.8700,1128721.18
1761098400000,186.8700,187.3600,185.7300,185.8000,749418.98
1761102000000,185.8000,185.8800,184.3900,185.1500,812909.36
1761105600000,185.1400,186.2100,184.9400,185.7700,529794.23
1761109200000,185.7700,185.8600,183.1300,184.4600,1142434.07
1761112800000,184.4700,184.8100,183.7800,183.9600,522730.82
1761116400000,183.9700,185.0500,183.2900,184.9000,679610.94
1761120000000,184.8900,185.1000,184.1100,184.5800,379415.17
1761123600000,184.5800,184.8000,183.2400,183.9100,609238.72
1761127200000,183.9200,184.4000,183.0800,183.4600,544231.88
1761130800000,183.4500,185.8700,181.4400,184.9500,2215796.36
1761134400000,184.9500,186.8000,184.3400,185.6900,955766.15
1761138000000,185.7000,186.9200,184.0300,186.4800,1644057.41
1761141600000,186.4700,186.5500,181.1300,185.3900,3155713.27
1761145200000,185.4000,185.9600,182.2300,183.9100,1765763.56
1761148800000,183.9100,184.9300,182.4600,183.5700,1378464.44
1761152400000,183.5700,184.1600,181.2400,181.5900,828894.48
1761156000000,181.5900,182.2500,180.0000,180.8100,1456668.32
1761159600000,180.8100,182.4800,177.0000,180.1000,2095857.97
1761163200000,180.0900,180.6900,179.0400,180.0700,1051135.91
1761166800000,180.0600,180.1800,176.8500,178.3100,1629421.67
1761170400000,178.3100,179.4900,177.6800,178.7400,700339.59
1761174000000,178.7400,180.4000,178.6400,180.0100,688902.18
1761177600000,180.0000,181.0200,179.5400,180.9000,604073.40
1761181200000,180.8900,181.9500,180.5100,181.6900,757555.11
1761184800000,181.7000,182.3900,181.3100,182.1800,431348.58
1761188400000,182.1800,183.2900,182.0200,182.7600,569669.50
1761192000000,182.7700,184.2000,182.5700,183.9200,488991.79
1761195600000,183.9300,184.7400,183.7100,184.7200,429408.26
1761199200000,184.7200,187.5000,184.4300,187.3400,1248016.43
1761202800000,187.3300,187.9400,186.1000,187.4000,1151331.07
1761206400000,187.4100,188.6500,187.4100,187.9100,890680.58
1761210000000,187.9200,188.8500,187.3800,188.3300,685788.94
1761213600000,188.3400,189.3000,188.1700,188.2100,823619.94
1761217200000,188.2000,189.4700,187.4500,187.9200,1205358.27
1761220800000,187.9300,189.3400,186.5000,189.2600,1651711.27
1761224400000,189.2700,192.5200,188.3300,190.3100,2228140.11
1761228000000,190.3200,191.2500,188.0000,189.6900,1757205.81
1761231600000,189.7000,191.8000,189.3500,190.9800,1356137.83
1761235200000,190.9800,192.3800,190.3400,191.8700,909258.39
1761238800000,191.8700,193.4400,189.9900,192.4000,1695983.28
1761242400000,192.4100,192.8000,190.7600,191.4500,769316.41
1761246000000,191.4500,191.7900,190.5000,191.0200,562981.69
1761249600000,191.0200,191.2100,188.2000,188.7500,1023233.74
1761253200000,188.7500,189.4100,188.4400,188.7100,467674.64
1761256800000,188.7100,190.5400,188.6000,190.3200,562083.16
1761260400000,190.3300,191.4400,190.3100,191.2700,468424.26
1761264000000,191.2700,194.0000,190.8700,192.4500,1216284.53
1761267600000,192.4600,193.3400,192.0500,192.8800,577481.99
1761271200000,192.8800,193.0400,191.3300,192.1400,639133.08
1761274800000,192.1400,192.3100,190.7500,191.2400,518365.13
1761278400000,191.2400,194.5900,190.6900,193.4500,1116956.03
1761282000000,193.4500,193.8600,192.8700,193.2200,608992.59
1761285600000,193.2200,193.6400,192.4900,193.2200,537566.67
1761289200000,193.2200,193.3500,191.2400,192.1000,696155.92
1761292800000,192.0900,193.3900,191.6600,192.8800,519448.37
1761296400000,192.8800,193.3100,191.7500,192.0300,459712.70
1761300000000,192.0300,192.1000,191.3100,191.6900,461510.88
1761303600000,191.7000,192.1400,190.5000,192.0200,597427.21
1761307200000,192.0300,196.8000,192.0300,193.5700,2554665.89
1761310800000,193.5800,194.2300,190.7600,192.3700,1601965.69
1761314400000,192.3700,192.3700,189.4200,190.0800,1601197.35
1761318000000,190.0800,190.8100,188.6700,189.3000,1541541.91
1761321600000,189.3100,190.6200,188.6600,190.5600,698488.05
1761325200000,190.5700,191.6500,190.3000,191.0500,604791.98
1761328800000,191.0500,191.8600,190.8900,191.7000,526463.56
1761332400000,191.7100,193.5400,191.6900,192.9900,769583.30
1761336000000,193.0000,194.1100,192.7100,193.5300,446155.88
1761339600000,193.5200,193.9400,193.1900,193.7000,303537.91
1761343200000,193.6900,194.1100,193.1000,193.7200,277129.92
1761346800000,193.7100,193.7200,193.0100,193.5000,210034.30
1761350400000,193.4900,193.5600,192.3500,192.9100,496139.45
1761354000000,192.9100,194.4900,192.7800,193.6800,409945.76
1761357600000,193.6800,194.1200,193.2600,193.7900,239132.48
1761361200000,193.7900,193.9600,193.2200,193.4000,228679.15
1761364800000,193.3900,194.4300,193.3500,194.1400,359131.53
1761368400000,194.1400,194.7000,193.4100,194.4100,334024.83
1761372000000,194.4200,194.6800,193.9100,193.9900,272812.37
1761375600000,193.9900,194.8600,193.7000,193.8700,301446.68
1761379200000,193.8700,195.1800,193.8000,194.7700,479904.59
1761382800000,194.7700,194.8100,192.2000,192.5200,738393.48
1761386400000,192.5200,192.7000,191.0000,191.9000,708791.22
1761390000000,191.9000,192.8300,191.6100,192.6300,383960.69
1761393600000,192.6200,194.1600,192.4900,193.8200,462893.00
1761397200000,193.8300,193.8600,192.3600,192.8000,420828.95
1761400800000,192.8000,192.8200,191.9400,192.5100,349697.09
1761404400000,192.5100,192.5200,191.7000,191.8000,376959.32
1761408000000,191.7900,192.0200,191.3300,191.8200,359218.50
1761411600000,191.8300,192.4200,191.7300,192.2700,171229.44
1761415200000,192.2700,194.3100,192.2000,194.1500,664256.64
1761418800000,194.1600,194.5600,193.8100,194.4200,302594.41
1761422400000,194.4300,194.8500,193.6500,194.0500,426168.78
1761426000000,194.0600,194.7000,193.7300,194.2900,241210.59
1761429600000,194.2900,194.6500,193.8300,194.4000,224370.84
1761433200000,194.4000,194.6600,193.7000,193.7200,264106.98
1761436800000,193.7100,194.2800,193.0100,193.2200,466279.43
1761440400000,193.2100,193.6700,192.1200,192.7400,290653.28
1761444000000,192.7500,193.0500,191.7500,192.1600,349734.39
1761447600000,192.1600,192.9900,191.9300,192.8800,245546.56
1761451200000,192.8800,193.4300,192.7200,192.8100,219074.94
1761454800000,192.8000,193.6900,192.6300,193.5200,176554.11
1761458400000,193.5200,194.1000,193.3900,193.9600,244777.50
1761462000000,193.9600,194.2300,193.7400,193.7900,261755.53
1761465600000,193.8000,194.3300,193.6000,194.2300,222697.52
1761469200000,194.2200,196.3900,193.8300,195.8800,1167767.11
1761472800000,195.8800,196.0800,194.5400,194.7400,573932.63
1761476400000,194.7400,197.8400,194.2200,197.6900,1435964.11
1761480000000,197.6800,198.3100,196.8200,197.9000,1161632.21
1761483600000,197.9000,199.5800,197.4100,198.9600,1074608.89
1761487200000,198.9600,199.8300,198.6000,198.7500,748669.33
1761490800000,198.7600,199.7000,198.4600,199.4100,644893.40
1761494400000,199.4200,199.4600,198.0000,198.6200,991477.97
1761498000000,198.6300,199.1800,198.3400,198.8300,288351.13
1761501600000,198.8300,199.6000,198.8000,199.0600,291116.66
1761505200000,199.0500,199.0600,198.4200,198.8100,226498.69
1761508800000,198.8000,198.8000,197.2900,197.3800,553501.97
1761512400000,197.3900,198.4300,196.7400,198.4200,440609.06
1761516000000,198.4200,202.5500,198.4200,200.1000,2061954.97
1761519600000,200.0900,200.9300,199.6000,199.9300,716091.23
1761523200000,199.9200,203.4800,199.3800,203.1600,1733979.76
1761526800000,203.1500,205.0200,202.7000,204.3000,1005085.03
1761530400000,204.3100,204.9700,203.4600,203.8900,702110.61
1761534000000,203.9000,204.5500,203.2000,204.2500,459190.16
1761537600000,204.2500,204.5600,203.1100,203.9300,434800.14
1761541200000,203.9400,205.3000,203.8300,204.2400,548591.60
1761544800000,204.2400,204.8800,203.4300,204.6800,681274.64
1761548400000,204.6900,205.1700,202.1500,202.4300,973958.89
1761552000000,202.4300,202.4800,199.7900,200.4000,1488461.06
1761555600000,200.4000,200.4600,198.0100,199.8800,1309306.43
1761559200000,199.8900,200.6800,199.5600,200.3400,496650.19
1761562800000,200.3500,200.8800,198.7100,200.0800,623609.37
1761566400000,200.0800,200.1800,198.8800,199.4300,456382.88
1761570000000,199.4300,200.4900,198.3000,200.2300,1040040.31
1761573600000,200.2400,200.4300,198.1800,199.0600,871281.26
1761577200000,199.0600,200.4000,198.8500,199.9900,658991.37
1761580800000,200.0000,203.0900,199.9100,202.3500,1538490.00
1761584400000,202.3400,203.1900,201.5300,202.1600,741179.56
1761588000000,202.1600,203.1000,201.1200,201.5500,579725.25
1761591600000,201.5600,201.6400,199.6700,199.9200,785825.47
1761595200000,199.9200,200.1300,198.5700,198.6300,750165.44
1761598800000,198.6300,199.4800,197.4700,198.6400,637152.18
1761602400000,198.6400,199.3300,197.9200,198.2100,479169.77
1761606000000,198.2100,198.8700,197.2300,198.6100,531606.63
1761609600000,198.6000,200.2700,198.3200,199.6100,781422.95
1761613200000,199.6100,201.9800,199.6100,201.2700,777021.40
1761616800000,201.2700,201.7900,199.3600,200.6500,761693.28
1761620400000,200.6500,201.8700,199.7400,201.2000,789664.53
1761624000000,201.2100,202.1300,200.3500,201.0100,510573.58
1761627600000,201.0200,201.3800,198.5000,198.6200,861327.41
1761631200000,198.6300,200.8700,198.6000,200.8000,663349.40
1761634800000,200.8100,202.9400,200.5600,202.2500,1178881.20
1761638400000,202.2400,203.8900,201.8500,203.2900,869854.94
1761642000000,203.3000,203.6700,201.3400,201.8900,687325.69
1761645600000,201.8900,201.9700,199.7200,200.1900,819815.32
1761649200000,200.2000,200.5500,199.1000,199.6000,774266.26
1761652800000,199.5900,200.2800,198.1100,200.1500,1234084.08
1761656400000,200.1500,202.9500,200.0500,202.6500,1990513.10
1761660000000,202.6500,202.8700,196.5000,199.4600,3323650.35
1761663600000,199.4600,200.6300,198.2000,198.7300,1459870.20
1761667200000,198.7400,200.6100,197.8100,199.7100,1336283.81
1761670800000,199.7000,200.8000,199.5100,200.7600,634332.98
1761674400000,200.7600,201.1900,198.7900,199.5500,825726.28
1761678000000,199.5600,200.0600,194.1300,195.2400,2468664.32
1761681600000,195.2400,195.2500,191.9300,192.3600,3056401.94
1761685200000,192.3700,194.2900,190.0200,193.7300,1802391.46
1761688800000,193.7200,195.0800,193.1800,194.7800,804398.31
1761692400000,194.7800,194.8200,193.6400,194.0500,635223.65
1761696000000,194.0400,195.0000,193.1400,193.6600,816723.43
1761699600000,193.6600,194.9100,192.5800,194.0500,724902.62
1761703200000,194.0400,194.7900,193.8500,194.6000,366310.81
1761706800000,194.6000,194.6100,193.1200,193.8100,558257.94
1761710400000,193.8100,194.7000,193.6600,194.4300,370999.52
1761714000000,194.4300,195.7100,194.3200,195.0300,491991.79
1761717600000,195.0300,195.6800,194.6300,195.4600,423726.10
1761721200000,195.4600,195.9900,195.0200,195.5200,362604.45
1761724800000,195.5300,195.6100,193.8600,194.4100,600786.35
1761728400000,194.4000,194.6600,193.6800,194.1100,431177.82
1761732000000,194.1200,197.0000,193.8600,196.1800,1028299.71
1761735600000,196.1900,199.3000,195.9500,198.6500,1390385.15
1761739200000,198.6500,199.8200,198.0300,199.8000,682468.69
1761742800000,199.7900,201.6600,199.0200,200.6500,2049944.56
1761746400000,200.6500,200.9300,198.6000,199.9300,1624956.59
1761750000000,199.9300,200.6100,196.2900,196.7100,1893287.10
1761753600000,196.7200,196.8000,194.5000,195.2000,2318650.22
1761757200000,195.2000,198.7100,194.7100,198.3600,1560608.58
1761760800000,198.3500,198.4800,188.8800,193.3700,6235752.16
1761764400000,193.3600,195.1800,191.2000,192.6200,2485767.06
1761768000000,192.6200,196.1400,191.7600,195.4800,1400921.57
1761771600000,195.4700,196.9800,194.9600,195.9600,712715.63
1761775200000,195.9600,196.3300,195.1300,195.2900,448060.37
1761778800000,195.2900,195.4700,192.8400,193.8100,1014006.22
1761782400000,193.8000,194.6400,192.0400,194.5800,956851.80
1761786000000,194.5800,195.9400,193.3700,195.4200,673573.94
1761789600000,195.4300,198.1000,195.1500,198.0800,977366.36
1761793200000,198.0900,198.1000,196.5000,197.0100,827974.92
1761796800000,197.0000,197.0800,190.2100,191.7100,3775052.34
1761800400000,191.7100,195.6000,191.2500,195.0700,1835373.55
1761804000000,195.0700,195.3900,193.3000,194.0900,924659.45
1761807600000,194.1000,196.1200,193.8200,195.6900,783011.80
1761811200000,195.6900,196.0500,194.5000,195.2800,625091.19
1761814800000,195.2700,195.3700,192.1800,192.2600,1214977.18
1761818400000,192.2600,192.3800,190.9400,192.0500,1121346.08
1761822000000,192.0500,192.5500,191.1300,191.7500,824755.82
1761825600000,191.7500,191.9600,185.9800,187.7000,3902431.24
1761829200000,187.7100,188.5800,184.3000,185.6200,2941744.16
1761832800000,185.6100,187.7300,185.5400,187.1400,1499790.22
1761836400000,187.1400,187.5000,184.3600,184.9500,1477324.04
1761840000000,184.9400,186.2000,183.8000,185.1900,1551664.50
1761843600000,185.1900,185.2100,181.3400,183.6800,2719500.18
1761847200000,183.6800,183.8200,180.6900,181.2200,1201736.14
1761850800000,181.2200,181.8200,178.5000,178.9200,2058610.87
1761854400000,178.9200,182.4800,178.6400,182.1100,1791127.74
1761858000000,182.1100,182.5800,181.0000,182.2500,1013981.72
1761861600000,182.2500,183.5100,181.9500,183.5000,944585.74
1761865200000,183.5100,184.5900,182.4400,184.5500,943394.51
1761868800000,184.5500,186.4300,183.9400,185.3500,1019719.17
1761872400000,185.3400,186.8000,184.9200,186.1400,881231.37
1761876000000,186.1500,186.2000,183.5700,184.5200,1119767.03
1761879600000,184.5300,185.6400,184.0300,185.0500,653599.36
1761883200000,185.0500,186.9500,184.8300,186.5300,876230.87
1761886800000,186.5200,186.5200,185.2000,185.6200,560476.17
1761890400000,185.6100,185.7800,184.8100,185.4600,448804.86
1761894000000,185.4600,186.0200,184.6300,185.2300,508047.59
1761897600000,185.2300,186.4900,184.4400,186.3900,621340.11
1761901200000,186.3800,186.9700,185.8700,186.5100,693889.39
1761904800000,186.5100,187.2700,186.0600,186.2800,587042.61
1761908400000,186.2800,189.1900,186.0900,188.8100,1128584.74
1761912000000,188.8100,189.3200,186.2200,186.4300,1681962.02
1761915600000,186.4300,188.5000,185.8300,188.2600,1121892.23
1761919200000,188.2700,189.4300,186.8600,188.9800,1240430.17
1761922800000,188.9900,190.2600,187.8400,188.0200,1452339.43
1761926400000,188.0200,188.5200,184.5600,184.9600,1535108.98
1761930000000,184.9500,185.8500,184.2200,185.2600,1237400.58
1761933600000,185.2500,186.5100,184.3600,185.8400,991677.35
1761937200000,185.8400,188.9600,184.8800,188.3000,1270942.12
1761940800000,188.3000,188.7600,186.6100,186.8300,900800.06
1761944400000,186.8300,187.6100,186.4200,187.1700,333285.10
1761948000000,187.1800,187.8300,186.8700,187.2000,323728.69
1761951600000,187.2000,187.7400,187.0100,187.1300,232351.75
1761955200000,187.1200,187.2700,185.9100,187.0200,545481.82
1761958800000,187.0200,187.3500,186.0000,186.0100,260953.96
1761962400000,186.0200,186.6500,185.3700,186.5000,334022.27
1761966000000,186.5000,187.4000,186.4800,187.1200,306327.00
1761969600000,187.1200,187.4700,186.2100,186.9800,393802.50
1761973200000,186.9800,187.0600,186.0800,186.1500,188284.22
1761976800000,186.1400,186.3000,184.8100,185.6300,507307.67
1761980400000,185.6300,186.2800,185.2200,185.7100,266523.37
1761984000000,185.7000,186.4700,185.5600,186.4500,251930.83
1761987600000,186.4500,186.6600,185.6400,185.7500,362669.07
1761991200000,185.7400,186.3000,185.1500,186.0400,350718.43
1761994800000,186.0400,186.5300,185.5700,186.0900,300451.30
1761998400000,186.1000,186.5500,186.0900,186.2800,262277.06
1762002000000,186.2800,186.3600,184.6600,185.2100,526424.00
1762005600000,185.2000,185.5000,183.5800,184.9000,1025200.70
1762009200000,184.9000,186.3400,184.7500,186.2800,718317.89
1762012800000,186.2900,187.0000,185.8400,186.3000,685999.18
1762016400000,186.3000,186.4300,184.7900,184.8600,438419.42
1762020000000,184.8500,185.7000,184.7700,185.6400,419998.86
1762023600000,185.6400,186.2200,185.3200,186.1800,229126.67
1762027200000,186.1800,186.8700,186.0600,186.4200,307065.13
1762030800000,186.4100,186.5400,185.1900,185.2400,234839.21
1762034400000,185.2400,186.2100,184.8600,186.0700,308811.09
1762038000000,186.0600,186.4900,185.7600,186.2900,187158.58
1762041600000,186.2800,186.3000,185.0000,185.0300,397828.21
1762045200000,185.0200,185.4200,184.5500,184.7100,409175.67
1762048800000,184.7000,185.9400,184.6700,185.2700,346353.75
1762052400000,185.2700,185.4200,184.8400,185.1800,255951.26
1762056000000,185.1800,187.9600,184.9100,187.7100,944056.39
1762059600000,187.7100,187.7600,186.4200,187.0100,585617.72
1762063200000,187.0000,187.6100,186.5200,187.3100,279210.15
1762066800000,187.3000,188.2700,186.6000,187.6400,423523.13
1762070400000,187.6400,187.8500,186.8300,187.0400,390760.61
1762074000000,187.0300,187.8400,185.6700,185.7900,616274.03
1762077600000,185.7900,186.0900,184.2900,184.9200,1042351.76
1762081200000,184.9100,186.3000,184.7600,186.0400,741316.69
1762084800000,186.0400,186.4100,185.1500,185.4200,517513.56
1762088400000,185.4100,185.4700,183.7700,184.9900,675329.84
1762092000000,184.9800,185.2700,183.2600,184.2700,755375.38
1762095600000,184.2600,184.9800,183.5900,183.6700,591653.55
1762099200000,183.6700,184.3000,181.9100,184.2000,1441137.71
1762102800000,184.1900,184.5100,183.4300,184.3200,464888.92
1762106400000,184.3200,184.5600,183.8600,184.1400,235972.55
1762110000000,184.1400,184.1800,182.9000,183.9300,421307.39
1762113600000,183.9200,184.4700,183.4800,184.4600,197369.78
1762117200000,184.4700,185.9500,184.4300,185.3900,488069.77
1762120800000,185.4000,185.5900,184.2300,184.8200,299398.18
1762124400000,184.8300,188.0300,184.8300,187.6500,962981.68
1762128000000,187.6400,189.1000,186.4900,186.5200,1287265.65
1762131600000,186.5200,187.1000,185.2700,185.4600,947772.52
1762135200000,185.4700,185.8900,182.8800,183.4100,1499993.35
1762138800000,183.4100,183.5900,176.5000,177.4200,3507573.73
1762142400000,177.4200,178.3000,175.5800,177.7900,1823325.43
1762146000000,177.8000,178.6200,176.3000,176.6800,1144531.49
1762149600000,176.6900,177.1300,174.0900,175.9700,1776720.29
1762153200000,175.9600,177.0100,175.3100,176.3800,962168.14
1762156800000,176.3700,176.4900,174.3100,175.5700,1243337.98
1762160400000,175.5600,176.8300,174.5200,174.8400,974642.93
1762164000000,174.8300,175.8000,173.1000,174.0300,865687.04
1762167600000,174.0400,176.0000,173.9900,175.2000,1013986.58
1762171200000,175.2000,176.4500,174.8800,175.4400,855477.49
1762174800000,175.4300,176.2400,174.8300,175.6900,719602.08
1762178400000,175.7000,176.8300,174.7000,176.3100,985632.27
1762182000000,176.3100,176.6700,164.0000,166.7300,9259031.91
1762185600000,166.7400,169.0600,165.5300,168.2300,3158215.56
1762189200000,168.2300,170.9000,167.9500,169.7900,1702411.38
1762192800000,169.8000,170.0100,167.6300,167.7600,1019215.12
1762196400000,167.7500,168.2600,166.4400,166.6400,1122977.71
1762200000000,166.6500,167.1400,163.1200,164.3100,2157201.82
1762203600000,164.3100,166.1500,163.1500,165.8600,1593194.90
1762207200000,165.8700,166.2200,164.0900,165.6400,841332.02
1762210800000,165.6500,166.2300,164.4000,165.9500,518435.82
1762214400000,165.9600,167.2200,164.1000,166.4600,1146593.72
1762218000000,166.4700,168.2700,165.7600,167.7100,1000158.24
1762221600000,167.7000,168.2800,166.2800,166.5500,695276.31
1762225200000,166.5500,168.1700,166.1000,167.5300,691692.03
1762228800000,167.5300,168.0000,164.6100,164.8800,1427752.87
1762232400000,164.8800,165.3700,157.0400,157.5900,4837849.27
1762236000000,157.5900,161.2200,157.5000,158.5000,2552238.79
1762239600000,158.5100,158.8500,155.8100,157.0000,2368007.50
1762243200000,157.0100,160.4100,156.3200,159.1700,2150982.24
1762246800000,159.1700,160.4100,158.5600,160.3100,1292133.13
1762250400000,160.3000,161.2900,159.8500,160.4400,1196401.37
1762254000000,160.4400,162.2700,160.2500,161.6300,1227361.51
1762257600000,161.6300,162.4700,160.7200,161.3500,1181363.99
1762261200000,161.3600,162.5800,160.4000,161.1900,1571401.91
1762264800000,161.2000,164.6800,159.2400,164.3400,3257939.90
1762268400000,164.3400,165.2400,161.2000,161.3900,2520421.20
1762272000000,161.3900,162.3000,158.1000,158.1500,2521893.46
1762275600000,158.1500,158.1900,153.0000,156.1100,5100303.03
1762279200000,156.1100,156.5000,152.1500,156.3500,3485869.25
1762282800000,156.3500,157.3600,154.1300,154.5500,1687668.08
1762286400000,154.5500,155.0000,148.1100,153.3500,5325062.99
1762290000000,153.3500,154.0600,145.6700,151.1200,4593087.95
1762293600000,151.1200,155.5200,150.4100,155.1500,1984767.39
1762297200000,155.1500,155.8700,153.8000,154.9400,1421311.40
1762300800000,154.9500,155.5700,152.4500,153.2900,1314924.64
1762304400000,153.3000,153.5000,147.2000,152.5900,3506405.73
1762308000000,152.5800,156.2200,152.5100,156.0700,2659302.36
1762311600000,156.0600,157.3400,154.9500,156.8400,1482252.56
1762315200000,156.8400,157.8700,155.6000,156.9700,1061306.96
1762318800000,156.9700,158.4800,156.7200,157.4500,994217.78
1762322400000,157.4400,158.0900,156.5100,157.9500,684952.87
1762326000000,157.9500,158.0300,155.8600,156.4100,697572.85
1762329600000,156.4100,156.4300,153.6100,155.6200,1668963.93
1762333200000,155.6100,157.2500,155.4900,156.9400,832430.93
1762336800000,156.9400,157.0000,154.5900,154.7700,720865.72
1762340400000,154.7600,157.5500,154.7500,157.3700,787589.74
1762344000000,157.3700,158.6400,156.6600,158.1900,1107105.54
1762347600000,158.1800,159.8400,157.4800,159.3400,1409828.01
1762351200000,159.3400,159.5600,156.8300,158.6500,1855465.29
1762354800000,158.6600,160.4300,157.7800,160.3600,1641325.49
1762358400000,160.3700,161.9700,158.4100,161.7300,1529629.42
1762362000000,161.7300,162.4000,160.7800,161.9100,1147481.97
1762365600000,161.9100,163.8200,161.5600,162.9800,1050135.09
1762369200000,162.9700,163.3200,162.0700,162.4100,1008332.04
1762372800000,162.4000,163.8800,162.2300,162.4400,884517.00
1762376400000,162.4500,162.4500,161.0200,161.7600,905711.46
1762380000000,161.7600,162.8600,161.2200,162.7200,385104.01
1762383600000,162.7200,162.9900,162.0300,162.2800,453687.96
1762387200000,162.2900,162.2900,160.3800,161.3100,846819.24
1762390800000,161.3000,161.6400,159.6200,160.7500,1003125.71
1762394400000,160.7400,162.2600,160.0200,161.6700,717342.78
1762398000000,161.6700,162.8700,161.5100,162.3700,531230.77
1762401600000,162.3800,162.6900,161.6500,162.0300,420230.40
1762405200000,162.0400,162.0400,158.8000,159.2500,1031824.74
1762408800000,159.2400,159.9000,158.6900,158.6900,572636.09
1762412400000,158.7000,159.9400,158.1300,158.7400,746213.90
1762416000000,158.7400,159.5400,158.4200,159.2800,496449.76
1762419600000,159.2700,159.8500,158.7000,158.7400,446230.64
1762423200000,158.7300,159.7200,157.5900,159.0000,955991.62
1762426800000,159.0000,159.3500,158.1000,158.7900,491960.48
1762430400000,158.7800,159.3600,157.0300,157.4200,999708.65
1762434000000,157.4300,161.2700,157.4300,160.5800,1582103.84
1762437600000,160.5900,161.4800,157.3000,157.7200,1772181.64
1762441200000,157.7300,158.9400,155.3100,155.8300,2562970.73
1762444800000,155.8300,156.9200,153.7500,155.3300,2077652.65
1762448400000,155.3200,157.5500,154.7600,157.1800,1146214.50
1762452000000,157.1800,158.5800,155.3400,157.4000,1060017.14
1762455600000,157.4100,157.7500,156.0200,156.8000,674849.28
1762459200000,156.8000,157.7200,154.5200,155.2200,1027510.13
1762462800000,155.2200,156.8600,154.5800,156.3900,606292.06
1762466400000,156.4000,156.7100,154.2000,155.4900,494399.63
1762470000000,155.5000,155.5000,153.3400,155.2000,729915.71
1762473600000,155.2000,157.0600,154.8000,156.6800,934942.32
1762477200000,156.6900,157.1800,154.1100,156.9600,1095662.52
1762480800000,156.9500,158.0700,156.0700,157.9500,669337.24
1762484400000,157.9600,158.5200,156.7100,156.7900,642885.12
1762488000000,156.7900,157.0200,155.1800,156.1000,633505.31
1762491600000,156.1000,158.1500,156.0600,157.9900,674881.98
1762495200000,158.0000,158.2000,156.7000,156.7200,390757.60
1762498800000,156.7200,157.7700,156.2500,157.6900,472369.41
1762502400000,157.6900,158.1000,156.7500,157.1900,547203.55
1762506000000,157.2000,157.2400,154.0200,154.6200,994740.48
1762509600000,154.6200,155.6700,153.5100,154.1500,918375.26
1762513200000,154.1600,154.1600,151.5800,153.7700,2181611.24
1762516800000,153.7800,154.1100,150.8700,151.5700,1533956.44
1762520400000,151.5800,153.1400,150.9300,152.2400,1259423.03
1762524000000,152.2400,155.0600,149.6900,154.6200,2724327.89
1762527600000,154.6300,156.2100,153.2200,155.3100,2014405.58
1762531200000,155.3100,158.0700,154.2900,157.1900,1663481.33
1762534800000,157.2000,161.4300,156.3400,161.0600,2312290.78
1762538400000,161.0700,162.8700,160.8000,162.0200,1312825.40
1762542000000,162.0300,164.4000,161.4200,164.0800,1099469.93
1762545600000,164.0800,164.3200,162.0100,163.2900,1144219.41
1762549200000,163.2900,163.7700,162.6100,163.4300,551450.96
1762552800000,163.4400,163.8600,162.6800,163.1400,485358.17
1762556400000,163.1500,163.2000,161.5000,161.7200,706377.13
1762560000000,161.7200,162.5600,160.5500,160.8100,935406.73
1762563600000,160.8200,162.4100,160.7400,161.9800,559932.79
1762567200000,161.9800,164.3500,161.8400,163.3200,741579.79
1762570800000,163.3200,164.8200,162.3700,162.4200,766095.84
1762574400000,162.4300,163.6300,162.4000,162.6100,421449.68
1762578000000,162.6100,163.0000,160.9400,161.2900,634496.67
1762581600000,161.2800,161.8800,160.0300,161.0100,867232.04
1762585200000,161.0200,161.0900,159.4800,160.9600,601608.93
1762588800000,160.9500,161.9800,160.2000,161.4600,477187.81
1762592400000,161.4500,162.2900,160.8600,161.0700,462072.92
1762596000000,161.0700,161.1500,160.4400,160.7200,339676.68
1762599600000,160.7300,161.0900,159.0300,159.2900,729856.04
1762603200000,159.3000,159.6200,158.6600,159.3300,507676.44
1762606800000,159.3400,159.3800,158.0100,158.1400,700797.39
1762610400000,158.1300,158.4600,156.7300,157.6200,1097759.31
1762614000000,157.6300,157.7800,155.8200,156.6100,784804.90
1762617600000,156.6100,157.3100,155.7000,156.6900,788509.85
1762621200000,156.6900,157.5800,155.9500,157.5000,579970.19
1762624800000,157.4900,158.0700,156.8300,157.8500,439079.35
1762628400000,157.8400,157.9400,156.1200,157.2400,484075.89
1762632000000,157.2300,158.1700,157.1000,157.5800,341581.15
1762635600000,157.5800,158.1500,157.5000,157.9500,210235.21
1762639200000,157.9500,158.3100,157.5300,157.9100,175545.55
1762642800000,157.9100,158.3500,157.7500,157.9400,227591.05
1762646400000,157.9400,157.9500,156.5000,156.7500,388459.84
1762650000000,156.7400,158.2500,156.6700,158.0900,278127.37
1762653600000,158.0800,158.0900,155.6000,155.9500,645399.37
1762657200000,155.9500,156.4300,155.0100,155.8200,605878.95
1762660800000,155.8100,157.4400,155.7800,157.1300,505181.07
1762664400000,157.1200,158.2400,157.0300,158.0100,349657.35
1762668000000,158.0000,159.0200,157.7500,158.1600,422801.96
1762671600000,158.1600,159.4800,157.7600,159.1700,525658.36
1762675200000,159.1700,159.6100,158.6400,159.3600,409724.41
1762678800000,159.3600,159.8200,158.0800,158.1700,577547.72
1762682400000,158.1700,158.3700,157.1700,158.3600,526004.64
1762686000000,158.3700,159.4000,158.3600,158.9700,491065.20
1762689600000,158.9700,159.8000,158.5100,159.0300,497059.67
1762693200000,159.0300,160.4500,158.9200,159.9600,738829.97
1762696800000,159.9600,163.0600,159.1600,160.0800,2248120.43
1762700400000,160.0800,163.9300,159.7100,162.4500,2051294.35
1762704000000,162.4400,163.1300,161.7400,162.8500,850441.08
1762707600000,162.8400,162.9600,161.1500,161.7300,625614.33
1762711200000,161.7300,164.0500,161.3000,163.9000,542213.57
1762714800000,163.9100,166.2400,163.2800,166.0800,1203513.67
1762718400000,166.0900,166.3000,164.9500,165.2900,666726.44
1762722000000,165.2900,165.7500,164.3300,165.1600,808437.93
1762725600000,165.1700,165.6000,164.0400,165.3600,708493.92
1762729200000,165.3700,166.5500,163.8500,164.4500,928443.48
1762732800000,164.4600,168.3000,163.3500,167.3900,1536519.07
1762736400000,167.3900,168.2000,166.2500,167.0000,1080834.22
1762740000000,167.0000,167.9100,166.2500,167.6400,862422.71
1762743600000,167.6500,168.6800,167.0400,167.9900,800432.74
1762747200000,168.0000,168.8400,166.5500,167.9300,790689.16
1762750800000,167.9400,168.4800,166.7800,167.4300,459885.33
1762754400000,167.4400,167.6400,166.2200,166.8200,549564.39
1762758000000,166.8300,168.0900,166.6700,167.2700,452653.32
1762761600000,167.2700,167.3400,166.0100,166.5400,631430.64
1762765200000,166.5400,169.7200,166.2200,169.4000,980808.00
1762768800000,169.4000,169.5500,167.8600,168.2300,727347.34
1762772400000,168.2400,168.7200,167.9000,168.2000,444062.59
1762776000000,168.2100,168.3800,166.8200,168.0200,700265.33
1762779600000,168.0300,170.4000,167.8700,169.6200,1045931.18
1762783200000,169.6300,169.6400,165.2000,166.0900,1912593.14
1762786800000,166.0900,167.2300,165.0600,166.1700,1295869.41
1762790400000,166.1700,166.9800,165.1200,166.0100,820091.55
1762794000000,166.0100,168.3900,165.8500,167.7000,724262.57
1762797600000,167.7100,168.0200,165.5500,165.5500,681751.09
1762801200000,165.5600,167.6000,165.4800,167.1300,607943.52
1762804800000,167.1200,168.3400,166.7300,167.7400,544962.93
1762808400000,167.7400,167.7800,164.7100,165.4100,770705.08
1762812000000,165.4200,167.7400,165.0300,167.5500,478441.82
1762815600000,167.5600,168.0200,167.0900,167.2400,387593.49
1762819200000,167.2400,167.5500,165.9100,167.4200,492921.67
1762822800000,167.4200,170.9600,166.5100,167.3000,1609631.53
1762826400000,167.3100,170.9200,166.1300,170.1700,1493341.52
1762830000000,170.1800,171.8700,169.3800,169.8400,1051936.22
1762833600000,169.8400,170.0000,166.4000,166.8000,1254709.77
1762837200000,166.8000,166.8000,164.8000,165.0200,1546875.51
1762840800000,165.0300,165.1700,163.1600,164.8200,1757544.76
1762844400000,164.8300,165.1300,163.7300,163.8800,953571.86
1762848000000,163.8800,164.7800,163.5000,163.8800,546163.98
1762851600000,163.8800,164.8700,163.0400,163.9000,844060.67
1762855200000,163.8900,164.2700,162.3800,163.6800,769311.33
1762858800000,163.6800,164.4800,162.8900,163.5600,582362.89
1762862400000,163.5700,164.2700,162.4600,163.2500,721219.54
1762866000000,163.2500,163.8700,162.3000,162.7500,573941.64
1762869600000,162.7600,163.1800,161.0100,162.9100,1710547.63
1762873200000,162.9100,162.9100,160.0000,160.8100,1848643.20
1762876800000,160.8200,161.1700,159.5900,160.5800,1098839.70
1762880400000,160.5800,160.9900,158.0300,159.4200,1285359.32
1762884000000,159.4300,159.7400,158.2500,158.8700,696098.51
1762887600000,158.8800,158.8800,157.3200,157.5000,783026.03
1762891200000,157.5100,157.7900,156.2100,156.7400,996637.87
1762894800000,156.7300,157.3400,155.5500,156.0000,804742.56
1762898400000,155.9900,157.1900,155.4300,156.6000,845498.29
1762902000000,156.5900,156.7800,153.8000,154.5000,1184783.98
1762905600000,154.5100,155.2000,153.4400,153.7200,1023528.94
1762909200000,153.7200,155.4000,153.5900,155.3000,950594.16
1762912800000,155.3000,155.4800,153.6200,154.2000,836474.22
1762916400000,154.1900,154.9600,153.8400,154.4500,546973.41
1762920000000,154.4500,154.9400,154.0800,154.8500,380947.48
1762923600000,154.8500,155.9800,154.7900,155.3700,766193.94
1762927200000,155.3700,156.4500,155.2300,155.8100,638980.57
1762930800000,155.8000,156.4700,154.7100,154.9100,576774.74
1762934400000,154.9100,157.9900,154.9100,157.8600,1158986.05
1762938000000,157.8600,158.7900,157.6300,157.9600,909142.27
1762941600000,157.9500,160.3300,157.8700,160.1400,912140.81
1762945200000,160.1400,161.0000,159.3600,159.9100,970244.12
1762948800000,159.9100,160.6700,159.0100,159.7600,809589.03
1762952400000,159.7500,160.9600,158.6700,160.4700,886358.08
1762956000000,160.4700,160.9800,157.0600,158.5000,2034874.94
1762959600000,158.5000,159.5100,155.1500,155.6600,2630001.60
1762963200000,155.6500,156.1700,152.0700,152.7300,3412311.94
1762966800000,152.7200,154.7400,152.2500,153.2000,1281252.94
1762970400000,153.2000,154.1400,152.6600,152.6700,1318874.30
1762974000000,152.6600,153.7300,151.0600,152.9500,1777338.02
1762977600000,152.9500,154.6000,152.4500,153.6800,953352.06
1762981200000,153.6800,154.2300,153.2700,154.0400,508328.01
1762984800000,154.0400,154.0500,152.6200,153.7800,502968.95
1762988400000,153.7800,153.8200,152.7500,153.3200,431164.06
1762992000000,153.3200,154.3300,152.2800,152.9200,812314.10
1762995600000,152.9200,154.3900,152.1700,152.6700,1053368.18
1762999200000,152.6600,153.3400,152.3000,152.8200,501746.26
1763002800000,152.8200,155.7700,150.2900,154.2700,2165887.92
1763006400000,154.2700,154.8800,153.3100,154.2300,973453.85
1763010000000,154.2300,156.7500,153.7100,156.0800,885528.02
1763013600000,156.0800,157.0700,155.6400,156.6400,817472.19
1763017200000,156.6500,157.1590,154.7400,155.2200,1065313.37
1763020800000,155.2300,156.4400,154.8500,155.8400,655880.57
1763024400000,155.8500,155.9900,153.7900,154.9300,1053396.64
1763028000000,154.9400,156.1000,154.7900,155.3200,633193.35
1763031600000,155.3200,156.4300,155.3000,156.1900,524535.86
1763035200000,156.1900,156.8600,155.6900,156.3000,535096.14
1763038800000,156.3100,156.4400,153.5300,153.7400,1267767.31
1763042400000,153.7500,156.6100,152.1500,155.2500,2689714.63
1763046000000,155.2600,155.8100,152.4300,153.0500,1879858.30
1763049600000,153.0500,153.3200,150.6500,151.0300,2041703.26
1763053200000,151.0300,151.2300,146.6300,147.0400,3025698.63
1763056800000,147.0400,147.7200,144.4700,145.3400,3017841.23
1763060400000,145.3400,146.2300,141.9300,142.6400,3103652.14
1763064000000,142.6500,143.2000,140.9400,142.6300,2767994.95
1763067600000,142.6400,143.6500,141.1500,141.9700,1648741.69
1763071200000,141.9800,144.7200,141.6100,144.4800,1247043.49
1763074800000,144.4900,146.1000,143.8000,144.6200,1467162.85
1763078400000,144.6300,145.1600,142.7800,143.1900,1412702.05
1763082000000,143.1900,144.4600,142.6200,143.5900,814880.25
1763085600000,143.6000,145.6000,143.5600,145.2100,666331.76
1763089200000,145.2200,145.4800,143.5600,144.2000,613473.30
1763092800000,144.2100,144.3000,138.4800,141.8100,3153617.71
1763096400000,141.8100,143.5900,141.3100,143.0900,1598132.87
1763100000000,143.1000,144.0500,139.8800,143.8800,1841223.85
1763103600000,143.8800,144.4200,142.3100,142.7700,1597191.89
1763107200000,142.7700,142.9100,141.3000,142.4100,1056519.65
1763110800000,142.4200,143.1300,140.4000,140.8600,1169324.35
1763114400000,140.8700,142.8800,140.7500,141.8800,797185.15
1763118000000,141.8900,142.1500,139.7400,140.6900,1642738.40
1763121600000,140.6900,140.7000,135.6700,138.6700,3970919.32
1763125200000,138.6700,139.7200,135.8400,138.9200,2639706.01
1763128800000,138.9200,142.7800,137.4900,142.1800,3517691.60
1763132400000,142.1800,143.7200,140.1400,142.1600,2244015.28
1763136000000,142.1700,144.2000,141.5000,143.3800,1871860.97
1763139600000,143.3800,143.9100,140.5000,141.3400,1377089.96
1763143200000,141.3500,142.8600,140.6200,141.2200,1095804.75
1763146800000,141.2200,143.5600,140.8800,143.0700,1044988.56
1763150400000,143.0800,143.1700,139.2000,139.5500,1339826.91
1763154000000,139.5600,141.1700,139.0200,140.5900,814530.71
1763157600000,140.5900,141.7300,139.5500,140.2700,679765.60
1763161200000,140.2700,140.2700,137.1300,138.8300,1004719.40
1763164800000,138.8400,141.2600,138.6600,141.0300,779452.70
1763168400000,141.0300,142.2700,140.1700,141.9600,656579.20
1763172000000,141.9600,143.1200,141.5200,143.0000,583276.51
1763175600000,143.0100,143.3000,142.3300,142.4600,644391.02
1763179200000,142.4600,143.0300,141.7500,142.3200,470493.12
1763182800000,142.3300,143.1200,142.2500,142.7700,327460.00
1763186400000,142.7800,143.5100,142.2700,142.5900,457193.14
1763190000000,142.6000,143.3000,142.2200,142.6700,315874.70
1763193600000,142.6600,142.7600,140.3900,140.7100,698565.68
1763197200000,140.7000,141.6300,140.4400,140.8600,490757.46
1763200800000,140.8600,141.3300,140.5000,141.1500,603894.23
1763204400000,141.1400,141.3000,139.8500,140.1100,505717.46
1763208000000,140.1100,140.9500,139.9000,140.8000,489777.18
1763211600000,140.8000,141.8800,140.5300,141.5800,617227.91
1763215200000,141.5700,141.6500,140.6600,141.3900,419141.48
1763218800000,141.3800,142.1900,141.1500,141.6400,433470.60
1763222400000,141.6300,142.7400,140.7100,142.6700,621200.79
1763226000000,142.6600,144.6400,142.3900,143.3900,1291269.64
1763229600000,143.3800,143.3900,142.1000,142.4300,410697.40
1763233200000,142.4300,142.8400,141.6100,141.7000,471922.25
1763236800000,141.6900,141.9000,140.0200,140.3400,873173.63
1763240400000,140.3400,140.7600,138.5100,138.9100,786004.86
1763244000000,138.9000,139.9300,138.5600,139.7600,531421.17
1763247600000,139.7500,140.1300,139.3900,139.5500,299013.49
1763251200000,139.5400,139.7300,138.5400,139.1600,437266.13
1763254800000,139.1600,139.4500,137.2800,138.7100,1011865.99
1763258400000,138.7000,140.7800,138.3500,140.7700,819320.77
1763262000000,140.7700,141.4200,140.2100,141.3200,507402.25
1763265600000,141.3200,141.5400,140.6300,141.2600,323877.19
1763269200000,141.2500,142.1600,141.1700,141.4000,525784.39
1763272800000,141.3900,142.0900,141.2500,141.6000,312182.22
1763276400000,141.6100,142.4400,141.1300,142.2200,399895.11
1763280000000,142.2300,142.5500,141.5500,142.1400,357773.16
1763283600000,142.1400,143.3300,141.2900,143.1900,722035.09
1763287200000,143.1900,143.2800,142.6300,142.8600,493928.69
1763290800000,142.8600,143.0600,139.4500,139.8700,1614360.48
1763294400000,139.8700,140.5800,139.0200,139.9800,1131869.86
1763298000000,139.9700,140.5400,138.6900,139.3800,858320.42
1763301600000,139.3800,140.7900,139.3500,140.3400,538599.74
1763305200000,140.3400,140.4000,137.0300,137.3600,1183633.57
1763308800000,137.3600,138.1600,135.2300,135.6400,2303046.64
1763312400000,135.6300,136.3600,134.3000,135.7400,1690036.83
1763316000000,135.7300,138.4700,135.1500,135.7700,1973409.15
1763319600000,135.7600,137.9800,135.6500,136.7900,1290280.65
1763323200000,136.7900,138.1200,136.5600,136.5900,506806.41
1763326800000,136.5900,136.7100,135.3500,136.3800,751639.69
1763330400000,136.3800,137.9100,135.0300,137.2400,915313.58
1763334000000,137.2500,138.0900,134.7400,137.1200,2004007.33
1763337600000,137.1200,139.4600,136.0200,139.1200,1591133.40
1763341200000,139.1200,139.4200,138.1000,138.2000,830001.95
1763344800000,138.2100,139.3200,137.9000,138.8400,571140.71
1763348400000,138.8400,140.6000,138.8000,140.2100,750770.43
1763352000000,140.2200,140.7600,139.6100,140.3100,646473.43
1763355600000,140.3100,140.7600,139.7800,140.5500,452425.10
1763359200000,140.5500,141.5200,140.0500,141.3200,638740.88
1763362800000,141.3300,141.8000,141.0400,141.2600,576334.58
1763366400000,141.2600,141.7200,140.9100,141.2800,1031436.97
1763370000000,141.2900,142.5500,140.8600,141.9200,957008.30
1763373600000,141.9200,142.4500,141.7000,142.1900,444780.21
1763377200000,142.1900,142.7400,141.6100,141.8000,599438.18
1763380800000,141.8000,142.6000,141.5000,141.7300,733261.93
1763384400000,141.7300,141.9400,137.0600,137.9600,2533442.60
1763388000000,137.9600,143.3000,136.6900,140.0800,4159909.01
1763391600000,140.0900,140.7500,136.7300,137.0600,2637047.60
1763395200000,137.0600,137.1100,133.1600,135.8000,3893968.40
1763398800000,135.7900,135.8600,131.6100,131.9500,2494367.75
1763402400000,131.9500,133.0500,130.3100,130.4400,2354664.69
1763406000000,130.4400,131.2300,129.3000,129.5800,2909819.08
1763409600000,129.5800,130.8100,128.7000,130.1900,2154288.36
1763413200000,130.1900,130.9400,129.7100,130.5900,1145563.28
1763416800000,130.6000,131.8800,130.2000,131.2200,1055644.99
1763420400000,131.2300,131.7000,130.1700,130.9000,892658.63
1763424000000,130.9000,131.4800,128.9000,131.2400,1494504.24
1763427600000,131.2300,132.3300,130.8700,131.8900,1274954.23
1763431200000,131.8900,134.6500,130.3900,132.3400,2460598.09
1763434800000,132.3400,135.1900,131.3300,134.4500,2692112.97
1763438400000,134.4600,136.0800,132.4300,135.4700,2415703.35
1763442000000,135.4800,136.6400,134.8500,135.8600,1394791.53
1763445600000,135.8500,136.9900,134.9300,135.6200,1423403.86
1763449200000,135.6200,137.7600,134.9200,136.8300,2430421.42
1763452800000,136.8400,138.1800,136.8200,137.6600,1343642.59
1763456400000,137.6600,138.1000,136.3600,137.7700,1116619.79
1763460000000,137.7700,139.0600,137.5100,137.9000,1081154.22
1763463600000,137.9000,138.1200,137.1800,137.7900,621654.06
1763467200000,137.7900,138.5000,136.8800,138.1200,1006598.47
1763470800000,138.1300,138.3400,136.7500,138.2400,1212314.02
1763474400000,138.2400,139.8400,137.4200,137.4200,2111795.09
1763478000000,137.4200,142.0800,137.1200,139.6300,3370718.67
1763481600000,139.6400,141.9100,138.6700,140.9800,2761220.48
1763485200000,140.9900,141.0900,139.2100,139.9600,982015.61
1763488800000,139.9600,141.7500,139.8900,141.3900,801148.63
1763492400000,141.3900,142.0700,140.8300,141.3800,669716.13
1763496000000,141.3800,142.0600,141.0100,141.0300,776501.75
1763499600000,141.0300,141.5000,139.5800,139.6900,787528.05
1763503200000,139.6900,141.7800,139.6400,141.3400,552450.18
1763506800000,141.3400,141.5200,140.3700,140.6100,387801.71
1763510400000,140.6100,141.5400,139.2000,141.0500,928137.44
1763514000000,141.0600,141.7300,139.7100,140.3000,728852.38
1763517600000,140.3000,142.7500,139.9400,142.0900,774284.06
1763521200000,142.0900,142.3600,139.3300,139.7000,1031323.20
1763524800000,139.7000,140.1800,138.3500,138.6000,1055726.58
1763528400000,138.6000,139.0800,137.0400,137.9400,1747874.08
1763532000000,137.9400,139.2800,137.5300,138.9800,926609.75
1763535600000,138.9700,141.0500,138.8900,140.4900,1055748.04
1763539200000,140.4900,140.9600,139.7100,140.1100,714502.26
1763542800000,140.1000,140.1400,138.8900,139.6400,781156.51
1763546400000,139.6300,140.2600,139.1300,139.4700,473017.31
1763550000000,139.4700,139.7600,138.3000,138.4900,556328.64
1763553600000,138.4900,139.1300,138.0700,138.8500,569716.89
1763557200000,138.8500,138.8800,136.5100,136.6600,1005636.69
1763560800000,136.6500,137.7800,135.8500,137.1200,2259390.71
1763564400000,137.1200,138.9900,134.2900,134.5100,3063729.10
1763568000000,134.5100,135.3700,132.7700,133.3000,2701570.27
1763571600000,133.2900,133.7400,131.2500,132.1200,1921893.92
1763575200000,132.1200,132.4300,130.4400,131.3800,1469374.42
1763578800000,131.3800,132.0400,130.7300,131.6400,1001213.82
1763582400000,131.6400,133.4500,131.2600,133.1000,1503004.13
1763586000000,133.1000,135.9200,132.6000,135.3300,2063688.20
1763589600000,135.3300,135.6000,134.0600,135.4600,648929.55
1763593200000,135.4600,136.9800,135.2700,136.9600,963406.02
1763596800000,136.9500,138.0500,136.2600,137.6200,955353.93
1763600400000,137.6100,139.7300,137.3600,139.5800,1382531.04
1763604000000,139.5700,144.1700,139.2600,143.6100,4029044.91
1763607600000,143.6100,144.4000,142.9000,143.1200,1255945.75
1763611200000,143.1200,144.7000,142.3500,144.5900,1247781.80
1763614800000,144.5900,144.7800,143.5600,144.0600,685557.36
1763618400000,144.0500,144.3000,142.1300,142.7800,994144.58
1763622000000,142.7800,143.9800,142.6500,143.7400,739446.16
1763625600000,143.7300,143.9100,142.9100,143.3600,545826.69
1763629200000,143.3500,143.3800,141.3200,141.9800,1141680.78
1763632800000,141.9900,142.3000,141.0400,142.2100,699022.21
1763636400000,142.2100,142.4700,141.4900,142.0500,408349.30
1763640000000,142.0500,142.3500,141.3000,141.9600,626646.50
1763643600000,141.9700,143.4400,140.4700,140.6700,1868509.85
1763647200000,140.6700,141.4900,138.9000,140.8700,2641093.56
1763650800000,140.8700,141.0500,138.2400,138.5100,1892191.03
1763654400000,138.5200,138.7000,131.4700,132.5400,7559689.71
1763658000000,132.5300,133.0300,131.0300,132.6900,3373448.14
1763661600000,132.6900,134.4800,131.8800,132.4700,2589549.67
1763665200000,132.4700,134.3700,131.5000,133.8200,2095906.40
1763668800000,133.8300,134.5900,132.5300,133.6000,2457484.11
1763672400000,133.6000,135.2000,133.4500,134.0200,1383756.90
1763676000000,134.0100,136.5900,133.8500,136.3400,908470.37
1763679600000,136.3500,136.4600,133.1900,133.6000,1442881.95
1763683200000,133.6100,134.9900,133.5500,134.1100,1007690.78
1763686800000,134.1100,134.9800,133.5200,134.1600,733757.79
1763690400000,134.1700,134.5900,131.0000,131.3200,2006218.74
1763694000000,131.3200,133.5900,131.3000,132.5500,1367922.69
1763697600000,132.5500,133.0100,130.3800,132.5900,1428477.29
1763701200000,132.5900,133.0500,131.5100,132.0300,824136.33
1763704800000,132.0400,132.3100,130.4200,130.7900,1199775.84
1763708400000,130.7900,131.3200,121.0200,127.4300,6937732.55
1763712000000,127.4400,129.3300,126.7500,127.9600,2427574.73
1763715600000,127.9600,128.8100,125.3600,125.4200,2840471.01
1763719200000,125.4300,126.5400,124.7200,125.0100,4028054.75
1763722800000,125.0100,126.2700,123.7100,124.2400,2400115.35
1763726400000,124.2400,127.1900,121.5500,126.1500,5630325.49
1763730000000,126.1600,128.2100,125.4400,127.0900,2695696.81
1763733600000,127.0900,129.5000,126.0700,128.5000,3252002.47
1763737200000,128.5000,128.8800,124.7000,125.3400,3466907.16
1763740800000,125.3400,128.7600,123.5000,128.5700,4132708.42
1763744400000,128.5600,130.5400,128.2600,129.1500,2694019.83
1763748000000,129.1600,130.3200,126.4700,129.4600,2524982.43
1763751600000,129.4600,129.8100,127.4600,128.0500,1268738.19
1763755200000,128.0400,128.3300,125.8700,127.0700,1942055.50
1763758800000,127.0800,129.2200,126.5700,128.7800,1187142.24
1763762400000,128.7800,129.2800,125.3200,125.3800,1169823.58
1763766000000,125.3800,128.8000,125.0000,128.6100,1505314.92
1763769600000,128.6000,129.3600,127.8900,128.4000,950799.03
1763773200000,128.3900,129.8700,128.3100,129.4000,720595.32
1763776800000,129.4000,129.5500,127.1800,127.9800,870357.23
1763780400000,127.9800,128.3700,126.7400,127.0700,644704.52
1763784000000,127.0600,127.3500,125.5700,126.9100,1093561.40
1763787600000,126.9000,127.2300,125.2800,126.1400,884577.32
1763791200000,126.1500,128.2300,125.2300,127.9900,1123321.72
1763794800000,127.9900,128.3200,127.2700,127.6500,680883.65
1763798400000,127.6500,127.6700,125.4000,125.8200,1226578.30
1763802000000,125.8300,127.4800,125.5800,126.3800,913535.26
1763805600000,126.3700,127.1300,125.4100,125.8300,691808.44
1763809200000,125.8400,127.4200,125.1700,126.6100,856565.00
1763812800000,126.6100,126.6600,125.1000,125.7400,798770.35
1763816400000,125.7400,126.3400,125.0000,125.5300,681595.93
1763820000000,125.5400,127.4500,125.4400,127.0400,1013129.73
1763823600000,127.0400,127.7900,126.0400,127.0600,886735.23
1763827200000,127.0600,128.5500,126.7800,128.1100,919038.40
1763830800000,128.1200,128.3800,127.1800,127.5000,1287995.89
1763834400000,127.5100,128.0000,127.3100,127.6900,307136.37
1763838000000,127.7000,128.0300,126.7000,127.1200,434844.78
1763841600000,127.1300,127.5900,126.0100,126.3700,576741.53
1763845200000,126.3700,126.7800,126.0400,126.5800,302489.95
1763848800000,126.5800,128.8400,126.1300,128.1500,663034.22
1763852400000,128.1400,128.4100,127.2300,127.5000,502412.86
1763856000000,127.5000,128.5900,127.4800,127.9400,495581.22
1763859600000,127.9500,129.8000,127.7900,129.3400,812113.93
1763863200000,129.3500,130.7400,129.0000,129.9300,1045932.97
1763866800000,129.9300,130.3200,129.2700,129.8600,522413.66
1763870400000,129.8600,131.8400,129.8400,130.6300,1097080.55
1763874000000,130.6300,130.8400,130.1000,130.4500,517575.21
1763877600000,130.4600,130.8300,129.0600,129.2800,727680.12
1763881200000,129.2800,129.3600,128.0100,128.7800,926812.48
1763884800000,128.7800,129.6900,128.7300,129.5800,636788.12
1763888400000,129.5900,131.1200,129.3400,130.0000,973120.43
1763892000000,130.0100,130.1200,129.3200,129.8800,551631.60
1763895600000,129.8800,129.9200,128.9100,129.6600,523568.03
1763899200000,129.6600,131.6400,129.5700,130.7800,1246234.05
1763902800000,130.7700,131.6600,130.2600,131.5000,719735.71
1763906400000,131.4900,132.7000,130.4100,130.6800,1200785.67
1763910000000,130.6800,133.1200,130.3300,132.8200,1262876.98
1763913600000,132.8200,133.3800,131.6600,131.7000,1192309.75
1763917200000,131.7100,131.8400,130.7500,131.3100,1228446.87
1763920800000,131.3100,132.8800,131.3000,132.1200,780042.60
1763924400000,132.1300,133.0200,131.9000,132.3000,753509.60
1763928000000,132.3000,132.7900,132.0000,132.5400,391876.06
1763931600000,132.5400,133.5000,131.4100,133.0600,640592.82
1763935200000,133.0700,133.2500,132.1800,132.5800,533906.37
1763938800000,132.5900,132.8000,130.4000,130.5100,1064615.45
1763942400000,130.5200,132.0500,129.2200,130.7100,1610386.83
1763946000000,130.7000,131.6800,129.8800,131.4300,958722.71
1763949600000,131.4200,134.3300,131.3300,133.3400,1799974.35
1763953200000,133.3300,134.3700,132.7700,133.3700,788760.80
1763956800000,133.3700,133.4800,130.5100,131.3200,1398132.81
1763960400000,131.3200,133.8700,131.1400,132.8600,1286146.74
1763964000000,132.8600,132.9500,130.5800,131.0800,1265609.53
1763967600000,131.0700,131.3300,130.1000,130.2000,1049669.03
1763971200000,130.2000,130.6500,129.5200,130.4700,1434410.17
1763974800000,130.4700,130.5900,128.3400,128.8200,1325140.82
1763978400000,128.8100,129.4000,128.6800,129.1600,603839.41
1763982000000,129.1600,129.8700,128.6800,129.5600,529147.85
1763985600000,129.5500,129.9400,128.9100,129.4500,578452.00
1763989200000,129.4400,130.5500,129.3100,129.6500,772597.95
1763992800000,129.6500,131.5400,128.4300,130.7000,2132820.32
1763996400000,130.7100,132.5500,129.9700,131.8900,1973683.71
1764000000000,131.8800,134.3800,131.7700,133.6400,2174805.42
1764003600000,133.6400,137.1500,133.5200,136.8600,3126844.89
1764007200000,136.8700,137.9400,136.3900,137.3200,1517670.21
1764010800000,137.3100,137.7300,136.5900,137.1900,1037439.97
1764014400000,137.1900,139.2600,137.1900,138.9000,1938649.87
1764018000000,138.8900,139.1000,137.9400,138.8900,814011.11
1764021600000,138.8800,139.7800,138.3500,138.9600,709747.93
1764025200000,138.9500,139.1300,138.1400,138.3800,528636.13
1764028800000,138.3800,138.9500,137.5900,138.3600,797257.62
1764032400000,138.3700,138.9400,137.7100,137.7500,551122.74
1764036000000,137.7600,138.3300,137.1700,138.1100,630966.17
1764039600000,138.1000,138.6000,137.2200,137.7300,450237.76
1764043200000,137.7300,138.9100,137.6400,138.4800,525327.02
1764046800000,138.4900,138.7500,137.8000,138.5300,398509.34
1764050400000,138.5200,138.5800,137.3500,138.1000,478460.16
1764054000000,138.1000,138.1300,136.2300,136.2800,917275.17
1764057600000,136.2700,136.6500,135.0000,135.3900,1110162.38
1764061200000,135.4000,136.2600,134.6600,136.2100,1348086.68
1764064800000,136.2100,136.7500,135.7800,136.5300,677460.30
1764068400000,136.5400,136.6400,135.8600,136.1800,641704.50
1764072000000,136.1900,136.9000,135.5300,136.2000,998503.82
1764075600000,136.2000,136.8800,135.0700,135.3600,1215994.34
1764079200000,135.3700,136.1200,133.0000,134.5900,2296282.28
1764082800000,134.6000,135.4100,133.3700,134.7500,1579519.89
1764086400000,134.7500,136.9900,134.4400,135.9800,1051304.31
1764090000000,135.9800,137.9400,135.6200,136.8200,1140160.80
1764093600000,136.8300,137.6200,136.1900,136.2400,1622573.29
1764097200000,136.2400,136.6400,134.1200,136.6100,1227149.94
1764100800000,136.6100,137.9800,136.1600,137.6700,984887.02
1764104400000,137.6800,138.0700,136.9100,137.1100,623670.58
1764108000000,137.1000,139.5200,135.8900,138.9100,1250115.11
1764111600000,138.9000,140.4500,138.5000,138.9000,1122426.27
1764115200000,138.9000,139.8100,138.7300,138.9700,526136.82
1764118800000,138.9700,140.6200,138.5100,139.9400,801722.62
1764122400000,139.9300,140.1600,138.9700,139.2000,573473.30
1764126000000,139.2000,139.7100,137.8400,138.1100,792866.30
1764129600000,138.1100,138.4800,137.6600,137.9500,625248.96
1764133200000,137.9500,139.2500,137.9100,138.9700,458540.65
1764136800000,138.9600,139.7300,138.3600,139.5200,605194.96
1764140400000,139.5200,139.9000,139.0500,139.8400,554602.02
1764144000000,139.8400,139.8900,137.8500,137.8900,996473.71
1764147600000,137.8900,138.0600,136.0700,136.6400,1956363.34
1764151200000,136.6500,137.4000,136.5100,137.1800,1064663.54
1764154800000,137.1800,137.3000,136.5100,136.7700,344732.90
1764158400000,136.7600,137.0400,135.4700,135.5500,1009854.19
1764162000000,135.5400,136.8400,135.4200,136.6700,844495.82
1764165600000,136.6600,138.2700,135.5200,136.2400,3589810.43
1764169200000,136.2300,137.3800,135.6500,136.5900,3033209.05
1764172800000,136.6000,138.0600,136.3700,136.9800,1445070.46
1764176400000,136.9800,140.9900,136.6400,140.7000,2353675.27
1764180000000,140.6900,144.6700,140.6100,144.5900,3848203.27
1764183600000,144.5900,144.7000,143.6300,143.9400,1002180.74
1764187200000,143.9500,143.9800,142.4600,142.8300,1072688.82
1764190800000,142.8400,144.1600,142.7900,143.4600,701533.02
1764194400000,143.4600,144.0000,142.7200,142.9700,550839.99
1764198000000,142.9600,143.3600,142.4300,142.9500,441148.03
1764201600000,142.9500,143.6800,142.1400,142.7700,773257.29
1764205200000,142.7700,143.6200,142.0000,143.2400,715658.31
1764208800000,143.2300,144.0200,142.7200,142.9100,843209.13
1764212400000,142.9200,143.6400,142.2500,142.4500,658833.14
1764216000000,142.4600,142.9500,142.2200,142.7800,376222.28
1764219600000,142.7700,143.4100,142.4700,142.7000,460010.96
1764223200000,142.7000,144.1000,142.6800,143.8700,652151.78
1764226800000,143.8700,144.2200,143.5100,143.6700,413131.98
1764230400000,143.6700,143.8300,142.0300,142.5000,1014565.67
1764234000000,142.5000,142.9900,141.5300,141.6400,846465.68
1764237600000,141.6400,142.2500,141.4100,142.2000,593301.32
1764241200000,142.2100,142.2400,141.5700,141.9800,377424.53
1764244800000,141.9800,142.0900,140.9300,141.0700,585107.19
1764248400000,141.0700,141.4600,140.6200,141.1800,677548.82
1764252000000,141.1800,141.7700,140.8000,141.1800,510184.47
1764255600000,141.1900,142.4800,141.0100,142.0700,665321.19
1764259200000,142.0700,142.3900,141.5000,142.1000,749498.94
1764262800000,142.1000,142.1600,141.3300,141.5100,489806.81
1764266400000,141.5200,143.1400,141.4200,142.8400,759538.75
1764270000000,142.8400,142.8500,142.1400,142.6200,306722.71
1764273600000,142.6200,142.8100,142.3300,142.3900,276217.04
1764277200000,142.3900,142.4600,141.6900,141.8500,419652.10
1764280800000,141.8400,141.9500,140.4000,140.7200,620549.03
1764284400000,140.7200,141.3800,140.3400,140.7700,451049.24
1764288000000,140.7700,141.3700,140.4200,140.8900,458951.84
1764291600000,140.8900,140.9500,138.7400,138.9500,1101771.67
1764295200000,138.9600,139.5400,138.5000,139.3900,579750.78
1764298800000,139.3800,139.6700,139.0600,139.5800,492894.90
1764302400000,139.5800,140.1600,139.4500,139.9600,429120.14
1764306000000,139.9700,140.4600,139.7500,140.2700,481285.61
1764309600000,140.2800,140.2800,139.1000,139.3500,483075.49
1764313200000,139.3600,139.9800,138.8700,138.8800,555497.04
1764316800000,138.8800,141.5600,138.8400,141.4000,979186.90
1764320400000,141.4000,142.5700,140.9400,141.5900,1212087.15
1764324000000,141.5900,142.2800,141.4600,141.9800,452875.99
1764327600000,141.9800,141.9800,139.7600,140.8900,870072.18
1764331200000,140.9000,141.4900,140.6700,140.7100,448713.99
1764334800000,140.7200,143.3600,140.3400,142.4400,1144183.41
1764338400000,142.4400,143.4900,141.6600,142.5200,1526121.24
1764342000000,142.5200,143.5600,141.2600,141.5900,2137186.28
1764345600000,141.5900,141.6400,138.6900,138.7400,1830660.20
1764349200000,138.7400,138.8000,136.6500,137.1100,2422477.74
1764352800000,137.1100,137.4800,135.8700,137.0900,1475914.19
1764356400000,137.0900,137.9000,136.9500,137.4300,550068.65
1764360000000,137.4300,137.8900,136.8200,137.8000,504629.41
1764363600000,137.8000,137.9400,137.2000,137.3200,289333.03
1764367200000,137.3100,137.8000,136.5400,137.7300,481065.96
1764370800000,137.7200,138.2200,137.1900,137.2800,348121.49
1764374400000,137.2800,137.8100,137.0600,137.5600,257530.04
1764378000000,137.5600,137.7700,137.1700,137.3400,249969.73
1764381600000,137.3500,137.6600,136.8300,137.1400,340661.18
1764385200000,137.1400,137.3600,136.6400,136.7700,280808.73
1764388800000,136.7700,137.6800,136.7700,137.5900,267764.42
1764392400000,137.6000,137.6000,137.0600,137.1300,243726.19
1764396000000,137.1300,137.5500,136.2100,137.0300,736260.10
1764399600000,137.0300,137.4900,136.8600,137.2200,331837.69
1764403200000,137.2300,137.4200,136.5600,136.9300,358764.39
1764406800000,136.9300,137.0800,136.5500,136.6300,300304.91
1764410400000,136.6200,136.9600,136.3400,136.7500,406970.02
1764414000000,136.7600,137.3200,136.5900,137.2700,306435.62
1764417600000,137.2700,137.4000,136.7700,136.8500,271578.34
1764421200000,136.8500,137.0000,136.5800,136.8200,230642.18
1764424800000,136.8300,136.8300,136.3900,136.4500,270527.23
1764428400000,136.4600,137.6100,136.4600,137.4900,568180.91
1764432000000,137.5000,137.7700,136.9100,137.5800,392622.88
1764435600000,137.5900,137.9900,136.0400,136.1300,804752.36
1764439200000,136.1400,136.3000,134.6100,135.6100,1339167.15
1764442800000,135.6200,136.1800,135.3300,135.6300,431731.51
1764446400000,135.6300,136.2700,135.2600,136.1600,336388.92
1764450000000,136.1600,136.4500,135.6800,136.3800,222454.46
1764453600000,136.3800,136.3900,135.3500,135.7500,289364.11
1764457200000,135.7500,136.1600,135.4300,135.8400,218935.96
1764460800000,135.8500,136.3900,135.6800,135.9000,268928.06
1764464400000,135.9100,136.5700,135.8200,136.2500,332797.01
1764468000000,136.2600,136.7700,135.7900,135.8800,460349.80
1764471600000,135.8800,136.4500,135.1800,136.3500,513289.64
1764475200000,136.3600,136.9300,136.1500,136.2800,344215.58
1764478800000,136.2900,136.2900,135.5000,135.6900,333313.31
1764482400000,135.6900,136.4400,135.4400,136.2500,330671.93
1764486000000,136.2400,136.6800,136.1100,136.4400,250412.96
1764489600000,136.4400,137.0300,136.0500,136.7300,507658.48
1764493200000,136.7300,137.0400,136.3700,136.7300,352314.55
1764496800000,136.7400,136.8900,136.4400,136.6000,235518.61
1764500400000,136.6000,136.8400,136.1500,136.3700,245470.79
1764504000000,136.3700,137.6900,136.1200,137.5000,601508.40
1764507600000,137.5100,140.1500,137.2500,139.1900,2072428.06
1764511200000,139.1800,139.4400,138.0900,138.4600,789070.33
1764514800000,138.4600,138.5000,137.4000,138.2900,578778.11
1764518400000,138.2800,139.7900,138.2400,139.4900,723671.40
1764522000000,139.4800,139.4900,138.2700,138.4100,699193.93
1764525600000,138.4100,138.5800,137.7700,138.5500,479671.48
1764529200000,138.5500,138.6300,137.3200,137.5800,383746.15
1764532800000,137.5800,137.8900,136.8200,137.2400,403374.16
1764536400000,137.2300,137.3700,136.5500,136.9900,376235.20
1764540000000,136.9900,137.8400,136.9300,137.6800,343585.93
1764543600000,137.6800,137.7400,133.1600,133.3800,2084183.82
1764547200000,133.3700,133.6600,127.4000,127.4900,4898918.31
1764550800000,127.4800,129.2500,127.3700,127.8700,1557457.57
1764554400000,127.8600,128.5700,127.3800,127.5100,1134441.52
1764558000000,127.5100,127.5100,126.4500,126.8900,1243051.36
1764561600000,126.8900,126.9800,126.1000,126.3000,943726.01
1764565200000,126.3000,126.5000,125.7300,126.0500,899179.19
1764568800000,126.0500,126.7700,125.9100,126.6200,682244.59
1764572400000,126.6200,127.3700,126.2200,127.3300,653554.64
1764576000000,127.3200,127.7200,126.8800,127.6200,644246.68
1764579600000,127.6200,127.9300,126.7800,126.9300,717909.31
1764583200000,126.9400,127.4800,126.8700,127.1700,283164.59
1764586800000,127.1700,127.3000,126.8100,127.0500,380262.06
1764590400000,127.0500,127.1300,125.3500,126.5400,1895364.28
1764594000000,126.5300,127.6600,126.0600,126.4200,1491336.17
1764597600000,126.4300,127.0200,125.4500,126.0500,1624509.83
1764601200000,126.0500,126.2500,123.0500,125.0500,4024642.75
1764604800000,125.0600,125.2800,123.3300,123.4800,1759816.88
1764608400000,123.4900,124.9600,123.4700,124.4000,946286.11
1764612000000,124.3900,125.2700,123.6900,124.4700,976529.66
1764615600000,124.4600,124.5500,123.1900,123.8000,656590.54
1764619200000,123.7900,125.3100,123.7500,124.3400,1085562.44
1764622800000,124.3400,126.1600,124.1300,126.0000,1311867.77
1764626400000,126.0000,127.3200,125.7700,126.7400,937136.73
1764630000000,126.7400,127.3100,126.4400,126.5700,608741.01
1764633600000,126.5700,127.4900,126.3700,127.2700,601991.20
1764637200000,127.2800,128.4800,126.7200,126.9400,921700.08
1764640800000,126.9400,128.0800,126.5200,126.8900,727573.81
1764644400000,126.8900,127.6600,125.9500,127.2100,975455.76
1764648000000,127.2100,127.8000,126.8200,126.8500,479878.88
1764651600000,126.8400,127.0400,126.4200,126.6600,362313.70
1764655200000,126.6500,127.8000,126.3600,127.6200,463273.06
1764658800000,127.6200,127.6400,126.9000,127.1800,406411.26
1764662400000,127.1700,127.2400,125.8900,126.0900,894376.03
1764666000000,126.0800,127.1200,126.0400,126.6800,643249.72
1764669600000,126.6800,128.7800,126.6200,128.2300,797764.65
1764673200000,128.2200,128.4400,127.7400,128.2300,651121.04
1764676800000,128.2300,128.9700,128.0900,128.7900,797550.80
1764680400000,128.7900,130.9600,128.3300,130.5400,2007560.65
1764684000000,130.5400,133.4200,130.3000,132.9200,2851039.26
1764687600000,132.9100,141.5000,132.8700,137.7900,6159230.89
1764691200000,137.7900,139.6900,137.3200,139.3400,3079567.73
1764694800000,139.3400,140.8600,139.2100,139.4400,1967761.74
1764698400000,139.4400,140.2900,139.3300,139.8100,1112714.24
1764702000000,139.8200,140.6200,139.7200,140.2300,799258.37
1764705600000,140.2300,140.3700,138.1600,138.7200,1778775.25
1764709200000,138.7100,139.2700,138.3300,139.1000,551423.06
1764712800000,139.0900,139.9800,138.8500,139.9000,610460.19
1764716400000,139.8900,139.9000,138.3900,138.6500,513222.68
1764720000000,138.6500,138.9300,137.7100,138.1300,848089.26
1764723600000,138.1200,139.1900,137.8300,138.8100,757139.75
1764727200000,138.8100,140.2900,138.7300,140.0000,910947.55
1764730800000,139.9900,140.6200,139.7200,140.2900,618615.53
1764734400000,140.2900,142.4700,140.1300,142.2100,1340491.49
1764738000000,142.2100,143.2000,142.0800,143.0000,1214675.38
1764741600000,142.9900,144.2200,142.2300,142.4000,1512256.17
1764745200000,142.3900,142.5000,141.7500,141.8200,787539.09
1764748800000,141.8300,142.6400,141.3800,142.0900,703205.22
1764752400000,142.0800,142.4000,141.4200,142.0200,648418.92
1764756000000,142.0300,142.2200,141.0900,141.2400,610071.38
1764759600000,141.2500,141.7200,140.6600,141.6600,641573.49
1764763200000,141.6500,142.0400,141.0100,141.8500,569167.48
1764766800000,141.8500,142.4000,141.4300,141.7900,691396.02
1764770400000,141.8000,143.4700,138.6100,140.8900,4078519.24
1764774000000,140.8900,142.0300,140.0800,140.9200,1269162.37
1764777600000,140.9300,141.7700,139.7900,140.6500,1069606.09
1764781200000,140.6600,142.0300,140.4000,141.7600,1064472.91
1764784800000,141.7700,142.3500,140.5900,141.1100,811332.26
1764788400000,141.1200,141.5300,140.9400,141.2300,342983.05
1764792000000,141.2200,142.2100,140.6700,141.6400,759671.87
1764795600000,141.6500,146.0400,141.5500,145.4400,1768693.65
1764799200000,145.4500,145.8800,142.9200,144.5100,2340185.78
1764802800000,144.5100,145.6100,144.4100,144.6200,1094967.15
1764806400000,144.6200,145.3500,143.5900,144.9700,1010090.94
1764810000000,144.9700,146.8700,144.0400,144.0900,1651789.04
1764813600000,144.1000,146.0600,143.9000,145.5300,759973.78
1764817200000,145.5300,145.5600,144.2300,144.5800,491366.02
1764820800000,144.5900,144.8500,143.6400,144.0900,477954.57
1764824400000,144.1000,144.1700,142.8800,143.1900,764190.73
1764828000000,143.1900,144.2500,143.0200,143.9000,628561.18
1764831600000,143.9000,143.9500,142.5600,143.3800,682759.91
1764835200000,143.3900,144.0000,142.6600,142.8400,416929.95
1764838800000,142.8400,144.1500,142.8200,143.8600,471501.92
1764842400000,143.8600,144.1500,143.2300,143.2900,358400.28
1764846000000,143.2900,143.4500,142.6300,142.9900,522125.14
1764849600000,142.9900,143.4500,142.3300,142.8500,561134.91
1764853200000,142.8500,143.1300,141.7400,142.1600,985187.00
1764856800000,142.1600,143.3000,141.3800,141.7800,1230749.14
1764860400000,141.7800,144.2200,141.7300,143.1400,1578946.65
1764864000000,143.1300,143.8000,142.1900,142.5600,959839.86
1764867600000,142.5600,142.7500,141.0400,142.1000,891270.07
1764871200000,142.1000,142.1800,140.2400,140.6800,886581.25
1764874800000,140.6900,140.8000,137.7000,139.6000,2154052.52
1764878400000,139.6000,140.4500,139.1000,140.2700,876230.85
1764882000000,140.2800,140.3600,138.4300,138.6500,787953.78
1764885600000,138.6500,139.7100,138.6500,139.3100,491957.80
1764889200000,139.3100,139.3600,138.6400,138.9600,299973.51
1764892800000,138.9500,139.6700,138.8100,139.1800,452361.73
1764896400000,139.1800,140.2100,139.0900,139.7500,534480.15
1764900000000,139.7500,140.0900,139.1600,139.7300,474627.91
1764903600000,139.7400,140.1100,138.2100,138.4700,751094.44
1764907200000,138.4700,139.0700,137.9900,138.4300,605021.65
1764910800000,138.4400,138.6800,137.7100,137.9800,417138.39
1764914400000,137.9900,138.9300,137.9700,138.8100,416618.45
1764918000000,138.8100,140.7200,138.6900,139.6200,1283159.21
1764921600000,139.6200,139.6200,137.7000,138.1300,1033179.87
1764925200000,138.1400,138.2200,136.2200,136.2800,1403825.99
1764928800000,136.2700,137.9400,136.0500,137.6600,1180356.05
1764932400000,137.6600,138.0500,136.8100,136.9500,597040.93
1764936000000,136.9500,137.0700,136.1300,136.6100,546140.23
1764939600000,136.6200,137.0000,135.7000,135.9000,1094743.77
1764943200000,135.9000,136.2800,134.3200,134.6700,1548234.19
1764946800000,134.6600,137.1700,134.5100,134.9600,2261047.06
1764950400000,134.9500,135.1600,131.1000,132.1300,3339611.11
1764954000000,132.1300,132.7700,131.0300,132.0700,1442252.82
1764957600000,132.0700,132.9600,131.1000,131.2700,1152989.48
1764961200000,131.2800,132.9200,130.5000,132.4000,944943.40
1764964800000,132.4100,132.8300,131.8800,132.4900,535254.39
1764968400000,132.4900,133.1100,131.9200,132.3300,590418.41
1764972000000,132.3400,132.7700,132.0500,132.6500,279001.83
1764975600000,132.6500,133.2900,132.2000,133.2200,377268.03
1764979200000,133.2200,133.6400,132.7100,133.3800,359656.74
1764982800000,133.3900,133.7600,133.1400,133.4200,322622.14
1764986400000,133.4200,133.4400,132.7800,133.3700,307087.79
1764990000000,133.3700,134.0700,133.2500,133.6500,365482.47
1764993600000,133.6500,133.6700,132.9100,133.1400,590178.15
1764997200000,133.1400,133.3500,132.8200,133.0100,172911.72
1765000800000,133.0000,133.1700,132.7100,132.8800,206133.56
1765004400000,132.8900,133.1400,132.4600,132.6500,277012.73
1765008000000,132.6600,132.8000,131.7900,131.9000,521981.55
1765011600000,131.9100,132.7600,131.9100,132.4400,411415.49
1765015200000,132.4300,132.9300,132.3300,132.6300,252765.49
1765018800000,132.6200,133.2200,132.6000,133.1400,293995.69
1765022400000,133.1300,133.1400,132.5400,132.5800,224918.55
1765026000000,132.5700,133.1900,132.5100,132.8800,221506.76
1765029600000,132.8700,133.9300,132.7500,133.6600,874417.94
1765033200000,133.6500,133.7200,132.1300,132.8000,845014.91
1765036800000,132.8100,133.4900,132.7000,133.0000,497949.61
1765040400000,133.0000,133.3100,132.6200,132.9100,292546.99
1765044000000,132.9100,133.1600,132.5400,132.7500,235042.38
1765047600000,132.7500,132.9200,131.6700,132.0100,625475.90
1765051200000,132.0100,132.5400,131.9900,132.4100,245368.39
1765054800000,132.4200,132.8700,132.1600,132.3400,291218.18
1765058400000,132.3300,132.5600,131.7200,132.1100,295447.45
1765062000000,132.1000,132.2900,131.2200,132.1400,604805.09
1765065600000,132.1300,132.6400,131.8500,132.3000,356324.53
1765069200000,132.2900,132.7300,132.2100,132.2500,193618.14
1765072800000,132.2400,133.3900,132.2100,133.1900,294394.95
1765076400000,133.1900,133.5300,132.9400,133.4300,233947.27
1765080000000,133.4200,133.4600,132.7700,132.9500,233335.83
1765083600000,132.9600,133.1700,132.6100,132.7500,202320.25
1765087200000,132.7500,133.1800,132.6700,133.0200,157547.37
1765090800000,133.0200,133.0800,131.8300,132.0200,422411.53
1765094400000,132.0200,132.5300,131.6100,131.8100,328447.78
1765098000000,131.8100,132.0400,131.4600,131.8300,314532.53
1765101600000,131.8300,132.4900,131.6200,132.2000,312881.20
1765105200000,132.1900,132.4600,132.0700,132.3600,189700.96
1765108800000,132.3600,133.0000,132.2800,132.8100,319935.95
1765112400000,132.8200,132.9400,131.4100,131.6500,610806.23
1765116000000,131.6400,131.7600,127.5500,128.0700,3544992.02
1765119600000,128.0600,132.1100,127.9400,131.9300,2054315.60
1765123200000,131.9300,131.9600,130.3900,131.8900,1152045.50
1765126800000,131.8900,135.4600,131.1900,134.7100,2593870.43
1765130400000,134.7100,136.2200,134.7000,135.9600,1268990.50
1765134000000,135.9500,136.1000,135.1100,135.6600,684422.63
1765137600000,135.6600,136.3300,135.5600,136.1200,465726.17
1765141200000,136.1100,136.1100,132.4100,133.0400,1395918.67
1765144800000,133.0400,133.0400,129.6900,131.1500,2139795.24
1765148400000,131.1500,132.3200,130.5200,132.1600,686948.85
1765152000000,132.1700,132.7000,131.4100,131.5200,662928.12
1765155600000,131.5300,134.4000,131.4400,133.3100,1230824.80
1765159200000,133.3000,134.1300,133.0600,133.9600,522714.05
1765162800000,133.9600,134.6600,133.6700,134.2400,544848.47
1765166400000,134.2300,135.1400,133.9800,135.0000,555107.38
1765170000000,134.9900,135.3800,134.5100,135.1300,425018.09
1765173600000,135.1200,135.9700,134.6500,135.6800,585446.03
1765177200000,135.6800,135.9400,134.8400,135.7900,839248.08
1765180800000,135.7800,136.9100,135.5900,136.6600,704100.66
1765184400000,136.6500,138.8600,136.6100,138.0800,1450983.80
1765188000000,138.0900,139.3000,138.0000,138.6800,810281.14
1765191600000,138.6800,139.0900,138.0600,138.3300,852258.80
1765195200000,138.3300,138.5600,137.2000,137.7800,1607407.25
1765198800000,137.7900,139.2800,137.4900,138.0700,1333272.68
1765202400000,138.0600,138.9300,136.8100,137.1100,1775382.38
1765206000000,137.1200,137.5200,135.1500,135.4500,2175950.53
1765209600000,135.4500,136.4700,134.7500,135.5500,1266784.48
1765213200000,135.5500,136.2300,134.6700,135.7800,1001120.58
1765216800000,135.7800,136.2000,132.8500,133.5400,1465982.64
1765220400000,133.5400,134.6100,133.3900,133.5700,801689.93
1765224000000,133.5800,135.0000,133.3200,134.0100,991267.59
1765227600000,134.0100,134.5000,133.1200,134.3900,893141.93
1765231200000,134.3900,134.4800,133.2800,133.5000,352630.74
1765234800000,133.5000,133.7200,132.3600,133.1900,817202.72
1765238400000,133.1800,133.5300,132.5000,132.9700,542107.92
1765242000000,132.9700,133.2800,132.5500,133.0500,646870.44
1765245600000,133.0600,133.5800,132.6600,132.7000,537970.65
1765249200000,132.7100,134.3600,132.4000,134.1100,1036455.26
1765252800000,134.1100,134.2200,132.2500,132.5700,923309.47
1765256400000,132.5700,132.9500,131.6400,132.0500,698259.72
1765260000000,132.0500,132.7400,131.9000,132.5600,437449.21
1765263600000,132.5700,133.2400,132.3000,133.1400,442889.53
1765267200000,133.1500,133.3700,132.5700,133.0700,461675.38
1765270800000,133.0600,133.0700,132.2300,132.2600,408845.06
1765274400000,132.2600,132.8200,131.9100,132.6800,489354.63
1765278000000,132.6800,132.9800,132.3700,132.8700,314559.71
1765281600000,132.8800,133.5100,132.6400,133.0500,534783.36
1765285200000,133.0500,133.2300,131.9400,132.3400,856765.74
1765288800000,132.3400,132.7800,131.5200,132.4500,1017540.40
1765292400000,132.4500,138.4600,132.3100,138.4200,4028114.36
1765296000000,138.4200,144.6000,138.4100,143.6400,5880616.38
1765299600000,143.6400,144.9000,142.4800,143.1000,3020388.77
1765303200000,143.1000,143.2700,141.6100,142.4600,1291546.75
1765306800000,142.4500,142.8400,141.6700,142.0800,657229.27
1765310400000,142.0800,142.3000,139.6000,140.1200,1407052.17
1765314000000,140.1200,140.4400,136.6500,137.7000,1387149.20
1765317600000,137.7100,139.4000,137.3800,138.7100,1017594.45
1765321200000,138.7100,138.7500,137.6200,137.8200,625658.29
1765324800000,137.8200,138.2700,137.1200,137.2100,622421.65
1765328400000,137.2200,138.3900,137.1200,137.7800,833175.69
1765332000000,137.7800,138.0400,137.1000,137.6800,549156.25
1765335600000,137.6800,138.5600,137.4600,138.0700,438836.06
1765339200000,138.0700,140.1800,137.9400,138.9900,1050430.21
1765342800000,138.9800,139.5300,138.5700,139.0900,492355.02
1765346400000,139.0900,139.3800,138.6300,139.1400,393266.07
1765350000000,139.1500,139.1600,138.2800,139.1300,395294.48
1765353600000,139.1400,139.3900,138.3100,138.4200,442523.49
1765357200000,138.4200,139.0600,138.0400,138.8900,663608.91
1765360800000,138.8800,139.8000,136.7300,136.8800,1779496.27
1765364400000,136.8800,137.4400,136.2500,137.1400,1061870.01
1765368000000,137.1400,138.0900,136.7400,137.8200,594493.58
1765371600000,137.8200,138.1000,137.4100,137.6200,503405.66
1765375200000,137.6200,137.6900,136.4400,137.1100,974137.39
1765378800000,137.1000,137.5900,135.6000,136.0900,1304621.89
1765382400000,136.0800,137.4300,135.6500,136.0500,1534976.60
1765386000000,136.0500,137.1000,135.8300,136.7500,785886.13
1765389600000,136.7500,139.4400,136.3200,137.6300,1880037.15
1765393200000,137.6200,139.5800,136.0800,138.6000,3922483.18
1765396800000,138.6100,142.5700,137.2800,138.2800,4426136.90
1765400400000,138.2700,138.8000,136.7200,137.0800,1591252.67
1765404000000,137.0800,137.7800,135.2600,137.5500,1229147.30
1765407600000,137.5400,137.7700,136.0500,136.1800,626220.56
1765411200000,136.1800,136.3500,133.3600,133.7800,1557499.85
1765414800000,133.7800,134.1200,132.5800,132.8100,1194789.23
1765418400000,132.8100,132.8500,130.4600,130.7400,1974370.32
1765422000000,130.7400,130.7500,128.9100,129.2800,1905155.76
1765425600000,129.2900,131.4400,128.9200,130.9600,1409641.85
1765429200000,130.9500,131.1900,130.3700,131.1000,669242.15
1765432800000,131.0900,131.3400,130.2500,130.9500,596844.28
1765436400000,130.9500,131.2800,130.5500,130.9300,389558.32
1765440000000,130.9300,131.0400,130.0600,131.0100,550137.81
1765443600000,131.0000,131.3200,130.7300,130.8500,569810.05
1765447200000,130.8500,131.0200,130.4100,130.7300,411653.91
1765450800000,130.7300,131.1400,130.6700,130.8300,274697.89
1765454400000,130.8400,131.8300,130.6500,131.1500,685919.81
1765458000000,131.1500,131.4500,130.8000,131.2500,492113.12
1765461600000,131.2500,131.4800,129.6800,130.5700,2039710.56
1765465200000,130.5600,132.7500,130.2300,131.0800,1907580.76
1765468800000,131.0800,131.9300,130.0200,131.2600,1071130.98
1765472400000,131.2600,132.4900,130.7000,132.2800,908554.82
1765476000000,132.2800,135.5100,131.9100,134.3700,1939476.55
1765479600000,134.3700,135.4100,133.5300,133.8200,1274652.01
1765483200000,133.8100,136.9600,133.7400,136.0400,1338044.23
1765486800000,136.0400,137.7600,136.0100,136.9600,2174021.16
1765490400000,136.9700,137.4400,135.7700,136.1100,1201384.72
1765494000000,136.1100,136.7300,135.6200,136.3600,652713.34
1765497600000,136.3600,137.4500,135.3100,135.4700,1022617.37
1765501200000,135.4800,137.2000,135.4800,136.6800,784572.46
1765504800000,136.6900,137.9300,136.4700,137.1500,679126.13
1765508400000,137.1500,137.4400,136.5100,137.0200,442792.98
1765512000000,137.0200,137.1600,136.7100,136.9900,329601.85
1765515600000,137.0000,138.9200,136.5000,138.8800,885480.81
1765519200000,138.8800,140.0900,138.6000,139.1100,1405041.97
1765522800000,139.1100,139.3800,138.7500,139.0600,479200.64
1765526400000,139.0500,139.1200,137.5300,137.9000,944499.88
1765530000000,137.9000,138.4400,137.1700,138.2000,634106.78
1765533600000,138.1900,138.5600,137.9100,138.3400,391345.14
1765537200000,138.3400,138.7400,137.8100,138.6600,459727.02
1765540800000,138.6600,139.8200,138.3000,139.6000,780939.84
1765544400000,139.6100,139.6100,138.6800,138.9500,627385.55
1765548000000,138.9500,139.5400,138.0300,138.4200,1060181.68
1765551600000,138.4200,138.4800,132.7000,133.4200,4545028.19
1765555200000,133.4300,133.9000,131.4300,132.1200,3574132.15
1765558800000,132.1200,133.5100,131.2700,132.0700,1973445.97
1765562400000,132.0700,133.1900,131.3700,132.6700,1532175.99
1765566000000,132.6700,132.7600,130.2400,131.1700,1408521.00
1765569600000,131.1700,131.9100,130.9000,131.4900,682414.64
1765573200000,131.4900,132.0000,131.1700,131.7600,402416.81
1765576800000,131.7700,132.8000,131.7200,132.7000,535325.90
1765580400000,132.6900,132.9800,132.1100,132.1900,473065.41
1765584000000,132.1900,132.6800,132.1900,132.5800,291088.01
1765587600000,132.5700,133.0100,132.3200,132.6000,381463.39
1765591200000,132.6000,132.9500,132.5000,132.5600,234179.76
1765594800000,132.5600,132.9300,132.4700,132.8100,150389.86
1765598400000,132.8000,132.8600,132.4900,132.8000,183592.18
1765602000000,132.7900,132.9100,132.1900,132.6000,298432.04
1765605600000,132.5900,132.8900,132.3200,132.8100,206620.59
1765609200000,132.8000,132.9400,132.7000,132.8500,169283.83
1765612800000,132.8500,134.1200,132.8500,133.9100,691342.39
1765616400000,133.9000,134.2000,133.4200,133.4900,440672.11
1765620000000,133.4800,134.1900,133.3900,133.8800,351674.23
1765623600000,133.8800,133.9900,133.1200,133.2300,387549.63
1765627200000,133.2300,133.6200,132.5400,132.8900,511662.13
1765630800000,132.8900,133.3000,132.5500,133.0700,391859.44
1765634400000,133.0800,133.3700,132.5500,133.1200,361101.94
1765638000000,133.1200,133.6000,133.0100,133.2100,383038.41
1765641600000,133.2100,133.7700,132.7900,133.0800,329372.87
1765645200000,133.0900,133.1400,132.0600,132.1400,555991.80
1765648800000,132.1400,132.7500,132.0600,132.2600,289406.33
1765652400000,132.2600,132.9000,132.2400,132.6800,163909.26
1765656000000,132.6900,132.9200,132.1600,132.2100,167437.34
1765659600000,132.2100,132.6600,131.5100,132.6100,470677.11
1765663200000,132.6100,133.0000,132.1200,132.7500,374005.71
1765666800000,132.7500,133.1800,132.4900,133.0400,229745.25
1765670400000,133.0400,133.5800,132.6200,133.1600,331631.25
1765674000000,133.1600,133.4800,132.9200,133.2100,189872.07
1765677600000,133.2200,133.4600,133.0100,133.2700,142919.74
1765681200000,133.2700,133.3900,132.7300,132.8600,173575.24
1765684800000,132.8600,133.1200,132.3400,132.4200,246629.78
1765688400000,132.4200,132.6300,132.0200,132.6000,291290.41
1765692000000,132.6100,132.9600,132.4000,132.8400,201812.54
1765695600000,132.8500,133.3200,132.7500,133.1800,195871.24
1765699200000,133.1800,133.4300,132.5700,132.5900,369261.69
1765702800000,132.5900,132.7200,132.2600,132.2800,383871.31
1765706400000,132.2800,132.5500,130.7900,131.7000,1783275.04
1765710000000,131.7000,131.9000,130.0200,131.3700,1276076.16
1765713600000,131.3800,131.8300,130.8000,131.2800,733255.58
1765717200000,131.2800,131.5800,130.8400,131.5400,516012.38
1765720800000,131.5400,131.7200,130.3300,130.8200,649445.89
1765724400000,130.8200,131.0000,130.2400,130.6000,508820.08
1765728000000,130.5900,131.5300,130.4200,130.9500,613955.89
1765731600000,130.9400,131.1500,129.2000,129.9500,1238421.85
1765735200000,129.9600,130.6400,129.7900,130.5400,396846.48
1765738800000,130.5400,130.5500,129.8700,130.2100,298699.94
1765742400000,130.2200,130.6500,129.7600,129.9500,554677.11
1765746000000,129.9600,130.2500,129.4700,129.8100,348287.11
1765749600000,129.8100,130.2300,129.4800,130.1200,390722.65
1765753200000,130.1100,130.7600,127.7300,129.3100,1489354.13
1765756800000,129.3100,130.3000,129.2000,130.0400,878374.59
1765760400000,130.0500,131.5100,129.7200,131.0800,944615.58
1765764000000,131.0800,133.2000,131.0700,131.4300,1543949.82
1765767600000,131.4300,131.6800,130.8100,131.0900,567432.61
1765771200000,131.1000,131.9600,130.8000,131.7600,448436.68
1765774800000,131.7700,132.0900,131.6100,131.9200,302449.99
1765778400000,131.9200,132.6500,131.6200,132.3500,380614.87
1765782000000,132.3600,132.5900,131.7300,132.2800,391689.56
1765785600000,132.2900,132.6600,132.0500,132.3200,306394.05
1765789200000,132.3300,132.9600,132.0700,132.6900,372765.39
1765792800000,132.6800,132.9900,132.2600,132.5700,460625.11
1765796400000,132.5800,132.7600,132.0000,132.2100,406305.89
1765800000000,132.2200,133.0900,131.7100,132.7100,698776.27
1765803600000,132.7100,133.2300,131.6400,132.6200,1519962.92
1765807200000,132.6200,135.4000,129.5000,130.4200,3877743.48
1765810800000,130.4200,130.5400,126.3400,126.7800,5739118.40
1765814400000,126.7800,127.2200,125.4900,126.4100,2306460.33
1765818000000,126.4000,126.7000,124.3700,124.8500,2007835.32
1765821600000,124.8400,125.2000,123.5300,124.7900,1981045.93
1765825200000,124.7900,125.7900,124.5900,124.9300,1398088.75
1765828800000,124.9300,125.5400,123.8000,124.9200,1394013.02
1765832400000,124.9200,126.3700,124.8900,125.7600,863621.19
1765836000000,125.7700,126.3400,125.5100,126.2800,420647.86
1765839600000,126.2700,127.7900,126.2000,127.7300,733298.20
1765843200000,127.7200,127.9600,126.0700,126.1400,834511.89
1765846800000,126.1400,126.7900,125.4600,126.3100,863868.87
1765850400000,126.3100,127.2400,125.8600,126.6800,535573.77
1765854000000,126.6700,126.8600,124.8500,126.4300,829920.53
1765857600000,126.4200,126.7300,124.7600,126.0600,774448.06
1765861200000,126.0600,126.6200,125.8600,126.3300,465325.83
1765864800000,126.3200,127.4000,126.2300,127.2600,483590.13
1765868400000,127.2700,127.3400,125.4500,125.4900,741072.11
1765872000000,125.4900,126.5400,125.3500,125.9000,672783.07
1765875600000,125.8900,126.4200,125.8100,126.2100,394792.51
1765879200000,126.2100,128.8000,126.0500,128.4000,1378569.19
1765882800000,128.4100,129.0000,127.8700,128.5700,1188591.45
1765886400000,128.5700,128.9600,128.1600,128.5700,608686.13
1765890000000,128.5700,129.8700,126.6500,126.7000,2132961.62
1765893600000,126.6900,129.7800,126.0500,128.5000,3016061.16
1765897200000,128.5100,130.1000,127.1600,129.6900,1842154.34
1765900800000,129.6900,129.8000,127.7000,128.2800,1203940.99
1765904400000,128.2800,128.5400,127.0700,127.2300,737047.38
1765908000000,127.2200,128.5800,126.9000,127.9800,1015754.98
1765911600000,127.9700,128.0400,126.6800,127.6700,801568.94
1765915200000,127.6800,128.8800,127.4100,128.3400,836374.57
1765918800000,128.3500,128.6700,127.9000,128.4100,410801.68
1765922400000,128.4100,128.9400,128.1800,128.5300,311279.72
1765926000000,128.5400,129.4600,128.0700,129.0900,482587.73
1765929600000,129.0900,129.1000,128.1900,128.8500,449943.96
1765933200000,128.8500,129.7700,128.7000,129.1100,672815.41
1765936800000,129.1100,129.4600,128.3700,129.2400,521230.72
1765940400000,129.2400,129.5900,128.1200,128.1900,468156.35
1765944000000,128.2000,128.4100,127.3500,127.7900,744048.53
1765947600000,127.7900,128.0400,126.9200,127.5400,788284.18
1765951200000,127.5400,127.9600,127.4900,127.7000,344723.24
1765954800000,127.7000,128.5200,127.5700,128.2000,448689.89
1765958400000,128.2000,128.2000,126.7200,126.8700,624261.31
1765962000000,126.8700,126.9800,125.9000,126.6900,908436.50
1765965600000,126.6800,126.8900,126.2200,126.5400,595263.48
1765969200000,126.5300,127.8600,126.4400,127.5400,686235.53
1765972800000,127.5300,128.1000,127.3000,127.8800,706132.62
1765976400000,127.8700,129.4200,127.4700,129.1500,1117141.99
1765980000000,129.1500,132.6200,126.9100,132.5800,4416877.15
1765983600000,132.5800,133.9600,126.5100,126.6900,6773297.44
1765987200000,126.6900,127.9100,123.7100,124.8200,4998186.86
1765990800000,124.8200,125.1300,122.4900,122.9700,3416723.17
1765994400000,122.9700,123.8900,121.5600,122.0100,1915618.77
1765998000000,122.0100,122.4200,121.2400,122.3100,1564095.38
1766001600000,122.3200,123.6800,121.9200,122.9100,1362180.55
1766005200000,122.9200,123.0400,121.8700,122.3400,558310.29
1766008800000,122.3400,123.4600,121.9700,123.4000,608297.40
1766012400000,123.4000,123.4400,122.7000,123.1700,478068.92
1766016000000,123.1700,123.7000,122.9400,123.6000,465429.81
1766019600000,123.6000,123.7200,122.8800,123.3300,480381.00
1766023200000,123.3300,124.1000,123.0100,123.6400,624164.03
1766026800000,123.6500,123.9000,122.9400,123.5800,493340.99
1766030400000,123.5800,124.1000,123.5000,123.5900,464855.39
1766034000000,123.6000,123.6000,122.2700,122.3500,719003.65
1766037600000,122.3400,122.8200,122.1300,122.7200,346411.03
1766041200000,122.7300,123.3400,122.3500,122.7600,569577.81
1766044800000,122.7600,123.3600,122.3800,122.9500,727919.27
1766048400000,122.9500,123.8300,122.5700,123.6000,582687.99
1766052000000,123.5900,124.0700,123.2800,123.8500,616178.52
1766055600000,123.8600,123.9900,123.1400,123.9900,691848.36
1766059200000,124.0000,124.4600,123.5600,123.8700,795178.18
1766062800000,123.8800,126.8200,123.8800,126.3400,3190603.53
1766066400000,126.3300,127.9100,124.5900,125.8400,4614404.71
1766070000000,125.8400,129.0000,125.5500,127.3600,3758373.06
1766073600000,127.3600,127.4600,126.0400,126.8000,1537043.99
1766077200000,126.8000,126.8600,120.4700,122.9000,6012233.08
1766080800000,122.9000,123.8900,121.1000,121.4600,1860697.93
1766084400000,121.4600,121.5500,117.2800,117.4700,4329191.60
1766088000000,117.4800,118.9400,116.7100,117.1200,1952814.74
1766091600000,117.1100,120.1500,116.9700,120.0400,2563549.91
1766095200000,120.0500,120.0800,119.1300,119.7300,643229.23
1766098800000,119.7400,119.9400,119.2100,119.5400,548258.64
1766102400000,119.5500,119.8100,117.8300,118.3600,1254520.47
1766106000000,118.3500,118.5000,117.5500,118.3100,836154.67
1766109600000,118.3000,119.1500,117.8400,118.8900,848768.20
1766113200000,118.8900,122.4700,118.8400,121.5200,2945170.33
1766116800000,121.5200,123.0000,121.2900,122.7700,1278157.85
1766120400000,122.7800,123.3400,121.9000,122.5600,1154489.85
1766124000000,122.5700,123.6100,122.0300,123.3800,998134.28
1766127600000,123.3800,125.3000,123.3700,124.3700,1874004.54
1766131200000,124.3700,125.5800,123.8100,124.9000,1302570.23
1766134800000,124.9000,125.0300,124.3200,124.6800,782080.90
1766138400000,124.6800,124.9800,124.4800,124.7100,568159.35
1766142000000,124.7100,125.7300,124.6400,125.3100,791296.75
1766145600000,125.3200,126.1600,124.8600,125.7400,1184459.44
1766149200000,125.7500,126.4900,125.5600,125.8700,1040368.04
1766152800000,125.8700,126.8800,124.6000,125.9700,2615832.30
1766156400000,125.9700,127.6000,124.7200,125.0200,2554419.13
1766160000000,125.0200,126.9500,124.7600,125.2600,1310762.78
1766163600000,125.2600,126.1000,123.5900,123.6100,1635140.56
1766167200000,123.6200,125.3300,123.5500,124.7700,913863.77
1766170800000,124.7700,126.6200,124.7500,126.2200,919272.15
1766174400000,126.2200,127.8600,126.0500,127.1500,1009050.07
1766178000000,127.1500,127.3400,126.4100,126.7400,482936.81
1766181600000,126.7400,127.2900,126.7100,126.8000,345838.74
1766185200000,126.8000,126.8000,126.0800,126.2200,397425.30
1766188800000,126.2300,126.3000,125.5500,125.7400,407085.55
1766192400000,125.7500,125.9600,125.4500,125.5200,281083.23
1766196000000,125.5200,126.1300,125.2000,125.7700,347523.99
1766199600000,125.7700,126.4400,125.4500,126.1500,348582.65
1766203200000,126.1600,126.3700,125.8100,126.2100,287563.89
1766206800000,126.2000,126.6200,126.0100,126.3200,304648.10
1766210400000,126.3200,126.6000,126.1700,126.2100,170324.25
1766214000000,126.2200,126.3200,125.8400,126.1200,284542.27
1766217600000,126.1300,126.8700,126.0600,126.4100,377834.19
1766221200000,126.4200,126.7100,126.1800,126.2100,226559.65
1766224800000,126.2200,126.3600,125.9400,125.9900,277463.95
1766228400000,126.0000,126.4900,125.8200,126.4200,318211.87
1766232000000,126.4300,126.4300,126.0300,126.2300,169476.50
1766235600000,126.2400,126.3600,125.3600,126.0600,755715.66
1766239200000,126.0700,126.3400,125.5100,126.2900,305140.78
1766242800000,126.3000,126.6000,125.9000,126.5000,319752.43
1766246400000,126.5100,126.6500,126.0500,126.2500,268602.60
1766250000000,126.2500,126.4100,125.9200,125.9700,184308.29
1766253600000,125.9700,126.1000,125.6900,125.9700,273157.44
1766257200000,125.9700,126.1500,125.7200,125.9900,137084.31
1766260800000,126.0000,126.3900,125.8700,126.3600,161333.02
1766264400000,126.3700,126.4900,126.1700,126.2600,178079.45
1766268000000,126.2700,126.3100,125.7000,125.9700,179352.01
1766271600000,125.9700,126.0200,125.5500,125.7400,233033.69
1766275200000,125.7500,126.0500,125.6400,125.9500,217553.85
1766278800000,125.9600,125.9700,125.0200,125.0600,477230.11
1766282400000,125.0600,125.3000,124.6200,124.8500,530482.15
1766286000000,124.8400,125.4900,124.7800,125.1600,400972.68
1766289600000,125.1700,125.3800,125.0800,125.1300,139031.10
1766293200000,125.1200,125.4600,125.0200,125.2300,159346.99
1766296800000,125.2300,125.4400,125.1000,125.3400,122157.92
1766300400000,125.3500,125.5000,125.1500,125.2500,155228.48
1766304000000,125.2400,125.8600,124.7100,125.5000,598180.40
1766307600000,125.5100,126.5300,125.3900,126.2100,699578.85
1766311200000,126.2100,126.5600,125.5200,125.7500,582698.27
1766314800000,125.7600,125.8300,125.2500,125.4200,350391.68
1766318400000,125.4300,126.0000,125.0300,125.4900,652914.50
1766322000000,125.4900,125.5200,123.3000,123.5600,1896553.14
1766325600000,123.5700,124.6500,123.4200,124.3500,868893.35
1766329200000,124.3500,125.2000,123.8900,124.9800,999921.41
1766332800000,124.9800,125.5700,124.7200,125.4000,666272.40
1766336400000,125.3900,126.3000,125.3000,125.4300,923520.03
1766340000000,125.4200,125.4200,124.3000,125.0800,831392.19
1766343600000,125.0800,125.8300,125.0100,125.6100,374914.59
1766347200000,125.6100,125.7400,125.2400,125.3000,263053.89
1766350800000,125.3000,125.3300,124.6300,124.8300,323031.31
1766354400000,124.8200,125.8600,124.7000,125.7700,313492.59
1766358000000,125.7800,126.2700,125.4400,125.9600,516661.93
1766361600000,125.9700,128.5100,125.9200,126.1900,2315747.56
1766365200000,126.2000,127.3000,125.7100,125.9700,858201.46
1766368800000,125.9800,126.0200,124.4000,125.1800,1485395.25
1766372400000,125.1700,126.4700,124.8600,125.9700,717833.44
1766376000000,125.9800,126.6800,125.7800,126.4700,535593.48
1766379600000,126.4700,126.6400,126.0100,126.2500,355436.39
1766383200000,126.2600,126.5000,125.6900,125.6900,384897.94
1766386800000,125.6900,126.4700,125.4700,126.2300,469626.48
1766390400000,126.2300,127.3200,125.5000,125.5800,1149514.16
1766394000000,125.5700,126.3000,125.3800,126.1500,813091.35
1766397600000,126.1500,126.8700,125.8200,126.6500,599145.42
1766401200000,126.6600,127.4100,126.3000,126.9300,631533.13
1766404800000,126.9300,127.6500,126.6100,126.9000,878351.97
1766408400000,126.9100,127.0400,126.2400,126.9600,733964.56
1766412000000,126.9600,128.2800,126.4500,127.8000,1940513.20
1766415600000,127.7900,128.7400,126.3500,128.0200,1831782.36
1766419200000,128.0300,128.3300,127.0800,127.1900,883173.02
1766422800000,127.1900,127.2600,126.3900,126.8700,718064.36
1766426400000,126.8600,127.4500,126.2700,126.4500,789135.50
1766430000000,126.4400,126.4500,124.5600,124.5800,2105702.12
1766433600000,124.5800,125.2100,124.1100,124.3400,1094145.63
1766437200000,124.3300,125.5400,124.2600,125.0800,724913.71
1766440800000,125.0700,125.9800,124.9100,125.7900,499865.26
1766444400000,125.7900,125.9000,125.3300,125.8700,375519.14
1766448000000,125.8700,126.8700,125.7100,126.6500,690842.16
1766451600000,126.6400,126.7400,125.8600,126.1200,461105.24
1766455200000,126.1300,126.5400,125.4000,125.6000,554317.15
1766458800000,125.6000,126.1200,124.8100,125.5800,676788.47
1766462400000,125.5800,126.0200,125.3500,125.3700,323910.08
1766466000000,125.3600,125.4700,124.5100,124.9200,539495.78
1766469600000,124.9100,125.2200,124.0400,124.2900,810971.13
1766473200000,124.2800,124.5600,123.5800,124.1300,1003808.48
1766476800000,124.1300,124.5900,123.9600,124.1300,474348.18
1766480400000,124.1200,124.3100,123.8400,124.0900,403314.81
1766484000000,124.0900,124.8300,124.0400,124.7800,395221.56
1766487600000,124.7700,125.1600,124.6300,124.7900,530488.02
1766491200000,124.7900,124.8700,123.8500,124.0800,709981.39
1766494800000,124.0900,124.5800,122.6600,123.2600,1735192.75
1766498400000,123.2600,123.6800,122.0400,122.6000,1787188.13
1766502000000,122.6000,123.4400,122.2900,123.2800,1220640.30
1766505600000,123.2900,124.8600,122.9400,124.5500,1430726.66
1766509200000,124.5500,124.7700,122.7000,122.7800,988036.63
1766512800000,122.7800,124.1200,122.7500,123.9300,1000642.75
1766516400000,123.9200,124.5200,123.4100,123.9100,678390.15
1766520000000,123.9200,125.6000,123.4000,124.6500,1115360.61
1766523600000,124.6600,124.7100,123.8900,124.2400,527715.24
1766527200000,124.2300,124.4500,123.5300,123.8000,399883.04
1766530800000,123.8000,124.1200,123.4000,123.9500,342720.46
1766534400000,123.9600,124.2500,123.5200,123.8100,418901.44
1766538000000,123.8100,124.1600,122.8900,123.0700,537514.44
1766541600000,123.0600,123.1000,121.7000,122.2400,976808.49
1766545200000,122.2500,122.7500,121.6800,122.6600,590870.08
1766548800000,122.6600,123.0100,121.4000,121.5600,863476.89
1766552400000,121.5700,121.9800,121.0400,121.3900,693905.23
1766556000000,121.4000,121.5200,120.5100,121.5000,826021.17
1766559600000,121.5100,121.8100,121.2100,121.2400,424271.38
1766563200000,121.2500,121.6000,121.0100,121.3200,507519.41
1766566800000,121.3200,121.6700,121.2000,121.3400,415100.35
1766570400000,121.3500,122.1700,121.3000,121.7000,590500.74
1766574000000,121.7000,122.1700,121.6900,121.9800,362399.39
1766577600000,121.9800,122.4900,121.8600,122.3900,378217.54
1766581200000,122.4000,122.4000,121.6500,121.8900,438209.40
1766584800000,121.9000,122.2500,120.6100,121.4400,1169274.66
1766588400000,121.4400,122.8900,121.2400,122.6700,989506.00
1766592000000,122.6700,123.4300,122.3600,122.6700,1082732.38
1766595600000,122.6600,122.9500,121.8900,121.9900,516967.93
1766599200000,121.9900,122.6600,121.7100,122.4300,432332.82
1766602800000,122.4200,122.8300,121.9100,122.8200,423568.70
1766606400000,122.8200,123.0800,122.5300,122.6200,403139.79
1766610000000,122.6300,123.0300,122.5600,122.9300,209959.78
1766613600000,122.9200,123.3600,122.8700,123.2500,351278.31
1766617200000,123.2600,123.3000,122.4100,122.4900,339767.22
1766620800000,122.4900,122.6700,122.0300,122.1300,349658.97
1766624400000,122.1300,122.7400,122.0900,122.7100,215442.54
1766628000000,122.7100,123.1100,122.4100,123.0000,249848.33
1766631600000,123.0000,123.1000,122.5000,122.6400,239408.53
1766635200000,122.6300,122.8000,122.5400,122.7300,147953.96
1766638800000,122.7300,122.7300,122.1600,122.3200,305844.12
1766642400000,122.3300,122.4800,122.1100,122.4100,222746.36
1766646000000,122.4200,122.4300,122.0400,122.2400,269174.20
1766649600000,122.2500,122.6300,121.5600,122.0600,709628.99
1766653200000,122.0600,122.1400,121.7500,122.0500,241684.48
1766656800000,122.0500,122.0500,121.2200,121.4900,543685.13
1766660400000,121.5000,121.8000,121.4600,121.5900,257082.60
1766664000000,121.5800,122.0000,121.5200,121.9800,259985.74
1766667600000,121.9800,122.2900,121.6000,121.9700,385191.22
1766671200000,121.9700,122.2900,121.7000,122.0400,414656.41
1766674800000,122.0500,124.0600,121.7900,123.6300,1778081.78
1766678400000,123.6300,124.4200,123.2600,123.4600,1197964.10
1766682000000,123.4500,123.5600,122.7200,123.0000,661475.97
1766685600000,123.0100,124.1600,123.0100,123.9600,773245.73
1766689200000,123.9600,124.0000,123.2800,123.4200,302622.42
1766692800000,123.4100,123.4400,122.8900,123.2500,351855.57
1766696400000,123.2600,123.4800,123.0600,123.1800,180058.49
1766700000000,123.1700,123.4000,121.2900,121.7600,950693.65
1766703600000,121.7600,122.0800,119.5800,119.9500,2386109.98
1766707200000,119.9500,120.2500,119.1500,120.2500,1317311.98
1766710800000,120.2400,121.0900,120.1000,120.7100,820855.58
1766714400000,120.7200,124.3300,120.7100,123.3900,3022808.87
1766718000000,123.4000,123.6600,122.3900,122.6100,918526.46
1766721600000,122.6100,122.9600,121.7200,122.7700,1066057.75
1766725200000,122.7700,123.4400,122.5900,123.2500,570643.48
1766728800000,123.2400,123.7200,123.2400,123.4200,547818.13
1766732400000,123.4300,123.9400,122.5200,122.6600,952904.31
1766736000000,122.6600,123.1100,122.2400,122.6400,738436.09
1766739600000,122.6400,124.1300,122.4800,123.6500,1259684.90
1766743200000,123.6500,123.9000,123.3900,123.7300,469011.45
1766746800000,123.7300,123.9000,123.3000,123.8000,519724.63
1766750400000,123.8000,124.1700,123.7200,123.9200,494020.87
1766754000000,123.9300,125.1200,123.8500,124.8600,1263122.48
1766757600000,124.8700,124.9500,122.0200,122.2000,2747572.49
1766761200000,122.2000,122.2100,120.3700,121.4900,3430930.34
1766764800000,121.5000,122.1900,121.1000,121.1900,990364.32
1766768400000,121.1800,122.3500,121.1800,121.8000,952959.86
1766772000000,121.8000,122.1600,121.6400,122.0100,431073.21
1766775600000,122.0100,122.3300,121.6500,122.0800,367323.62
1766779200000,122.0800,122.6000,121.8100,122.3400,435461.70
1766782800000,122.3300,122.5700,121.9900,122.0000,235983.79
1766786400000,122.0000,122.3900,121.7400,122.3800,289453.83
1766790000000,122.3900,122.5200,122.1100,122.2200,246389.20
1766793600000,122.2200,122.3200,121.8800,122.0500,297623.92
1766797200000,122.0600,122.2800,121.8200,122.2600,187571.07
1766800800000,122.2500,122.3900,122.0900,122.2700,197829.77
1766804400000,122.2800,123.7800,122.2100,123.6300,1114292.61
1766808000000,123.6300,123.7000,122.8500,122.9600,575047.68
1766811600000,122.9600,123.2600,122.9200,123.1300,265133.29
1766815200000,123.1400,123.1400,122.7100,122.9900,291908.07
1766818800000,122.9900,123.4100,122.9800,123.1100,269983.66
1766822400000,123.1000,123.2900,122.7800,122.8200,208403.06
1766826000000,122.8200,123.1800,122.8100,122.9500,237402.00
1766829600000,122.9600,123.1000,122.4500,122.8300,330102.69
1766833200000,122.8300,123.1800,122.8000,122.9500,312535.50
1766836800000,122.9500,123.1800,122.7100,122.8400,233935.99
1766840400000,122.8400,123.2700,122.6900,122.9600,433323.07
1766844000000,122.9700,123.3100,122.8100,123.2800,260723.88
1766847600000,123.2700,123.6300,123.1000,123.2700,436803.03
1766851200000,123.2700,123.4000,122.8500,122.9300,341320.08
1766854800000,122.9300,123.4100,122.7000,123.3400,461829.57
1766858400000,123.3500,123.4200,122.9500,123.1500,314936.86
1766862000000,123.1500,123.4100,122.9800,123.2100,242398.59
1766865600000,123.2100,123.7600,123.2000,123.5000,524945.39
1766869200000,123.5100,124.5300,123.5000,124.4900,678808.94
1766872800000,124.4900,124.9300,123.6100,123.8300,976615.61
1766876400000,123.8400,125.0400,123.8400,124.6700,593564.83
1766880000000,124.6800,124.8500,124.2300,124.3300,395855.35
1766883600000,124.3400,124.5800,123.9300,123.9500,377175.92
1766887200000,123.9400,124.3800,123.8500,124.1700,243725.15
1766890800000,124.1700,124.2500,123.9100,124.0800,143757.60
1766894400000,124.0700,124.2700,123.9300,124.0400,168133.15
1766898000000,124.0400,124.0400,123.5500,123.7400,302446.26
1766901600000,123.7300,124.1600,123.6800,124.0700,219121.10
1766905200000,124.0700,124.2700,123.7900,124.1800,193076.84
1766908800000,124.1800,124.6400,124.1100,124.2400,361841.64
1766912400000,124.2400,124.3500,123.9200,124.0300,256149.44
1766916000000,124.0300,124.5700,123.9600,124.4500,330863.67
1766919600000,124.4500,124.7900,124.3200,124.5700,394252.11
1766923200000,124.5800,124.7300,124.3100,124.3600,312115.41
1766926800000,124.3500,124.7500,124.2300,124.5800,344246.78
1766930400000,124.5900,124.9500,124.4500,124.5100,441195.51
1766934000000,124.5200,124.9800,124.3500,124.4000,457955.52
1766937600000,124.3900,124.6200,124.1200,124.2500,474928.03
1766941200000,124.2600,124.7200,124.2500,124.4000,338337.50
1766944800000,124.4000,124.4700,123.0500,123.1100,1202918.36
1766948400000,123.1000,123.5900,123.0100,123.2200,633235.85
1766952000000,123.2200,123.6300,123.0300,123.3600,411482.39
1766955600000,123.3600,123.8100,123.2200,123.8000,370218.47
1766959200000,123.8100,124.3000,123.4500,124.1900,339748.70
1766962800000,124.1800,125.6000,123.8700,125.2100,1192155.88
1766966400000,125.2200,128.2200,124.9400,126.9600,2763557.05
1766970000000,126.9700,130.2100,126.1800,128.7000,3144041.38
1766973600000,128.7000,129.4800,128.1200,128.6800,1410080.53
1766977200000,128.6900,129.5000,128.4400,128.5200,1606921.27
1766980800000,128.5300,129.1200,128.1700,128.5200,978712.95
1766984400000,128.5200,128.5400,127.5500,127.7000,755024.07
1766988000000,127.7000,128.0000,127.4200,127.7400,544278.96
1766991600000,127.7500,127.9400,127.2000,127.8300,679097.50
1766995200000,127.8200,128.4800,127.6300,127.8500,746126.72
1766998800000,127.8600,127.9600,125.3700,126.0300,2045652.41
1767002400000,126.0300,126.3200,125.4500,125.6500,833302.13
1767006000000,125.6500,125.6600,124.9500,125.0200,763899.40
1767009600000,125.0200,125.3800,122.7500,123.6300,3062209.56
1767013200000,123.6400,124.0300,122.8500,123.1800,1139385.06
1767016800000,123.1700,124.4600,122.1500,123.3800,2676180.03
1767020400000,123.3900,124.0500,123.0600,123.3600,886019.75
1767024000000,123.3500,123.6700,122.5200,123.4000,933062.54
1767027600000,123.4000,123.8400,122.9700,123.8300,690778.46
1767031200000,123.8200,123.9400,122.8900,123.0600,527634.59
1767034800000,123.0600,123.4400,122.7800,122.9900,515422.21
1767038400000,122.9800,123.5500,122.8000,123.2800,462968.97
1767042000000,123.2800,123.5200,123.0900,123.3800,283858.87
1767045600000,123.3800,123.5400,123.1000,123.3500,188139.47
1767049200000,123.3500,123.5300,123.1100,123.1900,282568.91
1767052800000,123.1900,123.2900,122.8200,123.0600,370050.45
1767056400000,123.0500,123.4000,122.7000,123.1200,428928.78
1767060000000,123.1200,123.2000,122.5000,122.9300,664936.82
1767063600000,122.9300,123.8600,122.6800,123.7200,648495.43
1767067200000,123.7200,124.1300,123.5000,123.8600,524591.11
1767070800000,123.8700,123.9400,123.1200,123.3500,394662.93
1767074400000,123.3500,123.9900,123.3100,123.8300,358814.89
1767078000000,123.8400,124.2900,123.7100,123.9400,448756.74
1767081600000,123.9400,125.1000,123.9100,124.7100,1293241.06
1767085200000,124.7100,125.0300,124.3300,124.7700,721136.62
1767088800000,124.7700,124.9500,124.4400,124.5300,463217.23
1767092400000,124.5300,124.6100,123.9700,124.2400,568647.19
1767096000000,124.2400,124.6100,124.0600,124.2400,519173.31
1767099600000,124.2500,124.4100,123.8700,124.2400,469826.06
1767103200000,124.2300,125.3100,123.4800,124.9700,2198425.23
1767106800000,124.9800,125.2100,123.9600,125.1000,1876107.67
1767110400000,125.1100,126.4900,124.8200,125.6000,2024939.36
1767114000000,125.6100,125.9600,124.3700,124.6600,1269071.17
1767117600000,124.6500,124.6700,124.1400,124.5100,585910.00
1767121200000,124.5000,124.8000,123.7000,124.6700,808063.72
1767124800000,124.6600,124.7600,123.8000,123.9900,491981.15
1767128400000,123.9900,124.1500,123.4500,123.9400,478047.59
1767132000000,123.9400,124.5500,123.8300,124.3600,316876.39
1767135600000,124.3600,125.0800,124.2200,124.9200,542435.71
1767139200000,124.9300,124.9900,124.3400,124.8500,476714.86
1767142800000,124.8400,125.8800,124.7600,125.4600,693219.31
1767146400000,125.4600,126.0600,125.2500,125.9500,676961.81
1767150000000,125.9500,126.0400,125.0800,125.7600,603089.37
1767153600000,125.7600,125.9200,125.3000,125.3700,402278.18
1767157200000,125.3700,125.7100,125.3300,125.5800,310064.13
1767160800000,125.5800,126.0400,125.5400,125.8200,316939.61
1767164400000,125.8300,126.0000,125.5700,125.9000,351657.86
1767168000000,125.9000,126.2400,125.3600,125.5100,587080.55
1767171600000,125.5000,126.3600,125.4800,126.2300,463840.96
1767175200000,126.2300,126.3600,125.9200,126.3300,467798.76
1767178800000,126.3400,126.8200,126.1500,126.6900,681824.12
1767182400000,126.6800,126.7200,126.0000,126.1300,601054.65
1767186000000,126.1400,126.4800,125.8800,126.2200,737482.40
1767189600000,126.2300,127.4000,125.3200,125.7400,1770873.17
1767193200000,125.7400,125.8000,124.9300,125.5400,1763486.81
1767196800000,125.5400,125.7000,124.2400,124.7800,1301451.48
1767200400000,124.7700,125.2100,124.5100,124.9800,600218.85
1767204000000,124.9800,125.4600,124.5400,124.6900,661451.28
1767207600000,124.7000,125.1500,124.2700,124.3000,464965.32
1767211200000,124.3100,124.9500,123.4200,124.1400,1805928.33
1767214800000,124.1400,124.4300,123.9400,124.4200,473862.78
1767218400000,124.4200,125.1200,124.2000,124.7900,398764.51
1767222000000,124.7800,124.9900,124.5300,124.5900,250213.72
1767225600000,124.5800,125.1900,124.5200,125.0700,297564.54
1767229200000,125.0700,125.7500,124.8000,124.9200,620211.47
1767232800000,124.9200,125.1800,124.7200,125.1200,318244.96
1767236400000,125.1100,125.3500,124.9400,125.1400,206666.26
1767240000000,125.1300,125.2000,124.7300,124.8900,249446.86
1767243600000,124.8800,125.2500,124.8800,125.2300,176180.82
1767247200000,125.2400,125.2600,124.8100,124.8300,127040.40
1767250800000,124.8200,124.9400,124.1400,124.1900,417039.27
1767254400000,124.1900,124.6700,124.0800,124.6400,376650.98
1767258000000,124.6400,125.0500,124.5400,124.9600,403620.61
1767261600000,124.9500,125.2200,124.8800,124.9600,292649.25
1767265200000,124.9600,125.1600,124.7000,125.1600,260582.34
1767268800000,125.1600,125.2200,124.9200,124.9500,272964.72
1767272400000,124.9400,125.0700,124.6400,124.6800,302444.39
1767276000000,124.6700,124.8700,124.3400,124.6700,371190.65
1767279600000,124.6600,125.1900,124.5200,124.9000,534222.09
1767283200000,124.9000,124.9600,124.2000,124.4100,531802.14
1767286800000,124.4000,125.6200,124.2500,125.1300,1069090.49
1767290400000,125.1300,125.3200,124.9600,125.2800,333041.01
1767294000000,125.2800,125.7500,125.1500,125.7000,413421.94
1767297600000,125.7000,125.9200,125.2700,125.3300,370715.82
1767301200000,125.3300,125.6400,125.2500,125.3700,154002.79
1767304800000,125.3700,126.2000,125.3300,126.0200,328232.40
1767308400000,126.0200,127.2100,125.7000,126.8300,1110682.15
1767312000000,126.8400,127.1000,126.3800,126.7500,666677.42
1767315600000,126.7500,126.9100,126.0100,126.1600,487441.72
1767319200000,126.1600,126.6500,125.8100,126.5400,445635.68
1767322800000,126.5300,127.9900,126.3900,127.5100,1074723.44
1767326400000,127.5100,127.6900,126.9100,126.9400,472621.19
1767330000000,126.9400,127.4100,126.7100,127.2900,423245.64
1767333600000,127.2800,127.6900,127.2000,127.3000,479512.30
1767337200000,127.2900,127.5400,126.8600,127.1000,500209.79
1767340800000,127.1000,127.9500,127.0900,127.9200,580795.12
1767344400000,127.9200,129.8900,127.7800,129.3700,1979630.63
1767348000000,129.3700,129.9800,128.8400,128.9100,1029746.14
1767351600000,128.9200,128.9400,127.9400,128.1900,811974.18
1767355200000,128.1800,128.6100,127.8400,128.3700,704361.05
1767358800000,128.3800,128.7700,128.2200,128.3200,489672.63
1767362400000,128.3200,129.5900,126.7600,128.6700,2544024.46
1767366000000,128.6800,129.4900,127.3500,128.9400,1805662.10
1767369600000,128.9300,131.8000,128.6200,130.8800,2630134.76
1767373200000,130.8700,132.3000,130.6500,131.3900,1630549.29
1767376800000,131.4000,132.0000,130.2800,130.7600,1158063.42
1767380400000,130.7500,131.7500,130.5900,131.5900,639894.69
1767384000000,131.6000,132.1100,130.7600,131.0700,770429.68
1767387600000,131.0700,132.1000,131.0700,131.8500,412317.44
1767391200000,131.8500,133.2900,131.8300,132.5700,954338.91
1767394800000,132.5700,132.6900,131.8500,132.2400,488533.17
1767398400000,132.2400,132.8900,132.1800,132.4600,442834.46
1767402000000,132.4700,132.9200,132.2900,132.5800,285033.81
1767405600000,132.5900,133.0400,132.0200,132.8000,444734.91
1767409200000,132.8000,133.1300,132.1100,132.7700,554808.06
1767412800000,132.7800,132.8500,132.1300,132.2900,330052.37
1767416400000,132.3000,132.4800,131.5500,131.8400,492306.89
1767420000000,131.8500,132.2500,131.0000,131.1200,564637.20
1767423600000,131.1200,131.3500,129.5200,130.0500,1285064.84
1767427200000,130.0500,130.9800,129.7400,130.6300,754275.73
1767430800000,130.6400,131.4300,130.3000,131.1100,564705.70
1767434400000,131.1100,131.1800,130.7000,130.8900,332718.73
1767438000000,130.8900,130.9400,130.3800,130.6300,283717.24
1767441600000,130.6400,130.8800,130.4300,130.8300,323723.73
1767445200000,130.8300,131.3300,130.7300,131.2200,347987.54
1767448800000,131.2100,132.1200,131.0600,131.9600,673150.49
1767452400000,131.9600,131.9800,131.1600,131.4100,433015.97
1767456000000,131.4100,131.9500,131.4100,131.7100,373916.09
1767459600000,131.7100,131.9900,131.5900,131.8500,221473.48
1767463200000,131.8500,132.0700,131.5500,131.9100,285678.19
1767466800000,131.9000,131.9100,131.6000,131.7300,177848.61
1767470400000,131.7300,131.9800,131.2700,131.9400,292466.49
1767474000000,131.9300,133.0300,131.7300,132.8100,547531.73
1767477600000,132.8100,133.9900,132.5300,133.3800,763309.20
1767481200000,133.3800,133.7100,133.0200,133.3100,359353.15
1767484800000,133.3000,135.0000,133.2600,134.4900,1236862.96
1767488400000,134.4900,134.7000,133.3500,133.9000,744193.79
1767492000000,133.9000,133.9600,133.4000,133.6500,320167.44
1767495600000,133.6500,134.6700,133.5900,134.5600,626404.16
1767499200000,134.5500,134.8000,134.1600,134.2300,460518.43
1767502800000,134.2400,134.5500,134.2000,134.5000,211682.37
1767506400000,134.5000,134.9700,133.6200,133.7100,789668.86
1767510000000,133.7100,134.0800,133.5200,133.7500,427507.06
1767513600000,133.7500,134.1200,133.1000,134.0500,678957.10
1767517200000,134.0400,134.5400,133.7800,134.2700,508454.30
1767520800000,134.2600,134.8200,134.1600,134.6200,568360.49
1767524400000,134.6200,134.6200,134.0800,134.3200,379114.16
1767528000000,134.3300,134.8400,134.1200,134.2700,492906.64
1767531600000,134.2700,134.4900,133.6700,134.4700,515555.02
1767535200000,134.4600,134.9300,134.1500,134.9000,674019.84
1767538800000,134.8900,135.3200,134.2100,134.8300,853379.15
1767542400000,134.8300,135.5000,134.6800,135.0600,656174.88
1767546000000,135.0600,135.3100,134.7400,134.7700,355115.90
1767549600000,134.7700,134.8200,133.6200,134.1300,742888.32
1767553200000,134.1300,134.1400,133.0300,133.5100,851531.36
1767556800000,133.5100,134.2000,133.3200,133.9700,379007.96
1767560400000,133.9700,134.5400,133.6400,133.8700,345294.69
1767564000000,133.8600,134.3800,133.7200,134.1000,241727.92
1767567600000,134.1000,134.8100,133.5800,134.0400,639294.24
1767571200000,134.0500,135.7900,133.9300,135.4900,1482335.29
1767574800000,135.4900,137.7500,135.2300,136.6900,2215208.49
1767578400000,136.7000,137.1800,135.6200,136.8100,993659.76
1767582000000,136.8200,137.2900,136.5100,136.5800,740045.42
1767585600000,136.5800,136.7400,134.8800,135.6300,1177157.63
1767589200000,135.6200,136.2800,134.9200,134.9800,749822.93
1767592800000,134.9800,135.6400,134.5400,135.5300,815122.36
1767596400000,135.5400,135.6800,135.0200,135.3400,494825.29
1767600000000,135.3400,135.8900,135.1100,135.1300,532535.55
1767603600000,135.1300,135.6000,134.6300,135.3700,574230.16
1767607200000,135.3800,135.9700,135.2000,135.7400,509091.14
1767610800000,135.7500,135.7500,135.1600,135.6800,618404.19
1767614400000,135.6900,135.7500,134.8100,135.0400,497505.00
1767618000000,135.0500,135.3200,133.1000,133.7100,1898587.47
1767621600000,133.7100,135.5700,133.0900,134.9300,3162405.84
1767625200000,134.9400,136.4700,134.0700,136.0800,1995288.70
1767628800000,136.0800,136.2600,134.9200,135.3500,1102125.32
1767632400000,135.3500,136.8300,134.2500,136.4800,1229521.33
1767636000000,136.4900,137.5500,135.6400,137.3300,1265461.27
1767639600000,137.3300,138.7800,137.0600,138.2000,1746409.04
1767643200000,138.2000,139.8300,137.6900,137.8200,1696905.96
1767646800000,137.8200,138.7100,137.8200,138.3400,685739.28
1767650400000,138.3400,139.1300,138.2400,138.7500,514855.60
1767654000000,138.7600,138.9100,137.8200,137.8400,494717.52
1767657600000,137.8400,138.1500,136.8100,137.6600,804371.62
1767661200000,137.6600,138.4700,137.2600,137.4900,1024842.80
1767664800000,137.5000,137.9500,137.2400,137.5300,625718.00
1767668400000,137.5400,138.5700,137.4900,138.3100,606583.61
1767672000000,138.3200,138.9400,138.1300,138.3800,579628.79
1767675600000,138.3700,140.0900,138.0000,139.5000,1841383.81
1767679200000,139.5000,139.7300,138.7600,138.9600,898716.71
1767682800000,138.9600,139.0400,137.2600,137.5100,1270971.48
1767686400000,137.5200,138.0600,137.3100,137.5200,586394.41
1767690000000,137.5200,138.3500,137.4200,137.7200,588551.78
1767693600000,137.7200,138.0500,137.3000,137.6500,589279.41
1767697200000,137.6600,139.6400,137.5500,139.4400,1422680.46
1767700800000,139.4400,139.5900,138.8100,139.0100,742568.49
1767704400000,139.0200,139.4300,138.6600,139.0400,870560.40
1767708000000,139.0500,143.4500,139.0500,141.9600,5043069.15
1767711600000,141.9500,143.1600,141.0600,141.5600,2421196.90
1767715200000,141.5500,141.9300,138.0500,138.8600,2798240.99
1767718800000,138.8500,139.1300,136.3300,136.4500,2596087.03
1767722400000,136.4500,137.9400,136.1200,137.5000,1512433.81
1767726000000,137.5000,138.0100,137.2100,137.4500,534809.17
1767729600000,137.4500,139.1400,137.4200,138.8900,899236.91
1767733200000,138.8900,141.9600,138.5700,140.1700,2052621.23
1767736800000,140.1600,140.9500,139.4800,140.0000,790204.74
1767740400000,139.9900,141.3400,139.9900,141.0300,662565.67
1767744000000,141.0400,141.3500,139.7300,139.8100,858238.21
1767747600000,139.8100,140.6200,138.7500,138.8400,954390.59
1767751200000,138.8400,140.0700,138.3600,139.8900,1082112.08
1767754800000,139.9000,140.5000,139.2900,139.5200,628128.56
1767758400000,139.5200,139.6600,138.6500,138.7000,424610.39
1767762000000,138.7000,139.2700,138.0600,138.4300,842478.14
1767765600000,138.4300,139.0100,138.3900,138.7000,367604.47
1767769200000,138.7000,139.3600,138.7000,139.3100,501270.95
1767772800000,139.3100,139.7400,138.9600,139.3200,852116.30
1767776400000,139.3200,139.4100,136.4200,136.7800,2649960.87
1767780000000,136.7900,137.6200,136.6400,137.4800,792105.04
1767783600000,137.4800,138.1400,137.4100,137.8400,534825.96
1767787200000,137.8400,138.1300,137.5200,137.8500,552810.07
1767790800000,137.8500,138.4400,137.4400,138.0400,783768.54
1767794400000,138.0500,138.1500,136.5000,137.9700,1785505.49
1767798000000,137.9800,138.0300,135.1700,135.6100,2662955.07
1767801600000,135.6100,136.6000,135.2300,135.6200,926695.46
1767805200000,135.6300,136.4000,135.3000,135.5000,755706.04
1767808800000,135.5100,135.8400,134.5500,135.1900,1163264.51
1767812400000,135.1800,135.9400,134.3300,135.6800,784618.60
1767816000000,135.6800,135.9500,134.9300,135.7400,523542.92
1767819600000,135.7400,136.2800,135.6200,136.1100,345282.22
1767823200000,136.1000,136.7600,135.6800,136.4000,500618.92
1767826800000,136.4000,137.0700,135.7800,136.3200,1006668.49
1767830400000,136.3100,136.9100,135.9300,136.7600,476406.84
1767834000000,136.7600,137.3500,136.6300,136.7600,455773.44
1767837600000,136.7500,138.0000,136.5200,137.8800,1786694.47
1767841200000,137.8900,138.3000,136.5100,136.6800,744987.13
1767844800000,136.6800,138.2900,136.3600,137.6100,911118.79
1767848400000,137.6100,138.0400,136.4400,136.5600,773659.29
1767852000000,136.5700,136.7000,134.6300,134.7700,1648365.93
1767855600000,134.7800,135.9200,133.6000,135.8100,1595475.12
1767859200000,135.8200,136.1700,134.9700,135.0400,679887.50
1767862800000,135.0500,135.4500,134.2600,134.4000,826395.57
1767866400000,134.4000,135.3700,133.8500,135.0100,988297.59
1767870000000,135.0100,135.2500,134.1900,134.7200,665341.10
1767873600000,134.7100,134.7600,133.6300,134.0500,902551.33
1767877200000,134.0500,134.5500,133.6500,134.4000,687869.39
1767880800000,134.3900,134.4200,132.5000,133.9400,2734981.38
1767884400000,133.9400,136.5000,133.3000,136.3300,2296469.33
1767888000000,136.3200,138.1400,136.1500,138.1200,2082127.62
1767891600000,138.1200,138.8000,137.1800,138.6800,1646657.53
1767895200000,138.6800,139.0700,137.8500,138.0500,1114853.28
1767898800000,138.0500,138.3700,137.1300,137.4800,823987.04
1767902400000,137.4800,137.8100,136.4600,137.6300,995685.42
1767906000000,137.6300,139.8000,137.6300,139.5600,1374201.33
1767909600000,139.5500,140.0000,138.2500,138.7800,1956388.41
1767913200000,138.7900,139.1300,138.1500,138.3000,845832.64
1767916800000,138.2900,139.2500,138.2200,139.0400,540416.30
1767920400000,139.0400,139.5400,137.6600,138.2200,1039815.77
1767924000000,138.2200,139.4800,138.1300,138.9000,705300.21
1767927600000,138.9100,141.1400,138.8500,140.7300,1517740.83
1767931200000,140.7300,141.0100,139.5500,139.6800,814510.69
1767934800000,139.6800,140.1000,139.3800,139.8900,568730.85
1767938400000,139.8800,140.7800,139.5900,140.6200,550498.89
1767942000000,140.6200,140.6600,139.4600,139.5100,745161.38
1767945600000,139.5100,139.6300,136.9800,137.8900,2020383.88
1767949200000,137.8900,139.0400,137.8300,138.4000,1102463.26
1767952800000,138.4000,138.9500,138.0900,138.6700,481628.01
1767956400000,138.6600,138.8500,138.0100,138.2400,596581.16
1767960000000,138.2300,138.5800,137.5100,137.6500,566351.28
1767963600000,137.6500,139.4700,137.5900,138.5700,1409925.35
1767967200000,138.5700,138.5900,136.3800,136.8000,1804862.29
1767970800000,136.8000,140.8500,136.1100,138.7500,4037602.33
1767974400000,138.7600,140.2100,138.6400,139.8900,1399589.53
1767978000000,139.8900,140.0200,137.2500,138.3700,1602910.72
1767981600000,138.3700,138.4000,135.7000,136.7600,1616570.75
1767985200000,136.7500,136.7500,135.3700,135.7100,924632.83
1767988800000,135.7100,135.9900,134.8600,135.5100,1255471.76
1767992400000,135.5100,136.3700,135.3200,135.9000,621599.18
1767996000000,135.9000,136.1500,135.4700,136.0900,296771.82
1767999600000,136.0900,136.4100,135.6700,135.8800,533741.09
1768003200000,135.8900,136.0600,135.6000,135.8000,275511.57
1768006800000,135.8000,136.4100,135.6800,136.3700,355134.75
1768010400000,136.3700,136.6200,135.8200,136.3000,415886.45
1768014000000,136.3000,136.3200,135.8300,136.0500,263970.91
1768017600000,136.0500,136.1000,135.6600,135.7800,282351.33
1768021200000,135.7800,136.2800,135.7100,135.8500,210605.57
1768024800000,135.8500,136.1200,135.6800,135.9100,261410.71
1768028400000,135.9000,136.1900,135.8700,136.0000,187244.11
1768032000000,136.0100,136.2900,135.9100,136.1500,185578.57
1768035600000,136.1400,136.5600,136.0100,136.5300,276748.69
1768039200000,136.5400,136.9700,136.3000,136.9300,561358.67
1768042800000,136.9300,136.9300,136.3000,136.5000,356549.80
1768046400000,136.5100,136.9900,136.4700,136.5400,429633.60
1768050000000,136.5400,136.5600,136.0000,136.2600,426325.01
1768053600000,136.2600,136.4000,135.9300,136.0900,332140.71
1768057200000,136.0900,136.4700,136.0000,136.3500,289433.54
1768060800000,136.3600,136.5900,136.0900,136.3500,215589.52
1768064400000,136.3500,136.6500,136.0600,136.0900,320979.59
1768068000000,136.1000,136.2800,135.8400,136.1000,305916.52
1768071600000,136.1000,136.2000,135.9200,136.1700,149631.02
1768075200000,136.1700,136.2200,135.9300,136.0300,135556.00
1768078800000,136.0300,136.0400,135.6600,135.7000,253473.80
1768082400000,135.6900,135.8700,135.3000,135.5000,317829.01
1768086000000,135.4900,136.0000,135.4300,135.7800,204833.27
1768089600000,135.7900,136.3900,135.6800,136.3300,321123.15
1768093200000,136.3400,136.4300,136.0300,136.2400,156634.43
1768096800000,136.2300,136.4000,135.8900,135.9600,211085.30
1768100400000,135.9600,136.2800,135.7900,136.2100,257792.25
1768104000000,136.2100,136.3500,135.9200,136.1400,220587.79
1768107600000,136.1400,136.3900,135.9400,136.2300,279257.46
1768111200000,136.2300,136.3600,135.8300,136.1100,309408.69
1768114800000,136.1000,136.2100,135.9200,136.1300,110418.12
1768118400000,136.1300,136.8600,136.0400,136.7000,506538.95
1768122000000,136.7000,136.7500,136.2700,136.3900,316383.76
1768125600000,136.4000,136.6600,136.2000,136.4900,211338.49
1768129200000,136.4800,136.7100,136.4100,136.4900,154882.18
1768132800000,136.5000,137.2300,136.4300,137.0100,385230.32
1768136400000,137.0000,137.2800,136.8600,137.1700,424666.46
1768140000000,137.1800,139.4100,137.1600,139.1600,1417694.80
1768143600000,139.1600,139.5000,137.7700,138.3800,1811912.05
1768147200000,138.3800,141.6500,138.3800,139.9800,3274438.14
1768150800000,139.9900,140.1700,138.6900,139.6400,962456.81
1768154400000,139.6300,140.1800,139.0700,139.9800,525126.10
1768158000000,139.9700,140.1200,139.0000,139.3900,639127.45
1768161600000,139.3900,139.3900,137.9100,138.4900,1034283.89
1768165200000,138.5000,138.9200,137.9300,138.6600,497658.44
1768168800000,138.6500,138.6600,137.6200,138.1900,451142.32
1768172400000,138.1800,139.7400,137.4700,139.6500,1148244.35
1768176000000,139.6500,141.3300,138.8500,141.2700,1685320.92
1768179600000,141.2600,141.9000,140.6300,141.0000,1751921.28
1768183200000,141.0000,142.7300,140.8800,142.3700,1310396.48
1768186800000,142.3800,144.4000,142.3500,142.4900,2355576.34
1768190400000,142.4900,143.0400,142.3900,142.6800,752758.89
1768194000000,142.6800,143.1800,142.4200,142.7400,461634.62
1768197600000,142.7300,143.3200,141.8100,141.9600,864816.81
1768201200000,141.9700,142.4200,141.2800,141.3400,845581.56
1768204800000,141.3500,142.0000,138.9500,139.9800,2332478.31
1768208400000,139.9900,140.1900,139.0600,139.5000,1039698.25
1768212000000,139.5100,140.1200,138.9400,139.1800,735283.51
1768215600000,139.1900,140.0900,139.1000,139.9300,546287.43
1768219200000,139.9300,140.2400,139.6100,139.6800,494445.22
1768222800000,139.6800,140.0800,139.2900,139.6900,585552.57
1768226400000,139.7000,140.7700,138.5900,140.3800,1968428.36
1768230000000,140.3800,142.7000,139.9800,142.5500,2047994.59
1768233600000,142.5400,144.2600,142.0500,142.9200,2657589.52
1768237200000,142.9300,143.6900,141.1000,141.8900,1977320.01
1768240800000,141.8900,142.8500,140.5400,141.1900,1980793.31
1768244400000,141.1800,141.4600,140.5600,140.9400,787610.93
1768248000000,140.9400,141.8100,139.9000,140.1500,883991.16
1768251600000,140.1400,140.1600,138.2300,138.7300,1281816.03
1768255200000,138.7300,139.7500,138.7000,139.0900,810428.88
1768258800000,139.0900,139.4500,138.5700,139.1300,569304.49
1768262400000,139.1300,139.3300,138.6100,139.2000,938160.13
1768266000000,139.2000,139.5200,138.4000,138.8200,872473.55
1768269600000,138.8200,139.2500,138.0200,138.3000,605444.32
1768273200000,138.3000,138.7300,137.7500,138.6600,829635.45
1768276800000,138.6600,139.0900,138.3100,139.0600,527636.80
1768280400000,139.0600,140.4400,138.7300,139.8800,1670545.20
1768284000000,139.8800,140.6900,139.7600,140.5500,751892.22
1768287600000,140.5500,140.6200,139.8800,139.8800,614806.50
1768291200000,139.8800,141.8200,139.8700,141.5300,941562.61
1768294800000,141.5300,143.0900,141.1900,141.8700,2310490.68
1768298400000,141.8800,142.5900,141.6300,142.0500,1058159.45
1768302000000,142.0600,142.2500,141.4800,141.8000,813330.49
1768305600000,141.7900,142.3300,141.3300,142.2000,566529.09
1768309200000,142.2000,143.5000,141.7500,142.3900,2468030.06
1768312800000,142.3900,143.7900,141.5700,141.9600,2748772.36
1768316400000,141.9600,143.4600,141.1000,143.4100,2455860.44
1768320000000,143.4200,144.5600,142.7900,143.1200,2291244.68
1768323600000,143.1100,143.6100,142.3300,142.8300,1166770.74
1768327200000,142.8200,143.8500,142.6100,143.4200,810781.86
1768330800000,143.4200,144.3900,142.9900,144.1800,863386.63
1768334400000,144.1800,144.3800,142.9100,143.7600,1041563.48
1768338000000,143.7600,144.2500,143.3000,143.3400,616672.43
1768341600000,143.3300,148.8000,143.3300,146.9200,3746290.97
1768345200000,146.9300,147.5600,144.5800,145.4800,1841350.67
1768348800000,145.4700,145.8500,144.2900,145.0300,1289391.68
1768352400000,145.0300,146.1900,144.8900,145.6600,1078894.94
1768356000000,145.6600,146.5600,145.2800,145.4600,690932.95
1768359600000,145.4500,146.3200,145.0600,146.2200,734735.89
1768363200000,146.2100,146.4100,144.7500,144.8700,1045160.12
1768366800000,144.8800,145.1500,144.2700,144.4200,685251.97
1768370400000,144.4100,144.6600,143.8600,144.6300,822977.43
1768374000000,144.6400,145.0000,144.0900,144.8000,713387.55
1768377600000,144.8000,145.1300,144.5700,144.8400,455843.93
1768381200000,144.8400,145.6000,144.8000,145.4300,471032.78
1768384800000,145.4400,145.7000,144.4600,144.6700,764613.86
1768388400000,144.6700,144.6700,143.4500,143.7000,1061094.22
1768392000000,143.6900,144.7000,143.3000,144.4900,755108.29
1768395600000,144.4800,144.8500,143.9800,144.1600,708900.76
1768399200000,144.1600,147.5300,144.1500,146.5800,2985040.19
1768402800000,146.5800,147.5600,145.8900,147.0200,2180053.15
1768406400000,147.0200,148.4000,146.7800,147.0400,2145125.95
1768410000000,147.0400,147.5900,145.6600,145.9200,1208576.28
1768413600000,145.9200,147.4000,145.2600,146.2900,1229621.79
1768417200000,146.2900,147.5000,146.0500,146.7500,801735.11
1768420800000,146.7600,147.7000,146.5100,147.4800,710614.68
1768424400000,147.4800,147.4800,146.1800,146.8600,624646.97
1768428000000,146.8600,147.1200,145.7400,146.1000,541224.55
1768431600000,146.1100,147.0500,145.9700,146.6100,502731.93
1768435200000,146.6200,146.6500,145.4100,145.9900,594979.46
1768438800000,145.9800,146.4400,144.7000,145.1000,824875.89
1768442400000,145.0900,145.4700,144.2000,144.4300,781332.70
1768446000000,144.4400,144.6400,143.1000,143.4000,1296541.69
1768449600000,143.4100,144.4000,143.2000,144.3900,788960.19
1768453200000,144.3900,144.7700,144.2200,144.5100,462352.93
1768456800000,144.5100,144.8000,144.0000,144.1400,505329.20
1768460400000,144.1400,145.2200,144.0200,144.9300,555153.97
1768464000000,144.9400,145.1800,144.0000,144.8000,629932.08
1768467600000,144.8000,145.9500,144.4000,145.5600,914912.53
1768471200000,145.5700,145.6200,145.1400,145.3400,402727.84
1768474800000,145.3400,145.6100,144.7200,144.7600,446548.14
1768478400000,144.7600,144.9900,144.2100,144.8000,692762.97
1768482000000,144.8100,145.2800,144.4200,145.1100,742954.10
1768485600000,145.1100,145.5700,143.1400,143.8500,1934658.03
1768489200000,143.8400,144.2800,141.7100,143.3900,3121191.31
1768492800000,143.3900,143.9600,142.7100,143.4600,1015140.68
1768496400000,143.4600,144.1500,142.3900,142.5700,935949.56
1768500000000,142.5700,142.9500,141.3800,141.4800,1277940.76
1768503600000,141.4700,141.7800,140.7700,141.4400,1170785.47
1768507200000,141.4300,141.8300,140.9400,141.3500,533691.99
1768510800000,141.3600,142.2000,141.2200,142.0200,328141.15
1768514400000,142.0200,142.5200,141.8800,142.3100,323180.57
1768518000000,142.3100,142.6000,141.9900,142.3200,319496.11
1768521600000,142.3300,142.7400,142.1500,142.3600,350269.32
1768525200000,142.3700,142.6400,141.8900,142.2600,437904.90
1768528800000,142.2600,142.2600,141.6000,142.1400,386285.19
1768532400000,142.1300,142.4100,141.7800,141.8700,253476.12
1768536000000,141.8700,142.6600,141.3600,141.5900,665546.60
1768539600000,141.5900,143.6000,141.4100,143.1100,1027536.35
1768543200000,143.1200,143.3000,142.6500,143.2400,402126.21
1768546800000,143.2400,143.2600,142.5100,142.8600,421887.52
1768550400000,142.8600,143.3800,142.8300,143.0800,426063.22
1768554000000,143.0700,143.4000,142.7900,142.9900,393135.78
1768557600000,142.9800,143.1000,142.6300,143.0100,359204.14
1768561200000,143.0200,143.4900,142.7100,143.0800,527387.49
1768564800000,143.0700,143.8000,143.0400,143.6200,535798.06
1768568400000,143.6200,143.6200,142.5900,143.0000,448477.21
1768572000000,143.0000,143.6800,142.7400,142.9600,625510.46
1768575600000,142.9600,143.6200,140.1700,140.6800,2513576.24
1768579200000,140.6800,141.9300,140.5400,141.8300,976057.16
1768582800000,141.8300,143.3600,141.3200,143.2600,1219638.09
1768586400000,143.2600,144.1500,142.9100,143.4700,943306.33
1768590000000,143.4600,144.4500,142.9300,144.1300,921351.08
1768593600000,144.1400,144.9700,143.4100,144.9000,741085.25
1768597200000,144.9000,145.5000,144.6400,144.9900,780035.36
1768600800000,144.9900,145.0900,144.5000,144.8600,457561.55
1768604400000,144.8700,145.1500,144.6800,144.8500,282347.02
1768608000000,144.8400,144.9500,144.1400,144.2800,424725.72
1768611600000,144.2700,144.7500,144.1700,144.5800,257504.08
1768615200000,144.5900,144.6100,144.1800,144.5300,202952.60
1768618800000,144.5300,144.5600,144.1600,144.3000,147252.18
1768622400000,144.2900,144.4500,144.1300,144.2700,168514.30
1768626000000,144.2700,144.3000,143.8500,143.8900,288169.30
1768629600000,143.8900,144.0300,143.6800,143.7700,252667.52
1768633200000,143.7600,143.9000,143.5400,143.5600,201279.16
1768636800000,143.5600,144.2100,143.5300,144.1500,264570.88
1768640400000,144.1500,144.5800,143.9200,144.3900,291233.76
1768644000000,144.3900,144.5600,143.8500,143.8800,389988.69
1768647600000,143.8800,144.1300,143.1800,143.9200,661274.48
1768651200000,143.9200,144.0000,143.5700,143.6900,271193.40
1768654800000,143.6800,143.9800,143.5000,143.9100,511212.74
1768658400000,143.9100,144.2200,143.6500,143.8300,366168.73
1768662000000,143.8300,144.2900,143.6100,144.2500,453874.51
1768665600000,144.2400,144.2600,143.5200,143.8000,482711.59
1768669200000,143.7900,144.1900,143.7400,143.9900,207932.42
1768672800000,143.9900,144.2200,143.9000,144.2000,147906.59
1768676400000,144.1900,144.4600,144.0200,144.2000,240883.52
1768680000000,144.1900,144.5100,144.1200,144.4200,124506.37
1768683600000,144.4200,144.5100,144.1400,144.1800,126432.13
1768687200000,144.1700,144.1800,143.4000,143.6900,341305.31
1768690800000,143.6800,143.9600,143.5600,143.6400,205610.47
1768694400000,143.6500,143.9200,143.0100,143.1900,533898.24
1768698000000,143.1800,143.3900,141.8900,142.7000,1279731.02
1768701600000,142.6900,142.9600,141.8000,142.4600,690494.34
1768705200000,142.4600,142.8400,142.2900,142.7300,304253.70
1768708800000,142.7300,142.8400,142.4400,142.7400,197029.10
1768712400000,142.7400,142.8900,142.4600,142.7600,165167.21
1768716000000,142.7700,142.9400,142.4500,142.6100,191421.27
1768719600000,142.6100,142.6300,141.9400,142.0400,340487.45
1768723200000,142.0500,142.3800,141.8100,142.3400,399065.12
1768726800000,142.3500,142.5600,142.2400,142.4400,213201.36
1768730400000,142.4400,142.4700,142.0900,142.3400,181242.48
1768734000000,142.3500,142.4300,142.1200,142.3200,205277.94
1768737600000,142.3300,142.4400,142.1000,142.1600,176593.56
1768741200000,142.1700,142.4400,141.9100,142.3100,376410.62
1768744800000,142.3100,142.6700,141.5200,141.6200,694089.26
1768748400000,141.6300,142.0700,141.4000,141.9100,485234.47
1768752000000,141.9200,142.1500,141.6700,141.9500,257001.83
1768755600000,141.9500,142.3500,141.7800,142.2800,320137.96
1768759200000,142.2700,142.8800,141.9900,142.6800,549164.67
1768762800000,142.6800,143.1900,142.0200,142.2000,564833.42
1768766400000,142.2000,142.4900,141.8600,142.3900,282169.17
1768770000000,142.3900,142.7200,142.3100,142.5900,140071.61
1768773600000,142.5800,142.9900,142.3900,142.8000,306876.67
1768777200000,142.7900,142.7900,137.6500,137.7900,3793228.52
1768780800000,137.7900,137.7900,129.8200,133.7200,8718793.61
1768784400000,133.7100,134.3900,133.3600,133.7300,1099436.44
1768788000000,133.7300,134.0400,133.4000,133.7500,624782.34
1768791600000,133.7400,134.0600,133.5300,133.8500,566937.77
1768795200000,133.8500,134.0000,133.4600,133.6200,364431.97
1768798800000,133.6200,133.9300,133.2600,133.2900,913681.35
1768802400000,133.2800,133.3700,132.6400,133.2100,797101.16
1768806000000,133.2100,133.5200,133.1200,133.3900,392468.18
1768809600000,133.3900,133.9900,133.2000,133.8000,731714.48
1768813200000,133.8000,134.0000,133.4700,133.6600,493556.31
1768816800000,133.6700,133.7900,133.4500,133.7300,284740.13
1768820400000,133.7300,134.3200,133.5600,134.0500,543294.68
1768824000000,134.0500,134.1400,133.6400,134.0700,575481.06
1768827600000,134.0700,134.0800,133.5200,133.6700,426665.78
1768831200000,133.6700,133.7300,133.2000,133.4400,530007.27
1768834800000,133.4400,133.8700,133.3500,133.4700,589544.22
1768838400000,133.4800,134.6000,133.4000,134.3900,641033.22
1768842000000,134.3900,134.4600,134.0000,134.2100,504921.59
1768845600000,134.2000,134.3500,133.8100,134.1900,293841.36
1768849200000,134.1800,134.6500,134.1600,134.3800,240882.38
1768852800000,134.3700,135.1000,134.3700,134.6200,449356.20
1768856400000,134.6100,134.9100,134.0000,134.0300,313201.38
1768860000000,134.0200,134.1500,132.7000,132.8900,844793.42
1768863600000,132.8900,133.8800,132.6900,133.3800,748559.52
1768867200000,133.3800,133.9000,133.0000,133.6700,606665.49
1768870800000,133.6600,134.2300,133.2200,133.8000,418809.85
1768874400000,133.8100,134.1000,133.2800,133.7900,441968.81
1768878000000,133.7800,134.6000,133.4300,134.2100,776357.74
1768881600000,134.2000,134.2100,133.1300,133.3400,768718.90
1768885200000,133.3500,133.4800,132.3300,132.9700,1058725.08
1768888800000,132.9700,132.9800,131.0000,131.1700,1962104.05
1768892400000,131.1600,131.7000,130.5100,130.5600,995995.05
1768896000000,130.5700,130.7300,128.2700,129.0300,3477529.52
1768899600000,129.0300,129.1500,128.5000,128.8500,902134.68
1768903200000,128.8500,129.2800,128.6800,128.8300,749252.59
1768906800000,128.8400,129.4200,128.6400,128.7300,711308.22
1768910400000,128.7300,129.3900,128.6500,129.2600,590335.74
1768914000000,129.2600,129.2800,128.3000,128.3700,1085607.72
1768917600000,128.3600,129.7300,127.7500,128.7900,2345202.97
1768921200000,128.7900,128.8900,127.1500,127.7800,2612942.25
1768924800000,127.7700,128.5200,126.2000,127.0000,2152761.52
1768928400000,127.0000,127.9000,126.3000,126.9200,1373069.32
1768932000000,126.9200,127.6700,126.7900,126.9300,807172.15
1768935600000,126.9200,127.4900,126.5400,127.1800,609500.13
1768939200000,127.1800,128.0300,126.9300,127.7700,981499.71
1768942800000,127.7700,127.9000,126.8700,126.8700,391440.02
1768946400000,126.8800,127.4200,124.2500,126.0300,1562923.98
1768950000000,126.0200,126.4300,125.5100,125.7200,829773.38
1768953600000,125.7200,127.4500,125.6600,127.2300,887798.45
1768957200000,127.2300,127.8200,127.1200,127.2900,701172.90
1768960800000,127.2900,127.7300,126.7000,126.8800,555601.98
1768964400000,126.8700,127.7900,126.8200,127.5400,592207.86
1768968000000,127.5400,127.9700,127.3900,127.6900,384603.47
1768971600000,127.7000,128.6800,127.6600,128.4300,636354.52
1768975200000,128.4300,128.5500,127.9100,128.1600,453328.85
1768978800000,128.1600,128.3900,127.4000,127.5300,672538.03
1768982400000,127.5200,127.6200,126.9000,127.1000,592365.80
1768986000000,127.1000,127.7100,126.9700,127.4000,563551.40
1768989600000,127.4000,128.1400,127.3400,127.6600,401750.24
1768993200000,127.6700,127.8600,126.7300,126.8700,711510.40
1768996800000,126.8700,127.3900,126.0900,127.3500,1594025.68
1769000400000,127.3500,127.5800,126.7400,127.0400,796826.52
1769004000000,127.0400,129.6900,126.9000,129.4700,2547843.95
1769007600000,129.4700,131.1300,129.2900,130.3800,2311846.68
1769011200000,130.3700,130.3900,125.4200,125.5200,3268540.57
1769014800000,125.5100,127.0000,125.1700,126.8500,2192237.61
1769018400000,126.8600,127.8100,126.2800,127.5500,1192182.10
1769022000000,127.5500,131.6400,127.1100,131.4600,2760529.64
1769025600000,131.4600,131.6000,129.9700,131.0900,1331140.12
1769029200000,131.0900,132.0900,130.7000,130.9900,748340.00
1769032800000,131.0000,131.7000,130.5100,130.5400,501256.64
1769036400000,130.5400,130.9800,129.0800,129.4800,748497.25
1769040000000,129.4800,130.2700,129.4700,129.9300,532231.44
1769043600000,129.9200,130.5500,129.8100,130.1500,414820.64
1769047200000,130.1500,130.5300,129.6400,129.7200,357353.21
1769050800000,129.7200,130.2200,129.4500,129.7700,318799.95
1769054400000,129.7700,130.4200,129.7200,130.2800,262441.27
1769058000000,130.2800,130.3700,129.8800,130.0400,176677.84
1769061600000,130.0400,130.4000,129.6600,130.2900,328424.94
1769065200000,130.2800,130.3700,129.6800,129.7200,236192.93
1769068800000,129.7300,130.0400,129.2600,129.8700,418900.65
1769072400000,129.8700,130.2000,129.5300,130.1000,358711.47
1769076000000,130.1000,130.3000,129.9300,130.0800,232407.15
1769079600000,130.0900,130.2700,129.6300,130.0400,445684.82
1769083200000,130.0400,130.3800,129.9000,130.0100,305790.45
1769086800000,130.0000,130.8900,129.0100,129.3000,1147776.88
1769090400000,129.2900,129.4600,127.7600,127.8300,1962113.49
1769094000000,127.8300,128.4600,126.6600,127.3200,2068446.90
1769097600000,127.3200,128.2400,126.8200,127.8100,1171428.32
1769101200000,127.8100,128.7500,127.4600,128.6200,639498.30
1769104800000,128.6100,128.7200,127.5300,127.6600,556472.02
1769108400000,127.6600,129.3000,127.3900,129.1800,855635.09
1769112000000,129.1800,129.7000,128.2500,128.4200,769675.65
1769115600000,128.4200,129.0000,128.1400,128.2400,384303.26
1769119200000,128.2500,128.7100,127.9500,128.6500,290221.67
1769122800000,128.6400,128.6600,128.0500,128.4100,247279.64
1769126400000,128.4200,128.4500,128.0000,128.2800,211221.84
1769130000000,128.2800,128.8700,128.2000,128.8200,286302.91
1769133600000,128.8300,128.9000,128.1100,128.1100,308158.58
1769137200000,128.1100,128.7100,128.0700,128.7000,214812.10
1769140800000,128.6900,129.2400,128.5300,129.0500,579467.59
1769144400000,129.0600,129.0600,128.3000,128.6000,401782.38
1769148000000,128.6000,129.0900,127.1600,127.4300,1019030.97
1769151600000,127.4300,128.0300,127.4300,127.8400,449300.65
1769155200000,127.8400,127.9300,126.8700,127.0400,530889.30
1769158800000,127.0400,127.3200,126.8400,127.0000,417234.74
1769162400000,127.0000,127.4200,126.9400,127.2100,350210.55
1769166000000,127.2100,127.6800,127.1500,127.4500,294396.84
1769169600000,127.4600,127.4600,127.0800,127.1100,273791.34
1769173200000,127.1100,127.3500,126.6500,126.7700,495791.95
1769176800000,126.7700,127.3100,125.2200,126.0400,1885474.60
1769180400000,126.0500,128.0500,125.4300,127.8400,1447515.14
1769184000000,127.8500,129.1200,127.3700,128.3800,1653664.14
1769187600000,128.3800,130.1500,127.8000,128.3500,1570096.37
1769191200000,128.3600,129.5100,128.1800,128.9800,862082.69
1769194800000,128.9800,129.0600,127.5900,128.0100,1162493.20
1769198400000,128.0200,128.2100,126.4700,126.9000,1120535.49
1769202000000,126.9000,127.5000,126.8200,127.0600,318806.45
1769205600000,127.0700,127.8200,127.0400,127.6000,235421.81
1769209200000,127.6000,127.6000,127.1800,127.3600,196370.27
1769212800000,127.3700,127.6800,127.3000,127.3200,193288.58
1769216400000,127.3300,127.4900,127.2200,127.4800,136834.05
1769220000000,127.4800,127.7200,127.4100,127.6400,186201.62
1769223600000,127.6500,128.0500,127.5200,127.8200,267181.21
1769227200000,127.8200,128.0400,127.6200,127.7700,171111.65
1769230800000,127.7800,127.8200,127.5600,127.7300,102025.40
1769234400000,127.7300,127.7600,127.4600,127.5800,93799.33
1769238000000,127.5700,127.6100,127.0000,127.0500,299187.30
1769241600000,127.0600,127.3400,126.9300,127.3000,228942.73
1769245200000,127.3000,127.3100,126.9400,127.0500,172885.85
1769248800000,127.0500,127.2000,126.8600,127.1300,173152.95
1769252400000,127.1300,127.3400,127.0500,127.1200,169393.81
1769256000000,127.1200,127.3200,127.0200,127.2400,154101.19
1769259600000,127.2500,127.2500,126.8600,126.8700,192837.54
1769263200000,126.8600,127.2100,126.7500,127.1100,300362.62
1769266800000,127.1100,127.3400,126.7200,126.7800,260514.80
1769270400000,126.7700,127.0600,126.5600,126.9300,294690.90
1769274000000,126.9400,127.2100,126.8800,127.1800,175660.15
1769277600000,127.1800,127.3900,127.1000,127.3000,168665.63
1769281200000,127.3100,127.4300,127.1600,127.2200,177746.90
1769284800000,127.2100,127.4200,127.1900,127.2100,90575.53
1769288400000,127.2200,127.2700,127.0200,127.0800,121967.39
1769292000000,127.0900,127.6500,127.0700,127.5500,226735.30
1769295600000,127.5600,127.6800,127.1000,127.1300,160856.64
1769299200000,127.1300,127.3900,126.7500,127.2600,237814.18
1769302800000,127.2600,127.3500,126.8800,127.0800,152650.81
1769306400000,127.0800,127.3600,126.8700,126.9700,167641.91
1769310000000,126.9700,127.0600,126.2500,126.5500,403122.90
1769313600000,126.5600,126.9300,126.4400,126.7000,222817.96
1769317200000,126.7000,126.8800,126.5500,126.8600,133299.62
1769320800000,126.8700,126.8700,126.3500,126.6400,183581.18
1769324400000,126.6400,126.6500,126.2700,126.4100,142602.51
1769328000000,126.4100,126.7600,125.9000,126.1500,410035.71
1769331600000,126.1500,126.8500,126.0400,126.6500,315234.60
1769335200000,126.6500,127.1600,126.5700,126.8900,304593.11
1769338800000,126.8900,126.9200,126.5000,126.7100,187536.82
1769342400000,126.7100,126.9900,126.5200,126.9800,277324.33
1769346000000,126.9800,127.0800,126.4200,126.9000,240332.24
1769349600000,126.9100,126.9400,125.6000,126.0300,687972.71
1769353200000,126.0200,126.2600,125.3800,125.5100,579805.95
1769356800000,125.5100,125.5100,122.0000,122.6900,4140535.62
1769360400000,122.6800,122.9000,121.4700,122.1300,1394410.98
1769364000000,122.1300,122.2300,120.5600,121.5800,1664713.60
1769367600000,121.5900,121.7700,117.0000,117.8600,4361763.62
1769371200000,117.8700,118.6100,117.3300,118.2400,2780740.29
1769374800000,118.2400,118.8900,117.4900,118.7300,1831177.28
1769378400000,118.7400,118.7400,117.8100,118.3200,523214.85
1769382000000,118.3300,119.3700,117.4600,118.7600,1801769.48
1769385600000,118.7700,119.7300,118.4500,119.5600,1075403.09
1769389200000,119.5600,122.7200,119.4900,122.3100,1729494.23
1769392800000,122.3200,122.6100,121.2100,121.9700,957290.19
1769396400000,121.9600,122.2800,121.0400,121.5100,909835.48
1769400000000,121.5100,123.5500,121.5000,122.5200,1045489.49
1769403600000,122.5200,122.8200,122.3500,122.4100,299756.76
1769407200000,122.4100,122.7200,122.1200,122.4000,363705.49
1769410800000,122.4100,122.9600,122.1500,122.8400,431350.53
1769414400000,122.8500,123.5400,122.2000,122.6400,772338.86
1769418000000,122.6500,122.6800,121.7100,121.8800,685558.58
1769421600000,121.8700,122.6400,121.8500,122.4000,499880.13
1769425200000,122.3900,122.6400,122.3500,122.4600,249749.11
1769428800000,122.4600,122.9100,122.2900,122.6200,372518.69
1769432400000,122.6200,123.2300,122.4600,123.0800,471845.24
1769436000000,123.0900,124.2500,122.5900,123.7200,1844902.07
1769439600000,123.7200,125.1500,122.9800,123.4600,2036493.16
1769443200000,123.4500,124.8400,123.1100,124.2400,1209758.60
1769446800000,124.2500,124.6100,122.9600,124.2400,956089.57
1769450400000,124.2300,125.5400,123.9000,124.8600,1501715.00
1769454000000,124.8500,125.0900,124.1200,124.2600,554827.31
1769457600000,124.2600,124.4000,123.3700,123.6300,531968.67
1769461200000,123.6300,124.7500,123.4600,124.4800,601233.66
1769464800000,124.4700,124.8300,124.1900,124.4600,261949.37
1769468400000,124.4700,124.8300,124.0700,124.1800,452606.17
1769472000000,124.1700,124.3400,123.8100,124.0300,352949.49
1769475600000,124.0200,124.5200,123.6600,124.2800,434331.70
1769479200000,124.2900,125.0800,124.2400,124.9800,596352.37
1769482800000,124.9800,125.1300,124.3300,124.4400,409030.10
1769486400000,124.4500,125.0900,124.1900,124.3600,363628.01
1769490000000,124.3700,124.4600,124.0800,124.4200,265588.82
1769493600000,124.4200,124.6800,123.9400,124.1500,250019.91
1769497200000,124.1400,124.5900,124.0400,124.4600,303202.58
1769500800000,124.4500,124.7300,124.0000,124.0200,433095.79
1769504400000,124.0100,124.0200,123.5100,123.6900,604678.36
1769508000000,123.6900,124.0800,123.6300,123.6600,304126.79
1769511600000,123.6500,124.2300,123.5600,124.0800,300140.80
1769515200000,124.0800,124.2900,123.7700,123.8400,330232.60
1769518800000,123.8400,123.8700,123.0600,123.1300,589142.12
1769522400000,123.1300,124.4600,123.1200,123.5900,1158686.34
1769526000000,123.5900,125.0000,123.3700,124.9400,920453.40
1769529600000,124.9400,126.7400,124.9200,126.2500,2289601.99
1769533200000,126.2400,126.2800,123.4700,123.9800,1927289.79
1769536800000,123.9700,126.2700,123.7500,125.7600,1125114.99
1769540400000,125.7600,126.2300,125.3400,125.7900,714626.08
1769544000000,125.7900,127.4800,125.6700,127.3100,1359068.93
1769547600000,127.3100,127.8000,126.8500,127.0100,894614.10
1769551200000,127.0100,127.7800,126.9300,127.5800,479407.68
1769554800000,127.5900,127.6200,127.0500,127.1200,451012.95
1769558400000,127.1200,127.2500,126.5700,127.1800,581154.73
1769562000000,127.1800,127.4700,126.6200,127.0100,370719.32
1769565600000,127.0100,127.3300,126.6000,126.9900,273183.59
1769569200000,127.0000,127.1700,126.6200,126.9000,276168.27
1769572800000,126.8900,126.9700,126.4000,126.7700,400706.79
1769576400000,126.7700,126.9300,126.3900,126.7000,307008.31
1769580000000,126.7000,127.4900,126.7000,127.3500,449199.68
1769583600000,127.3500,127.4800,126.8800,127.0400,274248.83
1769587200000,127.0400,127.2300,126.6000,126.6400,385350.08
1769590800000,126.6300,127.5600,125.9200,127.5500,891306.04
1769594400000,127.5500,128.0500,127.2400,127.2500,577791.80
1769598000000,127.2500,128.3000,127.1100,128.1000,682801.16
1769601600000,128.1100,128.1900,126.9700,127.1800,770598.26
1769605200000,127.1900,127.8300,126.8000,127.2600,922164.19
1769608800000,127.2700,127.2900,126.4000,126.7900,968049.06
1769612400000,126.7800,127.0900,125.4400,126.0000,1187580.06
1769616000000,126.0100,126.5900,125.5100,126.0200,712543.41
1769619600000,126.0200,126.9900,125.1700,126.4700,815534.76
1769623200000,126.4700,126.5000,125.6200,126.0300,595624.77
1769626800000,126.0300,126.6600,125.2300,125.9300,1161746.30
1769630400000,125.9300,126.6200,125.2500,125.3600,857377.96
1769634000000,125.3600,125.7900,124.6900,125.4100,990999.41
1769637600000,125.4100,125.7800,125.0700,125.6600,399694.55
1769641200000,125.6600,125.7000,124.9800,125.2800,637552.03
1769644800000,125.2900,125.4400,124.5000,125.0500,451229.24
1769648400000,125.0400,125.1800,124.0400,124.2600,623225.72
1769652000000,124.2500,124.7200,123.0700,123.4500,1255206.01
1769655600000,123.4500,123.6900,122.5800,122.9900,875361.12
1769659200000,122.9900,123.4500,122.4100,123.3500,571942.74
1769662800000,123.3600,123.7500,123.0700,123.1600,474756.91
1769666400000,123.1600,123.6600,123.0100,123.6100,311487.35
1769670000000,123.6200,123.9300,123.5700,123.7100,281094.59
1769673600000,123.7200,123.8600,123.0900,123.2000,498710.25
1769677200000,123.2000,123.3100,122.9000,122.9500,294440.00
1769680800000,122.9600,123.2400,122.8400,123.1600,228049.84
1769684400000,123.1600,123.2300,122.6100,122.6900,587323.93
1769688000000,122.6900,123.1200,122.3600,122.7800,537297.90
1769691600000,122.7800,123.1000,122.6100,122.8500,405979.76
1769695200000,122.8500,123.0200,120.2500,120.3000,2345907.87
1769698800000,120.3000,120.3800,116.0300,117.6000,6829310.57
1769702400000,117.6000,118.9100,116.5700,118.8600,2635891.48
1769706000000,118.8600,119.8800,117.5100,117.8300,2179380.44
1769709600000,117.8400,118.1000,115.2900,115.6900,3110741.08
1769713200000,115.6800,117.1300,115.3300,116.7500,1840373.74
1769716800000,116.7500,117.3900,116.4600,116.8600,1220722.92
1769720400000,116.8700,117.6600,116.8000,117.3700,707973.16
1769724000000,117.3800,117.7000,117.2400,117.4900,307579.50
1769727600000,117.5000,117.8400,117.2000,117.7200,435023.17
1769731200000,117.7200,118.0600,117.4300,117.5500,538600.55
1769734800000,117.5400,117.8300,111.7500,115.1500,4456566.55
1769738400000,115.1500,115.3200,112.7000,114.0600,2544329.06
1769742000000,114.0500,114.6000,113.4700,114.3500,1019602.02
1769745600000,114.3400,115.7600,114.2000,115.4900,994377.63
1769749200000,115.4900,116.0300,115.3600,115.3900,579321.15
1769752800000,115.3900,115.4000,112.8900,113.8000,1711685.84
1769756400000,113.7900,116.0700,113.7900,115.7100,1457634.41
1769760000000,115.7200,116.1200,115.0900,115.3100,787841.32
1769763600000,115.3100,115.9900,114.5800,115.3000,1323942.94
1769767200000,115.3000,115.9300,115.0300,115.8500,761619.68
1769770800000,115.8500,117.2400,115.7000,117.0100,984632.46
1769774400000,117.0000,117.2600,115.8800,116.2100,994704.01
1769778000000,116.2100,116.3500,115.1100,115.7400,1289189.08
1769781600000,115.7400,117.6000,115.7200,116.2800,1828703.71
1769785200000,116.2900,117.0900,114.5000,116.7300,2472009.39
1769788800000,116.7200,117.9500,116.1300,117.0700,1856993.41
1769792400000,117.0700,117.7300,116.4700,116.5900,1114471.52
1769796000000,116.5800,118.5600,114.2600,118.0400,3333127.83
1769799600000,118.0400,119.0900,118.0400,118.2300,2009861.02
1769803200000,118.2300,118.3900,116.3200,116.9200,1909618.40
1769806800000,116.9200,117.9800,116.8000,117.3200,893919.70
1769810400000,117.3200,117.5100,116.5100,117.3300,378303.46
1769814000000,117.3200,117.5700,116.8200,117.5400,304770.40
1769817600000,117.5400,117.9100,117.3100,117.4600,476518.52
1769821200000,117.4600,118.2900,117.4600,118.0900,490115.36
1769824800000,118.0800,118.4700,117.5100,118.2400,431909.40
1769828400000,118.2400,118.5600,118.0800,118.2900,275830.18
1769832000000,118.3000,118.7700,118.1900,118.3500,333438.63
1769835600000,118.3500,118.7000,117.9300,118.5400,415598.74
1769839200000,118.5400,118.7200,117.8100,118.4700,559723.87
1769842800000,118.4800,118.5300,117.1000,117.2900,641704.24
1769846400000,117.3000,117.4600,112.6700,115.5200,3055216.38
1769850000000,115.5200,116.7700,115.3000,116.2800,935130.50
1769853600000,116.2800,116.8600,115.9600,116.7000,379006.21
1769857200000,116.7000,116.7100,115.8800,115.9600,435905.83
1769860800000,115.9700,116.1200,114.9500,115.1200,793281.19
1769864400000,115.1200,115.1600,113.5300,114.1000,1340301.25
1769868000000,114.1000,114.3800,108.1500,109.0600,6865093.49
1769871600000,109.0600,110.1400,108.3000,108.5700,2449931.22
1769875200000,108.5800,109.7300,105.5500,106.2100,5027513.96
1769878800000,106.2100,106.6400,100.1000,103.2600,7218301.59
1769882400000,103.2600,103.8200,95.5000,101.8500,7436586.19
1769886000000,101.8500,103.3600,101.3800,101.6500,3558242.17
1769889600000,101.6500,102.4500,100.2600,101.8500,2298350.64
1769893200000,101.8500,103.6400,101.1900,103.3300,2058344.54
1769896800000,103.3400,104.2600,103.1600,103.9800,1012343.04
1769900400000,103.9700,106.4000,103.7200,105.4500,1928135.67
1769904000000,105.4400,106.2800,105.1600,105.5500,1031436.80
1769907600000,105.5500,105.6700,104.1000,104.9000,1015976.60
1769911200000,104.9000,105.8800,104.6500,105.4600,680937.11
1769914800000,105.4600,105.5900,104.4200,104.8700,518482.57
1769918400000,104.8800,105.4300,104.7000,105.1200,547902.97
1769922000000,105.1300,105.6200,104.3900,104.6200,719755.33
1769925600000,104.6200,105.3900,104.4500,105.0100,611770.39
1769929200000,105.0100,105.9700,103.8700,105.1400,1298015.39
1769932800000,105.1400,105.9900,104.7500,105.4600,791066.92
1769936400000,105.4600,105.8600,104.8900,105.7300,691284.63
1769940000000,105.7200,105.8000,103.4400,103.7000,1380637.05
1769943600000,103.7000,105.3400,103.6800,104.9900,980254.89
1769947200000,104.9900,105.1400,104.0600,104.9900,902677.62
1769950800000,104.9800,106.6700,104.0100,104.3800,2173282.79
1769954400000,104.3800,104.7600,101.6600,102.8700,3815560.87
1769958000000,102.8600,102.8900,100.1400,101.6100,2668124.57
1769961600000,101.6200,102.8200,100.8500,101.6300,1822180.00
1769965200000,101.6300,102.4200,101.0400,102.3700,898254.45
1769968800000,102.3700,104.1600,102.3400,103.3700,1684268.45
1769972400000,103.3600,103.6800,101.4500,101.8800,882240.50
1769976000000,101.8700,102.8000,100.1100,101.5200,1695423.31
1769979600000,101.5300,101.6500,100.0400,100.7900,1501816.72
1769983200000,100.7900,102.8100,100.7400,101.7200,1137072.72
1769986800000,101.7200,102.0000,97.9500,100.7300,4805834.59
1769990400000,100.7300,102.8700,99.5700,102.2100,2070385.93
1769994000000,102.2200,103.0900,100.3300,102.0300,1856188.48
1769997600000,102.0300,102.6700,100.4800,100.6800,1196180.77
1770001200000,100.6800,100.8300,95.8300,100.0000,5708688.05
1770004800000,100.0100,101.7500,98.5800,100.2600,2191033.83
1770008400000,100.2600,100.4000,97.5700,98.2200,2359649.80
1770012000000,98.2200,101.3900,97.0000,100.6700,3863320.65
1770015600000,100.6700,102.3900,100.4000,101.3800,1863273.05
1770019200000,101.3900,102.4200,101.3300,101.6500,1132445.27
1770022800000,101.6500,103.1600,101.3600,102.7400,1352979.94
1770026400000,102.7300,103.3900,102.5600,102.8400,853481.25
1770030000000,102.8500,103.3700,102.5800,102.7300,641204.17
1770033600000,102.7300,103.7000,102.7200,103.2400,904498.97
1770037200000,103.2300,103.6400,102.7600,103.2500,894369.92
1770040800000,103.2600,105.1100,102.2900,103.9200,3128764.04
1770044400000,103.9200,106.0600,103.5100,104.6300,2364647.54
1770048000000,104.6200,105.7100,104.2000,104.9300,1256892.46
1770051600000,104.9300,105.5300,104.3700,104.7400,802876.75
1770055200000,104.7500,104.9700,103.7900,104.6400,1105026.91
1770058800000,104.6400,104.7600,103.4300,103.8300,769521.78
1770062400000,103.8300,104.2000,103.2500,103.7700,951811.20
1770066000000,103.7800,104.9200,103.7200,104.7500,576590.76
1770069600000,104.7600,105.1300,104.5000,104.9400,358232.41
1770073200000,104.9500,105.0000,104.3400,104.4800,366557.00
1770076800000,104.4700,104.6000,103.6200,104.0900,765957.43
1770080400000,104.1000,104.3300,103.4700,104.3100,512673.74
1770084000000,104.3200,104.3400,102.2600,102.3500,1023798.39
1770087600000,102.3600,104.3600,102.0800,104.1000,1274430.25
1770091200000,104.0900,105.0600,103.7900,104.6200,660046.96
1770094800000,104.6300,104.6800,103.5800,103.6500,512403.99
1770098400000,103.6500,104.0200,102.8800,103.9000,726413.89
1770102000000,103.9100,104.8500,103.6800,104.6200,575805.04
1770105600000,104.6200,104.9500,103.9900,104.0300,833604.94
1770109200000,104.0300,104.1400,102.4300,103.0300,1521989.23
1770112800000,103.0400,103.2500,102.3800,102.8000,687352.29
1770116400000,102.8000,103.3300,102.7500,102.9200,534039.24
1770120000000,102.9300,103.2900,102.4200,103.0500,666079.98
1770123600000,103.0500,103.5300,102.6800,103.3300,622811.94
1770127200000,103.3400,103.5800,100.7000,100.7900,2049817.74
1770130800000,100.7800,102.7300,100.3000,102.5200,3235872.80
1770134400000,102.5200,102.5200,99.8100,100.6700,2123579.52
1770138000000,100.6700,100.9300,98.9400,99.0400,2122517.05
1770141600000,99.0400,99.3800,96.6000,96.7700,3485573.31
1770145200000,96.7700,100.0300,96.6300,98.9500,3700289.01
1770148800000,98.9400,102.1200,98.2300,101.0800,3274952.12
1770152400000,101.0900,101.7600,99.8900,100.1400,1650981.42
1770156000000,100.1400,100.2100,98.0700,98.4100,1234315.20
1770159600000,98.4100,98.5300,97.1100,97.8100,1786707.83
1770163200000,97.8200,98.7300,97.0800,97.9000,1206153.62
1770166800000,97.9000,99.6000,97.9000,99.0400,1226127.04
1770170400000,99.0300,99.1300,97.3100,97.8400,1025695.70
1770174000000,97.8300,99.5800,97.8100,99.0400,1136160.39
1770177600000,99.0300,99.2700,97.9500,98.0100,698174.04
1770181200000,98.0100,98.3800,96.2000,96.8800,1656131.88
1770184800000,96.8800,98.6900,96.6100,98.1300,1673718.39
1770188400000,98.1200,98.1700,97.2800,97.8200,1021105.53
1770192000000,97.8300,97.8800,96.6900,97.6400,1208095.81
1770195600000,97.6400,97.7100,96.6900,97.0700,1102946.60
1770199200000,97.0700,97.2300,96.7000,96.9600,654864.37
1770202800000,96.9700,97.0100,94.5000,96.0300,4763604.01
1770206400000,96.0400,96.6900,95.7700,96.4100,879602.93
1770210000000,96.4000,96.4200,94.0700,94.3100,2308104.09
1770213600000,94.3000,94.9700,92.8100,93.0200,4452825.93
1770217200000,93.0300,94.1200,91.1900,92.6900,4976463.86
1770220800000,92.6900,93.0300,90.8700,91.8900,3790882.26
1770224400000,91.8800,92.5400,89.9200,91.3500,4358090.65
1770228000000,91.3500,93.1900,90.2400,92.2400,3798679.92
1770231600000,92.2300,94.6700,92.2000,94.3200,3896273.27
1770235200000,94.3200,94.4600,92.9400,93.1900,1380417.85
1770238800000,93.2000,93.3500,90.6800,91.2800,2552870.42
1770242400000,91.2700,92.8500,89.1900,90.7800,3082797.95
1770246000000,90.7700,92.9000,90.2100,92.0700,1903064.19
1770249600000,92.0700,92.7200,91.3300,91.6900,975620.84
1770253200000,91.7000,92.8800,90.4800,91.8900,2053528.50
1770256800000,91.8800,92.6700,90.6300,90.8700,2010682.56
1770260400000,90.8600,91.6600,90.1300,91.1000,1988632.22
1770264000000,91.1000,91.8900,90.2600,91.0800,2162957.32
1770267600000,91.0800,92.0700,89.8500,91.1300,3028691.75
1770271200000,91.1200,91.2100,89.6200,90.1600,2104977.79
1770274800000,90.1600,91.6300,90.1000,90.5000,1758266.95
1770278400000,90.5100,92.4400,90.5100,91.7300,1499400.94
1770282000000,91.7400,93.4000,91.7000,92.4700,1425461.93
1770285600000,92.4700,92.6000,89.7000,90.2200,2302104.52
1770289200000,90.2300,90.7500,88.6100,89.9200,3504436.26
1770292800000,89.9300,90.7200,88.6400,89.4700,3224085.71
1770296400000,89.4600,90.0000,88.1400,88.4400,2100937.68
1770300000000,88.4400,91.4300,88.2500,88.5600,4337491.59
1770303600000,88.5700,88.9600,83.3600,84.5500,10515115.39
1770307200000,84.5500,86.1800,83.6100,85.5000,5049746.48
1770310800000,85.4900,85.6600,82.3400,82.6400,5310450.21
1770314400000,82.6400,83.2800,81.1200,82.8900,4529247.51
1770318000000,82.9000,83.2700,81.3500,81.6300,2881346.02
1770321600000,81.6300,82.2600,77.6000,78.7700,10167536.83
1770325200000,78.7800,81.1400,78.2900,78.9300,4695034.07
1770328800000,78.9400,80.6500,77.4900,79.7600,4298207.74
1770332400000,79.7700,81.5700,78.0100,78.2900,3463688.10
1770336000000,78.2900,78.7400,67.2900,75.4200,18817305.45
1770339600000,75.4200,79.6700,75.4000,79.4800,5382571.76
1770343200000,79.4800,80.2200,76.3400,76.8900,4830997.80
1770346800000,76.8900,77.3500,75.6800,76.6600,2634863.89
1770350400000,76.6600,77.9700,76.1600,77.6900,2091054.20
1770354000000,77.6800,81.5600,77.5100,81.0600,3251935.66
1770357600000,81.0700,81.5100,79.3100,79.4100,2742740.24
1770361200000,79.4100,80.5500,78.6700,79.5000,2399367.12
1770364800000,79.4900,80.1400,78.5500,78.9800,2182115.84
1770368400000,78.9700,81.5800,78.8400,81.2200,2315731.36
1770372000000,81.2200,81.9800,80.6300,80.7300,2055867.84
1770375600000,80.7300,81.6600,80.3600,81.2600,1859468.69
1770379200000,81.2500,81.8600,80.7200,81.7800,1349575.41
1770382800000,81.7800,83.7500,81.5800,83.0100,3837850.57
1770386400000,83.0100,85.1400,81.8200,84.1000,5083614.14
1770390000000,84.1100,84.9800,83.3100,84.4000,3683094.50
1770393600000,84.3900,87.1000,83.5000,86.5800,4440409.73
1770397200000,86.5700,88.5900,86.0200,86.5800,3787426.63
1770400800000,86.5700,86.7300,85.1000,86.0300,2810991.08
1770404400000,86.0300,87.3500,85.4100,86.9700,1984889.98
1770408000000,86.9700,87.8700,86.4800,86.8300,1873875.26
1770411600000,86.8300,88.1300,86.5000,87.9700,1220345.21
1770415200000,87.9700,89.7400,87.8500,89.1000,1648356.95
1770418800000,89.0900,89.5300,87.2500,87.4200,1692742.74
1770422400000,87.4100,87.4200,86.0400,86.5100,1993108.33
1770426000000,86.5100,87.4300,85.8400,87.0600,1142680.08
1770429600000,87.0600,87.5400,86.7200,87.2300,663029.84
1770433200000,87.2400,88.3100,87.1600,88.0100,1044658.86
1770436800000,88.0100,88.9700,87.2100,87.6500,1285392.74
1770440400000,87.6400,88.5700,87.4900,87.7500,948662.11
1770444000000,87.7400,88.1700,86.1600,86.2100,1101961.49
1770447600000,86.2100,86.5900,84.1500,85.2400,4578018.92
1770451200000,85.2400,85.6600,84.6800,85.2900,1308229.71
1770454800000,85.3000,85.6700,84.7500,85.1900,941421.77
1770458400000,85.1800,85.4600,84.4400,84.9400,901653.22
1770462000000,84.9300,85.1600,84.5200,84.8500,814353.41
1770465600000,84.8500,87.1500,84.7800,86.1600,2405119.08
1770469200000,86.1600,86.5900,85.4800,86.0600,874864.61
1770472800000,86.0700,86.5500,85.4300,85.7100,1013713.16
1770476400000,85.7100,86.9100,85.5900,86.5200,1321513.19
1770480000000,86.5100,88.0700,86.1100,86.9900,6317534.03
1770483600000,87.0000,87.6700,86.4200,87.5800,789231.58
1770487200000,87.5700,89.1500,87.3800,88.6500,1234263.76
1770490800000,88.6500,88.7300,87.9300,88.2200,812568.05
1770494400000,88.2100,89.1300,87.9200,88.8300,697746.61
1770498000000,88.8300,89.1100,88.0200,88.1200,562586.99
1770501600000,88.1300,88.6900,88.0800,88.2100,435263.71
1770505200000,88.2100,88.2900,86.8000,87.5100,829647.79
1770508800000,87.5200,87.6000,87.0300,87.2700,551983.92
1770512400000,87.2700,87.9300,87.2400,87.7900,399947.65
1770516000000,87.8000,88.1500,86.8300,87.1900,609105.22
1770519600000,87.2000,87.4700,86.6300,86.7400,498116.40
1770523200000,86.7400,87.3300,86.5300,87.3200,445988.42
1770526800000,87.3200,87.4800,86.9500,87.2000,270493.30
1770530400000,87.2100,87.4300,86.8600,87.0800,320560.34
1770534000000,87.0800,87.3200,86.5900,87.3200,540540.07
1770537600000,87.3200,88.7500,86.8500,88.5500,1434069.56
1770541200000,88.5400,88.9300,87.4500,87.5200,984404.51
1770544800000,87.5200,88.0500,86.3400,86.8100,1215882.30
1770548400000,86.8100,88.2400,86.6700,88.1600,1183268.11
1770552000000,88.1700,88.3200,87.6000,88.0700,818459.37
1770555600000,88.0700,88.8200,87.6700,88.5000,1213953.50
1770559200000,88.5000,88.6700,87.9400,88.3700,648813.74
1770562800000,88.3800,88.7100,87.2600,87.7100,1259041.61
1770566400000,87.7100,87.8500,85.6800,86.1400,1674416.27
1770570000000,86.1300,87.0500,86.0900,86.8600,889354.42
1770573600000,86.8500,88.5700,86.8400,87.7500,1179723.65
1770577200000,87.7500,88.5400,87.7300,88.3400,648485.88
1770580800000,88.3400,88.3500,86.6900,86.8400,920376.96
1770584400000,86.8500,87.2900,86.1700,86.5400,737649.39
1770588000000,86.5500,87.2000,86.3700,87.0700,440696.75
1770591600000,87.0700,89.0900,86.0000,86.9200,2837603.83
1770595200000,86.9100,87.4000,86.3000,87.0100,900255.81
1770598800000,87.0000,87.9300,85.6600,86.3500,1561177.85
1770602400000,86.3500,87.8400,86.1300,86.9600,1111447.27
1770606000000,86.9600,87.8600,86.7800,87.6200,873802.89
1770609600000,87.6100,87.6700,86.9000,87.0600,566632.07
1770613200000,87.0500,87.4100,86.8200,87.1900,483930.55
1770616800000,87.2000,87.2000,85.8800,86.3700,1033735.44
1770620400000,86.3700,86.5100,85.1200,85.4300,1273730.84
1770624000000,85.4300,85.5700,83.7600,84.5000,1936289.99
1770627600000,84.5000,84.8600,83.8800,84.2700,1009128.43
1770631200000,84.2700,84.4300,82.8200,83.2000,1961138.10
1770634800000,83.1900,83.6800,83.1800,83.4300,826925.78
1770638400000,83.4400,84.3300,83.3900,84.0100,880331.59
1770642000000,84.0000,84.5800,83.6900,83.7300,899340.46
1770645600000,83.7200,85.2100,83.5100,84.9000,2392014.09
1770649200000,84.9100,85.7700,84.2700,85.2300,2024389.89
1770652800000,85.2300,86.8600,84.7500,86.0400,1650878.33
1770656400000,86.0500,88.0600,85.5700,87.7400,2307185.93
1770660000000,87.7300,88.6600,87.0100,87.4600,2084385.37
1770663600000,87.4500,88.1800,87.0800,87.9000,1161591.12
1770667200000,87.8900,88.2800,87.1200,87.7000,851215.98
1770670800000,87.7000,87.8400,86.4500,87.2700,868171.29
1770674400000,87.2700,87.5300,86.9000,87.0500,477077.62
1770678000000,87.0600,87.3600,86.5900,86.7100,360889.48
1770681600000,86.7100,86.8800,86.2500,86.3600,439156.04
1770685200000,86.3600,87.4400,86.3200,87.2200,550982.19
1770688800000,87.2200,87.2800,86.3600,86.6200,439451.78
1770692400000,86.6200,86.8100,85.2000,85.8000,1224973.27
1770696000000,85.8000,86.6200,85.7200,86.5000,587827.34
1770699600000,86.4900,86.5300,85.5400,85.8900,609133.57
1770703200000,85.8800,85.9800,84.2600,84.5500,1393552.81
1770706800000,84.5600,85.0700,84.3600,84.5900,970875.49
1770710400000,84.5800,84.8400,84.1100,84.5900,1039381.90
1770714000000,84.5800,85.0300,84.2100,84.5100,843604.91
1770717600000,84.5100,84.7000,84.1400,84.1600,463511.34
1770721200000,84.1700,84.5500,83.6900,83.7900,1050336.17
1770724800000,83.7800,84.3200,83.5800,83.8900,867089.81
1770728400000,83.8900,84.7200,83.6100,84.5900,1090018.65
1770732000000,84.6000,85.1800,83.1400,83.6600,2782860.69
1770735600000,83.6600,84.4900,83.3700,84.2400,1776972.90
1770739200000,84.2400,84.8900,83.7100,84.4200,1238945.52
1770742800000,84.4100,85.1000,84.1400,84.8700,856574.93
1770746400000,84.8700,84.9300,82.6600,82.8900,1574138.22
1770750000000,82.8900,83.4700,82.3900,83.0500,1051239.08
1770753600000,83.0400,83.1900,82.2500,82.6000,1018269.65
1770757200000,82.5900,82.8900,81.8400,82.4100,816674.51
1770760800000,82.4200,82.9500,82.3100,82.5500,469570.76
1770764400000,82.5400,82.9600,82.3100,82.9500,498636.62
1770768000000,82.9600,83.6800,82.8800,83.4200,643102.29
1770771600000,83.4100,83.7400,83.1400,83.7300,397232.45
1770775200000,83.7200,84.3400,83.4600,83.4900,730535.89
1770778800000,83.4900,83.8000,82.5300,83.2800,1029957.36
1770782400000,83.2700,83.4900,81.6300,81.9200,1480901.24
1770786000000,81.9200,82.3500,81.6700,81.8500,645246.28
1770789600000,81.8500,81.9300,80.5200,80.8200,2198279.08
1770793200000,80.8300,81.3300,80.2300,80.9600,1262591.27
1770796800000,80.9500,81.1600,80.4800,81.0400,736899.91
1770800400000,81.0400,81.2500,80.6200,80.7600,763305.16
1770804000000,80.7500,80.9700,80.3300,80.6700,923365.48
1770807600000,80.6600,81.4400,80.6100,81.2100,1078140.07
1770811200000,81.2000,81.4200,80.9000,81.1300,967537.15
1770814800000,81.1400,81.8200,80.5800,81.6100,1842101.02
1770818400000,81.6100,83.1300,79.7000,79.9100,4369276.56
1770822000000,79.9000,80.2900,78.5200,79.6500,3694784.51
1770825600000,79.6600,80.8800,78.6400,78.6800,2209798.27
1770829200000,78.6700,79.9900,77.9200,78.9600,2235151.70
1770832800000,78.9600,79.9600,78.4600,79.7600,1362796.23
1770836400000,79.7500,80.3400,79.2500,79.6700,1112578.69
1770840000000,79.6600,79.9600,78.9000,79.5900,905788.51
1770843600000,79.6000,81.0800,79.5800,80.0900,1454650.65
1770847200000,80.1000,80.1800,79.3900,79.4400,548855.55
1770850800000,79.4500,79.6900,78.5900,79.2500,1035737.39
1770854400000,79.2400,80.1800,79.2200,79.9200,585395.86
1770858000000,79.9300,80.7400,79.9300,80.3700,763211.80
1770861600000,80.3600,80.7000,79.8800,80.2800,552878.01
1770865200000,80.2800,80.6200,80.0200,80.5600,354547.54
1770868800000,80.5600,80.9300,80.2300,80.2600,775350.82
1770872400000,80.2600,80.5700,79.3700,80.5300,1075845.86
1770876000000,80.5400,80.9600,80.3200,80.5300,628111.05
1770879600000,80.5200,80.8800,80.2400,80.7200,510699.62
1770883200000,80.7200,80.8800,80.2600,80.7000,513084.27
1770886800000,80.7100,81.8600,80.5100,81.7400,1545239.37
1770890400000,81.7400,82.1900,81.2900,82.1200,938453.26
1770894000000,82.1200,82.1900,81.6400,81.8000,778742.60
1770897600000,81.7900,81.8900,80.7700,81.0300,998906.79
1770901200000,81.0300,82.0700,80.6400,81.9000,1305952.49
1770904800000,81.9000,81.9300,80.9500,81.0900,1301285.09
1770908400000,81.0900,81.4800,80.0300,80.0600,2012842.09
1770912000000,80.0600,80.1700,78.1200,78.2700,3630818.07
1770915600000,78.2600,78.6400,77.4600,77.8600,2374628.78
1770919200000,77.8600,78.4400,77.1400,77.5600,1862357.40
1770922800000,77.5600,78.5900,76.9000,77.5700,1916517.63
1770926400000,77.5700,77.8800,76.5400,76.8600,1604209.58
1770930000000,76.8600,77.5200,76.8600,77.2900,718520.17
1770933600000,77.2900,78.0800,76.9100,78.0500,778562.95
1770937200000,78.0600,78.4800,77.7700,78.3700,1001515.64
1770940800000,78.3700,78.6900,77.4900,77.9900,926378.51
1770944400000,77.9900,78.8000,77.9700,78.5600,758683.25
1770948000000,78.5600,79.2800,78.3900,79.0900,762422.32
1770951600000,79.1000,79.4400,78.7600,79.0000,585484.08
1770955200000,79.0100,79.2300,78.4000,78.4700,542976.25
1770958800000,78.4700,78.7200,78.1200,78.2500,576998.56
1770962400000,78.2400,78.6300,77.7900,78.5800,710113.09
1770966000000,78.5800,79.2200,78.4800,78.9300,878394.39
1770969600000,78.9300,79.8700,78.8000,79.6700,885503.09
1770973200000,79.6700,79.9200,79.3600,79.8200,686359.90
1770976800000,79.8200,80.5800,79.7100,80.2900,1396847.78
1770980400000,80.3000,80.3600,79.7400,80.2600,798417.77
1770984000000,80.2600,80.2700,79.8000,79.9200,435549.51
1770987600000,79.9200,80.8900,79.6800,80.2300,1452755.82
1770991200000,80.2300,81.9300,79.8000,81.3000,2624276.67
1770994800000,81.3100,84.3000,81.0400,83.1600,3860970.78
1770998400000,83.1600,84.9900,82.8700,84.1700,2201574.97
1771002000000,84.1800,84.6900,83.5200,84.2900,1348130.62
1771005600000,84.3000,85.5700,84.0700,85.3500,1672358.39
1771009200000,85.3400,85.5900,84.5000,84.6000,958308.02
1771012800000,84.6000,85.0300,84.1200,84.7200,1105131.61
1771016400000,84.7300,85.1600,84.5200,84.8000,662646.23
1771020000000,84.8000,84.8800,84.4100,84.6200,335200.46
1771023600000,84.6200,84.6200,84.0400,84.2900,419338.61
1771027200000,84.2800,85.0400,84.1700,84.8800,647681.65
1771030800000,84.8800,85.1500,84.7200,84.9400,416182.13
1771034400000,84.9400,84.9600,84.5400,84.8500,341624.24
1771038000000,84.8400,85.2500,84.7700,85.0000,347760.58
1771041600000,85.0000,85.0500,84.7300,84.7600,255764.29
1771045200000,84.7600,84.9800,84.5600,84.5700,248109.42
1771048800000,84.5600,84.9000,84.2800,84.7900,418436.30
1771052400000,84.7900,85.2200,84.7100,85.1200,386430.72
1771056000000,85.1300,86.3700,85.1000,86.1500,1522660.74
1771059600000,86.1500,86.3200,85.7800,85.9500,738531.86
1771063200000,85.9600,85.9600,85.6600,85.7600,357762.00
1771066800000,85.7600,87.2800,85.7600,87.2200,1728318.26
1771070400000,87.2200,87.2600,86.2000,86.3600,1195849.52
1771074000000,86.3700,86.8500,85.9700,86.3900,1138482.08
1771077600000,86.3900,87.4900,86.3200,87.2000,1056052.14
1771081200000,87.2000,87.6500,87.0400,87.3800,878558.94
1771084800000,87.3900,88.1900,86.9600,88.0400,1598686.67
1771088400000,88.0400,88.4200,87.7600,87.9700,900816.62
1771092000000,87.9800,88.2400,87.7100,87.9500,565504.67
1771095600000,87.9400,88.2700,87.4800,88.1300,531214.21
1771099200000,88.1400,88.3800,87.6100,88.0800,656679.29
1771102800000,88.0800,88.4500,87.2200,88.0000,1066404.96
1771106400000,88.0000,88.8500,87.8400,88.4400,719509.58
1771110000000,88.4300,88.8500,87.9800,88.0200,591118.01
1771113600000,88.0100,88.3800,87.7400,88.1400,658837.56
1771117200000,88.1400,88.7000,87.5600,88.2400,821369.12
1771120800000,88.2300,88.4700,87.4500,87.9600,695417.69
1771124400000,87.9500,88.7600,87.3100,88.5600,948781.44
1771128000000,88.5600,89.7800,88.3200,88.7400,2131220.37
1771131600000,88.7300,90.0300,88.6900,89.6100,1051157.29
1771135200000,89.6100,90.1200,89.2600,89.5400,914372.61
1771138800000,89.5400,90.9600,89.3300,90.6800,1325662.98
1771142400000,90.6800,91.1900,89.1500,89.6000,1926662.69
1771146000000,89.6100,90.4600,89.3900,89.9300,855295.54
1771149600000,89.9300,90.0500,89.0500,89.4700,833454.21
1771153200000,89.4700,89.7800,88.9500,89.1300,599263.02
1771156800000,89.1200,89.5900,87.2600,87.2700,2196945.08
1771160400000,87.2800,88.3400,86.7800,86.9300,2350465.82
1771164000000,86.9300,87.5700,86.6100,87.3100,1214817.23
1771167600000,87.3100,87.6300,86.8800,87.3600,820439.90
1771171200000,87.3600,87.6200,86.6100,87.5100,982215.37
1771174800000,87.5100,87.8500,85.6700,86.3700,1941175.14
1771178400000,86.3700,86.8100,85.9500,86.1700,1190334.57
1771182000000,86.1600,86.3100,85.1400,85.2900,1573350.83
1771185600000,85.2800,85.9500,84.8300,85.8100,980584.26
1771189200000,85.8200,86.3900,85.8100,86.1100,802622.02
1771192800000,86.1200,86.6300,85.9900,86.3100,544908.85
1771196400000,86.3100,86.3200,85.0400,86.0900,1039032.09
1771200000000,86.0900,86.4700,85.5800,86.1200,619247.85
1771203600000,86.1300,86.5900,85.3300,85.7200,805662.14
1771207200000,85.7200,86.1700,85.1800,85.3400,681889.27
1771210800000,85.3500,85.5200,84.7100,85.1100,714293.75
1771214400000,85.1000,85.7800,85.0500,85.7500,551038.20
1771218000000,85.7600,85.8600,84.4000,84.6500,914080.35
1771221600000,84.6500,85.1700,84.4700,85.0000,551689.90
1771225200000,85.0100,85.4700,84.7600,85.0100,537216.42
1771228800000,85.0200,85.4500,84.9900,85.3200,590521.73
1771232400000,85.3300,86.2000,85.3200,85.9300,904487.05
1771236000000,85.9300,85.9800,85.5600,85.6900,461049.56
1771239600000,85.6900,85.9200,84.4000,85.4600,1181451.93
1771243200000,85.4600,86.3500,85.2100,86.1300,1601469.20
1771246800000,86.1300,86.8800,83.7900,84.1000,3424855.36
1771250400000,84.0900,84.6200,83.3900,83.9800,1946286.87
1771254000000,83.9900,84.5000,82.5100,83.1600,2266769.63
1771257600000,83.1600,84.0600,83.0500,83.9200,1710184.57
1771261200000,83.9100,84.7500,83.8200,84.4500,1153261.15
1771264800000,84.4500,85.1100,84.4200,84.4700,837858.20
1771268400000,84.4800,85.0700,84.1700,84.5700,571398.84
1771272000000,84.5700,85.4500,84.4400,85.3100,768702.23
1771275600000,85.3100,86.0800,85.0600,85.9700,714617.14
1771279200000,85.9700,86.2000,85.5200,85.6700,593230.56
1771282800000,85.6600,86.6100,85.6100,86.3900,828034.05
1771286400000,86.3900,87.1100,86.2300,86.5600,1021635.62
1771290000000,86.5600,87.0300,86.0700,86.1200,730589.95
1771293600000,86.1300,87.6600,85.7200,87.2600,1055883.00
1771297200000,87.2600,87.3200,86.2700,86.3100,741295.50
1771300800000,86.3100,86.6100,85.8700,86.3200,767781.53
1771304400000,86.3200,86.4400,85.3800,86.1600,712869.47
1771308000000,86.1600,86.7600,86.1500,86.4400,426792.16
1771311600000,86.4400,86.4900,85.8700,86.4200,444311.82
1771315200000,86.4200,86.7100,85.8400,85.8900,800438.94
1771318800000,85.9000,86.1300,85.6100,85.8700,440333.91
1771322400000,85.8700,85.9900,84.8200,84.9900,899705.70
1771326000000,84.9900,85.2500,84.6700,85.0400,629555.81
1771329600000,85.0500,85.5300,84.4600,84.5800,962431.23
1771333200000,84.5900,85.4700,84.3100,84.9400,1324796.59
1771336800000,84.9300,85.4200,82.9300,83.2000,2584088.98
1771340400000,83.2000,83.8500,82.8600,83.7600,2250697.85
1771344000000,83.7500,85.4300,83.6600,84.1300,2052912.36
1771347600000,84.1300,84.2800,83.0800,83.6400,1118298.17
1771351200000,83.6500,85.3900,83.5000,85.0700,1228565.22
1771354800000,85.0700,85.7200,84.5800,84.8000,1070485.19
1771358400000,84.8000,85.2200,84.4700,84.9400,816314.90
1771362000000,84.9300,85.3900,84.7800,85.1700,406470.17
1771365600000,85.1700,85.3900,84.9100,84.9800,214094.18
1771369200000,84.9800,85.2900,84.8400,85.0200,441374.07
1771372800000,85.0200,85.4400,84.7500,84.8200,514966.59
1771376400000,84.8200,84.9400,83.8700,84.2100,646005.62
1771380000000,84.2000,84.9500,84.1800,84.6100,397368.17
1771383600000,84.6200,85.4100,84.4900,85.2700,430978.42
1771387200000,85.2700,85.5000,84.9200,85.1000,359687.59
1771390800000,85.1000,85.2100,84.7000,84.8500,267740.18
1771394400000,84.8400,85.2600,84.7500,84.8700,292642.45
1771398000000,84.8700,85.3800,84.6300,85.2200,442897.89
1771401600000,85.2200,86.0400,85.1700,85.4200,963551.20
1771405200000,85.4200,85.7000,85.2500,85.2600,373487.09
1771408800000,85.2700,85.3400,84.1200,84.2200,915637.04
1771412400000,84.2100,84.2200,82.7400,82.8000,2196459.62
1771416000000,82.7900,83.2800,82.2400,82.9400,1671622.42
1771419600000,82.9400,83.2100,82.2300,82.5400,1111194.03
1771423200000,82.5400,82.8200,81.6200,82.4900,1917347.16
1771426800000,82.4900,83.9700,82.4500,82.9500,2041394.42
1771430400000,82.9600,83.0400,82.0000,82.2300,1387194.08
1771434000000,82.2300,82.9500,82.0300,82.1200,776768.49
1771437600000,82.1300,82.3100,80.7400,81.2300,1841022.00
1771441200000,81.2200,81.5500,80.3700,80.8700,1565915.42
1771444800000,80.8700,81.5500,80.7900,81.2700,874447.60
1771448400000,81.2700,81.5900,80.9200,81.2100,634983.81
1771452000000,81.2200,81.5000,80.9900,81.4100,313211.51
1771455600000,81.4200,81.5900,81.1800,81.5500,305204.50
1771459200000,81.5400,81.6800,81.1800,81.4400,316470.09
1771462800000,81.4400,81.9900,81.4400,81.8200,421307.66
1771466400000,81.8300,82.0200,81.2500,81.6000,571292.73
1771470000000,81.5900,81.9000,81.3700,81.7100,264099.60
1771473600000,81.7200,82.0000,81.4300,81.4600,449861.42
1771477200000,81.4500,81.9300,81.3200,81.8300,512490.49
1771480800000,81.8300,82.4500,81.7700,82.3200,545010.90
1771484400000,82.3100,82.6300,81.9500,82.3400,591050.79
1771488000000,82.3400,82.3500,81.5100,81.6700,652920.08
1771491600000,81.6800,81.9600,81.0600,81.1400,746717.52
1771495200000,81.1500,81.7900,80.8600,81.4800,994257.88
1771498800000,81.4900,81.8600,81.0600,81.2000,468789.27
1771502400000,81.2000,81.2800,80.6300,80.7600,1003418.86
1771506000000,80.7600,80.8800,79.5700,79.9600,1826615.15
1771509600000,79.9700,81.2900,79.9000,80.7400,1971232.25
1771513200000,80.7400,81.2600,79.9100,80.5900,1241099.16
1771516800000,80.5800,80.9200,79.8600,80.7600,1239793.63
1771520400000,80.7600,81.9000,80.1700,80.4200,1584806.77
1771524000000,80.4300,82.0200,80.3300,81.9500,1158439.46
1771527600000,81.9500,82.1900,81.0200,81.9000,962930.56
1771531200000,81.9000,82.3400,81.6300,82.0600,725162.83
1771534800000,82.0500,82.1400,81.7800,82.0200,322242.45
1771538400000,82.0200,82.5000,81.8600,82.2900,481318.57
1771542000000,82.2900,82.5200,82.0700,82.4600,333561.60
1771545600000,82.4600,83.5000,82.2700,82.8500,1122342.16
1771549200000,82.8500,83.1000,82.6400,82.9700,486149.54
1771552800000,82.9700,83.2700,82.7500,82.8600,564127.55
1771556400000,82.8700,83.3200,82.7900,82.9700,431705.96
1771560000000,82.9800,83.0500,82.3200,82.6300,671734.47
1771563600000,82.6300,83.7100,82.4500,83.2300,872140.07
1771567200000,83.2200,83.6900,83.0900,83.6600,516578.33
1771570800000,83.6600,83.8800,83.3400,83.3800,606152.72
1771574400000,83.3900,83.7600,83.2400,83.5900,396588.12
1771578000000,83.5800,84.4500,83.5800,84.1600,1060560.58
1771581600000,84.1500,84.8100,83.9900,84.0500,1017582.92
1771585200000,84.0500,84.2100,83.2900,83.5200,1291483.96
1771588800000,83.5300,83.9900,83.3100,83.6700,744560.75
1771592400000,83.6700,83.6700,81.7100,82.1500,2573140.91
1771596000000,82.1600,83.3500,82.0700,83.0200,1701036.88
1771599600000,83.0200,84.7600,82.6200,84.3300,3584206.83
1771603200000,84.3200,84.9200,83.6800,84.4500,1874028.36
1771606800000,84.4500,84.5600,82.7500,84.4400,2382904.86
1771610400000,84.4500,85.4400,83.9000,85.2100,1961711.51
1771614000000,85.2000,85.3400,84.3300,84.7200,735375.68
1771617600000,84.7100,85.1900,84.3600,84.5700,500128.00
1771621200000,84.5700,84.7200,84.2500,84.5200,539466.60
1771624800000,84.5100,84.7300,84.0600,84.5500,500093.79
1771628400000,84.5400,84.6700,84.2300,84.6200,315878.71
1771632000000,84.6200,84.7100,84.2900,84.4000,330932.73
1771635600000,84.4000,84.8100,84.4000,84.6500,238236.43
1771639200000,84.6400,84.9800,84.4800,84.7600,272963.05
1771642800000,84.7600,84.7900,84.1600,84.2900,444080.33
1771646400000,84.3000,84.4600,84.0800,84.3600,244360.55
1771650000000,84.3500,84.5400,84.3300,84.4200,168450.46
1771653600000,84.4200,84.7400,83.9600,84.0800,600933.10
1771657200000,84.0700,84.2900,83.9100,84.1800,355101.39
1771660800000,84.1700,84.6900,84.1400,84.6700,330980.56
1771664400000,84.6600,85.1500,84.6100,84.8600,626424.05
1771668000000,84.8700,85.2400,84.8400,85.1100,326325.57
1771671600000,85.1100,85.6700,85.0900,85.3500,689059.90
1771675200000,85.3500,85.4900,84.9600,85.2500,544309.84
1771678800000,85.2600,85.9300,85.1100,85.8100,611907.68
1771682400000,85.8100,86.6300,85.5800,86.2700,1455277.99
1771686000000,86.2700,86.6800,86.1300,86.5200,719820.62
1771689600000,86.5200,86.6200,85.8000,86.1000,869084.67
1771693200000,86.0900,86.4200,85.7700,86.1900,779240.30
1771696800000,86.1900,86.6700,86.1300,86.5300,495249.61
1771700400000,86.5300,86.6400,86.1300,86.1700,348692.35
1771704000000,86.1600,86.1700,85.2100,85.4100,800075.89
1771707600000,85.4200,85.8000,85.3500,85.7900,396031.25
1771711200000,85.7900,85.8500,85.3200,85.4000,316604.20
1771714800000,85.4100,85.5100,85.0700,85.1200,504412.46
1771718400000,85.1200,85.1800,84.7100,85.0100,582817.68
1771722000000,85.0100,85.3800,85.0000,85.2800,456387.17
1771725600000,85.2800,85.5600,84.8000,84.9000,484645.02
1771729200000,84.9100,85.1100,84.6200,85.0300,470545.86
1771732800000,85.0300,85.3000,84.9100,85.1000,238929.57
1771736400000,85.1000,85.1600,84.7300,84.9300,273075.88
1771740000000,84.9200,85.2800,84.8900,85.2400,308228.10
1771743600000,85.2400,85.5000,85.0900,85.1900,495812.36
1771747200000,85.1900,85.2100,84.8100,84.9100,374719.57
1771750800000,84.9100,85.1400,84.8800,84.9700,203290.96
1771754400000,84.9700,85.2500,84.9400,85.1600,241247.79
1771758000000,85.1700,85.4300,85.0900,85.2000,275723.77
1771761600000,85.2000,85.2600,84.2700,84.4000,964907.34
1771765200000,84.4000,84.5900,83.6200,83.9400,1180889.09
1771768800000,83.9500,84.0300,83.3200,83.6000,1140990.52
1771772400000,83.6000,83.6800,82.9400,83.4400,1559849.95
1771776000000,83.4400,83.5800,83.1300,83.5200,441868.66
1771779600000,83.5300,83.5600,82.7600,83.0100,785830.25
1771783200000,83.0000,83.2400,82.9100,83.1600,393500.79
1771786800000,83.1600,83.3600,82.9700,83.2500,232251.96
1771790400000,83.2400,83.3200,82.9100,82.9700,451927.27
1771794000000,82.9700,83.5300,82.9700,83.4400,289012.19
1771797600000,83.4400,83.6600,83.0300,83.5200,507598.24
1771801200000,83.5200,83.6000,82.4300,82.7500,1152990.25
1771804800000,82.7500,82.8100,81.2600,81.3400,1358483.17
1771808400000,81.3300,81.3300,77.3900,77.8800,6426229.44
1771812000000,77.8800,78.3700,77.4500,77.7900,1721771.38
1771815600000,77.7800,78.2300,77.1600,77.5700,1545407.03
1771819200000,77.5800,77.6600,77.0600,77.2900,937844.69
1771822800000,77.3000,77.9800,77.2500,77.7400,1366222.64
1771826400000,77.7400,79.1000,77.5700,79.0100,1906823.53
1771830000000,79.0000,79.6300,78.8300,79.3200,1214368.59
1771833600000,79.3200,79.3300,78.4400,78.6900,1201485.29
1771837200000,78.6900,80.4800,78.6900,80.4000,1986515.49
1771840800000,80.4000,80.6300,80.0300,80.2200,1051718.99
1771844400000,80.2200,80.5000,79.9000,79.9900,714984.57
1771848000000,79.9900,80.9300,79.8100,80.6500,1490843.06
1771851600000,80.6500,81.0600,80.3700,80.4700,1320628.72
1771855200000,80.4700,80.7600,79.3600,80.0900,2435669.86
1771858800000,80.0900,80.2900,79.1500,79.3500,1640658.32
1771862400000,79.3600,79.7600,78.6100,78.9200,2003221.99
1771866000000,78.9300,79.1100,77.2100,78.2700,2432078.28
1771869600000,78.2800,79.2600,78.0000,78.5700,1630953.09
1771873200000,78.5800,78.8700,77.8800,78.2500,1110452.43
1771876800000,78.2400,78.5000,77.8000,78.2600,937774.25
1771880400000,78.2600,78.6900,78.1300,78.3300,716229.08
1771884000000,78.3300,78.8700,78.2000,78.2100,717362.09
1771887600000,78.2100,78.5000,77.5700,77.8700,668599.56
1771891200000,77.8600,78.4900,77.8500,78.4100,662279.53
1771894800000,78.4000,78.4200,75.6800,77.6300,3291013.22
1771898400000,77.6200,78.3800,77.4600,77.5800,916891.98
1771902000000,77.5900,77.5900,76.4300,76.8400,1359040.92
1771905600000,76.8400,77.0400,76.0600,76.8000,1235165.01
1771909200000,76.8000,77.2900,76.1500,76.5900,1175168.39
1771912800000,76.5800,76.8900,76.3300,76.5500,570030.53
1771916400000,76.5500,77.1900,76.4500,76.7900,771912.21
1771920000000,76.8000,77.1500,76.4300,76.9800,660203.70
1771923600000,76.9700,77.0900,75.8700,76.6100,995095.29
1771927200000,76.6100,76.7900,76.3500,76.7100,440130.13
1771930800000,76.7100,76.8600,76.4400,76.7100,396014.53
1771934400000,76.7100,77.0100,76.4500,76.5400,619524.77
1771938000000,76.5500,76.7500,75.9900,76.5200,1078039.78
1771941600000,76.5100,77.3900,75.5700,76.8300,2636718.06
1771945200000,76.8400,77.4500,76.5500,77.2500,1338868.42
1771948800000,77.2600,78.2000,77.1700,78.0600,1729240.43
1771952400000,78.0700,78.4500,77.7400,77.9300,1138179.80
1771956000000,77.9200,78.2800,77.5100,78.1400,688056.46
1771959600000,78.1400,78.4700,77.8200,78.3200,648260.91
1771963200000,78.3300,78.8600,78.2800,78.6100,831433.85
1771966800000,78.6000,78.6700,78.0600,78.4800,663208.55
1771970400000,78.4800,79.3400,78.3900,79.0200,731907.28
1771974000000,79.0200,79.5600,78.5900,78.9100,957007.55
1771977600000,78.9200,79.3700,78.6600,79.1400,641745.89
1771981200000,79.1300,82.5300,79.0400,81.9400,4217964.18
1771984800000,81.9500,82.9700,81.9300,82.4100,1809415.86
1771988400000,82.4200,82.5300,81.5800,81.7200,1185220.03
1771992000000,81.7100,82.4100,81.2400,81.9300,1342531.46
1771995600000,81.9200,82.1400,80.9300,81.2600,1416645.98
1771999200000,81.2500,81.8500,81.1100,81.5300,784760.13
1772002800000,81.5300,82.3800,81.4500,82.1300,927637.25
1772006400000,82.1400,82.5200,81.8800,82.4400,964032.38
1772010000000,82.4500,82.6600,82.1800,82.4900,819350.57
1772013600000,82.4900,82.9300,82.4100,82.5100,760040.86
1772017200000,82.5100,83.3800,82.2600,83.3300,1185040.51
1772020800000,83.3400,84.0600,82.8500,83.6400,1722082.73
1772024400000,83.6400,84.4000,83.2900,83.7800,1786056.98
1772028000000,83.7900,85.7500,83.7500,85.5900,2699059.15
1772031600000,85.5900,86.4300,84.9500,85.9200,2917760.96
1772035200000,85.9200,87.6700,85.9200,87.5000,2892063.18
1772038800000,87.5100,88.9200,87.3500,88.5200,2767251.06
1772042400000,88.5100,89.1500,87.9600,88.9100,1770585.02
1772046000000,88.9000,89.6000,88.3100,89.3900,1501134.62
1772049600000,89.4000,90.0800,88.9300,89.3400,1722033.33
1772053200000,89.3300,92.0900,89.3300,89.8100,2883574.91
1772056800000,89.8200,90.5000,88.3300,89.0700,1575524.40
1772060400000,89.0600,89.3200,87.0500,88.0100,2147775.14
1772064000000,88.0100,89.2200,87.7900,88.5500,1775791.39
1772067600000,88.5600,89.1300,88.1700,88.3900,755295.53
1772071200000,88.3900,88.4400,87.5100,88.1600,1036878.75
1772074800000,88.1500,88.3400,87.7300,87.9100,506794.72
1772078400000,87.9100,89.0000,87.7900,88.6800,829598.97
1772082000000,88.6900,88.6900,87.1800,87.7200,1071149.34
1772085600000,87.7300,87.9700,87.3200,87.5900,537172.10
1772089200000,87.5900,87.8400,87.1700,87.2100,618569.13
1772092800000,87.2100,87.8300,87.2000,87.2400,735745.07
1772096400000,87.2400,88.6400,87.1500,88.2700,1294360.32
1772100000000,88.2600,88.5400,87.2200,87.4000,867833.53
1772103600000,87.4000,87.5700,86.5300,86.7600,1080967.60
1772107200000,86.7600,87.7400,86.6600,87.6300,678661.28
1772110800000,87.6200,88.0400,87.4200,87.5700,595944.70
1772114400000,87.5800,88.2200,86.2300,86.9700,2082352.44
1772118000000,86.9700,87.0500,85.2200,86.5200,2950274.32
1772121600000,86.5200,86.7100,84.2500,84.5300,2746885.34
1772125200000,84.5400,85.2900,84.4400,84.8500,1405282.84
1772128800000,84.8400,85.6600,84.4000,85.3300,1329631.17
1772132400000,85.3200,86.6500,85.2800,86.4100,1377420.99
1772136000000,86.4200,86.8300,85.7900,85.9800,744865.03
1772139600000,85.9700,86.2600,85.6800,85.8900,495037.34
1772143200000,85.9000,86.2100,85.7300,86.0800,275096.82
1772146800000,86.0800,86.1100,85.7100,85.8600,319157.60
1772150400000,85.8600,86.0000,85.1400,85.8000,752429.81
1772154000000,85.8000,86.1100,85.2500,86.0900,961077.29
1772157600000,86.0900,86.7500,85.8900,86.5200,576560.55
1772161200000,86.5200,87.7700,86.3000,87.5700,926383.21
1772164800000,87.5700,88.2600,87.4100,87.4900,1370939.44
1772168400000,87.4900,87.8000,87.3200,87.4800,500341.68
1772172000000,87.4800,87.5700,86.7900,87.2800,782371.44
1772175600000,87.2700,87.4000,86.7400,87.2600,714801.96
1772179200000,87.2700,87.8800,87.1400,87.5200,899249.29
1772182800000,87.5200,87.7800,86.1800,86.2700,1035406.16
1772186400000,86.2600,86.4500,84.5000,84.6500,1781115.68
1772190000000,84.6600,84.9000,83.2700,83.5300,1916895.76
1772193600000,83.5200,83.7100,82.5600,83.0500,1675399.83
1772197200000,83.0600,83.5000,81.8900,83.0100,2748887.67
1772200800000,83.0100,83.3100,82.0300,82.3200,1921458.88
1772204400000,82.3200,83.0300,82.2400,82.6400,1528066.22
1772208000000,82.6300,82.6400,81.2400,81.2900,1990173.07
1772211600000,81.2900,81.8800,81.0500,81.7800,1502750.75
1772215200000,81.7800,81.9900,81.3500,81.4500,873210.43
1772218800000,81.4500,81.6900,81.0800,81.5200,528282.46
1772222400000,81.5200,81.8400,81.1700,81.4100,813862.36
1772226000000,81.4100,81.7900,80.8100,81.1700,854947.62
1772229600000,81.1600,81.5600,80.2600,81.3800,1074371.05
1772233200000,81.3900,82.0700,81.3000,81.8000,868734.68
1772236800000,81.8000,82.1000,81.5300,82.0600,593992.68
1772240400000,82.0700,82.2200,81.6600,81.7300,472456.19
1772244000000,81.7200,82.1500,81.6400,82.0700,288857.55
1772247600000,82.0800,82.0800,81.4700,81.6900,405773.79
1772251200000,81.6800,81.8500,81.1500,81.5900,556507.65
1772254800000,81.5900,81.7600,81.2300,81.5000,305479.48
1772258400000,81.4900,81.5000,77.0600,77.4800,5409398.42
1772262000000,77.4800,79.6400,77.0600,78.6300,3642919.91
1772265600000,78.6400,78.6700,77.7800,77.9500,1339541.87
1772269200000,77.9400,78.6600,77.6700,78.3400,1091045.54
1772272800000,78.3400,79.1100,77.9100,79.0500,1361416.55
1772276400000,79.0400,79.5300,78.5800,78.7100,1090404.13
1772280000000,78.7100,79.1600,78.5500,78.8600,660914.51
1772283600000,78.8700,80.9500,78.6300,80.7500,2646939.27
1772287200000,80.7500,81.4600,79.9600,80.1900,2878427.86
1772290800000,80.1900,81.1000,79.5400,80.8700,1584965.54
1772294400000,80.8600,81.2900,80.4300,81.0200,970543.06
1772298000000,81.0100,81.4800,80.5200,81.3300,748729.05
1772301600000,81.3200,82.8700,81.0300,82.2900,1678723.02
1772305200000,82.2900,82.7300,81.3900,82.1500,1735733.21
1772308800000,82.1500,85.0000,81.9000,84.8300,2775661.69
1772312400000,84.8300,85.0200,83.5300,84.4400,1561938.64
1772316000000,84.4400,85.6300,84.2000,84.2500,1070480.07
1772319600000,84.2500,84.6900,83.8700,84.2900,746698.85
1772323200000,84.2900,84.9800,84.2700,84.8200,848678.89
1772326800000,84.8300,87.4800,84.2200,86.7000,2453817.86
1772330400000,86.7000,88.8800,86.6900,87.9200,2965944.71
1772334000000,87.9200,88.3000,87.5900,87.9800,1067198.95
1772337600000,87.9900,88.2300,86.8300,87.5000,1457454.08
1772341200000,87.5100,87.9900,87.1600,87.2300,673374.61
1772344800000,87.2300,87.3600,86.1100,86.6300,1440528.36
1772348400000,86.6300,86.8600,86.2300,86.5800,639947.52
1772352000000,86.5900,86.7900,85.0100,85.1700,1274315.28
1772355600000,85.1800,85.8300,84.7700,84.9600,1348849.85
1772359200000,84.9600,85.6300,84.6700,85.1800,1008455.63
1772362800000,85.1800,85.4800,84.9400,85.1300,460051.91
1772366400000,85.1300,85.3600,84.7200,84.8400,654620.77
1772370000000,84.8300,86.9500,84.4600,86.0200,2149306.17
1772373600000,86.0300,86.8600,85.3700,85.7500,1509617.49
1772377200000,85.7400,86.6400,85.5600,85.6100,1133059.71
1772380800000,85.6100,86.0500,83.5100,83.9600,2499321.11
1772384400000,83.9700,84.2600,83.1400,83.8500,1816607.42
1772388000000,83.8500,84.9900,83.8000,83.8900,1419989.39
1772391600000,83.9000,83.9800,82.9800,83.1900,847167.85
1772395200000,83.1900,83.2400,81.6400,81.9300,1805955.21
1772398800000,81.9300,82.9800,81.8800,82.8900,947305.14
1772402400000,82.9000,84.1700,82.3200,82.6800,1702756.06
1772406000000,82.6800,84.0300,82.4500,83.5500,1223829.16
1772409600000,83.5500,85.1900,83.4300,84.9500,1380719.13
1772413200000,84.9400,86.1400,84.3500,84.5800,1371014.45
1772416800000,84.5900,84.7400,83.4100,84.1100,1045307.76
1772420400000,84.1100,85.0900,83.7800,84.7400,888994.62
1772424000000,84.7300,84.8000,84.0300,84.2500,656636.45
1772427600000,84.2500,84.6500,83.7900,84.1700,557559.86
1772431200000,84.1800,84.2000,82.8200,83.1800,1195253.58
1772434800000,83.1900,83.2500,82.3200,82.9000,975137.82
1772438400000,82.9000,83.6000,82.3000,83.4000,1280919.12
1772442000000,83.3900,84.0900,83.2700,83.6000,1098802.97
1772445600000,83.6000,84.0800,83.3100,83.8500,929021.69
1772449200000,83.8500,84.2800,83.4100,83.8500,836394.83
1772452800000,83.8400,84.1100,83.5200,83.6400,598199.00
1772456400000,83.6300,83.8000,82.8500,83.0300,1203103.35
1772460000000,83.0200,85.9100,82.7200,85.6100,3413306.10
1772463600000,85.6000,88.9600,85.4100,88.7400,5664800.20
1772467200000,88.7400,90.3200,88.4100,88.8200,4017038.98
1772470800000,88.8100,88.9600,86.3600,87.5700,2762170.99
1772474400000,87.5700,87.8200,86.6500,87.2800,1281748.54
1772478000000,87.2700,87.7500,86.7800,87.6200,1068399.75
1772481600000,87.6100,88.0400,86.8000,87.5000,1290229.15
1772485200000,87.5000,87.7100,87.0900,87.4900,868841.36
1772488800000,87.4900,88.1900,87.1800,87.9800,639591.86
1772492400000,87.9900,88.0400,86.2700,86.5900,1206970.07
1772496000000,86.5900,87.2800,86.0400,86.8500,1205799.90
1772499600000,86.8600,87.1300,86.0800,86.1000,592091.67
1772503200000,86.1000,86.3000,85.1600,86.1500,1123846.67
1772506800000,86.1500,86.5900,85.8400,86.2300,489858.61
1772510400000,86.2300,86.4100,85.5900,85.8000,518271.78
1772514000000,85.7900,86.7700,85.3600,85.7300,1278627.41
1772517600000,85.7400,85.9400,85.3400,85.7800,710879.84
1772521200000,85.7800,86.2600,85.3300,85.5300,918656.01
1772524800000,85.5200,85.7300,83.8800,84.2000,1826683.65
1772528400000,84.2000,84.9400,83.9400,84.2300,1562355.35
1772532000000,84.2400,84.5200,83.6300,83.8600,1468400.82
1772535600000,83.8600,84.3000,83.7200,84.1500,1373936.48
1772539200000,84.1500,85.3200,84.0600,84.3700,1747027.90
1772542800000,84.3700,84.4200,83.1200,83.5600,1303239.00
1772546400000,83.5600,84.3900,82.4000,83.2000,2647893.55
1772550000000,83.1900,85.1300,83.0000,84.9800,2450823.55
1772553600000,84.9700,87.3100,84.2700,85.3400,4218539.89
1772557200000,85.3500,85.4200,84.1000,85.1400,1633166.11
1772560800000,85.1300,85.9900,84.4600,85.3500,1327071.23
1772564400000,85.3500,85.7300,84.6100,85.0400,1303201.75
1772568000000,85.0400,85.4200,84.6100,84.8100,774399.08
1772571600000,84.8000,85.1300,84.1300,85.0800,662728.32
1772575200000,85.0800,86.6100,85.0600,86.2400,995132.41
1772578800000,86.2300,87.4300,86.1400,86.9200,1500606.93
1772582400000,86.9100,87.3400,86.2100,86.5800,959260.14
1772586000000,86.5800,88.0600,86.4400,87.2200,1492204.73
1772589600000,87.2300,87.4400,86.4900,87.0200,823672.78
1772593200000,87.0100,87.0200,85.1200,85.7100,1596098.02
1772596800000,85.7100,85.8700,84.7600,85.3600,954521.65
1772600400000,85.3500,85.9400,84.7500,85.6400,1122440.11
1772604000000,85.6300,86.0000,84.9200,85.5600,968383.66
1772607600000,85.5600,87.4900,85.4500,87.3800,1287939.65
1772611200000,87.3800,89.9800,86.9400,89.7000,2693769.38
1772614800000,89.6900,91.4800,89.1800,90.5000,3910698.36
1772618400000,90.5100,91.0400,89.8400,90.1200,2394608.85
1772622000000,90.1200,90.6200,89.3600,89.7300,1542305.04
1772625600000,89.7400,89.8300,88.6600,89.3900,1530454.87
1772629200000,89.3900,90.1400,89.2600,89.9400,1329710.96
1772632800000,89.9300,91.7200,89.4100,90.1300,3318619.75
1772636400000,90.1200,93.1200,90.0900,92.8800,3788559.24
1772640000000,92.8900,93.1000,90.9000,91.4700,2532225.72
1772643600000,91.4700,92.1900,90.5700,91.4900,1730330.36
1772647200000,91.4900,92.4500,91.0600,92.3200,979910.74
1772650800000,92.3300,94.1500,92.2300,93.1400,2309306.54
1772654400000,93.1300,93.7300,92.6400,92.8100,1414915.52
1772658000000,92.8100,92.9400,92.1100,92.2900,1002041.70
1772661600000,92.3000,92.8300,91.1300,91.2800,958856.65
1772665200000,91.2800,91.4000,90.2400,90.8200,1107731.23
1772668800000,90.8100,91.3400,90.6700,90.7200,687281.37
1772672400000,90.7300,91.3800,89.7000,89.9200,1581302.96
1772676000000,89.9200,90.6400,89.8900,90.1300,767492.22
1772679600000,90.1400,90.4900,89.5500,89.9800,714786.16
1772683200000,89.9800,90.6900,89.8300,90.3500,742257.52
1772686800000,90.3600,90.5800,89.9700,90.1200,569241.67
1772690400000,90.1300,90.9600,89.6300,90.8100,831130.89
1772694000000,90.8200,91.2500,89.6500,90.1100,1167653.14
1772697600000,90.1000,90.6900,89.6100,90.5900,1039328.23
1772701200000,90.6000,91.8800,90.5600,91.1300,1519430.58
1772704800000,91.1300,92.9100,90.9400,92.5800,1573899.16
1772708400000,92.5900,92.7200,91.5800,91.7600,952483.60
1772712000000,91.7700,92.1500,91.2200,91.9200,1037401.06
1772715600000,91.9200,92.0000,90.3400,90.7700,1503566.26
1772719200000,90.7600,91.4400,89.7700,90.9600,2208188.65
1772722800000,90.9500,91.0900,88.7600,89.5600,2754457.75
1772726400000,89.5600,89.5800,87.8500,88.9000,2698984.73
1772730000000,88.9100,89.3600,87.8400,88.0700,1451368.41
1772733600000,88.0700,88.8600,87.9600,88.7700,756411.97
1772737200000,88.7600,89.3500,88.6200,88.6800,864469.31
1772740800000,88.6900,89.5300,88.5000,89.1700,1013858.04
1772744400000,89.1600,89.8100,88.8000,89.0700,790031.00
1772748000000,89.0600,89.3600,88.8100,89.0400,523575.96
1772751600000,89.0400,89.1600,88.5600,88.7400,449515.96
1772755200000,88.7400,89.0000,88.5300,88.8200,354849.89
1772758800000,88.8100,89.2400,87.9500,89.0600,1068678.25
1772762400000,89.0700,89.2600,88.1500,88.3100,1193652.36
1772766000000,88.3100,88.6500,88.0700,88.3600,517482.60
1772769600000,88.3500,88.5500,87.5800,88.1100,802151.58
1772773200000,88.1100,88.2200,87.4500,87.8500,771486.15
1772776800000,87.8500,88.3900,87.6100,88.0200,616358.19
1772780400000,88.0200,88.8700,87.7400,88.6400,852627.19
1772784000000,88.6400,88.6400,88.1300,88.3000,532562.58
1772787600000,88.3100,88.4400,87.1000,87.4300,1245861.76
1772791200000,87.4300,87.9100,87.3400,87.6400,584634.10
1772794800000,87.6400,87.9500,87.0500,87.2100,781646.69
1772798400000,87.2100,87.2300,85.8400,86.4300,2421150.74
1772802000000,86.4300,87.0600,85.5100,85.5400,2275628.41
1772805600000,85.5300,85.6900,83.8900,84.2700,3213714.47
1772809200000,84.2600,85.2800,84.1300,84.5700,1981752.18
1772812800000,84.5700,84.9500,84.0200,84.2800,1104736.43
1772816400000,84.2900,84.6300,83.5200,84.1400,1411452.19
1772820000000,84.1400,85.5700,84.1100,85.2000,1438738.66
1772823600000,85.2100,85.8300,85.0800,85.1400,884854.80
1772827200000,85.1400,85.4100,84.5100,84.9600,820683.18
1772830800000,84.9600,85.0600,84.3900,84.6800,585262.43
1772834400000,84.6900,85.0100,84.5000,84.9200,371029.87
1772838000000,84.9300,85.0100,84.5700,84.6400,265010.70
1772841600000,84.6500,85.0300,84.4600,84.7000,404382.62
1772845200000,84.7000,84.8400,84.5400,84.6600,283996.15
1772848800000,84.6600,84.7000,84.2400,84.6100,408606.94
1772852400000,84.6000,85.0300,84.3000,84.4700,431938.46
1772856000000,84.4800,84.5100,83.9000,84.2200,605141.91
1772859600000,84.2200,84.4500,84.0400,84.2800,333091.36
1772863200000,84.2900,84.3000,83.8200,84.0000,403701.58
1772866800000,84.0000,84.4800,83.8300,84.2700,586796.71
1772870400000,84.2700,84.6200,84.0700,84.3100,580375.31
1772874000000,84.3100,84.6500,84.1500,84.5100,313718.58
1772877600000,84.5200,84.7100,84.3400,84.4300,291829.68
1772881200000,84.4200,84.8700,84.1800,84.6100,527542.43
1772884800000,84.6000,84.7300,84.2200,84.2400,378003.98
1772888400000,84.2500,84.4800,84.0600,84.2400,381200.93
1772892000000,84.2400,84.4000,83.5800,84.1600,1055554.47
1772895600000,84.1700,84.1900,83.2600,83.6900,864941.41
1772899200000,83.6900,83.7500,83.4400,83.5300,391702.05
1772902800000,83.5300,84.0300,83.4900,83.5600,484595.80
1772906400000,83.5700,83.5800,82.8500,83.3200,761646.99
1772910000000,83.3300,83.3300,82.2200,82.4700,1259939.38
1772913600000,82.4700,83.0700,82.4600,82.9700,520755.62
1772917200000,82.9800,83.2500,82.8300,83.2200,376427.33
1772920800000,83.2300,83.2800,82.6000,82.9300,361649.74
1772924400000,82.9300,83.2100,82.8700,83.1700,227694.18
1772928000000,83.1700,83.4400,82.8600,83.0200,468974.80
1772931600000,83.0200,83.1700,82.6400,82.9300,421190.47
1772935200000,82.9300,83.0400,82.0300,82.3200,865325.45
1772938800000,82.3200,82.6900,82.2000,82.2700,610558.45
1772942400000,82.2800,82.5000,81.6700,81.9000,678679.94
1772946000000,81.9000,82.7400,81.8800,82.4300,550739.82
1772949600000,82.4300,82.5700,82.2100,82.3900,409864.60
1772953200000,82.3900,83.0600,82.3400,82.9000,662088.39
1772956800000,82.8900,83.0700,82.4300,83.0400,498281.97
1772960400000,83.0300,83.3400,82.7200,83.1000,733170.13
1772964000000,83.1100,84.0700,83.0900,83.5900,997322.75
1772967600000,83.6000,83.6000,82.5600,82.7400,1057253.91
1772971200000,82.7500,82.9500,81.5400,82.2500,1744143.49
1772974800000,82.2600,82.4200,81.1100,82.0300,1708813.83
1772978400000,82.0200,82.3300,81.8900,82.2500,726121.96
1772982000000,82.2500,82.3600,81.7700,81.9900,578616.36
1772985600000,81.9900,82.1100,81.2900,81.4600,751234.32
1772989200000,81.4600,81.9400,81.3100,81.6300,625737.77
1772992800000,81.6300,81.7600,81.2300,81.5400,487124.86
1772996400000,81.5500,82.6200,81.4400,82.4400,937601.92
1773000000000,82.4300,82.9300,82.0500,82.2700,661858.73
1773003600000,82.2700,82.3800,81.6500,82.2000,551973.55
1773007200000,82.1900,82.4700,80.1800,81.9600,3076430.25
1773010800000,81.9600,82.4000,81.4300,81.5600,910735.95
1773014400000,81.5700,83.2600,81.5000,82.2900,1346743.04
1773018000000,82.2900,82.8700,81.8200,82.0500,943327.90
1773021600000,82.0500,82.9000,81.6000,82.6200,1069215.45
1773025200000,82.6200,84.4700,82.5700,83.1000,2081934.14
1773028800000,83.1000,83.8300,83.0200,83.1500,709935.00
1773032400000,83.1500,84.5800,83.0700,84.2400,1421657.51
1773036000000,84.2400,84.2600,83.0400,83.0700,857768.59
1773039600000,83.0700,83.2500,82.2500,83.1200,1211708.81
1773043200000,83.1200,83.8100,82.8700,83.6700,917827.04
1773046800000,83.6800,84.5600,83.2600,83.9700,1077347.31
1773050400000,83.9800,84.1900,83.4400,83.6800,702046.64
1773054000000,83.6900,83.8800,83.0400,83.5200,705159.08
1773057600000,83.5200,84.1700,83.3400,83.9600,831150.07
1773061200000,83.9600,85.7100,83.9400,85.1100,2377954.31
1773064800000,85.1000,85.7000,84.5100,85.2500,1932076.89
1773068400000,85.2400,85.4200,84.5800,85.0100,985892.52
1773072000000,85.0000,85.6000,84.6600,85.0900,983267.64
1773075600000,85.0900,85.3800,84.2700,85.0500,1409292.86
1773079200000,85.0400,85.5400,84.4300,85.1500,1324953.23
1773082800000,85.1500,87.0000,85.0300,85.9200,2452284.46
1773086400000,85.9300,86.1400,85.2500,85.7700,787508.19
1773090000000,85.7600,86.3200,85.6300,85.9700,772917.78
1773093600000,85.9600,86.2700,85.5200,85.6700,834425.61
1773097200000,85.6700,85.9500,84.7800,84.9100,708696.04
1773100800000,84.9100,85.9300,84.7900,85.5200,1041499.98
1773104400000,85.5300,85.9400,85.0500,85.6900,530957.62
1773108000000,85.6800,86.8600,85.4100,86.5700,1353164.93
1773111600000,86.5700,86.7100,85.4500,85.5200,965086.59
1773115200000,85.5100,86.6200,85.3400,86.5100,1028789.90
1773118800000,86.5100,86.9600,86.3000,86.3600,850199.80
1773122400000,86.3700,86.6600,85.9400,86.3200,613773.52
1773126000000,86.3100,86.8600,86.1400,86.6600,774621.72
1773129600000,86.6700,87.3800,86.5200,86.6500,1585417.23
1773133200000,86.6500,87.4600,86.5900,87.1700,976921.60
1773136800000,87.1800,87.6500,86.7500,87.0400,709068.70
1773140400000,87.0400,87.1500,86.5700,86.7500,619945.82
1773144000000,86.7500,86.7900,86.2300,86.6400,731312.72
1773147600000,86.6300,87.2500,85.7000,86.0100,1906835.33
1773151200000,86.0200,88.2000,84.8600,88.0700,3055527.51
1773154800000,88.0600,88.5800,87.2300,88.3100,2114313.70
1773158400000,88.3100,88.6700,87.6100,88.3600,1551122.33
1773162000000,88.3500,88.7800,87.5800,87.9000,1223685.28
1773165600000,87.9000,87.9700,86.0300,86.1900,2084958.65
1773169200000,86.1800,86.4200,85.5900,85.9700,1280548.03
1773172800000,85.9600,86.3600,85.8900,86.2000,575158.84
1773176400000,86.2000,86.3900,85.2000,85.6700,952197.34
1773180000000,85.6600,85.8100,84.9500,85.4800,910810.80
1773183600000,85.4700,85.8500,85.3100,85.8300,549275.65
1773187200000,85.8200,86.1800,85.5300,85.9700,770940.40
1773190800000,85.9700,86.2200,85.6000,86.0300,419763.42
1773194400000,86.0300,86.1600,85.4300,85.8700,519181.92
1773198000000,85.8700,86.1300,85.4800,85.5600,503618.55
1773201600000,85.5700,86.7900,85.4300,86.6500,1136040.69
1773205200000,86.6500,86.8300,85.5400,85.6600,1045028.17
1773208800000,85.6600,86.1200,85.6000,85.9700,536071.86
1773212400000,85.9700,86.0800,85.0700,85.3900,658562.47
1773216000000,85.3900,85.5700,85.0100,85.4300,772510.61
1773219600000,85.4300,85.5300,84.6400,84.8300,783106.19
1773223200000,84.8200,85.5000,84.7900,85.2200,658328.95
1773226800000,85.2100,85.2800,84.3000,84.5100,1191666.41
1773230400000,84.5000,85.6600,84.3000,85.1400,1361319.53
1773234000000,85.1400,87.3500,85.0500,85.9100,3341017.30
1773237600000,85.9000,87.1200,85.6800,86.4900,1940322.47
1773241200000,86.5000,86.6100,84.4900,85.3700,2028073.12
1773244800000,85.3700,86.5600,85.2400,86.3900,1193533.68
1773248400000,86.3900,87.8100,86.3800,87.2100,2304114.24
1773252000000,87.2100,88.0600,87.1000,87.7600,1796234.34
1773255600000,87.7600,87.8100,86.9800,87.2500,917919.52
1773259200000,87.2500,87.4000,86.9700,87.2500,496885.95
1773262800000,87.2500,87.5700,87.0900,87.4900,344725.91
1773266400000,87.5000,87.9000,86.7800,87.0100,627089.41
1773270000000,87.0100,87.1700,86.4000,86.5200,570144.58
1773273600000,86.5200,86.7300,86.3200,86.6200,388214.23
1773277200000,86.6100,86.6500,85.8800,85.9900,726214.08
1773280800000,85.9800,86.1000,85.1000,85.1500,1196920.19
1773284400000,85.1400,85.3600,84.6300,84.9400,1038139.69
1773288000000,84.9400,85.3500,84.8200,85.0400,802832.63
1773291600000,85.0300,85.2600,84.8200,85.0800,443046.66
1773295200000,85.0800,85.3600,84.9100,85.3200,418214.54
1773298800000,85.3200,85.8600,84.9300,85.7700,935502.06
1773302400000,85.7700,86.1300,85.3400,85.9000,906424.80
1773306000000,85.9000,86.6700,85.4000,86.1500,831572.38
1773309600000,86.1500,87.0200,85.9800,86.7200,1210388.47
1773313200000,86.7100,87.1000,86.5800,86.7500,912199.71
1773316800000,86.7500,87.4600,86.5100,87.2000,1252744.87
1773320400000,87.2100,87.6600,86.3000,86.7000,2022282.92
1773324000000,86.7000,87.6300,85.1300,85.4700,2531754.15
1773327600000,85.4800,86.9800,85.0300,86.5300,2026174.95
1773331200000,86.5200,87.0500,85.7300,86.7700,1613294.05
1773334800000,86.7600,86.9600,86.2700,86.5600,892278.64
1773338400000,86.5500,86.7700,85.7500,85.8200,755561.60
1773342000000,85.8200,86.9200,85.6100,86.7500,804080.22
1773345600000,86.7500,86.9200,86.3700,86.4100,525059.82
1773349200000,86.4100,86.6600,86.1100,86.4900,341259.02
1773352800000,86.4900,86.5700,85.9000,86.2400,489130.57
1773356400000,86.2500,87.1800,86.2200,86.8000,881513.74
1773360000000,86.7900,91.1500,86.6600,89.7500,5177718.27
1773363600000,89.7400,90.7200,89.7300,90.4500,1453839.24
1773367200000,90.4500,90.5600,88.8900,89.0500,1154901.11
1773370800000,89.0500,89.9500,88.8400,89.6600,1018953.95
1773374400000,89.6600,89.7100,89.1600,89.3000,442214.70
1773378000000,89.3000,89.4300,88.8500,89.0400,765628.97
1773381600000,89.0400,89.1900,88.2100,88.3800,910066.43
1773385200000,88.3700,88.9300,88.1000,88.6200,1042887.59
1773388800000,88.6200,89.6200,88.2700,89.1000,1105410.15
1773392400000,89.0900,89.6000,88.7200,89.4700,704213.64
1773396000000,89.4600,90.2600,89.4100,90.1400,1351585.57
1773399600000,90.1400,90.4100,89.9200,90.2700,843904.58
1773403200000,90.2700,91.3600,90.0800,90.9400,1387433.37
1773406800000,90.9500,92.2900,90.8800,91.8300,2969288.65
1773410400000,91.8200,93.3800,90.4200,90.6700,4058854.03
1773414000000,90.6600,91.2100,89.2400,89.4200,2357088.68
1773417600000,89.4300,89.9100,88.7600,89.5500,1791749.70
1773421200000,89.5600,90.1400,88.5200,88.8200,1526137.26
1773424800000,88.8300,89.0800,88.3000,88.7700,1194861.70
1773428400000,88.7600,89.0000,88.3000,88.8600,919401.37
1773432000000,88.8600,89.0600,88.4800,88.8400,683066.53
1773435600000,88.8400,89.0900,88.2400,88.5300,509743.73
1773439200000,88.5200,88.6100,87.6800,87.9700,960928.26
1773442800000,87.9600,88.2100,87.7500,88.1200,385291.10
1773446400000,88.1100,88.3300,87.7900,87.8900,489478.88
1773450000000,87.8800,88.3300,87.7500,88.1900,439669.85
1773453600000,88.1900,88.2800,87.9300,88.1800,236784.34
1773457200000,88.1800,88.5700,88.1700,88.3500,450142.49
1773460800000,88.3500,88.6600,88.1600,88.2000,461409.08
1773464400000,88.2000,88.3500,87.8300,88.0300,553314.35
1773468000000,88.0200,88.0500,86.8700,87.2000,1117172.40
1773471600000,87.2000,87.3800,87.1100,87.2700,366247.24
1773475200000,87.2700,87.5100,87.0100,87.0800,410260.54
1773478800000,87.0900,87.2600,86.5600,86.7800,605017.16
1773482400000,86.7900,86.8800,86.4100,86.6000,582525.49
1773486000000,86.6100,86.9600,86.5800,86.9000,484615.40
1773489600000,86.9000,87.0700,86.7400,87.0400,516965.00
1773493200000,87.0500,87.3100,86.9600,87.0400,470622.97
1773496800000,87.0400,87.1800,86.5700,86.6600,501222.51
1773500400000,86.6500,86.8700,86.5700,86.6700,299611.17
1773504000000,86.6700,87.0700,86.5700,87.0100,370203.82
1773507600000,87.0100,87.0400,86.7700,86.8200,221405.09
1773511200000,86.8200,87.0600,86.7300,86.9800,207747.06
1773514800000,86.9700,87.0300,86.8400,86.9500,171697.32
1773518400000,86.9600,87.1000,86.8200,87.0200,209036.54
1773522000000,87.0200,87.2900,86.8000,87.2200,220991.00
1773525600000,87.2200,87.4100,87.1500,87.2500,268532.07
1773529200000,87.2600,88.1200,87.2500,87.9900,817996.88
1773532800000,88.0000,88.1600,87.6200,87.7000,455938.67
1773536400000,87.7000,87.8600,87.5100,87.6200,376521.98
1773540000000,87.6300,88.5900,87.6300,88.2400,892847.27
1773543600000,88.2400,88.3800,87.6400,87.7900,487114.56
1773547200000,87.8000,88.2800,87.7900,88.2700,494747.33
1773550800000,88.2700,88.5900,88.0500,88.2500,596018.25
1773554400000,88.2500,88.5400,88.0700,88.3100,425928.94
1773558000000,88.3100,88.4900,88.0600,88.1700,292238.07
1773561600000,88.1800,88.4800,88.0900,88.4300,317494.12
1773565200000,88.4400,88.8300,88.3600,88.4900,581167.72
1773568800000,88.4900,88.6600,88.3300,88.4200,237607.88
1773572400000,88.4300,88.6300,88.1800,88.5100,387119.10
1773576000000,88.5100,88.5200,88.1300,88.2200,321118.45
1773579600000,88.2300,88.3500,87.3100,87.8000,1174839.10
1773583200000,87.8000,87.9600,87.5100,87.9300,497417.94
1773586800000,87.9300,88.0800,87.7100,87.8600,281935.91
1773590400000,87.8600,88.0000,87.4100,87.5000,455607.20
1773594000000,87.5100,88.7700,87.4500,88.3700,674857.96
1773597600000,88.3800,88.6500,87.7800,87.8500,648107.38
1773601200000,87.8600,88.2400,87.7500,88.1400,348858.85
1773604800000,88.1300,88.9900,87.9200,88.7000,671571.34
1773608400000,88.7000,90.2600,88.5000,89.9700,1611512.03
1773612000000,89.9700,92.9300,89.8000,92.6300,3295637.59
1773615600000,92.6200,93.2300,91.5600,92.2800,2219387.52
1773619200000,92.2800,93.0900,91.8500,91.9900,1422431.88
1773622800000,91.9900,92.2300,91.4700,92.0900,942085.39
1773626400000,92.0800,92.2600,91.1500,91.4500,745967.00
1773630000000,91.4600,93.9700,91.2400,93.1400,2787186.67
1773633600000,93.1400,94.2700,92.9100,93.6000,1817365.87
1773637200000,93.6100,94.3300,93.1600,94.0100,1807872.43
1773640800000,94.0000,94.0100,93.1100,93.3700,1001840.08
1773644400000,93.3800,93.8400,93.2900,93.5400,793848.09
1773648000000,93.5400,93.9900,92.5400,92.8400,1234533.02
1773651600000,92.8300,93.4300,92.6900,93.2600,719605.82
1773655200000,93.2700,93.9200,93.2200,93.8700,762831.73
1773658800000,93.8600,93.9400,93.4800,93.7100,537949.69
1773662400000,93.7100,94.1600,93.2900,93.7300,1227708.51
1773666000000,93.7300,95.0800,93.3700,93.6200,2769246.94
1773669600000,93.6200,94.4800,92.3200,93.5800,2725153.54
1773673200000,93.5700,94.3200,93.0000,93.1400,1328738.37
1773676800000,93.1300,94.0300,93.0700,93.7600,863782.20
1773680400000,93.7600,94.3900,93.6300,94.0400,793536.85
1773684000000,94.0400,95.0800,94.0000,94.3400,1350328.34
1773687600000,94.3400,95.4500,94.1300,95.1800,1258387.16
1773691200000,95.1700,95.9400,95.0200,95.7200,1058481.16
1773694800000,95.7300,96.8700,95.4400,96.1300,1260229.77
1773698400000,96.1200,97.6500,96.1000,96.3200,1579894.77
1773702000000,96.3300,96.4200,95.3700,96.1400,1045089.50
1773705600000,96.1400,96.9100,95.0900,95.4700,1566343.84
1773709200000,95.4700,96.0600,94.9000,95.6600,1056363.26
1773712800000,95.6600,95.7200,94.8100,95.0900,680730.47
1773716400000,95.0800,95.2400,93.6600,94.0200,1326086.05
1773720000000,94.0200,94.2300,93.1100,93.7400,1102125.14
1773723600000,93.7500,94.0600,93.3000,93.7500,758750.84
1773727200000,93.7500,94.2700,93.4200,93.8500,589867.14
1773730800000,93.8500,94.6000,93.8100,94.3800,597904.12
1773734400000,94.3800,94.9200,94.2200,94.3600,627261.65
1773738000000,94.3500,95.0500,93.6500,93.8600,1062076.01
1773741600000,93.8500,94.0200,93.2000,93.5200,867052.06
1773745200000,93.5100,93.8600,93.3300,93.5900,704755.19
1773748800000,93.5900,94.0300,93.1000,93.3700,724293.36
1773752400000,93.3600,94.5500,93.2800,93.7500,1464295.60
1773756000000,93.7500,94.6400,93.4300,94.4500,1108156.16
1773759600000,94.4500,95.1000,93.1900,93.7600,1554235.52
1773763200000,93.7700,94.7500,93.6600,94.3400,940356.05
1773766800000,94.3500,94.6900,94.0800,94.5100,575684.96
1773770400000,94.5100,95.6000,94.3900,95.2800,1123405.07
1773774000000,95.2800,95.5200,94.5300,94.6000,765146.38
1773777600000,94.5900,95.0000,94.3500,94.8400,470574.54
1773781200000,94.8400,95.4100,94.7900,95.2100,390109.80
1773784800000,95.2100,95.5700,94.5200,95.2600,946287.82
1773788400000,95.2700,95.3900,94.5400,94.5700,491421.01
1773792000000,94.5700,94.8900,94.0400,94.4900,676947.50
1773795600000,94.4900,94.8800,94.2500,94.3700,418173.81
1773799200000,94.3600,95.1800,94.3300,94.8700,470164.50
1773802800000,94.8700,95.6300,94.7600,94.9900,612199.96
1773806400000,95.0000,95.0700,93.9200,94.0700,935126.04
1773810000000,94.0700,94.3600,93.6600,93.8700,859908.47
1773813600000,93.8700,94.6000,93.8500,94.1700,498730.79
1773817200000,94.1700,94.2400,93.7600,93.8900,376608.24
1773820800000,93.8900,94.2000,93.8900,93.9700,357479.90
1773824400000,93.9700,94.3800,93.8800,94.2100,356790.96
1773828000000,94.2100,94.3800,93.4400,93.7900,670817.86
1773831600000,93.7900,94.0300,91.7500,91.9500,3032071.97
1773835200000,91.9600,92.0000,90.2500,90.3600,2816504.57
1773838800000,90.3700,90.7000,89.8200,90.2500,2074048.46
1773842400000,90.2600,90.3400,88.7900,88.9100,2440521.04
1773846000000,88.9100,89.4000,88.5100,89.3100,1903186.25
1773849600000,89.3100,89.3100,88.5700,88.9100,1153417.11
1773853200000,88.9100,90.3000,88.7700,89.8700,1294732.62
1773856800000,89.8600,90.8100,89.3200,89.5300,1689687.64
1773860400000,89.5200,90.0200,89.3800,89.6500,664892.13
1773864000000,89.6600,90.0800,88.9200,89.9300,855215.61
1773867600000,89.9300,90.5800,89.8700,90.4000,511367.71
1773871200000,90.4000,90.4200,89.8800,89.9700,560300.24
1773874800000,89.9700,90.1200,89.6200,90.0200,410366.97
1773878400000,90.0200,90.2600,89.7600,90.0600,418301.00
1773882000000,90.0500,90.3500,89.8700,90.1200,415943.47
1773885600000,90.1300,90.3500,89.7300,89.9300,388066.27
1773889200000,89.9400,91.3700,89.8600,90.6900,1637218.99
1773892800000,90.6900,90.6900,89.6800,89.8600,1226190.03
1773896400000,89.8600,90.0700,89.6100,89.7100,503735.75
1773900000000,89.7100,90.0900,89.4700,89.8200,985917.31
1773903600000,89.8200,90.0100,88.5700,89.3700,2281023.28
1773907200000,89.3700,89.5900,89.0400,89.3200,660194.92
1773910800000,89.3200,90.3600,89.1300,90.1600,1159251.66
1773914400000,90.1500,90.4600,89.7300,89.7800,713589.41
1773918000000,89.7800,90.0100,89.4400,89.5800,480843.27
1773921600000,89.5900,89.5900,87.9700,88.0800,1734239.04
1773925200000,88.0700,88.7100,87.4900,88.4500,2364263.65
1773928800000,88.4600,88.8900,87.3700,88.1600,1501023.17
1773932400000,88.1600,88.7200,87.1000,87.5800,1680932.80
1773936000000,87.5700,87.7700,86.7900,87.6300,1238298.12
1773939600000,87.6300,88.3200,87.0200,88.0900,1018613.57
1773943200000,88.1000,88.2900,87.6100,88.0900,517133.50
1773946800000,88.0800,89.2200,88.0800,88.6800,1363433.28
1773950400000,88.6700,89.1700,88.6200,88.9400,330243.39
1773954000000,88.9400,89.2800,88.8100,89.0700,347816.01
1773957600000,89.0700,89.1300,88.3100,88.7200,511905.00
1773961200000,88.7100,89.1400,88.5500,88.8400,578127.80
1773964800000,88.8400,89.3900,88.8000,89.3700,516328.78
1773968400000,89.3700,89.7600,89.2800,89.4200,615675.06
1773972000000,89.4300,89.5600,88.8300,89.2600,507630.14
1773975600000,89.2600,89.6800,89.1900,89.5300,371769.03
1773979200000,89.5300,89.7200,88.6800,89.2200,614545.35
1773982800000,89.2300,89.4800,88.8100,89.3100,642177.80
1773986400000,89.3000,89.3100,88.8700,89.0400,449291.32
1773990000000,89.0300,89.4500,88.4400,89.3100,727011.47
1773993600000,89.3200,90.4300,89.2500,89.7300,1166747.05
1773997200000,89.7200,89.7300,88.5600,88.9000,997070.68
1774000800000,88.9100,89.4400,88.5400,89.2600,621964.27
1774004400000,89.2500,89.5300,88.8100,89.0800,510126.22
1774008000000,89.0800,89.4700,88.9700,89.0800,468460.41
1774011600000,89.0900,89.5900,88.5600,88.7600,1196673.62
1774015200000,88.7600,89.7000,88.4300,88.8800,1657391.37
1774018800000,88.8700,89.3000,88.5600,88.9000,978576.55
1774022400000,88.9000,89.1800,88.5700,88.8700,543712.32
1774026000000,88.8700,89.0000,88.0700,88.8500,817626.37
1774029600000,88.8500,88.9700,88.1100,88.5200,656023.30
1774033200000,88.5200,89.0200,88.1700,88.9500,583688.97
1774036800000,88.9500,89.3200,88.6000,88.9500,580909.34
1774040400000,88.9500,89.9900,88.8600,89.5300,686982.53
1774044000000,89.5300,90.2200,89.5300,90.0500,623304.68
1774047600000,90.0500,90.1000,89.6700,89.8000,389521.69
1774051200000,89.8100,90.2200,89.7800,89.9800,359777.65
1774054800000,89.9800,90.3100,89.6800,89.8300,397911.32
1774058400000,89.8300,90.6800,89.7100,90.4200,542960.57
1774062000000,90.4200,90.5700,90.2700,90.4100,280481.90
1774065600000,90.4100,90.7800,90.1100,90.2300,625985.33
1774069200000,90.2300,90.4700,89.9000,89.9200,443734.04
1774072800000,89.9100,90.2800,89.8800,90.1200,283802.65
1774076400000,90.1100,90.3600,89.8800,90.1000,288120.11
1774080000000,90.1000,90.1000,89.7600,89.9600,284407.54
1774083600000,89.9600,90.3500,89.9300,90.1500,417556.12
1774087200000,90.1400,90.2000,89.8300,89.9300,216213.02
1774090800000,89.9200,89.9800,89.7800,89.9100,213396.87
1774094400000,89.9000,90.1500,89.8300,90.1200,245720.95
1774098000000,90.1200,90.2300,89.9000,89.9700,287559.60
1774101600000,89.9600,90.3600,89.5800,89.6000,645625.78
1774105200000,89.6000,89.8800,89.3100,89.7800,584691.54
1774108800000,89.7700,89.9500,89.5000,89.6200,400985.67
1774112400000,89.6300,89.6500,89.3000,89.5000,304051.74
1774116000000,89.5000,89.9000,89.5000,89.7200,232715.85
1774119600000,89.7200,89.8600,89.6400,89.7300,134972.34
1774123200000,89.7400,90.3600,89.7200,90.1000,432304.27
1774126800000,90.1100,90.1700,89.8700,89.9300,189151.59
1774130400000,89.9300,90.0200,89.7400,89.8200,193817.69
1774134000000,89.8200,89.8400,87.0000,87.5000,2128954.00
1774137600000,87.5000,87.7200,86.1800,87.2600,2725095.63
1774141200000,87.2600,87.6600,86.9000,87.3900,904173.96
1774144800000,87.3900,88.4300,87.3600,88.1100,829039.79
1774148400000,88.1100,89.1100,87.6900,88.6100,1221670.56
1774152000000,88.6000,89.1400,88.5100,88.9600,881462.70
1774155600000,88.9600,88.9600,88.3900,88.4200,500512.30
1774159200000,88.4200,88.4200,88.0700,88.1400,377236.97
1774162800000,88.1400,88.2800,87.6100,87.6500,477139.73
1774166400000,87.6500,87.6900,86.7900,87.3200,1205823.93
1774170000000,87.3100,87.6200,87.1100,87.2600,485423.85
1774173600000,87.2600,87.4400,87.1500,87.2600,303552.75
1774177200000,87.2600,87.4000,86.7700,86.7900,619638.80
1774180800000,86.7900,87.4100,86.7500,87.2100,592475.09
1774184400000,87.2200,87.6800,86.9500,87.2600,535567.95
1774188000000,87.2700,87.5500,86.9800,87.1600,349476.85
1774191600000,87.1500,87.5400,87.1200,87.5300,398927.59
1774195200000,87.5300,87.6600,87.2100,87.4300,505666.93
1774198800000,87.4300,87.5100,87.1500,87.2100,276012.56
1774202400000,87.2100,87.2700,86.4000,86.9500,629422.09
1774206000000,86.9600,86.9800,86.5100,86.8300,416058.74
1774209600000,86.8300,87.1500,86.4800,86.5500,403794.19
1774213200000,86.5400,86.6000,85.0400,85.9400,1880211.88
1774216800000,85.9400,86.7400,85.4400,86.6900,1220960.55
1774220400000,86.7000,86.9900,85.9400,86.1500,645623.89
1774224000000,86.1500,86.5800,85.3700,85.8300,915516.66
1774227600000,85.8400,86.5700,85.6800,86.0300,586715.54
1774231200000,86.0400,86.9600,86.0000,86.6500,601930.64
1774234800000,86.6600,87.1900,86.3300,86.3700,577669.88
1774238400000,86.3700,86.8900,86.2600,86.8800,438879.54
1774242000000,86.8800,87.3200,86.8000,87.1200,873308.41
1774245600000,87.1200,87.1200,85.3800,85.6700,1099118.42
1774249200000,85.6800,86.1800,85.0000,85.9400,1561426.64
1774252800000,85.9400,86.4200,85.7900,85.9000,730646.80
1774256400000,85.8900,85.9800,85.1200,85.7200,804806.11
1774260000000,85.7200,86.2900,85.6000,86.0100,694762.58
1774263600000,86.0200,91.9300,85.9900,88.7400,9209343.99
1774267200000,88.7400,90.4500,88.2800,90.1700,2511786.50
1774270800000,90.1800,91.4500,89.8300,91.3100,2232256.29
1774274400000,91.3100,91.6900,91.0200,91.4800,1863714.53
1774278000000,91.4800,92.2400,89.7600,89.9100,2852779.35
1774281600000,89.9000,90.4100,89.3500,90.2900,1753258.33
1774285200000,90.2900,91.3500,89.6400,91.2100,1645973.33
1774288800000,91.2100,91.7700,90.8700,91.5600,991966.52
1774292400000,91.5700,91.8600,91.2000,91.3400,873577.73
1774296000000,91.3400,92.0000,91.2000,91.7400,573917.05
1774299600000,91.7500,91.9300,91.4700,91.5900,351227.20
1774303200000,91.5900,91.8900,91.1500,91.4700,775362.05
1774306800000,91.4800,91.5400,90.9300,91.4000,572141.85
1774310400000,91.4000,91.6300,90.5600,90.9500,753964.25
1774314000000,90.9500,91.0200,90.1000,90.3700,618601.26
1774317600000,90.3600,90.7300,90.0600,90.1000,545079.17
1774321200000,90.1000,90.3100,89.9100,90.2900,621145.82
1774324800000,90.3000,90.7900,90.0800,90.3000,522300.76
1774328400000,90.2900,90.3600,89.9300,90.0600,662474.06
1774332000000,90.0700,90.4900,90.0000,90.4100,527538.97
1774335600000,90.4100,91.8600,90.3400,91.6700,1296932.42
1774339200000,91.6800,91.9200,91.2200,91.5300,1124669.71
1774342800000,91.5400,92.1200,91.0800,92.0800,1147486.08
1774346400000,92.0700,92.2000,91.6800,91.7900,935110.97
1774350000000,91.7900,92.1300,91.2900,91.7100,1073312.84
1774353600000,91.7100,91.8100,91.2900,91.5200,514283.82
1774357200000,91.5200,91.7000,89.4500,89.8100,3205733.39
1774360800000,89.8100,90.1700,88.6200,89.5000,3349225.91
1774364400000,89.5100,90.2500,89.4400,89.6700,1285744.20
1774368000000,89.6800,89.9200,89.0000,89.2100,1006160.03
1774371600000,89.2200,89.3300,88.6500,89.1100,1069476.33
1774375200000,89.1200,89.6300,88.8100,88.8400,903764.52
1774378800000,88.8400,89.2400,88.3500,88.4600,950681.44
1774382400000,88.4600,90.2000,88.4300,89.9800,1608375.85
1774386000000,89.9800,90.5700,89.6400,90.3200,603695.79
1774389600000,90.3200,90.7300,90.0200,90.2600,579735.54
1774393200000,90.2600,91.1000,90.1700,90.7500,925555.32
1774396800000,90.7600,91.5800,90.6700,91.2700,844531.66
1774400400000,91.2700,91.4300,90.8800,90.9000,546855.58
1774404000000,90.9100,91.4700,90.7700,91.0900,550043.70
1774407600000,91.0900,91.9000,90.7400,91.6600,1044485.94
1774411200000,91.6600,92.0800,91.5400,92.0200,675404.05
1774414800000,92.0200,92.9500,91.9300,92.3800,1320765.57
1774418400000,92.3800,92.8700,92.2300,92.3400,835994.85
1774422000000,92.3400,92.4700,91.7100,91.7700,758679.62
1774425600000,91.7800,92.7100,91.7800,92.3200,963860.63
1774429200000,92.3100,92.6300,92.0900,92.5200,612288.61
1774432800000,92.5200,92.6800,92.3400,92.6100,461186.23
1774436400000,92.6000,93.4600,92.4100,92.9400,1467506.63
1774440000000,92.9500,93.4000,92.3000,92.9900,1258833.89
1774443600000,93.0000,93.3800,92.6400,92.6800,831015.94
1774447200000,92.6800,92.8700,91.8600,91.9100,1360751.34
1774450800000,91.9200,92.0400,90.9600,91.7200,1619029.50
1774454400000,91.7200,92.7200,91.5500,92.1800,1128086.72
1774458000000,92.1700,92.3300,91.5500,91.6700,641692.19
1774461600000,91.6800,92.1500,91.4100,91.6500,520967.57
1774465200000,91.6500,91.9500,91.3500,91.7200,454440.11
1774468800000,91.7200,91.7400,91.0500,91.4500,586745.53
1774472400000,91.4500,91.5900,91.1100,91.2200,345104.22
1774476000000,91.2200,91.9000,90.9800,91.6900,844613.08
1774479600000,91.6900,91.8000,91.4200,91.6500,341400.40
1774483200000,91.6500,91.9200,91.4400,91.6400,474752.84
1774486800000,91.6400,91.9100,91.5300,91.7600,351803.52
1774490400000,91.7600,91.7900,90.6000,90.8900,836805.00
1774494000000,90.8900,91.1000,90.5300,91.0100,596997.83
1774497600000,91.0200,91.0200,90.6100,90.7600,338427.17
1774501200000,90.7500,90.7900,89.0400,89.1800,2181533.01
1774504800000,89.1700,89.2400,88.8100,88.9900,1466963.82
1774508400000,88.9900,89.3300,88.7200,89.0400,1081714.05
1774512000000,89.0300,89.0400,88.5800,88.8100,731548.71
1774515600000,88.8100,88.9700,87.6600,88.0500,1505666.57
1774519200000,88.0500,88.2700,87.6900,87.8800,838481.30
1774522800000,87.8800,88.0600,87.3700,87.5100,1011673.18
1774526400000,87.5100,87.7500,87.3100,87.5100,795749.80
1774530000000,87.5100,88.1900,87.2500,87.8600,1916351.15
1774533600000,87.8600,88.1200,87.0700,87.4800,1063822.78
1774537200000,87.4700,87.7600,86.6600,87.4700,1739809.35
1774540800000,87.4700,87.6800,87.0000,87.1500,981562.42
1774544400000,87.1500,87.4400,86.4700,86.5800,1048148.83
1774548000000,86.5800,86.7700,85.6600,85.9900,2050649.56
1774551600000,85.9800,86.0100,85.3700,85.4100,996415.94
1774555200000,85.4100,87.1300,85.3700,86.2800,2427953.68
1774558800000,86.2800,87.0900,86.1400,86.7600,711628.16
1774562400000,86.7500,86.8300,86.1600,86.7600,516511.06
1774566000000,86.7500,86.9000,86.1600,86.4700,820573.86
1774569600000,86.4700,86.7400,86.1100,86.5000,541308.05
1774573200000,86.4900,86.8500,86.3900,86.8200,398406.71
1774576800000,86.8300,86.9900,86.4600,86.6300,318232.68
1774580400000,86.6400,86.7300,86.2800,86.3600,326195.62
1774584000000,86.3700,86.3800,85.6800,86.1000,898663.04
1774587600000,86.1100,86.7300,85.8700,86.0400,758070.13
1774591200000,86.0300,86.3400,85.8300,86.0000,469887.75
1774594800000,86.0000,86.3000,85.6300,85.8600,697257.70
1774598400000,85.8700,86.0700,84.3000,85.0500,2301994.26
1774602000000,85.0500,85.2000,84.3500,85.0100,921172.32
1774605600000,85.0200,85.1000,82.5500,82.9300,3388859.22
1774609200000,82.9300,83.5500,82.5600,83.3000,1332947.29
1774612800000,83.3100,83.3700,82.9500,83.0200,1107509.59
1774616400000,83.0200,83.5000,82.3400,82.8700,1682377.11
1774620000000,82.8600,83.2800,82.5300,83.1100,1300637.60
1774623600000,83.1100,83.9400,82.8900,83.2400,1920367.55
1774627200000,83.2500,83.2800,82.5600,82.9500,1203775.78
1774630800000,82.9500,83.3600,82.0200,82.1700,1403246.68
1774634400000,82.1700,82.4500,81.7600,82.3200,1048660.86
1774638000000,82.3300,82.8400,81.9900,82.7300,841207.91
1774641600000,82.7300,82.9100,82.3000,82.7100,464136.92
1774645200000,82.7200,82.9800,82.6200,82.6800,290612.21
1774648800000,82.6800,82.7800,82.4600,82.6600,224607.76
1774652400000,82.6700,83.0600,82.3300,83.0300,378924.43
1774656000000,83.0300,83.0300,82.6700,82.7800,384864.94
1774659600000,82.7900,82.8100,82.1900,82.6000,510490.63
1774663200000,82.6000,82.8500,82.3100,82.5200,322527.01
1774666800000,82.5200,82.6700,82.4500,82.5400,240721.89
1774670400000,82.5400,82.7300,82.3400,82.5100,496481.25
1774674000000,82.5100,82.7300,82.3100,82.7000,472355.81
1774677600000,82.7000,83.2200,82.5900,83.1100,691624.31
1774681200000,83.1100,83.6100,83.1000,83.5400,576659.75
1774684800000,83.5500,83.6700,83.3000,83.3400,554478.47
1774688400000,83.3300,83.3400,82.8600,82.9900,539313.23
1774692000000,83.0000,83.2900,82.6500,82.9700,630668.52
1774695600000,82.9700,83.0300,82.8500,82.8900,305904.98
1774699200000,82.8900,83.1600,82.5300,82.6400,581205.61
1774702800000,82.6400,84.0900,82.6300,83.3000,1701980.78
1774706400000,83.3100,83.4700,82.9200,83.1700,1002245.89
1774710000000,83.1600,84.3500,83.1200,83.7500,1681743.92
1774713600000,83.7500,83.8900,83.4100,83.4800,524164.44
1774717200000,83.4900,83.6800,83.0700,83.2400,502784.49
1774720800000,83.2300,83.4600,83.2200,83.3100,224048.50
1774724400000,83.3000,83.3700,82.9500,83.2200,327555.71
1774728000000,83.2200,83.4500,83.2100,83.3400,260923.20
1774731600000,83.3300,83.3700,82.2700,82.6200,907507.73
1774735200000,82.6200,82.8500,82.4000,82.7400,388619.53
1774738800000,82.7300,82.7300,81.6000,82.0000,1009206.49
1774742400000,82.0100,82.2100,81.7900,82.1400,569400.20
1774746000000,82.1400,82.4500,82.0100,82.4000,549923.18
1774749600000,82.4000,82.7900,82.3400,82.7100,407703.33
1774753200000,82.7000,83.1900,82.6200,82.9300,536909.66
1774756800000,82.9300,82.9700,82.6400,82.7200,234080.66
1774760400000,82.7200,82.8200,82.3400,82.6400,484734.35
1774764000000,82.6400,82.7700,82.2400,82.4200,453023.12
1774767600000,82.4200,82.5800,82.1600,82.3800,314464.27
1774771200000,82.3900,82.5600,82.2800,82.4000,261667.22
1774774800000,82.4000,82.4900,82.0700,82.3000,302866.66
1774778400000,82.2900,82.2900,81.9200,82.0700,517411.06
1774782000000,82.0600,82.7900,82.0600,82.5200,684947.07
1774785600000,82.5200,82.5900,82.1700,82.3800,301035.74
1774789200000,82.3800,82.4200,81.6200,81.8600,907595.11
1774792800000,81.8700,82.3800,81.6400,81.8800,762382.20
1774796400000,81.8800,82.0900,81.2100,81.7600,1048444.40
1774800000000,81.7500,82.0800,81.5500,81.6300,497674.34
1774803600000,81.6400,81.7900,81.0600,81.5000,928831.84
1774807200000,81.5100,81.8800,81.3300,81.7500,655438.56
1774810800000,81.7400,81.8300,81.4800,81.5600,360090.39
1774814400000,81.5500,82.1800,81.5400,81.8700,467384.31
1774818000000,81.8800,82.1700,81.7700,82.1000,350052.66
1774821600000,82.1000,82.1100,78.7700,80.8500,3675283.05
1774825200000,80.8600,81.6500,80.8100,81.3400,1446577.08
1774828800000,81.3400,82.9500,81.0600,81.8200,1917122.05
1774832400000,81.8300,82.8400,81.8200,82.6600,831478.97
1774836000000,82.6600,83.9100,82.4200,83.2900,1374763.64
1774839600000,83.3000,83.5000,82.8700,83.2400,868982.68
1774843200000,83.2400,83.8300,83.2000,83.7300,831937.29
1774846800000,83.7300,84.1500,83.4300,83.5900,1205750.74
1774850400000,83.5900,83.8400,83.3600,83.4300,493356.59
1774854000000,83.4200,84.2500,83.2700,83.9800,843072.51
1774857600000,83.9800,84.9800,83.9500,84.4800,1646499.14
1774861200000,84.4800,84.4800,84.0700,84.0900,556513.24
1774864800000,84.1000,84.1800,83.4500,83.8800,901199.39
1774868400000,83.8800,84.6500,83.8100,84.2100,920864.85
1774872000000,84.2100,84.5700,84.0800,84.4500,660465.45
1774875600000,84.4600,84.9500,83.8800,83.9600,1374200.85
1774879200000,83.9600,84.6000,83.6000,84.3300,1823895.49
1774882800000,84.3400,84.7100,83.8100,84.4500,994173.79
1774886400000,84.4500,84.4900,83.8600,84.1600,757348.92
1774890000000,84.1600,84.3600,83.0300,83.2000,1326875.34
1774893600000,83.2000,83.3900,82.3800,82.6300,1342662.16
1774897200000,82.6300,82.6400,81.9000,82.3200,1559750.65
1774900800000,82.3200,82.8500,82.2900,82.7300,697786.43
1774904400000,82.7300,83.6600,82.6300,83.0900,1141050.96
1774908000000,83.1000,83.4500,82.5900,82.7600,671518.41
1774911600000,82.7700,82.7700,82.0800,82.5100,731581.64
1774915200000,82.5100,82.9100,82.0900,82.6800,961784.27
1774918800000,82.6900,84.6000,82.5500,83.7900,1886459.99
1774922400000,83.8000,84.0500,83.5300,83.7800,534686.93
1774926000000,83.7800,83.8900,83.2100,83.5700,432777.96
1774929600000,83.5700,83.8800,83.2400,83.2800,586190.15
1774933200000,83.2900,83.7300,82.8500,83.7300,760431.83
1774936800000,83.7300,83.7800,83.0100,83.3600,735444.67
1774940400000,83.3700,83.3900,82.6400,83.0500,854205.04
1774944000000,83.0600,83.3200,82.1800,82.1900,1008122.72
1774947600000,82.2000,82.4200,79.8900,80.5000,3525481.32
1774951200000,80.4900,80.8900,80.2600,80.4000,1770104.95
1774954800000,80.4000,80.9200,80.1800,80.7800,2152969.50
1774958400000,80.7900,81.0400,80.3400,80.7200,1261140.74
1774962000000,80.7300,82.0000,80.6900,81.8000,1769143.10
1774965600000,81.7900,82.5500,80.3300,80.5700,3072419.40
1774969200000,80.5800,81.6400,80.5700,80.8300,1978906.50
1774972800000,80.8300,82.8800,80.8200,82.3400,2246018.80
1774976400000,82.3400,83.4500,82.1400,82.3400,2229088.12
1774980000000,82.3400,83.0700,82.3300,82.8400,810344.91
1774983600000,82.8400,82.9300,82.4100,82.6700,628930.94
1774987200000,82.6700,83.3700,82.5700,83.1400,697393.45
1774990800000,83.1400,83.1500,82.5800,82.8200,517226.41
1774994400000,82.8200,82.8700,82.2700,82.7200,502433.75
1774998000000,82.7200,83.2300,82.6200,83.1500,496243.25
1775001600000,83.1600,83.5800,82.8000,83.3600,671836.22
1775005200000,83.3700,83.4300,82.6600,82.6800,656286.72
1775008800000,82.6800,82.8600,82.4100,82.6000,466994.41
1775012400000,82.6000,83.4600,82.6000,83.3900,614922.68
1775016000000,83.3800,83.8200,83.2100,83.7100,645693.00
1775019600000,83.7100,84.2800,83.3100,84.0900,1132362.09
1775023200000,84.0800,84.6800,83.9900,84.4000,1207634.09
1775026800000,84.4000,84.7000,83.7600,83.8000,1079315.42
1775030400000,83.8000,84.0300,83.3500,83.5800,1023461.79
1775034000000,83.5900,83.7200,83.0900,83.3400,738644.86
1775037600000,83.3300,83.4400,83.0100,83.3200,559487.93
1775041200000,83.3200,83.5300,83.1100,83.3100,456498.05
1775044800000,83.3000,83.6900,82.7300,82.9800,1485399.47
1775048400000,82.9900,83.4000,82.3300,82.6400,1435628.07
1775052000000,82.6300,83.5300,82.4700,83.3400,1087882.84
1775055600000,83.3400,83.8500,83.0400,83.5800,827070.81
1775059200000,83.5800,85.2900,82.9000,85.1800,2880954.18
1775062800000,85.1900,86.5900,84.1400,84.3800,4405742.09
1775066400000,84.3800,84.4300,83.4900,83.5900,1786636.78
1775070000000,83.5900,84.3700,83.5800,83.7900,957578.28
1775073600000,83.8000,83.8500,82.2600,82.5400,1763642.03
1775077200000,82.5400,83.1600,81.3400,81.8200,1608816.86
1775080800000,81.8100,81.9100,80.7200,81.1200,2042051.17
1775084400000,81.1200,81.4200,80.9300,81.1400,865041.98
1775088000000,81.1400,81.7200,80.8700,81.5600,1082233.43
1775091600000,81.5600,81.5700,78.9100,79.2700,4552558.26
1775095200000,79.2700,79.2800,78.2200,78.8100,2221532.49
1775098800000,78.8100,79.3500,78.6100,78.9400,1427706.94
1775102400000,78.9400,79.1500,78.6800,78.7700,1186117.92
1775106000000,78.7700,79.4300,78.5500,79.2100,1230552.01
1775109600000,79.2100,79.3800,78.8900,79.0600,699276.16
1775113200000,79.0600,79.6300,78.9500,79.5900,840361.21
1775116800000,79.5900,79.5900,78.9800,79.0700,742284.07
1775120400000,79.0600,79.3200,78.8600,79.2200,635028.76
1775124000000,79.2100,79.2700,78.7400,78.8400,645659.00
1775127600000,78.8400,78.9400,78.1100,78.2700,1060918.02
1775131200000,78.2800,78.5500,77.8300,77.9300,1367982.19
1775134800000,77.9300,78.2200,76.6300,77.6900,3105615.12
1775138400000,77.7000,79.6700,77.4600,79.0200,3603570.35
1775142000000,79.0300,79.2100,78.2300,79.0100,1572214.73
1775145600000,79.0100,79.8600,78.6700,79.3900,1235111.05
1775149200000,79.3800,79.6400,78.5100,78.5600,1330174.51
1775152800000,78.5600,79.2500,78.3800,79.1000,995353.27
1775156400000,79.1000,79.2200,78.6500,78.9500,564428.26
1775160000000,78.9500,79.3300,78.7300,79.1400,499424.56
1775163600000,79.1300,79.2000,78.5800,78.9300,399679.51
1775167200000,78.9300,79.1000,78.6800,78.9400,266156.32
1775170800000,78.9300,79.1200,78.7400,78.9100,319526.36
1775174400000,78.9100,79.3600,78.8300,79.1800,404530.96
1775178000000,79.1800,79.7700,78.9300,79.1300,864289.51
1775181600000,79.1300,79.5600,78.8000,79.3200,924942.49
1775185200000,79.3200,79.4000,78.9600,78.9700,529277.90
1775188800000,78.9600,79.5000,78.9500,79.2700,640150.26
1775192400000,79.2700,79.6200,79.0100,79.2700,479232.08
1775196000000,79.2700,79.6700,79.1500,79.6000,514443.27
1775199600000,79.6000,80.1500,79.3900,79.9000,839590.49
1775203200000,79.9000,80.0900,79.5800,79.7100,641556.90
1775206800000,79.7200,80.1800,79.6400,79.9200,627548.28
1775210400000,79.9200,80.1400,79.6500,80.1200,686052.26
1775214000000,80.1100,80.4300,79.8400,80.1300,768117.52
1775217600000,80.1200,80.9000,79.1400,79.2900,1581660.63
1775221200000,79.2900,79.5900,79.1100,79.5700,852436.55
1775224800000,79.5700,80.3300,79.3900,80.2000,839340.39
1775228400000,80.2100,80.6400,80.1000,80.3000,927303.02
1775232000000,80.3000,80.6400,80.1900,80.5200,662557.40
1775235600000,80.5200,80.5200,79.8500,80.1400,575422.18
1775239200000,80.1400,80.4100,80.0300,80.0900,346430.96
1775242800000,80.0800,80.2600,79.8200,80.1600,468238.83
1775246400000,80.1600,80.2800,80.1100,80.1500,194381.91
1775250000000,80.1500,80.6500,80.0700,80.3500,466086.13
1775253600000,80.3600,80.4600,79.9000,80.1100,396948.64
1775257200000,80.1100,80.5000,80.0700,80.3500,350560.02
1775260800000,80.3500,80.3700,80.0900,80.1900,223771.13
1775264400000,80.1900,80.2900,79.9700,80.1000,270317.57
1775268000000,80.0900,80.2400,80.0100,80.1300,270269.74
1775271600000,80.1400,80.2300,80.1100,80.1300,139029.97
1775275200000,80.1200,80.2700,80.1000,80.2100,143319.43
1775278800000,80.2000,80.2300,80.0600,80.1500,265466.15
1775282400000,80.1500,80.5000,80.0900,80.4200,194689.05
1775286000000,80.4200,80.4300,80.1600,80.2700,165606.46
1775289600000,80.2600,80.3500,79.8700,79.9300,279852.76
1775293200000,79.9200,80.0500,79.8500,79.9800,262972.87
1775296800000,79.9800,80.2500,79.9600,80.1900,328320.86
1775300400000,80.1800,80.2400,79.9700,80.1400,260462.47
1775304000000,80.1500,80.2100,79.9500,80.0500,237683.41
1775307600000,80.0400,80.1900,79.8600,79.9800,373892.28
1775311200000,79.9700,80.3500,79.5300,80.3200,961483.76
1775314800000,80.3200,81.6400,80.2400,81.0500,2759838.03
1775318400000,81.0500,81.3000,80.6300,80.7100,1169868.25
1775322000000,80.7000,80.9900,80.5600,80.8800,448126.69
1775325600000,80.8900,81.0900,80.6600,80.8000,592241.95
1775329200000,80.8000,81.2800,80.6900,80.8000,831850.22
1775332800000,80.8000,80.8200,80.5600,80.7500,330468.36
1775336400000,80.7600,80.9900,80.7100,80.8800,370629.56
1775340000000,80.8800,81.0200,80.8200,80.9600,267815.20
1775343600000,80.9500,80.9500,80.6500,80.7900,226551.08
1775347200000,80.7900,80.8100,80.4500,80.6500,365089.06
1775350800000,80.6500,80.7500,80.4300,80.4600,265104.45
1775354400000,80.4500,80.6100,80.2800,80.5400,363674.48
1775358000000,80.5300,80.5700,80.3500,80.5100,145485.33
1775361600000,80.5000,80.5200,80.2200,80.2700,313704.33
1775365200000,80.2700,80.3700,80.0800,80.2400,399972.19
1775368800000,80.2500,80.3300,79.3000,79.5500,1565823.07
1775372400000,79.5500,79.8400,79.4700,79.5500,559286.54
1775376000000,79.5400,79.6600,79.4700,79.5600,359813.16
1775379600000,79.5700,79.8300,79.5700,79.7800,335001.06
1775383200000,79.7900,80.2000,79.7300,79.7900,423503.51
1775386800000,79.8000,79.8800,79.7000,79.8600,304565.75
1775390400000,79.8700,79.9200,78.7200,78.9500,1434047.94
1775394000000,78.9500,79.2300,78.4500,79.1600,1222935.14
1775397600000,79.1600,79.4400,79.1000,79.2500,468914.18
1775401200000,79.2400,80.3100,78.9300,79.5500,1724117.48
1775404800000,79.5600,79.7700,79.3400,79.4100,525952.51
1775408400000,79.4200,79.8900,79.3200,79.8500,458813.33
1775412000000,79.8400,80.0900,79.6600,79.9100,373138.16
1775415600000,79.9000,80.1900,79.4800,79.7700,460339.39
1775419200000,79.7700,80.1800,79.7600,80.1300,391314.77
1775422800000,80.1200,80.1500,79.4400,79.6900,549876.58
1775426400000,79.6900,80.6700,79.0400,80.5300,1412390.81
1775430000000,80.5300,82.1100,80.4200,81.8500,2316571.44
1775433600000,81.8600,82.9500,81.8600,82.3000,2389856.93
1775437200000,82.3000,82.4000,81.6300,81.6700,935401.35
1775440800000,81.6700,82.7900,81.6200,82.3800,960573.76
1775444400000,82.3800,82.4600,81.9000,82.0700,604022.53
1775448000000,82.0700,82.3700,81.7500,81.9600,634241.90
1775451600000,81.9700,82.0500,81.8000,81.8600,378258.80
1775455200000,81.8600,82.1100,80.9100,81.4500,1337835.80
1775458800000,81.4500,81.9400,81.2500,81.7700,885756.72
1775462400000,81.7600,82.2300,81.6500,81.9400,656724.34
1775466000000,81.9400,83.1800,81.8300,82.4300,1623521.48
1775469600000,82.4300,82.8600,82.4300,82.6300,674101.65
1775473200000,82.6200,82.6300,82.2800,82.3900,428770.37
1775476800000,82.4000,82.4900,82.1500,82.2500,488322.87
1775480400000,82.2500,82.6400,82.1200,82.4300,657021.55
1775484000000,82.4200,82.8000,81.6700,82.1900,1420997.32
1775487600000,82.1900,82.4200,81.9500,82.2400,803504.82
1775491200000,82.2500,82.4500,81.5300,81.5600,754218.44
1775494800000,81.5600,81.7500,81.1300,81.6000,1071444.51
1775498400000,81.6100,82.1900,81.5000,81.8300,571146.26
1775502000000,81.8400,81.9200,81.5100,81.8600,398346.15
1775505600000,81.8600,82.1000,81.7500,81.9300,266925.91
1775509200000,81.9400,81.9400,81.3300,81.4200,289682.01
1775512800000,81.4200,81.4700,80.0900,80.1100,1126640.50
1775516400000,80.1200,80.2100,79.5200,79.9600,1894405.23
1775520000000,79.9600,80.1700,79.5400,79.8200,1128357.60
1775523600000,79.8300,80.0800,79.3000,79.4600,883261.13
1775527200000,79.4500,79.8500,79.4000,79.6700,683377.64
1775530800000,79.6600,79.8400,79.6300,79.7300,336538.13
1775534400000,79.7300,80.1100,79.6000,79.8600,457862.05
1775538000000,79.8600,79.9100,79.3900,79.5400,718660.86
1775541600000,79.5400,79.6000,79.2300,79.4800,602491.01
1775545200000,79.4900,79.9000,79.3900,79.8100,540410.93
1775548800000,79.8200,80.3200,79.7500,80.1000,1027464.19
1775552400000,80.0900,80.5500,80.0900,80.3400,750530.87
1775556000000,80.3400,80.4100,79.1600,79.3300,1492668.60
1775559600000,79.3200,79.5100,78.8300,79.1700,1411438.40
1775563200000,79.1700,79.3400,78.5800,79.0900,1698384.41
1775566800000,79.1000,79.2000,78.7800,78.8300,761539.69
1775570400000,78.8300,79.0300,78.3000,78.5400,1292512.08
1775574000000,78.5300,78.9500,78.3200,78.8200,910261.17
1775577600000,78.8200,79.1600,78.6000,78.8500,691748.33
1775581200000,78.8500,81.0000,78.7900,80.0300,3199508.84
1775584800000,80.0400,80.1700,79.4700,79.8900,1052036.95
1775588400000,79.8900,81.8400,79.8400,81.5800,2731115.43
1775592000000,81.5800,82.3800,81.5800,81.9000,2067635.50
1775595600000,81.9100,83.3500,81.8400,82.8800,2342775.45
1775599200000,82.8900,85.2300,82.8900,85.2200,3802925.12
1775602800000,85.2200,87.1900,85.0700,85.5400,5139700.60
1775606400000,85.5300,85.8900,84.2300,84.7400,1998884.90
1775610000000,84.7500,84.9600,84.4200,84.6600,949022.22
1775613600000,84.6700,84.9500,84.3700,84.5700,843594.75
1775617200000,84.5800,84.6600,84.3400,84.5300,527202.16
1775620800000,84.5400,85.0100,84.4400,84.4700,1080279.27
1775624400000,84.4700,84.7300,84.1200,84.1900,693118.80
1775628000000,84.1800,84.7000,83.8500,84.5200,781100.37
1775631600000,84.5300,84.6900,84.1700,84.4700,598715.86
1775635200000,84.4800,84.8500,84.4000,84.8300,489750.97
1775638800000,84.8300,84.9500,84.5000,84.6400,461965.60
1775642400000,84.6300,84.7700,84.4500,84.4800,320928.39
1775646000000,84.4700,84.8200,84.1100,84.4200,1049627.14
1775649600000,84.4200,84.6500,84.0600,84.5100,657491.39
1775653200000,84.5000,84.9600,83.8600,84.0000,2007619.84
1775656800000,84.0000,84.1200,82.4700,82.8700,2688384.57
1775660400000,82.8700,83.4300,82.7500,83.2900,1287093.22
1775664000000,83.2900,83.5900,83.0000,83.4500,585589.86
1775667600000,83.4600,84.1700,83.2500,83.9300,887021.64
1775671200000,83.9400,83.9900,82.7600,82.8900,916408.99
1775674800000,82.8900,83.1900,82.7400,83.1500,572744.37
1775678400000,83.1500,83.3400,82.9700,83.2300,372630.79
1775682000000,83.2400,83.5800,83.1400,83.3600,309897.83
1775685600000,83.3600,83.4100,82.5300,82.5800,541103.50
1775689200000,82.5700,82.9900,82.1700,82.5200,1007481.72
1775692800000,82.5200,82.6300,82.0100,82.1600,768532.27
1775696400000,82.1500,82.2800,81.6500,82.1800,1141364.43
1775700000000,82.1700,82.4100,82.0200,82.0900,504561.92
1775703600000,82.0900,82.1400,81.8500,81.9700,568580.81
1775707200000,81.9700,82.0000,81.7800,81.8000,350264.79
1775710800000,81.8000,82.2900,81.7000,82.1100,498440.74
1775714400000,82.1200,82.3100,81.7900,82.1300,505246.58
1775718000000,82.1300,82.4400,82.1300,82.2300,387531.36
1775721600000,82.2400,82.6100,82.1000,82.4300,503931.44
1775725200000,82.4200,82.6400,82.0800,82.5500,713500.71
1775728800000,82.5500,82.6200,82.3200,82.5300,396123.87
1775732400000,82.5300,82.6800,81.9800,82.1400,755978.09
1775736000000,82.1300,82.3300,81.9300,82.2300,669242.85
1775739600000,82.2400,82.3900,81.5100,81.8300,1035684.53
1775743200000,81.8200,82.2800,81.3600,82.1400,1124951.45
1775746800000,82.1400,83.8900,81.8600,83.6900,2661386.30
1775750400000,83.7000,84.2100,82.8700,83.6400,1876754.13
1775754000000,83.6400,84.6500,83.6200,84.6200,1852249.77
1775757600000,84.6200,84.6700,83.3300,83.8100,1744883.23
1775761200000,83.8000,84.2800,83.3800,84.1200,979861.31
1775764800000,84.1100,84.5000,84.0500,84.2200,555660.34
1775768400000,84.2200,84.7100,84.1000,84.2200,609109.62
1775772000000,84.2300,85.9300,83.9100,83.9500,2038331.01
1775775600000,83.9500,84.0200,83.1000,83.2900,1112777.55
1775779200000,83.2900,83.3300,82.8400,83.0800,800990.68
1775782800000,83.0700,83.7400,82.7500,83.1100,1087511.68
1775786400000,83.1200,83.4100,83.0000,83.2200,455578.90
1775790000000,83.2200,83.2300,82.6300,82.8400,705527.87
1775793600000,82.8400,83.4800,82.8400,83.3100,527025.70
1775797200000,83.3000,83.5500,83.0500,83.3600,541724.74
1775800800000,83.3600,83.4300,83.0600,83.1500,439877.66
1775804400000,83.1600,83.2300,82.8200,82.9200,463437.61
1775808000000,82.9300,83.0800,82.6600,82.8700,820203.58
1775811600000,82.8700,83.5500,82.8600,83.4900,757968.56
1775815200000,83.5000,83.5000,83.0600,83.2500,534027.57
1775818800000,83.2600,83.7300,83.2500,83.4800,898638.25
1775822400000,83.4900,84.3900,83.3100,84.0700,1420882.63
1775826000000,84.0800,84.3500,83.5300,84.2200,1086566.02
1775829600000,84.2200,85.2000,84.1400,85.0600,1762108.66
1775833200000,85.0500,85.5700,84.0100,84.2000,1619691.76
1775836800000,84.2000,84.8800,84.0800,84.8100,896417.95
1775840400000,84.8100,84.8600,84.4100,84.8200,505705.78
1775844000000,84.8300,85.2400,84.5700,85.1800,570616.72
1775847600000,85.1700,85.4400,85.0600,85.4100,704294.44
1775851200000,85.4100,85.6600,85.0100,85.4000,670965.67
1775854800000,85.4100,85.4100,84.9200,85.1900,418822.11
1775858400000,85.2000,85.2400,84.6000,84.8400,434414.57
1775862000000,84.8300,84.9200,84.7000,84.7800,234337.26
1775865600000,84.7800,84.8100,84.4700,84.6400,289216.78
1775869200000,84.6300,84.6900,84.3400,84.6300,338118.95
1775872800000,84.6300,84.8900,84.5400,84.7700,283849.26
1775876400000,84.7600,84.8500,84.2200,84.3500,424635.98
1775880000000,84.3500,84.5700,84.1600,84.3300,450006.26
1775883600000,84.3200,84.3600,84.0200,84.0400,532164.15
1775887200000,84.0400,84.1100,83.8200,84.0700,443166.10
1775890800000,84.0800,84.3100,84.0300,84.2300,252830.94
1775894400000,84.2300,84.3800,84.1000,84.1000,323679.01
1775898000000,84.1000,84.7600,84.0900,84.4500,664239.57
1775901600000,84.4500,84.4700,83.9000,83.9900,478844.90
1775905200000,83.9900,84.2200,83.7500,84.1800,513951.03
1775908800000,84.1800,84.4800,84.0100,84.1800,388928.09
1775912400000,84.1800,84.2700,83.7800,84.0600,509003.19
1775916000000,84.0500,84.3900,83.9800,84.3300,357548.53
1775919600000,84.3400,84.8400,84.2000,84.6300,632151.98
1775923200000,84.6200,85.3500,84.5600,84.9300,758914.54
1775926800000,84.9400,84.9700,84.6400,84.7600,430557.60
1775930400000,84.7600,85.7800,84.5800,85.4500,1025678.69
1775934000000,85.4500,86.2300,85.3700,85.9900,1251173.72
1775937600000,85.9900,86.0600,85.0800,85.3800,763655.78
1775941200000,85.3700,85.5100,85.1500,85.3000,316811.31
1775944800000,85.2900,86.1400,85.0100,85.2400,1214747.59
1775948400000,85.2300,85.2400,84.4500,84.8900,617584.23
1775952000000,84.8900,84.9700,84.6700,84.8500,364455.12
1775955600000,84.8600,84.9300,81.9800,82.2400,3209629.81
1775959200000,82.2500,82.9500,81.8300,82.6100,1575852.59
1775962800000,82.6100,82.7400,82.2600,82.2700,647238.93
1775966400000,82.2700,82.4200,82.1000,82.1600,491043.03
1775970000000,82.1600,82.4200,82.0100,82.3400,555734.88
1775973600000,82.3400,82.4400,82.1500,82.2000,548920.30
1775977200000,82.2000,82.4000,82.1700,82.2300,265429.19
1775980800000,82.2400,82.2500,82.0900,82.2300,287426.08
1775984400000,82.2400,82.3600,82.0800,82.1500,281384.40
1775988000000,82.1600,82.2900,81.8800,81.9800,467421.34
1775991600000,81.9900,82.3300,81.8900,82.1500,506529.49
1775995200000,82.1500,82.5000,81.8200,81.9700,947029.37
1775998800000,81.9700,82.1900,81.7100,81.8600,847453.33
1776002400000,81.8500,82.0600,81.2400,81.5100,1616902.09
1776006000000,81.5100,81.7800,81.2500,81.5500,735453.60
1776009600000,81.5400,81.8400,81.4800,81.8200,357792.01
1776013200000,81.8300,82.2600,81.6900,82.1400,592929.88
1776016800000,82.1400,82.2900,81.9800,82.0700,447593.30
1776020400000,82.0700,82.2700,81.8600,81.9300,260061.31
1776024000000,81.9300,82.8500,81.8800,82.6400,758394.72
1776027600000,82.6400,82.8600,82.3900,82.7600,590155.71
1776031200000,82.7600,82.7800,81.3200,81.9500,1648604.40
1776034800000,81.9400,81.9400,81.2300,81.4900,665832.22
1776038400000,81.4800,82.1900,81.3500,82.1000,700753.12
1776042000000,82.1000,82.3100,81.9200,82.2800,547450.84
1776045600000,82.2800,82.4000,81.8300,81.8800,597238.90
1776049200000,81.8900,82.0400,81.6800,81.8600,341293.78
1776052800000,81.8700,82.2100,81.8000,81.8600,426501.61
1776056400000,81.8700,81.9500,81.4800,81.7900,480760.05
1776060000000,81.8000,82.5800,81.7700,82.3100,935983.80
1776063600000,82.3100,82.3600,81.8100,82.1200,590005.67
1776067200000,82.1200,82.2500,81.6700,81.8200,814021.19
1776070800000,81.8200,82.1700,81.7400,81.8200,604960.35
1776074400000,81.8200,81.9300,81.6100,81.7000,346868.41
1776078000000,81.7100,82.0100,81.6500,81.8200,479239.18
1776081600000,81.8200,82.7700,81.7700,82.5000,1424934.54
1776085200000,82.5100,83.6500,82.2500,83.5800,2191058.21
1776088800000,83.5800,83.7900,82.7300,83.7300,2109419.02
1776092400000,83.7300,83.9500,82.3100,82.6200,1796802.17
1776096000000,82.6200,83.6000,82.3100,83.3200,1560628.09
1776099600000,83.3300,83.8200,82.9600,83.0300,922156.42
1776103200000,83.0200,83.2500,82.5400,83.1900,942499.53
1776106800000,83.1800,84.2300,83.0600,84.0700,1606539.69
1776110400000,84.0700,84.3500,83.7700,83.8900,1175329.96
1776114000000,83.9000,84.1400,83.7900,83.9200,526377.89
1776117600000,83.9100,86.4700,83.9100,86.2000,3112554.19
1776121200000,86.2000,86.8000,85.8800,86.5000,2126060.59
1776124800000,86.4900,86.7300,85.7000,85.8800,1542907.77
1776128400000,85.8900,86.1000,85.6500,85.9400,831453.20
1776132000000,85.9300,86.4100,85.8400,86.2000,890888.99
1776135600000,86.2000,86.2500,85.9600,86.0300,429520.25
1776139200000,86.0300,86.0400,85.5400,85.8800,655108.68
1776142800000,85.8800,85.9000,85.4000,85.4800,493175.57
1776146400000,85.4900,86.0600,85.4800,85.9200,674339.98
1776150000000,85.9200,86.1700,85.7600,85.8700,856899.57
1776153600000,85.8600,86.3500,85.6800,86.0900,694944.50
1776157200000,86.0900,86.2200,85.9300,86.0500,352993.64
1776160800000,86.0600,86.5200,85.9600,85.9900,671169.47
1776164400000,85.9900,86.0700,85.5600,85.7500,925096.72
1776168000000,85.7400,86.0000,85.5500,85.9200,631545.57
1776171600000,85.9200,87.4000,85.8700,87.2800,2054724.76
1776175200000,87.2800,87.6400,85.9500,85.9500,2650942.16
1776178800000,85.9600,86.2800,85.1700,85.9200,2131005.27
1776182400000,85.9200,86.1300,84.7000,84.9900,1654142.09
1776186000000,84.9900,85.4200,84.6600,85.2000,1200637.32
1776189600000,85.2100,85.3900,83.8300,84.0500,1333418.09
1776193200000,84.0400,84.2800,83.6600,83.9100,1185055.74
1776196800000,83.9100,84.1100,83.3600,83.5700,874720.69
1776200400000,83.5600,83.9200,83.4900,83.7600,359745.77
1776204000000,83.7600,83.8900,83.2600,83.4600,779870.57
1776207600000,83.4700,84.0000,83.4200,83.6600,604573.76
1776211200000,83.6600,84.0100,83.4800,83.7200,1080023.05
1776214800000,83.7200,83.9800,83.5100,83.8500,610059.72
1776218400000,83.8500,83.9700,83.0700,83.3500,752677.36
1776222000000,83.3500,83.4700,83.2300,83.4000,292142.51
1776225600000,83.4000,83.6200,83.2600,83.5500,401589.72
1776229200000,83.5600,83.7400,82.8800,83.0700,1060485.83
1776232800000,83.0700,83.0900,82.7500,82.9400,605349.70
1776236400000,82.9500,83.1700,82.6000,82.8800,885015.85
1776240000000,82.8800,83.2300,82.6800,83.0800,744312.12
1776243600000,83.0700,83.1900,82.8200,83.1100,548007.62
1776247200000,83.1100,83.6500,82.8500,83.1000,1123595.42
1776250800000,83.1100,83.6500,83.0000,83.5400,727369.84
1776254400000,83.5500,83.8400,83.3200,83.6700,654221.52
1776258000000,83.6600,83.7700,83.1400,83.5900,954192.68
1776261600000,83.5900,84.4700,83.3600,84.2700,1609352.82
1776265200000,84.2700,84.4400,83.4400,83.9400,1485424.28
1776268800000,83.9500,84.6700,83.8600,84.5100,1276832.70
1776272400000,84.5000,85.1200,84.4000,84.6600,1370589.33
1776276000000,84.6600,85.0300,84.5500,84.9800,522677.61
1776279600000,84.9900,85.8100,84.9000,85.4800,1095593.33
1776283200000,85.4800,85.5400,84.5900,84.7700,786810.65
1776286800000,84.7700,84.8700,84.1600,84.7500,576937.47
1776290400000,84.7400,85.5900,84.7000,84.9800,759885.21
1776294000000,84.9900,85.0000,84.5600,84.8500,533977.77
1776297600000,84.8600,85.0300,84.4500,84.8900,514288.55
1776301200000,84.9000,84.9100,84.4200,84.8200,331901.35
1776304800000,84.8100,85.5600,84.6700,85.0700,782039.96
1776308400000,85.0700,85.4800,85.0400,85.2600,495610.43
1776312000000,85.2500,85.5300,84.9300,85.2000,480936.24
1776315600000,85.1900,85.5000,85.0000,85.3600,336046.18
1776319200000,85.3700,85.5000,85.1200,85.4300,299939.25
1776322800000,85.4300,85.6100,85.0300,85.1500,542957.58
1776326400000,85.1600,85.2700,84.8500,84.9900,632359.07
1776330000000,85.0000,85.4700,84.9100,85.1400,816701.17
1776333600000,85.1500,85.2100,84.5600,85.0100,1128701.21
1776337200000,85.0100,85.1400,84.8900,85.0200,394559.07
1776340800000,85.0300,85.4700,85.0100,85.3400,562683.98
1776344400000,85.3400,86.2500,83.7000,84.7400,3179759.17
1776348000000,84.7400,85.6700,83.9900,85.3500,2081697.77
1776351600000,85.3400,87.1100,85.2400,86.5700,2814815.40
1776355200000,86.5800,87.0700,85.5800,85.9000,1869845.52
1776358800000,85.8900,86.7600,85.6600,86.6100,1406198.78
1776362400000,86.6100,89.0500,86.4600,88.9600,3868853.14
1776366000000,88.9700,90.1400,88.5900,90.0700,2528197.00
1776369600000,90.0600,90.5800,89.2100,89.5500,2436908.10
1776373200000,89.5500,89.7400,88.6800,88.9000,1209873.95
1776376800000,88.9000,89.4300,88.8300,88.9700,654645.85
1776380400000,88.9600,89.1900,88.7800,89.0300,482939.76
1776384000000,89.0200,89.1500,88.5400,88.7700,618209.84
1776387600000,88.7800,88.9800,87.8600,88.2000,969701.66
1776391200000,88.2100,88.3300,87.5000,87.8200,873598.16
1776394800000,87.8300,87.9300,87.4300,87.6700,716818.66
1776398400000,87.6700,88.2500,87.6400,87.9400,712452.81
1776402000000,87.9400,87.9500,87.3400,87.3600,762338.33
1776405600000,87.3600,88.0500,87.3000,87.9600,580866.51
1776409200000,87.9600,88.4400,87.9300,88.0900,785830.40
1776412800000,88.1000,89.0500,88.0700,88.9100,1140719.17
1776416400000,88.9000,89.4800,88.2400,88.6500,1697292.20
1776420000000,88.6600,88.6900,87.2600,87.6200,1829905.02
1776423600000,87.6200,88.2700,87.5700,88.1500,763540.90
1776427200000,88.1600,88.8700,87.8500,88.8200,1098796.25
1776430800000,88.8300,90.4800,88.5100,90.0900,4675390.57
1776434400000,90.0900,90.7100,89.5700,89.9700,2697860.03
1776438000000,89.9700,90.1400,89.3900,89.9100,1670863.19
1776441600000,89.9100,90.5800,89.8500,90.3900,1284125.13
1776445200000,90.3900,90.3900,89.0400,89.7000,1516240.77
1776448800000,89.6900,89.8000,88.8400,89.1200,1047138.71
1776452400000,89.1200,89.4600,88.8600,89.1800,577555.55
1776456000000,89.1700,89.3300,88.4500,88.9500,908047.02
1776459600000,88.9400,89.2300,88.7400,89.0800,431665.52
1776463200000,89.0800,89.4300,88.8900,89.1700,470519.55
1776466800000,89.1600,89.1700,88.4200,88.7100,523001.50
1776470400000,88.7100,89.1000,88.6100,88.9100,344791.39
1776474000000,88.9200,89.1100,88.6300,88.8000,365262.77
1776477600000,88.8100,89.0500,88.6100,88.8600,270418.27
1776481200000,88.8700,88.8700,88.1700,88.2700,497841.51
1776484800000,88.2700,88.5000,88.1800,88.3000,540963.38
1776488400000,88.3100,88.6000,88.1000,88.3400,486255.25
1776492000000,88.3500,88.5600,88.2500,88.4400,282049.39
1776495600000,88.4400,88.5000,88.2500,88.3900,281155.55
1776499200000,88.4000,88.4500,87.0400,87.5000,1789877.47
1776502800000,87.4900,87.6300,87.0700,87.5600,828297.54
1776506400000,87.5700,87.6000,86.7100,86.9200,1272143.22
1776510000000,86.9100,86.9200,86.2200,86.4900,1120074.29
1776513600000,86.4800,86.9100,86.4500,86.8400,794556.82
1776517200000,86.8500,86.9200,86.3500,86.6900,641692.04
1776520800000,86.7000,86.8200,86.3800,86.7700,510558.23
1776524400000,86.7800,86.9200,86.5000,86.7000,412695.98
1776528000000,86.7000,86.9300,86.4100,86.6400,572523.94
1776531600000,86.6400,86.7900,86.4500,86.6900,337772.35
1776535200000,86.6900,86.7000,85.7100,85.9000,1419714.00
1776538800000,85.9000,86.2400,85.8800,86.0700,370235.27
1776542400000,86.0600,86.2700,85.9500,86.1200,281978.56
1776546000000,86.1200,86.2200,85.9800,86.1600,182552.31
1776549600000,86.1600,86.3200,85.8600,86.2400,408800.66
1776553200000,86.2400,86.4200,86.0800,86.1100,290663.13
1776556800000,86.1000,86.3300,85.8000,85.9700,464146.86
1776560400000,85.9700,86.1800,85.5400,85.7000,521084.06
1776564000000,85.7000,85.8200,85.1800,85.4700,817941.18
1776567600000,85.4800,85.7500,85.2500,85.5500,302937.56
1776571200000,85.5500,85.9200,85.0900,85.5300,724267.98
1776574800000,85.5200,85.7400,85.3500,85.4300,455262.95
1776578400000,85.4400,85.6200,85.0700,85.4000,534437.80
1776582000000,85.3900,85.3900,84.2800,84.8200,1576648.38
1776585600000,84.8100,85.1000,84.5600,84.7400,656051.78
1776589200000,84.7500,84.9900,84.5200,84.5500,531243.03
1776592800000,84.5400,84.8600,84.3800,84.7300,466735.08
1776596400000,84.7400,85.6700,84.7100,85.5400,981889.12
1776600000000,85.5500,85.9200,85.4900,85.7400,907494.71
1776603600000,85.7500,86.8900,85.7000,86.2700,1776006.66
1776607200000,86.2800,87.0800,85.9000,86.4800,1447038.13
1776610800000,86.4800,86.6300,85.5200,86.3200,1138311.74
1776614400000,86.3100,86.4600,85.6800,85.8200,718049.63
1776618000000,85.8200,85.9500,84.9400,85.0800,1066991.39
1776621600000,85.0900,85.2600,84.8200,85.0600,694121.17
1776625200000,85.0600,85.5200,85.0600,85.2800,473581.74
1776628800000,85.2700,85.3100,84.6800,84.9000,689896.28
1776632400000,84.9000,85.2000,84.4700,84.6500,433312.83
1776636000000,84.6500,84.6500,82.7700,83.7100,3006273.72
1776639600000,83.7100,83.7200,83.2700,83.4100,645030.62
1776643200000,83.4200,84.1700,83.2700,83.9300,859797.44
1776646800000,83.9300,84.5100,83.8900,84.3000,674350.93
1776650400000,84.2900,84.3500,83.6600,84.1600,537988.63
1776654000000,84.1600,84.5800,84.0700,84.5300,458788.14
1776657600000,84.5300,84.5800,84.2000,84.5300,323597.74
1776661200000,84.5300,84.5500,83.7000,83.8200,650827.35
1776664800000,83.8300,84.7200,83.7300,84.4200,792237.90
1776668400000,84.4200,85.7400,84.4000,84.6900,1671001.86
1776672000000,84.7000,85.1000,84.5100,84.6300,818272.59
1776675600000,84.6300,85.2000,84.5800,85.0400,607962.99
1776679200000,85.0400,85.3700,84.7600,84.8000,546606.03
1776682800000,84.8000,85.3400,84.7100,85.0000,521203.70
1776686400000,85.0100,85.5100,84.7700,85.2700,967922.02
1776690000000,85.2700,85.4900,84.8200,85.2600,1148673.51
1776693600000,85.2700,85.8000,84.4600,84.7400,1826345.00
1776697200000,84.7300,85.8500,84.3500,85.8200,1628688.68
1776700800000,85.8200,85.8600,85.2100,85.2600,836649.38
1776704400000,85.2700,86.1000,85.2100,85.6600,944812.73
1776708000000,85.6600,86.1900,85.6600,86.0200,1077104.90
1776711600000,86.0300,86.0600,85.7100,85.7500,518868.61
1776715200000,85.7500,86.1400,85.6100,85.9100,518018.20
1776718800000,85.9100,86.1800,85.5300,85.7600,544819.54
1776722400000,85.7600,86.0300,85.5500,85.6600,349447.62
1776726000000,85.6700,85.6700,85.1700,85.2400,507176.69
1776729600000,85.2500,85.7500,85.2100,85.6300,434747.70
1776733200000,85.6400,85.7900,85.3100,85.3900,340369.51
1776736800000,85.3900,85.4200,85.1400,85.2400,317377.27
1776740400000,85.2400,85.4800,84.9500,85.1400,868824.47
1776744000000,85.1300,85.4300,84.9700,85.3900,532938.07
1776747600000,85.3900,85.8000,85.3700,85.6300,562421.92
1776751200000,85.6300,85.9100,85.1300,85.6300,703909.41
1776754800000,85.6300,85.9300,85.3600,85.6500,569026.12
1776758400000,85.6600,86.4700,85.5800,85.7500,746386.80
1776762000000,85.7600,85.8500,85.4600,85.8500,486638.89
1776765600000,85.8500,86.2800,85.7900,86.1100,523822.09
1776769200000,86.1000,86.1300,85.6600,85.7900,616890.52
1776772800000,85.7900,85.9900,85.1200,85.4800,1059130.47
1776776400000,85.4700,85.8300,85.2400,85.7700,782869.72
1776780000000,85.7800,86.8700,85.5400,85.7200,1725969.46
1776783600000,85.7300,86.2500,85.3400,86.0000,1300323.81
1776787200000,86.0000,86.2400,85.6000,85.6300,863065.86
1776790800000,85.6300,85.7700,84.6500,85.2800,1612263.15
1776794400000,85.2800,85.3600,84.6900,85.2100,794836.53
1776798000000,85.2100,85.6900,84.2600,84.5300,1299494.65
1776801600000,84.5200,85.7200,84.4000,85.3700,1052973.33
1776805200000,85.3700,85.5300,84.9500,85.1000,303760.32
1776808800000,85.1000,85.4100,84.9400,85.3100,447392.08
1776812400000,85.3200,86.1100,85.3000,86.0000,742593.92
1776816000000,86.0100,86.4800,85.9700,86.4700,911145.88
1776819600000,86.4700,86.5100,86.0500,86.2200,533663.88
1776823200000,86.2200,87.5400,86.1600,87.3900,1747610.10
1776826800000,87.3800,87.8600,87.0800,87.2100,939562.05
1776830400000,87.2200,87.3100,86.9300,87.0300,541226.79
1776834000000,87.0400,88.3300,86.9700,88.0000,2064954.84
1776837600000,88.0000,88.1700,87.7700,87.9100,983503.53
1776841200000,87.9200,88.2500,87.6600,88.0400,855608.70
1776844800000,88.0400,88.3200,87.5700,87.9600,994794.15
1776848400000,87.9700,88.8800,87.8100,88.2800,1215188.97
1776852000000,88.2700,88.4000,88.1000,88.3000,351587.16
1776855600000,88.2900,88.5500,88.1200,88.2900,441853.33
1776859200000,88.2900,88.6500,88.1800,88.5500,717237.59
1776862800000,88.5600,89.1600,88.3900,89.0700,1384997.40
1776866400000,89.0700,89.2900,88.4500,88.6900,1492790.33
1776870000000,88.6900,88.7600,87.9800,88.1300,1756563.08
1776873600000,88.1200,88.4200,87.4800,87.6300,1143922.43
1776877200000,87.6200,87.9900,87.5900,87.8000,616229.52
1776880800000,87.8000,88.3400,87.7500,87.7800,560210.89
1776884400000,87.7800,87.8000,87.0500,87.3400,1080517.10
1776888000000,87.3400,87.4500,87.0400,87.1000,346893.01
1776891600000,87.1000,87.6600,87.0800,87.5500,318139.77
1776895200000,87.5500,87.6900,87.2500,87.3800,343105.02
1776898800000,87.3800,87.4300,86.7500,86.8300,559714.29
1776902400000,86.8300,87.1100,85.9100,86.8200,1629584.84
1776906000000,86.8300,86.8300,86.0800,86.3900,770019.91
1776909600000,86.4000,86.4000,85.6700,85.8900,916802.22
1776913200000,85.8900,86.0500,85.4200,85.7200,658610.26
1776916800000,85.7300,85.9600,85.5900,85.9100,532440.44
1776920400000,85.9100,86.0700,85.4500,85.8400,769172.62
1776924000000,85.8300,86.1800,85.7800,86.1500,792013.88
1776927600000,86.1400,86.1800,85.8000,85.8500,495838.15
1776931200000,85.8500,85.8900,85.5000,85.6600,708371.92
1776934800000,85.6600,85.6600,85.2000,85.4700,701619.35
1776938400000,85.4700,85.5700,85.1300,85.3800,560680.57
1776942000000,85.3800,85.8900,85.3200,85.7600,691762.95
1776945600000,85.7600,86.0600,85.6600,85.9200,736150.70
1776949200000,85.9200,85.9900,85.5200,85.7200,781943.27
1776952800000,85.7200,86.1500,85.5000,86.0000,904859.78
1776956400000,86.0100,86.6100,85.7500,86.3000,1947431.86
1776960000000,86.3100,86.3800,85.7200,85.7500,811170.68
1776963600000,85.7600,85.8200,84.4200,85.2800,2805700.74
1776967200000,85.2900,85.6200,85.1800,85.2100,1006569.37
1776970800000,85.2100,85.5200,85.0800,85.2400,814606.40
1776974400000,85.2300,85.8000,85.2200,85.5400,608189.35
1776978000000,85.5300,85.9600,85.4500,85.7400,355649.25
1776981600000,85.7400,86.2100,85.7300,85.9100,490433.45
1776985200000,85.9100,86.1500,85.5500,86.0800,384825.87
1776988800000,86.0800,86.3200,85.9900,86.1600,441578.90
1776992400000,86.1500,86.2800,85.7600,86.2300,404474.86
1776996000000,86.2300,86.3200,85.7100,85.8300,357755.48
1776999600000,85.8200,85.9000,85.3300,85.6300,713212.76
1777003200000,85.6400,85.6600,85.1300,85.2600,632211.41
1777006800000,85.2500,85.7900,85.1000,85.6400,896522.34
1777010400000,85.6500,85.6900,85.2800,85.3800,415018.93
1777014000000,85.3800,85.5700,85.2900,85.4500,398935.52
1777017600000,85.4500,85.7000,85.2300,85.3000,648097.07
1777021200000,85.3000,85.4400,84.7900,85.4200,798255.01
1777024800000,85.4200,85.7200,85.1200,85.6500,486237.44
1777028400000,85.6500,86.2400,85.6500,86.1400,1146846.75
1777032000000,86.1400,86.7500,86.0100,86.3000,1544618.16
1777035600000,86.3000,86.5500,85.7900,86.0400,778006.51
1777039200000,86.0300,86.1800,85.6000,85.9900,889565.00
1777042800000,85.9900,86.5300,85.4600,86.4600,961757.22
1777046400000,86.4700,86.5600,86.0300,86.2900,570079.22
1777050000000,86.2900,86.5100,86.0700,86.4400,466109.98
1777053600000,86.4400,86.5000,85.8700,86.3200,479429.18
1777057200000,86.3100,86.4900,86.1900,86.2900,400736.68
1777060800000,86.2800,86.9200,86.1800,86.8300,888696.81
1777064400000,86.8300,86.9200,86.3200,86.4000,484412.04
1777068000000,86.4000,86.4100,86.0200,86.1400,460268.25
1777071600000,86.1400,86.2600,86.1000,86.1300,167687.68
1777075200000,86.1300,86.2300,85.9800,86.1900,225198.34
1777078800000,86.2000,86.3200,86.0900,86.2400,185596.47
1777082400000,86.2300,86.3600,86.1100,86.2400,166464.02
1777086000000,86.2400,86.4500,86.2200,86.4200,140263.83
1777089600000,86.4100,86.4900,86.2400,86.2800,153762.80
1777093200000,86.2900,86.2900,86.0700,86.1600,220816.52
1777096800000,86.1700,86.6300,86.1600,86.4000,361296.28
1777100400000,86.4000,86.4800,86.2000,86.3100,446625.16
1777104000000,86.3100,86.7700,86.2300,86.5700,470191.59
1777107600000,86.5800,86.7500,86.5100,86.5300,266365.95
1777111200000,86.5300,86.6800,86.5100,86.5700,187827.12
1777114800000,86.5700,86.5800,86.1900,86.3000,525470.97
1777118400000,86.3000,86.3800,86.1800,86.3400,263154.41
1777122000000,86.3300,86.6300,86.3300,86.5500,254635.53
1777125600000,86.5500,86.6100,86.3900,86.3900,223290.16
1777129200000,86.3900,86.5800,86.0800,86.1700,424538.47
1777132800000,86.1800,86.2700,85.5500,85.8400,804826.09
1777136400000,85.8400,85.8400,85.5000,85.5100,439137.15
1777140000000,85.5000,85.8000,85.4800,85.6400,525504.38
1777143600000,85.6400,85.6800,85.5200,85.6200,253292.26
1777147200000,85.6300,85.8800,85.5500,85.8600,218226.82
1777150800000,85.8600,86.0900,85.6800,85.8500,324442.44
1777154400000,85.8600,86.1300,85.8100,86.0500,186516.61
1777158000000,86.0600,86.1300,85.9800,86.1300,131507.72
1777161600000,86.1300,86.1600,85.8700,85.9700,238711.89
1777165200000,85.9600,86.0700,85.9100,85.9200,152568.61
1777168800000,85.9200,86.3500,85.9100,86.3400,302119.49
1777172400000,86.3400,86.4400,85.7800,85.9400,613589.59
1777176000000,85.9400,86.7000,85.8900,86.4100,744500.27
1777179600000,86.4100,86.6700,86.0900,86.4200,641560.31
1777183200000,86.4200,86.5500,86.3400,86.4700,197702.78
1777186800000,86.4700,86.6000,86.3900,86.5900,187300.22
1777190400000,86.5900,86.7300,86.4700,86.5300,400297.11
1777194000000,86.5300,86.5600,86.4100,86.5000,148759.59
1777197600000,86.4900,86.5800,86.3800,86.4400,136332.82
1777201200000,86.4400,86.6000,86.4100,86.4600,210634.10
1777204800000,86.4500,86.4600,85.8300,86.0500,787664.32
1777208400000,86.0400,86.2100,85.9200,86.0600,602554.69
1777212000000,86.0600,86.4600,86.0000,86.3500,482402.23
1777215600000,86.3400,86.5400,86.3000,86.5000,330175.79
1777219200000,86.5000,86.5500,86.3200,86.3600,461619.98
1777222800000,86.3600,86.5400,86.2200,86.4900,318164.33
1777226400000,86.4800,86.9700,86.3700,86.7600,770598.65
1777230000000,86.7600,87.4200,86.6200,86.8400,729734.49
1777233600000,86.8400,86.8900,86.5500,86.6400,352482.71
1777237200000,86.6500,87.1000,86.0600,86.7700,955605.75
1777240800000,86.7700,87.2900,86.2600,86.6700,892082.57
1777244400000,86.6700,87.1300,86.4700,86.8700,477133.33
1777248000000,86.8800,87.3600,86.5000,87.3100,1127836.81
1777251600000,87.3100,87.8400,87.2100,87.7900,1348418.81
1777255200000,87.7800,88.0800,87.3200,87.7800,886958.07
1777258800000,87.7800,88.0400,87.6400,87.6900,496475.78
1777262400000,87.6900,87.8100,87.3500,87.4800,404022.35
1777266000000,87.4900,87.5000,85.7300,85.8900,3115026.23
1777269600000,85.8900,85.9900,85.3600,85.6600,1146094.72
1777273200000,85.6600,85.7300,85.2000,85.2100,920785.79
1777276800000,85.2100,85.4600,84.9400,85.4400,973106.30
1777280400000,85.4500,85.5800,85.0900,85.4200,930445.41
1777284000000,85.4100,85.5200,85.0800,85.1300,909212.81
1777287600000,85.1200,85.2400,85.0000,85.1900,392341.76
1777291200000,85.1900,85.2100,84.8300,85.0400,560918.74
1777294800000,85.0400,85.3300,84.6600,85.0800,1082021.88
1777298400000,85.0700,85.8100,84.9400,85.1800,1428198.52
1777302000000,85.1800,85.2000,83.5600,84.0900,3083128.68
1777305600000,84.1000,84.3600,83.9700,84.2200,681512.03
1777309200000,84.2300,84.6600,84.2100,84.4100,710385.59
1777312800000,84.4100,84.6500,84.3500,84.5100,301497.49
1777316400000,84.5100,84.6100,83.7600,84.1200,1092627.16
1777320000000,84.1100,84.3000,84.0800,84.2100,279819.82
1777323600000,84.2200,84.4600,84.0400,84.2000,253894.41
1777327200000,84.2100,84.5600,84.1300,84.4800,291685.03
1777330800000,84.4900,84.8800,84.4000,84.7800,430607.29
1777334400000,84.7800,84.8900,84.5400,84.7700,351830.96
1777338000000,84.7600,84.8200,84.3400,84.3600,385169.59
1777341600000,84.3500,84.6000,83.8500,84.1300,655700.56
1777345200000,84.1200,84.1500,83.9600,84.1200,296330.75
1777348800000,84.1300,84.3900,83.7800,84.0200,751695.78
1777352400000,84.0100,84.4200,84.0100,84.1700,622042.64
1777356000000,84.1700,84.2700,83.6200,83.9000,764482.24
1777359600000,83.8900,84.0100,83.5800,83.9600,438361.73
1777363200000,83.9600,84.1500,83.7000,83.9000,428903.79
1777366800000,83.9000,83.9200,83.3400,83.5800,494914.66
1777370400000,83.5800,83.7600,83.5700,83.7500,222857.94
1777374000000,83.7500,83.8000,83.2100,83.3600,639122.76
1777377600000,83.3500,83.7200,83.1900,83.6600,625702.13
1777381200000,83.6500,84.0400,83.1300,83.4900,1139466.73
1777384800000,83.5000,83.5000,82.9100,83.3500,1310736.35
1777388400000,83.3500,83.4800,83.1600,83.4300,565314.86
1777392000000,83.4200,83.6700,83.2700,83.5500,544223.50
1777395600000,83.5500,83.8000,83.3200,83.5600,443497.06
1777399200000,83.5600,83.8100,83.5400,83.7700,420798.16
1777402800000,83.7600,83.9900,83.6400,83.8500,395741.08
1777406400000,83.8500,83.9600,83.7200,83.7300,237976.74
1777410000000,83.7300,83.9100,83.5800,83.6900,330210.38
1777413600000,83.6900,83.8800,83.5300,83.6800,430845.78
1777417200000,83.6800,84.1500,83.5900,84.0200,705980.40
1777420800000,84.0200,84.1400,83.7700,83.9900,604327.09
1777424400000,84.0000,84.1600,83.7500,84.0400,460678.31
1777428000000,84.0300,84.1700,83.8800,84.0000,268022.91
1777431600000,83.9900,84.7100,83.9900,84.5500,1006352.69
1777435200000,84.5400,85.0400,84.3900,84.9000,1130740.67
1777438800000,84.9100,84.9500,84.6500,84.8000,556248.67
1777442400000,84.8000,84.9700,84.5000,84.5800,650731.61
1777446000000,84.5900,84.8200,84.5700,84.6600,337681.72
1777449600000,84.6700,84.7200,84.3000,84.4800,542315.62
1777453200000,84.4700,85.5100,84.4300,85.2600,1326969.97
1777456800000,85.2600,85.5300,85.0800,85.1000,921775.51
1777460400000,85.1100,85.1300,84.7500,84.8700,832404.98
1777464000000,84.8700,84.8700,83.8800,84.2000,1711282.21
1777467600000,84.2100,84.2400,83.5700,83.9500,1365816.49
1777471200000,83.9400,84.0000,83.5900,83.7800,789445.11
1777474800000,83.7900,83.8800,82.9100,83.2000,2020395.68
1777478400000,83.2000,83.5900,82.9000,83.0600,1366480.05
1777482000000,83.0700,83.3400,82.6800,83.3100,1076275.39
1777485600000,83.3200,83.4100,81.3100,82.2300,3863989.12
1777489200000,82.2400,82.3100,81.9200,82.1300,848292.67
1777492800000,82.1300,82.7800,82.0900,82.5800,1041229.97
1777496400000,82.5900,83.2000,82.4700,82.8500,838090.94
1777500000000,82.8600,83.0900,82.7500,83.0300,406577.79
1777503600000,83.0200,83.0700,82.7800,83.0100,413791.22
1777507200000,83.0200,83.9900,83.0100,83.7700,1357650.73
1777510800000,83.7800,83.9900,83.6200,83.7100,553966.91
1777514400000,83.7200,83.9300,82.6400,82.9500,1017889.74
1777518000000,82.9400,83.2100,82.8000,83.0200,320425.88
1777521600000,83.0200,83.0500,82.3200,82.3600,519694.71
1777525200000,82.3600,82.7500,82.1000,82.5400,654476.17
1777528800000,82.5300,83.0200,82.4900,82.9000,424353.69
1777532400000,82.8900,83.3600,82.8400,83.3200,561823.50
1777536000000,83.3100,83.3900,83.0800,83.0900,482422.90
1777539600000,83.0800,83.5500,83.0200,83.0900,452013.59
1777543200000,83.1000,83.1900,82.8800,82.9700,323203.86
1777546800000,82.9600,83.3600,82.7500,82.9800,577256.73
1777550400000,82.9700,83.4500,82.9500,83.1800,598926.70
1777554000000,83.1700,83.5300,82.8100,83.1600,784102.92
1777557600000,83.1700,83.3800,82.6300,83.1900,984699.66
1777561200000,83.1800,83.8000,82.9800,83.3000,781842.18
1777564800000,83.3000,83.4000,82.8900,82.9700,375385.08
1777568400000,82.9700,83.1000,82.8200,83.0000,367354.65
1777572000000,83.0000,83.2700,82.9400,83.0200,403693.42
1777575600000,83.0100,83.2600,82.9700,82.9900,359177.57
1777579200000,82.9900,83.1600,82.9300,83.0500,178992.37
1777582800000,83.0500,83.1100,82.7900,82.8300,171526.29
1777586400000,82.8200,83.0000,82.7400,82.8100,228950.22
1777590000000,82.8100,83.0600,82.8000,83.0400,183026.07
1777593600000,83.0400,83.3800,83.0200,83.1600,417159.40
1777597200000,83.1500,83.6400,83.1500,83.5700,358244.50
1777600800000,83.5700,83.7900,83.4000,83.5700,555865.36
1777604400000,83.5800,84.3700,83.5200,83.8500,1097269.39
1777608000000,83.8500,84.0300,83.6200,83.7800,469222.58
1777611600000,83.7700,84.2000,83.7000,84.0100,539588.33
1777615200000,84.0100,84.1400,83.6500,83.8000,405005.77
1777618800000,83.8100,83.9400,83.6200,83.9000,807793.89
1777622400000,83.9100,84.2800,83.8500,84.1300,512523.01
1777626000000,84.1400,84.1500,83.8800,83.9200,417813.43
1777629600000,83.9200,84.0500,83.6700,83.9000,332236.49
1777633200000,83.9100,84.1800,83.8200,83.9800,268871.94
1777636800000,83.9700,84.5500,83.8700,84.2400,952137.42
1777640400000,84.2300,84.8200,84.1900,84.5600,1181999.70
1777644000000,84.5700,84.7000,83.8100,84.1800,1196662.31
1777647600000,84.1800,84.5900,83.9700,84.4200,916796.38
1777651200000,84.4200,84.6000,83.9100,83.9600,842223.14
1777654800000,83.9700,84.2600,83.8800,84.1900,496339.71
1777658400000,84.1900,84.2800,83.9400,83.9500,328893.30
1777662000000,83.9500,84.0400,83.7500,83.8600,402238.11
1777665600000,83.8500,83.9000,83.2800,83.4600,609307.75
1777669200000,83.4500,83.7900,83.3700,83.6800,386520.72
1777672800000,83.6800,83.8500,83.5300,83.7100,321139.24
1777676400000,83.7100,83.8400,83.5100,83.7000,321422.74
1777680000000,83.7000,83.8300,83.3900,83.7800,573585.40
1777683600000,83.7900,84.0300,83.7100,83.9900,309405.59
1777687200000,84.0000,84.1600,83.8200,83.8900,510535.89
1777690800000,83.8800,83.9300,83.6400,83.7600,244574.51
1777694400000,83.7600,83.7900,83.5000,83.5800,277586.08
1777698000000,83.5900,83.7000,83.4800,83.6500,311869.24
1777701600000,83.6600,83.8100,83.5200,83.7700,185377.98
1777705200000,83.7800,83.8200,83.6500,83.6700,153732.13
1777708800000,83.6800,83.8400,83.5800,83.7900,160572.01
1777712400000,83.7900,84.1100,83.7700,83.9500,479494.38
1777716000000,83.9500,83.9700,83.8100,83.8900,145924.83
1777719600000,83.8900,83.8900,83.4700,83.6400,439620.84
1777723200000,83.6400,84.0500,83.6200,83.8000,764199.31
1777726800000,83.8000,84.0400,83.8000,83.8900,322856.77
1777730400000,83.8900,84.0500,83.8600,83.9300,267563.76
1777734000000,83.9200,84.0300,83.8800,83.9900,159808.54
1777737600000,83.9900,84.2300,83.9700,84.1500,394808.59
1777741200000,84.1400,84.1600,83.9500,84.0000,245351.57
1777744800000,84.0000,84.1700,83.8900,84.1400,206798.42
1777748400000,84.1300,84.2800,84.1100,84.1900,158926.73
1777752000000,84.1800,84.1900,84.0500,84.1600,99247.41
1777755600000,84.1500,84.9600,84.1100,84.5100,889938.29
1777759200000,84.5000,84.6100,84.0100,84.4200,662174.53
1777762800000,84.4200,84.4700,84.1600,84.2300,364061.73
1777766400000,84.2300,84.2700,83.7600,84.0500,700611.82
1777770000000,84.0400,84.0500,83.6900,83.7000,380669.53
1777773600000,83.7000,83.7900,83.5600,83.6300,448155.57
1777777200000,83.6400,83.7100,83.5300,83.6100,262255.85
1777780800000,83.6100,83.7000,83.5200,83.6500,372148.64
1777784400000,83.6500,83.7900,83.6100,83.7000,188241.49
1777788000000,83.7000,83.8300,83.5300,83.7000,252438.14
1777791600000,83.7000,83.9700,83.7000,83.8200,372491.78
1777795200000,83.8300,83.9800,83.7600,83.8300,216712.72
1777798800000,83.8400,84.0800,83.8100,84.0000,450327.64
1777802400000,84.0000,84.0100,83.7600,83.7700,201129.86
1777806000000,83.7600,84.1600,83.6800,83.9000,574533.24
1777809600000,83.9100,84.2000,83.9100,84.0600,299322.39
1777813200000,84.0500,84.1700,83.9300,84.0500,290671.95
1777816800000,84.0400,84.4100,84.0400,84.3100,424465.55
1777820400000,84.3200,84.3900,84.0600,84.1200,272625.11
1777824000000,84.1100,84.2700,83.9500,84.1000,333348.05
1777827600000,84.1100,84.2900,83.9500,84.1600,279542.99
1777831200000,84.1600,84.2900,84.0600,84.2300,154948.75
1777834800000,84.2200,84.4700,84.2000,84.3400,232703.49
1777838400000,84.3300,84.7000,84.2100,84.3000,468378.74
1777842000000,84.2900,84.4200,83.8000,84.1000,476018.08
1777845600000,84.1000,84.9500,84.1000,84.6400,1201504.82
1777849200000,84.6400,84.7500,83.8100,83.8700,750752.46
1777852800000,83.8600,83.8600,83.2900,83.7500,1061733.18
1777856400000,83.7500,84.9100,83.3700,84.7300,1979701.12
1777860000000,84.7300,85.6200,84.7000,85.2200,3116984.52
1777863600000,85.2100,85.5600,85.0700,85.3800,822754.03
1777867200000,85.3800,85.8800,85.3500,85.7400,1416919.75
1777870800000,85.7400,85.7800,85.3200,85.3500,1159054.42
1777874400000,85.3600,85.3900,84.4600,84.8300,1537031.72
1777878000000,84.8400,84.9900,84.6200,84.8400,415935.33
1777881600000,84.8400,84.8700,84.5700,84.7200,522226.83
1777885200000,84.7200,85.1600,84.6300,84.9900,481365.47
1777888800000,85.0000,85.0400,83.1800,84.0000,3811864.55
1777892400000,83.9900,84.1000,83.7800,83.9000,694940.75
1777896000000,83.9000,84.1100,83.8000,83.8300,708106.13
1777899600000,83.8400,84.3000,83.5100,83.9500,967502.65
1777903200000,83.9500,85.3000,83.7300,84.9500,1938102.96
1777906800000,84.9600,85.1500,83.8800,84.4500,2311059.80
1777910400000,84.4500,84.7600,83.9300,84.4400,1323793.99
1777914000000,84.4500,85.1700,84.4400,84.9100,925270.67
1777917600000,84.9000,85.0300,84.5400,84.7200,666622.28
1777921200000,84.7100,84.7400,84.3300,84.4300,453780.42
1777924800000,84.4200,84.4300,84.0100,84.0400,439819.35
1777928400000,84.0400,84.4700,84.0300,84.3900,417952.80
1777932000000,84.3800,84.5200,84.1200,84.1600,351735.32
1777935600000,84.1700,84.1800,83.9600,84.0500,332484.42
1777939200000,84.0500,84.3300,83.9800,84.2600,403160.81
1777942800000,84.2600,84.4200,84.0900,84.3600,350699.25
1777946400000,84.3600,84.7600,84.2900,84.4700,709957.91
1777950000000,84.4700,84.9400,84.3600,84.7300,609127.57
1777953600000,84.7200,84.8700,84.5400,84.7400,604939.64
1777957200000,84.7400,85.1000,84.6800,84.9000,830480.52
1777960800000,84.8900,84.9700,84.5200,84.9500,728003.80
1777964400000,84.9600,85.0400,84.7400,84.8300,620868.56
1777968000000,84.8300,84.8700,84.6500,84.7500,371569.07
1777971600000,84.7500,84.7600,84.4000,84.5200,422778.28
1777975200000,84.5200,84.9100,84.3900,84.8700,502438.90
1777978800000,84.8700,84.9700,84.6400,84.9300,432312.23
1777982400000,84.9300,85.3300,84.8600,85.2700,707110.04
1777986000000,85.2700,86.0800,85.2600,85.5800,2757438.79
1777989600000,85.5900,85.7200,85.1400,85.4600,1354059.78
1777993200000,85.4500,85.8600,85.3100,85.4700,1257277.18
1777996800000,85.4600,85.6500,85.0100,85.2900,1023108.26
1778000400000,85.2800,85.5000,85.0600,85.4200,438385.14
1778004000000,85.4200,85.8500,85.3900,85.8400,595285.33
1778007600000,85.8300,86.5300,85.7600,86.4700,1306306.44
1778011200000,86.4600,86.8800,86.3800,86.6100,934982.29
1778014800000,86.6000,86.9100,86.2400,86.6900,852577.82
1778018400000,86.6800,86.9600,86.1500,86.5400,974043.39
1778022000000,86.5400,86.6500,86.1200,86.2400,568936.11
1778025600000,86.2400,86.5200,86.0600,86.3500,795930.07
1778029200000,86.3500,86.9800,86.2700,86.8100,649461.68
1778032800000,86.8200,86.9000,86.3400,86.8600,633181.61
1778036400000,86.8600,87.4400,86.8400,87.2900,1137060.08
1778040000000,87.2800,87.3900,86.6100,86.7500,808557.96
1778043600000,86.7500,87.4200,86.7000,87.3600,871375.94
1778047200000,87.3600,87.5000,87.1100,87.4400,712362.50
1778050800000,87.4400,87.8700,87.4000,87.6500,772738.22
1778054400000,87.6600,89.2100,87.6000,88.9900,1968435.50
1778058000000,89.0000,89.5500,88.5400,89.4400,1708539.70
1778061600000,89.4400,89.6600,89.1700,89.3400,1238245.92
1778065200000,89.3400,90.1300,89.2700,89.8300,1414651.14
1778068800000,89.8400,89.9400,89.4500,89.6300,1088593.50
1778072400000,89.6300,89.6300,88.0200,88.3000,2736225.63
1778076000000,88.3000,88.8400,87.4300,88.3500,2360381.89
1778079600000,88.3500,89.0500,88.2600,88.9200,1046311.53
1778083200000,88.9100,89.4800,88.5300,89.1300,1197500.19
1778086800000,89.1300,89.4100,88.4700,88.7900,882612.34
1778090400000,88.7800,89.1300,88.4200,88.9300,842442.66
1778094000000,88.9200,89.2700,88.8400,89.2100,519865.33
1778097600000,89.2100,89.5800,88.8700,89.1500,703399.97
1778101200000,89.1500,89.5500,89.0200,89.4400,443440.57
1778104800000,89.4400,89.5300,88.9800,89.0400,437380.78
1778108400000,89.0300,89.1400,88.6100,89.1000,424222.04
1778112000000,89.1100,89.2300,88.1600,88.2900,918038.25
1778115600000,88.2800,88.4900,87.8400,88.2700,1125094.78
1778119200000,88.2600,88.3400,87.7600,88.1100,581084.49
1778122800000,88.1000,88.1100,87.4700,87.7200,802923.76
1778126400000,87.7200,88.3300,87.6400,88.3300,645705.89
1778130000000,88.3300,88.8700,88.2900,88.6200,904581.47
1778133600000,88.6300,89.2600,88.1700,89.2300,1135538.87
1778137200000,89.2300,90.4000,89.0800,90.1200,2016445.04
1778140800000,90.1200,90.2300,89.4200,89.5300,1262678.95
1778144400000,89.5300,89.5500,89.1400,89.3900,819530.77
1778148000000,89.4000,89.4900,88.6600,89.1000,1126530.90
1778151600000,89.1100,89.6600,89.1100,89.5000,716831.30
1778155200000,89.5000,90.0600,89.4500,89.7000,831231.08
1778158800000,89.7100,89.7100,88.3100,88.6100,2012506.90
1778162400000,88.6200,88.8900,87.7700,88.1100,2117784.69
1778166000000,88.1000,88.5400,87.7500,88.2800,1483727.92
1778169600000,88.2700,88.7500,88.0300,88.4000,1272947.61
1778173200000,88.4000,88.8300,87.9100,88.7500,999599.68
1778176800000,88.7500,89.0200,88.1900,88.5300,1080898.83
1778180400000,88.5400,88.6900,88.1700,88.4100,572227.88
1778184000000,88.4100,88.8200,87.9800,88.0200,652169.79
1778187600000,88.0200,88.1900,87.6100,87.9200,734232.98
1778191200000,87.9100,88.1900,87.6100,88.0600,621300.23
1778194800000,88.0500,88.4500,88.0200,88.4000,372203.60
1778198400000,88.4000,88.6100,88.0600,88.2400,488245.19
1778202000000,88.2500,88.3300,87.8700,88.1000,290651.78
1778205600000,88.1100,88.3300,87.5600,88.0300,777999.52
1778209200000,88.0300,88.3500,87.5700,88.1700,625900.93
1778212800000,88.1700,88.3400,87.9700,88.1300,324457.78
1778216400000,88.1400,88.3900,87.9900,87.9900,345387.10
1778220000000,88.0000,88.2500,87.7600,88.0100,849375.76
1778223600000,88.0000,88.2000,87.6000,88.2000,818599.52
1778227200000,88.2000,88.5900,87.9600,88.3200,991722.70
1778230800000,88.3300,88.6900,88.1800,88.3700,568643.99
1778234400000,88.3800,88.7300,88.2300,88.5700,514763.68
1778238000000,88.5800,88.6800,88.4300,88.5900,432301.65
1778241600000,88.5900,88.8200,88.3000,88.4000,561571.71
1778245200000,88.4000,88.5100,87.9500,88.2800,827675.14
1778248800000,88.2900,89.3400,88.2900,89.1100,1496678.84
1778252400000,89.1000,89.5600,88.3600,89.5500,1527006.80
1778256000000,89.5500,89.7400,89.2900,89.5300,957433.98
1778259600000,89.5400,91.9400,89.5200,91.6100,3538290.79
1778263200000,91.6100,92.5300,91.6000,92.2800,1925576.96
1778266800000,92.2900,92.7800,92.0200,92.5600,1507801.62
1778270400000,92.5700,92.6400,91.9900,92.0800,824493.98
1778274000000,92.0900,92.3600,91.7100,92.2600,721875.82
1778277600000,92.2700,92.6800,92.2100,92.2600,604204.30
1778281200000,92.2500,92.2700,91.7100,91.9700,580499.71
1778284800000,91.9600,92.5700,91.8000,92.4200,785415.87
1778288400000,92.4100,93.8000,92.3800,93.4500,1770371.43
1778292000000,93.4500,93.7500,93.2300,93.4500,737972.40
1778295600000,93.4500,93.7300,93.3500,93.5900,704315.99
1778299200000,93.5800,94.1600,93.0700,93.1800,1311028.24
1778302800000,93.1800,93.7400,92.7800,93.7000,1185885.25
1778306400000,93.7000,94.0600,93.1400,93.4900,974548.22
1778310000000,93.4900,93.9900,93.2900,93.7100,755977.21
1778313600000,93.7100,93.9100,93.6200,93.6600,402265.75
1778317200000,93.6700,93.6700,92.9700,93.2500,890469.92
1778320800000,93.2400,93.5500,93.0600,93.3400,451231.73
1778324400000,93.3300,93.6400,93.2700,93.5600,273555.49
1778328000000,93.5700,93.7000,93.2200,93.3900,367746.11
1778331600000,93.4000,93.4200,92.9500,93.4100,537503.67
1778335200000,93.4200,93.4200,92.7200,92.8300,905097.72
1778338800000,92.8300,92.9700,92.3200,92.9400,1137684.88
1778342400000,92.9500,93.2600,92.6200,92.7100,1045690.16
1778346000000,92.7100,93.4500,92.7100,93.1500,722329.95
1778349600000,93.1500,93.6000,93.1000,93.3100,399534.97
1778353200000,93.3200,93.5400,93.1600,93.4500,293584.89
1778356800000,93.4600,93.4700,93.0800,93.2000,187417.73
1778360400000,93.2000,93.5000,93.1900,93.4200,179486.69
1778364000000,93.4300,93.4600,93.1600,93.2700,203035.86
1778367600000,93.2800,93.4400,92.9900,93.0700,210816.72
1778371200000,93.0600,93.3000,92.8600,92.9900,396235.62
1778374800000,92.9900,92.9900,92.5400,92.9200,557219.91
1778378400000,92.9100,93.0800,92.7600,93.0000,474245.79
1778382000000,92.9900,93.4600,92.9600,93.3700,549481.32
1778385600000,93.3600,93.4500,93.1900,93.2900,282628.66
1778389200000,93.2900,93.4600,93.1800,93.2800,217355.53
1778392800000,93.2800,93.4200,93.2000,93.3700,213148.51
1778396400000,93.3600,93.5900,93.3100,93.3900,439133.71
1778400000000,93.3900,94.0600,93.3600,94.0100,904135.84
1778403600000,94.0200,94.7800,94.0100,94.2500,1491808.45
1778407200000,94.2600,94.3400,93.4000,93.8000,1163872.40
1778410800000,93.8100,93.9900,92.7800,93.4800,1289988.11
1778414400000,93.4900,93.5700,93.1200,93.2500,446577.77
1778418000000,93.2500,93.9000,93.1800,93.7100,1026754.45
1778421600000,93.7200,94.1000,93.6100,93.8200,664835.82
1778425200000,93.8300,94.7000,93.8200,94.4800,1353335.88
1778428800000,94.4900,94.9700,94.1200,94.7700,1240008.48
1778432400000,94.7600,96.4800,94.7600,96.4700,2796256.03
1778436000000,96.4600,96.8800,96.0800,96.3900,1551640.95
1778439600000,96.3900,96.8600,95.6900,96.4500,1387437.99
1778443200000,96.4400,96.5700,93.3700,94.4700,2716193.06
1778446800000,94.4600,95.5600,94.4200,95.0200,1349676.96
1778450400000,95.0100,96.3400,94.8300,96.1900,1563868.97
1778454000000,96.2000,96.8300,95.9300,96.4200,1205272.96
1778457600000,96.4200,96.6300,95.2800,95.7600,1898107.24
1778461200000,95.7600,96.3800,95.2800,96.0100,1192908.08
1778464800000,96.0100,96.1100,95.1400,95.2800,971310.12
1778468400000,95.2800,95.3100,94.4100,94.7200,1429819.88
1778472000000,94.7200,95.1700,94.3700,94.9200,726979.19
1778475600000,94.9200,95.8400,94.8800,95.6500,882573.72
1778479200000,95.6500,96.1200,95.3700,95.4400,703453.83
1778482800000,95.4400,95.5400,95.1000,95.2900,644864.58
1778486400000,95.2900,95.3400,94.5200,94.7200,1027452.30
1778490000000,94.7200,95.3200,94.7100,95.2400,523413.03
1778493600000,95.2400,95.5500,94.9800,95.0100,689685.14
1778497200000,95.0100,95.4700,94.8500,95.2100,521231.13
1778500800000,95.2200,95.3500,94.5900,94.7400,1151364.65
1778504400000,94.7400,95.4600,94.5000,95.2000,1835828.70
1778508000000,95.1900,95.8600,94.2500,95.1100,2836707.23
1778511600000,95.1200,96.7800,94.8300,96.7600,2473928.24
1778515200000,96.7700,97.9700,96.4400,97.2900,3084717.75
1778518800000,97.2900,97.9100,96.8400,97.7200,1277160.23
1778522400000,97.7300,98.0700,97.2100,97.2400,1176039.13
1778526000000,97.2400,98.3600,96.9800,98.1300,1082766.12
1778529600000,98.1300,98.3400,97.5500,97.5800,705067.55
1778533200000,97.5800,97.7700,97.2700,97.3300,404733.81
1778536800000,97.3400,97.8100,97.3100,97.5900,435782.22
1778540400000,97.6000,97.6000,97.0300,97.3100,555465.21
1778544000000,97.3200,97.6300,97.1200,97.4500,485632.73
1778547600000,97.4600,97.6100,95.4700,96.2200,2212769.33
1778551200000,96.2200,96.6800,96.0800,96.5000,754078.91
1778554800000,96.5100,96.6000,95.9900,96.0900,535216.37
1778558400000,96.0900,96.4600,96.0000,96.3000,410505.07
1778562000000,96.3000,96.7200,96.1700,96.5000,572784.07
1778565600000,96.5100,96.9600,96.0900,96.1400,722748.57
1778569200000,96.1400,96.2700,95.7400,95.9800,1001650.73
1778572800000,95.9800,96.0900,95.2600,95.6000,1273217.12
1778576400000,95.5900,96.0300,95.2800,95.7400,935956.82
1778580000000,95.7400,95.9400,94.8600,94.9600,1344835.91
1778583600000,94.9700,95.0100,94.5200,94.9200,1186873.96
1778587200000,94.9200,95.5200,94.3200,95.1600,2153850.45
1778590800000,95.1600,95.3500,94.4700,94.6700,1229374.95
1778594400000,94.6700,95.2000,94.3400,94.5200,1306392.29
1778598000000,94.5200,94.7500,93.5600,93.8200,2143671.25
1778601600000,93.8200,94.2800,93.5500,93.8100,986868.42
1778605200000,93.8100,94.6600,93.8000,94.4800,919623.09
1778608800000,94.4800,94.8000,94.3000,94.5100,628269.26
1778612400000,94.5200,94.9700,94.5200,94.8800,602094.72
1778616000000,94.8900,94.9400,94.5700,94.7000,381370.14
1778619600000,94.7100,94.8200,94.4700,94.6300,205769.19
1778623200000,94.6300,95.0200,94.5900,94.6300,240097.57
1778626800000,94.6200,94.7300,94.1600,94.2500,382756.07
1778630400000,94.2500,94.6100,94.0000,94.4300,544010.14
1778634000000,94.4300,95.4000,94.4200,95.1300,1009963.80
1778637600000,95.1300,95.5400,94.9600,95.2000,440902.62
1778641200000,95.2000,95.5400,95.0200,95.5200,372245.32
1778644800000,95.5200,95.9700,95.3700,95.4400,829347.58
1778648400000,95.4300,95.4600,95.0300,95.2100,627176.06
1778652000000,95.2100,95.6600,95.0500,95.0800,699171.18
1778655600000,95.0700,95.2600,94.8200,95.0900,506209.96
1778659200000,95.0900,95.7200,94.9500,95.5100,574412.01
1778662800000,95.5200,95.8400,95.5100,95.6600,596791.90
1778666400000,95.6600,95.7100,94.6700,94.7300,832860.12
1778670000000,94.7300,94.7800,94.1800,94.2700,1173152.06
1778673600000,94.2700,94.5800,91.6200,93.1100,4230515.24
1778677200000,93.1000,93.3900,91.8900,92.2300,2553020.72
1778680800000,92.2400,92.2900,90.6400,91.7100,3228030.87
1778684400000,91.7200,91.8800,90.2000,90.3700,3064181.53
1778688000000,90.3800,91.2100,90.3400,90.7900,2229279.12
1778691600000,90.8000,91.0800,90.6300,90.8300,1029602.12
1778695200000,90.8400,91.3600,90.7000,90.8600,928426.27
1778698800000,90.8700,90.9600,90.4200,90.9000,1256355.77
1778702400000,90.9000,91.2900,90.8600,91.1700,1022158.37
1778706000000,91.1700,91.2200,90.6600,90.8200,984394.69
1778709600000,90.8200,91.1900,90.5700,91.1100,1117337.73
1778713200000,91.1200,91.2800,90.9800,91.1100,762805.88
1778716800000,91.1100,91.3800,91.0100,91.1600,1332766.00
1778720400000,91.1500,91.3200,90.9300,91.1100,1215591.53
1778724000000,91.1100,91.2200,90.4000,90.5200,1243509.10
1778727600000,90.5300,90.7400,89.7300,89.8900,2930905.12
1778731200000,89.8900,90.5800,89.8100,90.4300,1503317.34
1778734800000,90.4300,91.4300,90.3500,91.2400,1528572.01
1778738400000,91.2300,91.4300,91.0900,91.3500,768191.20
1778742000000,91.3500,91.6500,90.6300,90.8300,1531289.01
1778745600000,90.8300,91.2600,90.6200,91.0000,546125.59
1778749200000,91.0100,91.1000,90.5200,90.8000,425208.64
1778752800000,90.8000,91.0900,90.6000,90.9900,442997.05
1778756400000,90.9900,91.0500,90.5600,90.5800,352731.58
1778760000000,90.5800,91.2400,90.4600,91.1600,590577.53
1778763600000,91.1600,91.4300,90.6700,90.7300,953359.66
1778767200000,90.7200,92.2700,90.5600,92.2300,1985180.26
1778770800000,92.2300,93.2100,91.8600,93.1000,2043454.19
1778774400000,93.1100,93.6400,92.2600,93.2700,2372795.30
1778778000000,93.2700,93.5400,92.2400,92.9800,1746777.54
1778781600000,92.9700,93.6000,92.6500,93.3800,1098991.73
1778785200000,93.3900,93.6000,92.7300,92.8500,625808.81
1778788800000,92.8600,92.9500,92.3000,92.6900,544768.85
1778792400000,92.6900,92.9100,92.4900,92.6700,272913.19
1778796000000,92.6700,92.8700,92.5500,92.6000,256813.49
1778799600000,92.5900,92.6100,92.0700,92.1100,588478.59
1778803200000,92.1100,92.6200,92.0400,92.3600,737419.31
1778806800000,92.3700,92.5000,91.6100,91.6900,828579.63
1778810400000,91.7000,92.4100,91.4100,92.3100,1556258.92
1778814000000,92.3200,92.4500,91.8200,92.0000,389018.00
1778817600000,92.0000,92.0000,91.1900,91.2300,709352.50
1778821200000,91.2300,91.4900,90.2100,90.5500,1506461.93
1778824800000,90.5400,91.0400,90.4100,90.9700,715597.18
1778828400000,90.9700,91.6900,90.8800,91.5600,1490255.70
1778832000000,91.5700,91.6100,90.9200,91.2300,876455.77
1778835600000,91.2400,91.3600,90.8700,91.1300,762459.30
1778839200000,91.1300,91.5400,90.9600,91.4200,627900.16
1778842800000,91.4300,91.5000,91.1100,91.2100,281622.79
1778846400000,91.2100,91.2300,90.5000,90.6200,826838.75
1778850000000,90.6300,90.6300,88.6300,88.8600,3471771.97
1778853600000,88.8700,89.5000,88.4700,89.0000,2174284.69
1778857200000,89.0000,89.2400,88.6500,89.0000,720037.59
1778860800000,89.0100,89.6700,88.7500,89.4700,1009139.38
1778864400000,89.4700,89.8800,89.4400,89.7900,541144.90
1778868000000,89.7800,90.0700,89.4300,89.7600,587587.29
1778871600000,89.7600,89.7600,89.3000,89.3600,567006.84
1778875200000,89.3600,89.4800,89.0400,89.2500,399041.64
1778878800000,89.2400,89.4000,88.9200,89.0200,330152.87
1778882400000,89.0100,89.3200,89.0100,89.2900,200198.74
1778886000000,89.3000,89.3600,89.1600,89.2000,174614.54
1778889600000,89.1900,89.4200,89.0900,89.1900,245554.73
1778893200000,89.1800,89.3200,88.9000,89.2700,454987.51
1778896800000,89.2700,89.3600,88.9400,89.1600,311389.21
1778900400000,89.1500,89.2300,88.9500,89.0100,178936.44
1778904000000,89.0000,89.0400,88.0800,88.8200,1054732.57
1778907600000,88.8200,88.8800,88.2300,88.5300,642537.91
1778911200000,88.5400,88.6100,87.7200,87.9700,945788.61
1778914800000,87.9700,87.9800,86.6200,87.4200,2045401.95
1778918400000,87.4100,87.5800,87.3100,87.4400,393843.22
1778922000000,87.4300,87.4700,85.6000,85.9800,3329773.98
1778925600000,85.9700,86.0900,85.4400,85.9400,1216129.67
1778929200000,85.9500,86.2600,85.9400,86.0400,577352.77
1778932800000,86.0400,86.3900,85.9400,86.1800,563552.62
1778936400000,86.1900,86.3000,86.0300,86.2100,421475.28
1778940000000,86.2100,86.6700,86.0000,86.3300,785158.06
1778943600000,86.3200,86.6100,86.2000,86.4200,521075.41
1778947200000,86.4200,86.7300,86.3000,86.5700,695864.73
1778950800000,86.5800,86.9100,86.5600,86.7500,334385.14
1778954400000,86.7500,86.9200,86.5400,86.7500,246551.37
1778958000000,86.7500,86.8000,86.6000,86.6500,200574.50
1778961600000,86.6400,86.8500,86.6200,86.6300,171945.01
1778965200000,86.6200,86.7400,86.4200,86.5300,195130.78
1778968800000,86.5300,86.6500,86.3800,86.4900,159511.84
1778972400000,86.4800,86.6500,86.4300,86.4800,132413.01
1778976000000,86.4800,86.6800,85.9100,86.0900,522718.83
1778979600000,86.0800,86.3000,85.5100,85.7000,1083639.20
1778983200000,85.6900,86.2000,85.6900,85.9400,633682.39
1778986800000,85.9400,86.6000,85.9300,86.4600,396153.89
1778990400000,86.4700,86.9300,86.4100,86.8000,442092.13
1778994000000,86.8000,87.2500,86.7900,86.8600,513436.23
1778997600000,86.8700,86.9700,86.6600,86.7900,335422.66
1779001200000,86.8000,87.0600,86.7200,86.9200,362445.60
1779004800000,86.9200,86.9700,86.5100,86.7600,522892.27
1779008400000,86.7700,86.9500,86.6400,86.8200,419419.94
1779012000000,86.8300,87.2200,86.7500,86.9300,903352.33
1779015600000,86.9400,86.9600,86.7200,86.8400,328062.81
1779019200000,86.8400,86.9700,86.6600,86.7000,285034.53
1779022800000,86.7000,86.7300,86.2300,86.3500,639623.54
1779026400000,86.3400,86.4100,85.8900,86.2500,783436.87
1779030000000,86.2500,86.4500,86.1000,86.3900,312524.10
1779033600000,86.4000,86.6400,86.0500,86.2500,413312.73
1779037200000,86.2500,86.3100,85.9400,86.2000,416086.86
1779040800000,86.2000,86.3900,85.9600,86.3700,241647.46
1779044400000,86.3700,86.9000,86.3700,86.7400,360890.32
1779048000000,86.7500,86.8100,86.5100,86.6200,229663.31
1779051600000,86.6200,86.9200,86.5300,86.8700,279402.49
1779055200000,86.8700,86.8700,85.9400,86.1700,725126.35
1779058800000,86.1800,86.1900,83.3100,85.1700,3717386.70
1779062400000,85.1800,85.3100,84.3100,85.2900,1616856.94
1779066000000,85.3000,85.4300,84.4700,84.9400,1145471.85
1779069600000,84.9400,85.3100,84.6400,84.8300,660229.20
1779073200000,84.8300,85.2100,84.6700,84.7900,442394.12
1779076800000,84.7900,85.2700,84.5400,85.2100,572436.09
1779080400000,85.2000,85.3300,84.6000,84.8200,796425.33
1779084000000,84.8100,84.9400,84.2100,84.6900,1190802.74
1779087600000,84.7000,84.9700,84.3500,84.7000,616339.52
1779091200000,84.7100,84.9800,84.5600,84.8600,461957.59
1779094800000,84.8500,84.8800,84.4100,84.4300,295079.88
1779098400000,84.4400,84.4800,84.1500,84.2400,726557.06
1779102000000,84.2400,85.2800,84.0200,84.9300,1010691.99
1779105600000,84.9300,85.7500,84.9300,85.5200,1227060.14
1779109200000,85.5300,85.5300,84.2600,84.6400,1495967.70
1779112800000,84.6500,84.6500,83.6500,83.9300,1791782.90
1779116400000,83.9400,84.3600,83.5500,84.1700,1193464.17
1779120000000,84.1800,84.4800,83.9200,84.2800,904645.61
1779123600000,84.2800,84.6600,84.1900,84.3500,483344.63
1779127200000,84.3500,84.4000,83.4300,83.4700,1050112.66
1779130800000,83.4800,85.2000,83.4400,84.9500,1446736.47
1779134400000,84.9600,85.3800,84.7800,84.8800,639244.44
1779138000000,84.8700,85.6400,84.7300,85.5200,520401.54
1779141600000,85.5300,85.7400,85.2200,85.4200,432542.02
1779145200000,85.4200,85.6000,85.2100,85.3400,256084.29
1779148800000,85.3400,85.9400,85.2800,85.5400,561695.61
1779152400000,85.5400,85.5600,84.8400,84.8600,525092.48
1779156000000,84.8500,85.2600,84.5500,84.8100,525520.40
1779159600000,84.8100,85.2000,84.6700,85.0300,231659.09
1779163200000,85.0300,85.2700,84.7400,85.1000,474366.30
1779166800000,85.1100,85.2400,84.4100,85.1300,762435.43
1779170400000,85.1300,85.5400,85.0700,85.2200,491586.69
1779174000000,85.2100,85.5900,85.0800,85.4300,384762.71
1779177600000,85.4400,85.5500,84.9700,85.1700,599679.26
1779181200000,85.1700,85.2600,84.4200,84.7000,814816.29
1779184800000,84.7000,84.8300,84.2500,84.6500,506673.07
1779188400000,84.6600,84.7700,84.2100,84.3200,462489.22
1779192000000,84.3200,84.7500,84.2300,84.7200,427341.47
1779195600000,84.7300,85.0700,84.3200,84.7500,783965.72
1779199200000,84.7500,84.9100,83.6200,84.0400,1428255.11
1779202800000,84.0500,84.5300,83.9600,84.3300,589386.94
1779206400000,84.3300,84.8600,84.0900,84.7900,479086.38
1779210000000,84.7900,85.0000,84.4200,84.6300,482008.07
1779213600000,84.6400,84.7800,84.1900,84.3200,396238.72
1779217200000,84.3300,84.7100,84.1700,84.3000,314253.52
1779220800000,84.3000,84.5500,84.2500,84.4800,220805.08
1779224400000,84.4800,84.6200,84.3500,84.3900,189260.22
1779228000000,84.3900,84.3900,83.9300,84.0500,411838.44
1779231600000,84.0500,84.5600,83.9800,84.2400,245788.91
1779235200000,84.2500,84.3700,83.8600,84.1900,402208.97
1779238800000,84.1900,84.5000,83.7900,84.3200,512192.29
1779242400000,84.3300,84.4500,83.8700,83.9500,511010.81
1779246000000,83.9500,84.2300,83.8100,84.0500,292469.29
1779249600000,84.0600,84.1800,83.8300,84.1800,258768.35
1779253200000,84.1800,84.9200,84.1700,84.7200,800930.25
1779256800000,84.7300,84.9700,84.6700,84.9300,395675.69
1779260400000,84.9400,85.0900,84.6400,84.7100,418233.78
1779264000000,84.7100,85.1400,84.6600,84.9400,401199.97
1779267600000,84.9400,85.0400,84.7800,84.8400,226434.18
1779271200000,84.8300,85.1600,84.8200,84.9100,273149.26
1779274800000,84.9100,84.9900,84.5200,84.6500,374029.56
1779278400000,84.6500,85.3000,84.5600,85.0600,512839.07
1779282000000,85.0600,85.1200,84.1100,84.6200,1030051.88
1779285600000,84.6300,86.2100,84.2800,85.8100,2770022.03
1779289200000,85.8000,86.2400,85.3600,85.8900,1909074.91
1779292800000,85.8900,86.7900,85.4800,86.4300,2319733.80
1779296400000,86.4400,87.0500,86.2600,86.4800,1099024.87
1779300000000,86.4800,86.5400,85.6400,85.7800,896853.99
1779303600000,85.7900,86.2600,85.5700,86.1300,527603.12
1779307200000,86.1300,86.2100,85.5000,86.1300,656154.49
1779310800000,86.1200,86.3000,85.8900,85.9300,315568.80
1779314400000,85.9300,86.1800,85.5500,85.9800,515430.21
1779318000000,85.9700,86.1200,85.8100,86.1100,268624.33
1779321600000,86.1100,86.7900,86.0400,86.5800,533738.35
1779325200000,86.5800,87.0000,86.3900,86.4900,682569.91
1779328800000,86.5000,86.8600,86.3900,86.5700,290546.01
1779332400000,86.5700,86.8900,86.4900,86.8000,621765.72
1779336000000,86.8000,87.1700,86.7100,86.9500,865427.25
1779339600000,86.9500,87.0800,86.2900,86.4600,764511.08
1779343200000,86.4600,86.5600,86.1400,86.2700,588938.40
1779346800000,86.2600,86.6900,86.2100,86.5800,470267.74
1779350400000,86.5800,87.1600,86.5800,86.7900,1016545.03
1779354000000,86.7900,87.0000,86.4000,86.4500,464888.49
1779357600000,86.4400,86.6300,85.6500,85.7100,1086636.07
1779361200000,85.7000,85.9000,85.5200,85.5400,534541.81
1779364800000,85.5400,85.8100,85.3600,85.7100,758358.86
1779368400000,85.7000,86.0900,85.2600,86.0200,1193467.30
1779372000000,86.0200,86.4500,85.5600,85.9500,1496526.01
1779375600000,85.9500,86.8600,85.8500,86.4100,1266129.35
1779379200000,86.4200,86.5600,86.0000,86.2200,679166.90
1779382800000,86.2200,88.0200,86.1300,87.5800,3038852.22
1779386400000,87.5800,87.7600,86.7300,87.0400,1113092.35
1779390000000,87.0300,87.8500,87.0200,87.8000,695469.11
1779393600000,87.8100,87.9000,87.4600,87.5200,405863.33
1779397200000,87.5300,87.6800,87.2500,87.3200,395854.54
1779400800000,87.3100,87.4600,87.0900,87.1400,268761.96
1779404400000,87.1500,87.3500,86.9600,87.3200,328021.17
1779408000000,87.3100,87.3200,86.7600,86.8100,461112.35
1779411600000,86.8000,87.0600,86.5300,87.0200,361882.95
1779415200000,87.0300,87.2000,86.9400,87.1200,263569.76
1779418800000,87.1200,87.2700,86.8700,86.9800,254423.84
1779422400000,86.9900,87.3400,86.8700,86.9200,301426.29
1779426000000,86.9300,87.1100,86.6700,86.7700,362423.74
1779429600000,86.7600,86.8000,86.4500,86.6600,633297.77
1779433200000,86.6700,87.1100,86.4800,86.9400,626971.16
1779436800000,86.9400,87.4800,86.8100,87.0900,874944.29
1779440400000,87.0900,87.3600,87.0000,87.2100,381578.48
1779444000000,87.2100,87.2400,86.8000,86.9400,332188.91
1779447600000,86.9400,87.3000,86.6700,87.2900,443384.73
1779451200000,87.2900,87.7500,87.2000,87.7300,689535.37
1779454800000,87.7200,87.8200,87.0400,87.3500,836986.58
1779458400000,87.3500,87.3500,86.2900,86.5600,1510523.39
1779462000000,86.5600,86.9400,86.2100,86.7100,828748.51
1779465600000,86.7100,86.9900,86.6000,86.8800,407070.19
1779469200000,86.8900,87.1500,86.4500,86.6000,804185.65
1779472800000,86.6000,86.6500,84.5100,85.4200,2417999.39
1779476400000,85.4200,85.5900,83.9100,84.5100,2661316.58
1779480000000,84.5100,85.0300,84.5100,84.9500,796278.63
1779483600000,84.9600,85.2600,84.8700,85.1200,411753.08
1779487200000,85.1200,85.1800,84.7200,84.9200,350353.43
1779490800000,84.9200,85.1100,83.9200,84.3600,865717.65
1779494400000,84.3600,84.5300,84.0100,84.3800,893799.33
1779498000000,84.3900,84.6100,84.2700,84.4700,312124.63
1779501600000,84.4700,84.5400,84.1500,84.4800,397739.69
1779505200000,84.4800,84.7100,84.4300,84.6400,245941.01
1779508800000,84.6300,84.6600,84.2800,84.3500,295517.61
1779512400000,84.3600,84.4200,84.1100,84.4000,359750.98
1779516000000,84.4100,84.4500,84.1200,84.2000,273557.64
1779519600000,84.2000,84.2700,81.3600,82.1900,4814032.97
1779523200000,82.1900,82.3000,81.6300,82.0700,2471766.37
1779526800000,82.0600,82.2200,81.9000,81.9200,590386.73
1779530400000,81.9200,82.3000,81.9200,82.1700,328813.59
1779534000000,82.1800,82.4000,82.1400,82.2000,378957.01
1779537600000,82.2100,82.4900,82.0700,82.4100,374415.76
1779541200000,82.4000,83.4800,82.4000,83.1500,1392490.52
1779544800000,83.1600,84.4300,83.0100,84.0700,1688415.45
1779548400000,84.0800,84.4900,83.5800,84.0500,1688662.26
1779552000000,84.0500,84.2600,83.8700,84.0600,706416.60
1779555600000,84.0600,84.3100,83.9300,84.1700,369911.17
1779559200000,84.1700,85.1000,84.1200,84.6600,1411465.05
1779562800000,84.6700,85.0700,84.5600,84.9100,674435.22
1779566400000,84.9100,87.0500,84.7200,87.0300,2297637.66
1779570000000,87.0400,87.5100,85.9200,86.2300,1799754.08
1779573600000,86.2400,86.5700,85.4500,85.7600,843873.20
1779577200000,85.7700,85.8900,85.5900,85.7100,404273.52
1779580800000,85.7200,86.0000,85.5600,85.8500,451926.25
1779584400000,85.8400,86.1900,85.8100,85.9600,521688.17
1779588000000,85.9700,86.0700,85.6800,85.9200,380301.15
1779591600000,85.9200,86.0900,85.5700,85.7600,360786.98
1779595200000,85.7700,86.0700,85.7300,85.8800,477005.79
1779598800000,85.8800,86.1300,85.5300,86.1300,525454.85
1779602400000,86.1200,86.4600,85.8800,86.4100,422367.75
1779606000000,86.4100,86.7700,85.9600,86.0200,792290.23
1779609600000,86.0300,86.4900,85.9600,86.4600,474842.42
1779613200000,86.4600,87.2300,86.3000,86.5000,1023915.77
1779616800000,86.5100,86.7000,86.1900,86.4500,739073.53
1779620400000,86.4500,86.9400,86.3800,86.6100,717494.29
1779624000000,86.6200,86.6500,86.1200,86.3000,405465.71
1779627600000,86.3000,86.4000,85.6700,85.8700,726063.66
1779631200000,85.8700,85.9800,84.3800,85.2200,1668766.24
1779634800000,85.2200,85.4200,85.0900,85.2600,468335.33
1779638400000,85.2600,85.8900,85.1300,85.6000,908899.19
1779642000000,85.6000,85.7600,85.4400,85.6100,381050.74
1779645600000,85.6100,85.6400,85.2100,85.3600,687131.58
1779649200000,85.3600,85.4700,85.1700,85.3200,212664.62
1779652800000,85.3200,85.3700,84.5300,84.7300,702837.44
1779656400000,84.7400,84.9300,83.6200,83.8900,1028529.01
1779660000000,83.8900,85.2800,83.8900,84.9300,1305023.65
1779663600000,84.9200,85.4800,84.9200,85.2300,516660.51
1779667200000,85.2200,85.6200,85.2000,85.4500,458152.78
1779670800000,85.4400,85.5500,84.7500,84.7900,408127.65
1779674400000,84.8000,85.7200,84.7900,85.0200,768652.16
1779678000000,85.0100,85.1300,84.7200,84.8800,338611.42
1779681600000,84.8900,85.9600,84.8600,85.7900,668740.49
1779685200000,85.8000,86.1500,85.6900,85.9300,725207.90
1779688800000,85.9300,86.1400,85.5900,85.9400,424807.53
1779692400000,85.9400,86.1200,85.5400,85.9100,409976.71
1779696000000,85.9200,86.0500,85.6900,85.9800,318779.48
1779699600000,85.9700,86.2000,85.8700,85.8900,344863.15
1779703200000,85.8900,86.0800,85.8400,86.0200,270383.75
1779706800000,86.0300,86.1100,85.6600,85.7400,317050.47
1779710400000,85.7300,86.0400,85.6200,85.8300,341916.77
1779714000000,85.8300,86.0000,85.7200,85.9700,203782.77
1779717600000,85.9800,86.4100,85.8900,86.2900,531830.31
1779721200000,86.2900,86.4900,86.0100,86.2100,529057.17
1779724800000,86.2100,86.4100,85.9200,86.2100,513244.96
1779728400000,86.2100,86.3500,86.0200,86.0900,547110.80
1779732000000,86.1000,86.2800,85.8300,85.8700,234866.59
1779735600000,85.8600,85.9100,85.4600,85.6000,390178.30
1779739200000,85.5900,85.8500,85.2500,85.3700,400575.75
1779742800000,85.3600,85.5300,85.2200,85.3400,237705.03
1779746400000,85.3400,85.5100,84.6400,84.7600,855810.10
1779750000000,84.7500,85.1700,84.6800,85.0100,519685.09
1779753600000,85.0100,85.0400,83.8400,84.3400,1279252.71
1779757200000,84.3300,84.5000,83.7900,84.0500,969199.17
1779760800000,84.0500,84.1700,83.8400,83.9600,395119.18
1779764400000,83.9700,84.2200,83.7800,84.1600,404093.04
1779768000000,84.1600,84.4700,83.9500,84.3100,417281.56
1779771600000,84.3100,84.9300,84.2200,84.6000,573844.50
1779775200000,84.6000,84.7900,84.3500,84.5600,327384.72
1779778800000,84.5500,84.5900,84.0400,84.3000,511663.00
1779782400000,84.3100,84.5400,84.2900,84.4000,301707.00
1779786000000,84.3900,84.6700,84.2500,84.4300,394257.32
1779789600000,84.4400,85.7800,84.3100,85.5100,1317661.80
1779793200000,85.5200,85.6200,85.1600,85.1900,611192.58
1779796800000,85.1800,85.3800,84.7600,85.2800,951720.85
1779800400000,85.2900,85.7300,84.6400,85.4800,1169363.42
1779804000000,85.4800,86.1000,84.7000,85.1900,2087053.64
1779807600000,85.1800,85.3100,83.9600,84.4400,1603582.27
1779811200000,84.4400,84.5200,83.8600,84.1700,1112265.20
1779814800000,84.1700,84.3500,83.0800,83.5300,1694117.44
1779818400000,83.5200,84.0500,83.4200,83.5600,816390.73
1779822000000,83.5500,83.9700,83.2900,83.7300,492581.75
1779825600000,83.7400,83.9100,83.6700,83.8700,362475.21
1779829200000,83.8700,83.9200,83.5100,83.6300,285429.24
1779832800000,83.6400,83.8300,83.4700,83.6100,265101.36
1779836400000,83.6000,83.8000,83.5600,83.6600,235637.06
1779840000000,83.6700,84.1500,83.6600,84.0900,426282.12
1779843600000,84.0800,84.1500,83.7500,83.8100,272539.19
1779847200000,83.8200,83.9200,83.5000,83.9000,291391.15
1779850800000,83.9000,84.0300,83.4200,83.5700,341692.68
1779854400000,83.5700,83.6300,82.6800,83.5900,1174485.13
1779858000000,83.6000,83.8900,83.5100,83.8300,345380.32
1779861600000,83.8300,84.0100,83.6900,84.0000,275260.47
1779865200000,84.0000,84.1700,83.8200,84.1700,446003.76
1779868800000,84.1600,84.3800,83.8400,83.8900,660168.88
1779872400000,83.8800,83.9200,83.5600,83.7300,462088.42
1779876000000,83.7400,84.0600,83.6100,83.9000,368712.58
1779879600000,83.9100,84.1900,83.8300,83.8900,478775.00
1779883200000,83.8800,84.6700,83.4900,83.8900,1395535.53
1779886800000,83.8800,84.0100,82.9100,83.5900,1709139.97
1779890400000,83.5900,84.0900,83.1800,83.8700,1661099.99
1779894000000,83.8600,84.8200,83.8400,84.3900,1421051.31
1779897600000,84.3900,84.7200,83.8100,84.1400,794540.08
1779901200000,84.1400,84.1700,83.1100,83.3700,1251777.50
1779904800000,83.3700,83.9700,83.1400,83.9000,544508.99
1779908400000,83.9100,84.1100,83.8300,83.8900,526478.38
1779912000000,83.8900,84.1000,83.7100,83.7800,408376.03
1779915600000,83.7700,83.7700,82.0500,82.4300,1346040.17
1779919200000,82.4300,82.9700,82.1600,82.4000,1057356.68
1779922800000,82.4000,82.6400,82.1300,82.3800,554792.33
1779926400000,82.3700,82.6900,82.3100,82.6600,416563.55
1779930000000,82.6600,82.7100,81.8400,82.2400,882886.97
1779933600000,82.2400,82.4100,81.9600,82.0600,497054.80
1779937200000,82.0700,82.2100,80.4500,80.6600,3053749.90
1779940800000,80.6600,80.8900,79.9100,80.8300,2018766.88
1779944400000,80.8300,80.9300,80.3500,80.6400,699830.65
1779948000000,80.6500,81.0700,80.4600,80.9000,603159.97
1779951600000,80.9000,81.2400,80.7800,81.1900,625819.24
1779955200000,81.2000,81.2300,80.7600,80.9200,373119.37
1779958800000,80.9300,81.2600,80.7700,81.1700,365450.26
1779962400000,81.1600,81.2800,80.6700,80.7000,464293.33
1779966000000,80.6900,80.9000,80.5400,80.8300,459887.38
1779969600000,80.8200,81.2100,80.5300,81.1000,620060.44
1779973200000,81.1000,81.3300,80.4900,80.7500,1142247.16
1779976800000,80.7400,81.6400,79.9200,81.1400,2645374.34
1779980400000,81.1500,81.3500,80.5100,81.1000,809859.06
1779984000000,81.1000,82.1500,80.8800,82.0300,1107092.66
1779987600000,82.0300,82.6100,81.7800,82.2700,914902.29
1779991200000,82.2600,82.9800,82.2100,82.8800,1023784.32
1779994800000,82.8800,82.8800,82.1100,82.1400,621160.53
1779998400000,82.1400,82.5800,81.7200,82.2600,761472.07
1780002000000,82.2600,82.6600,82.1700,82.3900,359616.69
1780005600000,82.3900,82.5900,81.8700,82.0000,615238.21
1780009200000,82.0000,82.2400,81.9400,82.0700,244264.89
1780012800000,82.0700,82.4400,82.0700,82.2900,325849.25
1780016400000,82.2800,82.4400,82.0300,82.1700,287479.28
1780020000000,82.1700,82.2900,81.4300,81.5400,504629.99
1780023600000,81.5400,81.9200,81.4700,81.5900,429148.58
1780027200000,81.5900,81.9000,81.3300,81.8800,356203.67
1780030800000,81.8800,82.1500,81.7800,82.0200,381072.22
1780034400000,82.0200,82.4600,81.9700,82.2600,436076.10
1780038000000,82.2500,82.4200,81.8600,82.1800,646665.53
1780041600000,82.1800,82.4600,82.1200,82.1600,455536.29
1780045200000,82.1600,82.6000,82.1500,82.3900,289622.76
1780048800000,82.3900,82.4000,82.0400,82.1000,331675.38
1780052400000,82.1100,82.1800,81.4700,81.7300,577664.43
1780056000000,81.7300,81.7600,81.2500,81.4500,625605.35
1780059600000,81.4500,81.6700,81.0500,81.4000,784099.84
1780063200000,81.4000,81.5500,80.3000,81.3000,2290414.63
1780066800000,81.3000,83.2300,81.1700,82.5400,3327189.74
1780070400000,82.5400,83.1000,82.1300,82.8800,1213907.13
1780074000000,82.8900,83.2100,82.6300,82.7500,879289.98
1780077600000,82.7500,82.9600,81.7300,82.0300,967637.88
1780081200000,82.0300,82.3600,81.5300,82.0300,750206.85
1780084800000,82.0200,82.3100,81.9600,82.1900,305622.47
1780088400000,82.1800,82.3700,81.6600,81.6700,411436.21
1780092000000,81.6600,81.9800,81.5800,81.9400,361075.77
1780095600000,81.9500,82.0600,81.7200,81.9800,342978.18
1780099200000,81.9800,82.3100,81.8900,82.2400,329095.56
1780102800000,82.2500,82.9300,82.1600,82.7700,516090.88
1780106400000,82.7800,82.9900,82.7300,82.9500,308358.61
1780110000000,82.9400,83.0600,82.5700,82.6400,420261.69
1780113600000,82.6300,82.7700,81.7900,82.2800,836254.10
1780117200000,82.2800,82.8400,82.1600,82.5500,529794.29
1780120800000,82.5500,82.7000,82.3500,82.4400,264348.99
1780124400000,82.4300,82.4800,82.2200,82.3400,256550.01
1780128000000,82.3400,82.3600,82.1400,82.1900,169534.33
1780131600000,82.1800,82.3500,82.1500,82.2800,145488.90
1780135200000,82.2900,82.4700,82.2500,82.3300,233567.29
1780138800000,82.3300,82.5100,82.1600,82.2800,176192.35
1780142400000,82.2800,82.4000,82.2000,82.3800,187211.07
1780146000000,82.3800,82.5300,82.2000,82.4300,351818.69
1780149600000,82.4400,82.7300,82.4000,82.5800,458707.79
1780153200000,82.5800,82.8900,82.4400,82.6500,466471.80
1780156800000,82.6500,82.9000,82.5900,82.8500,245596.53
1780160400000,82.8500,83.0300,82.5800,83.0100,450820.13
1780164000000,83.0000,83.1100,82.8300,82.9700,271306.39
1780167600000,82.9800,83.0000,82.7300,82.9400,292387.22
1780171200000,82.9500,83.0400,82.8100,82.9100,157932.12
1780174800000,82.9100,83.1300,82.8600,82.9600,319399.46
1780178400000,82.9700,82.9700,82.4000,82.6100,442942.41
1780182000000,82.6000,82.8600,82.4600,82.6900,242904.96
1780185600000,82.6900,82.9200,82.5700,82.9000,236813.20
1780189200000,82.8900,83.1800,82.8700,82.9700,366691.38
1780192800000,82.9700,83.3700,82.8300,83.1100,498304.02
1780196400000,83.1100,83.3100,83.0500,83.1800,199563.21
1780200000000,83.1800,83.2600,83.0500,83.1600,179978.17
1780203600000,83.1600,83.1900,82.9500,82.9900,196589.72
1780207200000,82.9900,83.0000,82.7900,82.9200,240278.98
1780210800000,82.9200,82.9200,82.4600,82.6100,398918.70
1780214400000,82.6200,82.8300,82.5400,82.7600,349532.60
1780218000000,82.7600,83.0200,82.5900,82.7000,310005.22
1780221600000,82.7000,82.7100,82.4300,82.6700,394577.01
1780225200000,82.6700,82.8200,82.6300,82.7100,160151.68
1780228800000,82.7100,82.9000,82.5200,82.7800,256993.19
1780232400000,82.7900,83.0900,82.6100,82.7300,328369.22
1780236000000,82.7300,82.7300,81.6900,81.9100,1536006.15
1780239600000,81.9200,82.2300,81.7600,81.8300,533081.68
1780243200000,81.8300,81.9900,81.3800,81.5400,779303.70
1780246800000,81.5300,81.8600,81.4100,81.8100,334634.53
1780250400000,81.8100,81.8200,81.5600,81.7000,269755.18
1780254000000,81.7000,81.7500,81.2800,81.5400,290902.33
1780257600000,81.5500,81.9800,81.5500,81.9200,267598.83
1780261200000,81.9200,82.3400,81.8300,82.2700,339760.83
1780264800000,82.2600,82.6700,81.9800,82.4900,689543.34
1780268400000,82.5000,82.9100,81.9000,82.3900,811960.13
1780272000000,82.4000,83.0800,82.3200,82.7800,793577.32
1780275600000,82.7800,82.8400,81.7000,81.7200,770283.54
1780279200000,81.7100,82.8800,81.5700,82.6300,751335.97
1780282800000,82.6300,82.9600,82.5100,82.5900,516784.21
1780286400000,82.5900,82.7400,81.7200,81.9900,866981.69
1780290000000,81.9800,82.0700,81.5700,81.7600,359031.69
1780293600000,81.7600,81.8300,81.0600,81.4000,891453.03
1780297200000,81.3900,81.5200,80.5700,80.6700,1034440.24
1780300800000,80.6700,80.9900,80.3800,80.9200,822570.68
1780304400000,80.9200,81.2400,80.9200,81.0400,609678.27
1780308000000,81.0400,81.1500,80.7800,81.0500,414963.25
1780311600000,81.0400,81.1800,80.5800,80.7800,470761.39
1780315200000,80.7800,81.0400,80.1800,80.7800,1132381.95
1780318800000,80.7900,80.8300,79.2000,79.7900,2640447.48
1780322400000,79.8000,80.0600,79.3800,79.6600,1310301.18
1780326000000,79.6700,80.0200,79.1500,79.5600,1342938.46
1780329600000,79.5700,80.4200,79.0600,80.3600,1556349.92
1780333200000,80.3700,81.2000,80.2500,80.9000,1505948.90
1780336800000,80.9000,81.1900,80.5500,80.8100,665932.11
1780340400000,80.8200,81.3000,80.5700,81.1600,537972.99
1780344000000,81.1600,81.2200,80.9300,81.1100,423356.60
1780347600000,81.1000,81.1200,80.4600,80.6500,897290.85
1780351200000,80.6400,81.4600,80.2800,81.3600,939449.67
1780354800000,81.3600,81.6600,81.0400,81.2500,887064.00
1780358400000,81.2500,81.2700,80.8400,80.8700,408995.32
1780362000000,80.8600,80.9900,80.0000,80.0700,848178.61
1780365600000,80.0700,80.7600,79.3600,80.7600,1257915.33
1780369200000,80.7600,81.0300,80.6100,80.8800,530692.60
1780372800000,80.8800,80.9900,80.3300,80.4100,642968.29
1780376400000,80.4000,80.5600,79.4800,79.5800,856475.31
1780380000000,79.5800,79.7800,79.2700,79.5400,1112503.29
1780383600000,79.5400,79.8900,79.0900,79.6300,817640.39
1780387200000,79.6300,79.7700,79.4100,79.5700,468692.22
1780390800000,79.5800,79.6100,78.7100,79.0600,1269221.33
1780394400000,79.0600,79.4500,78.9200,79.4000,539088.28
1780398000000,79.3900,79.4100,78.8000,78.8900,742942.44
1780401600000,78.8900,79.1200,78.5600,78.9400,702526.45
1780405200000,78.9500,79.1900,78.7600,78.9100,785027.17
1780408800000,78.9100,78.9600,76.6400,77.3800,4104486.79
1780412400000,77.3800,77.4300,75.4400,76.3200,3497204.44
1780416000000,76.3300,77.6300,76.0900,76.6700,1861960.05
1780419600000,76.6700,77.1400,76.4000,76.7700,1028632.98
1780423200000,76.7800,77.0300,75.7500,76.0900,757207.12
1780426800000,76.0900,76.2100,74.3700,75.4700,2340599.50
1780430400000,75.4700,75.8900,74.7100,75.3900,1077639.15
1780434000000,75.3800,76.0300,75.2600,75.6100,749503.77
1780437600000,75.6100,75.6100,73.2700,73.6200,2519546.67
1780441200000,73.6300,74.2800,72.6700,74.1800,2494607.19
1780444800000,74.1800,75.0800,73.9400,74.7800,1284325.30
1780448400000,74.7900,74.9900,74.0900,74.6900,688405.59
1780452000000,74.7000,74.7600,74.1500,74.3600,513518.17
1780455600000,74.3600,74.4900,72.2100,72.6600,2058075.29
1780459200000,72.6600,74.0800,72.6400,74.0300,1124670.88
1780462800000,74.0300,74.8800,74.0100,74.6800,1300006.86
1780466400000,74.6800,75.3100,74.6100,74.8100,1095082.02
1780470000000,74.8100,75.3900,74.7100,75.2100,690584.97
1780473600000,75.2100,75.2900,74.8200,74.9500,547813.55
1780477200000,74.9500,75.3800,74.6600,74.9500,833791.24
1780480800000,74.9500,75.5600,74.9200,75.5000,620694.25
1780484400000,75.5100,75.6700,74.9500,75.0900,727163.85
1780488000000,75.0900,75.2300,74.6400,75.1400,614743.41
1780491600000,75.1400,75.3400,74.3400,74.5300,1189734.82
1780495200000,74.5200,74.5600,73.7800,74.4200,1289281.83
1780498800000,74.4200,74.4500,73.1700,73.2400,1646474.60
1780502400000,73.2500,73.4300,71.9200,72.9500,2855442.09
1780506000000,72.9500,74.0600,72.3400,73.1300,1694945.14
1780509600000,73.1300,73.4400,72.4000,73.0500,1122793.33
1780513200000,73.0500,73.1300,71.6300,71.9400,1846159.84
1780516800000,71.9400,72.4000,70.8400,71.1700,2279075.05
1780520400000,71.1700,72.8400,70.9700,72.7600,1432193.03
1780524000000,72.7600,73.1400,71.8900,72.1700,1074274.75
1780527600000,72.1600,72.2300,71.5100,71.5800,924863.49
1780531200000,71.5700,72.0600,70.2600,70.7100,2319806.47
1780534800000,70.7100,70.9200,68.3100,68.5600,4085695.50
1780538400000,68.5700,70.4100,66.5900,70.0100,5701711.17
1780542000000,70.0000,71.5900,69.9900,71.4200,2193011.35
1780545600000,71.4100,71.7400,70.7400,70.8500,1184531.76
1780549200000,70.8400,70.8500,69.8400,70.3000,1556199.74
1780552800000,70.2900,71.1800,70.2000,70.3100,1030591.92
1780556400000,70.3200,70.3600,69.0800,69.1000,1610328.19
1780560000000,69.1100,69.4100,68.2600,69.1800,1872099.18
1780563600000,69.1800,69.2300,67.6800,68.8300,1946553.55
1780567200000,68.8200,68.8900,67.4800,67.8400,2205070.26
1780570800000,67.8400,68.6600,67.3200,68.6300,1827511.38
1780574400000,68.6300,70.3400,68.2700,70.0500,2547548.09
1780578000000,70.0600,70.5500,68.9600,70.3300,2102761.98
1780581600000,70.3300,70.6000,69.5200,69.7300,1238278.87
1780585200000,69.7400,70.4800,69.3600,69.6100,1544504.54
1780588800000,69.6100,69.6400,68.9300,69.3800,986462.09
1780592400000,69.3800,69.7100,68.4400,69.2000,1230052.38
1780596000000,69.1900,69.8600,68.5900,69.4600,1054156.76
1780599600000,69.4500,69.6800,68.9800,69.0500,944482.84
1780603200000,69.0400,69.1000,68.3800,68.7700,839395.05
1780606800000,68.7600,69.0100,67.5500,67.7600,1047654.16
1780610400000,67.7500,68.5300,67.5100,68.4400,1313631.50
1780614000000,68.4300,68.8800,67.9400,68.8200,901452.02
1780617600000,68.8100,69.0600,68.2100,68.2400,1024009.19
1780621200000,68.2500,68.7800,67.5100,68.4600,1452929.22
1780624800000,68.4600,68.5700,67.1400,67.2700,1682948.21
1780628400000,67.2800,67.8300,66.8800,67.0500,1745858.68
1780632000000,67.0500,67.9800,66.4100,67.9100,2321016.52
1780635600000,67.9100,68.0500,66.0200,66.1700,2374205.10
1780639200000,66.1800,66.5100,63.7400,64.9900,6460384.86
1780642800000,64.9900,66.2600,63.8500,66.1100,2910782.66
1780646400000,66.1200,66.1600,65.0200,65.2500,1332111.01
1780650000000,65.2600,66.5600,65.2400,66.5100,1636730.64
1780653600000,66.5100,66.7000,66.1000,66.3700,867782.37
1780657200000,66.3600,66.7500,65.7800,66.0400,1318902.36
1780660800000,66.0300,66.3200,65.1700,65.7900,1711433.28
1780664400000,65.7800,66.7900,64.2500,64.2800,2777753.83
1780668000000,64.2800,65.8300,63.8900,65.2400,3889810.18
1780671600000,65.2400,65.3200,63.7300,64.2000,3525164.98
1780675200000,64.2000,65.9500,63.1300,65.8400,5108576.29
1780678800000,65.8300,66.0400,64.7600,65.0500,1572664.46
1780682400000,65.0600,65.3600,62.5700,62.8600,3269905.54
1780686000000,62.8600,63.8000,61.4000,63.3800,4209400.15
1780689600000,63.3900,64.7800,62.6100,64.6000,2444000.59
1780693200000,64.5900,65.3800,64.4900,64.8300,1090671.46
1780696800000,64.8400,64.8600,63.7500,64.3800,1775925.22
1780700400000,64.3800,64.7600,62.6000,63.6000,1587588.14
1780704000000,63.6000,64.8100,63.5800,64.6200,1082703.39
1780707600000,64.6200,64.8200,63.7200,63.8100,901972.21
1780711200000,63.8000,63.9100,63.2200,63.4700,858895.50
1780714800000,63.4800,63.4900,62.5200,62.7900,1197337.67
1780718400000,62.7900,63.0900,60.2700,60.8000,3836029.31
1780722000000,60.8100,62.6900,60.0300,62.5700,3411156.50
1780725600000,62.5700,63.3100,62.0400,62.1700,1622203.88
1780729200000,62.1800,63.1400,62.0200,62.7500,1277111.93
1780732800000,62.7500,63.5800,62.4900,63.1400,1101305.05
1780736400000,63.1300,63.5300,62.4400,62.6600,906055.70
1780740000000,62.6600,62.6700,61.1300,61.7800,2132847.35
1780743600000,61.7700,62.6400,61.7100,62.4000,1101888.10
1780747200000,62.4000,63.0600,61.9800,62.8700,1350131.76
1780750800000,62.8800,63.0200,62.1200,62.4000,886771.99
1780754400000,62.3900,62.8900,62.2600,62.2900,816057.99
1780758000000,62.3000,62.4500,61.2600,62.0100,2029103.68
1780761600000,62.0100,62.3800,61.3300,62.1000,1176068.22
1780765200000,62.1000,62.2400,61.4100,61.5900,1043752.82
1780768800000,61.5800,62.1100,61.3700,61.6900,729856.14
1780772400000,61.7000,62.1700,61.5900,61.5900,796171.19
1780776000000,61.5900,61.9100,61.3100,61.8200,842230.82
1780779600000,61.8100,62.3400,61.7900,61.8600,830930.57
1780783200000,61.8600,61.9500,61.4200,61.6700,738107.98
1780786800000,61.6700,62.2700,61.6300,62.1600,544572.94
1780790400000,62.1600,62.6100,61.9100,62.0600,965620.14
1780794000000,62.0500,63.8500,61.9900,63.6200,2566368.22
1780797600000,63.6300,63.7500,63.0200,63.5000,1256387.03
1780801200000,63.5100,64.1800,63.3600,63.7700,1038200.45
1780804800000,63.7700,64.0800,63.2500,64.0500,1002278.91
1780808400000,64.0400,64.4600,63.8400,64.2000,1317616.27
1780812000000,64.2000,64.9500,63.9800,64.7900,1353879.36
1780815600000,64.7900,64.9700,64.5500,64.8700,808938.96
1780819200000,64.8600,65.9300,64.4400,65.9200,1930905.60
1780822800000,65.9200,66.0700,64.7700,64.9500,1622499.66
1780826400000,64.9500,65.0200,64.3500,64.5900,952320.26
1780830000000,64.6000,65.1700,64.4600,64.9700,834243.47
1780833600000,64.9600,65.0300,63.5800,64.2500,2347679.06
1780837200000,64.2500,64.3900,64.0200,64.2700,737430.95
1780840800000,64.2700,65.3100,64.2600,64.8600,1385022.24
1780844400000,64.8600,65.2000,64.5800,64.9300,812216.97
1780848000000,64.9300,65.2700,64.6900,65.0900,893928.67
1780851600000,65.0900,65.5800,65.0200,65.2700,761999.30
1780855200000,65.2600,65.5200,64.8400,64.9000,612552.93
1780858800000,64.8900,64.9200,63.5600,63.8900,1814857.05
1780862400000,63.8800,64.7500,63.6700,64.6300,872336.81
1780866000000,64.6400,64.8700,64.2400,64.5700,529912.86
1780869600000,64.5800,67.9000,64.4600,65.7800,4493712.22
1780873200000,65.7700,66.6100,65.7200,66.4500,1252673.62
1780876800000,66.4600,67.0700,65.9600,66.6600,1155795.33
1780880400000,66.6700,66.7500,65.3300,66.1200,1276937.54
1780884000000,66.1300,66.5900,66.0000,66.4000,774495.46
1780887600000,66.4000,66.7100,66.1200,66.3000,603741.08
1780891200000,66.3100,66.3700,65.3100,65.3700,979180.04
1780894800000,65.3700,65.6000,64.9200,65.2800,819616.41
1780898400000,65.2900,65.8400,65.2200,65.6300,841362.42
1780902000000,65.6300,66.1800,65.3200,66.0600,744582.60
1780905600000,66.0600,66.0600,65.4000,65.5800,642472.78
1780909200000,65.5800,66.3400,65.5400,66.3200,864998.18
1780912800000,66.3300,66.4100,65.7500,66.1600,798800.34
1780916400000,66.1500,67.0300,66.0000,66.6500,1334880.42
1780920000000,66.6500,67.3000,65.9500,67.2300,1777109.09
1780923600000,67.2400,67.2600,66.3700,66.7300,1401136.68
1780927200000,66.7400,67.2900,66.4000,67.2500,1149229.78
1780930800000,67.2500,67.7800,67.0100,67.1400,1390717.29
1780934400000,67.1500,67.7200,66.8400,66.9100,1010247.93
1780938000000,66.9000,67.3600,66.5000,67.3400,862760.24
1780941600000,67.3300,67.5900,67.1100,67.3900,686864.00
1780945200000,67.3900,67.7900,67.2300,67.4400,967109.58
1780948800000,67.4400,67.5000,66.8900,67.4500,731552.09
1780952400000,67.4500,68.1600,67.3800,67.4400,986167.30
1780956000000,67.4300,67.4300,66.8000,67.1400,776979.58
1780959600000,67.1400,67.3700,66.6100,66.7900,675757.04
1780963200000,66.7800,66.8500,65.2300,65.3800,2495406.58
1780966800000,65.3800,66.0300,65.3300,65.9400,947510.65
1780970400000,65.9300,66.0400,65.4800,65.8800,593864.69
1780974000000,65.8700,66.0600,65.6200,65.9700,402764.51
1780977600000,65.9700,67.4000,65.7800,66.9700,1986406.66
1780981200000,66.9700,67.3700,66.6600,67.1600,983467.29
1780984800000,67.1600,67.4500,66.9300,67.0200,603973.35
1780988400000,67.0300,67.3300,66.5700,66.8500,874574.45
1780992000000,66.8600,66.9000,66.3400,66.5400,1050009.79
1780995600000,66.5500,66.7900,66.0200,66.1200,805077.59
1780999200000,66.1300,66.4500,65.9400,66.3600,661670.20
1781002800000,66.3700,66.4300,65.8400,66.0700,674064.98
1781006400000,66.0700,66.4900,65.9100,66.1700,896721.42
1781010000000,66.1700,66.3400,65.5500,65.8000,1366324.32
1781013600000,65.8100,65.9600,64.3300,65.0300,3500035.05
1781017200000,65.0400,65.2900,64.2200,64.2900,2156964.16
1781020800000,64.2800,64.4600,63.5000,64.1200,2856468.81
1781024400000,64.1200,65.1400,64.0600,64.7600,1717900.05
1781028000000,64.7500,65.5300,64.6300,65.2600,1177726.71
1781031600000,65.2500,65.6300,65.0100,65.3800,936549.71
1781035200000,65.3800,65.6800,65.2500,65.5900,471999.49
1781038800000,65.5800,65.6300,64.8400,64.9900,574371.65
1781042400000,64.9900,65.3200,64.7800,64.8500,454095.67
1781046000000,64.8400,65.1400,64.6400,64.9200,557030.39
1781049600000,64.9300,65.1900,64.4400,65.1500,714991.28
1781053200000,65.1500,65.2700,64.7600,65.0600,610203.15
1781056800000,65.0600,65.2100,64.2000,64.2700,825560.81
1781060400000,64.2600,64.8200,64.2300,64.4800,422698.39
1781064000000,64.4700,64.6200,64.0800,64.2500,459026.52
1781067600000,64.2600,64.3500,63.8700,64.0900,567644.09
1781071200000,64.0900,64.3300,63.7800,64.1500,576466.37
1781074800000,64.1500,64.7400,64.0900,64.4500,708424.70
1781078400000,64.4600,64.4800,63.3700,63.5800,1304998.92
1781082000000,63.5800,63.7200,63.0200,63.6000,1052788.79
1781085600000,63.6100,63.7600,63.2300,63.6400,578074.22
1781089200000,63.6500,63.7400,62.9100,63.4700,1457762.62
1781092800000,63.4700,64.6500,63.2600,64.0900,2422154.86
1781096400000,64.0900,65.5200,63.9700,65.0300,2382898.18
1781100000000,65.0400,65.2500,64.5400,65.0100,1525488.86
1781103600000,65.0200,65.7400,64.5000,65.4000,2311251.61
1781107200000,65.4100,65.4400,64.1800,64.5800,1395885.90
1781110800000,64.5800,64.9300,63.5800,64.0000,1317455.31
1781114400000,64.0000,64.1800,63.3100,63.8000,1102443.35
1781118000000,63.8000,63.9100,63.3300,63.5200,950621.93
1781121600000,63.5100,63.6200,63.1300,63.2800,872348.79
1781125200000,63.2800,63.2800,62.2900,62.5600,1144208.95
1781128800000,62.5600,63.0400,62.3100,62.7400,918484.57
1781132400000,62.7400,63.2700,62.4100,63.1600,823064.83
1781136000000,63.1600,63.7400,63.1500,63.6200,675924.17
1781139600000,63.6200,65.1200,63.6100,64.8600,1885315.63
1781143200000,64.8700,64.9600,64.3200,64.5000,918436.62
1781146800000,64.4900,65.4500,64.2900,65.2300,1221306.63
1781150400000,65.2300,65.3100,64.9100,65.1700,639764.38
1781154000000,65.1700,65.2000,64.9200,64.9400,346065.53
1781157600000,64.9300,65.4100,64.7800,65.0800,789600.08
1781161200000,65.0800,65.1500,64.7300,65.0200,683113.35
1781164800000,65.0100,65.5200,65.0000,65.2800,983265.26
1781168400000,65.2700,65.5300,64.9800,65.3600,1077465.14
1781172000000,65.3600,65.6200,65.2400,65.4700,760087.43
1781175600000,65.4700,66.3000,65.3000,65.8500,1379367.35
1781179200000,65.8500,65.8900,64.8500,65.2200,1898780.87
1781182800000,65.2200,65.7100,65.0100,65.4900,1152136.30
1781186400000,65.5000,65.7400,64.9400,65.3000,1077713.68
1781190000000,65.3100,65.8300,64.9500,65.5100,1087179.35
1781193600000,65.5100,65.7700,65.2600,65.3300,722551.08
1781197200000,65.3400,67.1600,65.0000,67.1300,3083212.97
1781200800000,67.1200,67.2900,66.6100,66.7600,1137959.51
1781204400000,66.7600,67.3600,66.5500,66.8800,1090609.86
1781208000000,66.8800,67.0000,66.3100,66.5400,769834.08
1781211600000,66.5400,67.0700,66.5300,66.8800,453980.12
1781215200000,66.8800,67.1000,66.8200,66.8500,460088.00
1781218800000,66.8400,67.0700,66.6400,66.8800,599507.14
1781222400000,66.8700,67.0700,66.6900,66.8300,483571.51
1781226000000,66.8200,66.8300,66.3700,66.6500,539323.95
1781229600000,66.6400,67.2600,66.6300,67.0800,589285.05
1781233200000,67.0900,67.1300,66.6300,66.9900,546526.54
1781236800000,66.9800,67.2100,66.8000,67.0200,365457.14
1781240400000,67.0300,67.0500,66.5900,66.6900,641421.97
1781244000000,66.6900,66.7800,65.8800,66.0800,1030972.89
1781247600000,66.0900,66.4500,66.0800,66.2800,824423.89
1781251200000,66.2900,67.0300,66.2800,66.8700,979701.55
1781254800000,66.8600,67.4800,66.7900,67.1400,1020708.32
1781258400000,67.1500,67.3300,66.5500,66.7500,917240.57
1781262000000,66.7500,67.0800,66.7400,66.8900,442402.32
1781265600000,66.8900,66.9600,66.6000,66.7400,608544.29
1781269200000,66.7400,66.9800,66.3300,66.6900,1489323.54
1781272800000,66.6900,67.9500,66.6100,67.8900,2071995.88
1781276400000,67.8800,68.7800,67.1200,67.2000,3166877.80
1781280000000,67.1900,67.9800,67.0300,67.9700,1255634.65
1781283600000,67.9700,68.1800,67.2100,67.3600,915536.58
1781287200000,67.3600,67.4500,66.9400,67.0300,813835.19
1781290800000,67.0300,67.3700,66.6500,66.7400,863244.78
1781294400000,66.7500,66.8200,66.4800,66.6400,752100.25
1781298000000,66.6400,66.9100,66.4200,66.5300,353040.44
1781301600000,66.5400,66.7300,66.4100,66.6000,335028.59
1781305200000,66.5900,66.7900,66.4300,66.7900,359543.20
1781308800000,66.7900,67.0400,66.7300,66.9400,404745.29
1781312400000,66.9500,67.4900,66.9400,67.4000,397095.83
1781316000000,67.4000,67.4700,66.8300,66.9200,379138.67
1781319600000,66.9300,67.0200,66.6500,66.8400,355864.52
1781323200000,66.8300,66.9300,66.5900,66.6100,336768.84
1781326800000,66.6100,66.9300,66.5500,66.7500,561392.24
1781330400000,66.7500,67.2000,66.6200,67.1200,616487.53
1781334000000,67.1300,67.4500,66.9300,67.3400,797811.04
1781337600000,67.3300,67.5500,67.2200,67.2900,598270.59
1781341200000,67.2800,67.5000,67.2500,67.3400,276564.13
1781344800000,67.3400,67.5800,67.2900,67.4000,271093.46
1781348400000,67.4000,67.9300,67.3400,67.8700,506874.90
1781352000000,67.8700,68.0300,67.7400,67.9200,468307.03
1781355600000,67.9300,68.2700,67.7900,67.9700,756924.22
1781359200000,67.9700,68.4100,67.9500,68.2500,598799.44
1781362800000,68.2500,68.6800,68.1200,68.5500,933355.24
1781366400000,68.5600,68.5900,67.7700,68.0500,1364281.39
1781370000000,68.0400,68.2400,67.7800,67.9500,571671.17
1781373600000,67.9400,68.3400,67.9200,68.0800,367199.44
1781377200000,68.0800,68.3600,67.9700,68.1900,297753.20
1781380800000,68.1800,68.2400,68.0000,68.2200,195324.76
1781384400000,68.2300,69.5500,68.1800,69.2100,1390930.49
1781388000000,69.2100,69.2200,68.8200,68.8500,689855.15
1781391600000,68.8500,69.1400,68.7300,68.8800,417873.11
1781395200000,68.8800,68.8800,68.6000,68.7100,360347.17
1781398800000,68.7000,69.0700,68.5800,68.7600,528120.16
1781402400000,68.7700,69.0600,68.6600,68.7700,364866.32
1781406000000,68.7700,69.0000,68.7000,68.9000,381903.35
1781409600000,68.9100,68.9800,68.3800,68.4800,683987.27
1781413200000,68.4800,68.5400,67.9800,68.2200,887056.58
1781416800000,68.2100,68.4600,68.0700,68.1500,468120.76
1781420400000,68.1600,68.2200,68.0000,68.1800,288065.52
1781424000000,68.1900,68.3200,68.0700,68.2000,301376.33
1781427600000,68.2000,68.4600,67.8600,68.4500,525721.33
1781431200000,68.4400,68.4800,68.0900,68.1000,406612.48
1781434800000,68.1100,68.3000,67.9700,68.0600,325579.42
1781438400000,68.0600,68.1200,67.6600,67.7300,619539.77
1781442000000,67.7400,67.8300,67.4600,67.7300,723867.15
1781445600000,67.7200,67.8000,66.8900,67.2400,1363483.10
1781449200000,67.2400,67.5100,67.2200,67.3900,586458.78
1781452800000,67.3800,67.7200,67.3700,67.4500,600916.98
1781456400000,67.4400,67.6900,67.2500,67.3000,472043.14
1781460000000,67.3000,67.4600,67.1400,67.3700,337746.01
1781463600000,67.3700,67.7200,67.2900,67.5200,447532.35
1781467200000,67.5300,68.0500,67.4000,67.7500,547601.58
1781470800000,67.7600,70.5000,67.7600,70.1200,3161475.58
1781474400000,70.1200,70.6900,69.6400,70.4000,1859200.00
1781478000000,70.3900,71.2500,70.1100,71.2400,1333085.96
1781481600000,71.2400,71.6900,70.9000,71.0900,1612526.90
1781485200000,71.0900,71.3100,70.6200,70.9800,878428.60
1781488800000,70.9800,71.5500,70.8600,70.9300,621181.84
1781492400000,70.9300,71.3400,70.8700,71.1900,544590.68
1781496000000,71.1900,71.2400,70.8400,70.8900,452432.53
1781499600000,70.8800,71.2800,70.7500,71.1800,449875.10
1781503200000,71.1700,71.4700,71.0600,71.3200,546389.76
1781506800000,71.3100,71.4800,71.0800,71.2300,533090.82
1781510400000,71.2300,71.5700,71.1100,71.2400,566849.10
1781514000000,71.2400,71.4300,70.7200,71.1800,628136.62
1781517600000,71.1800,72.2000,71.1400,71.8400,1450877.15
1781521200000,71.8400,72.8400,71.6100,72.5600,2313180.86
1781524800000,72.5600,72.9800,72.2500,72.8100,1242492.65
1781528400000,72.8000,74.2300,72.6700,73.5900,2986198.04
1781532000000,73.5900,73.9500,73.1700,73.7700,1426794.11
1781535600000,73.7600,75.2200,73.7300,75.2100,2066157.55
1781539200000,75.2200,76.0600,74.9100,75.4300,2292189.57
1781542800000,75.4400,75.4500,74.6200,75.2400,1909601.23
1781546400000,75.2400,75.6500,75.0600,75.2600,835268.40
1781550000000,75.2500,75.7600,74.5200,75.2400,1330702.03
1781553600000,75.2300,75.4100,74.7200,74.9100,796542.34
1781557200000,74.9100,74.9800,74.3500,74.4200,707698.75
1781560800000,74.4100,74.5700,73.5700,73.7400,1009436.09
1781564400000,73.7300,74.0400,73.5800,73.9300,544009.64
1781568000000,73.9400,74.3800,73.8100,74.0000,844664.68
1781571600000,73.9900,74.3200,73.8100,73.8300,468506.59
1781575200000,73.8300,73.8500,72.7300,72.9900,1543849.23
1781578800000,72.9800,73.7700,72.8200,73.7000,951450.52
1781582400000,73.7000,73.9000,73.1500,73.3400,665328.55
1781586000000,73.3400,73.7900,73.3300,73.6100,550508.43
1781589600000,73.6100,74.2600,73.6100,74.1300,610342.65
1781593200000,74.1300,74.5000,74.0700,74.4100,683871.29
1781596800000,74.4100,75.6300,74.3000,75.3600,1266526.04
1781600400000,75.3500,75.4200,74.7700,74.8000,786090.79
1781604000000,74.8100,75.0800,74.6200,74.6500,590609.09
1781607600000,74.6500,74.8500,74.3300,74.6300,622985.09
1781611200000,74.6300,75.5100,74.4500,74.8900,1129074.14
1781614800000,74.9000,74.9400,73.8200,73.9500,1442081.11
1781618400000,73.9500,74.2700,72.2900,72.9300,2501323.04
1781622000000,72.9300,73.6300,72.8300,73.2500,1124118.22
1781625600000,73.2400,73.4500,72.9600,73.0600,773336.78
1781629200000,73.0600,73.8000,73.0100,73.6400,756199.62
1781632800000,73.6400,74.3200,73.5400,73.9800,1169380.35
1781636400000,73.9800,74.1900,73.4500,73.8000,622243.75
1781640000000,73.8000,74.2300,73.6300,74.1100,443701.04
1781643600000,74.1100,74.1700,73.6900,73.9000,335862.01
1781647200000,73.8900,74.0700,73.5700,73.7900,384786.20
1781650800000,73.7900,73.9300,73.3600,73.4900,367471.31
1781654400000,73.4900,73.7500,73.2800,73.3300,377096.20
1781658000000,73.3300,73.9800,73.1100,73.8900,598505.45
1781661600000,73.8900,74.4400,73.6400,74.0000,788285.37
1781665200000,74.0100,74.0100,73.4700,73.6400,341812.97
1781668800000,73.6400,74.0800,73.5500,73.7900,299865.81
1781672400000,73.7800,73.9600,73.3900,73.6000,386723.76
1781676000000,73.6000,73.7900,73.1300,73.3800,630153.14
1781679600000,73.3800,73.5700,72.9300,73.2200,814600.35
1781683200000,73.2300,73.2600,72.1100,72.3000,1403897.34
1781686800000,72.3000,72.6500,72.2700,72.4900,674394.25
1781690400000,72.4900,72.6500,72.0600,72.1000,459139.65
1781694000000,72.1100,72.2100,71.6600,71.9800,1155379.72
1781697600000,71.9900,72.3000,71.5400,72.2900,1418853.13
1781701200000,72.2800,72.7300,72.1100,72.3800,1142915.92
1781704800000,72.3700,72.6400,71.7800,72.3400,1312591.44
1781708400000,72.3400,73.8300,72.3100,73.7600,1637145.00
1781712000000,73.7600,74.6600,73.6600,73.7200,1540869.03
1781715600000,73.7300,74.3200,73.4100,74.1700,1054716.88
1781719200000,74.1800,74.3600,72.1200,73.4500,3953122.50
1781722800000,73.4500,73.6700,71.3600,71.6100,2989421.77
1781726400000,71.6200,72.2100,71.4900,72.1600,1147161.27
1781730000000,72.1500,72.1900,71.3000,71.5700,525181.31
1781733600000,71.5700,71.9000,70.7600,71.6600,1199816.68
1781737200000,71.6600,72.0900,71.6300,72.0000,408308.83
1781740800000,72.0100,72.4800,71.9700,72.1800,610575.43
1781744400000,72.1800,72.5900,72.0400,72.1800,381471.52
1781748000000,72.1900,72.6400,72.0700,72.4800,703966.17
1781751600000,72.4800,72.5000,71.4900,71.6100,815658.58
1781755200000,71.6100,71.6900,70.8500,71.0200,889791.90
1781758800000,71.0100,71.1000,70.5900,71.0800,862513.50
1781762400000,71.0900,71.3800,70.9400,71.2900,547331.34
1781766000000,71.3000,71.8000,71.1100,71.7300,794654.90
1781769600000,71.7400,72.0300,71.5800,71.8200,831745.65
1781773200000,71.8200,72.1200,71.6900,71.8100,534324.13
1781776800000,71.8000,71.8200,71.0500,71.3600,1265467.75
1781780400000,71.3600,71.5300,70.6700,70.9000,847092.00
1781784000000,70.8900,71.5800,70.8300,71.5100,727461.68
1781787600000,71.5100,71.7600,70.6900,71.0000,1273859.51
1781791200000,71.0100,71.6800,70.6500,71.0400,1361823.73
1781794800000,71.0400,71.0600,68.3200,68.4200,4324000.11
1781798400000,68.4100,69.1000,68.3500,69.0300,1743089.44
1781802000000,69.0400,69.1300,68.4800,68.6200,1161134.08
1781805600000,68.6200,68.9700,68.2000,68.6200,1203061.43
1781809200000,68.6200,69.5100,68.5300,69.3400,1054633.25
1781812800000,69.3500,69.9400,69.3500,69.7900,870924.89
1781816400000,69.7800,69.8700,69.3500,69.5300,635450.58
1781820000000,69.5300,69.6600,69.2100,69.4800,493597.01
1781823600000,69.4900,69.7700,69.2400,69.6900,420345.39
1781827200000,69.6800,69.8600,69.5300,69.7700,420973.86
1781830800000,69.7700,69.9900,69.5000,69.9100,497758.24
1781834400000,69.9000,70.0600,69.3800,69.6300,536385.09
1781838000000,69.6200,69.7200,68.5300,69.0200,1559788.43
1781841600000,69.0100,69.2400,68.1600,68.3000,995388.04
1781845200000,68.2900,68.7200,68.2700,68.6500,655110.00
1781848800000,68.6500,68.8100,68.4300,68.7200,549773.40
1781852400000,68.7100,68.7400,67.9300,68.3400,859197.67
1781856000000,68.3500,68.7200,68.2000,68.6400,503665.93
1781859600000,68.6500,68.7100,68.1700,68.2800,515619.83
1781863200000,68.2800,68.4300,68.0200,68.2800,528930.74
1781866800000,68.2700,68.4400,68.0500,68.2100,464507.94
1781870400000,68.2100,68.7000,67.8600,68.5800,977192.37
1781874000000,68.5800,69.5500,68.3500,69.2300,1668026.75
1781877600000,69.2200,69.4400,68.7800,69.1000,1039255.82
1781881200000,69.0900,69.5000,68.8900,69.2900,684555.94
1781884800000,69.2800,69.5300,68.6400,68.6700,969062.96
1781888400000,68.6700,69.4900,68.5700,69.2900,831244.69
1781892000000,69.2900,69.3400,68.7600,69.0100,449646.54
1781895600000,69.0200,69.1200,68.7400,68.9200,368031.78
1781899200000,68.9300,69.2700,68.6800,69.2200,392081.52
1781902800000,69.2200,69.2700,68.8600,68.9700,266440.13
1781906400000,68.9700,69.4100,68.9400,69.3700,357331.12
1781910000000,69.3800,69.8400,69.1900,69.6900,503555.53
1781913600000,69.6900,70.0900,69.5700,69.6000,784609.60
1781917200000,69.5900,69.9100,69.4900,69.7600,338640.24
1781920800000,69.7600,69.8300,69.4400,69.6100,330165.97
1781924400000,69.6100,70.0700,69.5900,69.9700,513858.81
1781928000000,69.9600,71.0500,69.8500,70.8300,1389924.87
1781931600000,70.8300,72.4500,70.6700,71.7400,2237443.04
1781935200000,71.7500,72.3500,71.6600,72.0500,1008652.34
1781938800000,72.0600,72.1000,71.4000,71.5500,1092805.58
1781942400000,71.5400,71.6200,71.2300,71.3000,650281.67
1781946000000,71.3100,71.5900,71.1500,71.5100,600874.99
1781949600000,71.5200,71.6700,71.3600,71.6400,597093.40
1781953200000,71.6400,72.0600,71.3900,71.7400,668686.02
1781956800000,71.7300,71.8900,71.2800,71.5000,650081.06
1781960400000,71.5000,71.5500,70.6900,71.1600,1470185.20
1781964000000,71.1500,72.1500,70.4200,71.8900,2252886.04
1781967600000,71.9000,72.6200,71.5800,72.0000,1921156.49
1781971200000,72.0100,72.0300,71.2800,71.6400,850233.29
1781974800000,71.6300,71.6400,71.0400,71.5100,760535.87
1781978400000,71.5200,71.9700,71.4900,71.7100,551573.87
1781982000000,71.7100,71.8900,71.5500,71.8100,515728.14
1781985600000,71.8200,72.0300,71.6600,71.9700,354483.42
1781989200000,71.9700,72.4200,71.9200,72.3600,525692.90
1781992800000,72.3600,74.2700,72.3100,73.5300,2699137.85
1781996400000,73.5400,73.6100,73.1700,73.1900,710849.58
1782000000000,73.1900,73.2500,72.9800,73.1600,536748.14
1782003600000,73.1600,73.3200,72.8400,73.1400,521322.53
1782007200000,73.1400,73.3500,73.0400,73.3000,322546.14
1782010800000,73.3000,73.8300,73.0800,73.5700,834249.39
1782014400000,73.5800,73.8100,73.3300,73.3900,461403.00
1782018000000,73.4000,73.4700,72.9600,73.0600,492287.53
1782021600000,73.0600,73.3300,73.0100,73.2100,391795.09
1782025200000,73.2100,73.4100,73.0800,73.1700,517413.10
1782028800000,73.1800,73.2300,72.7100,73.1300,806071.65
1782032400000,73.1300,74.0800,73.0400,74.0100,1113415.97
1782036000000,74.0100,74.4000,73.8100,73.8700,932891.32
1782039600000,73.8600,74.0000,73.0300,73.1600,1333163.12
1782043200000,73.1600,73.6500,72.8600,73.5800,1330550.48
1782046800000,73.5900,73.9000,73.4200,73.8700,821758.96
1782050400000,73.8700,74.1200,73.6000,74.0800,840919.76
1782054000000,74.0700,74.2600,73.8600,74.1100,707551.38
1782057600000,74.1000,74.8000,73.7400,74.2900,1199499.15
1782061200000,74.2900,74.6100,74.0100,74.2000,787100.83
1782064800000,74.2100,74.4300,73.8100,74.1700,645328.12
1782068400000,74.1700,74.4400,74.0700,74.3800,364726.90
1782072000000,74.3900,74.5300,73.3000,73.3900,966379.25
1782075600000,73.4000,73.4300,72.3500,73.1000,2004767.45
1782079200000,73.1000,73.2300,72.5800,73.0000,863363.69
1782082800000,73.0000,73.0600,72.2600,72.4200,1055856.60
1782086400000,72.4200,73.5600,72.4100,73.3300,1193473.98
1782090000000,73.3400,74.9700,73.2100,74.3200,2185319.06
1782093600000,74.3300,74.4100,73.7100,73.7700,715799.71
1782097200000,73.7800,74.0300,73.2300,73.4700,1024049.83
1782100800000,73.4700,73.8700,73.3000,73.8200,656268.14
1782104400000,73.8200,74.1100,73.7400,73.9100,573951.67
1782108000000,73.9100,74.1700,73.5100,73.6700,592507.74
1782111600000,73.6700,74.4400,73.6300,74.0700,747532.53
1782115200000,74.0700,74.2900,73.6700,73.8500,587489.78
1782118800000,73.8500,73.9900,73.5300,73.7500,462015.40
1782122400000,73.7600,73.9900,73.5500,73.7400,454917.80
1782126000000,73.7300,74.4200,73.6100,74.1500,1425176.82
1782129600000,74.1600,74.5500,73.9900,74.3800,1236538.41
1782133200000,74.3900,74.9500,74.2000,74.9400,1696037.68
1782136800000,74.9500,74.9700,73.1200,73.3900,2534159.29
1782140400000,73.3900,73.7600,72.9300,73.0900,1461295.94
1782144000000,73.0900,73.1700,72.5000,72.9000,1486389.60
1782147600000,72.9000,73.2900,72.5900,73.2400,682278.25
1782151200000,73.2300,73.5300,72.5200,72.6000,1248284.95
1782154800000,72.6000,72.7700,72.4000,72.6600,849827.25
1782158400000,72.6600,72.9200,72.4400,72.7800,519486.72
1782162000000,72.7800,72.8400,72.2300,72.7000,525830.47
1782165600000,72.7000,72.9200,71.2700,72.0600,1778046.08
1782169200000,72.0600,72.1300,71.7800,71.9100,502295.71
1782172800000,71.9000,71.9800,71.4100,71.8300,915548.54
1782176400000,71.8400,72.0000,71.2400,71.6700,750873.62
1782180000000,71.6600,72.0100,71.4900,71.9500,457397.85
1782183600000,71.9500,71.9600,71.6600,71.9400,386791.10
1782187200000,71.9500,71.9800,71.3200,71.4100,564208.89
1782190800000,71.4000,71.5600,70.8300,71.0000,1228142.83
1782194400000,71.0000,71.0400,69.6200,70.2900,2733777.55
1782198000000,70.2800,70.5200,69.9100,69.9500,872931.74
1782201600000,69.9600,70.0800,68.0700,68.6500,3941014.78
1782205200000,68.6400,68.9900,68.6300,68.8700,915547.57
1782208800000,68.8700,69.1700,68.5400,68.7600,800622.55
1782212400000,68.7500,69.2900,68.7500,69.2600,879495.70
1782216000000,69.2500,69.3400,68.8000,68.9200,720450.88
1782219600000,68.9100,69.3300,68.5800,69.1500,1680142.57
1782223200000,69.1400,69.6300,69.0200,69.1400,1517044.90
1782226800000,69.1500,69.1600,68.3300,68.8700,1133537.44
1782230400000,68.8700,69.3600,68.7600,68.8400,836327.12
1782234000000,68.8400,69.1500,68.5800,68.7200,508473.72
1782237600000,68.7300,69.0000,68.6300,68.8600,416166.09
1782241200000,68.8500,69.0700,68.7000,68.8000,414734.12
1782244800000,68.8100,69.0300,68.7900,68.9800,284576.60
1782248400000,68.9800,69.2800,68.9300,69.2300,405815.06
1782252000000,69.2200,69.8200,69.2000,69.5100,667855.31
1782255600000,69.5100,69.7800,69.2600,69.6500,392213.91
1782259200000,69.6600,70.1100,69.5400,69.9400,725623.72
1782262800000,69.9500,70.3600,69.6200,70.0300,640932.23
1782266400000,70.0400,70.1000,69.3700,69.4200,749691.53
1782270000000,69.4100,69.7300,69.0300,69.5300,669667.35
1782273600000,69.5300,69.6500,68.9100,69.5400,591553.90
1782277200000,69.5300,70.1700,69.4600,69.8900,495108.57
1782280800000,69.8900,70.0000,69.6400,69.6800,348198.15
1782284400000,69.6900,69.7400,69.2400,69.3300,497222.81
1782288000000,69.3400,69.5900,69.2000,69.4200,444059.45
1782291600000,69.4200,69.5100,69.1600,69.2700,382796.94
1782295200000,69.2700,69.3100,68.9100,69.0200,554836.10
1782298800000,69.0100,70.4500,68.7400,69.7800,1345107.45
1782302400000,69.7800,69.8900,69.3800,69.4200,783082.38
1782306000000,69.4200,69.4600,68.3200,68.8400,3296699.49
1782309600000,68.8300,69.4000,68.5500,68.8300,1808012.63
1782313200000,68.8300,68.8600,67.2100,67.2900,2859170.93
1782316800000,67.2800,68.0000,66.2500,66.4900,4242220.80
1782320400000,66.4900,66.9100,64.6600,64.9300,4251866.06
1782324000000,64.9300,66.4700,64.7600,65.9900,2715125.70
1782327600000,66.0000,66.3400,65.4800,66.0900,1337818.18
1782331200000,66.0800,67.9700,65.9300,67.6300,2256788.16
1782334800000,67.6400,68.0800,67.1600,68.0200,935408.13
1782338400000,68.0300,68.5000,67.6400,67.7900,797783.89
1782342000000,67.7900,68.1600,67.7100,68.0700,408948.16
1782345600000,68.0800,68.2800,67.5100,67.6700,613273.29
1782349200000,67.6700,67.9700,67.3600,67.8400,476117.96
1782352800000,67.8400,67.8900,67.5600,67.6900,311433.02
1782356400000,67.6800,67.8200,67.4100,67.6400,323784.19
1782360000000,67.6500,68.4900,67.4400,68.4200,763323.50
1782363600000,68.4200,69.2800,68.3100,69.0000,1458506.79
1782367200000,68.9900,69.6400,68.9700,69.4300,878561.15
1782370800000,69.4400,69.5500,69.1800,69.4000,532033.13
1782374400000,69.4000,69.4100,68.9600,69.0300,645785.57
1782378000000,69.0300,69.1600,68.7600,68.8000,495101.16
1782381600000,68.8000,68.8500,68.0100,68.2500,888437.16
1782385200000,68.2600,68.4100,67.9600,68.1300,913817.69
1782388800000,68.1400,68.9500,67.7300,68.2600,1413017.72
1782392400000,68.2600,68.4200,64.0000,64.1900,4980541.95
1782396000000,64.1900,67.1300,64.1800,66.3300,5389952.24
1782399600000,66.3300,66.3600,65.1900,66.2700,1790066.31
1782403200000,66.2800,67.0000,65.6100,65.9400,1496267.88
1782406800000,65.9400,67.3300,65.7800,67.1000,1538553.84
1782410400000,67.0900,67.1200,65.8800,66.1500,1232638.93
1782414000000,66.1600,66.1900,65.6200,66.1700,964452.05
1782417600000,66.1600,66.7700,66.0400,66.2400,943324.94
1782421200000,66.2400,67.2800,66.2300,67.2600,754181.87
1782424800000,67.2500,67.3200,66.9100,67.1100,613084.24
1782428400000,67.1100,68.8000,66.9600,67.6900,1705940.90
1782432000000,67.6900,68.0800,67.5900,67.7100,620066.51
1782435600000,67.7000,67.8800,67.1000,67.2900,839831.74
1782439200000,67.2900,67.3200,65.8600,66.1800,1908334.14
1782442800000,66.1800,68.4800,65.8800,68.1700,2428972.59
1782446400000,68.1800,68.3600,67.9200,68.0400,948212.37
1782450000000,68.0400,68.4300,67.9400,68.3400,750895.75
1782453600000,68.3300,69.9900,67.9600,69.9800,2425158.79
1782457200000,69.9800,70.9700,69.8900,70.7400,2476777.51
1782460800000,70.7400,70.8500,69.6800,69.9000,1871554.36
1782464400000,69.9100,69.9300,68.8000,68.9700,1498875.17
1782468000000,68.9800,69.2200,68.5900,68.7300,919865.12
1782471600000,68.7300,69.0700,68.3500,68.5800,746615.47
1782475200000,68.5700,69.7100,68.3200,68.8300,1958170.29
1782478800000,68.8300,70.9200,68.1300,70.6900,3136094.29
1782482400000,70.6800,71.9500,70.2000,70.4300,3663748.46
1782486000000,70.4300,72.2200,70.2700,72.0200,2495554.85
1782489600000,72.0300,73.5100,71.9600,72.4600,3553945.57
1782493200000,72.4700,72.8600,72.1600,72.5300,1369252.01
1782496800000,72.5400,73.0700,72.3400,72.5700,906606.29
1782500400000,72.5700,73.9100,72.4500,72.9800,1953508.02
1782504000000,72.9900,73.6600,72.0200,72.1600,1845658.04
1782507600000,72.1600,72.3700,71.7700,71.9500,896680.38
1782511200000,71.9500,72.0600,71.3900,71.7800,933129.77
1782514800000,71.7900,71.9900,71.6500,71.8700,453956.99
1782518400000,71.8800,72.5100,71.5300,71.7800,980907.55
1782522000000,71.7800,71.7900,71.3100,71.4000,495520.98
1782525600000,71.3900,72.2400,71.3400,72.0800,748943.99
1782529200000,72.0800,72.3800,71.7800,72.2100,559174.38
1782532800000,72.2100,72.5700,71.8500,71.8900,546043.71
1782536400000,71.8800,71.9900,71.4800,71.7600,566558.16
1782540000000,71.7700,72.3000,71.5800,72.0900,587320.82
1782543600000,72.0800,72.3300,71.9600,72.2700,405573.39
1782547200000,72.2700,72.2900,71.8400,72.0000,473806.03
1782550800000,71.9900,72.0700,71.6700,71.8200,445870.75
1782554400000,71.8300,72.0200,71.7900,72.0000,325815.32
1782558000000,71.9900,72.0600,71.4900,71.7600,548244.38
1782561600000,71.7700,72.1500,71.5900,72.1300,412554.55
1782565200000,72.1300,72.5800,72.0800,72.3000,580113.18
1782568800000,72.3100,72.8700,72.1600,72.6800,695376.46
1782572400000,72.6800,73.1600,72.5800,72.8000,901994.79
1782576000000,72.8000,72.9800,72.5900,72.6200,534580.99
1782579600000,72.6100,72.6200,71.8400,72.0000,1123760.27
1782583200000,72.0000,72.1400,71.7100,71.8800,593605.46
1782586800000,71.8700,71.9600,70.9000,71.0700,1468305.66
1782590400000,71.0600,71.3100,71.0300,71.2800,377234.48
1782594000000,71.2700,71.6000,70.7700,70.9500,655283.25
1782597600000,70.9400,71.0600,70.2100,71.0400,1122091.98
1782601200000,71.0500,71.1300,70.3900,70.4700,557522.15
1782604800000,70.4700,70.7800,70.4300,70.6700,508400.76
1782608400000,70.6800,70.8900,70.4100,70.7900,421605.70
1782612000000,70.8000,70.9800,70.4500,70.6700,476838.54
1782615600000,70.6700,70.9400,70.6700,70.8200,417357.62
1782619200000,70.8300,70.9600,70.5100,70.7300,284746.35
1782622800000,70.7300,70.7400,70.0800,70.4900,685543.15
1782626400000,70.5000,70.5400,70.1300,70.4000,417361.35
1782630000000,70.4000,71.0700,70.4000,71.0400,728117.03
1782633600000,71.0400,72.1600,71.0200,71.8600,1272867.04
1782637200000,71.8700,72.0200,71.4400,71.5000,633097.27
1782640800000,71.4900,71.5700,71.0600,71.4200,640221.55
1782644400000,71.4300,72.0000,71.3600,71.8800,660370.10
1782648000000,71.8800,72.3800,71.6000,71.8400,710486.68
1782651600000,71.8400,72.0800,71.2800,71.7000,928267.75
1782655200000,71.7100,72.1600,71.6000,71.6000,496057.87
1782658800000,71.6100,72.1000,71.4000,72.0600,791778.76
1782662400000,72.0600,72.1000,71.1100,71.5300,1098769.43
1782666000000,71.5300,71.9500,70.9000,71.5300,975077.17
1782669600000,71.5300,71.7000,70.9500,71.1200,509428.87
1782673200000,71.1300,71.2800,70.1900,70.6900,951897.56
1782676800000,70.6800,71.2500,70.6100,70.8800,691047.14
1782680400000,70.8800,71.0300,70.2000,70.4200,485441.19
1782684000000,70.4200,71.5000,69.6400,70.2000,1833897.41
1782687600000,70.1900,71.7500,70.1000,71.3500,1267256.78
1782691200000,71.3600,71.6800,70.3100,71.6400,1456528.35
1782694800000,71.6400,71.6800,70.9200,71.4400,904704.16
1782698400000,71.4500,72.1900,70.4600,72.1600,1556176.38
1782702000000,72.1600,73.3000,72.1300,72.6400,1869704.39
1782705600000,72.6500,72.6600,71.5800,71.6500,1028459.26
1782709200000,71.6500,72.3200,70.9700,72.2900,1306043.36
1782712800000,72.2900,73.0900,72.1700,72.3500,1311297.33
1782716400000,72.3600,72.8900,72.0300,72.6700,677629.23
1782720000000,72.6700,72.9800,72.3400,72.6800,911952.88
1782723600000,72.6800,73.1300,72.5600,72.8800,644474.36
1782727200000,72.8900,73.6500,72.8900,73.1900,1222439.11
1782730800000,73.1900,73.2300,72.2000,72.5000,1358916.05
1782734400000,72.5000,74.5500,72.0900,73.4700,3559214.26
1782738000000,73.4700,74.3000,72.7200,73.7000,2966932.67
1782741600000,73.6900,73.9000,72.2800,73.7000,2588333.57
1782745200000,73.7000,74.4000,72.7500,73.8700,2104920.51
1782748800000,73.8800,74.1300,72.8400,73.9900,1765949.89
1782752400000,73.9900,76.4900,73.9700,75.2700,4748735.96
1782756000000,75.2800,75.8200,75.1100,75.5700,1077328.24
1782759600000,75.5800,76.2100,75.3900,75.9500,1094020.02
1782763200000,75.9600,75.9900,75.2300,75.3500,758642.55
1782766800000,75.3500,75.8100,75.1900,75.4900,552280.13
1782770400000,75.4900,75.6300,75.0000,75.2500,541999.20
1782774000000,75.2500,75.4100,74.8600,75.1300,646935.83
1782777600000,75.1300,75.1900,74.1500,74.3900,1210611.37
1782781200000,74.4000,74.6400,74.0000,74.3800,776519.80
1782784800000,74.3900,74.8200,74.0100,74.5600,489759.52
1782788400000,74.5700,74.8800,74.1000,74.1600,437161.58
1782792000000,74.1500,74.2300,73.6400,74.0000,1049561.99
1782795600000,74.0000,74.2200,73.8100,74.2000,474433.95
1782799200000,74.2000,74.2300,73.8600,74.1200,412044.93
1782802800000,74.1300,74.2100,73.8000,74.1300,463352.76
1782806400000,74.1200,74.1900,73.2800,73.5800,1344030.94
1782810000000,73.5800,73.8400,73.5000,73.7600,655535.59
1782813600000,73.7600,73.8600,73.4300,73.6500,382253.64
1782817200000,73.6600,73.7300,73.2900,73.3600,522557.10
1782820800000,73.3500,73.4000,72.0300,72.0500,1904348.78
1782824400000,72.0600,72.9100,71.8500,72.8500,2332236.65
1782828000000,72.8400,73.8800,72.6900,72.9300,2432553.59
1782831600000,72.9300,74.0800,72.5700,73.1000,2160427.09
1782835200000,73.1000,73.7000,72.6900,73.4900,1310817.38
1782838800000,73.4900,73.9100,73.1300,73.1600,789599.19
1782842400000,73.1600,73.7900,72.8900,73.5700,705486.75
1782846000000,73.5600,73.9500,73.3100,73.7200,579818.57
1782849600000,73.7100,73.9200,73.4800,73.6600,499122.06
1782853200000,73.6600,73.7700,73.1000,73.4700,480486.28
1782856800000,73.4700,73.7300,73.2300,73.3900,394800.73
1782860400000,73.4000,73.6800,73.2900,73.6300,236608.39
1782864000000,73.6200,73.8600,73.3300,73.6100,525647.94
1782867600000,73.6100,74.3700,72.2200,73.9200,2155676.94
1782871200000,73.9200,75.0200,73.7500,74.7500,1455579.31
1782874800000,74.7600,75.6700,74.3100,75.4400,1485706.17
1782878400000,75.4400,75.8500,75.2100,75.5300,1078873.14
1782882000000,75.5300,75.7600,75.1100,75.2100,798766.60
1782885600000,75.2200,75.2500,73.9100,74.2700,1852628.38
1782889200000,74.2800,74.9300,74.0400,74.8300,983512.49
1782892800000,74.8300,75.4800,74.4200,75.4200,1177860.19
1782896400000,75.4200,75.5400,75.0100,75.4100,1162287.51
1782900000000,75.4200,75.5400,74.9300,74.9500,920854.63
1782903600000,74.9500,75.2900,74.6000,74.8000,1129134.13
1782907200000,74.8000,74.9400,74.2300,74.5600,1108280.94
1782910800000,74.5700,76.1000,74.5600,76.0000,3008126.65
1782914400000,75.9900,77.2600,75.6000,76.9500,3356651.11
1782918000000,76.9500,77.7800,76.7800,77.4000,2028740.56
1782921600000,77.4000,78.2500,76.8600,77.1300,1751662.16
1782925200000,77.1400,77.9200,76.8100,77.7300,1223122.13
1782928800000,77.7300,77.8700,77.2400,77.3700,911381.32
1782932400000,77.3700,77.6400,76.7600,76.9700,961728.26
1782936000000,76.9700,77.4800,76.5300,77.3800,1336260.81
1782939600000,77.3800,78.6800,77.3800,78.3700,1523578.99
1782943200000,78.3800,78.9300,77.7200,77.8200,1411520.60
1782946800000,77.8200,77.8600,77.2100,77.4200,1389984.11
1782950400000,77.4200,77.4400,76.8500,77.2300,894661.55
1782954000000,77.2300,78.6800,77.1800,78.1500,1112252.58
1782957600000,78.1500,78.5600,77.7600,78.3900,671368.79
1782961200000,78.3900,78.9600,77.8900,78.6700,1238778.79
1782964800000,78.6700,78.6800,78.0100,78.2400,742771.65
1782968400000,78.2400,78.3100,77.7300,78.0600,572075.94
1782972000000,78.0600,78.5900,77.6600,77.8600,996159.38
1782975600000,77.8500,78.1700,77.5300,77.9500,825722.02
1782979200000,77.9600,78.4700,77.8900,78.4200,626023.72
1782982800000,78.4100,79.7800,78.2400,79.4400,2481082.10
1782986400000,79.4400,82.2200,79.3900,82.0700,5044630.84
1782990000000,82.0700,82.7900,81.4800,82.3600,3977960.82
1782993600000,82.3500,82.4400,81.0600,81.3600,3592393.61
1782997200000,81.3600,81.9700,80.6700,81.4700,3098518.80
1783000800000,81.4800,81.5000,80.0300,80.4900,2666378.04
1783004400000,80.5000,80.8800,80.0400,80.8200,1057158.78
1783008000000,80.8200,81.0700,80.0900,80.5000,1569369.66
1783011600000,80.5000,81.1900,80.4600,80.6000,1031939.43
1783015200000,80.6000,81.2200,80.6000,80.9800,859199.11
1783018800000,80.9800,81.2800,80.7600,80.8000,671747.31
1783022400000,80.8000,81.0800,80.5500,80.9800,376837.57
1783026000000,80.9800,81.1300,80.4500,80.7500,417146.25
1783029600000,80.7400,80.8600,80.3700,80.6300,436546.69
1783033200000,80.6200,80.7400,80.4600,80.6800,299613.33
1783036800000,80.6800,80.9000,80.4700,80.7100,527426.61
1783040400000,80.7000,81.6500,80.6600,81.4500,963808.68
1783044000000,81.4500,81.6400,80.6300,80.7600,721539.50
1783047600000,80.7600,80.9400,80.2800,80.6800,642417.69
1783051200000,80.6900,80.7800,80.4300,80.4700,379401.58
1783054800000,80.4700,81.2200,80.4300,81.1100,493189.36
1783058400000,81.1200,81.3600,80.6900,80.9200,654600.28
1783062000000,80.9100,81.4800,80.7700,81.1900,463978.97
1783065600000,81.1900,81.5000,80.7900,80.8800,660027.58
1783069200000,80.8800,81.3000,80.6300,80.9800,612228.23
1783072800000,80.9800,81.8600,80.8300,81.5100,1213602.30
1783076400000,81.5200,81.6700,81.2100,81.5200,598680.23
1783080000000,81.5200,81.7300,81.1600,81.5000,583885.55
1783083600000,81.5000,81.8000,81.3800,81.5400,647173.88
1783087200000,81.5500,81.7700,80.8500,81.6500,1109089.43
1783090800000,81.6500,82.1000,81.1000,81.1700,1200062.95
1783094400000,81.1700,81.5200,81.0100,81.4900,613534.51
1783098000000,81.4800,81.9400,81.4100,81.7500,694580.28
1783101600000,81.7400,82.3900,81.5900,82.0700,918186.70
1783105200000,82.0700,83.2300,82.0400,82.4500,1969835.22
1783108800000,82.4500,83.0000,82.1800,82.6900,1062939.34
1783112400000,82.6900,83.0400,82.1100,82.6200,699697.30
1783116000000,82.6200,82.6500,82.1900,82.3200,340085.20
1783119600000,82.3100,82.4600,82.1200,82.3000,231456.08
1783123200000,82.3000,82.7200,82.2200,82.3600,632862.46
1783126800000,82.3500,82.3600,81.7600,81.9100,675590.70
1783130400000,81.9000,82.3600,81.8600,82.1400,360465.22
1783134000000,82.1400,82.8300,82.0000,82.6800,581433.61
1783137600000,82.6800,83.9600,82.6100,83.4400,1722364.65
1783141200000,83.4400,83.4700,82.8500,83.3400,912352.48
1783144800000,83.3300,83.5700,82.4500,82.5100,1023568.17
1783148400000,82.5200,82.8100,82.2200,82.6700,721821.99
1783152000000,82.6700,82.7500,82.1800,82.2600,606986.87
1783155600000,82.2600,82.2900,81.5500,81.6900,1083421.21
1783159200000,81.7000,81.9100,81.3500,81.5900,638568.00
1783162800000,81.5900,81.8800,81.4800,81.7800,406912.84
1783166400000,81.7900,81.9600,81.2800,81.5700,682923.41
1783170000000,81.5700,81.8800,81.3400,81.6100,510567.58
1783173600000,81.6100,81.8400,81.5000,81.7700,406997.44
1783177200000,81.7800,82.3900,81.6800,82.1900,1339462.46
1783180800000,82.2000,82.3600,81.9300,82.1700,584690.21
1783184400000,82.1700,82.7800,81.8400,82.4700,995489.80
1783188000000,82.4700,82.5800,82.0500,82.2200,494002.96
1783191600000,82.2200,82.3000,81.6600,81.8400,459330.05
1783195200000,81.8300,82.1200,81.5300,81.9300,472876.85
1783198800000,81.9300,82.1900,81.7900,81.9500,280914.78
1783202400000,81.9500,82.0000,81.7400,81.9000,216708.12
1783206000000,81.9000,81.9000,81.3800,81.7400,521403.61
1783209600000,81.7500,81.7700,81.0700,81.2700,858280.89
1783213200000,81.2700,81.4200,80.5100,80.8200,1165605.06
1783216800000,80.8100,80.8500,80.1600,80.3300,1080426.19
1783220400000,80.3400,80.5700,80.3100,80.5100,510926.36
1783224000000,80.5200,80.8300,80.3700,80.5500,694855.53
1783227600000,80.5400,80.5500,80.1900,80.4300,476396.72
1783231200000,80.4400,80.6100,80.3000,80.5500,298467.28
1783234800000,80.5500,80.7200,80.3300,80.6600,468539.37
1783238400000,80.6600,80.8200,80.4100,80.4600,365120.49
1783242000000,80.4600,80.5100,79.6200,79.8600,1289651.12
1783245600000,79.8600,80.4300,79.7100,80.4000,708604.99
1783249200000,80.4000,80.6300,80.3100,80.5400,468694.79
1783252800000,80.5300,81.2500,80.3200,80.7300,1170439.19
1783256400000,80.7200,81.2200,80.6300,81.2000,631927.61
1783260000000,81.2000,81.5800,80.9800,81.4100,771411.64
1783263600000,81.4000,81.7200,81.0700,81.3100,706234.89
1783267200000,81.3100,81.4900,80.8600,81.0600,547470.30
1783270800000,81.0600,81.3400,80.9700,81.0900,380473.39
1783274400000,81.1000,81.2400,80.9600,80.9800,227528.79
1783278000000,80.9800,81.0900,80.7800,81.0100,369800.05
1783281600000,81.0100,81.1300,80.9000,81.0300,187447.01
1783285200000,81.0400,82.2100,80.7200,81.7500,1042543.93
1783288800000,81.7500,82.4000,81.6000,81.7900,1203549.78
1783292400000,81.7900,82.0400,81.4000,81.5500,647047.61
1783296000000,81.5400,82.2100,81.0700,82.1600,918647.61
1783299600000,82.1700,82.3000,81.4400,81.5100,690591.81
1783303200000,81.5200,81.7100,80.7900,80.9800,955024.85
1783306800000,80.9800,81.0300,80.4000,80.7800,893529.69
1783310400000,80.7800,80.9700,80.6700,80.7700,334475.60
1783314000000,80.7700,80.7900,80.1100,80.3800,677966.20
1783317600000,80.3700,80.4900,80.2100,80.3100,320345.54
1783321200000,80.3000,80.9800,80.2200,80.7700,649424.70
1783324800000,80.7800,81.0500,80.2500,80.4500,599779.06
1783328400000,80.4500,80.4600,80.0000,80.0400,558911.41
1783332000000,80.0400,80.6900,80.0200,80.6400,590855.88
1783335600000,80.6400,80.9600,80.3400,80.3500,609329.48
1783339200000,80.3400,80.6000,79.2500,79.4200,3235256.63
1783342800000,79.4200,80.8800,79.1900,80.1200,2544678.60
1783346400000,80.1300,80.7700,79.8100,80.2400,1468331.44
1783350000000,80.2400,81.5100,80.2400,81.4500,1935742.28
1783353600000,81.4500,82.3700,81.2300,82.0700,2133747.45
1783357200000,82.0600,82.1500,81.4000,81.6000,937036.46
1783360800000,81.6000,82.2700,81.2600,81.9600,805957.71
1783364400000,81.9600,82.1400,81.7600,82.0300,461102.66
1783368000000,82.0300,82.2100,81.6300,82.0500,370146.40
1783371600000,82.0500,83.7500,82.0100,82.7800,1743875.77
1783375200000,82.7900,82.8400,82.2000,82.2800,413558.76
1783378800000,82.2900,82.3900,81.8700,81.9100,428311.03
1783382400000,81.9200,82.4500,81.7900,82.3300,632510.34
1783386000000,82.3200,82.3300,81.7600,81.8800,491226.91
1783389600000,81.8800,81.9600,81.2400,81.3200,610949.03
1783393200000,81.3200,81.4400,80.9200,81.0200,547616.94
1783396800000,81.0300,81.0700,80.5900,80.8800,633450.99
1783400400000,80.8800,81.1900,80.4100,81.0600,798729.77
1783404000000,81.0700,81.5900,80.7600,81.5000,721921.03
1783407600000,81.4900,81.7000,81.2800,81.4600,582682.73
1783411200000,81.4500,81.5400,81.1500,81.2200,506459.69
1783414800000,81.2200,81.4400,81.0900,81.2700,429110.65
1783418400000,81.2700,81.5400,80.8800,80.9500,592249.24
1783422000000,80.9600,81.3600,80.7000,81.2800,477945.10
1783425600000,81.2800,81.9600,81.2400,81.4000,964785.70
1783429200000,81.3900,81.5700,80.6000,80.8000,1282242.37
1783432800000,80.8000,81.8900,80.4500,81.7500,1531381.81
1783436400000,81.7500,82.3300,81.4500,82.0700,1253104.25
1783440000000,82.0800,82.5500,81.7700,82.1700,826420.70
1783443600000,82.1700,82.7600,82.0400,82.6800,761140.57
1783447200000,82.6700,82.6800,81.2000,81.2600,977485.16
1783450800000,81.2500,81.5400,80.7200,81.3400,1080794.02
1783454400000,81.3400,81.4500,80.9700,81.1300,346579.04
1783458000000,81.1300,81.3900,80.5000,80.7800,641494.71
1783461600000,80.7800,81.0500,80.2700,80.8200,519440.73
1783465200000,80.8100,81.1000,80.4700,80.5400,351362.43
1783468800000,80.5400,80.7400,80.3000,80.3300,723023.08
1783472400000,80.3400,80.3800,78.7400,79.0500,2065196.32
1783476000000,79.0400,79.1500,78.1500,79.0200,1732820.46
1783479600000,79.0200,79.3000,78.5500,78.6900,735573.81
1783483200000,78.6900,78.8900,78.3300,78.6000,665586.68
1783486800000,78.6100,78.7800,78.3000,78.3800,544640.15
1783490400000,78.3900,78.4100,77.9000,78.1700,977336.42
1783494000000,78.1800,78.3000,77.7500,78.2400,1000268.94
1783497600000,78.2500,78.3900,76.8400,77.2200,2860186.09
1783501200000,77.2200,77.4600,76.9700,77.1500,770105.20
1783504800000,77.1400,77.4700,76.9000,77.2800,603730.83
1783508400000,77.2800,77.6700,77.0400,77.5000,837662.00
1783512000000,77.5000,77.6200,76.9700,76.9900,686353.61
1783515600000,76.9800,77.4300,76.5800,77.2700,1804538.45
1783519200000,77.2600,77.3900,76.6800,77.0500,1108812.19
1783522800000,77.0600,77.1200,76.2400,76.7100,1305208.89
1783526400000,76.7000,77.3300,76.7000,77.2400,905559.00
1783530000000,77.2400,77.6500,76.9800,77.0900,957057.65
1783533600000,77.0900,77.3200,76.7700,77.1000,512706.48
1783537200000,77.1100,77.4700,76.9200,77.3600,452121.23
1783540800000,77.3700,77.5300,77.0100,77.1500,310766.80
1783544400000,77.1500,77.3000,76.8800,77.2000,326608.91
1783548000000,77.2100,77.5600,77.1300,77.4900,294183.77
1783551600000,77.5000,77.9400,77.3900,77.7900,491173.38
1783555200000,77.7800,77.8600,77.4800,77.6900,487622.16
1783558800000,77.6900,78.7800,77.2300,77.3200,1403107.70
1783562400000,77.3100,77.8000,76.8800,77.0300,762959.31
1783566000000,77.0200,77.3600,76.6600,77.3400,564009.80
1783569600000,77.3300,78.0300,77.1800,77.9500,548094.51
1783573200000,77.9400,78.3600,77.6900,78.3600,693213.70
1783576800000,78.3500,78.5900,78.0600,78.4400,558780.88
1783580400000,78.4400,78.8200,78.0800,78.1800,740297.81
1783584000000,78.1800,78.3700,77.8900,78.0600,501052.81
1783587600000,78.0700,78.1500,77.8100,78.1000,352762.21
1783591200000,78.0900,78.1900,77.4800,77.6500,561402.05
1783594800000,77.6500,77.7400,77.2800,77.5700,499113.18
1783598400000,77.5800,78.1900,77.2000,77.5900,1318516.63
1783602000000,77.5900,78.4700,77.3000,78.1800,916177.05
1783605600000,78.1900,78.3300,77.5300,77.8400,822811.07
1783609200000,77.8400,78.1600,77.4600,77.5700,564330.61
1783612800000,77.5700,77.7600,77.2100,77.6400,609386.58
1783616400000,77.6300,78.1300,77.5900,78.0200,525203.08
1783620000000,78.0200,78.4000,77.9600,78.1500,562304.30
1783623600000,78.1500,78.2800,77.8600,78.1300,307617.22
1783627200000,78.1300,78.2700,77.9400,78.1200,203104.85
1783630800000,78.1100,78.2500,77.8700,78.0000,163437.63
1783634400000,78.0000,78.2400,77.9500,78.0500,200401.31
1783638000000,78.0600,78.1700,77.7300,78.0000,237041.12
1783641600000,78.0000,78.1100,77.7500,78.0800,297335.56
1783645200000,78.0700,79.4300,77.8900,79.0300,1189558.94
1783648800000,79.0300,79.1400,78.8000,78.9900,626548.88
1783652400000,79.0000,79.1100,78.7000,79.0200,441676.61
1783656000000,79.0200,79.0700,78.8000,78.9300,371258.74
1783659600000,78.9200,79.3400,78.8300,79.1400,606720.65
1783663200000,79.1400,79.2000,78.8100,78.8800,355495.07
1783666800000,78.8700,79.0400,78.6900,78.8000,360549.34
1783670400000,78.8100,79.3800,78.7500,79.1600,822329.80
1783674000000,79.1500,79.3500,78.9000,79.1900,576143.64
1783677600000,79.1900,79.6400,79.1000,79.3600,655069.60
1783681200000,79.3500,79.4900,79.1300,79.3300,393404.94
1783684800000,79.3200,79.5300,78.8500,78.8800,630859.61
1783688400000,78.8800,79.3100,78.7200,78.9400,749303.94
1783692000000,78.9400,78.9500,77.0300,77.8900,4004068.63
1783695600000,77.8800,78.3400,77.7500,78.1100,804405.50
1783699200000,78.1100,78.2400,77.6200,78.1200,673829.25
1783702800000,78.1100,78.1500,77.5400,77.5500,605203.23
1783706400000,77.5500,77.8800,77.2900,77.4800,541505.09
1783710000000,77.4900,78.0200,77.4100,77.8500,422345.66
1783713600000,77.8600,77.9700,77.6600,77.7200,323097.85
1783717200000,77.7200,78.0800,77.6800,77.9500,234342.85
1783720800000,77.9500,78.2100,77.8900,78.1100,286701.26
1783724400000,78.1200,78.1300,77.8800,78.0800,202606.58
1783728000000,78.0700,78.0800,77.7500,77.8000,239706.11
1783731600000,77.8100,78.0200,77.4200,77.5000,486950.25
1783735200000,77.5000,77.7800,77.4500,77.7400,195436.50
1783738800000,77.7400,77.8300,77.5600,77.7400,192332.78
1783742400000,77.7500,77.8100,77.6000,77.6900,189887.32
1783746000000,77.6900,77.9300,77.5500,77.8400,205550.38
1783749600000,77.8500,78.0800,77.7400,78.0100,247447.88
1783753200000,78.0000,78.0600,77.8800,77.9500,203841.02
1783756800000,77.9500,78.1300,77.9000,78.1300,253358.61
1783760400000,78.1300,78.3200,77.7800,77.7900,450987.92
1783764000000,77.8000,78.0600,77.7000,78.0300,412406.32
1783767600000,78.0300,78.1100,77.9500,78.0700,150884.13
1783771200000,78.0600,78.1800,77.9100,78.0500,256034.72
1783774800000,78.0600,78.4300,78.0000,78.1300,354221.28
1783778400000,78.1300,78.7300,78.1200,78.4400,603987.02
1783782000000,78.4400,78.8600,77.9000,78.3400,1237075.48
1783785600000,78.3500,78.3700,77.6200,77.9100,1006748.61
1783789200000,77.9100,78.1700,77.7900,78.0600,374587.41
1783792800000,78.0600,78.2900,77.9700,78.0500,283623.00
1783796400000,78.0400,78.1000,77.8300,78.0900,239076.40
1783800000000,78.0900,78.2400,78.0600,78.1300,132056.64
1783803600000,78.1200,78.2800,78.0900,78.1900,144517.19
1783807200000,78.1900,78.2400,77.6900,77.8400,366728.52
1783810800000,77.8400,77.8800,76.7100,76.7400,1520893.42
1783814400000,76.7300,76.8300,75.6000,76.0600,1802093.11
1783818000000,76.0700,76.8400,75.9900,76.7800,748908.71
1783821600000,76.7800,76.8700,76.5900,76.8000,347110.30
1783825200000,76.8100,77.0500,76.7000,77.0000,410635.70
1783828800000,77.0100,77.0400,76.5600,76.6600,401425.26
1783832400000,76.6700,76.8000,76.3400,76.3800,414494.05
1783836000000,76.3800,76.3800,75.8000,76.3000,809896.11
1783839600000,76.3000,76.6700,76.2600,76.4600,381487.81
1783843200000,76.4600,76.7900,76.4200,76.6500,361837.21
1783846800000,76.6600,76.8600,76.3400,76.7000,472302.83
1783850400000,76.7000,76.8100,76.6100,76.6600,198458.83
1783854000000,76.6600,77.2400,76.4700,76.8900,522376.99
1783857600000,76.8900,77.2300,76.7400,77.1500,476637.26
1783861200000,77.1500,77.4700,77.0800,77.1300,644534.48
1783864800000,77.1200,77.6900,76.9400,77.5100,674265.46
1783868400000,77.5100,77.6000,77.2400,77.4400,483386.63
1783872000000,77.4400,77.6400,77.3500,77.5100,488767.66
1783875600000,77.5000,77.5800,77.2000,77.3200,277293.86
1783879200000,77.3200,77.6200,77.2000,77.5400,250704.98
1783882800000,77.5400,77.7600,77.4000,77.6500,244022.34
1783886400000,77.6400,77.6900,77.4100,77.4400,134023.60
1783890000000,77.4400,77.6600,76.9300,77.0600,402905.75
1783893600000,77.0600,77.0600,76.4200,76.7300,852537.13
1783897200000,76.7300,76.9200,76.6100,76.8600,318417.27
1783900800000,76.8600,78.1900,76.7800,77.4800,1759117.29
1783904400000,77.4800,77.6300,76.2400,76.2800,1056538.01
1783908000000,76.2700,76.6200,76.0700,76.4400,756606.48
1783911600000,76.4300,76.4500,75.3800,75.8200,1265805.50
1783915200000,75.8200,76.0900,75.6600,75.8700,478385.71
1783918800000,75.8800,76.4400,75.6700,76.3500,777618.61
1783922400000,76.3500,76.5500,76.2300,76.3000,389289.18
1783926000000,76.3000,76.6500,76.1800,76.4000,427271.02
1783929600000,76.4100,76.8600,76.3100,76.6900,512251.17
1783933200000,76.6900,76.7000,76.5500,76.5800,272450.64
1783936800000,76.5900,76.5900,76.0500,76.2400,677982.42
1783940400000,76.2400,76.5500,76.2400,76.3100,422767.12
1783944000000,76.3100,76.3800,75.7000,75.8200,718297.25
1783947600000,75.8200,75.9100,75.0600,75.3700,1624238.53
1783951200000,75.3600,76.1400,75.2800,76.1100,1544211.09
1783954800000,76.1100,76.2800,75.7000,75.7800,646464.36
1783958400000,75.7800,76.0200,75.1500,75.2400,843192.06
1783962000000,75.2500,75.4300,74.4600,74.5500,1423992.93
1783965600000,74.5500,75.0000,74.5100,74.8200,734559.74
1783969200000,74.8300,75.2100,74.7000,75.1500,552676.09
1783972800000,75.1500,75.3100,74.5500,74.7500,599903.72
1783976400000,74.7600,74.7600,74.0600,74.3600,822134.81
1783980000000,74.3600,74.6900,74.3400,74.4800,377018.76
1783983600000,74.4800,74.9700,74.3700,74.9600,408820.00
1783987200000,74.9600,75.4600,74.7800,75.3900,640829.10
1783990800000,75.4000,75.5200,75.1700,75.2500,410427.69
1783994400000,75.2600,75.3000,74.8200,75.0400,375359.33
1783998000000,75.0400,75.1400,74.5100,75.1000,503027.94
1784001600000,75.1100,75.3200,74.9900,75.1200,410580.57
1784005200000,75.1100,75.4500,75.0600,75.3700,357437.45
1784008800000,75.3700,75.4000,75.0600,75.1100,283282.33
1784012400000,75.1000,75.2200,74.8600,74.9200,342811.96
1784016000000,74.9100,75.3500,74.8000,75.1200,363327.90
1784019600000,75.1200,75.2700,74.8200,75.0300,309383.41
1784023200000,75.0400,75.5700,74.9200,75.4200,531400.33
1784026800000,75.4200,75.5700,75.2900,75.3500,440958.03
1784030400000,75.3600,76.9600,75.1500,76.8200,3000949.67
1784034000000,76.8300,77.7100,76.4600,76.9100,2392861.31
1784037600000,76.9200,77.4700,76.6300,77.3200,1243284.03
1784041200000,77.3300,78.0000,77.1400,77.3500,1485417.18
1784044800000,77.3500,77.6300,77.0700,77.2500,783955.02
1784048400000,77.2500,77.2700,76.7600,77.1500,603112.47
1784052000000,77.1400,77.3200,76.9500,77.2600,360555.98
1784055600000,77.2500,77.5000,77.0700,77.1300,373633.22
1784059200000,77.1300,77.1800,76.8900,77.1400,234960.11
1784062800000,77.1300,77.3700,77.0800,77.1700,335624.79
1784066400000,77.1700,77.9500,77.0800,77.5900,840585.66
1784070000000,77.5800,77.9000,77.5000,77.8200,481917.44
1784073600000,77.8300,77.8800,77.4300,77.6400,416541.08
1784077200000,77.6300,77.7900,77.2200,77.4000,668342.67
1784080800000,77.4000,77.5500,76.9800,77.2600,950369.57
1784084400000,77.2700,77.8600,77.1700,77.7300,458729.67
1784088000000,77.7300,78.1500,77.4900,77.9700,640637.02
1784091600000,77.9700,78.3300,77.6100,78.2300,747140.25
1784095200000,78.2200,78.6800,77.9000,77.9000,1511031.23
1784098800000,77.9000,77.9700,77.3600,77.3600,692366.73
1784102400000,77.3700,77.5800,77.2000,77.5300,619833.97
1784106000000,77.5300,77.8700,77.3900,77.4300,373204.69
1784109600000,77.4400,77.6800,77.1600,77.3300,526463.66
1784113200000,77.3300,77.4800,77.2900,77.4800,222192.41
1784116800000,77.4800,78.2800,77.2100,78.2500,1213062.52
1784120400000,78.2500,79.0100,77.6400,78.0500,2529896.42
1784124000000,78.0600,78.3400,77.7300,78.1700,1121976.37
1784127600000,78.1800,78.2200,77.7000,78.0300,896172.12
1784131200000,78.0300,78.0900,77.0200,77.5900,1217367.85
1784134800000,77.5900,78.0000,77.4500,77.7800,588945.44
1784138400000,77.7700,78.0400,77.4600,77.5500,489129.25
1784142000000,77.5500,77.6600,76.8600,77.1400,729398.79
1784145600000,77.1400,77.5000,77.0600,77.3500,334502.91
1784149200000,77.3400,77.4900,77.1900,77.3900,192463.74
1784152800000,77.3800,77.7000,77.2500,77.4700,363283.53
1784156400000,77.4700,77.5800,77.1600,77.2300,315773.84
1784160000000,77.2300,77.4400,76.6400,76.9000,898878.90
1784163600000,76.8900,77.1100,76.6600,77.0500,710623.48
1784167200000,77.0400,77.1100,76.8100,77.0800,270601.60
1784170800000,77.0800,77.2300,76.7500,76.9000,382240.26
1784174400000,76.8900,76.9700,76.5100,76.7600,530963.54
1784178000000,76.7600,77.4700,76.6800,77.4200,747535.89
1784181600000,77.4300,77.5900,77.0600,77.3000,544140.98
1784185200000,77.3100,77.3100,76.1500,76.3900,1360985.39
1784188800000,76.3800,76.4500,75.5700,76.1000,1784697.29
1784192400000,76.1100,76.2100,75.9400,75.9700,368502.07
1784196000000,75.9800,76.3000,75.9500,76.1600,290364.70
1784199600000,76.1500,76.2400,75.9700,76.2300,408455.97
1784203200000,76.2200,76.2500,75.6300,75.8700,722069.45
1784206800000,75.8700,76.5900,75.8600,76.3200,992558.49
1784210400000,76.3200,76.7500,76.1300,76.4700,828095.14
1784214000000,76.4700,76.8500,75.9500,76.6000,904571.95
1784217600000,76.5900,76.6000,76.0500,76.2400,520377.75
1784221200000,76.2400,76.2400,75.3400,75.5600,937043.29
1784224800000,75.5600,75.9000,75.3700,75.6900,898850.59
1784228400000,75.6800,75.9000,75.5700,75.7700,344483.56
1784232000000,75.7700,75.8600,75.6700,75.7600,211506.48
1784235600000,75.7500,76.0400,75.7300,75.9100,216234.61
1784239200000,75.9100,76.0000,75.1300,75.2900,581104.35
1784242800000,75.2900,75.3700,74.9500,75.2700,683669.87
1784246400000,75.2700,75.5200,74.8700,75.5100,528934.75
1784250000000,75.5100,75.7100,74.9200,75.0600,574460.23
1784253600000,75.0600,75.2400,74.6800,74.9400,715220.34
1784257200000,74.9500,75.4300,74.9400,75.1900,436522.48
1784260800000,75.1800,75.3000,74.7000,75.1900,599339.40
1784264400000,75.1800,75.1800,74.2200,74.3500,1215843.56
1784268000000,74.3400,74.7300,74.2500,74.5500,555631.86
1784271600000,74.5500,74.7200,74.3600,74.5700,385840.11
1784275200000,74.5700,74.6500,74.1400,74.4700,479631.84
1784278800000,74.4800,74.7600,74.4200,74.6000,310878.78
1784282400000,74.6100,74.8300,74.5700,74.7300,410378.52
1784286000000,74.7400,74.9700,74.5800,74.8000,398991.00
1784289600000,74.8100,74.8300,74.3200,74.3400,429405.75
1784293200000,74.3500,74.3500,73.3200,74.2900,2289858.38
1784296800000,74.2800,74.7900,74.0400,74.2800,1319929.12
1784300400000,74.2800,74.7500,73.7600,74.7400,927736.68
1784304000000,74.7400,75.0900,74.5500,74.9100,800417.18
1784307600000,74.9000,75.5800,74.9000,75.2000,800543.48
1784311200000,75.2000,75.3800,74.9300,75.3000,492703.59
1784314800000,75.2900,75.3400,74.8200,75.1600,407829.71
1784318400000,75.1600,75.1700,74.8400,75.0600,253039.81
1784322000000,75.0500,75.2000,74.9100,74.9800,194779.93
1784325600000,74.9900,75.0900,74.8000,74.9900,180460.51
1784329200000,74.9800,75.1000,74.8100,75.0000,169620.53
1784332800000,74.9900,75.2300,74.9400,75.0600,192146.86
1784336400000,75.0600,75.2000,75.0100,75.1800,157948.51
1784340000000,75.1800,75.4200,75.1000,75.1700,242185.86
1784343600000,75.1700,75.3500,75.1100,75.3400,133516.12
1784347200000,75.3300,75.3500,75.0100,75.0700,139670.48
1784350800000,75.0600,75.0800,74.8300,74.9000,232141.46
1784354400000,74.9000,75.0600,74.8800,74.9400,149269.33
1784358000000,74.9300,75.0200,74.8600,74.9300,159010.49
1784361600000,74.9300,74.9900,74.7400,74.9300,224795.51
1784365200000,74.9300,74.9700,74.6100,74.8100,316292.36
1784368800000,74.8000,74.9100,74.7500,74.8600,157038.64
1784372400000,74.8500,74.9800,74.8400,74.9100,172717.67
1784376000000,74.9100,75.1500,74.6800,74.9500,386235.15
1784379600000,74.9500,74.9600,74.4600,74.6900,383999.47
1784383200000,74.7000,74.9700,74.6100,74.9500,324804.80
1784386800000,74.9600,75.0100,74.7600,74.9200,204918.76
1784390400000,74.9300,75.2500,74.8000,75.1200,349762.68
1784394000000,75.1200,75.3700,75.0200,75.3100,329273.82
1784397600000,75.3100,75.6000,75.1500,75.2400,546682.26
1784401200000,75.2400,75.4100,75.1800,75.4000,234302.62
1784404800000,75.4100,75.5500,75.2900,75.4300,194716.00
1784408400000,75.4200,75.6000,75.3000,75.4400,200422.09
1784412000000,75.4400,75.5800,75.3400,75.5200,188896.88
1784415600000,75.5200,75.5400,75.3600,75.4600,158783.56
1784419200000,75.4700,75.6400,75.4000,75.5900,233470.39
1784422800000,75.5900,75.7000,75.4800,75.6400,264630.72
1784426400000,75.6400,76.5600,75.6300,76.1600,1107515.14
1784430000000,76.1600,76.4200,75.7600,75.9200,429560.49
1784433600000,75.9200,76.0500,75.6800,75.9500,265139.10
1784437200000,75.9600,76.0700,75.8500,75.9400,154589.43
1784440800000,75.9400,76.1100,75.9000,76.0800,180041.26
1784444400000,76.0700,76.3000,75.9600,76.1100,239865.18
1784448000000,76.1100,76.3400,76.0300,76.2300,200103.21
1784451600000,76.2300,76.2700,75.8800,75.9600,264870.56
1784455200000,75.9500,76.4900,75.8600,76.2300,275078.54
1784458800000,76.2300,76.3800,76.0100,76.0400,222105.25
1784462400000,76.0300,76.1500,75.7000,75.9900,506073.57
1784466000000,75.9900,76.1200,75.8400,76.0700,240086.19
1784469600000,76.0600,76.6700,76.0100,76.3800,612579.04
1784473200000,76.3700,76.4500,76.0600,76.1800,313004.47
1784476800000,76.1700,76.2600,75.8300,75.8700,325693.21
1784480400000,75.8800,76.1900,75.5000,75.9200,481726.06
1784484000000,75.9200,75.9400,75.3100,75.7200,555729.23
1784487600000,75.7300,75.8600,75.5900,75.8400,174204.84
1784491200000,75.8500,76.1100,75.8300,76.1100,225395.17
1784494800000,76.1100,76.2100,75.6700,75.7400,309332.98
1784498400000,75.7400,76.3800,75.5800,76.0500,625746.08
1784502000000,76.0600,76.5600,75.8400,76.3400,536458.03
1784505600000,76.3400,77.1000,76.0800,76.5200,1342654.95
1784509200000,76.5300,77.3900,76.2300,76.3500,1052934.31
1784512800000,76.3400,77.1600,76.3100,76.9400,725708.77
1784516400000,76.9300,77.0600,76.4800,76.7100,339216.91
1784520000000,76.7100,76.9100,76.2400,76.4100,497885.07
1784523600000,76.4200,76.4600,75.7300,75.8800,913264.62
1784527200000,75.8800,76.0000,75.4500,75.6000,755296.82
1784530800000,75.6000,76.2100,75.4800,76.1800,440208.20
1784534400000,76.1800,76.4000,75.8500,76.1100,689143.78
1784538000000,76.1000,76.7000,76.0300,76.4300,470525.94
1784541600000,76.4200,76.6600,76.2900,76.3000,328395.15
1784545200000,76.3100,77.2100,76.2600,77.1000,1165709.15
1784548800000,77.0900,77.1200,76.6200,76.7000,771439.32
1784552400000,76.7000,77.1000,76.0800,76.2500,1023858.41
1784556000000,76.2400,76.4200,75.7300,76.1100,1039599.66
1784559600000,76.1000,77.9100,76.0600,77.7300,1975263.80
1784563200000,77.7300,77.8600,77.4200,77.6400,1031630.70
1784566800000,77.6300,77.8800,77.3300,77.7100,516649.97
1784570400000,77.7100,78.3700,77.5600,77.6300,1370745.53
1784574000000,77.6300,77.7000,77.2600,77.6000,832853.25
1784577600000,77.6100,78.0200,77.5100,77.8500,343896.79
1784581200000,77.8600,78.0100,77.6800,77.7100,214184.52
1784584800000,77.7000,77.8100,77.4000,77.4300,288938.09
1784588400000,77.4300,77.8500,77.4000,77.8000,215877.96
1784592000000,77.8100,78.2600,77.7100,78.0700,476860.22
1784595600000,78.0800,78.2000,77.7900,77.8100,345622.29
1784599200000,77.8100,78.2300,77.6300,77.9900,321415.12
1784602800000,77.9900,78.5300,77.9800,78.1500,574297.28
1784606400000,78.1500,78.3700,77.9800,78.0800,443380.22
1784610000000,78.0800,78.6500,78.0700,78.4100,481783.90
1784613600000,78.4000,78.8700,78.2500,78.6200,686883.57
1784617200000,78.6200,78.7300,78.4300,78.5300,439163.65
1784620800000,78.5300,78.7200,78.2900,78.3100,568618.65
1784624400000,78.3200,78.4600,78.1100,78.3700,397226.65
1784628000000,78.3800,78.4500,78.0200,78.1600,515710.94
1784631600000,78.1600,78.3900,78.0600,78.3100,343461.22
1784635200000,78.3200,78.5200,78.2300,78.4900,603856.04
1784638800000,78.4900,78.6100,78.1600,78.5500,662576.96
1784642400000,78.5600,78.6100,77.8200,77.9700,1031724.56
1784646000000,77.9600,78.1300,77.7300,78.1100,626761.97
1784649600000,78.1100,78.2100,77.9200,78.1600,366964.67
1784653200000,78.1600,78.2000,77.3900,77.6900,670919.69
1784656800000,77.6900,77.9600,77.5700,77.8200,311107.40
1784660400000,77.8200,77.9700,77.6700,77.8400,310191.42
1784664000000,77.8300,78.0900,77.7600,77.8600,389397.04
1784667600000,77.8500,78.1000,77.7500,78.0000,275086.68
1784671200000,77.9900,78.0400,77.8000,77.9500,215310.38
1784674800000,77.9500,78.1600,77.7700,78.1000,242371.51
1784678400000,78.1000,78.5700,78.0700,78.4000,543678.26
1784682000000,78.4100,78.4800,78.1000,78.3000,395571.46
1784685600000,78.3000,78.4800,78.0400,78.0700,266189.07
1784689200000,78.0700,78.1900,77.7600,77.8200,370862.10
1784692800000,77.8200,78.1900,77.7800,78.0200,342726.83
1784696400000,78.0200,78.0400,77.3500,77.3900,809385.18
1784700000000,77.3800,77.4700,76.9500,77.2600,1048483.61
1784703600000,77.2600,77.2900,76.9400,77.0600,515602.53
1784707200000,77.0600,77.4800,77.0000,77.3800,485655.89
1784710800000,77.3800,77.5400,77.2400,77.5100,322806.97
1784714400000,77.5100,77.7000,77.4000,77.6300,356733.76
1784718000000,77.6400,77.7700,77.4400,77.5300,357409.80
1784721600000,77.5200,77.5300,76.9700,77.1900,539588.30
1784725200000,77.2000,77.9300,77.0900,77.8400,972117.31
1784728800000,77.8300,78.4000,77.3600,77.8600,1158723.17
1784732400000,77.8600,78.8500,77.8500,78.4300,1463866.61
1784736000000,78.4300,78.7800,78.0600,78.5400,801583.27
1784739600000,78.5400,78.6200,78.1000,78.1700,484624.24
1784743200000,78.1700,78.2600,77.4100,77.7000,842864.05
1784746800000,77.7000,77.7700,77.2600,77.6100,493987.30
1784750400000,77.6100,77.9100,77.5200,77.7500,428881.03
1784754000000,77.7500,78.0200,77.6200,77.9800,293730.74
1784757600000,77.9900,78.0800,77.6600,77.9600,429782.31
1784761200000,77.9600,77.9800,77.4400,77.9300,417445.10
1784764800000,77.9300,78.5000,77.9300,78.2100,664583.45
1784768400000,78.2100,78.3800,77.8200,77.8400,431983.09
1784772000000,77.8400,77.8600,77.3400,77.7000,532127.10
1784775600000,77.7100,77.7400,77.4200,77.5600,268220.90
1784779200000,77.5500,77.7800,77.3900,77.4800,462489.37
1784782800000,77.4900,77.6800,77.3500,77.4800,296011.08
1784786400000,77.4900,77.5400,77.3100,77.5200,245325.55
1784790000000,77.5200,77.5200,76.9800,77.1100,770957.69
1784793600000,77.1200,77.4500,77.0600,77.4200,394513.58
1784797200000,77.4200,77.6100,77.3500,77.4500,275561.87
1784800800000,77.4500,77.7700,77.3800,77.7000,313454.42
1784804400000,77.7000,77.8300,77.5600,77.6200,342117.45
1784808000000,77.6300,77.7100,76.4300,76.9000,1665801.75
1784811600000,76.8900,77.0100,76.5100,76.6400,1063609.10
1784815200000,76.6500,76.8400,76.2400,76.3800,963195.57
1784818800000,76.3900,76.4100,75.8000,76.3300,1758725.11
1784822400000,76.3300,76.3400,75.8000,75.9600,889511.20
1784826000000,75.9600,76.1400,75.4400,75.6100,746923.52
1784829600000,75.6100,75.8100,75.5100,75.7600,477126.94
1784833200000,75.7700,75.8100,75.3700,75.7000,492868.59
1784836800000,75.6900,76.1500,75.6500,76.0900,381621.00
1784840400000,76.0900,76.2400,75.8900,76.0100,364294.98
1784844000000,76.0200,76.2100,75.8100,76.1400,336261.43
1784847600000,76.1500,76.2100,75.8300,75.8300,265597.33
1784851200000,75.8400,75.8600,75.4900,75.7800,593517.94
1784854800000,75.7800,76.0900,75.6300,75.6500,333024.05
1784858400000,75.6600,75.8900,75.2300,75.5000,454591.05
1784862000000,75.4900,75.9300,75.4300,75.8000,404791.53
1784865600000,75.7900,75.8200,75.5700,75.6300,259942.36
1784869200000,75.6300,75.8800,75.5500,75.7500,430874.61
1784872800000,75.7500,75.9800,75.6900,75.8000,329102.59
1784876400000,75.8100,76.4200,75.7300,76.0200,874732.81
1784880000000,76.0300,76.0400,75.6600,75.7300,451655.09
1784883600000,75.7300,75.7900,75.3200,75.5700,723222.59
1784887200000,75.5800,75.6100,75.3300,75.4300,309237.38
1784890800000,75.4400,75.4700,74.8600,75.1500,914968.45
1784894400000,75.1500,75.2500,74.7400,74.8100,521263.73
1784898000000,74.8100,74.8800,73.9300,74.1700,1995795.00
1784901600000,74.1700,74.2200,73.5500,73.9900,1615495.69
1784905200000,73.9800,74.2500,73.6300,73.9800,1127432.05
1784908800000,73.9800,74.1600,73.6600,73.8600,601840.48
1784912400000,73.8500,74.1100,73.8000,73.9900,393606.90
1784916000000,74.0000,74.0300,73.8400,73.9200,243108.65
1784919600000,73.9200,74.0100,73.7300,73.9100,359320.88
1784923200000,73.9200,73.9800,73.6700,73.7300,257809.28
1784926800000,73.7300,73.7900,73.3600,73.6100,786118.68
1784930400000,73.6000,73.9500,73.6000,73.9000,356395.13
1784934000000,73.9000,74.0000,73.8100,73.9300,229799.47
1784937600000,73.9200,74.1100,73.9000,74.0800,321079.77
1784941200000,74.0900,74.2300,73.9700,74.0900,325335.29
1784944800000,74.1000,74.1800,74.0100,74.0700,169327.52
1784948400000,74.0700,74.2900,74.0100,74.0900,300539.75
1784952000000,74.0900,74.3200,74.0900,74.2800,287132.05
1784955600000,74.2800,74.3200,73.8600,73.9400,389807.21
1784959200000,73.9500,74.0000,73.7200,73.9900,375310.24
1784962800000,74.0000,74.0200,73.7400,73.7500,208314.05
1784966400000,73.7400,73.8300,73.5000,73.7600,458915.28
1784970000000,73.7600,74.0000,73.7100,73.9500,268709.64
1784973600000,73.9500,73.9900,73.8600,73.9400,171762.86
1784977200000,73.9400,74.0000,73.8000,73.8800,179786.89
1784980800000,73.8800,73.9400,73.8100,73.9400,217921.79
1784984400000,73.9300,74.1700,73.9000,73.9300,363333.88
1784988000000,73.9300,74.0300,73.7300,74.0000,465918.94
1784991600000,74.0000,74.2800,73.9500,74.1300,476498.49
1784995200000,74.1200,74.3900,74.0400,74.2800,448058.93
1784998800000,74.2800,74.6400,74.2500,74.4200,536159.87
1785002400000,74.4300,74.6700,74.4300,74.6200,338542.17
1785006000000,74.6200,74.6900,74.4900,74.5200,257127.49
1785009600000,74.5300,74.5400,74.3500,74.4000,259697.56
1785013200000,74.3900,74.5700,74.2300,74.4300,262170.69
1785016800000,74.4300,74.5000,74.2600,74.4600,213984.30
1785020400000,74.4600,74.5000,74.3700,74.4900,173425.52
1785024000000,74.4800,74.9300,74.4400,74.7500,548831.64
1785027600000,74.7500,74.8700,74.6400,74.8000,188194.92
1785031200000,74.8000,74.9000,74.6800,74.8600,206035.98
1785034800000,74.8500,75.0300,74.7800,75.0000,358857.02
1785038400000,74.9900,75.2000,74.9000,75.0400,392594.31
1785042000000,75.0400,75.1500,74.9100,74.9800,270971.41
1785045600000,74.9700,75.1000,74.6900,75.0900,388805.45
1785049200000,75.0900,75.1200,74.8100,74.8400,249417.34
1785052800000,74.8400,75.0200,74.8000,74.9600,181164.22
1785056400000,74.9500,75.2500,74.9500,75.0300,398794.23
1785060000000,75.0300,75.2200,74.9900,75.0900,187976.52
1785063600000,75.0800,75.1400,74.8600,74.9100,308060.99
1785067200000,74.9100,75.1100,74.7700,74.8300,294540.65
1785070800000,74.8300,74.9400,74.7300,74.9000,304768.61
1785074400000,74.8900,75.2000,74.8400,75.0100,457854.06
1785078000000,75.0100,75.4700,74.9200,75.4500,619204.45
1785081600000,75.4500,75.9600,75.2600,75.5000,871451.18
1785085200000,75.4900,75.5600,75.2500,75.3500,318543.40
1785088800000,75.3400,75.4100,75.2300,75.3600,191002.85
1785092400000,75.3500,75.4200,75.2000,75.3000,166921.81
1785096000000,75.3000,75.3700,75.2700,75.3100,93828.98
1785099600000,75.3100,75.7400,75.2800,75.6200,262408.76
1785103200000,75.6200,76.7900,75.6200,76.6900,1785052.75
1785106800000,76.6900,77.0800,76.4700,76.7400,1085385.59
1785110400000,76.7500,76.7800,76.1600,76.3100,646457.00
1785114000000,76.3200,76.5000,75.9300,76.4900,634147.40
1785117600000,76.4900,76.6300,76.3200,76.3900,359429.34
1785121200000,76.4000,76.5100,76.2800,76.3700,257730.95
1785124800000,76.3800,76.6000,76.2300,76.2700,308694.56
1785128400000,76.2800,76.6000,76.2200,76.5300,316085.51
1785132000000,76.5200,76.9600,76.4900,76.6900,745375.81
1785135600000,76.6900,76.7300,76.3500,76.4300,360353.45
1785139200000,76.4400,76.4800,76.1900,76.2600,301270.68
1785142800000,76.2700,76.5300,76.0800,76.4400,338969.59
1785146400000,76.4400,76.6500,76.3700,76.5900,259973.86
1785150000000,76.5900,76.6500,76.4500,76.4900,292628.35
1785153600000,76.4900,77.0500,76.2100,76.8200,1284584.90
1785157200000,76.8300,77.4800,76.4200,76.8800,1717684.75
1785160800000,76.8800,76.9700,74.9700,75.4400,2676904.64
1785164400000,75.4400,75.5800,75.0300,75.2200,738129.36
1785168000000,75.2300,75.9400,75.1000,75.9100,799398.37
1785171600000,75.9000,76.2100,75.7700,75.8600,563315.15
1785175200000,75.8600,75.9600,75.2200,75.5700,597969.76
1785178800000,75.5800,76.0200,75.4500,75.9400,501412.01
1785182400000,75.9500,76.1000,75.7600,75.9300,291961.29
1785186000000,75.9400,75.9600,75.4700,75.5700,273010.06
1785189600000,75.5800,75.5900,73.9600,74.0100,1556226.88
1785193200000,74.0100,74.3700,73.6800,74.1600,1046832.30
1785196800000,74.1600,74.2600,73.6200,73.6800,856490.39
1785200400000,73.6800,73.7100,72.8000,73.1400,1865964.76
1785204000000,73.1500,73.4100,73.0100,73.3200,688623.03
1785207600000,73.3300,73.3700,73.1100,73.2400,435562.64
1785211200000,73.2500,73.2500,72.9300,73.1500,602797.50
1785214800000,73.1600,73.5000,73.1400,73.2000,460000.51
1785218400000,73.2100,73.4500,73.0800,73.4100,483174.11
1785222000000,73.4100,73.4500,73.0900,73.2400,330921.02
1785225600000,73.2500,73.4000,73.1000,73.3100,331963.99
1785229200000,73.3200,73.4700,73.1600,73.2100,327206.52
1785232800000,73.2100,73.3000,73.0800,73.1000,490304.78
1785236400000,73.1000,73.3100,72.8200,73.1400,790979.03
1785240000000,73.1400,73.4200,73.0800,73.3300,534089.51
1785243600000,73.3200,73.4000,72.3000,72.6700,1779793.35
1785247200000,72.6700,73.4500,72.4900,73.3700,1301470.09
1785250800000,73.3800,74.5500,73.2500,74.3100,2116722.69
1785254400000,74.3100,74.5400,74.0000,74.3800,712672.60
1785258000000,74.3900,74.4000,73.5100,73.7900,857335.62
1785261600000,73.7900,74.0300,73.7600,73.8500,304174.46
1785265200000,73.8500,74.3600,73.7900,74.2900,490694.56
1785268800000,74.2900,74.3400,73.9700,74.0100,423850.49
1785272400000,74.0100,74.3600,73.9600,74.1100,335890.89
1785276000000,74.1100,74.2000,73.3900,73.4000,593542.13
1785279600000,73.4100,73.8100,73.1300,73.7700,800050.09
1785283200000,73.7700,74.1500,73.7200,73.7500,606296.16
1785286800000,73.7400,73.7700,73.1800,73.2400,462882.50
1785290400000,73.2400,73.9600,73.0200,73.6600,749192.36
1785294000000,73.6600,73.7200,72.9500,73.0300,488724.85
1785297600000,73.0400,73.4600,72.6600,73.4100,1017112.36
1785301200000,73.4100,73.7600,73.3000,73.6400,470410.36
1785304800000,73.6400,74.0600,73.4800,74.0400,527467.73
1785308400000,74.0400,74.2500,73.9400,74.2100,380759.39
1785312000000,74.2100,74.3000,73.6600,73.9000,677586.22
1785315600000,73.9100,74.2900,73.8700,74.0900,306833.08
1785319200000,74.1000,74.1100,73.7500,73.8700,341797.44
1785322800000,73.8800,74.0600,73.7900,73.9100,209809.86
1785326400000,73.9100,73.9200,73.4100,73.4800,484247.54
1785330000000,73.4800,73.7400,73.3000,73.6900,768066.56
1785333600000,73.6900,73.8900,73.0400,73.2300,985406.41
1785337200000,73.2200,73.4200,72.9300,73.0800,603629.62
1785340800000,73.0800,73.3300,72.8800,73.2400,786050.43
1785344400000,73.2400,73.9200,73.1300,73.9100,926469.99
1785348000000,73.9100,74.5000,73.4000,74.2100,2258256.87
1785351600000,74.2000,74.3400,72.6800,72.7100,1503587.43
1785355200000,72.7100,73.1700,72.3900,72.6000,1316863.40
1785358800000,72.6100,73.1400,72.2600,73.1400,979501.74
1785362400000,73.1400,73.7800,73.1400,73.6100,868176.83
1785366000000,73.6000,73.7100,73.3800,73.6500,330390.88
1785369600000,73.6500,73.8400,73.1000,73.2700,587951.10
1785373200000,73.2800,74.1800,73.2300,73.9900,695285.46
1785376800000,74.0000,74.1200,73.7800,73.8100,294343.89
1785380400000,73.8100,73.9800,73.6200,73.6800,262177.85
1785384000000,73.6800,73.7100,73.4600,73.4800,308566.40
1785387600000,73.4800,73.8400,73.3800,73.6600,290774.37
1785391200000,73.6600,73.7300,73.4500,73.4900,228355.93
1785394800000,73.5000,73.7800,73.3500,73.3900,330157.40
1785398400000,73.3800,73.8000,73.2600,73.7800,335121.66
1785402000000,73.7800,74.1900,73.7700,74.0200,530800.57
1785405600000,74.0100,74.1700,73.7900,73.8700,359724.20
1785409200000,73.8800,74.3000,73.8600,74.1800,430263.51
1785412800000,74.1800,74.4500,74.0400,74.3600,772447.17
1785416400000,74.3600,74.8900,74.0800,74.6400,1282092.32
1785420000000,74.6400,74.7500,74.2500,74.5900,1088455.43
1785423600000,74.5900,74.8400,74.4300,74.6100,743967.46
1785427200000,74.6100,74.8100,74.4200,74.5400,608877.63
1785430800000,74.5500,74.8600,74.3800,74.7300,420960.62
1785434400000,74.7200,74.9500,74.4500,74.4800,410743.36
1785438000000,74.4800,74.8100,74.4800,74.7500,385385.16
1785441600000,74.7500,74.8900,74.4000,74.4500,434233.80
1785445200000,74.4500,74.5800,74.4000,74.4600,228796.72
1785448800000,74.4600,74.8600,74.3700,74.7100,394848.30
1785452400000,74.7200,74.9600,74.4200,74.4600,765632.55
1785456000000,74.4600,74.6200,74.4000,74.4600,379676.75
1785459600000,74.4600,75.2800,74.2500,74.3600,1412983.65
1785463200000,74.3600,74.5300,74.0400,74.1100,662374.38
1785466800000,74.1100,74.3300,73.8300,74.1100,568519.67
1785470400000,74.1000,74.1200,73.6900,73.7900,623736.23
1785474000000,73.7900,74.2900,73.7900,74.2000,624266.21
1785477600000,74.2100,74.5100,73.9700,74.0600,677686.00
1785481200000,74.0600,74.0600,73.4600,73.6400,889972.73
1785484800000,73.6500,73.7700,73.4900,73.6200,410359.54
1785488400000,73.6300,73.6700,73.3500,73.4400,507838.41
1785492000000,73.4500,73.6200,73.2500,73.5200,492614.44
1785495600000,73.5200,73.6900,73.4300,73.5200,289108.38
1785499200000,73.5200,73.6100,73.3400,73.5800,415431.93
1785502800000,73.5900,73.7800,73.1300,73.2500,1057647.81
1785506400000,73.2500,73.6700,72.7500,73.0100,2678845.54
1785510000000,73.0100,73.1900,72.8300,73.0600,771140.32
1785513600000,73.0500,73.3100,72.9500,73.2700,472488.67
1785517200000,73.2700,73.4200,73.1400,73.3400,438493.28
1785520800000,73.3400,73.4600,72.9000,73.0800,395042.12
1785524400000,73.0800,73.2600,72.8800,73.0500,380772.95
1785528000000,73.0500,73.2000,72.9000,72.9200,386911.68
1785531600000,72.9300,73.0700,72.5200,72.6900,421230.32
1785535200000,72.6900,72.9200,72.6300,72.8100,326219.58
1785538800000,72.8100,72.9400,72.7600,72.8300,226038.29
1785542400000,72.8300,73.1200,72.8300,72.9800,307246.53
1785546000000,72.9900,73.1100,72.9500,73.0200,243053.34
1785549600000,73.0200,73.1300,72.9700,73.0500,271017.60
1785553200000,73.0500,73.0700,72.8300,73.0100,283562.12
1785556800000,73.0100,73.1800,73.0000,73.1300,157978.02
1785560400000,73.1300,73.1700,72.8300,72.9100,276537.68
1785564000000,72.9100,73.0000,72.8500,72.9500,191085.06
1785567600000,72.9500,73.0800,72.8700,72.9300,178873.80
1785571200000,72.9300,73.0500,72.9100,72.9900,185708.02
1785574800000,72.9900,73.0500,72.7900,72.8000,203388.57
1785578400000,72.8000,72.8600,72.6200,72.8000,293807.14
1785582000000,72.8000,72.8700,72.7400,72.8500,191371.62
1785585600000,72.8500,72.9100,72.8300,72.8900,160415.97
1785589200000,72.8900,72.9600,72.8600,72.9300,223501.35
1785592800000,72.9400,73.0200,72.8300,72.9900,252176.67
1785596400000,72.9900,73.0000,72.6800,72.7500,357711.20
1785600000000,72.7500,72.9100,72.4000,72.6600,722693.99
1785603600000,72.6700,72.7500,71.5700,71.8800,2219229.54
1785607200000,71.8800,71.9300,70.5100,71.0400,3012316.76
1785610800000,71.0400,71.3300,71.0000,71.2100,554987.01
1785614400000,71.2100,71.5200,71.1400,71.5100,432899.47
1785618000000,71.5200,71.8300,71.5000,71.8100,331737.53
1785621600000,71.8100,71.9900,71.8100,71.8800,302170.89
1785625200000,71.8700,72.0700,71.7900,71.9100,311909.74
1785628800000,71.9100,72.1200,71.8900,72.0700,282354.52
1785632400000,72.0800,72.7400,72.0700,72.6200,831408.44
1785636000000,72.6300,73.3800,72.5500,73.1000,1305073.80
1785639600000,73.1000,73.2200,73.0400,73.1700,399468.78
1785643200000,73.1700,73.5200,73.1700,73.5000,470138.16
1785646800000,73.4900,73.6300,73.4200,73.5700,641970.78
1785650400000,73.5600,73.6300,73.4000,73.4300,340577.32
1785654000000,73.4300,73.4800,73.3700,73.4400,259332.33
1785657600000,73.4300,73.5100,73.1300,73.1600,584743.11
1785661200000,73.1600,73.3900,72.9200,73.3500,479352.82
1785664800000,73.3400,73.3600,73.1100,73.2400,296774.82
1785668400000,73.2400,73.2800,72.9100,72.9700,390817.32
1785672000000,72.9600,73.2000,72.8600,72.8600,356948.35
1785675600000,72.8700,72.9800,72.6500,72.9300,491972.62
1785679200000,72.9300,73.2000,72.8800,73.0500,389957.95
1785682800000,73.0500,73.1800,72.9700,72.9900,216196.79
1785686400000,72.9800,73.2700,72.8700,73.1000,418997.91
1785690000000,73.1100,73.3600,73.0500,73.2700,256879.57
1785693600000,73.2800,73.8200,73.2000,73.5200,649421.37
1785697200000,73.5200,73.7600,73.4900,73.6800,314433.90
1785700800000,73.6800,73.7100,73.5200,73.6600,213812.95
1785704400000,73.6500,74.3200,73.6400,73.9500,683888.14
1785708000000,73.9600,74.1900,73.6000,73.6100,578545.90
1785711600000,73.6100,73.6300,73.4200,73.6100,381593.38
1785715200000,73.6100,73.6400,73.1400,73.2000,482792.56
1785718800000,73.1900,73.2300,72.9000,72.9600,570100.55
1785722400000,72.9700,73.1200,72.8600,72.9900,372524.57
1785726000000,72.9900,73.0800,72.6300,72.8500,405436.50
1785729600000,72.8500,73.0300,72.7900,72.8100,319606.17
1785733200000,72.8200,73.0200,72.7900,72.8800,325301.88
1785736800000,72.8900,72.9500,72.4800,72.5800,536363.98
1785740400000,72.5700,72.6600,72.4000,72.4800,550709.33
1785744000000,72.4900,72.5300,71.8700,72.3200,1042713.38
1785747600000,72.3300,72.7700,72.2900,72.7000,459093.57
1785751200000,72.7000,72.7700,72.4900,72.5700,371829.80
1785754800000,72.5700,72.6200,72.3500,72.4200,375948.91
1785758400000,72.4200,72.5300,72.2900,72.3800,363743.38
1785762000000,72.3800,73.2500,72.2900,73.2200,1320541.13
1785765600000,73.2200,73.7800,72.9800,73.7600,1922489.50
1785769200000,73.7600,73.7900,73.3800,73.5700,1064389.81
1785772800000,73.5800,73.7800,73.2000,73.3900,800796.47
1785776400000,73.4000,73.8400,73.2800,73.6600,545744.35
1785780000000,73.6700,74.2700,73.6600,73.9400,783950.88
1785783600000,73.9500,74.1500,73.9200,73.9900,396046.43
1785787200000,74.0000,74.1300,73.7400,73.8300,362522.48
1785790800000,73.8300,73.8500,73.6300,73.6800,272916.52
1785794400000,73.6900,73.7100,73.3300,73.5200,463363.01
1785798000000,73.5200,73.5400,73.3600,73.5400,236654.10
1785801600000,73.5300,73.6000,73.0200,73.0600,654131.27
1785805200000,73.0600,73.7600,73.0200,73.7400,633821.95
1785808800000,73.7500,74.1000,73.6400,73.8500,626715.75
1785812400000,73.8400,73.8800,73.4400,73.6600,420649.29
1785816000000,73.6600,74.0800,73.5600,73.7900,463248.63
1785819600000,73.8000,73.8500,73.6700,73.7100,226185.52
1785823200000,73.7100,73.8900,73.3700,73.4000,460503.17
1785826800000,73.4000,73.7100,73.1700,73.6600,531065.75
1785830400000,73.6600,73.7300,73.2500,73.3300,374087.32
1785834000000,73.3300,73.3300,73.1300,73.2600,358735.09
1785837600000,73.2700,73.6800,73.0600,73.5800,553136.50
1785841200000,73.5800,73.9500,73.5100,73.9200,508789.53
1785844800000,73.9200,74.0600,73.7200,73.7900,432019.27
1785848400000,73.7800,74.0200,73.5500,73.6100,758395.78
1785852000000,73.6100,73.9000,73.2800,73.7900,811716.93
1785855600000,73.7900,74.1800,73.3700,73.9500,902924.34
1785859200000,73.9600,73.9800,73.5600,73.7100,558190.71
1785862800000,73.7100,74.2200,73.6800,73.7300,786789.42
1785866400000,73.7400,74.3700,73.7200,74.1200,674784.32
1785870000000,74.1300,74.3700,74.0800,74.1600,512158.55
1785873600000,74.1700,74.4400,73.8400,74.2400,763597.56
1785877200000,74.2400,74.2500,73.9800,74.0900,262005.12
1785880800000,74.1000,74.1900,73.9400,74.0700,218255.61
1785884400000,74.0700,74.2600,73.6900,73.7200,618730.56
1785888000000,73.7200,73.7600,73.4200,73.4800,540299.26
1785891600000,73.4800,74.0800,73.3500,74.0800,540484.05
1785895200000,74.0800,74.4700,74.0400,74.1900,882642.71
1785898800000,74.1900,74.2800,73.6700,73.7500,809532.80
1785902400000,73.7500,73.8200,73.5800,73.7500,305079.37
1785906000000,73.7600,74.2800,73.7000,74.1100,621198.41
1785909600000,74.1100,74.2200,73.9200,73.9800,291115.82
1785913200000,73.9800,74.0100,73.6400,73.9300,600650.96
1785916800000,73.9400,74.1300,73.9100,74.0500,408694.52
1785920400000,74.0500,74.1700,73.9600,73.9800,265627.63
1785924000000,73.9800,74.0900,73.7600,73.8100,381490.54
1785927600000,73.8200,73.9700,73.6900,73.7300,285034.98
1785931200000,73.7400,74.3600,73.6700,74.0300,994045.71
1785934800000,74.0400,74.0800,73.2100,73.9400,1900194.81
1785938400000,73.9500,74.1200,73.5700,73.9100,1058866.11
1785942000000,73.9200,74.2900,73.8100,73.9100,1074321.14
1785945600000,73.9100,74.4100,73.9000,74.2500,835116.80
1785949200000,74.2500,74.6400,74.0900,74.5200,886800.65
1785952800000,74.5200,74.8200,74.3900,74.5000,700720.04
1785956400000,74.5000,74.6000,74.3800,74.4300,409183.86
1785960000000,74.4300,74.5600,74.2700,74.3500,459272.50
1785963600000,74.3400,74.3600,74.0300,74.0800,421480.55
1785967200000,74.0900,74.1600,73.9500,73.9600,332602.39
1785970800000,73.9600,74.0700,73.8000,74.0000,428213.44
1785974400000,74.0000,74.2400,73.9900,74.0300,303877.68
1785978000000,74.0300,74.0800,73.6800,73.7000,604704.06
1785981600000,73.7000,73.7400,73.3300,73.4800,1045151.83
1785985200000,73.4900,73.5500,73.3900,73.4400,379521.01
1785988800000,73.4500,73.8400,73.3400,73.8300,537291.66
1785992400000,73.8200,74.3300,73.8100,74.2000,898353.88
1785996000000,74.2000,74.2100,73.9100,74.0100,335903.91
1785999600000,74.0200,74.1000,73.8300,73.8400,257083.73
1786003200000,73.8500,74.0800,73.6600,73.9500,521734.23
1786006800000,73.9500,73.9600,73.1200,73.2500,1392844.52
1786010400000,73.2400,73.4000,73.1200,73.2700,596305.50
1786014000000,73.2700,73.5200,73.1300,73.4100,349819.12
1786017600000,73.4200,73.4400,73.0800,73.1000,458851.92
1786021200000,73.1000,73.2900,72.7800,73.1900,1091272.64
1786024800000,73.2000,73.5600,73.0500,73.4200,829051.37
1786028400000,73.4200,73.5900,73.2600,73.2700,525531.59
1786032000000,73.2700,73.4500,73.0300,73.4000,510141.17
1786035600000,73.4000,73.5100,73.0100,73.1500,359637.78
1786039200000,73.1500,73.1900,72.6600,72.7900,619134.63
1786042800000,72.7800,72.9100,72.5100,72.7600,523788.30
1786046400000,72.7500,72.9600,72.7500,72.8100,225641.22
1786050000000,72.8000,72.9600,72.7400,72.8300,325271.99
1786053600000,72.8200,72.8500,72.6100,72.6600,262717.21
1786057200000,72.6500,72.7100,72.2900,72.6500,692173.12
1786060800000,72.6500,72.7800,72.5200,72.6300,404707.40
1786064400000,72.6300,72.8400,72.5400,72.7000,270373.46
1786068000000,72.7000,72.9100,72.4200,72.6700,477162.72
1786071600000,72.6700,72.7300,72.4900,72.5700,234553.40
1786075200000,72.5700,72.7600,72.4500,72.6300,303189.10
1786078800000,72.6400,72.9200,72.3900,72.8400,507905.43
1786082400000,72.8400,73.0400,72.7700,72.8100,556135.57
1786086000000,72.8100,73.0000,72.7100,72.9000,370067.12
1786089600000,72.9000,73.3000,72.8800,73.1600,468869.66
1786093200000,73.1600,73.7100,73.1500,73.5900,1079234.48
1786096800000,73.5900,73.7400,73.4600,73.5100,455328.34
1786100400000,73.5100,73.7500,73.5000,73.6100,361961.76
1786104000000,73.6100,74.3100,73.6000,73.8800,1711688.93
1786107600000,73.8700,74.3300,73.7600,74.0900,1321630.41
1786111200000,74.1000,74.2000,73.5200,73.6800,1625080.82
1786114800000,73.6900,73.9500,73.6600,73.8500,485825.27
1786118400000,73.8600,74.1000,73.5400,73.5500,525896.13
1786122000000,73.5500,73.5500,73.1500,73.3800,946430.12
1786125600000,73.3900,73.5500,73.2400,73.3700,388529.74
1786129200000,73.3800,74.0000,73.3700,74.0000,613879.82
1786132800000,73.9900,74.0600,73.7500,73.8000,449230.22
1786136400000,73.8000,73.8600,73.5700,73.6300,280908.52
1786140000000,73.6300,73.7000,73.5500,73.6100,234992.16
1786143600000,73.6200,73.7500,73.5800,73.6200,168613.88
1786147200000,73.6300,73.7200,73.5300,73.6800,234579.33
1786150800000,73.6800,73.9400,73.6400,73.8500,255723.32
1786154400000,73.8500,73.9400,73.8200,73.8300,188524.19
1786158000000,73.8400,74.9900,73.8200,74.8100,1261329.76
1786161600000,74.8200,75.1300,74.5500,74.6100,848445.03
1786165200000,74.6100,74.7300,74.4500,74.6400,415902.99
1786168800000,74.6400,74.7900,74.5400,74.6800,298420.54
1786172400000,74.6700,74.8000,74.6300,74.7900,209397.96
1786176000000,74.7800,74.9000,74.6600,74.7800,352152.43
1786179600000,74.7900,75.0200,74.7800,74.8500,538274.54
1786183200000,74.8400,75.1800,74.8400,75.0600,378686.06
1786186800000,75.0600,75.7000,75.0300,75.5800,1233530.46
1786190400000,75.5800,75.6600,75.3300,75.4100,658123.24
1786194000000,75.4100,75.5300,75.4000,75.5100,301002.98
1786197600000,75.5100,76.6300,75.5000,76.4800,1390245.26
1786201200000,76.4800,76.8200,76.2200,76.3700,1192439.90
1786204800000,76.3700,76.4900,76.1400,76.3400,495390.97
1786208400000,76.3500,76.4700,76.2400,76.3700,363367.10
1786212000000,76.3600,76.3600,76.0500,76.1200,365969.13
1786215600000,76.1100,76.2600,75.9400,76.1300,466036.38
1786219200000,76.1400,76.2700,76.1100,76.2300,171652.68
1786222800000,76.2400,76.3500,76.1100,76.1900,225614.77
1786226400000,76.1900,76.2700,75.8400,75.8900,352429.79
1786230000000,75.9000,76.0800,75.7400,76.0000,379016.58
1786233600000,76.0000,76.0400,75.8300,76.0000,253730.24
1786237200000,75.9900,76.0800,75.7100,75.8600,355843.10
1786240800000,75.8500,75.9900,75.7700,75.8600,275298.30
1786244400000,75.8500,76.0300,75.7500,75.9700,263137.89
1786248000000,75.9600,76.1100,75.9300,75.9500,207635.30
1786251600000,75.9600,76.0100,75.8600,75.9900,202469.08
1786255200000,75.9900,76.4800,75.9400,76.4000,595713.17
1786258800000,76.4000,76.4700,76.2200,76.3400,399541.72
1786262400000,76.3400,76.5700,76.0800,76.3000,514189.17
1786266000000,76.3000,76.5100,76.2300,76.4200,397695.34
1786269600000,76.4300,76.6400,76.3400,76.3600,333952.66
1786273200000,76.3600,76.5100,76.3100,76.4700,212340.80
1786276800000,76.4700,76.5700,76.2700,76.3400,274884.55
1786280400000,76.3500,76.8700,76.3200,76.5400,660918.43
1786284000000,76.5400,77.0700,76.5400,77.0000,778133.50
1786287600000,76.9900,77.4600,76.8300,77.4100,1143137.21
1786291200000,77.4100,77.5600,77.0700,77.3100,867729.65
1786294800000,77.3100,77.3200,77.1100,77.1600,286373.07
1786298400000,77.1500,77.2400,77.0600,77.1900,197020.82
1786302000000,77.1800,77.3500,77.1200,77.2200,207744.36
1786305600000,77.2100,77.2800,77.0400,77.2500,158991.46
1786309200000,77.2400,77.5000,77.1300,77.3400,218875.83
1786312800000,77.3300,77.8800,76.6300,76.8000,1354073.69
1786316400000,76.8000,76.8900,76.1600,76.2300,1239438.00
1786320000000,76.2300,77.0000,76.1700,76.5100,1170239.11
1786323600000,76.5000,77.1400,76.3700,76.8800,665419.06
1786327200000,76.8700,76.9100,76.4000,76.7900,472885.57
1786330800000,76.7800,76.9200,76.3400,76.6000,538820.54
1786334400000,76.6000,76.7200,76.3900,76.5100,311523.45
1786338000000,76.5100,76.9500,76.5000,76.8600,265411.81
1786341600000,76.8500,77.0500,76.7700,76.9600,361243.30
1786345200000,76.9500,77.0900,76.7900,76.9500,237807.19
1786348800000,76.9400,77.1200,76.6300,76.9100,530579.84
1786352400000,76.9100,77.0000,76.5300,76.5300,442196.22
1786356000000,76.5300,76.8400,76.5100,76.7800,447504.27
1786359600000,76.7800,77.0300,76.6300,77.0200,348489.64
1786363200000,77.0300,77.1000,76.5700,76.6100,626290.34
1786366800000,76.6100,76.7500,76.1000,76.2800,1051702.28
1786370400000,76.2800,76.6800,76.2100,76.2400,739392.29
1786374000000,76.2300,76.4100,75.7800,75.9300,1503940.22
1786377600000,75.9300,76.0800,75.5400,75.6800,1431461.55
1786381200000,75.6900,76.1000,75.5800,75.9600,621224.70
1786384800000,75.9500,76.0500,75.6800,75.8000,441761.79
1786388400000,75.7900,76.2600,75.7800,76.1700,379704.23
1786392000000,76.1800,76.4700,76.1500,76.4100,347108.97
1786395600000,76.4100,76.4700,76.2600,76.2800,307964.23
1786399200000,76.2700,76.3500,76.0100,76.1800,369741.60
1786402800000,76.1800,76.1900,75.9400,75.9500,333746.52
1786406400000,75.9600,76.0200,75.7200,75.8500,573348.79
1786410000000,75.8500,76.0700,75.6600,76.0600,490835.69
1786413600000,76.0600,76.1100,75.9400,76.0000,259681.30
1786417200000,76.0000,76.2200,76.0000,76.0400,224967.77
1786420800000,76.0400,76.1900,76.0300,76.0400,176979.61
1786424400000,76.0400,76.0500,75.7400,75.7600,400014.04
1786428000000,75.7600,76.0000,75.6100,75.7700,801962.28
1786431600000,75.7700,75.8300,75.3600,75.6600,829409.32
1786435200000,75.6600,75.9500,75.5800,75.8900,439115.52
1786438800000,75.8900,75.9100,75.6300,75.8400,735463.74
1786442400000,75.8400,76.0300,75.7200,75.9000,534129.49
1786446000000,75.9100,76.3500,75.9000,76.1600,711931.43
1786449600000,76.1600,76.2100,75.7500,75.8200,446369.59
1786453200000,75.8200,76.0700,75.6800,75.9700,685682.93
1786456800000,75.9700,76.1200,75.0300,75.1500,1450300.68
1786460400000,75.1600,75.3800,74.5700,74.8700,1752388.07
1786464000000,74.8700,75.0300,74.7300,74.8900,655896.34
1786467600000,74.8900,75.1900,74.8800,75.1200,449412.11
1786471200000,75.1300,75.3000,75.0300,75.2300,497170.26
1786474800000,75.2300,75.6900,75.0100,75.6300,555204.92
1786478400000,75.6300,76.2700,75.6100,76.0100,1299469.32
1786482000000,76.0200,76.4100,75.9700,76.4100,747824.33
1786485600000,76.4100,76.6400,76.2100,76.3800,719483.68
1786489200000,76.3800,76.3800,76.1600,76.2700,353558.41
1786492800000,76.2700,76.3400,76.1900,76.3400,252993.14
1786496400000,76.3400,76.5600,76.2600,76.4000,387788.83
1786500000000,76.4000,76.5700,76.3900,76.4100,327454.85
1786503600000,76.4000,76.5000,76.2200,76.3800,337418.30
1786507200000,76.3800,76.5500,76.2400,76.2700,305238.14
1786510800000,76.2600,76.3500,76.1500,76.2900,237545.97
1786514400000,76.2800,76.3300,75.9300,76.0200,438818.86
1786518000000,76.0200,76.2500,75.9100,76.2500,370783.30
1786521600000,76.2500,76.4400,76.1200,76.1500,528677.62
1786525200000,76.1500,76.8800,76.0900,76.7100,883465.93
1786528800000,76.7100,76.8400,76.6200,76.7300,498837.92
1786532400000,76.7300,76.8300,76.6500,76.7900,308289.46
1786536000000,76.8000,77.3300,76.3200,76.6100,1914391.49
1786539600000,76.6100,76.6300,75.9900,76.1900,1217776.86
1786543200000,76.1900,76.2200,75.3600,75.4300,1835574.42
1786546800000,75.4300,75.8400,75.3300,75.7100,654114.42
1786550400000,75.7200,75.8100,75.5200,75.6600,333712.29
1786554000000,75.6600,76.0300,75.6300,75.8700,389748.15
1786557600000,75.8700,76.0600,75.7900,75.8400,286221.29
1786561200000,75.8400,75.9700,75.5500,75.7200,328927.81
1786564800000,75.7200,75.9800,75.7000,75.9000,221112.62
1786568400000,75.9000,75.9700,75.3900,75.4300,447248.91
1786572000000,75.4300,75.6300,75.2700,75.4800,344733.15
1786575600000,75.4800,75.6000,75.3400,75.5900,223381.82
1786579200000,75.5900,75.8500,75.5200,75.5700,464596.40
1786582800000,75.5700,75.7600,75.4300,75.6000,279362.78
1786586400000,75.6000,75.9400,75.4800,75.9400,313989.59
1786590000000,75.9400,76.2900,75.9200,76.2300,800815.29
1786593600000,76.2300,76.2500,75.9900,76.1000,292977.55
1786597200000,76.1000,76.6000,76.0400,76.4700,606445.91
1786600800000,76.4700,76.5100,76.2900,76.4800,284168.66
1786604400000,76.4900,76.5100,76.3500,76.4100,222833.80
1786608000000,76.4100,76.4500,76.1300,76.1800,274392.04
1786611600000,76.1800,76.1800,75.8400,76.1100,487812.56
1786615200000,76.1200,76.1500,75.6400,75.7000,710545.86
1786618800000,75.7000,75.7100,75.5100,75.6100,463969.53
1786622400000,75.6100,76.1100,75.5900,76.0800,543518.43
1786626000000,76.0900,76.3300,76.0000,76.1600,576805.15
1786629600000,76.1600,76.5600,76.1000,76.4300,703065.11
1786633200000,76.4200,76.5100,75.5900,75.6100,825123.61
1786636800000,75.6000,75.8500,75.0400,75.5600,1686594.41
1786640400000,75.5600,75.9100,75.5100,75.7400,542866.34
1786644000000,75.7300,76.0700,75.6400,75.9800,394449.26
1786647600000,75.9700,76.2500,75.9400,76.1700,530939.66
1786651200000,76.1600,76.3100,76.1100,76.1800,400764.36
1786654800000,76.1800,76.2700,76.0800,76.1700,221182.29
1786658400000,76.1800,76.4100,76.1600,76.2100,320902.29
1786662000000,76.2100,76.2700,76.1000,76.2300,235520.42
1786665600000,76.2300,76.2900,75.9500,76.0600,372512.85
1786669200000,76.0600,76.1500,75.8600,76.0600,235396.77
1786672800000,76.0600,76.1700,75.9600,76.0000,172714.72
1786676400000,75.9900,76.0300,75.7100,75.7300,438189.36
1786680000000,75.7300,75.9900,75.7000,75.8100,155592.29
1786683600000,75.8000,75.9500,75.7600,75.8900,137200.03
1786687200000,75.8800,75.8900,75.4800,75.5000,507966.85
1786690800000,75.5000,75.7000,75.4500,75.5500,354236.39
1786694400000,75.5400,75.8400,75.5200,75.8200,426212.55
1786698000000,75.8300,75.8400,75.3700,75.4400,441209.83
1786701600000,75.4500,75.6100,75.3000,75.3500,511627.28
1786705200000,75.3500,75.5600,75.3400,75.4900,291267.10
1786708800000,75.4900,75.5600,75.2900,75.4200,362716.13
1786712400000,75.4300,75.4400,75.2000,75.3200,489533.81
1786716000000,75.3200,75.3800,75.0100,75.2200,719425.54
1786719600000,75.2200,75.7300,75.1500,75.6000,566991.88
1786723200000,75.6000,75.6700,75.4000,75.4100,575873.18
1786726800000,75.4200,75.6300,75.1100,75.2400,459133.22
1786730400000,75.2400,75.2500,74.8800,74.9100,753619.58
1786734000000,74.9200,75.0500,74.6100,74.9500,1006684.38
1786737600000,74.9500,75.2100,74.9100,75.1100,357784.83
1786741200000,75.1100,75.2000,75.0400,75.1500,191308.20
1786744800000,75.1400,75.2400,74.9200,75.1500,348584.34
1786748400000,75.1500,75.3800,75.1100,75.3700,239913.05
1786752000000,75.3700,75.4000,75.2900,75.3200,164955.83
1786755600000,75.3200,75.4300,75.2500,75.3800,218983.47
1786759200000,75.3800,75.6500,75.3600,75.6300,366746.60
1786762800000,75.6300,75.6800,75.3700,75.3900,296598.34
1786766400000,75.3800,75.5700,75.3300,75.5000,234094.99
1786770000000,75.4900,75.5600,75.2700,75.3200,270617.10
1786773600000,75.3100,75.4600,75.2400,75.3900,178167.98
1786777200000,75.4000,75.4000,75.1600,75.2000,243346.12
1786780800000,75.1900,75.2700,75.0300,75.0500,258025.91
1786784400000,75.0400,75.2100,75.0000,75.2000,217306.50
1786788000000,75.1900,75.3100,75.1600,75.2400,166190.17
1786791600000,75.2500,75.2700,75.1700,75.2000,101263.09
1786795200000,75.2100,75.3800,75.1600,75.3700,143406.90
1786798800000,75.3700,75.5300,75.3500,75.5300,312729.15
1786802400000,75.5300,75.5400,75.4000,75.4100,245747.67
1786806000000,75.4000,75.5000,75.3200,75.4900,204311.13
1786809600000,75.4900,75.5000,75.3700,75.4500,133710.52
1786813200000,75.4500,75.6400,75.4400,75.6100,269821.99
1786816800000,75.6200,75.6400,75.4600,75.5100,217771.90
1786820400000,75.5200,75.5300,75.4700,75.5200,80891.99
1786824000000,75.5200,75.5300,75.3700,75.4900,206246.28
1786827600000,75.4900,75.7000,75.4800,75.5800,171561.01
1786831200000,75.5800,75.6500,75.5100,75.5400,173281.60
1786834800000,75.5400,75.5400,75.2700,75.3000,332796.24
1786838400000,75.3100,75.4600,75.2300,75.4300,258408.83
1786842000000,75.4300,75.4500,75.2600,75.3900,214805.91
1786845600000,75.3900,75.6200,75.2300,75.5400,327536.28
1786849200000,75.5400,75.6200,75.5200,75.5300,168037.93
1786852800000,75.5300,75.5700,75.3900,75.4100,145062.67
1786856400000,75.4100,75.4800,75.3000,75.3100,229887.15
1786860000000,75.3100,75.4900,75.2400,75.3300,294997.13
1786863600000,75.3400,75.4400,75.3000,75.4300,94833.81
1786867200000,75.4300,75.4500,75.3600,75.4300,89555.78
1786870800000,75.4200,75.4400,75.2100,75.2700,254099.17
1786874400000,75.2700,75.2800,75.1200,75.2200,260749.34
1786878000000,75.2300,75.2800,75.1800,75.2500,116601.39
1786881600000,75.2500,75.2500,75.1600,75.1800,116131.59
1786885200000,75.1700,75.3700,75.1700,75.2700,169636.82
1786888800000,75.2700,75.3700,75.2000,75.3600,178779.55
1786892400000,75.3600,75.6100,75.3400,75.5400,419657.01
1786896000000,75.5300,75.6900,75.4600,75.5200,380769.14
1786899600000,75.5200,75.5700,75.2300,75.2300,366575.76
1786903200000,75.2400,75.2600,75.0000,75.1400,492296.55
1786906800000,75.1500,75.3300,75.1400,75.1900,240602.65
1786910400000,75.1900,75.2900,74.9200,74.9800,426027.12
1786914000000,74.9800,75.0500,74.0000,74.3000,1522383.18
1786917600000,74.2900,74.4900,74.1200,74.4700,681202.92
1786921200000,74.4700,74.6200,74.4100,74.5700,385807.24
1786924800000,74.5800,74.7000,74.3800,74.5800,514740.39
1786928400000,74.5700,75.3200,74.5300,75.0600,1086704.61
1786932000000,75.0600,75.5500,75.0100,75.4500,740564.32
1786935600000,75.4500,75.5500,75.4100,75.4800,526991.98
1786939200000,75.4800,75.5900,75.4500,75.5200,329952.55
1786942800000,75.5200,75.5800,75.3600,75.3800,399094.32
1786946400000,75.3800,75.9900,75.3200,75.8000,888516.27
1786950000000,75.8100,75.9400,75.7000,75.7400,489376.32
1786953600000,75.7400,75.7800,75.1300,75.2000,819613.18
1786957200000,75.2000,75.3900,75.1800,75.3100,292233.45
1786960800000,75.3000,75.7800,75.2600,75.7400,614403.40
1786964400000,75.7300,75.8900,75.6300,75.6500,504656.19
1786968000000,75.6600,75.6700,75.2900,75.3900,546310.91
1786971600000,75.4000,75.7500,75.2500,75.5800,797828.98
1786975200000,75.5900,76.0000,75.4500,75.9400,667841.66
1786978800000,75.9400,76.2000,75.7500,76.0600,817232.36
1786982400000,76.0600,76.0900,75.8800,75.9600,482695.73
1786986000000,75.9700,76.0800,75.6500,75.8700,468276.64
1786989600000,75.8700,76.1400,75.8100,75.8600,485956.82
1786993200000,75.8600,75.9200,75.7000,75.7700,247043.80
1786996800000,75.7700,76.0700,75.5900,75.9600,446980.43
1787000400000,75.9500,76.0200,75.8400,75.9100,156848.54
1787004000000,75.9100,76.0000,75.6800,75.7100,181352.50
1787007600000,75.7000,76.0900,75.6700,75.9900,343910.97
1787011200000,75.9800,76.0500,75.8200,76.0100,359607.18
1787014800000,76.0100,76.0200,75.5300,75.5800,487789.14
1787018400000,75.5700,75.6200,75.1600,75.2400,821621.26
1787022000000,75.2400,75.5000,75.2100,75.4500,412666.03
1787025600000,75.4600,75.8000,75.3600,75.8000,358112.10
1787029200000,75.8000,75.9300,75.5300,75.6900,495896.95
1787032800000,75.6900,76.0100,75.6000,75.9800,518327.36
1787036400000,75.9800,76.2400,75.9000,76.0600,680030.28
1787040000000,76.0600,76.1500,75.8000,76.1300,551137.15
1787043600000,76.1200,76.1200,75.8400,75.9000,260846.49
1787047200000,75.9000,75.9500,75.7700,75.8000,212273.57
1787050800000,75.8100,76.4300,75.7800,76.2800,801335.59
1787054400000,76.2900,76.4900,76.2000,76.2100,523301.34
1787058000000,76.2200,76.2600,76.0100,76.1800,567166.92
1787061600000,76.1800,77.3200,76.0900,76.7600,1955631.56
1787065200000,76.7700,77.2300,76.7600,77.1700,759436.10
1787068800000,77.1700,77.3000,76.8200,77.0500,668024.19
1787072400000,77.0500,77.0600,76.8500,76.8600,332211.56
1787076000000,76.8700,77.2800,76.8400,77.2400,406050.90
1787079600000,77.2400,77.3900,77.0400,77.1400,444903.53
1787083200000,77.1500,77.2000,76.6900,76.8400,627842.22
1787086800000,76.8500,77.0900,76.8400,76.9700,286034.73
1787090400000,76.9700,77.1900,76.8500,76.9200,426367.38
1787094000000,76.9300,77.2100,76.9100,77.0300,324495.78
1787097600000,77.0300,77.0700,76.7800,76.8800,409958.08
1787101200000,76.8700,77.0400,76.6700,76.7700,719597.81
1787104800000,76.7700,76.8900,76.6600,76.7800,302073.67
1787108400000,76.7800,77.0800,76.6700,76.9600,325705.25
1787112000000,76.9600,77.1100,76.7600,76.8300,313422.09
1787115600000,76.8300,77.0400,76.7300,76.7700,342276.70
1787119200000,76.7700,77.1500,76.5900,77.0500,675235.78
1787122800000,77.0500,77.0700,76.9100,76.9200,275763.29
1787126400000,76.9200,77.6500,76.8700,77.3500,1295031.13
1787130000000,77.3500,77.4600,77.1800,77.2700,378554.66
1787133600000,77.2700,77.3500,77.1800,77.3400,201261.96
1787137200000,77.3500,77.5900,77.3300,77.5000,581904.57
1787140800000,77.5100,78.7600,77.3900,78.3700,1890206.37
1787144400000,78.3700,78.6600,78.1300,78.3600,1467410.07
1787148000000,78.3700,80.9700,78.3100,80.8400,3401155.25
1787151600000,80.8400,83.0400,80.6300,81.8000,6572573.94
1787155200000,81.8000,82.3800,81.5200,81.5600,1622433.14
1787158800000,81.5500,81.7300,80.9600,81.6300,1104243.04
1787162400000,81.6300,82.2800,81.2200,82.2500,922994.64
1787166000000,82.2600,82.5000,81.9800,82.3400,910792.48
1787169600000,82.3400,84.4000,82.2500,83.7100,2580376.35
1787173200000,83.7100,87.3000,83.7000,86.6300,4375087.86
1787176800000,86.6300,86.8400,84.9000,85.4800,2370749.03
1787180400000,85.4800,85.7600,85.0200,85.3700,950087.27
1787184000000,85.3700,85.7800,84.8900,84.9900,1104654.30
1787187600000,85.0000,85.4000,84.6300,85.3600,864971.93
1787191200000,85.3600,85.4400,84.6800,84.7600,469023.33
1787194800000,84.7600,84.7800,83.9700,84.4800,929464.04
1787198400000,84.4800,84.9600,84.4100,84.8200,529880.37
1787202000000,84.8300,85.0700,84.7900,84.9400,402420.85
1787205600000,84.9400,85.9200,84.6900,85.9100,1426118.38
1787209200000,85.9000,86.1900,85.7700,86.1600,791603.41
1787212800000,86.1600,87.9900,86.0300,87.5100,2861601.33
1787216400000,87.5200,87.8200,87.0800,87.3300,1447808.04
1787220000000,87.3300,87.8100,86.9800,87.4500,867212.04
1787223600000,87.4500,88.1200,87.0700,87.1800,1236026.47
1787227200000,87.1800,87.4000,86.5100,87.0500,1322332.76
1787230800000,87.0600,87.4800,86.1600,86.5400,1643386.57
1787234400000,86.5500,86.8600,86.1300,86.6000,970418.96
1787238000000,86.5900,87.4700,86.5400,87.3500,1454871.22
1787241600000,87.3500,87.8500,86.8400,87.7400,1176347.35
1787245200000,87.7300,87.9200,87.2600,87.4700,764433.07
1787248800000,87.4800,87.6400,86.6300,86.8200,1251927.45
1787252400000,86.8300,87.5000,86.8100,87.3000,805541.11
1787256000000,87.3000,87.6800,87.2200,87.5800,693871.99
1787259600000,87.5700,87.8700,87.4000,87.4900,458287.11
1787263200000,87.4900,87.5900,87.1800,87.2200,540213.29
1787266800000,87.2200,87.9900,87.1900,87.6300,609894.64
1787270400000,87.6400,88.7900,87.5500,88.2100,1634729.44
1787274000000,88.2100,89.4900,88.1000,88.9900,1889404.06
1787277600000,89.0000,90.2000,88.4800,89.2500,2403946.84
1787281200000,89.2500,89.5500,88.7300,89.1000,831963.71
1787284800000,89.1000,89.4900,88.8600,89.4600,734313.98
1787288400000,89.4700,90.7300,89.1700,90.4100,1367232.70
1787292000000,90.4200,91.3300,89.7200,90.2100,1730946.06
1787295600000,90.2200,91.1900,89.9200,90.4100,1523905.14
1787299200000,90.4100,93.4200,90.3500,93.2900,2867920.73
1787302800000,93.2800,93.3400,90.2900,91.6600,3760557.53
1787306400000,91.6700,91.7500,90.8400,91.4800,1010323.31
1787310000000,91.4700,91.6200,89.8000,90.3100,2136275.80
1787313600000,90.3100,91.1600,90.0200,90.8700,1173026.43
1787317200000,90.8800,91.3800,89.7400,91.0400,1417414.90
1787320800000,91.0500,91.9700,90.5500,91.8600,1294340.33
1787324400000,91.8700,92.1700,91.2200,91.3600,1032638.58
1787328000000,91.3600,91.9300,90.7500,91.6000,884244.55
1787331600000,91.6100,92.0000,91.1700,91.8000,1075431.25
1787335200000,91.8000,92.0800,91.0700,91.5600,1102197.26
1787338800000,91.5700,91.6300,90.7600,90.9600,800269.44
1787342400000,90.9700,91.9800,90.4300,91.8600,966424.51
1787346000000,91.8700,93.8800,91.6600,93.7500,1719546.88
1787349600000,93.7500,94.6500,93.3100,94.3000,2451445.80
1787353200000,94.2900,95.0400,93.3700,93.7200,1518652.31
1787356800000,93.7300,94.4400,92.8400,93.8800,1434707.96
1787360400000,93.8900,94.4500,93.4600,93.6700,875660.46
1787364000000,93.6800,95.8600,93.6700,95.6500,1721812.99
1787367600000,95.6600,97.6300,95.5000,96.8100,2366677.61
1787371200000,96.8200,102.8400,96.2000,99.1400,7159943.38
1787374800000,99.1400,100.0200,87.0000,94.2100,7818225.46
1787378400000,94.2100,95.1600,93.0600,94.3200,2005116.88
1787382000000,94.3200,95.5500,94.0500,94.4600,1325251.76
1787385600000,94.4600,95.0200,93.0100,94.1000,1690318.82
1787389200000,94.1000,94.5800,92.9600,93.9100,1074480.02
1787392800000,93.9200,94.0000,91.3100,92.8900,2585071.77
1787396400000,92.9000,93.5600,92.6000,93.3400,747765.28
1787400000000,93.3400,94.3800,93.1700,93.8400,859851.85
1787403600000,93.8400,94.2600,93.5600,94.1500,547270.39
1787407200000,94.1500,94.3200,92.8900,93.2600,884389.61
1787410800000,93.2700,93.6100,92.8100,93.0900,593443.27
1787414400000,93.0900,94.6900,93.0900,94.3300,767579.37
1787418000000,94.3300,94.5900,93.7700,94.2800,614706.16
1787421600000,94.2900,94.5600,94.0400,94.4700,349082.30
1787425200000,94.4800,94.8300,94.2700,94.4900,411895.01
1787428800000,94.5000,94.7900,94.3100,94.3900,266789.98
1787432400000,94.4000,94.4000,92.7200,92.8300,861133.99
1787436000000,92.8300,94.0300,92.5800,93.6200,863254.36
1787439600000,93.6200,94.0200,93.3600,93.8300,298663.81
1787443200000,93.8400,100.5400,93.5800,96.3800,2986025.35
1787446800000,96.3900,96.6200,95.6600,96.0200,1159709.50
1787450400000,96.0300,98.3100,93.7400,94.9200,3034318.12
1787454000000,94.9200,95.0700,93.4300,93.7400,1247805.85
1787457600000,93.7400,94.1400,92.2300,92.5600,1522030.51
1787461200000,92.5700,93.3300,91.5700,92.3100,1590939.01
1787464800000,92.3100,92.8000,91.7900,92.2600,997534.75
1787468400000,92.2600,92.9900,92.1300,92.4900,520121.51
1787472000000,92.4900,93.5600,92.3200,93.2000,774221.60
1787475600000,93.2100,93.5600,92.9000,93.3300,450455.84
1787479200000,93.3300,94.1300,93.2900,93.6300,747091.61
1787482800000,93.6300,94.8500,93.5400,94.6200,876163.11
1787486400000,94.6200,94.8100,94.0900,94.5800,675860.96
1787490000000,94.5800,95.8400,94.5700,95.3800,1098444.92
1787493600000,95.3900,95.7000,93.0000,95.0600,1876190.44
1787497200000,95.0500,95.9000,94.6500,95.3500,1085605.72
1787500800000,95.3600,95.7100,95.1600,95.4100,486349.31
1787504400000,95.4100,95.5200,94.8100,95.1100,592700.48
1787508000000,95.1000,95.4700,94.9400,95.3000,413432.84
1787511600000,95.3000,95.4800,94.8100,95.0600,449781.95
1787515200000,95.0700,95.4000,94.7200,95.0700,362506.43
1787518800000,95.0700,96.2700,95.0700,95.3400,1066203.18
1787522400000,95.3500,95.7700,94.7600,95.5900,844876.32
1787526000000,95.6000,95.8900,95.0100,95.4400,614790.95
1787529600000,95.4500,95.5600,93.5100,95.5400,1619371.44
1787533200000,95.5400,95.5600,93.7000,93.8500,1009064.72
1787536800000,93.8600,95.0500,93.6500,94.5700,873773.50
1787540400000,94.5800,94.6500,93.4200,93.6600,647228.73
1787544000000,93.6600,94.3400,93.6300,94.2000,562473.52
1787547600000,94.2000,94.6600,93.4400,94.2600,1007178.50
1787551200000,94.2500,94.6300,93.7600,94.5400,741475.58
1787554800000,94.5400,95.4600,93.9600,94.1000,1237508.22
1787558400000,94.1100,94.3700,93.2200,93.9200,852472.88
1787562000000,93.9100,94.9000,93.8600,94.6700,630612.94
1787565600000,94.6600,95.1400,94.5600,94.7100,739681.89
1787569200000,94.7000,96.3200,94.2300,95.8400,1434796.69
1787572800000,95.8300,96.6700,93.6000,96.2600,2349757.24
1787576400000,96.2700,96.5100,94.2400,94.9900,2040546.54
1787580000000,94.9900,96.7200,94.8000,96.0700,1913361.18
1787583600000,96.0800,97.5700,95.9700,96.4300,2058301.40
1787587200000,96.4300,97.5600,95.7000,96.0300,1466080.32
1787590800000,96.0400,96.1800,94.7600,95.3600,1894902.27
1787594400000,95.3500,96.4000,95.3500,95.8800,951127.47
1787598000000,95.8800,96.6200,95.3700,96.5000,1180195.16
1787601600000,96.5100,96.7400,95.6900,96.5200,698591.58
1787605200000,96.5200,97.5500,96.5100,97.4500,615818.97
1787608800000,97.4400,98.7200,97.1000,97.4200,1730157.03
1787612400000,97.4200,98.9900,97.2400,98.9600,1199311.70
1787616000000,98.9500,102.8400,98.5300,101.7600,6417108.89
1787619600000,101.7600,102.5900,100.0700,100.4700,1770279.45
1787623200000,100.4800,102.3300,100.2100,100.9000,2769025.61
1787626800000,100.9000,102.0800,100.8400,101.6000,1186148.14
1787630400000,101.6100,102.0000,100.8100,101.3200,1353345.11
1787634000000,101.3200,103.2600,101.2300,101.8800,1551972.07
1787637600000,101.8900,102.0700,100.4100,100.7500,1044843.67
1787641200000,100.7500,101.9500,100.5800,101.3700,621332.03
