openTime,open,high,low,close,volume
1779718500000,86.0800,86.3400,86.0500,86.3400,160205.84
1779719400000,86.3300,86.3400,86.1100,86.1800,78547.83
1779720300000,86.1900,86.4100,86.1800,86.2900,121614.86
1779721200000,86.2900,86.4900,86.2000,86.2100,161687.74
1779722100000,86.2100,86.2800,86.0100,86.0600,218670.19
1779723000000,86.0600,86.2700,86.0100,86.2700,60581.51
1779723900000,86.2700,86.2700,86.0700,86.2100,88117.73
1779724800000,86.2100,86.2400,86.0100,86.0200,82866.84
1779725700000,86.0100,86.0900,85.9400,85.9600,151578.84
1779726600000,85.9600,86.1200,85.9200,86.0900,60786.27
1779727500000,86.1000,86.4100,86.0500,86.2100,218013.01
1779728400000,86.2100,86.3500,86.2100,86.2300,103618.87
1779729300000,86.2200,86.2800,86.0300,86.2600,81333.56
1779730200000,86.2600,86.2900,86.0700,86.0700,169523.33
1779731100000,86.0700,86.1400,86.0200,86.0900,192635.04
1779732000000,86.1000,86.2800,86.0400,86.2000,60065.83
1779732900000,86.1900,86.2400,86.1100,86.1700,23920.43
1779733800000,86.1800,86.1800,85.9500,86.0000,68941.56
1779734700000,86.0000,86.0500,85.8300,85.8700,81938.77
1779735600000,85.8600,85.8700,85.6700,85.8200,141594.76
1779736500000,85.8100,85.9000,85.7500,85.8800,41280.95
1779737400000,85.8800,85.9100,85.4600,85.6100,157077.16
1779738300000,85.6100,85.6500,85.5600,85.6000,50225.43
1779739200000,85.5900,85.7800,85.5600,85.7500,51278.87
1779740100000,85.7500,85.8500,85.5700,85.6200,52074.79
1779741000000,85.6200,85.6900,85.2500,85.3600,207568.60
1779741900000,85.3600,85.5200,85.3000,85.3700,89653.49
1779742800000,85.3600,85.5300,85.3200,85.4000,70012.83
1779743700000,85.3900,85.4600,85.2900,85.4200,57352.05
1779744600000,85.4200,85.4400,85.2800,85.3000,67659.58
1779745500000,85.3000,85.4200,85.2200,85.3400,42680.57
1779746400000,85.3400,85.5100,85.1300,85.4400,130393.90
1779747300000,85.4500,85.5000,85.1800,85.2500,64602.55
1779748200000,85.2500,85.2500,84.6400,84.7900,525712.85
1779749100000,84.7900,84.9300,84.7500,84.7600,135100.80
1779750000000,84.7500,85.0400,84.6800,85.0200,159307.13
1779750900000,85.0200,85.1100,84.9500,85.0500,192792.31
1779751800000,85.0600,85.1700,85.0100,85.0100,81779.56
1779752700000,85.0100,85.0700,84.8900,85.0100,85806.09
1779753600000,85.0100,85.0400,84.7800,84.8200,134827.43
1779754500000,84.8200,84.8500,84.6100,84.6500,139553.34
1779755400000,84.6500,84.7700,84.0900,84.3100,343750.77
1779756300000,84.3200,84.4000,83.8400,84.3400,661121.17
1779757200000,84.3300,84.4600,84.0700,84.4400,207866.66
1779758100000,84.4500,84.5000,84.1300,84.2400,125552.14
1779759000000,84.2400,84.2500,83.7900,83.9400,338333.00
1779759900000,83.9300,84.2000,83.8900,84.0500,297447.37
1779760800000,84.0500,84.1700,83.9600,84.1000,115003.45
1779761700000,84.1100,84.1700,83.9200,83.9500,92897.20
1779762600000,83.9600,84.0900,83.8800,83.9500,83292.92
1779763500000,83.9500,84.0500,83.8400,83.9600,103925.61
1779764400000,83.9700,83.9700,83.7800,83.8100,99892.55
1779765300000,83.8200,83.9600,83.7800,83.9500,77665.92
1779766200000,83.9600,84.1600,83.9000,84.0800,115644.68
1779767100000,84.0800,84.2200,84.0600,84.1600,110889.89
1779768000000,84.1600,84.2500,84.0200,84.0400,73914.48
1779768900000,84.0400,84.4700,83.9500,84.4000,175398.11
1779769800000,84.3900,84.4700,84.3000,84.3100,103870.28
1779770700000,84.3100,84.4200,84.2800,84.3100,64098.69
1779771600000,84.3100,84.4600,84.2200,84.4200,76248.53
1779772500000,84.4200,84.6300,84.4200,84.5900,187477.08
1779773400000,84.5900,84.9300,84.5700,84.7200,194095.56
1779774300000,84.7300,84.7300,84.4700,84.6000,116023.33
1779775200000,84.6000,84.6000,84.4200,84.4900,88069.92
1779776100000,84.5000,84.5800,84.3500,84.4600,79258.70
1779777000000,84.4600,84.7900,84.4500,84.7000,93156.63
1779777900000,84.7100,84.7100,84.5100,84.5600,66899.47
1779778800000,84.5500,84.5900,84.1400,84.2100,131790.73
1779779700000,84.2100,84.3000,84.0600,84.2400,130727.20
1779780600000,84.2300,84.2700,84.0400,84.2300,141530.56
1779781500000,84.2300,84.4600,84.2200,84.3000,107614.51
1779782400000,84.3100,84.4900,84.2900,84.4400,104712.27
1779783300000,84.4500,84.4900,84.3100,84.4300,79048.40
1779784200000,84.4300,84.5400,84.3000,84.4900,73189.02
1779785100000,84.5000,84.5000,84.3000,84.4000,44757.31
1779786000000,84.3900,84.4600,84.3100,84.3700,76922.91
1779786900000,84.3700,84.6100,84.3300,84.5400,102471.32
1779787800000,84.5400,84.6700,84.3700,84.4400,129024.54
1779788700000,84.4500,84.5000,84.2500,84.4300,85838.55
1779789600000,84.4400,84.6500,84.3100,84.6100,71938.79
1779790500000,84.6200,85.5400,84.6200,85.5000,582125.78
1779791400000,85.5000,85.7800,85.4300,85.6200,472176.72
1779792300000,85.6200,85.7300,85.4900,85.5100,191420.51
1779793200000,85.5200,85.6200,85.3800,85.4000,170925.20
1779794100000,85.4100,85.5400,85.2700,85.3200,176926.64
1779795000000,85.3200,85.4800,85.1600,85.2900,188795.50
1779795900000,85.3000,85.3800,85.1600,85.1900,74545.24
1779796800000,85.1800,85.3100,84.7600,85.0600,400008.83
1779797700000,85.0600,85.1500,84.9000,85.0400,137054.02
1779798600000,85.0500,85.1600,84.9400,85.0900,129779.76
1779799500000,85.1000,85.3800,85.1000,85.2800,284878.24
1779800400000,85.2900,85.3300,85.2000,85.2600,118575.05
1779801300000,85.2600,85.2600,84.8900,84.9000,204091.97
1779802200000,84.9100,85.2200,84.6400,85.0500,403566.83
1779803100000,85.0600,85.7300,85.0600,85.4800,443129.57
1779804000000,85.4800,85.6800,85.3400,85.6600,262601.56
1779804900000,85.6600,86.1000,85.5700,85.9700,510243.17
1779805800000,85.9700,86.0400,84.7000,84.9200,809496.95
1779806700000,84.9200,85.5000,84.8100,85.1900,504711.96
1779807600000,85.1800,85.3100,84.8300,85.2500,293960.36
1779808500000,85.2600,85.3000,84.6100,84.8200,354939.62
1779809400000,84.8300,84.8800,84.3500,84.6200,448574.59
1779810300000,84.6200,84.6200,83.9600,84.4400,506107.70
1779811200000,84.4400,84.5200,83.8600,84.1000,487650.66
1779812100000,84.1000,84.3800,84.0700,84.2600,185171.95
1779813000000,84.2700,84.4800,84.1600,84.3300,169089.66
1779813900000,84.3200,84.4400,83.9300,84.1700,270352.93
1779814800000,84.1700,84.3500,84.0300,84.1000,114393.21
1779815700000,84.1000,84.1100,83.3600,83.4100,608570.08
1779816600000,83.4100,83.6000,83.0800,83.5700,696083.62
1779817500000,83.5600,83.7900,83.4700,83.5300,275070.53
1779818400000,83.5200,83.7700,83.4300,83.7000,188706.70
1779819300000,83.6900,84.0500,83.6700,83.8600,330203.03
1779820200000,83.8600,83.9000,83.4200,83.4700,161679.76
1779821100000,83.4700,83.7600,83.4500,83.5600,135801.24
1779822000000,83.5500,83.6300,83.3800,83.4200,88751.62
1779822900000,83.4200,83.5600,83.2900,83.5300,123148.16
1779823800000,83.5400,83.9400,83.5200,83.8300,132531.39
1779824700000,83.8300,83.9700,83.6500,83.7300,148150.58
1779825600000,83.7400,83.8900,83.6700,83.8800,94339.73
1779826500000,83.8800,83.9100,83.7000,83.8300,129830.90
1779827400000,83.8400,83.8700,83.6800,83.8100,70265.14
1779828300000,83.8000,83.9000,83.7700,83.8700,68039.44
1779829200000,83.8700,83.9000,83.5100,83.6000,130268.59
1779830100000,83.6100,83.8800,83.5600,83.8200,54195.20
1779831000000,83.8100,83.9200,83.7900,83.8700,47191.37
1779831900000,83.8600,83.8900,83.5400,83.6300,53774.08
1779832800000,83.6400,83.8300,83.4800,83.5900,112891.37
1779833700000,83.6000,83.7200,83.5600,83.7100,38378.54
1779834600000,83.7100,83.7300,83.5500,83.5900,54470.14
1779835500000,83.5800,83.6300,83.4700,83.6100,59361.31
1779836400000,83.6000,83.8000,83.6000,83.7500,67164.48
1779837300000,83.7500,83.7800,83.5600,83.6500,45253.08
1779838200000,83.6400,83.7600,83.6100,83.7300,46125.74
1779839100000,83.7300,83.7600,83.6100,83.6600,77093.76
1779840000000,83.6700,83.8900,83.6600,83.8400,122246.28
1779840900000,83.8400,83.9400,83.6800,83.9000,72083.64
1779841800000,83.9000,84.1500,83.8200,83.9000,130793.14
1779842700000,83.9100,84.1200,83.9000,84.0900,101159.06
1779843600000,84.0800,84.1500,83.9800,84.0700,59790.65
1779844500000,84.0700,84.0800,83.7500,83.8500,80883.04
1779845400000,83.8500,84.0000,83.7500,83.8700,58991.79
1779846300000,83.8700,84.0100,83.7600,83.8100,72873.71
1779847200000,83.8200,83.8600,83.6300,83.7500,74238.19
1779848100000,83.7500,83.7900,83.5000,83.7000,105082.19
1779849000000,83.7000,83.8000,83.5700,83.6600,62057.53
1779849900000,83.6500,83.9200,83.6400,83.9000,50013.24
1779850800000,83.9000,84.0300,83.8200,83.8400,86631.86
1779851700000,83.8500,83.8900,83.7300,83.8400,73779.68
1779852600000,83.8400,83.9000,83.6400,83.6600,57822.07
1779853500000,83.6700,83.6800,83.4200,83.5700,123459.07
1779854400000,83.5700,83.6300,83.5100,83.5200,56861.33
1779855300000,83.5100,83.5400,83.2600,83.3700,184145.52
1779856200000,83.3700,83.4000,82.6800,83.1600,724178.12
1779857100000,83.1600,83.6300,83.1500,83.5900,209300.16
1779858000000,83.6000,83.6800,83.5800,83.6300,114218.50
1779858900000,83.6400,83.8000,83.5100,83.7200,84801.86
1779859800000,83.7100,83.8100,83.6000,83.6500,65213.09
1779860700000,83.6600,83.8900,83.6100,83.8300,81146.87
1779861600000,83.8300,83.9200,83.7300,83.7900,77258.10
1779862500000,83.7900,83.8500,83.6900,83.8200,43377.87
1779863400000,83.8200,83.9900,83.7800,83.9700,81082.55
1779864300000,83.9700,84.0100,83.8900,84.0000,73541.95
1779865200000,84.0000,84.0600,83.8200,83.8900,122094.95
1779866100000,83.9000,84.0300,83.8500,84.0100,82972.52
1779867000000,84.0200,84.1100,83.9300,83.9600,113819.77
1779867900000,83.9500,84.1700,83.9500,84.1700,127116.52
1779868800000,84.1600,84.2800,84.0300,84.0800,213238.46
1779869700000,84.0800,84.3800,84.0100,84.2700,128917.16
1779870600000,84.2700,84.3100,84.0900,84.1400,150176.94
1779871500000,84.1400,84.1700,83.8400,83.8900,167836.32
1779872400000,83.8800,83.9200,83.6300,83.7600,162512.16
1779873300000,83.7600,83.7600,83.5600,83.6300,114733.61
1779874200000,83.6300,83.9000,83.5900,83.7600,123617.87
1779875100000,83.7700,83.8100,83.6300,83.7300,61224.78
1779876000000,83.7400,83.8800,83.6100,83.8600,93743.11
1779876900000,83.8600,84.0600,83.8200,83.9800,153896.76
1779877800000,83.9800,84.0200,83.7300,83.8200,72941.78
1779878700000,83.8300,83.9500,83.8000,83.9000,48130.93
1779879600000,83.9100,84.1200,83.8600,84.0400,109415.22
1779880500000,84.0500,84.1900,84.0200,84.0300,118172.52
1779881400000,84.0400,84.1500,83.8300,84.0100,123970.13
1779882300000,84.0100,84.0400,83.8400,83.8900,127217.13
1779883200000,83.8800,83.9000,83.4900,83.6500,243042.92
1779884100000,83.6500,84.6700,83.4900,84.2800,669138.27
1779885000000,84.2900,84.4300,84.0200,84.2900,286354.75
1779885900000,84.2900,84.3000,83.8600,83.8900,196999.59
1779886800000,83.8800,84.0100,83.5600,83.6700,253717.06
1779887700000,83.6700,83.8000,83.4600,83.5500,250122.18
1779888600000,83.5400,83.6500,82.9300,83.0300,561924.44
1779889500000,83.0300,83.6100,82.9100,83.5900,643376.29
1779890400000,83.5900,84.0900,83.5900,83.7400,744031.97
1779891300000,83.7300,83.9100,83.1800,83.3600,457908.49
1779892200000,83.3600,83.7000,83.3200,83.5200,271999.07
1779893100000,83.5100,83.9300,83.5100,83.8700,187160.46
1779894000000,83.8600,84.3000,83.8400,84.2500,381102.14
1779894900000,84.2600,84.6200,84.2200,84.4500,418046.61
1779895800000,84.4500,84.8200,84.3100,84.3700,415313.21
1779896700000,84.3700,84.4800,84.1500,84.3900,206589.35
1779897600000,84.3900,84.7200,84.3400,84.4300,227024.22
1779898500000,84.4300,84.4300,84.0000,84.1100,188914.08
1779899400000,84.1100,84.2200,83.8100,84.0700,164767.27
1779900300000,84.0600,84.2600,84.0000,84.1400,213834.51
1779901200000,84.1400,84.1700,83.2700,83.3200,543235.44
1779902100000,83.3200,83.7600,83.1100,83.6900,399833.62
1779903000000,83.6800,83.7100,83.3000,83.4000,134192.19
1779903900000,83.4100,83.5400,83.1300,83.3700,174516.25
1779904800000,83.3700,83.4800,83.1400,83.3100,205707.43
1779905700000,83.3200,83.5400,83.2400,83.5000,113279.52
1779906600000,83.5000,83.7400,83.3900,83.6600,66185.51
1779907500000,83.6600,83.9700,83.6100,83.9000,159336.53
1779908400000,83.9100,84.1100,83.8600,84.1000,133616.28
1779909300000,84.1000,84.1000,83.8900,83.9300,157852.73
1779910200000,83.9300,84.0900,83.8500,83.9200,138411.69
1779911100000,83.9200,84.0100,83.8300,83.8900,96597.68
1779912000000,83.8900,84.0100,83.8100,83.9500,166998.75
1779912900000,83.9600,84.1000,83.8000,83.8400,103736.60
1779913800000,83.8300,83.8900,83.7100,83.7800,77344.10
1779914700000,83.7700,83.8400,83.7500,83.7800,60296.58
1779915600000,83.7700,83.7700,83.5500,83.6200,130697.09
1779916500000,83.6100,83.6300,83.3900,83.4000,64423.99
1779917400000,83.3900,83.4000,82.3400,82.7000,602127.85
1779918300000,82.6900,82.7100,82.0500,82.4300,548791.24
1779919200000,82.4300,82.9700,82.1800,82.5500,536840.29
1779920100000,82.5500,82.6900,82.1600,82.6200,325589.80
1779921000000,82.6300,82.7600,82.4600,82.6200,110258.25
1779921900000,82.6200,82.6700,82.3600,82.4000,84668.34
1779922800000,82.4000,82.5500,82.2900,82.5300,110679.20
1779923700000,82.5200,82.6400,82.1400,82.2500,176260.91
1779924600000,82.2400,82.4300,82.1300,82.2900,133850.71
1779925500000,82.3000,82.4900,82.2400,82.3800,134001.51
1779926400000,82.3700,82.5600,82.3100,82.3500,179891.95
1779927300000,82.3500,82.6100,82.3300,82.5000,101583.49
1779928200000,82.5100,82.6300,82.5000,82.6100,62389.70
1779929100000,82.6200,82.6900,82.4800,82.6600,72698.41
1779930000000,82.6600,82.7100,82.4300,82.5600,115398.74
1779930900000,82.5700,82.5900,81.8400,82.1000,398013.15
1779931800000,82.1000,82.3800,82.0500,82.2700,203891.60
1779932700000,82.2600,82.4400,82.0700,82.2400,165583.48
1779933600000,82.2400,82.4100,82.0700,82.3200,163620.67
1779934500000,82.3200,82.3900,81.9800,82.1400,128207.25
1779935400000,82.1400,82.2200,81.9600,82.0700,111006.62
1779936300000,82.0700,82.2100,82.0000,82.0600,94220.26
1779937200000,82.0700,82.2100,81.7300,81.9000,274494.47
1779938100000,81.9000,81.9600,80.6000,81.3400,1677068.04
1779939000000,81.3300,81.3800,80.9400,80.9700,469644.56
1779939900000,80.9600,81.1800,80.4500,80.6600,632542.83
1779940800000,80.6600,80.8600,79.9100,80.5100,1016248.17
1779941700000,80.5000,80.6100,79.9400,80.2800,535571.44
1779942600000,80.2800,80.8500,80.2100,80.8000,310658.06
1779943500000,80.8100,80.8900,80.6900,80.8300,156289.21
1779944400000,80.8300,80.9300,80.6500,80.6900,160180.49
1779945300000,80.6900,80.7100,80.3500,80.4700,301036.98
1779946200000,80.4700,80.8700,80.4500,80.7900,143238.63
1779947100000,80.8000,80.8500,80.5700,80.6400,95374.55
1779948000000,80.6500,80.8400,80.6200,80.7900,92245.57
1779948900000,80.7900,80.8500,80.5800,80.7100,91973.92
1779949800000,80.7200,80.7300,80.4600,80.6400,115113.20
1779950700000,80.6500,81.0700,80.6400,80.9000,303827.28
1779951600000,80.9000,80.9700,80.7800,80.9200,154433.44
1779952500000,80.9300,81.1300,80.9200,80.9900,186806.37
1779953400000,80.9900,81.2400,80.9900,81.2000,191309.14
1779954300000,81.1900,81.2200,81.0200,81.1900,93270.29
1779955200000,81.2000,81.2300,80.9800,81.1500,123306.94
1779956100000,81.1500,81.1600,80.8000,80.8600,104411.02
1779957000000,80.8700,81.0400,80.7600,80.9400,90127.03
1779957900000,80.9400,81.0500,80.9100,80.9200,55274.38
1779958800000,80.9300,81.0500,80.7700,80.9500,96362.54
1779959700000,80.9400,81.1500,80.8900,81.1100,72269.95
1779960600000,81.1100,81.2000,81.0100,81.1400,80006.31
1779961500000,81.1500,81.2600,81.1300,81.1700,116811.46
1779962400000,81.1600,81.2800,81.1100,81.1700,115805.70
1779963300000,81.1800,81.2200,80.8500,80.9900,111803.65
1779964200000,80.9800,81.0600,80.8900,80.9700,60416.96
1779965100000,80.9700,81.0400,80.6700,80.7000,176267.02
1779966000000,80.6900,80.8300,80.5400,80.7800,164730.22
1779966900000,80.7800,80.8300,80.6200,80.7000,98674.15
1779967800000,80.7100,80.7900,80.6000,80.7800,83364.37
1779968700000,80.7900,80.9000,80.6900,80.8300,113118.64
1779969600000,80.8200,80.9400,80.7500,80.7800,86620.77
1779970500000,80.7900,80.8300,80.5300,80.7000,162070.11
1779971400000,80.7000,81.1400,80.6800,81.0400,224455.12
1779972300000,81.0500,81.2100,81.0400,81.1000,146914.44
1779973200000,81.1000,81.3300,80.8200,80.8900,284946.49
1779974100000,80.8900,81.0100,80.6700,81.0000,190149.75
1779975000000,81.0000,81.0200,80.4900,80.5300,395901.59
1779975900000,80.5400,80.9000,80.4900,80.7500,271249.33
1779976800000,80.7400,81.1600,79.9200,81.0800,1159656.90
1779977700000,81.0700,81.6400,80.8500,81.0600,911062.46
1779978600000,81.0600,81.2200,80.7000,80.8200,311944.86
1779979500000,80.8200,81.2100,80.6300,81.1400,262710.12
1779980400000,81.1500,81.2600,80.7200,80.7400,274546.85
1779981300000,80.7400,80.9900,80.5100,80.9700,190127.84
1779982200000,80.9600,81.2100,80.7600,81.2100,186140.83
1779983100000,81.2100,81.3500,80.9700,81.1000,159043.54
1779984000000,81.1000,81.4300,80.8800,81.4000,239085.32
1779984900000,81.3900,81.7400,81.2700,81.4900,322183.92
1779985800000,81.4800,81.8800,81.4400,81.8600,227594.20
1779986700000,81.8500,82.1500,81.8000,82.0300,318229.22
1779987600000,82.0300,82.1400,81.7800,82.0700,238489.17
1779988500000,82.0700,82.2800,81.9700,82.1400,251891.64
1779989400000,82.1400,82.4800,82.1000,82.2600,212413.38
1779990300000,82.2600,82.6100,82.1500,82.2700,212108.10
1779991200000,82.2600,82.8400,82.2100,82.7100,269463.79
1779992100000,82.7000,82.9600,82.5200,82.5800,283692.41
1779993000000,82.5800,82.8000,82.5400,82.7500,202556.44
1779993900000,82.7400,82.9800,82.7200,82.8800,268071.68
1779994800000,82.8800,82.8800,82.4000,82.4800,212376.41
1779995700000,82.4900,82.6800,82.3700,82.6800,80370.51
1779996600000,82.6700,82.7300,82.2900,82.3100,113494.96
1779997500000,82.3000,82.4400,82.1100,82.1400,214918.65
1779998400000,82.1400,82.2100,81.7200,82.0700,375316.85
1779999300000,82.0600,82.4300,82.0100,82.3700,180358.97
1780000200000,82.3700,82.5800,82.2900,82.5200,109851.34
1780001100000,82.5200,82.5200,82.2400,82.2600,95944.91
1780002000000,82.2600,82.6400,82.1700,82.5500,146351.91
1780002900000,82.5500,82.6600,82.4800,82.4900,94700.27
1780003800000,82.4900,82.6300,82.4300,82.5700,80803.67
1780004700000,82.5700,82.5900,82.3800,82.3900,37760.84
1780005600000,82.3900,82.5900,82.2500,82.3200,115939.09
1780006500000,82.3100,82.3600,82.0100,82.0400,284889.02
1780007400000,82.0300,82.0800,81.8700,81.9000,127915.76
1780008300000,81.9000,82.1100,81.9000,82.0000,86494.34
1780009200000,82.0000,82.1500,81.9700,82.1400,74549.02
1780010100000,82.1500,82.2400,82.0200,82.2100,63734.89
1780011000000,82.2100,82.2100,81.9600,82.1300,64415.31
1780011900000,82.1300,82.1300,81.9400,82.0700,41565.67
1780012800000,82.0700,82.3700,82.0700,82.2300,108813.69
1780013700000,82.2300,82.4100,82.1400,82.3100,68615.96
1780014600000,82.3200,82.4400,82.2400,82.3900,60637.05
1780015500000,82.3900,82.4100,82.1900,82.2900,87782.55
1780016400000,82.2800,82.4400,82.2600,82.3000,72418.44
1780017300000,82.3000,82.3700,82.0400,82.0900,116596.12
1780018200000,82.0800,82.2400,82.0300,82.2300,53778.38
1780019100000,82.2300,82.2900,82.0500,82.1700,44686.34
1780020000000,82.1700,82.2900,82.0900,82.1400,43565.85
1780020900000,82.1400,82.1800,81.7700,81.8000,135620.41
1780021800000,81.8000,81.9000,81.6100,81.6700,184297.47
1780022700000,81.6600,81.7200,81.4300,81.5400,141146.26
1780023600000,81.5400,81.9200,81.5300,81.8400,219751.61
1780024500000,81.8500,81.8600,81.6300,81.6700,81661.12
1780025400000,81.6700,81.7700,81.5200,81.6200,74115.74
1780026300000,81.6100,81.6700,81.4700,81.5900,53620.11
1780027200000,81.5900,81.6600,81.3300,81.4300,132735.85
1780028100000,81.4400,81.6900,81.4300,81.6800,53900.82
1780029000000,81.6700,81.7700,81.6300,81.7500,88328.78
1780029900000,81.7500,81.9000,81.7000,81.8800,81238.22
1780030800000,81.8800,82.1500,81.8600,82.0600,164063.16
1780031700000,82.0600,82.1100,81.8600,81.9400,79703.24
1780032600000,81.9400,81.9400,81.7800,81.8400,51889.02
1780033500000,81.8400,82.1000,81.8300,82.0200,85416.80
1780034400000,82.0200,82.1900,81.9700,82.1900,92615.79
1780035300000,82.1900,82.4600,82.1500,82.1900,162531.94
1780036200000,82.1800,82.1900,81.9800,82.1200,86073.35
1780037100000,82.1200,82.3500,82.1100,82.2600,94855.02
1780038000000,82.2500,82.3800,82.2100,82.3500,99018.75
1780038900000,82.3400,82.4200,82.2500,82.3200,142255.54
1780039800000,82.3200,82.3200,81.8800,81.9200,254583.92
1780040700000,81.9100,82.2400,81.8600,82.1800,150807.32
1780041600000,82.1800,82.4400,82.1500,82.2600,143441.43
1780042500000,82.2600,82.4600,82.2100,82.3400,145558.67
1780043400000,82.3300,82.4000,82.2300,82.3400,74125.76
1780044300000,82.3400,82.3500,82.1200,82.1600,92410.43
1780045200000,82.1600,82.4400,82.1500,82.3700,77079.04
1780046100000,82.3800,82.6000,82.3700,82.5200,103644.31
1780047000000,82.5300,82.5600,82.3700,82.4100,48923.69
1780047900000,82.4200,82.4500,82.3500,82.3900,59975.72
1780048800000,82.3900,82.4000,82.2300,82.2600,81225.84
1780049700000,82.2600,82.3000,82.1800,82.2000,76459.61
1780050600000,82.2000,82.2300,82.0400,82.1000,120212.82
1780051500000,82.1000,82.2000,82.0600,82.1000,53777.11
1780052400000,82.1100,82.1300,82.0000,82.0500,82268.86
1780053300000,82.0500,82.1800,81.9300,82.0100,104702.04
1780054200000,82.0100,82.0400,81.7500,81.8200,165350.38
1780055100000,81.8300,81.8500,81.4700,81.7300,225343.15
1780056000000,81.7300,81.7600,81.5500,81.6200,134148.93
1780056900000,81.6100,81.7500,81.5400,81.6400,113859.85
1780057800000,81.6400,81.7200,81.2700,81.4200,240072.39
1780058700000,81.4200,81.5900,81.2500,81.4500,137524.18
1780059600000,81.4500,81.4500,81.1500,81.2500,189925.97
1780060500000,81.2400,81.3800,81.2200,81.3100,116161.97
1780061400000,81.3200,81.5700,81.0500,81.5000,299434.40
1780062300000,81.5100,81.6700,81.2700,81.4000,178577.50
1780063200000,81.4000,81.5300,81.1600,81.3600,238621.55
1780064100000,81.3500,81.4300,80.3000,80.8400,837518.41
1780065000000,80.8500,80.9900,80.4200,80.5600,462834.92
1780065900000,80.5500,81.5500,80.4600,81.3000,751439.75
1780066800000,81.3000,82.2200,81.1700,82.0800,718362.75
1780067700000,82.0900,82.6800,81.8700,82.6000,797325.13
1780068600000,82.6100,83.2300,82.2500,82.4200,1417046.40
1780069500000,82.4200,82.6800,82.2500,82.5400,394455.46
1780070400000,82.5400,82.8700,82.4900,82.7500,284514.64
1780071300000,82.7500,82.9000,82.1300,82.2800,394911.33
1780072200000,82.2800,83.1000,82.2700,82.9200,384573.27
1780073100000,82.9200,83.0000,82.7300,82.8800,149907.89
1780074000000,82.8900,83.2100,82.6900,83.0500,292811.85
1780074900000,83.0400,83.1600,82.9400,83.0600,221181.41
1780075800000,83.0600,83.1900,82.9600,82.9800,133178.97
1780076700000,82.9700,82.9900,82.6300,82.7500,232117.75
1780077600000,82.7500,82.9600,82.6500,82.8800,148445.74
1780078500000,82.8900,82.8900,82.5100,82.5800,192595.38
1780079400000,82.5800,82.7700,82.5300,82.6800,78466.03
1780080300000,82.6800,82.6800,81.7300,82.0300,548130.73
1780081200000,82.0300,82.1700,81.8200,81.8500,190559.71
1780082100000,81.8500,81.8800,81.5300,81.8600,202756.95
1780083000000,81.8600,82.3600,81.8500,82.2800,228728.78
1780083900000,82.2800,82.3000,82.0200,82.0300,128161.41
1780084800000,82.0200,82.2500,81.9600,82.1900,94562.46
1780085700000,82.1900,82.3000,82.0600,82.2200,73564.62
1780086600000,82.2200,82.3000,82.1800,82.2400,45193.50
1780087500000,82.2400,82.3100,82.0000,82.1900,92301.89
1780088400000,82.1800,82.3700,82.1100,82.2900,63879.45
1780089300000,82.2800,82.2900,81.8700,81.9100,150071.01
1780090200000,81.9000,82.0600,81.8100,82.0300,95837.03
1780091100000,82.0300,82.0700,81.6600,81.6700,101648.72
1780092000000,81.6600,81.7800,81.5800,81.6600,147445.77
1780092900000,81.6600,81.9800,81.6500,81.8600,74221.83
1780093800000,81.8600,81.9800,81.8200,81.9000,76604.36
1780094700000,81.8900,81.9800,81.7800,81.9400,62803.81
1780095600000,81.9500,82.0600,81.8500,81.9200,69717.93
1780096500000,81.9100,82.0000,81.8100,81.9100,44451.36
1780097400000,81.9000,81.9500,81.7200,81.9400,172407.69
1780098300000,81.9400,82.0600,81.8800,81.9800,56401.20
1780099200000,81.9800,82.1600,81.8900,82.0400,106743.24
1780100100000,82.0400,82.1800,82.0300,82.0900,67861.18
1780101000000,82.0900,82.2500,82.0200,82.2200,73399.59
1780101900000,82.2300,82.3100,82.1900,82.2400,81091.55
1780102800000,82.2500,82.4500,82.1600,82.4500,96582.16
1780103700000,82.4500,82.6300,82.4100,82.5800,118670.70
1780104600000,82.5700,82.9300,82.5300,82.6900,213543.87
1780105500000,82.6900,82.8100,82.6800,82.7700,87294.15
1780106400000,82.7800,82.9900,82.7700,82.9000,111975.43
1780107300000,82.8900,82.9900,82.7300,82.7800,76210.62
1780108200000,82.7800,82.9500,82.7700,82.8800,74301.18
1780109100000,82.8800,82.9800,82.8100,82.9500,45871.38
1780110000000,82.9400,83.0600,82.9000,82.9400,87949.52
1780110900000,82.9400,82.9800,82.8100,82.8100,112189.19
1780111800000,82.8200,82.8400,82.6300,82.6600,137309.42
1780112700000,82.6600,82.7700,82.5700,82.6400,82813.56
1780113600000,82.6300,82.7700,82.4600,82.6800,133567.94
1780114500000,82.6800,82.6800,82.1000,82.1600,237282.26
1780115400000,82.1500,82.1500,81.7900,82.1200,330563.43
1780116300000,82.1200,82.2900,82.0800,82.2800,134840.47
1780117200000,82.2800,82.8400,82.1600,82.4900,360966.68
1780118100000,82.5000,82.5300,82.4000,82.4200,61307.42
1780119000000,82.4200,82.5000,82.3900,82.4800,42425.17
1780119900000,82.4800,82.6500,82.4800,82.5500,65095.02
1780120800000,82.5500,82.5800,82.3500,82.4100,50724.23
1780121700000,82.4100,82.6600,82.3900,82.6600,53974.32
1780122600000,82.6700,82.7000,82.5800,82.6200,107959.71
1780123500000,82.6100,82.6200,82.3800,82.4400,51690.73
1780124400000,82.4300,82.4400,82.2200,82.3100,93235.50
1780125300000,82.3100,82.4500,82.3000,82.4200,65622.76
1780126200000,82.4100,82.4800,82.2500,82.2600,42388.04
1780127100000,82.2600,82.3400,82.2200,82.3400,55303.71
1780128000000,82.3400,82.3500,82.2600,82.3300,37336.25
1780128900000,82.3200,82.3600,82.2200,82.3100,37093.68
1780129800000,82.3000,82.3500,82.1800,82.1900,49002.86
1780130700000,82.1800,82.2600,82.1400,82.1900,46101.54
1780131600000,82.1800,82.2700,82.1500,82.2300,37023.94
1780132500000,82.2400,82.2700,82.1700,82.2600,26565.91
1780133400000,82.2700,82.3400,82.2300,82.2700,45551.26
1780134300000,82.2800,82.3500,82.2300,82.2800,36347.79
1780135200000,82.2900,82.4000,82.2500,82.3600,69106.94
1780136100000,82.3700,82.4700,82.3400,82.3600,87231.51
1780137000000,82.3700,82.4400,82.3600,82.4100,35299.59
1780137900000,82.4200,82.4300,82.2900,82.3300,41929.25
1780138800000,82.3300,82.3500,82.2100,82.2700,39542.06
1780139700000,82.2700,82.3200,82.1600,82.2800,47742.70
1780140600000,82.2800,82.5100,82.2800,82.3900,45735.27
1780141500000,82.3900,82.4300,82.2700,82.2800,43172.32
1780142400000,82.2800,82.2900,82.2000,82.2500,41164.96
1780143300000,82.2500,82.3800,82.2200,82.2800,57206.51
1780144200000,82.2900,82.3800,82.2400,82.2900,36224.34
1780145100000,82.3000,82.4000,82.2300,82.3800,52615.26
1780146000000,82.3800,82.5100,82.3800,82.4600,109300.14
1780146900000,82.4700,82.5300,82.3900,82.4200,82721.65
1780147800000,82.4300,82.4300,82.2000,82.3800,114528.25
1780148700000,82.3800,82.4700,82.3400,82.4300,45268.65
1780149600000,82.4400,82.5600,82.4000,82.4600,145170.33
1780150500000,82.4600,82.6600,82.4000,82.6200,77836.68
1780151400000,82.6300,82.7300,82.5600,82.6300,138151.05
1780152300000,82.6300,82.6600,82.5200,82.5800,97549.73
1780153200000,82.5800,82.8900,82.5200,82.8400,116846.35
1780154100000,82.8300,82.8400,82.5600,82.6500,109338.08
1780155000000,82.6500,82.6700,82.4400,82.5000,158522.63
1780155900000,82.4900,82.7100,82.4800,82.6500,81764.74
1780156800000,82.6500,82.8400,82.5900,82.8100,71634.09
1780157700000,82.8100,82.8500,82.6500,82.7300,66733.96
1780158600000,82.7300,82.9000,82.7200,82.8200,65802.82
1780159500000,82.8200,82.8800,82.7100,82.8500,41425.66
1780160400000,82.8500,82.9700,82.7600,82.8600,124735.21
1780161300000,82.8600,83.0100,82.7500,82.8700,114298.54
1780162200000,82.8600,82.8700,82.5800,82.8500,131133.20
1780163100000,82.8500,83.0300,82.8500,83.0100,80653.18
1780164000000,83.0000,83.0700,82.9400,82.9500,71184.81
1780164900000,82.9500,83.0800,82.8400,82.8700,73072.21
1780165800000,82.8700,83.0300,82.8300,83.0300,46015.32
1780166700000,83.0300,83.1100,82.9000,82.9700,81034.05
1780167600000,82.9800,83.0000,82.8500,82.8900,54772.82
1780168500000,82.8900,82.9900,82.7800,82.8000,58546.78
1780169400000,82.8100,82.8900,82.7300,82.8900,87159.81
1780170300000,82.8900,82.9900,82.8800,82.9400,91907.81
1780171200000,82.9500,83.0400,82.9000,82.9600,59647.82
1780172100000,82.9700,83.0000,82.8800,82.8800,30829.67
1780173000000,82.8800,82.9600,82.8100,82.8600,34587.79
1780173900000,82.8600,82.9700,82.8500,82.9100,32866.84
1780174800000,82.9100,83.0700,82.8600,83.0300,90796.59
1780175700000,83.0300,83.0700,82.9400,83.0000,145997.63
1780176600000,83.0000,83.1300,82.9600,83.0500,51775.08
1780177500000,83.0400,83.1000,82.9500,82.9600,30830.16
1780178400000,82.9700,82.9700,82.5300,82.7000,221631.37
1780179300000,82.7100,82.8100,82.6100,82.6900,46549.05
1780180200000,82.6900,82.7300,82.4000,82.4900,133693.36
1780181100000,82.4800,82.6300,82.4800,82.6100,41068.63
1780182000000,82.6000,82.8600,82.4800,82.5200,110305.87
1780182900000,82.5100,82.6200,82.4600,82.6000,53068.85
1780183800000,82.6000,82.6000,82.4800,82.5300,34383.96
1780184700000,82.5300,82.6900,82.5200,82.6900,45146.28
1780185600000,82.6900,82.7900,82.5700,82.7200,86005.54
1780186500000,82.7100,82.9000,82.7000,82.8100,67307.50
1780187400000,82.8000,82.8600,82.7100,82.7900,39964.79
1780188300000,82.7900,82.9200,82.7400,82.9000,43535.37
1780189200000,82.8900,83.0000,82.8700,82.9700,86284.85
1780190100000,82.9800,83.1400,82.9400,82.9800,99408.36
1780191000000,82.9900,83.1800,82.9500,82.9700,120005.19
1780191900000,82.9700,83.1400,82.9600,82.9700,60992.98
1780192800000,82.9700,83.1600,82.9600,83.1600,49355.03
1780193700000,83.1500,83.3700,82.8800,82.8900,225764.80
1780194600000,82.8900,83.0400,82.8300,82.9900,97936.64
1780195500000,83.0000,83.1500,82.9300,83.1100,125247.55
1780196400000,83.1100,83.1900,83.0500,83.1800,60437.31
1780197300000,83.1800,83.3100,83.1200,83.2400,58944.66
1780198200000,83.2400,83.2700,83.0800,83.1800,50625.32
1780199100000,83.1900,83.2500,83.1400,83.1800,29555.92
1780200000000,83.1800,83.2300,83.0500,83.0600,43100.59
1780200900000,83.0600,83.2500,83.0500,83.1800,59864.27
1780201800000,83.1800,83.2500,83.1100,83.1900,45428.59
1780202700000,83.1900,83.2600,83.1200,83.1600,31584.72
1780203600000,83.1600,83.1800,82.9900,83.0300,58050.66
1780204500000,83.0300,83.1000,83.0000,83.0700,43489.48
1780205400000,83.0700,83.1900,83.0200,83.0200,40210.64
1780206300000,83.0200,83.0500,82.9500,82.9900,54838.94
1780207200000,82.9900,83.0000,82.8500,82.8600,75756.10
1780208100000,82.8700,82.9300,82.7900,82.8600,75240.54
1780209000000,82.8700,82.9700,82.8300,82.8900,46072.79
1780209900000,82.8900,82.9900,82.8900,82.9200,43209.55
1780210800000,82.9200,82.9200,82.6700,82.7500,106523.82
1780211700000,82.7500,82.8100,82.5600,82.6300,122453.27
1780212600000,82.6300,82.6600,82.4600,82.5700,124382.87
1780213500000,82.5700,82.6600,82.5500,82.6100,45558.74
1780214400000,82.6200,82.8200,82.6200,82.6900,85035.14
1780215300000,82.6900,82.8300,82.6800,82.7800,126694.72
1780216200000,82.7900,82.7900,82.5800,82.6500,46679.87
1780217100000,82.6600,82.8000,82.5400,82.7600,91122.87
1780218000000,82.7600,82.7700,82.6200,82.6500,46944.01
1780218900000,82.6500,82.8500,82.6100,82.7900,66335.43
1780219800000,82.8000,83.0200,82.7800,82.9600,108577.17
1780220700000,82.9600,83.0000,82.5900,82.7000,88148.61
1780221600000,82.7000,82.7100,82.5700,82.6900,92748.61
1780222500000,82.6900,82.7100,82.4300,82.5900,151936.31
1780223400000,82.6000,82.6400,82.4900,82.5300,77086.17
1780224300000,82.5300,82.6800,82.4600,82.6700,72805.92
1780225200000,82.6700,82.8100,82.6600,82.7700,60589.51
1780226100000,82.7800,82.8200,82.6300,82.8000,37886.79
1780227000000,82.8100,82.8200,82.7000,82.7500,33555.84
1780227900000,82.7500,82.7700,82.6300,82.7100,28119.54
1780228800000,82.7100,82.7600,82.5200,82.6700,69164.54
1780229700000,82.6800,82.8200,82.6700,82.7400,51514.03
1780230600000,82.7500,82.8800,82.6800,82.8700,65544.59
1780231500000,82.8700,82.9000,82.7300,82.7800,70770.03
1780232400000,82.7900,82.9200,82.7000,82.9000,61116.89
1780233300000,82.9100,83.0900,82.8800,82.9700,128441.80
1780234200000,82.9700,83.0000,82.7400,82.7800,60138.43
1780235100000,82.7800,82.8200,82.6100,82.7300,78672.10
1780236000000,82.7300,82.7300,82.2500,82.3200,253766.29
1780236900000,82.3200,82.4600,81.6900,81.9700,937447.24
1780237800000,81.9600,82.1500,81.8500,81.9200,195181.70
1780238700000,81.9100,82.0600,81.8300,81.9100,149610.92
1780239600000,81.9200,82.0500,81.8600,82.0300,124589.19
1780240500000,82.0400,82.2300,81.9800,82.1800,116169.31
1780241400000,82.1700,82.1800,81.9300,81.9300,82233.92
1780242300000,81.9400,82.0500,81.7600,81.8300,210089.26
1780243200000,81.8300,81.9900,81.6600,81.7300,183715.23
1780244100000,81.7200,81.8200,81.5500,81.6900,196486.82
1780245000000,81.7000,81.7100,81.3800,81.5100,299597.23
1780245900000,81.5200,81.5600,81.3900,81.5400,99504.42
1780246800000,81.5300,81.6400,81.4100,81.5100,92643.80
1780247700000,81.5100,81.7100,81.5100,81.6800,77714.32
1780248600000,81.6900,81.8600,81.6800,81.8100,110069.78
1780249500000,81.8200,81.8600,81.7700,81.8100,54206.63
1780250400000,81.8100,81.8200,81.6500,81.6800,74415.06
1780251300000,81.6900,81.7200,81.5600,81.6700,79997.18
1780252200000,81.6700,81.8100,81.6600,81.7100,56890.21
1780253100000,81.7100,81.7400,81.6100,81.7000,58452.73
1780254000000,81.7000,81.7500,81.5700,81.5700,52244.53
1780254900000,81.5700,81.6300,81.3800,81.4900,98815.54
1780255800000,81.4900,81.5500,81.2800,81.5200,93668.38
1780256700000,81.5300,81.6100,81.4700,81.5400,46173.88
1780257600000,81.5500,81.7800,81.5500,81.7000,103062.47
1780258500000,81.7000,81.8600,81.6900,81.7400,63177.67
1780259400000,81.7500,81.8100,81.6900,81.7900,59882.94
1780260300000,81.7800,81.9800,81.7800,81.9200,41475.75
1780261200000,81.9200,81.9500,81.8300,81.8700,60054.28
1780262100000,81.8700,82.0300,81.8600,81.8900,59485.29
1780263000000,81.8800,82.1500,81.8700,82.1000,73900.27
1780263900000,82.1000,82.3400,82.0900,82.2700,146320.99
1780264800000,82.2600,82.4300,81.9800,82.4100,225283.86
1780265700000,82.4000,82.6300,82.2500,82.3800,252883.09
1780266600000,82.3800,82.5900,82.3500,82.5000,115077.77
1780267500000,82.5000,82.6700,82.4200,82.4900,96298.62
1780268400000,82.5000,82.9100,82.4800,82.5600,233353.69
1780269300000,82.5500,82.6600,82.3100,82.4300,195407.17
1780270200000,82.4300,82.4300,81.9000,82.0700,257219.11
1780271100000,82.0600,82.4300,82.0200,82.3900,125980.16
1780272000000,82.4000,82.7300,82.3200,82.7100,227528.44
1780272900000,82.7000,82.9800,82.5800,82.9000,189697.16
1780273800000,82.9100,83.0800,82.7100,82.9200,245431.52
1780274700000,82.9100,83.0100,82.7500,82.7800,130920.20
1780275600000,82.7800,82.8400,82.2900,82.2900,309228.25
1780276500000,82.2900,82.4300,82.1900,82.2600,108777.52
1780277400000,82.2600,82.3700,82.0100,82.0900,127447.45
1780278300000,82.0800,82.2300,81.7000,81.7200,224830.32
1780279200000,81.7100,82.3100,81.5700,82.2700,273795.88
1780280100000,82.2700,82.3000,82.0900,82.2100,81400.23
1780281000000,82.2100,82.8800,82.0600,82.6200,231768.38
1780281900000,82.6100,82.8400,82.5700,82.6300,164371.48
1780282800000,82.6300,82.9500,82.6200,82.7400,221202.87
1780283700000,82.7400,82.9100,82.5700,82.8400,120349.20
1780284600000,82.8400,82.9600,82.6200,82.7100,110096.85
1780285500000,82.7200,82.7600,82.5100,82.5900,65135.29
1780286400000,82.5900,82.7400,82.2300,82.2900,129675.33
1780287300000,82.2800,82.3300,81.8000,81.8600,423946.67
1780288200000,81.8600,82.0900,81.8300,82.0300,160764.75
1780289100000,82.0400,82.0700,81.7200,81.9900,152594.94
1780290000000,81.9800,82.0400,81.8200,81.9900,77136.88
1780290900000,81.9900,82.0700,81.6900,81.7300,118034.36
1780291800000,81.7300,81.8900,81.5700,81.8800,108120.98
1780292700000,81.8700,81.9800,81.7200,81.7600,55739.47
1780293600000,81.7600,81.8300,81.4200,81.5700,303751.17
1780294500000,81.5800,81.6300,81.3300,81.4000,160927.40
1780295400000,81.4000,81.4300,81.1000,81.1100,226968.74
1780296300000,81.1000,81.4700,81.0600,81.4000,199805.72
1780297200000,81.3900,81.5200,81.2800,81.4200,110713.22
1780298100000,81.4100,81.4700,81.1900,81.2000,136649.16
1780299000000,81.1900,81.2100,80.8400,81.0400,361129.80
1780299900000,81.0400,81.1000,80.5700,80.6700,425948.06
1780300800000,80.6700,80.8500,80.6400,80.7100,179206.47
1780301700000,80.7000,80.8600,80.5100,80.5900,170901.71
1780302600000,80.6000,80.8400,80.3800,80.7400,313450.76
1780303500000,80.7300,80.9900,80.7300,80.9200,159011.74
1780304400000,80.9200,81.1500,80.9200,81.1100,189858.65
1780305300000,81.1200,81.2400,81.0500,81.0800,128241.57
1780306200000,81.0800,81.1900,80.9200,81.0800,147796.59
1780307100000,81.0700,81.2300,80.9700,81.0400,143781.46
1780308000000,81.0400,81.0800,80.8700,80.9500,156047.91
1780308900000,80.9400,81.0200,80.7900,80.8400,93132.85
1780309800000,80.8400,81.0000,80.7800,81.0000,92528.27
1780310700000,81.0000,81.1500,80.9900,81.0500,73254.22
1780311600000,81.0400,81.1500,80.9600,81.0500,49381.33
1780312500000,81.0400,81.1800,81.0100,81.1100,67691.20
1780313400000,81.1000,81.1600,81.0100,81.0400,77250.13
1780314300000,81.0300,81.0700,80.5800,80.7800,276438.73
1780315200000,80.7800,80.9800,80.1800,80.4900,639407.79
1780316100000,80.4900,80.9800,80.4900,80.8700,293748.76
1780317000000,80.8700,81.0200,80.7800,81.0000,126192.94
1780317900000,80.9900,81.0400,80.7500,80.7800,73032.46
1780318800000,80.7900,80.8300,80.1300,80.2500,459989.37
1780319700000,80.2600,80.5900,80.1400,80.3000,245949.77
1780320600000,80.3000,80.5900,80.1000,80.1300,444002.03
1780321500000,80.1300,80.3300,79.2000,79.7900,1490506.31
1780322400000,79.8000,80.0600,79.4400,79.6400,598223.72
1780323300000,79.6400,79.8200,79.3800,79.5100,348169.64
1780324200000,79.5000,79.6600,79.3900,79.5700,251371.76
1780325100000,79.5700,79.7800,79.4800,79.6600,112536.06
1780326000000,79.6700,79.8700,79.5900,79.7500,189003.63
1780326900000,79.7500,79.7900,79.1500,79.2200,381137.21
1780327800000,79.2200,80.0200,79.2100,79.8400,595591.88
1780328700000,79.8300,79.9300,79.5100,79.5600,177205.74
1780329600000,79.5700,79.7300,79.0600,79.4000,493328.81
1780330500000,79.4000,79.7000,79.3000,79.6800,274084.35
1780331400000,79.6900,79.9000,79.6300,79.8300,284891.79
1780332300000,79.8300,80.4200,79.8200,80.3600,504044.97
1780333200000,80.3700,80.6600,80.2500,80.5000,325101.94
1780334100000,80.5000,80.8500,80.3800,80.7900,322763.68
1780335000000,80.7900,81.0900,80.5900,81.0800,556265.65
1780335900000,81.0800,81.2000,80.8500,80.9000,301817.63
1780336800000,80.9000,80.9900,80.5500,80.6200,246643.35
1780337700000,80.6200,80.9900,80.5600,80.9700,107770.31
1780338600000,80.9800,81.1900,80.9600,80.9700,135979.69
1780339500000,80.9600,80.9800,80.7600,80.8100,175538.76
1780340400000,80.8200,80.8300,80.5700,80.7400,95918.56
1780341300000,80.7400,81.0400,80.6200,81.0100,117698.04
1780342200000,81.0000,81.3000,80.9700,81.2400,214673.05
1780343100000,81.2400,81.2500,81.0600,81.1600,109683.34
1780344000000,81.1600,81.1900,80.9300,81.0600,119224.84
1780344900000,81.0600,81.2200,80.9500,81.0800,79521.24
1780345800000,81.0900,81.2100,81.0100,81.1200,84733.88
1780346700000,81.1200,81.1900,80.9700,81.1100,139876.64
1780347600000,81.1000,81.1200,80.6100,80.7400,378650.99
1780348500000,80.7400,80.8600,80.4600,80.7600,286773.92
1780349400000,80.7600,80.8400,80.6400,80.7000,123323.93
1780350300000,80.7100,80.8100,80.5600,80.6500,108542.01
1780351200000,80.6400,80.6400,80.2800,80.4700,241543.87
1780352100000,80.4700,80.9500,80.4000,80.9100,135219.25
1780353000000,80.9200,80.9800,80.5200,80.7400,113955.41
1780353900000,80.7400,81.4600,80.7400,81.3600,448731.14
1780354800000,81.3600,81.4600,81.2100,81.3200,110016.73
1780355700000,81.3300,81.6600,81.1100,81.1200,331091.65
1780356600000,81.1200,81.5500,81.0400,81.3400,202963.98
1780357500000,81.3400,81.4200,81.1000,81.2500,242991.64
1780358400000,81.2500,81.2700,81.0400,81.1100,135927.69
1780359300000,81.1000,81.1700,80.8900,80.9600,128134.06
1780360200000,80.9600,81.1700,80.8700,80.9700,103006.97
1780361100000,80.9700,81.0500,80.8400,80.8700,41926.60
1780362000000,80.8600,80.9900,80.6700,80.9000,141148.19
1780362900000,80.9000,80.9400,80.5800,80.6100,152522.33
1780363800000,80.6000,80.6600,80.1000,80.4100,366150.41
1780364700000,80.4100,80.4100,80.0000,80.0700,188357.68
1780365600000,80.0700,80.1200,79.3600,79.8000,597903.52
1780366500000,79.8000,80.5200,79.6500,80.4900,317461.91
1780367400000,80.5000,80.5400,80.1100,80.1400,184636.67
1780368300000,80.1300,80.7600,80.1000,80.7600,157913.23
1780369200000,80.7600,80.9800,80.6100,80.7800,204621.73
1780370100000,80.7800,80.9200,80.6300,80.8800,118090.59
1780371000000,80.8700,80.9800,80.7400,80.9600,128812.67
1780371900000,80.9600,81.0300,80.8200,80.8800,79167.61
1780372800000,80.8800,80.9900,80.4100,80.5300,189282.00
1780373700000,80.5300,80.9400,80.5300,80.8600,108734.35
1780374600000,80.8600,80.9000,80.6900,80.7400,127218.56
1780375500000,80.7300,80.7300,80.3300,80.4100,217733.38
1780376400000,80.4000,80.5600,80.0400,80.5100,199253.32
1780377300000,80.5000,80.5400,80.0400,80.0500,108501.04
1780378200000,80.0400,80.2100,79.8300,80.0500,239518.27
1780379100000,80.0400,80.0700,79.4800,79.5800,309202.68
1780380000000,79.5800,79.7800,79.3400,79.4600,367341.96
1780380900000,79.4600,79.6300,79.3400,79.6100,210936.56
1780381800000,79.6000,79.7000,79.4600,79.4900,239643.16
1780382700000,79.4800,79.7100,79.2700,79.5400,294581.61
1780383600000,79.5400,79.6200,79.0900,79.5800,320651.09
1780384500000,79.5800,79.8900,79.3600,79.4500,228532.46
1780385400000,79.4400,79.8700,79.4300,79.7500,169689.77
1780386300000,79.7500,79.7800,79.5400,79.6300,98767.07
1780387200000,79.6300,79.7200,79.4900,79.6400,110785.84
1780388100000,79.6300,79.7400,79.4500,79.6500,142553.09
1780389000000,79.6400,79.7700,79.4900,79.5100,63730.70
1780389900000,79.5000,79.6100,79.4100,79.5700,151622.59
1780390800000,79.5800,79.6100,79.1700,79.2600,192995.96
1780391700000,79.2500,79.3600,78.7100,78.8700,646711.64
1780392600000,78.8700,79.1900,78.7600,79.1000,319217.65
1780393500000,79.1000,79.2000,79.0000,79.0600,110296.08
1780394400000,79.0600,79.3900,78.9200,79.3000,187890.70
1780395300000,79.3000,79.4200,79.2200,79.3500,126297.31
1780396200000,79.3600,79.4100,79.1700,79.1700,117930.06
1780397100000,79.1800,79.4500,79.1700,79.4000,106970.21
1780398000000,79.3900,79.4100,79.0800,79.1200,259392.31
1780398900000,79.1200,79.1200,78.8500,78.9700,267168.03
1780399800000,78.9700,79.0800,78.8000,78.9600,136360.63
1780400700000,78.9500,79.1600,78.8900,78.8900,80021.47
1780401600000,78.8900,79.0200,78.6500,78.7500,201144.63
1780402500000,78.7400,78.9500,78.5600,78.9000,187038.92
1780403400000,78.9100,79.1000,78.7200,79.1000,166472.87
1780404300000,79.0900,79.1200,78.8500,78.9400,147870.03
1780405200000,78.9500,79.0800,78.7600,78.7800,291929.97
1780406100000,78.7700,79.1900,78.7700,79.1100,99445.95
1780407000000,79.1200,79.1900,78.8900,79.0600,180810.41
1780407900000,79.0600,79.1600,78.7800,78.9100,212840.84
1780408800000,78.9100,78.9600,78.1900,78.6500,677748.73
1780409700000,78.6500,78.6800,76.6400,77.2000,2194694.65
1780410600000,77.2000,77.8900,76.9600,77.1700,889034.55
1780411500000,77.1600,77.6800,77.1300,77.3800,343008.86
1780412400000,77.3800,77.4300,76.8300,77.0000,636605.18
1780413300000,77.0100,77.0400,76.1800,76.3100,1071417.77
1780414200000,76.3100,76.3600,75.4400,76.1600,1439924.69
1780415100000,76.1600,76.4600,75.9700,76.3200,349256.80
1780416000000,76.3300,77.2200,76.0900,77.2100,756939.73
1780416900000,77.2000,77.6300,77.0600,77.1800,589916.49
1780417800000,77.1700,77.2100,76.9100,76.9600,256537.76
1780418700000,76.9700,77.2400,76.6400,76.6700,258566.07
1780419600000,76.6700,76.9300,76.4000,76.7200,382666.35
1780420500000,76.7200,77.1000,76.6400,76.9900,257288.20
1780421400000,77.0000,77.1400,76.7800,76.7800,287114.60
1780422300000,76.7800,76.8800,76.6800,76.7700,101563.83
1780423200000,76.7800,77.0300,76.6100,76.6300,159718.69
1780424100000,76.6300,76.6700,76.2300,76.2800,183235.10
1780425000000,76.2800,76.3700,76.0600,76.1900,167908.86
1780425900000,76.2000,76.2200,75.7500,76.0900,246344.47
1780426800000,76.0900,76.2100,75.8900,76.0700,156180.46
1780427700000,76.0800,76.1100,75.4500,75.5000,367628.82
1780428600000,75.5000,75.5900,74.3700,75.1800,1316445.93
1780429500000,75.1900,75.9400,75.1600,75.4700,500344.29
1780430400000,75.4700,75.8900,75.3400,75.6100,277915.56
1780431300000,75.6000,75.6600,74.7100,74.8400,384218.58
1780432200000,74.8400,75.2600,74.8200,75.1200,202383.82
1780433100000,75.1300,75.5000,75.0900,75.3900,213121.19
1780434000000,75.3800,75.7800,75.2600,75.3700,234356.68
1780434900000,75.3700,75.9000,75.3500,75.8500,212260.43
1780435800000,75.8600,76.0300,75.7300,75.8600,181223.35
1780436700000,75.8500,75.8900,75.5300,75.6100,121663.31
1780437600000,75.6100,75.6100,75.0600,75.0700,275064.10
1780438500000,75.0700,75.5200,74.5400,75.2900,549937.23
1780439400000,75.2900,75.3500,74.6700,74.7900,321363.15
1780440300000,74.7900,74.7900,73.2700,73.6200,1373182.19
1780441200000,73.6300,73.9200,73.3300,73.9000,617970.86
1780442100000,73.9000,73.9600,72.6700,73.0100,863567.27
1780443000000,73.0200,73.9200,72.8000,73.8800,675560.11
1780443900000,73.8900,74.2800,73.8100,74.1800,337508.95
1780444800000,74.1800,74.7700,73.9400,74.7400,637310.95
1780445700000,74.7400,75.0800,74.6300,74.6700,364585.92
1780446600000,74.6800,75.0800,74.5400,74.9200,194476.30
1780447500000,74.9200,75.0100,74.7800,74.7800,87952.13
1780448400000,74.7900,74.9700,74.5900,74.7800,170947.36
1780449300000,74.7800,74.9800,74.7200,74.9200,96800.25
1780450200000,74.9100,74.9900,74.0900,74.1400,241315.69
1780451100000,74.1400,74.8700,74.1400,74.6900,179342.29
1780452000000,74.7000,74.7600,74.4500,74.4900,112578.46
1780452900000,74.4900,74.6200,74.1800,74.3200,168294.24
1780453800000,74.3200,74.5000,74.2100,74.3200,120324.84
1780454700000,74.3200,74.4200,74.1500,74.3600,112320.63
1780455600000,74.3600,74.4900,74.1100,74.3000,151901.63
1780456500000,74.3000,74.4400,73.7100,73.8100,283233.52
1780457400000,73.8100,74.0700,72.7400,72.7700,874931.86
1780458300000,72.7700,73.0000,72.2100,72.6600,748008.28
1780459200000,72.6600,73.7500,72.6400,73.2900,539980.12
1780460100000,73.2800,73.6400,73.2400,73.5800,158109.64
1780461000000,73.5800,73.8400,73.2800,73.7700,224257.77
1780461900000,73.7700,74.0800,73.6300,74.0300,202323.35
1780462800000,74.0300,74.8300,74.0100,74.7400,618126.06
1780463700000,74.7400,74.8800,74.4500,74.6100,249136.76
1780464600000,74.6100,74.6100,74.1900,74.5000,181842.56
1780465500000,74.5000,74.7800,74.4000,74.6800,250901.48
1780466400000,74.6800,74.8800,74.6100,74.8600,190405.36
1780467300000,74.8600,75.1200,74.7300,75.0000,214059.23
1780468200000,75.0100,75.3100,74.9100,75.1200,418759.50
1780469100000,75.1200,75.1600,74.7800,74.8100,271857.93
1780470000000,74.8100,75.1800,74.7100,75.1100,207990.08
1780470900000,75.1000,75.3500,75.0300,75.0900,180317.09
1780471800000,75.0900,75.3700,75.0800,75.2600,169401.83
1780472700000,75.2600,75.3900,75.1500,75.2100,132875.97
1780473600000,75.2100,75.2900,74.9400,74.9500,180039.45
1780474500000,74.9500,75.0400,74.8200,74.9600,112354.95
1780475400000,74.9600,75.2000,74.9200,75.0300,144039.76
1780476300000,75.0400,75.1600,74.8700,74.9500,111379.39
1780477200000,74.9500,75.0600,74.8700,74.9300,83169.05
1780478100000,74.9200,74.9900,74.7300,74.8600,152281.69
1780479000000,74.8700,74.9900,74.7300,74.7300,135840.41
1780479900000,74.7300,75.3800,74.6600,74.9500,462500.09
1780480800000,74.9500,75.5600,74.9200,75.2500,296003.98
1780481700000,75.2500,75.4700,75.1400,75.4600,107075.62
1780482600000,75.4600,75.5600,75.3000,75.3400,136180.40
1780483500000,75.3400,75.5200,75.2900,75.5000,81434.25
1780484400000,75.5100,75.6700,75.4300,75.6200,144709.08
1780485300000,75.6200,75.6700,75.5000,75.5700,110913.01
1780486200000,75.5700,75.5700,75.2000,75.2100,157798.85
1780487100000,75.2200,75.2300,74.9500,75.0900,313742.91
1780488000000,75.0900,75.1500,74.8800,74.9400,129424.22
1780488900000,74.9400,75.0600,74.6400,75.0300,272928.38
1780489800000,75.0200,75.1300,74.8000,74.9700,117426.11
1780490700000,74.9700,75.2300,74.9000,75.1400,94964.70
1780491600000,75.1400,75.3000,74.9500,75.0900,151249.41
1780492500000,75.0900,75.3400,74.6700,74.7400,316050.01
1780493400000,74.7500,75.0900,74.4600,74.4900,355228.89
1780494300000,74.4900,74.7800,74.3400,74.5300,367206.51
1780495200000,74.5200,74.5600,74.1600,74.4700,307885.37
1780496100000,74.4700,74.5200,73.7800,74.0200,445544.19
1780497000000,74.0100,74.4200,73.8000,74.1100,379894.48
1780497900000,74.1100,74.4200,74.0900,74.4200,155957.79
1780498800000,74.4200,74.4500,73.8900,74.0100,265918.01
1780499700000,74.0100,74.2700,73.6800,74.1900,510216.30
1780500600000,74.1800,74.2900,73.3100,73.5400,562429.63
1780501500000,73.5400,73.6200,73.1700,73.2400,307910.66
1780502400000,73.2500,73.4300,72.8600,73.0100,570240.37
1780503300000,73.0100,73.2100,71.9200,72.3400,1344764.17
1780504200000,72.3500,72.7700,72.3200,72.6500,521185.87
1780505100000,72.6500,72.9600,72.5300,72.9500,419251.68
1780506000000,72.9500,73.0900,72.3400,72.6700,411305.98
1780506900000,72.6600,73.4400,72.6300,73.4200,341725.64
1780507800000,73.4200,74.0600,73.3700,73.6600,532788.05
1780508700000,73.6600,73.6800,72.9300,73.1300,409125.47
1780509600000,73.1300,73.4400,72.9800,73.1700,304000.59
1780510500000,73.1700,73.1800,72.5900,72.7100,336920.05
1780511400000,72.7200,73.0300,72.4000,72.8500,281060.20
1780512300000,72.8600,73.1700,72.8000,73.0500,200812.49
1780513200000,73.0500,73.1300,72.6900,72.8100,205808.60
1780514100000,72.8100,72.8400,71.9100,72.0300,600829.30
1780515000000,72.0200,72.4900,71.7600,72.4200,474573.20
1780515900000,72.4100,72.5700,71.6300,71.9400,564948.74
1780516800000,71.9400,72.3200,71.5400,72.2600,394713.26
1780517700000,72.2600,72.4000,71.6900,72.3200,250123.34
1780518600000,72.3200,72.3900,71.6200,71.6600,597445.05
1780519500000,71.6500,71.7800,70.8400,71.1700,1036793.40
1780520400000,71.1700,71.9600,70.9700,71.6000,558447.03
1780521300000,71.5900,71.8400,71.5800,71.7300,205315.00
1780522200000,71.7200,72.3200,71.6600,72.0300,345335.59
1780523100000,72.0200,72.8400,72.0200,72.7600,323095.41
1780524000000,72.7600,73.1400,72.4300,72.4900,377871.98
1780524900000,72.5000,72.5500,72.0800,72.3000,230775.57
1780525800000,72.2900,72.4100,71.8900,72.2500,267274.41
1780526700000,72.2500,72.3000,71.9000,72.1700,198352.79
1780527600000,72.1600,72.2300,71.5100,71.7800,368479.95
1780528500000,71.7800,71.8900,71.5200,71.7400,176775.60
1780529400000,71.7400,71.9100,71.5300,71.6300,211789.02
1780530300000,71.6300,71.8400,71.5300,71.5800,167818.92
1780531200000,71.5700,72.0100,71.5400,71.8800,304554.81
1780532100000,71.8900,72.0600,70.4400,70.4500,684757.47
1780533000000,70.4500,71.2400,70.2600,71.1800,925737.79
1780533900000,71.1700,71.2000,70.3600,70.7100,404756.40
1780534800000,70.7100,70.9200,70.0400,70.1200,499404.78
1780535700000,70.1300,70.2100,68.9000,69.2600,1678174.83
1780536600000,69.2600,69.9700,69.1500,69.5100,585630.39
1780537500000,69.5000,69.5500,68.3100,68.5600,1322485.50
1780538400000,68.5700,68.6900,66.5900,68.1700,3034187.85
1780539300000,68.1800,69.5500,67.7500,69.2500,1193261.69
1780540200000,69.2500,70.1900,69.1100,70.0400,819428.91
1780541100000,70.0300,70.4100,69.9300,70.0100,654832.72
1780542000000,70.0000,71.0100,69.9900,70.9200,744339.26
1780542900000,70.9100,71.2500,70.8600,70.9700,523584.41
1780543800000,70.9800,71.5900,70.9500,71.4900,657174.61
1780544700000,71.4900,71.5800,71.2600,71.4200,267913.07
1780545600000,71.4100,71.7400,71.3700,71.6500,258783.15
1780546500000,71.6400,71.7300,71.3400,71.4000,248870.70
1780547400000,71.4000,71.4600,70.8400,71.0100,423823.94
1780548300000,71.0000,71.0500,70.7400,70.8500,253053.97
1780549200000,70.8400,70.8500,69.8400,70.2400,579261.42
1780550100000,70.2400,70.3900,69.9500,70.0600,414968.66
1780551000000,70.0500,70.6200,69.9100,70.5300,411702.19
1780551900000,70.5300,70.5500,70.1200,70.3000,150267.47
1780552800000,70.2900,70.7500,70.2000,70.6900,198662.82
1780553700000,70.6900,71.1800,70.6500,70.7900,279948.24
1780554600000,70.7900,71.0600,70.4700,70.8900,293760.41
1780555500000,70.8800,70.8800,70.3000,70.3100,258220.45
1780556400000,70.3200,70.3600,69.7400,69.9600,468779.01
1780557300000,69.9600,70.0500,69.4000,69.6300,573365.04
1780558200000,69.6300,69.9700,69.5200,69.7900,279103.13
1780559100000,69.7900,69.8400,69.0800,69.1000,289081.01
1780560000000,69.1100,69.4100,68.4300,68.4700,721846.81
1780560900000,68.4700,69.0400,68.2600,68.9600,562349.23
1780561800000,68.9600,69.3400,68.7400,68.8300,327669.56
1780562700000,68.8400,69.3800,68.8300,69.1800,260233.58
1780563600000,69.1800,69.2300,68.2400,68.3800,461581.49
1780564500000,68.3800,68.4400,67.7300,67.8600,659354.88
1780565400000,67.8700,68.1500,67.6800,68.0500,424805.12
1780566300000,68.0500,68.8300,68.0300,68.8300,400812.06
1780567200000,68.8200,68.8900,68.2400,68.4700,361095.79
1780568100000,68.4600,68.7200,68.2500,68.3100,287737.69
1780569000000,68.3100,68.7500,68.1400,68.3300,441971.84
1780569900000,68.3400,68.3600,67.4800,67.8400,1114264.94
1780570800000,67.8400,68.1000,67.3200,67.5800,568400.37
1780571700000,67.5800,68.4000,67.5000,68.1600,483192.07
1780572600000,68.1600,68.5400,67.8700,67.9500,445851.53
1780573500000,67.9500,68.6600,67.9400,68.6300,330067.41
1780574400000,68.6300,69.0300,68.2700,68.4200,650175.20
1780575300000,68.4300,69.3600,68.3700,69.3300,562453.24
1780576200000,69.3300,70.1400,69.2500,69.8600,934431.93
1780577100000,69.8500,70.3400,69.7700,70.0500,400487.72
1780578000000,70.0600,70.1400,69.7200,69.7300,351130.19
1780578900000,69.7200,69.8600,68.9600,69.3200,532566.60
1780579800000,69.3100,70.5500,69.2200,70.0100,825246.38
1780580700000,70.0100,70.3500,69.7800,70.3300,393818.81
1780581600000,70.3300,70.6000,70.0000,70.4300,369174.47
1780582500000,70.4400,70.4800,69.9800,70.1100,251289.04
1780583400000,70.1100,70.1300,69.5500,69.8500,386992.62
1780584300000,69.8500,69.9300,69.5200,69.7300,230822.74
1780585200000,69.7400,70.4800,69.5600,70.2600,593892.46
1780586100000,70.2500,70.3200,69.3600,69.8200,379041.86
1780587000000,69.8100,69.9100,69.5500,69.6900,223117.42
1780587900000,69.6800,69.8500,69.3700,69.6100,348452.80
1780588800000,69.6100,69.6400,69.2200,69.2600,215622.52
1780589700000,69.2500,69.5500,69.0400,69.0500,275971.98
1780590600000,69.0600,69.5300,68.9300,69.3900,326204.57
1780591500000,69.3900,69.6200,69.2000,69.3800,168663.02
1780592400000,69.3800,69.7100,69.1900,69.6300,228391.09
1780593300000,69.6300,69.6300,68.9800,69.1700,255245.77
1780594200000,69.1700,69.2500,68.4700,68.6200,363975.06
1780595100000,68.6200,69.5400,68.4400,69.2000,382440.46
1780596000000,69.1900,69.2900,68.5900,68.6500,277651.63
1780596900000,68.6500,69.6200,68.6500,69.6100,253577.28
1780597800000,69.6200,69.8600,69.4300,69.5600,311692.78
1780598700000,69.5600,69.8100,69.4000,69.4600,211235.07
1780599600000,69.4500,69.5300,69.0500,69.4000,339538.45
1780600500000,69.4000,69.6800,69.2300,69.5400,241166.70
1780601400000,69.5400,69.6000,69.1900,69.2400,147243.99
1780602300000,69.2400,69.2700,68.9800,69.0500,216533.70
1780603200000,69.0400,69.1000,68.3800,68.8400,385597.20
1780604100000,68.8400,69.0000,68.5700,68.7400,188543.91
1780605000000,68.7300,68.9800,68.6900,68.8400,114745.50
1780605900000,68.8400,68.9600,68.4800,68.7700,150508.44
1780606800000,68.7600,69.0100,68.6000,68.8300,214252.17
1780607700000,68.8300,68.8700,68.1700,68.2700,283650.78
1780608600000,68.2700,68.3000,67.5500,68.0200,410782.89
1780609500000,68.0200,68.1000,67.7500,67.7600,138968.32
1780610400000,67.7500,68.1000,67.5100,67.7800,373261.41
1780611300000,67.7700,68.0800,67.7600,67.9100,257959.56
1780612200000,67.9100,68.0500,67.5400,67.9400,314399.91
1780613100000,67.9500,68.5300,67.7700,68.4400,368010.62
1780614000000,68.4300,68.8300,68.3400,68.5400,270853.78
1780614900000,68.5300,68.5800,67.9400,68.2200,240737.86
1780615800000,68.2200,68.7000,68.1800,68.6700,181179.34
1780616700000,68.6800,68.8800,68.5200,68.8200,208681.04
1780617600000,68.8100,68.8100,68.4000,68.4600,205238.43
1780618500000,68.4600,69.0400,68.2800,69.0100,277351.03
1780619400000,69.0200,69.0600,68.6400,68.7400,191129.48
1780620300000,68.7400,69.0100,68.2100,68.2400,350290.25
1780621200000,68.2500,68.2500,67.5100,68.2200,667840.97
1780622100000,68.2100,68.4200,67.9500,68.4100,289459.30
1780623000000,68.4100,68.7800,68.2400,68.5200,328381.76
1780623900000,68.5200,68.6900,68.2700,68.4600,167247.19
1780624800000,68.4600,68.5700,68.1200,68.1500,239421.57
1780625700000,68.1500,68.3300,67.6700,67.6700,567519.44
1780626600000,67.6700,68.0300,67.3600,67.7000,465021.76
1780627500000,67.6900,67.9500,67.1400,67.2700,410985.44
1780628400000,67.2800,67.3700,66.9500,67.0500,498462.41
1780629300000,67.0500,67.8300,67.0500,67.2800,423263.79
1780630200000,67.2800,67.6100,66.8800,66.9600,416293.66
1780631100000,66.9700,67.2000,66.9000,67.0500,407838.82
1780632000000,67.0500,67.7100,66.4100,67.3600,916596.23
1780632900000,67.3600,67.8700,66.9600,67.8500,469116.46
1780633800000,67.8400,67.8400,67.1200,67.1800,467121.70
1780634700000,67.1800,67.9800,66.8700,67.9100,468182.13
1780635600000,67.9100,68.0500,67.5100,67.6600,309782.56
1780636500000,67.6600,67.8900,67.4400,67.7700,197541.21
1780637400000,67.7700,67.9900,66.6300,66.6600,774284.29
1780638300000,66.6700,66.8000,66.0200,66.1700,1092597.04
1780639200000,66.1800,66.5100,65.5800,65.6100,1500478.33
1780640100000,65.6200,65.8700,63.7400,64.5800,3451874.86
1780641000000,64.5800,65.4800,64.3700,65.3600,1021679.65
1780641900000,65.3600,65.4700,64.6800,64.9900,486352.02
1780642800000,64.9900,65.1100,63.8500,64.0600,869634.12
1780643700000,64.0700,65.5200,64.0700,65.4300,754398.82
1780644600000,65.4300,66.1500,65.2700,66.1300,783639.41
1780645500000,66.1300,66.2600,65.8100,66.1100,503110.31
1780646400000,66.1200,66.1600,65.4500,65.6000,411623.94
1780647300000,65.6100,65.9800,65.3600,65.8900,266125.84
1780648200000,65.8900,66.0600,65.2900,65.3100,301437.08
1780649100000,65.3100,65.5000,65.0200,65.2500,352924.15
1780650000000,65.2600,66.2700,65.2400,66.2700,590771.48
1780650900000,66.2700,66.5000,65.9700,66.3500,521493.38
1780651800000,66.3500,66.3900,66.0100,66.0800,253017.24
1780652700000,66.0800,66.5600,66.0500,66.5100,271448.54
1780653600000,66.5100,66.6900,66.3400,66.5400,283175.23
1780654500000,66.5400,66.5500,66.1600,66.4600,215174.69
1780655400000,66.4500,66.7000,66.1500,66.5500,226514.84
1780656300000,66.5400,66.5500,66.1000,66.3700,142917.61
1780657200000,66.3600,66.4000,65.7800,65.9600,263255.61
1780658100000,65.9500,66.7500,65.8800,66.5600,597529.65
1780659000000,66.5500,66.6100,66.0100,66.0200,215001.28
1780659900000,66.0200,66.3100,65.9300,66.0400,243115.82
1780660800000,66.0300,66.2200,65.3900,65.8500,558562.47
1780661700000,65.8500,66.3200,65.7300,65.8600,298490.53
1780662600000,65.8500,66.2000,65.1700,65.6500,594450.59
1780663500000,65.6500,65.8200,65.3200,65.7900,259929.69
1780664400000,65.7800,66.4000,65.7700,66.2700,568007.58
1780665300000,66.2600,66.7000,66.0900,66.4600,468651.16
1780666200000,66.4500,66.7900,65.7000,65.8500,592496.46
1780667100000,65.8400,65.9600,64.2500,64.2800,1148598.63
1780668000000,64.2800,65.3100,63.8900,64.9700,1505451.16
1780668900000,64.9700,65.3400,64.5500,64.8400,596484.26
1780669800000,64.8400,65.7300,64.6300,65.4400,1169284.51
1780670700000,65.4400,65.8300,64.8400,65.2400,618590.25
1780671600000,65.2400,65.3200,64.2700,64.3900,812472.55
1780672500000,64.3900,65.0100,64.1500,64.5700,919191.01
1780673400000,64.5600,64.7400,63.9300,64.3500,933713.57
1780674300000,64.3400,64.4800,63.7300,64.2000,859787.85
1780675200000,64.2000,64.7300,63.1300,64.5300,1977791.26
1780676100000,64.5300,65.4900,64.3100,64.9300,1694157.85
1780677000000,64.9300,65.2000,64.4100,64.5900,585639.03
1780677900000,64.5800,65.9500,64.5800,65.8400,850988.15
1780678800000,65.8300,66.0400,65.2700,65.4300,553386.78
1780679700000,65.4400,65.4500,64.7600,64.8500,528572.31
1780680600000,64.8600,65.5600,64.7600,64.9900,293276.87
1780681500000,64.9900,65.1400,64.8500,65.0500,197428.50
1780682400000,65.0600,65.3600,64.8800,64.9300,272292.67
1780683300000,64.9200,64.9700,63.9200,63.9700,767047.39
1780684200000,63.9700,64.2500,63.4100,63.8000,729312.75
1780685100000,63.8000,63.8500,62.5700,62.8600,1501252.73
1780686000000,62.8600,63.0000,61.7300,61.8600,1580432.90
1780686900000,61.8600,62.7700,61.4000,62.7500,1065094.94
1780687800000,62.7500,62.8000,61.9100,62.4000,538686.33
1780688700000,62.3900,63.8000,62.3800,63.3800,1025185.98
1780689600000,63.3900,64.3900,62.6100,64.0000,1163113.06
1780690500000,64.0100,64.3500,63.8200,64.1600,627029.57
1780691400000,64.1700,64.4900,63.9900,64.4000,276170.22
1780692300000,64.4100,64.7800,64.2300,64.6000,377687.74
1780693200000,64.5900,65.0300,64.4900,64.8700,357619.64
1780694100000,64.8600,65.0800,64.7600,64.9100,366414.74
1780695000000,64.9000,65.3800,64.7100,65.3000,246264.07
1780695900000,65.3000,65.3200,64.8300,64.8300,120373.01
1780696800000,64.8400,64.8600,63.7500,64.2500,820517.72
1780697700000,64.2400,64.6600,64.0600,64.1000,502433.43
1780698600000,64.1000,64.6500,63.9200,64.5300,245341.27
1780699500000,64.5200,64.5700,64.2300,64.3800,207632.80
1780700400000,64.3800,64.7600,64.0100,64.0300,282606.08
1780701300000,64.0400,64.0700,63.3700,63.5400,436015.79
1780702200000,63.5300,63.5400,62.6000,63.2200,624228.52
1780703100000,63.2200,63.6200,62.9700,63.6000,244737.75
1780704000000,63.6000,64.4700,63.5800,64.4600,410878.66
1780704900000,64.4600,64.6300,64.1500,64.4000,311322.55
1780705800000,64.4000,64.6600,64.3500,64.5400,193164.34
1780706700000,64.5400,64.8100,64.5000,64.6200,167337.84
1780707600000,64.6200,64.8200,64.2700,64.3300,291449.63
1780708500000,64.3300,64.4400,63.8000,64.3900,242236.51
1780709400000,64.3900,64.4800,63.8800,64.0000,184823.86
1780710300000,64.0000,64.1700,63.7200,63.8100,183462.21
1780711200000,63.8000,63.8400,63.4600,63.5500,227180.06
1780712100000,63.5400,63.7300,63.2200,63.4800,267679.90
1780713000000,63.4800,63.8200,63.3800,63.5700,165881.46
1780713900000,63.5700,63.9100,63.4500,63.4700,198154.08
1780714800000,63.4800,63.4900,63.0200,63.2100,308505.41
1780715700000,63.2000,63.3400,62.8600,63.0200,227917.61
1780716600000,63.0100,63.0500,62.5200,62.8200,353639.77
1780717500000,62.8200,63.0300,62.6000,62.7900,307274.88
1780718400000,62.7900,63.0900,61.5000,61.6600,878713.73
1780719300000,61.6600,61.9700,60.8800,61.1600,1239766.16
1780720200000,61.1600,61.2400,60.2800,60.5300,1049919.95
1780721100000,60.5200,61.2800,60.2700,60.8000,667629.47
1780722000000,60.8100,61.1700,60.0300,60.6000,869427.19
1780722900000,60.5900,62.6200,60.5400,62.0700,1492374.36
1780723800000,62.0700,62.4700,61.8500,62.2900,497250.21
1780724700000,62.2900,62.6900,62.1600,62.5700,552104.74
1780725600000,62.5700,63.0400,62.5400,62.9800,390280.14
1780726500000,62.9800,63.3100,62.7600,62.9800,381274.27
1780727400000,62.9900,63.2600,62.6200,62.6200,328343.48
1780728300000,62.6300,62.6700,62.0400,62.1700,522305.99
1780729200000,62.1800,62.9700,62.0200,62.9100,594477.89
1780730100000,62.9100,63.1400,62.5400,62.6200,275147.70
1780731000000,62.6200,63.0000,62.5700,62.9700,212204.42
1780731900000,62.9700,63.1000,62.7000,62.7500,195281.92
1780732800000,62.7500,62.9900,62.4900,62.9200,247666.21
1780733700000,62.9200,63.4300,62.7300,63.3200,307433.97
1780734600000,63.3200,63.5800,63.1900,63.2600,350539.44
1780735500000,63.2600,63.4000,63.0600,63.1400,195665.43
1780736400000,63.1300,63.3200,63.0000,63.1500,195374.81
1780737300000,63.1500,63.5300,63.0300,63.5100,155727.47
1780738200000,63.5100,63.5300,63.1000,63.1800,168163.56
1780739100000,63.1900,63.2000,62.4400,62.6600,386789.86
1780740000000,62.6600,62.6700,61.8600,61.9000,644856.73
1780740900000,61.9100,62.0700,61.6500,61.8000,380936.72
1780741800000,61.8100,61.8600,61.1300,61.4700,731421.64
1780742700000,61.4800,61.8500,61.2600,61.7800,375632.26
1780743600000,61.7700,62.2100,61.7100,61.9700,325388.23
1780744500000,61.9700,62.3000,61.7800,62.2300,289174.88
1780745400000,62.2400,62.4600,62.1200,62.3700,249829.98
1780746300000,62.3600,62.6400,62.2900,62.4000,237495.01
1780747200000,62.4000,62.7200,62.3800,62.5800,203451.48
1780748100000,62.5800,62.6600,62.1600,62.1600,237771.87
1780749000000,62.1600,62.6000,61.9800,62.5500,406828.42
1780749900000,62.5400,63.0600,62.3900,62.8700,502079.99
1780750800000,62.8800,63.0200,62.7200,62.7200,200342.15
1780751700000,62.7200,62.8800,62.5000,62.5100,190481.88
1780752600000,62.5200,62.5300,62.1200,62.5000,300107.49
1780753500000,62.5100,62.7500,62.2600,62.4000,195840.47
1780754400000,62.3900,62.8400,62.3000,62.7400,251880.74
1780755300000,62.7400,62.8900,62.4300,62.6000,174139.68
1780756200000,62.5900,62.8700,62.4600,62.7800,172296.79
1780757100000,62.7900,62.8500,62.2600,62.2900,217740.78
1780758000000,62.3000,62.4500,61.5400,61.6300,908291.99
1780758900000,61.6300,61.7700,61.2600,61.6100,479741.32
1780759800000,61.6200,62.2400,61.4900,62.1200,389344.98
1780760700000,62.1200,62.3000,61.9100,62.0100,251725.39
1780761600000,62.0100,62.3800,61.8300,61.9400,290367.64
1780762500000,61.9400,62.0100,61.5000,61.5100,295914.50
1780763400000,61.5100,61.8200,61.3300,61.8000,325030.27
1780764300000,61.8000,62.1900,61.7600,62.1000,264755.81
1780765200000,62.1000,62.1900,61.6800,61.9000,200255.94
1780766100000,61.9100,62.0000,61.5700,61.7800,221869.52
1780767000000,61.7800,62.2400,61.6400,61.8800,364301.31
1780767900000,61.8900,61.9500,61.4100,61.5900,257326.05
1780768800000,61.5800,61.6800,61.3700,61.5100,216733.39
1780769700000,61.5000,62.1100,61.4200,62.0100,246079.04
1780770600000,62.0000,62.0000,61.6000,61.7700,136800.80
1780771500000,61.7600,61.8000,61.4800,61.6900,130242.91
1780772400000,61.7000,62.1700,61.5900,62.0200,384859.39
1780773300000,62.0300,62.0500,61.7200,61.7400,182562.24
1780774200000,61.7400,61.8400,61.6100,61.7200,123226.04
1780775100000,61.7200,61.8100,61.5900,61.5900,105523.52
1780776000000,61.5900,61.7000,61.3100,61.5800,303412.75
1780776900000,61.5800,61.7200,61.4400,61.4700,120076.05
1780777800000,61.4600,61.7700,61.3900,61.7300,201356.61
1780778700000,61.7300,61.9100,61.6000,61.8200,217385.41
1780779600000,61.8100,62.1800,61.7900,62.1000,361203.13
1780780500000,62.1100,62.2100,61.9700,62.1000,217450.94
1780781400000,62.0900,62.3400,62.0100,62.0500,178905.76
1780782300000,62.0500,62.1000,61.8600,61.8600,73370.74
1780783200000,61.8600,61.9400,61.4600,61.6300,245674.05
1780784100000,61.6400,61.9500,61.4200,61.4700,213824.07
1780785000000,61.4800,61.6900,61.4200,61.6400,134855.32
1780785900000,61.6400,61.8800,61.6400,61.6700,143754.54
1780786800000,61.6700,62.0900,61.6300,62.0100,159359.16
1780787700000,62.0100,62.0500,61.7500,61.9200,95337.10
1780788600000,61.9200,62.2700,61.8700,62.1100,164135.15
1780789500000,62.1200,62.2300,62.0500,62.1600,125741.53
1780790400000,62.1600,62.3100,61.9100,62.0100,194876.03
1780791300000,62.0100,62.2400,62.0000,62.2300,105103.93
1780792200000,62.2300,62.6100,62.2200,62.2200,486943.68
1780793100000,62.2200,62.2900,62.0500,62.0600,178696.50
1780794000000,62.0500,63.1900,61.9900,63.0800,1022171.39
1780794900000,63.0900,63.7500,63.0100,63.7200,822715.85
1780795800000,63.7200,63.8500,63.4100,63.5600,422097.59
1780796700000,63.5600,63.8000,63.3800,63.6200,299383.39
1780797600000,63.6300,63.7500,63.5200,63.5900,224740.42
1780798500000,63.5900,63.6400,63.0800,63.1800,312488.89
1780799400000,63.1800,63.3300,63.0200,63.2700,290480.32
1780800300000,63.2600,63.6100,63.2400,63.5000,428677.40
1780801200000,63.5100,63.6500,63.3600,63.6300,191073.72
1780802100000,63.6300,64.1800,63.5000,63.9900,504238.15
1780803000000,63.9900,63.9900,63.5100,63.7100,236094.99
1780803900000,63.7200,63.7800,63.5600,63.7700,106793.59
1780804800000,63.7700,63.8000,63.4100,63.5500,214251.15
1780805700000,63.5500,63.5900,63.2500,63.3400,183320.74
1780806600000,63.3400,64.0800,63.3200,63.9200,381821.95
1780807500000,63.9100,64.0800,63.8000,64.0500,222885.07
1780808400000,64.0400,64.4200,63.8400,64.1200,341894.76
1780809300000,64.1200,64.4600,63.9900,64.1800,482447.77
1780810200000,64.1700,64.4000,63.9800,64.4000,224140.54
1780811100000,64.3900,64.4200,64.0900,64.2000,269133.20
1780812000000,64.2000,64.2400,63.9800,64.1000,122489.30
1780812900000,64.1100,64.8200,64.0400,64.7100,545816.91
1780813800000,64.7200,64.9500,64.6200,64.8700,458576.00
1780814700000,64.8600,64.9500,64.6900,64.7900,226997.15
1780815600000,64.7900,64.9400,64.5500,64.7300,295276.73
1780816500000,64.7400,64.9400,64.6000,64.9000,189302.95
1780817400000,64.9000,64.9700,64.7300,64.8000,157489.49
1780818300000,64.8100,64.8900,64.7000,64.8700,166869.79
1780819200000,64.8600,64.9100,64.4500,64.5900,334375.72
1780820100000,64.5900,64.8500,64.4400,64.8200,231887.77
1780821000000,64.8300,65.2200,64.6700,65.2100,461704.63
1780821900000,65.2100,65.9300,65.1900,65.9200,902937.48
1780822800000,65.9200,65.9600,65.6700,65.9400,414766.61
1780823700000,65.9500,66.0700,65.4700,65.7200,500184.59
1780824600000,65.7200,65.7500,65.0400,65.1300,360085.62
1780825500000,65.1200,65.1200,64.7700,64.9500,347462.84
1780826400000,64.9500,65.0200,64.5600,64.7100,280661.42
1780827300000,64.7100,65.0200,64.6900,64.9100,219845.22
1780828200000,64.9000,64.9700,64.5100,64.6300,209956.02
1780829100000,64.6400,64.7500,64.3500,64.5900,241857.60
1780830000000,64.6000,64.7500,64.4600,64.5800,200710.94
1780830900000,64.5800,64.7800,64.5200,64.7600,168839.17
1780831800000,64.7700,65.0200,64.6500,65.0200,266027.51
1780832700000,65.0100,65.1700,64.8900,64.9700,198665.85
1780833600000,64.9600,65.0300,63.8600,63.9200,830175.05
1780834500000,63.9300,64.2200,63.7800,63.9700,525820.74
1780835400000,63.9700,64.1000,63.5800,63.8500,639111.44
1780836300000,63.8600,64.3500,63.8500,64.2500,352571.83
1780837200000,64.2500,64.2900,64.0200,64.2700,223947.41
1780838100000,64.2700,64.3400,64.0600,64.3200,194948.80
1780839000000,64.3100,64.3900,64.0800,64.2800,144429.38
1780839900000,64.2800,64.3600,64.1800,64.2700,174105.36
1780840800000,64.2700,64.5300,64.2600,64.4000,162217.88
1780841700000,64.4100,65.0200,64.3500,64.9200,416395.61
1780842600000,64.9200,65.3100,64.7100,64.7400,565751.63
1780843500000,64.7500,64.9000,64.5500,64.8600,240657.12
1780844400000,64.8600,64.8800,64.5800,64.8600,190944.66
1780845300000,64.8500,64.9400,64.5800,64.9200,175062.05
1780846200000,64.9200,65.2000,64.8500,65.0900,236893.45
1780847100000,65.0800,65.0900,64.7300,64.9300,209316.81
1780848000000,64.9300,65.0300,64.6900,64.9700,231294.74
1780848900000,64.9800,65.1200,64.9000,64.9500,220076.10
1780849800000,64.9600,65.2700,64.9000,65.1100,211924.11
1780850700000,65.1200,65.2700,64.8800,65.0900,230633.72
1780851600000,65.0900,65.5800,65.0200,65.4200,273075.93
1780852500000,65.4300,65.4900,65.3000,65.3900,122793.85
1780853400000,65.3900,65.5500,65.3500,65.3800,182537.82
1780854300000,65.3700,65.3800,65.0900,65.2700,183591.70
1780855200000,65.2600,65.5200,65.2400,65.4900,117983.72
1780856100000,65.4800,65.4900,65.1700,65.3600,173136.06
1780857000000,65.3600,65.5000,65.2000,65.2200,96063.99
1780857900000,65.2100,65.3000,64.8400,64.9000,225369.16
1780858800000,64.8900,64.9200,64.0900,64.2800,601312.16
1780859700000,64.2800,64.2800,63.7000,63.9900,571502.45
1780860600000,64.0000,64.0200,63.6200,63.7300,286627.51
1780861500000,63.7300,64.0700,63.5600,63.8900,355414.93
1780862400000,63.8800,64.3600,63.6700,64.2200,318581.07
1780863300000,64.2200,64.6400,64.0400,64.4400,274671.43
1780864200000,64.4300,64.5900,64.3600,64.4800,161208.69
1780865100000,64.4800,64.7500,64.4100,64.6300,117875.62
1780866000000,64.6400,64.8700,64.4100,64.8000,158972.46
1780866900000,64.8100,64.8400,64.5000,64.5200,111929.30
1780867800000,64.5200,64.5700,64.2400,64.2900,140861.04
1780868700000,64.2800,64.5700,64.2700,64.5700,118150.06
1780869600000,64.5800,67.5000,64.4600,67.3100,1605559.63
1780870500000,67.3100,67.9000,65.9900,66.2200,1868148.94
1780871400000,66.2100,66.7300,65.8300,66.2700,674766.03
1780872300000,66.2700,66.4500,65.6900,65.7800,345237.62
1780873200000,65.7700,66.1100,65.7200,66.0900,299371.66
1780874100000,66.0800,66.3300,65.7400,66.3100,346378.17
1780875000000,66.3000,66.3400,65.9900,66.1900,200855.58
1780875900000,66.1900,66.6100,66.1100,66.4500,406068.21
1780876800000,66.4600,66.5500,65.9600,66.1600,301113.39
1780877700000,66.1700,66.5500,66.0000,66.5100,206875.49
1780878600000,66.5100,67.0700,66.3500,66.7300,435585.51
1780879500000,66.7400,66.9300,66.5000,66.6600,212220.94
1780880400000,66.6700,66.7500,65.9300,65.9300,268502.75
1780881300000,65.9300,65.9800,65.4000,65.4900,493249.67
1780882200000,65.4900,65.9600,65.3300,65.9200,305337.36
1780883100000,65.9100,66.2400,65.8100,66.1200,209847.76
1780884000000,66.1300,66.4300,66.0000,66.4100,211404.68
1780884900000,66.4000,66.5900,66.1200,66.4400,210952.85
1780885800000,66.4400,66.5200,66.0500,66.3600,248667.75
1780886700000,66.3600,66.4300,66.1400,66.4000,103470.18
1780887600000,66.4000,66.7100,66.1700,66.5200,215745.73
1780888500000,66.5100,66.5500,66.2100,66.2100,186595.79
1780889400000,66.2100,66.3800,66.1300,66.2100,124740.36
1780890300000,66.2200,66.3800,66.1200,66.3000,76659.20
1780891200000,66.3100,66.3700,65.7200,65.8900,325653.13
1780892100000,65.9000,65.9100,65.5100,65.7000,222476.19
1780893000000,65.7000,65.8300,65.3100,65.4000,245904.57
1780893900000,65.3900,65.6900,65.3600,65.3700,185146.15
1780894800000,65.3700,65.6000,65.0900,65.1200,234599.01
1780895700000,65.1200,65.4800,65.0400,65.3800,219413.48
1780896600000,65.3800,65.3900,64.9200,65.0600,212231.97
1780897500000,65.0600,65.2900,65.0000,65.2800,153371.95
1780898400000,65.2900,65.6500,65.2200,65.5100,306018.76
1780899300000,65.5000,65.8400,65.4200,65.7200,243079.38
1780900200000,65.7100,65.7900,65.5200,65.7100,193356.82
1780901100000,65.7100,65.7300,65.5600,65.6300,98907.46
1780902000000,65.6300,65.8600,65.3200,65.6500,233781.12
1780902900000,65.6400,66.0000,65.5000,65.9300,195171.51
1780903800000,65.9300,66.0700,65.8400,65.9300,166837.78
1780904700000,65.9200,66.1800,65.9000,66.0600,148792.19
1780905600000,66.0600,66.0600,65.7200,65.8900,176782.81
1780906500000,65.8900,65.9400,65.4600,65.7000,235526.96
1780907400000,65.7000,65.8400,65.5100,65.6400,99238.90
1780908300000,65.6400,65.6600,65.4000,65.5800,130924.11
1780909200000,65.5800,65.8400,65.5400,65.8200,125894.44
1780910100000,65.8200,66.1300,65.7500,65.9700,259937.81
1780911000000,65.9700,66.1500,65.7300,66.1000,295839.64
1780911900000,66.1000,66.3400,66.0400,66.3200,183326.29
1780912800000,66.3300,66.4000,66.1000,66.2000,133777.24
1780913700000,66.2000,66.2100,65.7500,65.8700,189579.26
1780914600000,65.8800,66.4100,65.8100,66.1100,361875.80
1780915500000,66.1100,66.1600,65.9800,66.1600,113568.04
1780916400000,66.1500,66.5000,66.0000,66.4400,299381.96
1780917300000,66.4400,66.8900,66.4300,66.7700,520689.44
1780918200000,66.7800,67.0300,66.6600,66.8300,282458.63
1780919100000,66.8300,66.8500,66.5500,66.6500,232350.39
1780920000000,66.6500,66.8900,65.9500,65.9700,640809.80
1780920900000,65.9800,66.4300,65.9600,66.4200,289738.08
1780921800000,66.4300,67.2300,66.4300,67.0500,490094.58
1780922700000,67.0600,67.3000,66.8400,67.2300,356466.63
1780923600000,67.2400,67.2600,66.8100,66.8500,243877.31
1780924500000,66.8600,67.1200,66.7600,66.8000,289027.52
1780925400000,66.8000,66.9600,66.4900,66.5500,519161.89
1780926300000,66.5600,66.9400,66.3700,66.7300,349069.96
1780927200000,66.7400,66.8700,66.4000,66.8100,243741.43
1780928100000,66.8100,66.9100,66.5400,66.7600,254297.20
1780929000000,66.7600,67.0300,66.6900,66.8500,321992.21
1780929900000,66.8600,67.2900,66.8000,67.2500,329198.94
1780930800000,67.2500,67.7800,67.1900,67.7400,473353.24
1780931700000,67.7500,67.7800,67.3500,67.4000,347354.43
1780932600000,67.4100,67.4400,67.1200,67.3500,363110.56
1780933500000,67.3500,67.5300,67.0100,67.1400,206899.06
1780934400000,67.1500,67.4300,66.9600,67.3400,223019.22
1780935300000,67.3400,67.7200,67.3200,67.4800,251141.98
1780936200000,67.4800,67.5200,67.0200,67.1800,305077.13
1780937100000,67.1800,67.2000,66.8400,66.9100,231009.60
1780938000000,66.9000,66.9800,66.5000,66.6400,323579.58
1780938900000,66.6500,67.1100,66.6300,67.0900,220358.70
1780939800000,67.0900,67.1100,66.6700,66.9100,168815.48
1780940700000,66.9100,67.3600,66.9000,67.3400,150006.48
1780941600000,67.3300,67.5600,67.3300,67.4200,220437.81
1780942500000,67.4200,67.5000,67.3400,67.4900,118260.28
1780943400000,67.4800,67.5900,67.1700,67.2800,171231.06
1780944300000,67.2700,67.5000,67.1100,67.3900,176934.85
1780945200000,67.3900,67.6900,67.3300,67.5000,194411.16
1780946100000,67.5000,67.7900,67.3900,67.6000,250911.03
1780947000000,67.6100,67.7000,67.3900,67.5200,251834.70
1780947900000,67.5300,67.5500,67.2300,67.4400,269952.69
1780948800000,67.4400,67.5000,66.9900,67.0600,283406.61
1780949700000,67.0600,67.1500,66.8900,66.9800,185310.07
1780950600000,66.9800,67.3500,66.9300,67.2800,142744.49
1780951500000,67.2700,67.4500,67.1900,67.4500,120090.92
1780952400000,67.4500,68.1600,67.3800,67.8900,546728.16
1780953300000,67.8900,68.0200,67.6600,67.7700,193526.61
1780954200000,67.7800,67.8800,67.6900,67.8500,127654.15
1780955100000,67.8500,67.9000,67.4300,67.4400,118258.38
1780956000000,67.4300,67.4300,66.9600,67.0000,283591.02
1780956900000,67.0000,67.2100,66.8000,67.0500,247840.94
1780957800000,67.0500,67.1400,66.8800,67.0000,146305.11
1780958700000,67.0100,67.1600,66.8600,67.1400,99242.51
1780959600000,67.1400,67.3700,67.1000,67.3400,121947.17
1780960500000,67.3400,67.3600,66.6300,66.7800,251437.05
1780961400000,66.7700,66.9100,66.6100,66.8200,144079.30
1780962300000,66.8200,66.8300,66.6100,66.7900,158293.52
1780963200000,66.7800,66.8300,66.5100,66.5300,191962.07
1780964100000,66.5300,66.8500,65.7900,65.8800,887355.72
1780965000000,65.8900,65.9600,65.3800,65.7300,715933.93
1780965900000,65.7300,65.7300,65.2300,65.3800,700154.86
1780966800000,65.3800,65.6300,65.3300,65.5200,368154.30
1780967700000,65.5200,65.9600,65.4700,65.8300,276529.36
1780968600000,65.8300,66.0300,65.7100,65.8000,163813.41
1780969500000,65.8000,66.0200,65.7100,65.9400,139013.58
1780970400000,65.9300,66.0400,65.8200,65.8300,91163.92
1780971300000,65.8200,65.8800,65.5400,65.8600,227171.98
1780972200000,65.8600,65.9400,65.4800,65.6900,169671.95
1780973100000,65.7000,65.8800,65.6000,65.8800,105856.84
1780974000000,65.8700,65.9800,65.7400,65.9500,108028.22
1780974900000,65.9500,66.0600,65.8000,65.8500,107427.49
1780975800000,65.8400,65.9300,65.6200,65.8200,107474.12
1780976700000,65.8200,66.0200,65.7400,65.9700,79834.68
1780977600000,65.9700,66.1700,65.7800,66.0700,168295.01
1780978500000,66.0700,66.1800,65.9100,65.9100,121490.70
1780979400000,65.9200,67.2900,65.8200,67.0300,1258469.57
1780980300000,67.0400,67.4000,66.9500,66.9700,438151.38
1780981200000,66.9700,67.1500,66.6600,66.9900,361089.24
1780982100000,67.0000,67.1600,66.9100,67.0200,248423.63
1780983000000,67.0300,67.3700,67.0100,67.1500,231708.15
1780983900000,67.1600,67.3200,67.0600,67.1600,142246.27
1780984800000,67.1600,67.2700,67.0600,67.2100,149648.46
1780985700000,67.2000,67.4500,67.1900,67.2700,193159.27
1780986600000,67.2700,67.3400,67.1400,67.2100,106004.27
1780987500000,67.2200,67.3000,66.9300,67.0200,155161.35
1780988400000,67.0300,67.3300,66.9800,66.9800,176940.57
1780989300000,66.9800,67.1700,66.5700,66.6500,481236.05
1780990200000,66.6600,66.9000,66.6500,66.8700,134930.36
1780991100000,66.8600,66.9300,66.7500,66.8500,81467.47
1780992000000,66.8600,66.9000,66.3400,66.5500,501016.80
1780992900000,66.5500,66.6800,66.3900,66.5700,180867.91
1780993800000,66.5700,66.7500,66.4500,66.6600,249930.73
1780994700000,66.6600,66.7300,66.5300,66.5400,118194.35
1780995600000,66.5500,66.6900,66.4500,66.6700,83855.56
1780996500000,66.6800,66.7900,66.3600,66.3600,255422.07
1780997400000,66.3500,66.3900,66.0200,66.0900,367584.06
1780998300000,66.1000,66.1900,66.0600,66.1200,98215.90
1780999200000,66.1300,66.2400,65.9400,66.1700,295063.22
1781000100000,66.1700,66.1900,66.0400,66.1500,63668.19
1781001000000,66.1600,66.1700,65.9900,66.1100,75250.20
1781001900000,66.1100,66.4500,66.0400,66.3600,227688.59
1781002800000,66.3700,66.4300,66.0000,66.0100,226737.15
1781003700000,66.0000,66.0900,65.8400,65.9600,199372.02
1781004600000,65.9600,66.1200,65.8800,66.0300,109635.80
1781005500000,66.0400,66.1800,65.9300,66.0700,138320.01
1781006400000,66.0700,66.4900,66.0400,66.3700,440629.26
1781007300000,66.3800,66.4000,66.1900,66.2300,106957.59
1781008200000,66.2300,66.2800,66.0300,66.0300,162313.21
1781009100000,66.0300,66.2400,65.9100,66.1700,186821.36
1781010000000,66.1700,66.3400,66.1200,66.1600,167414.93
1781010900000,66.1600,66.1900,65.6300,65.7100,423182.92
1781011800000,65.7000,66.0200,65.5500,66.0000,418888.02
1781012700000,66.0000,66.1800,65.8000,65.8000,356838.45
1781013600000,65.8100,65.9600,65.3200,65.3400,607011.95
1781014500000,65.3400,65.4500,64.6900,64.7300,1140147.75
1781015400000,64.7300,64.9700,64.4500,64.5000,799483.78
1781016300000,64.5000,65.0600,64.3300,65.0300,953391.57
1781017200000,65.0400,65.2900,64.7700,65.1700,749974.37
1781018100000,65.1600,65.2600,64.6300,64.6300,451809.08
1781019000000,64.6300,64.7800,64.4100,64.6400,498007.33
1781019900000,64.6400,64.7200,64.2200,64.2900,457173.38
1781020800000,64.2800,64.4600,63.9200,63.9800,794320.82
1781021700000,63.9900,64.1800,63.7800,64.0700,549420.66
1781022600000,64.0700,64.3500,63.5000,64.0900,1008289.26
1781023500000,64.0800,64.3100,63.8100,64.1200,504438.07
1781024400000,64.1200,64.6400,64.0600,64.5200,602276.11
1781025300000,64.5100,65.1400,64.5000,64.9200,639827.17
1781026200000,64.9200,65.1400,64.8300,64.8900,262625.20
1781027100000,64.8900,64.9900,64.7100,64.7600,213171.57
1781028000000,64.7500,65.0300,64.6300,64.9400,247487.64
1781028900000,64.9300,65.5300,64.8800,65.0400,457461.94
1781029800000,65.0400,65.4000,65.0100,65.0200,288704.12
1781030700000,65.0200,65.3200,65.0200,65.2600,184073.01
1781031600000,65.2500,65.4500,65.1300,65.1700,156376.09
1781032500000,65.1700,65.3300,65.0800,65.3200,161046.10
1781033400000,65.3100,65.6300,65.1200,65.2800,275971.72
1781034300000,65.2700,65.6200,65.0100,65.3800,343155.80
1781035200000,65.3800,65.5900,65.2500,65.5500,182928.48
1781036100000,65.5500,65.6800,65.2800,65.4500,145227.20
1781037000000,65.4500,65.6500,65.3100,65.5700,76516.10
1781037900000,65.5600,65.6000,65.4200,65.5900,67327.71
1781038800000,65.5800,65.6300,65.3800,65.5100,117816.97
1781039700000,65.5200,65.5300,65.0700,65.1000,179111.26
1781040600000,65.1100,65.1600,64.9200,64.9800,164236.52
1781041500000,64.9700,65.0300,64.8400,64.9900,113206.90
1781042400000,64.9900,65.0800,64.8200,65.0500,84396.00
1781043300000,65.0600,65.3200,65.0200,65.1200,124247.14
1781044200000,65.1100,65.2600,65.0100,65.1100,104284.04
1781045100000,65.1000,65.1500,64.7800,64.8500,141168.49
1781046000000,64.8400,64.9800,64.7100,64.9000,167920.85
1781046900000,64.9100,65.1400,64.8500,64.8700,120168.12
1781047800000,64.8700,64.9500,64.6400,64.9000,160686.23
1781048700000,64.9100,65.0800,64.8000,64.9200,108255.19
1781049600000,64.9300,65.1900,64.9100,65.0700,152730.93
1781050500000,65.0700,65.0900,64.8100,65.0400,93558.49
1781051400000,65.0500,65.0700,64.4400,64.5200,265064.14
1781052300000,64.5300,65.1600,64.4900,65.1500,203637.72
1781053200000,65.1500,65.2400,64.8300,65.0600,219473.43
1781054100000,65.0700,65.2700,65.0000,65.1500,138515.50
1781055000000,65.1400,65.1900,64.7600,64.8700,123784.97
1781055900000,64.8600,65.2300,64.8100,65.0600,128429.25
1781056800000,65.0600,65.2100,64.8300,64.8500,161888.73
1781057700000,64.8400,64.8900,64.4800,64.6900,254971.50
1781058600000,64.6900,64.7600,64.2900,64.3700,266911.91
1781059500000,64.3700,64.3800,64.2000,64.2700,141788.67
1781060400000,64.2600,64.6500,64.2300,64.4700,136881.43
1781061300000,64.4600,64.8200,64.4300,64.7700,97303.44
1781062200000,64.7700,64.7800,64.4700,64.5600,86054.60
1781063100000,64.5600,64.7000,64.4000,64.4800,102458.92
1781064000000,64.4700,64.5400,64.3400,64.4800,84232.03
1781064900000,64.4800,64.6200,64.3800,64.4500,70820.82
1781065800000,64.4500,64.4600,64.1100,64.1500,194937.81
1781066700000,64.1400,64.3100,64.0800,64.2500,109035.86
1781067600000,64.2600,64.3500,64.0300,64.0800,137878.79
1781068500000,64.0700,64.1600,63.8700,64.1600,195312.19
1781069400000,64.1600,64.2000,63.9600,64.0700,113756.85
1781070300000,64.0600,64.1500,63.9300,64.0900,120696.26
1781071200000,64.0900,64.1300,63.8700,63.9900,129331.01
1781072100000,63.9800,64.1900,63.9500,64.0600,126453.62
1781073000000,64.0700,64.3200,63.7800,64.1900,207385.70
1781073900000,64.1800,64.3300,64.1300,64.1500,113296.04
1781074800000,64.1500,64.4400,64.0900,64.3500,141841.05
1781075700000,64.3600,64.5700,64.3300,64.4800,193206.16
1781076600000,64.4900,64.7400,64.4000,64.5800,215176.79
1781077500000,64.5900,64.6000,64.4300,64.4500,158200.70
1781078400000,64.4600,64.4800,63.9800,64.0600,267671.00
1781079300000,64.0700,64.2500,63.7500,63.8100,269139.41
1781080200000,63.8100,63.9000,63.4600,63.5000,480936.76
1781081100000,63.5000,63.6600,63.3700,63.5800,287251.75
1781082000000,63.5800,63.7200,63.3900,63.4100,203292.12
1781082900000,63.4200,63.4900,63.0200,63.4500,495274.65
1781083800000,63.4500,63.7000,63.4000,63.5400,207072.92
1781084700000,63.5300,63.6900,63.3500,63.6000,147149.10
1781085600000,63.6100,63.6400,63.3300,63.4100,140837.69
1781086500000,63.4100,63.5800,63.2300,63.5200,142103.08
1781087400000,63.5300,63.7600,63.3700,63.4900,190168.82
1781088300000,63.4900,63.7100,63.4600,63.6400,104964.63
1781089200000,63.6500,63.7400,62.9100,63.4000,706718.39
1781090100000,63.3900,63.5500,63.0200,63.1900,317274.57
1781091000000,63.1900,63.4200,63.1400,63.3500,205414.92
1781091900000,63.3500,63.6000,63.3000,63.4700,228354.74
1781092800000,63.4700,63.6200,63.2800,63.4900,201249.56
1781093700000,63.4900,63.6000,63.2600,63.4700,185754.10
1781094600000,63.4700,64.6500,63.3900,64.2600,1694213.74
1781095500000,64.2700,64.4500,64.0800,64.0900,340937.46
1781096400000,64.0900,64.2200,63.9700,64.1200,231494.20
1781097300000,64.1200,64.4000,64.0600,64.3600,196234.47
1781098200000,64.3600,65.3900,64.2500,65.3800,1267872.28
1781099100000,65.3700,65.5200,64.9700,65.0300,687297.23
1781100000000,65.0400,65.2500,64.8000,64.8800,483202.94
1781100900000,64.8900,65.1600,64.5900,64.9700,389999.11
1781101800000,64.9700,65.1500,64.5400,64.8200,381472.79
1781102700000,64.8200,65.0200,64.5500,65.0100,270814.02
1781103600000,65.0200,65.3000,64.5300,64.7100,424212.26
1781104500000,64.7100,65.3000,64.5000,65.1900,484454.76
1781105400000,65.1900,65.4000,65.0400,65.3600,503609.81
1781106300000,65.3600,65.7400,64.7200,65.4000,898974.78
1781107200000,65.4100,65.4400,65.0400,65.0800,345291.01
1781108100000,65.0800,65.2500,64.6400,64.9200,349092.51
1781109000000,64.9200,65.0800,64.7000,64.7300,210638.33
1781109900000,64.7200,64.7400,64.1800,64.5800,490864.05
1781110800000,64.5800,64.9300,64.4000,64.4700,231286.80
1781111700000,64.4700,64.6600,64.0100,64.0600,209371.92
1781112600000,64.0500,64.0700,63.5800,63.7100,500961.87
1781113500000,63.7100,64.2000,63.6200,64.0000,375834.72
1781114400000,64.0000,64.1800,63.7800,63.9200,237683.13
1781115300000,63.9200,64.0400,63.6900,64.0300,227102.15
1781116200000,64.0300,64.0400,63.3800,63.4500,323659.83
1781117100000,63.4500,63.8300,63.3100,63.8000,313998.24
1781118000000,63.8000,63.9100,63.5400,63.6000,156975.79
1781118900000,63.6000,63.6800,63.3900,63.6000,163662.98
1781119800000,63.6000,63.8700,63.5700,63.7000,283773.75
1781120700000,63.7000,63.7300,63.3300,63.5200,346209.41
1781121600000,63.5100,63.6000,63.1400,63.4200,278164.37
1781122500000,63.4200,63.6200,63.2100,63.5600,257069.87
1781123400000,63.5500,63.6000,63.3600,63.3800,159342.24
1781124300000,63.3800,63.4300,63.1300,63.2800,177772.31
1781125200000,63.2800,63.2800,62.6300,62.7200,429664.91
1781126100000,62.7200,63.0300,62.7200,62.9400,186985.25
1781127000000,62.9400,63.1200,62.8800,63.0300,127454.68
1781127900000,63.0400,63.0700,62.2900,62.5600,400104.11
1781128800000,62.5600,62.6500,62.3300,62.5400,230578.28
1781129700000,62.5300,62.6900,62.3100,62.5600,265603.30
1781130600000,62.5500,63.0400,62.5300,62.8900,289050.69
1781131500000,62.8900,62.9000,62.7200,62.7400,133252.30
1781132400000,62.7400,62.7400,62.5000,62.5300,176494.16
1781133300000,62.5300,63.0700,62.4100,63.0400,306600.31
1781134200000,63.0400,63.2200,62.9200,63.1400,215405.47
1781135100000,63.1400,63.2700,63.0700,63.1600,124564.89
1781136000000,63.1600,63.4100,63.1500,63.3800,141478.29
1781136900000,63.3800,63.7000,63.3700,63.6500,277505.84
1781137800000,63.6400,63.6800,63.4300,63.5400,170179.87
1781138700000,63.5400,63.7400,63.5400,63.6200,86760.17
1781139600000,63.6200,64.2500,63.6100,64.1100,471767.01
1781140500000,64.1100,64.3400,64.0900,64.2300,177406.05
1781141400000,64.2400,65.1100,64.1000,64.8600,670241.29
1781142300000,64.8500,65.1200,64.7300,64.8600,565901.28
1781143200000,64.8700,64.9600,64.6300,64.7500,218282.54
1781144100000,64.7500,64.8300,64.4600,64.5100,203394.67
1781145000000,64.5100,64.6300,64.3200,64.4600,330325.54
1781145900000,64.4500,64.6400,64.3200,64.5000,166433.87
1781146800000,64.4900,64.5700,64.3000,64.4000,83817.00
1781147700000,64.4000,64.4900,64.2900,64.4900,76149.94
1781148600000,64.4800,65.0000,64.4600,64.8200,356533.05
1781149500000,64.8300,65.4500,64.8200,65.2300,704806.64
1781150400000,65.2300,65.2800,64.9800,65.0700,211768.87
1781151300000,65.0700,65.1800,65.0100,65.0700,141068.97
1781152200000,65.0700,65.1700,64.9100,65.1500,131248.88
1781153100000,65.1400,65.3100,65.1100,65.1700,155677.66
1781154000000,65.1700,65.1800,64.9800,65.0400,104386.90
1781154900000,65.0300,65.2000,65.0200,65.0900,88884.25
1781155800000,65.1000,65.1500,65.0200,65.1400,48323.09
1781156700000,65.1300,65.1700,64.9200,64.9400,104471.29
1781157600000,64.9300,65.1800,64.7800,65.1500,222793.36
1781158500000,65.1500,65.3800,65.1100,65.3000,311153.47
1781159400000,65.3000,65.4100,65.2300,65.2700,145215.45
1781160300000,65.2700,65.3200,65.0600,65.0800,110437.80
1781161200000,65.0800,65.0900,64.8600,64.9400,146700.26
1781162100000,64.9400,65.1300,64.9100,65.0900,101181.72
1781163000000,65.0900,65.1500,64.7300,64.8600,341618.55
1781163900000,64.8500,65.0200,64.8500,65.0200,93612.82
1781164800000,65.0100,65.2400,65.0000,65.1600,159387.69
1781165700000,65.1600,65.5200,65.1300,65.4600,353073.01
1781166600000,65.4700,65.5000,65.2700,65.2700,287818.74
1781167500000,65.2800,65.3800,65.2300,65.2800,182985.82
1781168400000,65.2700,65.2800,65.0600,65.1000,185953.38
1781169300000,65.1000,65.2000,64.9800,65.1400,402609.43
1781170200000,65.1300,65.4600,65.1300,65.3600,269016.83
1781171100000,65.3600,65.5300,65.3100,65.3600,219885.50
1781172000000,65.3600,65.4800,65.3200,65.3400,127593.64
1781172900000,65.3500,65.4500,65.2400,65.4100,188526.54
1781173800000,65.4200,65.5400,65.3900,65.4100,213101.33
1781174700000,65.4100,65.6200,65.3900,65.4700,230865.92
1781175600000,65.4700,65.5900,65.3000,65.5500,276032.20
1781176500000,65.5500,65.5900,65.3700,65.4700,117886.18
1781177400000,65.4800,65.5900,65.3400,65.4800,142596.19
1781178300000,65.4900,66.3000,65.4600,65.8500,842852.78
1781179200000,65.8500,65.8900,65.5600,65.6200,314657.68
1781180100000,65.6100,65.7000,64.9200,65.0800,748726.88
1781181000000,65.0700,65.2900,64.8500,65.2600,551461.07
1781181900000,65.2600,65.3700,65.1000,65.2200,283935.24
1781182800000,65.2200,65.2200,65.0600,65.1600,140055.93
1781183700000,65.1700,65.4700,65.1500,65.2200,208788.07
1781184600000,65.2100,65.5000,65.0100,65.3700,334098.90
1781185500000,65.3600,65.7100,65.3400,65.4900,469193.40
1781186400000,65.5000,65.5700,65.0400,65.1000,285738.30
1781187300000,65.1000,65.3700,64.9400,65.3600,248474.41
1781188200000,65.3500,65.6900,65.2500,65.5300,251207.21
1781189100000,65.5400,65.7400,65.2700,65.3000,292293.76
1781190000000,65.3100,65.6700,64.9500,65.5300,471727.06
1781190900000,65.5200,65.8000,65.4300,65.6900,255055.32
1781191800000,65.6800,65.8300,65.4800,65.4800,194690.90
1781192700000,65.4800,65.5400,65.3200,65.5100,165706.07
1781193600000,65.5100,65.7700,65.4700,65.7500,206399.18
1781194500000,65.7500,65.7700,65.3300,65.4200,225168.99
1781195400000,65.4200,65.7400,65.2600,65.5300,197164.74
1781196300000,65.5300,65.5600,65.3200,65.3300,93818.17
1781197200000,65.3400,65.4700,65.1500,65.2000,242665.88
1781198100000,65.2000,65.8600,65.0000,65.8500,661204.60
1781199000000,65.8500,66.7300,65.8300,66.6200,1293005.58
1781199900000,66.6100,67.1600,66.5700,67.1300,886336.91
1781200800000,67.1200,67.2900,66.7900,67.0500,445181.46
1781201700000,67.0600,67.2600,66.6400,66.7200,407796.47
1781202600000,66.7300,66.9600,66.6100,66.9600,141238.01
1781203500000,66.9500,66.9900,66.7500,66.7600,143743.57
1781204400000,66.7600,66.9200,66.5500,66.7200,197560.79
1781205300000,66.7300,67.1000,66.7000,66.9100,255524.01
1781206200000,66.9200,67.3600,66.9000,66.9500,436949.83
1781207100000,66.9400,67.0200,66.8400,66.8800,200575.23
1781208000000,66.8800,67.0000,66.7700,66.8200,186761.96
1781208900000,66.8200,66.8800,66.4300,66.5000,225604.30
1781209800000,66.5000,66.5700,66.3100,66.3700,262898.64
1781210700000,66.3700,66.5600,66.3400,66.5400,94569.18
1781211600000,66.5400,67.0600,66.5300,66.9900,172476.59
1781212500000,66.9800,67.0000,66.8600,66.9200,102812.69
1781213400000,66.9300,66.9900,66.8800,66.9600,65513.60
1781214300000,66.9600,67.0700,66.7900,66.8800,113177.24
1781215200000,66.8800,67.0600,66.8500,67.0200,167866.26
1781216100000,67.0200,67.1000,66.8500,66.9300,109517.00
1781217000000,66.9300,67.0900,66.8400,66.8900,142994.71
1781217900000,66.9000,67.0000,66.8200,66.8500,39710.03
1781218800000,66.8400,66.8400,66.6400,66.7300,117211.47
1781219700000,66.7300,66.8300,66.6800,66.6800,81439.39
1781220600000,66.6900,67.0700,66.6900,66.9900,230372.36
1781221500000,66.9900,67.0200,66.7000,66.8800,170483.92
1781222400000,66.8700,67.0700,66.6900,66.9300,213401.63
1781223300000,66.9300,66.9300,66.7100,66.8500,94549.77
1781224200000,66.8400,67.0700,66.7900,66.9300,93876.65
1781225100000,66.9300,67.0100,66.8200,66.8300,81743.46
1781226000000,66.8200,66.8300,66.5500,66.6700,199840.72
1781226900000,66.6700,66.7700,66.3700,66.4800,177840.63
1781227800000,66.4700,66.6000,66.4200,66.5200,89455.85
1781228700000,66.5100,66.6600,66.5100,66.6500,72186.75
1781229600000,66.6400,67.1600,66.6300,67.0200,271837.49
1781230500000,67.0100,67.0800,66.8600,66.9600,89709.96
1781231400000,66.9700,67.2600,66.9300,67.2600,137317.41
1781232300000,67.2600,67.2600,67.0300,67.0800,90420.19
1781233200000,67.0900,67.1300,66.8700,66.9300,113317.71
1781234100000,66.9300,66.9600,66.6300,66.7900,176051.61
1781235000000,66.7800,66.9600,66.7700,66.8600,93155.11
1781235900000,66.8600,67.0100,66.7900,66.9900,164002.11
1781236800000,66.9800,67.0200,66.8000,66.8500,67088.01
1781237700000,66.8600,67.1300,66.8600,67.0800,114855.37
1781238600000,67.0800,67.2100,67.0000,67.0800,110725.20
1781239500000,67.0800,67.1300,67.0100,67.0200,72788.56
1781240400000,67.0300,67.0500,66.6900,66.7300,146385.45
1781241300000,66.7300,66.8600,66.7100,66.7400,180568.20
1781242200000,66.7400,66.8300,66.5900,66.7100,209452.12
1781243100000,66.7100,66.7600,66.6000,66.6900,105016.20
1781244000000,66.6900,66.7800,66.5700,66.6400,122060.90
1781244900000,66.6300,66.6500,66.3500,66.4300,259937.32
1781245800000,66.4200,66.4300,65.8800,65.9700,436644.92
1781246700000,65.9800,66.1800,65.9700,66.0800,212329.75
1781247600000,66.0900,66.3200,66.0800,66.1300,208414.26
1781248500000,66.1300,66.3200,66.0800,66.2400,114229.39
1781249400000,66.2500,66.3200,66.1900,66.2200,177777.22
1781250300000,66.2200,66.4500,66.1200,66.2800,324003.02
1781251200000,66.2900,66.6500,66.2800,66.5700,210259.39
1781252100000,66.5700,67.0300,66.5500,66.9100,425072.47
1781253000000,66.9200,66.9900,66.7600,66.7700,181738.58
1781253900000,66.7700,66.9300,66.7300,66.8700,162631.11
1781254800000,66.8600,66.9600,66.7900,66.9500,89773.01
1781255700000,66.9500,67.2500,66.9300,67.2000,336667.87
1781256600000,67.2000,67.4800,67.1700,67.2600,456868.11
1781257500000,67.2600,67.3500,67.1400,67.1400,137399.33
1781258400000,67.1500,67.3300,67.0700,67.1400,162500.71
1781259300000,67.1500,67.2100,66.5500,66.6700,446678.65
1781260200000,66.6700,66.8400,66.6600,66.7600,181228.07
1781261100000,66.7500,66.8900,66.7000,66.7500,126833.14
1781262000000,66.7500,66.9800,66.7400,66.9000,174496.78
1781262900000,66.9100,67.0300,66.7900,66.9400,89545.46
1781263800000,66.9500,66.9800,66.7600,66.9800,95441.32
1781264700000,66.9700,67.0800,66.8800,66.8900,82918.76
1781265600000,66.8900,66.9500,66.7200,66.8700,123234.44
1781266500000,66.8700,66.9600,66.7100,66.7100,144783.60
1781267400000,66.7100,66.8900,66.6000,66.7700,177510.84
1781268300000,66.7600,66.9400,66.6200,66.7400,163015.41
1781269200000,66.7400,66.8600,66.6500,66.8200,102700.93
1781270100000,66.8200,66.9600,66.6700,66.8100,105738.29
1781271000000,66.8100,66.9800,66.3300,66.5500,962630.27
1781271900000,66.5500,66.8600,66.4800,66.6900,318254.05
1781272800000,66.6900,67.0500,66.6100,66.9000,583099.36
1781273700000,66.9100,67.2000,66.6700,67.1500,418714.21
1781274600000,67.1400,67.5200,67.0300,67.1800,472621.93
1781275500000,67.1800,67.9500,67.0600,67.8900,597560.38
1781276400000,67.8800,68.7300,67.6200,68.7300,1045612.18
1781277300000,68.7400,68.7800,68.1400,68.1600,606075.83
1781278200000,68.1500,68.2200,67.5800,67.6900,814713.32
1781279100000,67.6900,67.8200,67.1200,67.2000,700476.47
1781280000000,67.1900,67.7500,67.0300,67.6100,568007.37
1781280900000,67.6200,67.8000,67.3400,67.5800,212591.57
1781281800000,67.5900,67.9400,67.4800,67.6900,294110.79
1781282700000,67.6800,67.9800,67.6600,67.9700,180924.92
1781283600000,67.9700,68.1800,67.6800,67.8000,311322.38
1781284500000,67.8000,67.8000,67.2900,67.5000,256273.25
1781285400000,67.5100,67.6700,67.3300,67.3900,211450.91
1781286300000,67.3900,67.4600,67.2100,67.3600,136490.04
1781287200000,67.3600,67.4300,66.9400,67.1900,353175.83
1781288100000,67.1900,67.2600,66.9900,67.2000,161772.27
1781289000000,67.1900,67.4500,67.1100,67.3500,192775.11
1781289900000,67.3400,67.3900,67.0100,67.0300,106111.98
1781290800000,67.0300,67.2300,67.0000,67.1500,141136.34
1781291700000,67.1500,67.2700,67.0300,67.1800,103979.13
1781292600000,67.1800,67.3700,66.9400,66.9700,214701.19
1781293500000,66.9800,67.0400,66.6500,66.7400,403428.12
1781294400000,66.7500,66.7800,66.4800,66.7100,359818.20
1781295300000,66.7100,66.7200,66.5600,66.7000,90850.65
1781296200000,66.7100,66.8200,66.6400,66.7800,149406.48
1781297100000,66.7800,66.7900,66.5100,66.6400,152024.92
1781298000000,66.6400,66.8100,66.5700,66.7700,93353.18
1781298900000,66.7800,66.9100,66.7400,66.7600,84417.82
1781299800000,66.7600,66.7900,66.6800,66.6900,72650.55
1781300700000,66.6900,66.7000,66.4200,66.5300,102618.89
1781301600000,66.5400,66.6200,66.4100,66.6200,110460.02
1781302500000,66.6100,66.7300,66.5400,66.6400,76717.86
1781303400000,66.6500,66.6900,66.4400,66.5200,75121.06
1781304300000,66.5200,66.6100,66.4700,66.6000,72729.65
1781305200000,66.5900,66.6200,66.4300,66.5300,69390.40
1781306100000,66.5400,66.6400,66.4500,66.6000,53299.67
1781307000000,66.6000,66.7000,66.5100,66.5800,125229.08
1781307900000,66.5800,66.7900,66.5700,66.7900,111624.05
1781308800000,66.7900,66.9000,66.7300,66.8700,115909.16
1781309700000,66.8800,66.9900,66.8200,66.8700,75388.58
1781310600000,66.8700,67.0200,66.8300,66.8700,83761.81
1781311500000,66.8800,67.0400,66.8400,66.9400,129685.74
1781312400000,66.9500,67.1500,66.9400,67.0900,62447.39
1781313300000,67.1000,67.1600,67.0100,67.1500,77943.58
1781314200000,67.1600,67.4300,67.0900,67.3000,158728.19
1781315100000,67.3000,67.4900,67.3000,67.4000,97976.67
1781316000000,67.4000,67.4700,67.2300,67.2300,105586.19
1781316900000,67.2400,67.2600,67.0600,67.1000,98097.79
1781317800000,67.1100,67.1400,66.9500,66.9800,82645.50
1781318700000,66.9800,67.0100,66.8300,66.9200,92809.19
1781319600000,66.9300,67.0200,66.8900,66.9100,75607.34
1781320500000,66.9100,66.9500,66.6500,66.7500,157084.81
1781321400000,66.7500,66.8500,66.7200,66.8400,59525.52
1781322300000,66.8500,66.9100,66.8300,66.8400,63646.85
1781323200000,66.8300,66.8800,66.6700,66.7000,74810.46
1781324100000,66.6900,66.8200,66.6600,66.7200,63527.49
1781325000000,66.7200,66.9300,66.7100,66.8700,63648.60
1781325900000,66.8800,66.9300,66.5900,66.6100,134782.29
1781326800000,66.6100,66.9300,66.5700,66.7600,233124.60
1781327700000,66.7600,66.8400,66.6500,66.6700,88123.51
1781328600000,66.6700,66.7900,66.6500,66.7200,169224.70
1781329500000,66.7300,66.7600,66.5500,66.7500,70919.43
1781330400000,66.7500,66.7800,66.6600,66.6900,67378.57
1781331300000,66.6800,66.8300,66.6200,66.8200,58818.86
1781332200000,66.8200,66.9400,66.7700,66.8800,104359.19
1781333100000,66.8900,67.2000,66.8900,67.1200,385930.91
1781334000000,67.1300,67.1400,66.9700,67.0600,226141.42
1781334900000,67.0600,67.3300,66.9300,67.2200,185332.75
1781335800000,67.2300,67.2600,67.1000,67.2300,107982.62
1781336700000,67.2200,67.4500,67.2100,67.3400,278354.25
1781337600000,67.3300,67.4200,67.2200,67.2800,251647.25
1781338500000,67.2800,67.4200,67.2400,67.3300,129427.17
1781339400000,67.3300,67.5500,67.2900,67.4200,154582.15
1781340300000,67.4300,67.4500,67.2800,67.2900,62614.02
1781341200000,67.2800,67.4600,67.2800,67.3900,91861.53
1781342100000,67.4000,67.5000,67.3300,67.3700,70926.51
1781343000000,67.3700,67.4000,67.2800,67.3300,50016.67
1781343900000,67.3300,67.3500,67.2500,67.3400,63759.42
1781344800000,67.3400,67.4400,67.3100,67.3900,67373.88
1781345700000,67.3800,67.4300,67.3000,67.3700,34996.60
1781346600000,67.3800,67.4900,67.3700,67.4800,59355.21
1781347500000,67.4800,67.5800,67.2900,67.4000,109367.77
1781348400000,67.4000,67.6800,67.3400,67.6600,120639.67
1781349300000,67.6700,67.9300,67.6500,67.9000,240044.98
1781350200000,67.8900,67.9000,67.7400,67.7800,99731.49
1781351100000,67.7700,67.8700,67.7400,67.8700,46458.76
1781352000000,67.8700,67.8800,67.7500,67.7900,116983.15
1781352900000,67.7900,67.8700,67.7600,67.7700,68645.59
1781353800000,67.7700,67.8700,67.7400,67.7500,88571.81
1781354700000,67.7500,68.0300,67.7500,67.9200,194106.48
1781355600000,67.9300,67.9500,67.8000,67.8200,77356.26
1781356500000,67.8200,68.0300,67.7900,67.9500,113963.68
1781357400000,67.9600,68.2700,67.8500,68.1100,241348.64
1781358300000,68.1100,68.1800,67.8200,67.9700,324255.64
1781359200000,67.9700,68.2600,67.9500,68.2300,229452.94
1781360100000,68.2300,68.4100,68.0900,68.1400,190699.41
1781361000000,68.1400,68.2900,68.0600,68.0900,103465.67
1781361900000,68.1000,68.2500,68.0900,68.2500,75181.42
1781362800000,68.2500,68.5000,68.1200,68.4500,262238.20
1781363700000,68.4400,68.5900,68.3800,68.5000,200488.30
1781364600000,68.5100,68.6800,68.3600,68.3900,175985.87
1781365500000,68.3800,68.6000,68.3300,68.5500,294642.87
1781366400000,68.5600,68.5900,68.0700,68.1200,401486.67
1781367300000,68.1200,68.1500,67.8400,67.9800,300938.05
1781368200000,67.9800,68.0500,67.8000,68.0300,278927.31
1781369100000,68.0200,68.2400,67.7700,68.0500,382929.36
1781370000000,68.0400,68.0900,67.8400,67.9500,197633.46
1781370900000,67.9500,68.1600,67.8700,68.1600,113433.21
1781371800000,68.1500,68.2200,68.0600,68.2100,79405.81
1781372700000,68.2200,68.2400,67.7800,67.9500,181198.69
1781373600000,67.9400,68.1800,67.9200,68.1600,67816.05
1781374500000,68.1700,68.2900,68.0500,68.2100,84016.81
1781375400000,68.2200,68.3400,68.1600,68.2900,91943.73
1781376300000,68.3000,68.3100,67.9600,68.0800,123422.85
1781377200000,68.0800,68.1400,68.0100,68.1100,53997.77
1781378100000,68.1100,68.1200,67.9700,68.0300,59648.62
1781379000000,68.0400,68.3000,67.9800,68.2800,99244.17
1781379900000,68.2800,68.3600,68.1700,68.1900,84862.64
1781380800000,68.1800,68.2000,68.0000,68.1500,75420.82
1781381700000,68.1400,68.2200,68.0900,68.1100,49017.71
1781382600000,68.1200,68.1900,68.0600,68.1400,35564.72
1781383500000,68.1400,68.2400,68.0800,68.2200,35321.51
1781384400000,68.2300,68.3300,68.2100,68.2300,140786.66
1781385300000,68.2300,68.3900,68.1800,68.3300,103820.55
1781386200000,68.3300,69.3700,68.3200,69.2300,546363.62
1781387100000,69.2200,69.5500,69.1700,69.2100,599959.66
1781388000000,69.2100,69.2200,68.8400,68.9900,307350.14
1781388900000,68.9900,69.0900,68.8700,69.0700,131854.65
1781389800000,69.0700,69.1800,68.8800,68.8900,156546.34
1781390700000,68.9000,68.9800,68.8200,68.8500,94104.02
1781391600000,68.8500,68.9600,68.8100,68.9100,101148.69
1781392500000,68.9100,69.1400,68.8900,68.9100,117561.07
1781393400000,68.9100,69.0400,68.8500,68.8700,87630.70
1781394300000,68.8700,68.9100,68.7300,68.8800,111532.65
1781395200000,68.8800,68.8800,68.6800,68.7500,101446.20
1781396100000,68.7500,68.8000,68.6400,68.6600,100432.40
1781397000000,68.6700,68.8500,68.6500,68.7600,74139.69
1781397900000,68.7700,68.8100,68.6000,68.7100,84328.88
1781398800000,68.7000,68.8600,68.5800,68.7500,118871.62
1781399700000,68.7500,69.0700,68.7500,68.9500,249736.87
1781400600000,68.9500,68.9600,68.7700,68.8500,91228.88
1781401500000,68.8500,68.9500,68.7400,68.7600,68282.79
1781402400000,68.7700,69.0000,68.6600,68.9600,112404.57
1781403300000,68.9600,69.0600,68.8600,68.9100,80690.11
1781404200000,68.9200,68.9800,68.7800,68.8300,92579.46
1781405100000,68.8200,68.8400,68.7400,68.7700,79192.18
1781406000000,68.7700,68.8400,68.7100,68.7600,92807.55
1781406900000,68.7600,68.9500,68.7500,68.8900,129955.55
1781407800000,68.9000,68.9500,68.7100,68.7200,69085.21
1781408700000,68.7300,69.0000,68.7000,68.9000,90055.04
1781409600000,68.9100,68.9800,68.7300,68.8300,64599.12
1781410500000,68.8400,68.9400,68.7800,68.8000,68070.87
1781411400000,68.8000,68.8200,68.5700,68.5700,170963.54
1781412300000,68.5700,68.5900,68.3800,68.4800,380353.74
1781413200000,68.4800,68.5400,68.3800,68.4300,128130.56
1781414100000,68.4300,68.4400,68.1300,68.1800,225545.95
1781415000000,68.1800,68.3100,67.9800,68.2600,384030.57
1781415900000,68.2600,68.3400,68.1300,68.2200,149349.50
1781416800000,68.2100,68.4600,68.2100,68.4200,145462.65
1781417700000,68.4200,68.4200,68.2300,68.3500,88028.57
1781418600000,68.3500,68.3600,68.0800,68.1100,145777.40
1781419500000,68.1200,68.1700,68.0700,68.1500,88852.14
1781420400000,68.1600,68.1800,68.0100,68.0600,65922.46
1781421300000,68.0600,68.2200,68.0600,68.1600,85338.78
1781422200000,68.1600,68.1700,68.0000,68.0100,65864.80
1781423100000,68.0100,68.2000,68.0100,68.1800,70939.48
1781424000000,68.1900,68.2300,68.0700,68.1700,79739.24
1781424900000,68.1700,68.3200,68.1700,68.2800,91856.21
1781425800000,68.2900,68.3000,68.1500,68.2100,65553.12
1781426700000,68.2100,68.2800,68.1400,68.2000,64227.76
1781427600000,68.2000,68.2200,68.0600,68.0600,72019.84
1781428500000,68.0700,68.1000,67.8600,68.0900,211529.15
1781429400000,68.0900,68.4400,68.0600,68.3800,143474.76
1781430300000,68.3900,68.4600,68.3300,68.4500,98697.58
1781431200000,68.4400,68.4500,68.2400,68.3200,106240.14
1781432100000,68.3200,68.4800,68.3000,68.3700,80944.02
1781433000000,68.3700,68.4800,68.3300,68.3500,86332.16
1781433900000,68.3500,68.3600,68.0900,68.1000,133096.16
1781434800000,68.1100,68.1600,67.9700,68.1100,130533.71
1781435700000,68.1200,68.2000,68.0100,68.1500,67402.34
1781436600000,68.1500,68.3000,68.1500,68.2100,75986.37
1781437500000,68.2200,68.2400,68.0400,68.0600,51657.00
1781438400000,68.0600,68.1200,67.9700,67.9900,94463.93
1781439300000,67.9900,68.0800,67.9400,67.9600,78406.87
1781440200000,67.9500,68.0000,67.6700,67.8400,256956.83
1781441100000,67.8300,67.8600,67.6600,67.7300,189712.14
1781442000000,67.7400,67.8300,67.6400,67.7600,130441.19
1781442900000,67.7600,67.8100,67.5600,67.5900,162865.69
1781443800000,67.5900,67.7700,67.4600,67.7300,293895.05
1781444700000,67.7300,67.7900,67.5800,67.7300,136665.22
1781445600000,67.7200,67.7400,67.5600,67.6600,103385.11
1781446500000,67.6600,67.8000,67.5500,67.5700,121140.71
1781447400000,67.5600,67.5700,66.8900,66.9900,820898.04
1781448300000,67.0000,67.2400,66.9900,67.2400,318059.24
1781449200000,67.2400,67.4200,67.2200,67.3600,226244.51
1781450100000,67.3500,67.4600,67.2800,67.3900,172021.76
1781451000000,67.3900,67.5100,67.3000,67.4300,107998.91
1781451900000,67.4200,67.5100,67.3500,67.3900,80193.60
1781452800000,67.3800,67.6300,67.3700,67.5700,193921.11
1781453700000,67.5800,67.7200,67.5400,67.6500,109789.03
1781454600000,67.6500,67.6900,67.5600,67.6600,86035.72
1781455500000,67.6600,67.7000,67.4100,67.4500,211171.12
1781456400000,67.4400,67.6300,67.4100,67.6000,116632.38
1781457300000,67.5900,67.6900,67.5300,67.5400,71936.27
1781458200000,67.5500,67.6400,67.4100,67.5500,102832.51
1781459100000,67.5600,67.5900,67.2500,67.3000,180641.98
1781460000000,67.3000,67.4500,67.2900,67.4300,91076.36
1781460900000,67.4400,67.4600,67.1400,67.2500,127224.57
1781461800000,67.2500,67.3800,67.2100,67.3500,60405.01
1781462700000,67.3600,67.4100,67.3300,67.3700,59040.07
1781463600000,67.3700,67.5600,67.2900,67.5000,141956.70
1781464500000,67.4900,67.6600,67.4900,67.6100,99774.15
1781465400000,67.6200,67.7200,67.4800,67.5400,142277.89
1781466300000,67.5500,67.5800,67.5000,67.5200,63523.61
1781467200000,67.5300,67.6300,67.4000,67.4700,88202.12
1781468100000,67.4800,67.7400,67.4500,67.6900,99047.09
1781469000000,67.7000,68.0500,67.6900,67.8700,280550.09
1781469900000,67.8700,67.9300,67.7400,67.7500,79802.28
1781470800000,67.7600,68.0000,67.7600,67.9800,80252.58
1781471700000,67.9800,69.4700,67.9800,69.2300,1393509.83
1781472600000,69.2400,70.3400,69.2400,70.2100,1176044.36
1781473500000,70.2000,70.5000,69.9400,70.1200,511668.81
1781474400000,70.1200,70.4800,69.6400,70.1300,853986.93
1781475300000,70.1200,70.4000,69.8800,70.1300,346434.41
1781476200000,70.1200,70.6900,70.0900,70.5600,426773.19
1781477100000,70.5600,70.6200,70.2700,70.4000,232005.47
1781478000000,70.3900,70.6400,70.1100,70.5400,280084.18
1781478900000,70.5400,70.8700,70.3600,70.7500,315629.37
1781479800000,70.7500,70.8300,70.5100,70.6600,258273.06
1781480700000,70.6600,71.2500,70.6500,71.2400,479099.35
1781481600000,71.2400,71.6900,71.0900,71.6400,577497.80
1781482500000,71.6400,71.6700,71.2500,71.5500,431742.25
1781483400000,71.5400,71.5500,70.9000,70.9900,398180.91
1781484300000,71.0000,71.1500,70.9100,71.0900,205105.94
1781485200000,71.0900,71.1100,70.6200,70.9400,331404.08
1781486100000,70.9300,70.9600,70.6400,70.7500,160988.80
1781487000000,70.7400,71.3000,70.6800,71.3000,268018.59
1781487900000,71.3000,71.3100,70.8900,70.9800,118017.13
1781488800000,70.9800,71.3000,70.8700,71.2600,182408.19
1781489700000,71.2600,71.5500,71.2100,71.2300,215801.29
1781490600000,71.2300,71.2800,71.0900,71.0900,103219.91
1781491500000,71.0900,71.1300,70.8600,70.9300,119752.45
1781492400000,70.9300,71.2200,70.8700,71.2000,151072.02
1781493300000,71.2000,71.2200,71.0800,71.1700,109543.88
1781494200000,71.1700,71.3300,71.0400,71.3100,140711.72
1781495100000,71.3000,71.3400,71.1600,71.1900,143263.06
1781496000000,71.1900,71.1900,71.0300,71.1600,113844.70
1781496900000,71.1600,71.2400,71.0300,71.0400,96029.39
1781497800000,71.0400,71.1100,70.8700,70.9100,148241.08
1781498700000,70.9000,71.0000,70.8400,70.8900,94317.36
1781499600000,70.8800,71.0000,70.7500,70.9300,143563.12
1781500500000,70.9200,71.1900,70.9200,71.1700,99748.30
1781501400000,71.1700,71.2000,70.8600,70.9600,91459.40
1781502300000,70.9500,71.2800,70.9400,71.1800,115104.28
1781503200000,71.1700,71.2400,71.0600,71.1800,133995.01
1781504100000,71.1700,71.4200,71.1100,71.3600,170349.93
1781505000000,71.3700,71.4400,71.1500,71.3200,144845.18
1781505900000,71.3100,71.4700,71.3000,71.3200,97199.64
1781506800000,71.3100,71.3600,71.0800,71.2500,155336.42
1781507700000,71.2400,71.4800,71.2400,71.3800,141276.34
1781508600000,71.3800,71.3800,71.0900,71.2900,133896.98
1781509500000,71.2800,71.3600,71.1600,71.2300,102581.08
1781510400000,71.2300,71.4500,71.1100,71.4300,157076.06
1781511300000,71.4400,71.5700,71.1600,71.3200,168904.96
1781512200000,71.3200,71.4900,71.2500,71.3800,145135.19
1781513100000,71.3700,71.4500,71.2000,71.2400,95732.89
1781514000000,71.2400,71.3400,71.1900,71.2300,85396.39
1781514900000,71.2200,71.4300,71.1400,71.1500,150740.69
1781515800000,71.1400,71.1500,70.7200,70.9400,266121.42
1781516700000,70.9500,71.1800,70.8400,71.1800,125878.12
1781517600000,71.1800,71.4200,71.1400,71.3400,177896.39
1781518500000,71.3400,71.4500,71.2800,71.3700,179361.61
1781519400000,71.3700,71.4800,71.3500,71.4500,101365.31
1781520300000,71.4500,72.2000,71.3600,71.8400,992253.84
1781521200000,71.8400,72.1500,71.6100,72.0100,621439.87
1781522100000,72.0000,72.8400,71.9900,72.6400,1024188.45
1781523000000,72.6400,72.7300,72.3600,72.4500,445945.75
1781523900000,72.4400,72.6900,72.3700,72.5600,221606.79
1781524800000,72.5600,72.6600,72.3900,72.5800,172910.44
1781525700000,72.5900,72.6000,72.2500,72.5100,193819.41
1781526600000,72.5200,72.9800,72.3600,72.9200,575403.20
1781527500000,72.9100,72.9400,72.7000,72.8100,300359.60
1781528400000,72.8000,73.4000,72.6700,73.3100,798808.75
1781529300000,73.3200,74.2300,73.3000,73.8800,1156568.30
1781530200000,73.8800,74.1500,73.3900,73.6500,678838.74
1781531100000,73.6600,73.8200,73.4000,73.5900,351982.25
1781532000000,73.5900,73.6200,73.1700,73.4500,496091.37
1781532900000,73.4400,73.8200,73.3500,73.8200,306095.92
1781533800000,73.8200,73.9000,73.5600,73.7300,299434.65
1781534700000,73.7400,73.9500,73.6700,73.7700,325172.17
1781535600000,73.7600,73.9600,73.7300,73.8600,148344.77
1781536500000,73.8600,74.1800,73.7800,74.0100,311517.08
1781537400000,74.0200,74.7500,73.8000,74.6500,713916.17
1781538300000,74.6500,75.2200,74.6000,75.2100,892379.53
1781539200000,75.2200,75.9300,74.9100,75.7600,845368.28
1781540100000,75.7500,75.8300,75.2400,75.7300,493727.81
1781541000000,75.7400,76.0600,75.4700,75.9000,569178.17
1781541900000,75.9100,75.9900,75.4200,75.4300,383915.31
1781542800000,75.4400,75.4500,74.7700,75.1200,1034627.11
1781543700000,75.1100,75.2600,74.8600,74.9400,287556.60
1781544600000,74.9400,75.3300,74.6200,75.1500,400479.27
1781545500000,75.1500,75.3200,75.1000,75.2400,186938.25
1781546400000,75.2400,75.4000,75.0600,75.3400,222586.15
1781547300000,75.3400,75.5100,75.3100,75.3500,190382.21
1781548200000,75.3500,75.6500,75.2500,75.4300,202754.20
1781549100000,75.4200,75.5800,75.1800,75.2600,219545.84
1781550000000,75.2500,75.7200,75.1300,75.6100,218969.02
1781550900000,75.6200,75.7600,74.5200,74.8900,607456.92
1781551800000,74.8900,75.5000,74.8500,75.4600,217212.40
1781552700000,75.4700,75.5000,74.9700,75.2400,287063.69
1781553600000,75.2300,75.4100,75.0100,75.2200,217648.27
1781554500000,75.2300,75.2500,74.9000,75.0100,196339.72
1781555400000,75.0100,75.1600,74.9200,74.9400,128997.17
1781556300000,74.9300,74.9600,74.7200,74.9100,253557.18
1781557200000,74.9100,74.9800,74.6300,74.9600,177215.61
1781558100000,74.9600,74.9600,74.4000,74.4200,207209.99
1781559000000,74.4100,74.6300,74.3500,74.5800,220821.53
1781559900000,74.5700,74.6100,74.3600,74.4200,102451.62
1781560800000,74.4100,74.5700,74.2700,74.3100,87896.38
1781561700000,74.3000,74.4200,73.6800,73.7800,472218.42
1781562600000,73.7700,74.1100,73.5700,73.8700,298683.54
1781563500000,73.8700,73.9500,73.6500,73.7400,150637.75
1781564400000,73.7300,73.8700,73.6500,73.8400,132820.75
1781565300000,73.8400,73.9500,73.6100,73.8500,149126.93
1781566200000,73.8500,73.9200,73.5800,73.9200,123189.80
1781567100000,73.9200,74.0400,73.8500,73.9300,138872.16
1781568000000,73.9400,74.1300,73.8100,74.0700,180245.13
1781568900000,74.0600,74.1500,73.8200,73.8700,209965.34
1781569800000,73.8600,74.3800,73.8200,74.2400,269814.70
1781570700000,74.2500,74.3600,73.9500,74.0000,184639.51
1781571600000,73.9900,74.3200,73.9500,74.1000,145130.37
1781572500000,74.1000,74.2300,74.0100,74.1700,85299.69
1781573400000,74.1800,74.2300,74.0300,74.0800,75118.05
1781574300000,74.0900,74.2200,73.8100,73.8300,162958.48
1781575200000,73.8300,73.8500,73.3500,73.3900,436897.58
1781576100000,73.3900,73.4900,72.7700,72.7800,648322.22
1781577000000,72.7800,73.0500,72.7300,73.0300,305974.21
1781577900000,73.0300,73.1500,72.8400,72.9900,152655.22
1781578800000,72.9800,73.0800,72.8200,73.0800,165383.97
1781579700000,73.0800,73.5000,72.8400,73.4600,292300.96
1781580600000,73.4500,73.6400,73.3900,73.6000,183172.71
1781581500000,73.6000,73.7700,73.5600,73.7000,310592.88
1781582400000,73.7000,73.9000,73.6100,73.6900,191955.77
1781583300000,73.6800,73.7300,73.4300,73.4400,147559.61
1781584200000,73.4300,73.4300,73.1500,73.2400,237255.02
1781585100000,73.2300,73.3900,73.1700,73.3400,88558.15
1781586000000,73.3400,73.7200,73.3300,73.6000,244849.66
1781586900000,73.6000,73.7600,73.5000,73.6600,119561.80
1781587800000,73.6700,73.7500,73.5500,73.6700,93336.60
1781588700000,73.6800,73.7900,73.6100,73.6100,92760.37
1781589600000,73.6100,73.8900,73.6100,73.8100,145800.06
1781590500000,73.8100,73.9700,73.7300,73.9300,124300.53
1781591400000,73.9400,74.1300,73.9100,74.0300,203569.25
1781592300000,74.0300,74.2600,74.0100,74.1300,136672.81
1781593200000,74.1300,74.4600,74.0700,74.1800,291479.34
1781594100000,74.1900,74.2800,74.0800,74.2700,134628.37
1781595000000,74.2800,74.5000,74.2300,74.2900,165513.99
1781595900000,74.3000,74.5000,74.2400,74.4100,92249.59
1781596800000,74.4100,74.7600,74.3000,74.7300,222962.97
1781597700000,74.7300,75.0700,74.5100,74.7300,381906.74
1781598600000,74.7300,74.9900,74.7000,74.9800,210555.51
1781599500000,74.9800,75.6300,74.9300,75.3600,451100.82
1781600400000,75.3500,75.4200,75.1200,75.2900,225643.34
1781601300000,75.2900,75.3000,74.7700,74.9000,264466.14
1781602200000,74.9000,75.1100,74.8000,75.1100,162303.89
1781603100000,75.1100,75.1700,74.7800,74.8000,133677.42
1781604000000,74.8100,74.9200,74.7300,74.7800,111551.34
1781604900000,74.7800,75.0600,74.7800,75.0000,156168.72
1781605800000,74.9900,75.0800,74.8500,75.0000,72265.86
1781606700000,75.0000,75.0100,74.6200,74.6500,250623.17
1781607600000,74.6500,74.8500,74.5300,74.6000,183471.43
1781608500000,74.6000,74.8500,74.4200,74.5100,193856.19
1781609400000,74.5200,74.5500,74.3300,74.5000,128078.39
1781610300000,74.5000,74.6300,74.3800,74.6300,117579.08
1781611200000,74.6300,74.8000,74.4500,74.6900,168581.99
1781612100000,74.6900,75.0800,74.6900,74.9700,324760.52
1781613000000,74.9800,75.5100,74.7600,74.9500,449947.06
1781613900000,74.9400,75.0000,74.6700,74.8900,185784.57
1781614800000,74.9000,74.9400,73.8900,74.2900,507227.41
1781615700000,74.2900,74.4200,73.9800,74.0100,288059.39
1781616600000,74.0100,74.3200,73.8200,74.2500,404879.70
1781617500000,74.2500,74.3500,73.8900,73.9500,241914.61
1781618400000,73.9500,74.2700,73.6500,73.7400,339004.03
1781619300000,73.7300,73.8400,72.7300,72.7300,1039101.04
1781620200000,72.7200,73.0100,72.2900,72.8500,797821.51
1781621100000,72.8400,73.0500,72.8100,72.9300,325396.46
1781622000000,72.9300,73.4300,72.8300,73.4100,342799.54
1781622900000,73.4100,73.4400,72.9400,73.1700,253801.36
1781623800000,73.1700,73.6300,73.0600,73.1700,235197.93
1781624700000,73.1700,73.5300,72.9700,73.2500,292319.39
1781625600000,73.2400,73.4500,73.1700,73.2000,214519.07
1781626500000,73.2000,73.3700,73.1600,73.3500,167075.36
1781627400000,73.3500,73.3500,72.9700,73.2100,284261.22
1781628300000,73.2200,73.2600,72.9600,73.0600,107481.13
1781629200000,73.0600,73.3000,73.0600,73.2100,105682.16
1781630100000,73.2200,73.4100,73.0100,73.2100,186709.16
1781631000000,73.2200,73.4400,73.0700,73.2500,133012.97
1781631900000,73.2400,73.8000,73.1900,73.6400,330795.33
1781632800000,73.6400,74.3200,73.6000,74.0600,448129.11
1781633700000,74.0500,74.0700,73.5400,73.6900,236045.50
1781634600000,73.6800,73.9200,73.6600,73.9000,362204.40
1781635500000,73.8900,74.1700,73.8600,73.9800,123001.34
1781636400000,73.9800,73.9800,73.6100,73.7300,186648.42
1781637300000,73.7200,74.0100,73.4500,73.9600,177314.34
1781638200000,73.9700,74.1900,73.8800,74.0200,108837.45
1781639100000,74.0200,74.1700,73.6800,73.8000,149443.54
1781640000000,73.8000,74.0600,73.6300,73.9800,112125.49
1781640900000,73.9800,74.1700,73.7800,73.8300,126373.57
1781641800000,73.8300,74.1800,73.8200,74.1400,118115.37
1781642700000,74.1400,74.2300,74.0200,74.1100,87086.61
1781643600000,74.1100,74.1700,73.9600,74.0200,82823.79
1781644500000,74.0100,74.0300,73.7500,73.7600,97145.68
1781645400000,73.7500,73.8900,73.6900,73.8900,88928.98
1781646300000,73.8900,73.9400,73.8100,73.9000,66963.56
1781647200000,73.8900,74.0700,73.7300,73.9200,86992.31
1781648100000,73.9200,73.9600,73.6400,73.8300,136151.52
1781649000000,73.8200,73.8700,73.6400,73.6600,79404.68
1781649900000,73.6600,73.8300,73.5700,73.7900,82237.69
1781650800000,73.7900,73.9300,73.6700,73.7700,80987.48
1781651700000,73.7700,73.7800,73.5300,73.7300,97568.28
1781652600000,73.7300,73.7700,73.5800,73.5900,68228.69
1781653500000,73.5800,73.5800,73.3600,73.4900,120686.86
1781654400000,73.4900,73.7500,73.4800,73.5700,105087.51
1781655300000,73.5800,73.6300,73.4000,73.4800,97977.85
1781656200000,73.4700,73.6000,73.2800,73.5600,101254.03
1781657100000,73.5600,73.6200,73.2800,73.3300,72776.81
1781658000000,73.3300,73.6300,73.2800,73.6100,97589.18
1781658900000,73.6100,73.6300,73.1100,73.3900,206118.93
1781659800000,73.3900,73.6800,73.2600,73.5300,95520.67
1781660700000,73.5300,73.9800,73.5200,73.8900,199276.67
1781661600000,73.8900,73.9300,73.7500,73.9000,88502.13
1781662500000,73.9100,74.4400,73.8200,74.3400,382890.31
1781663400000,74.3500,74.3500,73.6400,73.8300,223510.18
1781664300000,73.8300,74.0100,73.7600,74.0000,93382.75
1781665200000,74.0100,74.0100,73.7500,73.8000,77196.31
1781666100000,73.8100,73.8100,73.5300,73.6600,101851.85
1781667000000,73.6700,73.8900,73.5500,73.5900,70731.62
1781667900000,73.5900,73.7000,73.4700,73.6400,92033.19
1781668800000,73.6400,73.8500,73.5500,73.6900,85644.14
1781669700000,73.7000,73.7900,73.5500,73.7000,75963.58
1781670600000,73.7100,73.8400,73.6500,73.7500,44378.13
1781671500000,73.7600,74.0800,73.7400,73.7900,93879.96
1781672400000,73.7800,73.9600,73.5200,73.5500,107185.25
1781673300000,73.5500,73.7000,73.3900,73.6900,127804.60
1781674200000,73.6900,73.8600,73.6000,73.8100,71536.26
1781675100000,73.8100,73.8800,73.5000,73.6000,80197.65
1781676000000,73.6000,73.7600,73.5100,73.7200,87928.36
1781676900000,73.7300,73.7900,73.2800,73.3000,124806.97
1781677800000,73.2900,73.5000,73.1300,73.3100,286330.71
1781678700000,73.3100,73.5300,73.2600,73.3800,131087.10
1781679600000,73.3800,73.5200,73.1400,73.4900,165824.60
1781680500000,73.4900,73.5700,73.1200,73.1400,153163.29
1781681400000,73.1400,73.3500,73.0400,73.2600,157317.98
1781682300000,73.2700,73.3500,72.9300,73.2200,338294.48
1781683200000,73.2300,73.2600,72.7600,72.8300,293150.06
1781684100000,72.8300,72.9400,72.6700,72.7700,324784.79
1781685000000,72.7700,72.7700,72.3300,72.3900,442465.20
1781685900000,72.3800,72.4700,72.1100,72.3000,343497.29
1781686800000,72.3000,72.4600,72.2800,72.3500,218292.44
1781687700000,72.3500,72.5500,72.2700,72.4800,181643.20
1781688600000,72.4900,72.5500,72.3800,72.4800,106999.81
1781689500000,72.4800,72.6500,72.3100,72.4900,167458.80
1781690400000,72.4900,72.6500,72.3400,72.4900,107201.99
1781691300000,72.4900,72.5900,72.3700,72.4300,71300.39
1781692200000,72.4200,72.4900,72.2400,72.3500,81134.22
1781693100000,72.3400,72.4100,72.0600,72.1000,199503.05
1781694000000,72.1100,72.2100,71.6600,71.9900,654556.42
1781694900000,71.9900,72.0400,71.7700,71.9700,187360.85
1781695800000,71.9700,72.1500,71.9000,72.0900,167498.50
1781696700000,72.1000,72.1900,71.9800,71.9800,145963.95
1781697600000,71.9900,72.2600,71.9300,72.2300,213168.17
1781698500000,72.2400,72.2500,71.6200,71.7100,414180.00
1781699400000,71.7100,72.1500,71.5400,72.1200,419927.54
1781700300000,72.1100,72.3000,72.1000,72.2900,371577.42
1781701200000,72.2800,72.4900,72.1800,72.4100,287205.98
1781702100000,72.4000,72.4100,72.1100,72.3000,169069.86
1781703000000,72.2900,72.6400,72.1100,72.5800,412683.09
1781703900000,72.5900,72.7300,72.3600,72.3800,273956.99
1781704800000,72.3700,72.4800,72.0300,72.4400,286758.05
1781705700000,72.4500,72.6400,72.2500,72.4100,208997.10
1781706600000,72.4200,72.5100,72.1700,72.3500,186801.90
1781707500000,72.3600,72.5700,71.7800,72.3400,630034.39
1781708400000,72.3400,72.7600,72.3100,72.7400,294369.50
1781709300000,72.7300,73.0800,72.6800,73.0000,424594.52
1781710200000,73.0000,73.4000,72.8600,73.4000,471415.55
1781711100000,73.4000,73.8300,73.2900,73.7600,446765.43
1781712000000,73.7600,73.9200,73.6700,73.8800,299980.30
1781712900000,73.8800,74.6600,73.8100,74.4200,603632.09
1781713800000,74.4300,74.4900,73.8200,73.9900,394288.60
1781714700000,73.9800,74.0400,73.6600,73.7200,242968.04
1781715600000,73.7300,73.8200,73.4400,73.4800,319022.16
1781716500000,73.4900,73.8800,73.4700,73.7800,168686.13
1781717400000,73.7900,73.9000,73.4900,73.5500,146314.39
1781718300000,73.5600,74.3200,73.4100,74.1700,420694.20
1781719200000,74.1800,74.1800,72.1200,73.1200,2013436.05
1781720100000,73.1100,73.5000,73.0000,73.1300,398036.98
1781721000000,73.1300,74.3600,72.9400,74.2600,1018739.74
1781721900000,74.2600,74.3000,73.2900,73.4500,522909.73
1781722800000,73.4500,73.6700,72.9000,73.4600,447806.15
1781723700000,73.4600,73.4800,71.8000,71.9900,929152.02
1781724600000,71.9900,72.3700,71.4400,71.5600,819777.33
1781725500000,71.5700,71.9000,71.3600,71.6100,792686.27
1781726400000,71.6200,72.0100,71.4900,71.6900,547822.30
1781727300000,71.7000,71.9700,71.6100,71.8700,184175.26
1781728200000,71.8700,72.2100,71.7100,71.7200,225072.85
1781729100000,71.7300,72.1700,71.6500,72.1600,190090.86
1781730000000,72.1500,72.1900,71.8700,71.9500,126483.52
1781730900000,71.9600,72.0400,71.8400,71.8500,90885.44
1781731800000,71.8500,72.0000,71.5200,71.5800,118053.18
1781732700000,71.5800,71.6000,71.3000,71.5700,189759.17
1781733600000,71.5700,71.5900,70.7600,71.3200,771433.98
1781734500000,71.3200,71.8100,71.2800,71.8100,198576.32
1781735400000,71.8000,71.8800,71.6900,71.7300,121707.38
1781736300000,71.7200,71.9000,71.6400,71.6600,108099.00
1781737200000,71.6600,71.9400,71.6300,71.8200,79949.40
1781738100000,71.8200,72.0900,71.8000,71.9800,160422.25
1781739000000,71.9700,72.0300,71.8900,71.9200,79294.01
1781739900000,71.9100,72.0400,71.8400,72.0000,88643.17
1781740800000,72.0100,72.3200,71.9700,72.2500,221298.48
1781741700000,72.2500,72.3200,72.1200,72.2800,114409.00
1781742600000,72.2700,72.4800,72.2100,72.3600,132388.79
1781743500000,72.3600,72.4400,72.1200,72.1800,142479.16
1781744400000,72.1800,72.5900,72.1400,72.4700,131937.19
1781745300000,72.4600,72.4700,72.3100,72.3700,59654.30
1781746200000,72.3700,72.5000,72.2200,72.2800,60100.68
1781747100000,72.2700,72.2700,72.0400,72.1800,129779.35
1781748000000,72.1900,72.4400,72.1900,72.2200,131397.76
1781748900000,72.2300,72.6400,72.0700,72.5600,370902.68
1781749800000,72.5700,72.6300,72.4500,72.5800,110647.98
1781750700000,72.5900,72.6000,72.4300,72.4800,91017.75
1781751600000,72.4800,72.5000,72.2200,72.2300,107119.62
1781752500000,72.2300,72.2500,71.7500,71.7600,253073.41
1781753400000,71.7600,71.8900,71.4900,71.6100,317938.66
1781754300000,71.6000,71.8200,71.5800,71.6100,137526.89
1781755200000,71.6100,71.6900,70.9600,71.1600,391658.06
1781756100000,71.1600,71.3500,70.9600,71.1700,178869.56
1781757000000,71.1700,71.2200,70.9400,70.9600,129262.75
1781757900000,70.9600,71.1600,70.8500,71.0200,190001.53
1781758800000,71.0100,71.0300,70.5900,70.8100,395049.79
1781759700000,70.8200,70.9900,70.7800,70.8700,189124.91
1781760600000,70.8700,71.0500,70.7400,70.9400,133216.39
1781761500000,70.9500,71.1000,70.9100,71.0800,145122.41
1781762400000,71.0900,71.2700,70.9400,71.1100,191531.52
1781763300000,71.1200,71.2100,70.9600,71.1500,83107.85
1781764200000,71.1400,71.3000,71.0800,71.2800,140939.49
1781765100000,71.2800,71.3800,71.1900,71.2900,131752.48
1781766000000,71.3000,71.3100,71.1100,71.2500,105344.23
1781766900000,71.2600,71.7600,71.2200,71.6800,296531.45
1781767800000,71.6900,71.7400,71.5100,71.6300,213930.28
1781768700000,71.6300,71.8000,71.6200,71.7300,178848.94
1781769600000,71.7400,71.9300,71.5800,71.8200,312820.09
1781770500000,71.8100,71.9200,71.7500,71.9000,170666.65
1781771400000,71.9000,72.0300,71.8700,71.9000,139796.57
1781772300000,71.8900,72.0000,71.7900,71.8200,208462.34
1781773200000,71.8200,71.9400,71.7300,71.9100,115068.84
1781774100000,71.9100,72.1200,71.7800,71.7900,249671.22
1781775000000,71.7800,71.9300,71.6900,71.9300,106719.12
1781775900000,71.9200,72.0200,71.7600,71.8100,62864.95
1781776800000,71.8000,71.8200,71.2800,71.2800,435178.21
1781777700000,71.2800,71.3900,71.0600,71.1900,228065.57
1781778600000,71.1900,71.2700,71.0800,71.1200,166488.07
1781779500000,71.1100,71.4800,71.0500,71.3600,435735.90
1781780400000,71.3600,71.5300,71.0000,71.1000,186469.19
1781781300000,71.1100,71.1700,70.7700,71.1200,305850.90
1781782200000,71.1300,71.2200,70.7200,70.8800,209619.49
1781783100000,70.8900,70.9800,70.6700,70.9000,145152.42
1781784000000,70.8900,71.0600,70.8300,70.9500,120596.43
1781784900000,70.9400,71.3400,70.9200,71.3100,285085.97
1781785800000,71.3200,71.4200,71.1800,71.3600,131158.44
1781786700000,71.3600,71.5800,71.3500,71.5100,190620.84
1781787600000,71.5100,71.6800,71.4000,71.5500,164763.34
1781788500000,71.5600,71.7600,71.4900,71.6400,159400.19
1781789400000,71.6400,71.6600,70.6900,70.7100,520640.54
1781790300000,70.7000,71.3200,70.6900,71.0000,429055.44
1781791200000,71.0100,71.2200,70.7900,70.8900,272276.71
1781792100000,70.8800,71.6800,70.7000,71.0000,408714.22
1781793000000,70.9900,71.4000,70.9100,70.9200,255223.23
1781793900000,70.9300,71.2300,70.6500,71.0400,425609.57
1781794800000,71.0400,71.0600,70.5200,70.5900,342322.36
1781795700000,70.5900,70.6500,69.7500,69.8800,1222893.62
1781796600000,69.8900,70.0300,68.7400,69.0000,1510169.01
1781797500000,69.0100,69.1300,68.3200,68.4200,1248615.12
1781798400000,68.4100,68.9600,68.3500,68.8800,899782.12
1781799300000,68.8800,68.8900,68.4500,68.6700,352076.06
1781800200000,68.6800,68.8900,68.4600,68.7900,265445.25
1781801100000,68.8000,69.1000,68.7400,69.0300,225786.01
1781802000000,69.0400,69.0900,68.7300,68.8600,308062.10
1781802900000,68.8600,69.0300,68.5800,68.9400,374860.38
1781803800000,68.9400,69.1300,68.6100,68.7000,271991.82
1781804700000,68.7100,68.8200,68.4800,68.6200,206219.78
1781805600000,68.6200,68.6600,68.3900,68.4100,294601.60
1781806500000,68.4200,68.9700,68.2000,68.7800,599183.19
1781807400000,68.7800,68.8000,68.4800,68.6900,173835.57
1781808300000,68.6900,68.8300,68.5000,68.6200,135441.07
1781809200000,68.6200,68.7000,68.5300,68.6500,127129.11
1781810100000,68.6400,68.9200,68.5400,68.8100,185604.07
1781811000000,68.8100,69.4400,68.7700,69.3800,460438.73
1781811900000,69.3800,69.5100,69.2200,69.3400,281461.34
1781812800000,69.3500,69.8300,69.3500,69.7000,400618.15
1781813700000,69.7000,69.9400,69.6600,69.7700,148941.42
1781814600000,69.7700,69.9100,69.7000,69.8500,164407.12
1781815500000,69.8500,69.9000,69.6600,69.7900,156958.20
1781816400000,69.7800,69.8700,69.5200,69.5300,246706.65
1781817300000,69.5300,69.7000,69.3500,69.6300,199109.04
1781818200000,69.6400,69.7000,69.3800,69.4900,117982.58
1781819100000,69.4900,69.5900,69.4300,69.5300,71652.31
1781820000000,69.5300,69.6600,69.4100,69.6100,121309.55
1781820900000,69.6100,69.6400,69.3700,69.4400,145497.01
1781821800000,69.4400,69.4700,69.2100,69.4300,149292.95
1781822700000,69.4300,69.6200,69.3300,69.4800,77497.50
1781823600000,69.4900,69.5500,69.2400,69.2400,86816.61
1781824500000,69.2400,69.5300,69.2400,69.5200,67291.18
1781825400000,69.5300,69.6800,69.5300,69.6400,124093.57
1781826300000,69.6300,69.7700,69.5000,69.6900,142144.03
1781827200000,69.6800,69.7000,69.5300,69.6300,150608.71
1781828100000,69.6300,69.7700,69.5600,69.7500,81588.45
1781829000000,69.7600,69.8600,69.7000,69.8100,103868.93
1781829900000,69.8100,69.8300,69.6600,69.7700,84907.77
1781830800000,69.7700,69.9900,69.6200,69.7100,226790.63
1781831700000,69.7000,69.9300,69.6400,69.6500,84714.41
1781832600000,69.6400,69.7300,69.5000,69.7100,96573.62
1781833500000,69.7100,69.9500,69.7000,69.9100,89679.58
1781834400000,69.9000,70.0600,69.7800,69.8000,163625.96
1781835300000,69.8100,69.8500,69.4700,69.4800,189478.84
1781836200000,69.4800,69.5900,69.4000,69.5200,109138.06
1781837100000,69.5100,69.7000,69.3800,69.6300,74142.23
1781838000000,69.6200,69.7200,69.2600,69.3000,161210.24
1781838900000,69.3000,69.4000,68.5300,69.3100,1077845.89
1781839800000,69.3000,69.3000,68.8100,68.9400,188140.98
1781840700000,68.9400,69.0900,68.8800,69.0200,132591.32
1781841600000,69.0100,69.1600,68.6600,69.1200,207919.02
1781842500000,69.1100,69.2400,68.7000,68.7500,190348.92
1781843400000,68.7500,68.7600,68.3200,68.5200,340543.74
1781844300000,68.5200,68.6300,68.1600,68.3000,256576.36
1781845200000,68.2900,68.7100,68.2700,68.6700,171442.78
1781846100000,68.6700,68.6700,68.3800,68.5100,119876.45
1781847000000,68.5200,68.6200,68.3200,68.5200,211295.95
1781847900000,68.5200,68.7200,68.4700,68.6500,152494.82
1781848800000,68.6500,68.8000,68.5400,68.7900,150851.70
1781849700000,68.7800,68.8100,68.6400,68.6900,152396.54
1781850600000,68.6900,68.8100,68.4300,68.6300,133586.40
1781851500000,68.6300,68.7800,68.4600,68.7200,112938.76
1781852400000,68.7100,68.7400,68.4700,68.4800,81813.93
1781853300000,68.4700,68.5900,68.3400,68.4300,100276.90
1781854200000,68.4400,68.5900,67.9300,68.2200,506857.50
1781855100000,68.2200,68.3800,68.0500,68.3400,170249.34
1781856000000,68.3500,68.4900,68.2000,68.4600,153154.32
1781856900000,68.4600,68.6400,68.4100,68.5400,143594.33
1781857800000,68.5400,68.7200,68.4700,68.6100,111059.34
1781858700000,68.6000,68.6800,68.5200,68.6400,95857.94
1781859600000,68.6500,68.7100,68.1700,68.2700,206676.52
1781860500000,68.2700,68.4100,68.2000,68.2900,109498.49
1781861400000,68.2800,68.5000,68.2800,68.4000,102043.99
1781862300000,68.4000,68.4300,68.2600,68.2800,97400.83
1781863200000,68.2800,68.4300,68.2000,68.3100,120303.74
1781864100000,68.3100,68.3400,68.0800,68.3100,164033.96
1781865000000,68.3100,68.3100,68.0200,68.0900,127340.56
1781865900000,68.0800,68.4000,68.0300,68.2800,117252.48
1781866800000,68.2700,68.3100,68.0500,68.2100,119916.04
1781867700000,68.2000,68.4400,68.1400,68.3000,155699.13
1781868600000,68.3100,68.4000,68.2600,68.3300,77519.68
1781869500000,68.3400,68.4100,68.1700,68.2100,111373.09
1781870400000,68.2100,68.3800,68.1900,68.2600,94221.42
1781871300000,68.2600,68.3000,68.0900,68.2200,103370.72
1781872200000,68.2100,68.3600,68.0300,68.2100,199882.34
1781873100000,68.2100,68.7000,67.8600,68.5800,579717.89
1781874000000,68.5800,68.7600,68.4300,68.5400,351785.38
1781874900000,68.5400,68.5900,68.3500,68.5000,143185.69
1781875800000,68.5000,69.0300,68.4400,68.9700,383114.64
1781876700000,68.9700,69.5500,68.9600,69.2300,789941.04
1781877600000,69.2200,69.3700,68.8500,68.9300,337643.38
1781878500000,68.9400,69.3400,68.7800,69.2300,247957.74
1781879400000,69.2300,69.4400,69.0600,69.2800,300302.20
1781880300000,69.2900,69.4400,69.0900,69.1000,153352.50
1781881200000,69.0900,69.1700,68.9200,69.1500,160779.47
1781882100000,69.1600,69.2000,68.8900,68.9900,191646.93
1781883000000,68.9800,69.5000,68.9800,69.4100,234654.23
1781883900000,69.4100,69.4500,69.2000,69.2900,97475.31
1781884800000,69.2800,69.5300,69.2000,69.5200,259103.09
1781885700000,69.5200,69.5200,69.3400,69.3900,211877.75
1781886600000,69.3900,69.4300,69.1400,69.2200,170639.92
1781887500000,69.2200,69.2200,68.6400,68.6700,327442.20
1781888400000,68.6700,68.8800,68.5700,68.8800,185509.40
1781889300000,68.8700,69.2500,68.8400,68.9300,269489.46
1781890200000,68.9200,69.3900,68.9100,69.3500,205092.30
1781891100000,69.3400,69.4900,69.2300,69.2900,171153.53
1781892000000,69.2900,69.3400,69.1200,69.2300,100941.41
1781892900000,69.2300,69.2300,69.0200,69.0300,57282.82
1781893800000,69.0200,69.1100,68.7600,68.8500,199714.80
1781894700000,68.8500,69.0600,68.8500,69.0100,91707.51
1781895600000,69.0200,69.1200,68.7700,68.9400,135147.05
1781896500000,68.9400,68.9600,68.7400,68.8700,67663.18
1781897400000,68.8700,68.8900,68.7400,68.8400,60380.27
1781898300000,68.8400,69.0900,68.7900,68.9200,104841.28
1781899200000,68.9300,69.0600,68.9000,68.9600,91603.73
1781900100000,68.9600,68.9700,68.6800,68.9000,96807.94
1781901000000,68.9000,68.9700,68.7900,68.8800,109361.97
1781901900000,68.8700,69.2700,68.8700,69.2200,94307.88
1781902800000,69.2200,69.2700,69.0500,69.2600,84216.14
1781903700000,69.2600,69.2600,68.9700,69.0800,73526.75
1781904600000,69.0800,69.1500,68.8800,68.9000,62159.71
1781905500000,68.9000,68.9800,68.8600,68.9700,46537.53
1781906400000,68.9700,69.0600,68.9400,69.0500,70782.14
1781907300000,69.0500,69.3600,69.0400,69.2800,101118.98
1781908200000,69.2700,69.4100,69.2200,69.3400,107355.87
1781909100000,69.3400,69.4100,69.2100,69.3700,78074.13
1781910000000,69.3800,69.4200,69.1900,69.2500,86867.35
1781910900000,69.2500,69.4100,69.2200,69.4000,56014.68
1781911800000,69.4100,69.5000,69.3600,69.4000,85690.18
1781912700000,69.4000,69.8400,69.3400,69.6900,274983.32
1781913600000,69.6900,69.8200,69.5700,69.6600,244701.50
1781914500000,69.6500,69.9300,69.6500,69.8500,142306.16
1781915400000,69.8500,70.0900,69.6900,69.7700,288401.98
1781916300000,69.7800,69.7800,69.5800,69.6000,109199.96
1781917200000,69.5900,69.6600,69.5200,69.5500,77970.73
1781918100000,69.5500,69.7000,69.4900,69.5900,106287.11
1781919000000,69.5800,69.9100,69.5800,69.7400,105901.11
1781919900000,69.7500,69.8100,69.7100,69.7600,48481.29
1781920800000,69.7600,69.8300,69.6000,69.6400,71369.51
1781921700000,69.6400,69.6400,69.4400,69.4900,106552.86
1781922600000,69.4800,69.7000,69.4800,69.5400,82586.94
1781923500000,69.5400,69.7000,69.5400,69.6100,69656.66
1781924400000,69.6100,69.8200,69.5900,69.8000,95048.17
1781925300000,69.8000,70.0000,69.7900,69.9400,179735.19
1781926200000,69.9400,70.0500,69.8500,70.0300,156353.71
1781927100000,70.0200,70.0700,69.9100,69.9700,82721.74
1781928000000,69.9600,70.0200,69.8500,69.9800,90881.55
1781928900000,69.9800,70.3900,69.9500,70.3900,399775.31
1781929800000,70.3800,70.8800,70.3100,70.8500,488512.26
1781930700000,70.8400,71.0500,70.6900,70.8300,410755.75
1781931600000,70.8300,72.4500,70.6700,72.1800,1150193.75
1781932500000,72.1700,72.3400,71.3800,71.4300,590941.64
1781933400000,71.4300,71.8200,71.4300,71.5800,341269.05
1781934300000,71.5900,71.8000,71.5000,71.7400,155038.60
1781935200000,71.7500,71.9200,71.6600,71.8700,240251.39
1781936100000,71.8700,72.3500,71.7700,72.0300,358955.40
1781937000000,72.0200,72.2600,71.9400,72.1500,212573.17
1781937900000,72.1500,72.2400,71.9500,72.0500,196872.38
1781938800000,72.0600,72.1000,71.5200,71.6700,484991.73
1781939700000,71.6700,71.9500,71.6100,71.8900,204798.20
1781940600000,71.8900,71.9300,71.6700,71.6700,134175.96
1781941500000,71.6800,71.7200,71.4000,71.5500,268839.69
1781942400000,71.5400,71.5800,71.2900,71.4800,208182.45
1781943300000,71.4800,71.6200,71.4700,71.5000,117313.92
1781944200000,71.5000,71.5100,71.2600,71.4000,170593.79
1781945100000,71.4000,71.4000,71.2300,71.3000,154191.51
1781946000000,71.3100,71.4600,71.2800,71.3200,80384.33
1781946900000,71.3200,71.3600,71.1500,71.3200,132916.08
1781947800000,71.3200,71.5600,71.3000,71.5200,221081.76
1781948700000,71.5200,71.5900,71.4400,71.5100,166492.82
1781949600000,71.5200,71.6200,71.3600,71.4600,240600.60
1781950500000,71.4600,71.6000,71.4400,71.5500,69431.32
1781951400000,71.5500,71.6000,71.3600,71.4300,159321.35
1781952300000,71.4300,71.6700,71.4300,71.6400,127740.13
1781953200000,71.6400,71.7200,71.3900,71.4800,132121.25
1781954100000,71.4900,71.5800,71.4300,71.5700,80003.96
1781955000000,71.5800,71.8600,71.5300,71.8100,146949.19
1781955900000,71.8000,72.0600,71.7100,71.7400,309611.62
1781956800000,71.7300,71.8900,71.6700,71.8500,149186.97
1781957700000,71.8500,71.8900,71.7200,71.7400,92010.76
1781958600000,71.7500,71.7600,71.4200,71.5400,210115.42
1781959500000,71.5400,71.5500,71.2800,71.5000,198767.91
1781960400000,71.5000,71.5400,71.4300,71.4500,73198.87
1781961300000,71.4600,71.5500,70.6900,70.8500,821769.92
1781962200000,70.8400,71.1200,70.8300,71.1200,353150.26
1781963100000,71.1200,71.2900,71.0800,71.1600,222066.15
1781964000000,71.1500,71.1600,70.4200,70.4800,665107.85
1781964900000,70.4900,70.7900,70.4700,70.7500,239496.57
1781965800000,70.7400,71.1400,70.6700,71.1200,255623.69
1781966700000,71.1100,72.1500,71.0700,71.8900,1092657.93
1781967600000,71.9000,71.9800,71.5800,71.9600,469064.42
1781968500000,71.9500,72.6200,71.8100,72.1300,985213.25
1781969400000,72.1300,72.2400,71.7100,71.7600,299323.40
1781970300000,71.7600,72.0500,71.7500,72.0000,167555.42
1781971200000,72.0100,72.0300,71.6000,71.6800,318541.21
1781972100000,71.6800,71.8200,71.4200,71.4400,187920.64
1781973000000,71.4400,71.5700,71.2800,71.5200,248466.42
1781973900000,71.5100,71.6400,71.4500,71.6400,95305.02
1781974800000,71.6300,71.6400,71.3500,71.4600,132733.28
1781975700000,71.4600,71.5800,71.2700,71.5100,166837.73
1781976600000,71.5200,71.5900,71.0400,71.3900,306945.12
1781977500000,71.4000,71.6400,71.3600,71.5100,154019.74
1781978400000,71.5200,71.7600,71.4900,71.6300,183581.82
1781979300000,71.6300,71.8500,71.6300,71.8500,158016.18
1781980200000,71.8400,71.9700,71.6800,71.7500,131596.95
1781981100000,71.7600,71.8000,71.6500,71.7100,78378.92
1781982000000,71.7100,71.8200,71.5700,71.7500,190186.18
1781982900000,71.7600,71.7800,71.5500,71.6300,121459.07
1781983800000,71.6300,71.8900,71.6000,71.8500,145150.68
1781984700000,71.8400,71.8700,71.7300,71.8100,58932.21
1781985600000,71.8200,71.9500,71.8100,71.8600,89037.39
1781986500000,71.8600,71.9100,71.7900,71.8200,68970.96
1781987400000,71.8200,71.8800,71.6600,71.8200,70465.31
1781988300000,71.8200,72.0300,71.8100,71.9700,126009.76
1781989200000,71.9700,72.3800,71.9200,72.2500,194852.51
1781990100000,72.2500,72.2800,72.0900,72.1100,90794.52
1781991000000,72.1100,72.3300,72.0600,72.3000,113585.71
1781991900000,72.2900,72.4200,72.2300,72.3600,126460.16
1781992800000,72.3600,73.3700,72.3100,73.3500,646557.84
1781993700000,73.3400,73.9600,72.9400,73.9200,874827.01
1781994600000,73.9200,74.2700,73.5700,73.8600,913713.29
1781995500000,73.8700,73.8800,73.4900,73.5300,264039.71
1781996400000,73.5400,73.6100,73.3700,73.4200,199018.83
1781997300000,73.4200,73.6000,73.2800,73.3000,218699.27
1781998200000,73.3000,73.4400,73.2200,73.3600,137515.50
1781999100000,73.3500,73.3500,73.1700,73.1900,155615.98
1782000000000,73.1900,73.2400,73.0300,73.1700,142916.67
1782000900000,73.1700,73.2500,72.9800,73.0100,160977.73
1782001800000,73.0000,73.2100,72.9900,73.0300,141580.83
1782002700000,73.0400,73.1800,73.0000,73.1600,91272.91
1782003600000,73.1600,73.3200,73.0800,73.1300,153416.52
1782004500000,73.1400,73.1500,72.8700,72.9300,167595.32
1782005400000,72.9200,73.1200,72.8400,73.0900,112585.26
1782006300000,73.0900,73.2300,73.0400,73.1400,87725.43
1782007200000,73.1400,73.2100,73.0400,73.2100,69263.19
1782008100000,73.2000,73.2200,73.0600,73.1500,56536.50
1782009000000,73.1500,73.2800,73.0800,73.1900,80761.33
1782009900000,73.2000,73.3500,73.1800,73.3000,115985.12
1782010800000,73.3000,73.6600,73.0800,73.6500,296848.84
1782011700000,73.6600,73.8300,73.4100,73.4900,314177.42
1782012600000,73.4800,73.7200,73.3800,73.7000,134810.51
1782013500000,73.7000,73.7300,73.5300,73.5700,88412.62
1782014400000,73.5800,73.6100,73.3800,73.4700,101662.69
1782015300000,73.4600,73.8100,73.4600,73.7300,103732.75
1782016200000,73.7400,73.7700,73.5700,73.6900,106324.60
1782017100000,73.6900,73.7000,73.3300,73.3900,149682.96
1782018000000,73.4000,73.4700,73.1800,73.1900,128010.10
1782018900000,73.1800,73.2000,72.9700,73.1600,196361.50
1782019800000,73.1600,73.2300,73.0800,73.1000,66286.42
1782020700000,73.1100,73.1200,72.9600,73.0600,101629.51
1782021600000,73.0600,73.1900,73.0100,73.0200,106848.79
1782022500000,73.0300,73.2600,73.0100,73.1900,122921.84
1782023400000,73.2000,73.3300,73.0800,73.2600,114171.81
1782024300000,73.2600,73.3000,73.1500,73.2100,47852.65
1782025200000,73.2100,73.3300,73.1600,73.3000,81713.85
1782026100000,73.3100,73.4100,73.1800,73.2400,98808.52
1782027000000,73.2500,73.4100,73.1500,73.3300,248775.99
1782027900000,73.3300,73.3600,73.0800,73.1700,88114.74
1782028800000,73.1800,73.2300,73.0300,73.1000,157823.29
1782029700000,73.0900,73.1100,72.9300,72.9800,194666.38
1782030600000,72.9800,73.0300,72.7100,72.9700,302364.77
1782031500000,72.9800,73.1300,72.8600,73.1300,151217.21
1782032400000,73.1300,73.2300,73.0400,73.1900,157172.26
1782033300000,73.1900,73.6700,73.1800,73.5600,267987.15
1782034200000,73.5500,73.9900,73.5500,73.7600,345173.45
1782035100000,73.7600,74.0800,73.7000,74.0100,343083.11
1782036000000,74.0100,74.1200,73.8600,74.0000,203269.29
1782036900000,74.0000,74.4000,73.9300,74.1200,293896.65
1782037800000,74.1200,74.2400,73.9800,74.0200,176809.33
1782038700000,74.0200,74.1400,73.8100,73.8700,258916.05
1782039600000,73.8600,74.0000,73.6800,73.8900,214322.99
1782040500000,73.8800,73.8800,73.3000,73.5300,459367.78
1782041400000,73.5200,73.5500,73.2300,73.3900,250331.35
1782042300000,73.4000,73.4800,73.0300,73.1600,409141.00
1782043200000,73.1600,73.2500,73.0500,73.1000,206424.02
1782044100000,73.0900,73.1600,72.8600,73.0100,476533.07
1782045000000,73.0100,73.2200,72.9600,73.1900,320180.35
1782045900000,73.2000,73.6500,73.1600,73.5800,327413.04
1782046800000,73.5900,73.7900,73.5100,73.7300,203691.11
1782047700000,73.7300,73.9000,73.6600,73.7100,182603.53
1782048600000,73.7100,73.7600,73.4200,73.4600,254464.64
1782049500000,73.4600,73.8900,73.4500,73.8700,180999.68
1782050400000,73.8700,73.9500,73.7400,73.7400,210570.11
1782051300000,73.7300,73.9300,73.6000,73.7800,146380.29
1782052200000,73.7700,74.1200,73.7300,73.9600,301413.10
1782053100000,73.9500,74.0800,73.7600,74.0800,182556.26
1782054000000,74.0700,74.2400,73.9400,73.9600,275744.27
1782054900000,73.9500,74.1700,73.8600,74.1100,161030.30
1782055800000,74.1200,74.2600,74.0100,74.1600,155351.05
1782056700000,74.1700,74.1700,73.9600,74.1100,115425.76
1782057600000,74.1000,74.1000,73.8000,73.8400,225359.13
1782058500000,73.8400,74.0400,73.8100,73.9800,153794.46
1782059400000,73.9700,74.0200,73.7400,74.0100,176740.73
1782060300000,74.0100,74.8000,74.0000,74.2900,643604.83
1782061200000,74.2900,74.5100,74.1400,74.4800,220619.64
1782062100000,74.4800,74.6100,74.2200,74.4400,189916.98
1782063000000,74.4400,74.4700,74.0100,74.1400,223814.04
1782063900000,74.1500,74.4200,74.1500,74.2000,152750.17
1782064800000,74.2100,74.2200,73.8100,73.9100,245740.88
1782065700000,73.9100,74.1300,73.9100,74.0900,146443.61
1782066600000,74.0900,74.4300,74.0000,74.2700,177863.66
1782067500000,74.2700,74.3200,74.0800,74.1700,75279.97
1782068400000,74.1700,74.4400,74.0700,74.3600,141030.38
1782069300000,74.3600,74.3800,74.1900,74.2200,61041.78
1782070200000,74.2200,74.3600,74.1800,74.3500,82107.78
1782071100000,74.3600,74.4400,74.3000,74.3800,80546.96
1782072000000,74.3900,74.5300,74.1500,74.2000,109244.67
1782072900000,74.2000,74.2400,73.9400,74.0700,115678.65
1782073800000,74.0700,74.1100,73.8100,73.8300,126306.99
1782074700000,73.8400,73.8400,73.3000,73.3900,615148.94
1782075600000,73.4000,73.4300,72.3500,72.7100,1037221.60
1782076500000,72.7100,73.0700,72.4200,72.7300,377621.13
1782077400000,72.7300,73.3100,72.7200,73.2100,447502.84
1782078300000,73.2100,73.3400,72.9800,73.1000,142421.88
1782079200000,73.1000,73.2000,72.8600,73.0100,319348.78
1782080100000,73.0200,73.2300,72.9100,72.9500,160889.09
1782081000000,72.9600,72.9600,72.5800,72.8700,256424.41
1782081900000,72.8600,73.2100,72.8200,73.0000,126701.41
1782082800000,73.0000,73.0000,72.6700,72.7600,189989.37
1782083700000,72.7600,73.0600,72.6900,72.8500,129305.51
1782084600000,72.8500,72.9400,72.2600,72.4800,573331.72
1782085500000,72.4900,72.6000,72.3600,72.4200,163230.00
1782086400000,72.4200,72.8600,72.4100,72.6700,272398.00
1782087300000,72.6700,73.1100,72.6400,72.9500,232934.44
1782088200000,72.9500,73.5600,72.8900,73.2400,429381.86
1782089100000,73.2400,73.4500,72.9800,73.3300,258759.68
1782090000000,73.3400,73.6400,73.2100,73.2800,243742.90
1782090900000,73.2900,74.9700,73.2900,74.5800,1165111.08
1782091800000,74.5800,74.7400,74.0600,74.3700,557488.24
1782092700000,74.3700,74.4900,74.2500,74.3200,218976.84
1782093600000,74.3300,74.4100,73.9700,74.0200,218604.30
1782094500000,74.0200,74.3100,73.9500,74.1900,157954.24
1782095400000,74.2000,74.2500,74.0000,74.0300,135600.39
1782096300000,74.0400,74.0600,73.7100,73.7700,203640.78
1782097200000,73.7800,73.7900,73.2300,73.5100,438201.43
1782098100000,73.5200,73.9900,73.5100,73.7700,235500.83
1782099000000,73.7600,74.0300,73.6500,73.6700,122531.00
1782099900000,73.6700,73.7200,73.3200,73.4700,227816.57
1782100800000,73.4700,73.6400,73.3000,73.5300,250895.86
1782101700000,73.5300,73.6700,73.4700,73.6000,97039.80
1782102600000,73.6100,73.6600,73.4000,73.4100,169115.68
1782103500000,73.4100,73.8700,73.4100,73.8200,139216.80
1782104400000,73.8200,74.1000,73.7400,74.0800,215468.87
1782105300000,74.0900,74.1100,73.9600,73.9900,134596.18
1782106200000,73.9900,74.1000,73.9100,73.9800,124629.79
1782107100000,73.9700,73.9900,73.8200,73.9100,99256.83
1782108000000,73.9100,74.1700,73.7700,73.9700,130271.83
1782108900000,73.9600,74.0600,73.7700,73.8200,117371.62
1782109800000,73.8200,73.8200,73.5600,73.6400,203373.01
1782110700000,73.6300,73.7500,73.5100,73.6700,141491.28
1782111600000,73.6700,74.2700,73.6300,74.1500,252281.45
1782112500000,74.1600,74.3600,74.1000,74.2700,202606.89
1782113400000,74.2800,74.4400,74.1300,74.1500,176540.76
1782114300000,74.1500,74.2000,73.9900,74.0700,116103.43
1782115200000,74.0700,74.2900,73.9800,74.2800,172290.75
1782116100000,74.2800,74.2800,73.9400,73.9500,129665.77
1782117000000,73.9600,74.0000,73.6700,73.9900,194855.01
1782117900000,73.9900,74.0700,73.7700,73.8500,90678.25
1782118800000,73.8500,73.9900,73.7800,73.8700,110181.91
1782119700000,73.8800,73.9200,73.6200,73.6600,123994.59
1782120600000,73.6600,73.7900,73.5300,73.7200,141589.68
1782121500000,73.7300,73.8400,73.6500,73.7500,86249.22
1782122400000,73.7600,73.9900,73.6700,73.8400,123697.05
1782123300000,73.8400,73.9200,73.6000,73.6300,105016.74
1782124200000,73.6300,73.7400,73.5500,73.6000,122113.01
1782125100000,73.6000,73.8500,73.6000,73.7400,104091.00
1782126000000,73.7300,74.1900,73.6100,73.9400,321871.06
1782126900000,73.9400,74.0600,73.7400,73.8500,273351.81
1782127800000,73.8600,74.4200,73.8600,74.1700,479931.80
1782128700000,74.1700,74.3900,74.1100,74.1500,350022.15
1782129600000,74.1600,74.3000,73.9900,74.1200,378076.97
1782130500000,74.1100,74.3900,74.0000,74.3400,222448.20
1782131400000,74.3500,74.5400,74.1200,74.3900,367304.03
1782132300000,74.3900,74.5500,74.2100,74.3800,268709.21
1782133200000,74.3900,74.5200,74.2300,74.3900,245829.88
1782134100000,74.4000,74.5100,74.2000,74.2900,157009.31
1782135000000,74.3000,74.8500,74.2300,74.6600,803424.17
1782135900000,74.6600,74.9500,74.6100,74.9400,489774.32
1782136800000,74.9500,74.9700,74.2000,74.3000,450025.81
1782137700000,74.2900,74.3200,73.6800,73.7100,665755.66
1782138600000,73.7100,73.7800,73.3000,73.3700,897565.80
1782139500000,73.3700,73.6300,73.1200,73.3900,520812.02
1782140400000,73.3900,73.6600,73.1800,73.5900,471202.17
1782141300000,73.5900,73.7000,73.3800,73.6400,263799.36
1782142200000,73.6500,73.7600,73.4300,73.4700,232872.92
1782143100000,73.4700,73.5200,72.9300,73.0900,493421.49
1782144000000,73.0900,73.1700,72.6400,72.7200,593969.45
1782144900000,72.7300,72.9100,72.5600,72.7600,341242.02
1782145800000,72.7600,72.7600,72.5000,72.6700,264173.68
1782146700000,72.6800,73.0200,72.5800,72.9000,287004.45
1782147600000,72.9000,72.9900,72.7800,72.9300,136476.81
1782148500000,72.9300,72.9900,72.7300,72.7300,128382.42
1782149400000,72.7300,72.9000,72.5900,72.8800,185511.65
1782150300000,72.8700,73.2900,72.8600,73.2400,231907.37
1782151200000,73.2300,73.5000,73.2200,73.4500,201268.99
1782152100000,73.4500,73.5300,73.2600,73.3300,182310.13
1782153000000,73.3300,73.3800,73.2200,73.2400,112017.37
1782153900000,73.2400,73.2700,72.5200,72.6000,752688.46
1782154800000,72.6000,72.7000,72.4700,72.6300,291312.48
1782155700000,72.6200,72.7600,72.4000,72.5900,261532.20
1782156600000,72.6000,72.7700,72.5500,72.7000,120765.46
1782157500000,72.7000,72.7600,72.5200,72.6600,176217.11
1782158400000,72.6600,72.9200,72.6400,72.7300,214358.67
1782159300000,72.7400,72.7800,72.4400,72.5700,128696.02
1782160200000,72.5700,72.7900,72.5700,72.7700,81674.04
1782161100000,72.7700,72.8200,72.5800,72.7800,94757.99
1782162000000,72.7800,72.8400,72.6800,72.7800,75204.20
1782162900000,72.7700,72.7800,72.5400,72.6500,71793.18
1782163800000,72.6400,72.6500,72.2300,72.3200,259827.69
1782164700000,72.3300,72.7000,72.3300,72.7000,119005.40
1782165600000,72.7000,72.9200,72.6000,72.7200,119614.47
1782166500000,72.7100,72.7500,71.2700,71.8400,904772.17
1782167400000,71.8300,72.0000,71.5500,71.6900,500799.65
1782168300000,71.7000,72.1000,71.6500,72.0600,252859.79
1782169200000,72.0600,72.1100,71.9200,71.9800,148531.21
1782170100000,71.9800,72.1300,71.8800,72.0600,132817.58
1782171000000,72.0500,72.0700,71.8900,71.9300,109909.74
1782171900000,71.9200,71.9900,71.7800,71.9100,111037.18
1782172800000,71.9000,71.9800,71.7300,71.8100,154859.54
1782173700000,71.8000,71.8600,71.4200,71.4400,364301.53
1782174600000,71.4400,71.8300,71.4100,71.8200,241245.40
1782175500000,71.8200,71.8800,71.6100,71.8300,155142.07
1782176400000,71.8400,72.0000,71.7500,71.8000,155018.70
1782177300000,71.8000,71.9900,71.7900,71.8400,99328.93
1782178200000,71.8400,71.9700,71.5400,71.6300,142823.01
1782179100000,71.6300,71.7400,71.2400,71.6700,353702.98
1782180000000,71.6600,71.7700,71.4900,71.7100,153534.35
1782180900000,71.7100,71.9700,71.7000,71.8500,121809.47
1782181800000,71.8400,71.9700,71.8000,71.9200,74095.94
1782182700000,71.9100,72.0100,71.8400,71.9500,107958.09
1782183600000,71.9500,71.9600,71.6600,71.7500,158766.01
1782184500000,71.7500,71.9200,71.7000,71.8700,75945.00
1782185400000,71.8700,71.8800,71.7000,71.8100,84829.21
1782186300000,71.8100,71.9600,71.8000,71.9400,67250.88
1782187200000,71.9500,71.9800,71.7400,71.8800,71663.43
1782188100000,71.8900,71.9000,71.6300,71.8900,85817.46
1782189000000,71.8900,71.9400,71.7100,71.7500,107027.19
1782189900000,71.7500,71.7800,71.3200,71.4100,299700.81
1782190800000,71.4000,71.5600,71.3000,71.4200,203138.49
1782191700000,71.4100,71.5000,70.9500,71.1500,510357.60
1782192600000,71.1400,71.1600,70.8300,71.1100,334155.60
1782193500000,71.1200,71.1500,70.8800,71.0000,180491.14
1782194400000,71.0000,71.0400,70.5300,70.7500,523664.92
1782195300000,70.7500,70.8200,69.6200,69.9400,1533614.58
1782196200000,69.9400,70.2600,69.7700,70.1300,486776.73
1782197100000,70.1300,70.3600,70.0900,70.2900,189721.32
1782198000000,70.2800,70.5200,70.2300,70.4600,229451.16
1782198900000,70.4600,70.5200,70.3200,70.4000,150528.76
1782199800000,70.4000,70.4200,70.0900,70.1100,235737.13
1782200700000,70.1100,70.2200,69.9100,69.9500,257214.69
1782201600000,69.9600,70.0800,68.8600,69.0800,1083314.26
1782202500000,69.0800,69.0900,68.0700,68.3200,1931307.39
1782203400000,68.3200,68.8800,68.2900,68.7200,622995.98
1782204300000,68.7300,68.7300,68.5000,68.6500,303397.15
1782205200000,68.6400,68.8800,68.6300,68.8000,269869.86
1782206100000,68.7900,68.9900,68.7700,68.9200,202103.43
1782207000000,68.9300,68.9700,68.6800,68.8100,227169.93
1782207900000,68.8200,68.9900,68.7700,68.8700,216404.35
1782208800000,68.8700,69.1700,68.8600,68.9200,286415.30
1782209700000,68.9200,68.9700,68.8300,68.8600,118947.66
1782210600000,68.8600,68.9100,68.6300,68.6600,176738.68
1782211500000,68.6600,68.7900,68.5400,68.7600,218520.91
1782212400000,68.7500,68.9500,68.7500,68.9100,129956.06
1782213300000,68.9200,69.2300,68.8700,69.1000,310746.88
1782214200000,69.1000,69.2700,69.0800,69.1500,215960.05
1782215100000,69.1600,69.2900,69.0200,69.2600,222832.71
1782216000000,69.2500,69.3400,69.0500,69.1300,165966.45
1782216900000,69.1300,69.1900,69.0000,69.1400,126095.02
1782217800000,69.1300,69.2900,69.0000,69.0800,171002.39
1782218700000,69.0800,69.0800,68.8000,68.9200,257387.02
1782219600000,68.9100,68.9600,68.7100,68.9300,269528.49
1782220500000,68.9300,68.9300,68.6100,68.7600,271211.35
1782221400000,68.7600,69.3300,68.5800,68.9500,806633.63
1782222300000,68.9500,69.2600,68.7800,69.1500,332769.10
1782223200000,69.1400,69.4900,69.0300,69.4800,426750.55
1782224100000,69.4700,69.6300,69.0700,69.2600,559971.30
1782225000000,69.2700,69.5600,69.0900,69.2200,286107.03
1782225900000,69.2300,69.3600,69.0200,69.1400,244216.02
1782226800000,69.1500,69.1600,68.6400,68.8000,368014.45
1782227700000,68.8000,68.8100,68.4700,68.5800,260533.58
1782228600000,68.5700,68.9900,68.5700,68.6600,229852.64
1782229500000,68.6600,68.8900,68.3300,68.8700,275136.77
1782230400000,68.8700,69.3600,68.7600,69.2300,424231.24
1782231300000,69.2200,69.2700,68.9300,69.0200,152023.64
1782232200000,69.0300,69.1100,68.9200,68.9700,134501.61
1782233100000,68.9800,69.0500,68.7800,68.8400,125570.63
1782234000000,68.8400,68.8500,68.5800,68.6500,137013.31
1782234900000,68.6500,69.0700,68.6500,69.0400,135910.57
1782235800000,69.0400,69.1500,68.8100,68.8500,123635.78
1782236700000,68.8500,68.9200,68.6000,68.7200,111914.06
1782237600000,68.7300,68.9100,68.6300,68.8500,97062.91
1782238500000,68.8500,69.0000,68.7400,68.8800,102775.12
1782239400000,68.8900,68.8900,68.6400,68.6900,105776.29
1782240300000,68.6900,68.9100,68.6500,68.8600,110551.77
1782241200000,68.8500,69.0700,68.8200,68.9000,108369.07
1782242100000,68.8900,68.9400,68.7100,68.9200,89514.88
1782243000000,68.9200,69.0000,68.7100,68.7200,79558.26
1782243900000,68.7200,69.0000,68.7000,68.8000,137291.91
1782244800000,68.8100,69.0300,68.7900,68.9100,92920.78
1782245700000,68.9100,69.0100,68.8700,68.9700,53156.86
1782246600000,68.9600,69.0200,68.8900,68.9200,73308.10
1782247500000,68.9200,68.9800,68.8100,68.9800,65190.86
1782248400000,68.9800,69.1600,68.9300,69.1100,117613.31
1782249300000,69.1100,69.2100,69.0100,69.2100,115299.54
1782250200000,69.2000,69.2800,69.1600,69.2100,108797.92
1782251100000,69.2200,69.2500,69.1800,69.2300,64104.29
1782252000000,69.2200,69.6900,69.2000,69.6300,228461.22
1782252900000,69.6300,69.8200,69.3100,69.4100,250418.79
1782253800000,69.4000,69.5500,69.3100,69.4200,118807.33
1782254700000,69.4200,69.5600,69.3700,69.5100,70167.97
1782255600000,69.5100,69.5200,69.2600,69.3100,138027.76
1782256500000,69.3100,69.5800,69.3100,69.4600,68841.37
1782257400000,69.4600,69.5700,69.3400,69.3800,66890.42
1782258300000,69.3800,69.7800,69.3700,69.6500,118454.36
1782259200000,69.6600,69.9200,69.5400,69.9000,191558.24
1782260100000,69.9000,69.9500,69.7500,69.8200,111471.76
1782261000000,69.8100,70.1100,69.7600,69.9800,269175.68
1782261900000,69.9800,70.0700,69.8000,69.9400,153418.04
1782262800000,69.9500,69.9900,69.6300,69.9400,125888.71
1782263700000,69.9300,69.9400,69.6200,69.9200,98860.08
1782264600000,69.9200,70.3600,69.9100,70.1000,313494.14
1782265500000,70.1100,70.2900,70.0200,70.0300,102689.30
1782266400000,70.0400,70.1000,69.7900,69.8800,254107.99
1782267300000,69.8700,69.8800,69.5200,69.6800,198857.77
1782268200000,69.6900,69.7700,69.4500,69.6300,150920.84
1782269100000,69.6200,69.6400,69.3700,69.4200,145804.93
1782270000000,69.4100,69.4800,69.2500,69.3300,162888.16
1782270900000,69.3300,69.3300,69.0300,69.3200,261418.61
1782271800000,69.3200,69.7300,69.3100,69.6700,156644.92
1782272700000,69.6800,69.7100,69.5000,69.5300,88715.66
1782273600000,69.5300,69.5900,69.3800,69.4700,104477.93
1782274500000,69.4700,69.5500,68.9100,69.1100,247096.61
1782275400000,69.1000,69.3700,69.0600,69.3000,117261.99
1782276300000,69.3000,69.6500,69.2900,69.5400,122717.37
1782277200000,69.5300,69.7900,69.4600,69.6800,127884.91
1782278100000,69.6700,69.9600,69.6600,69.9500,122689.27
1782279000000,69.9400,70.1700,69.8600,69.9800,170267.76
1782279900000,69.9800,70.0300,69.8200,69.8900,74266.63
1782280800000,69.8900,69.9500,69.6900,69.8900,96145.35
1782281700000,69.8800,70.0000,69.8000,69.8800,84551.18
1782282600000,69.8800,69.9700,69.7100,69.7100,80977.94
1782283500000,69.7100,69.7800,69.6400,69.6800,86523.68
1782284400000,69.6900,69.7400,69.4900,69.6500,134787.64
1782285300000,69.6400,69.6700,69.5000,69.5200,108454.00
1782286200000,69.5100,69.6200,69.3700,69.4900,106422.66
1782287100000,69.4900,69.5100,69.2400,69.3300,147558.51
1782288000000,69.3400,69.4600,69.2000,69.3300,131749.86
1782288900000,69.3200,69.4000,69.2200,69.4000,111065.52
1782289800000,69.4000,69.5900,69.3700,69.4800,129814.57
1782290700000,69.4700,69.4800,69.3300,69.4200,71429.50
1782291600000,69.4200,69.5100,69.2500,69.3500,128588.95
1782292500000,69.3500,69.4800,69.2700,69.2800,112612.25
1782293400000,69.2900,69.3400,69.1800,69.2400,88689.31
1782294300000,69.2400,69.3300,69.1600,69.2700,52906.43
1782295200000,69.2700,69.3100,69.0700,69.2200,108482.04
1782296100000,69.2200,69.2300,68.9100,69.0900,205355.85
1782297000000,69.1000,69.2400,69.0300,69.1800,131517.48
1782297900000,69.1800,69.1900,68.9500,69.0200,109480.73
1782298800000,69.0100,69.1200,68.8200,68.8500,210999.75
1782299700000,68.8500,68.9300,68.7400,68.8400,184338.73
1782300600000,68.8400,69.5400,68.8400,69.4900,304441.93
1782301500000,69.4900,70.4500,69.4400,69.7800,645327.04
1782302400000,69.7800,69.8700,69.6200,69.8100,235542.94
1782303300000,69.8000,69.8900,69.5900,69.7300,246374.61
1782304200000,69.7200,69.7900,69.5600,69.7200,120484.98
1782305100000,69.7200,69.7400,69.3800,69.4200,180679.85
1782306000000,69.4200,69.4600,68.5400,68.7100,832652.02
1782306900000,68.7100,68.9900,68.3200,68.9500,845056.89
1782307800000,68.9500,69.4400,68.5900,68.7400,918123.66
1782308700000,68.7300,69.2900,68.6100,68.8400,700866.92
1782309600000,68.8300,69.1400,68.6500,68.9700,577915.72
1782310500000,68.9600,69.0500,68.5500,69.0100,537185.54
1782311400000,69.0000,69.4000,68.7300,69.0300,416015.09
1782312300000,69.0300,69.1500,68.7100,68.8300,276896.28
1782313200000,68.8300,68.8600,68.2400,68.3500,519191.28
1782314100000,68.3500,68.6600,68.2600,68.4100,355866.24
1782315000000,68.4200,68.4400,67.6000,67.7200,1024149.01
1782315900000,67.7100,67.7400,67.2100,67.2900,959964.40
1782316800000,67.2800,67.7000,67.2500,67.6500,589583.14
1782317700000,67.6500,68.0000,67.3100,67.7800,731023.24
1782318600000,67.7700,67.8700,67.2700,67.3400,498824.29
1782319500000,67.3400,67.3400,66.2500,66.4900,2422790.13
1782320400000,66.4900,66.9100,66.1600,66.3500,895937.65
1782321300000,66.3400,66.4000,65.1300,65.5500,1659687.94
1782322200000,65.5400,65.6800,65.1700,65.2500,573498.12
1782323100000,65.2500,65.3200,64.6600,64.9300,1122742.35
1782324000000,64.9300,65.4600,64.7600,65.4500,732088.95
1782324900000,65.4400,66.4700,65.4400,66.1300,1192293.01
1782325800000,66.1300,66.2400,65.8800,65.9900,454707.13
1782326700000,65.9800,66.1200,65.7300,65.9900,336036.61
1782327600000,66.0000,66.3400,65.5800,65.7200,426194.88
1782328500000,65.7300,65.9400,65.4800,65.8700,308426.45
1782329400000,65.8600,65.9900,65.7000,65.7700,195889.44
1782330300000,65.7800,66.2200,65.6700,66.0900,407307.41
1782331200000,66.0800,67.4200,65.9300,67.2200,1092873.20
1782332100000,67.2100,67.6200,67.0900,67.4400,385201.65
1782333000000,67.4500,67.6200,67.2400,67.4600,341818.81
1782333900000,67.4600,67.9700,67.4500,67.6300,436894.50
1782334800000,67.6400,67.6900,67.1900,67.2700,450217.89
1782335700000,67.2600,67.5300,67.1600,67.5200,163438.54
1782336600000,67.5200,67.9000,67.3900,67.7900,161090.50
1782337500000,67.7800,68.0800,67.7300,68.0200,160661.20
1782338400000,68.0300,68.5000,67.9700,68.0100,389394.83
1782339300000,68.0100,68.0200,67.7600,67.8200,193946.78
1782340200000,67.8100,67.9800,67.6900,67.8900,145533.19
1782341100000,67.8800,67.8900,67.6400,67.7900,68909.09
1782342000000,67.7900,67.8900,67.7100,67.8400,86674.71
1782342900000,67.8400,68.1600,67.8000,67.9400,128953.09
1782343800000,67.9400,68.0800,67.8900,68.0200,97103.71
1782344700000,68.0200,68.1200,67.8100,68.0700,96216.65
1782345600000,68.0800,68.2800,67.9600,68.1500,154385.15
1782346500000,68.1500,68.1500,67.8500,67.8900,106222.25
1782347400000,67.9000,67.9500,67.7300,67.7500,160736.75
1782348300000,67.7500,67.8800,67.5100,67.6700,191929.14
1782349200000,67.6700,67.7600,67.4300,67.4800,158632.78
1782350100000,67.4800,67.7400,67.3600,67.6000,121223.34
1782351000000,67.5900,67.7500,67.5600,67.7200,80991.81
1782351900000,67.7200,67.9700,67.6900,67.8400,115270.03
1782352800000,67.8400,67.8900,67.6100,67.6400,93844.43
1782353700000,67.6300,67.8600,67.5600,67.8400,70850.78
1782354600000,67.8400,67.8700,67.5900,67.6200,68084.91
1782355500000,67.6200,67.7200,67.5800,67.6900,78652.90
1782356400000,67.6800,67.8200,67.5400,67.5600,72828.59
1782357300000,67.5700,67.6600,67.4100,67.6200,78460.58
1782358200000,67.6100,67.7300,67.4800,67.4900,99618.81
1782359100000,67.4800,67.6900,67.4700,67.6400,72876.21
1782360000000,67.6500,67.6800,67.5300,67.5600,133345.86
1782360900000,67.5600,67.6600,67.5100,67.5800,54316.87
1782361800000,67.5700,67.7900,67.4400,67.7900,101267.32
1782362700000,67.7900,68.4900,67.7700,68.4200,474393.45
1782363600000,68.4200,69.1100,68.3100,68.9800,700443.31
1782364500000,68.9900,69.2500,68.7900,69.0200,375264.58
1782365400000,69.0300,69.2800,68.9000,68.9100,253360.74
1782366300000,68.9100,69.1400,68.9000,69.0000,129438.16
1782367200000,68.9900,69.2600,68.9700,69.1400,122936.34
1782368100000,69.1400,69.6400,69.1300,69.2200,457662.18
1782369000000,69.2100,69.4400,69.1800,69.3700,170257.64
1782369900000,69.3800,69.5900,69.3500,69.4300,127704.99
1782370800000,69.4400,69.5500,69.1800,69.2900,215417.38
1782371700000,69.2800,69.4800,69.2500,69.3100,92790.23
1782372600000,69.3100,69.4800,69.2800,69.4000,83684.81
1782373500000,69.3900,69.4600,69.2200,69.4000,140140.71
1782374400000,69.4000,69.4100,69.1700,69.1800,145082.84
1782375300000,69.1800,69.2300,68.9800,69.1100,184926.77
1782376200000,69.1000,69.1700,68.9700,69.1400,191561.20
1782377100000,69.1400,69.2200,68.9600,69.0300,124214.76
1782378000000,69.0300,69.1600,69.0000,69.1100,110253.43
1782378900000,69.1000,69.1500,68.8100,68.9300,187127.00
1782379800000,68.9300,69.0200,68.8100,68.9200,89108.67
1782380700000,68.9100,68.9800,68.7600,68.8000,108612.06
1782381600000,68.8000,68.8500,68.7000,68.7800,111639.85
1782382500000,68.7800,68.8500,68.5000,68.5300,212204.41
1782383400000,68.5200,68.5800,68.2600,68.2700,239112.59
1782384300000,68.2800,68.3600,68.0100,68.2500,325480.31
1782385200000,68.2600,68.3500,67.9600,68.3200,370467.29
1782386100000,68.3300,68.4100,68.0600,68.0700,265455.86
1782387000000,68.0800,68.2800,68.0800,68.1600,149061.59
1782387900000,68.1500,68.1900,67.9600,68.1300,128832.95
1782388800000,68.1400,68.2300,68.0400,68.1000,143281.52
1782389700000,68.1100,68.1400,67.7300,67.8200,247644.18
1782390600000,67.8200,68.9500,67.8200,68.3400,776620.97
1782391500000,68.3300,68.4800,68.1500,68.2600,245471.05
1782392400000,68.2600,68.4200,68.0600,68.3300,214592.19
1782393300000,68.3400,68.4000,68.1300,68.1600,142290.08
1782394200000,68.1600,68.4000,66.4700,66.4800,1434139.80
1782395100000,66.4900,66.7300,64.0000,64.1900,3189519.88
1782396000000,64.1900,66.3700,64.1800,65.8200,2274242.75
1782396900000,65.8200,66.2200,65.1900,65.7100,1102401.18
1782397800000,65.7000,67.1300,65.5200,66.0900,1422251.81
1782398700000,66.0900,66.7300,65.9000,66.3300,591056.50
1782399600000,66.3300,66.3500,65.6300,65.7200,519244.16
1782400500000,65.7200,66.0100,65.1900,65.8700,687652.78
1782401400000,65.8700,66.2200,65.6100,65.7400,280497.11
1782402300000,65.7400,66.3600,65.7000,66.2700,302672.26
1782403200000,66.2800,67.0000,66.2200,66.6100,528156.30
1782404100000,66.6100,66.7100,66.4600,66.6500,245074.55
1782405000000,66.6500,66.6600,65.9400,65.9800,366200.55
1782405900000,65.9900,66.0100,65.6100,65.9400,356836.48
1782406800000,65.9400,66.4700,65.7800,66.4000,238443.45
1782407700000,66.4100,67.3300,66.4100,67.2800,578318.09
1782408600000,67.2800,67.3200,66.8600,66.8600,381027.01
1782409500000,66.8600,67.1000,66.6600,67.1000,340765.29
1782410400000,67.0900,67.1200,66.0300,66.0400,405695.73
1782411300000,66.0500,66.6700,66.0100,66.5300,335052.37
1782412200000,66.5400,66.5400,65.9300,66.0500,289918.00
1782413100000,66.0500,66.2800,65.8800,66.1500,201972.83
1782414000000,66.1600,66.1700,65.7200,65.8000,201493.84
1782414900000,65.8000,65.9900,65.6200,65.9600,325212.93
1782415800000,65.9600,66.1900,65.9500,66.0500,139109.60
1782416700000,66.0500,66.1700,65.8300,66.1700,298635.68
1782417600000,66.1600,66.6200,66.1000,66.4300,437631.18
1782418500000,66.4400,66.7700,66.4300,66.6800,140718.61
1782419400000,66.6800,66.7100,66.2800,66.4100,184451.47
1782420300000,66.4100,66.4200,66.0400,66.2400,180523.68
1782421200000,66.2400,66.4900,66.2300,66.4600,179977.66
1782422100000,66.4700,66.8500,66.3400,66.7900,181056.58
1782423000000,66.7900,67.1900,66.7000,66.9100,249424.76
1782423900000,66.9100,67.2800,66.8800,67.2600,143722.87
1782424800000,67.2500,67.3200,66.9100,66.9300,268897.90
1782425700000,66.9300,67.1400,66.9200,67.0300,107299.82
1782426600000,67.0300,67.2400,67.0100,67.1600,111170.28
1782427500000,67.1600,67.2600,67.0300,67.1100,125716.24
1782428400000,67.1100,67.2300,66.9600,67.1400,115299.52
1782429300000,67.1500,68.4900,67.1400,68.3100,698434.59
1782430200000,68.3100,68.8000,67.7700,67.9100,679500.96
1782431100000,67.9200,67.9300,67.5400,67.6900,212705.83
1782432000000,67.6900,67.8700,67.5900,67.8600,204085.67
1782432900000,67.8600,68.0800,67.6500,67.8900,198125.85
1782433800000,67.8900,68.0700,67.7300,67.9000,90807.75
1782434700000,67.8900,67.9500,67.6100,67.7100,127047.24
1782435600000,67.7000,67.8800,67.4200,67.5800,212706.17
1782436500000,67.5700,67.7800,67.1600,67.1700,287802.13
1782437400000,67.1800,67.3500,67.1000,67.3100,217397.69
1782438300000,67.3000,67.4400,67.1600,67.2900,121925.75
1782439200000,67.2900,67.3200,65.9800,66.1000,615252.71
1782440100000,66.1000,66.6900,65.8600,66.6200,691667.00
1782441000000,66.6300,66.7800,66.3100,66.6000,299355.01
1782441900000,66.5900,66.6000,65.9800,66.1800,302059.42
1782442800000,66.1800,67.1200,65.8800,66.9300,805428.19
1782443700000,66.9200,67.0400,66.4800,66.8100,326585.43
1782444600000,66.8200,67.5900,66.5900,67.5200,582537.10
1782445500000,67.5300,68.4800,67.4800,68.1700,714421.87
1782446400000,68.1800,68.2600,67.9400,67.9800,324613.18
1782447300000,67.9700,68.3600,67.9400,68.0800,263431.79
1782448200000,68.0700,68.1300,67.9600,68.1200,173156.72
1782449100000,68.1300,68.1300,67.9200,68.0400,187010.68
1782450000000,68.0400,68.1900,67.9400,68.1800,198829.18
1782450900000,68.1800,68.3700,67.9800,68.2700,232198.63
1782451800000,68.2700,68.4300,68.1900,68.2200,149479.56
1782452700000,68.2100,68.4000,68.0500,68.3400,170388.38
1782453600000,68.3300,68.3300,67.9600,68.0800,455291.47
1782454500000,68.0800,69.4000,68.0700,69.1700,880832.31
1782455400000,69.1700,69.7900,68.9900,69.7300,599698.69
1782456300000,69.7300,69.9900,69.4700,69.9800,489336.32
1782457200000,69.9800,70.7800,69.8900,70.5800,1361281.66
1782458100000,70.5700,70.7400,70.3300,70.4800,429001.50
1782459000000,70.4800,70.9700,70.4200,70.6000,389468.58
1782459900000,70.6000,70.7900,70.5400,70.7400,297025.77
1782460800000,70.7400,70.8500,69.8400,69.9800,698363.04
1782461700000,69.9900,70.1200,69.7800,69.8700,533956.84
1782462600000,69.8600,69.9400,69.6900,69.8500,227611.65
1782463500000,69.8500,70.1800,69.6800,69.9000,411622.83
1782464400000,69.9100,69.9300,69.5000,69.7800,277395.71
1782465300000,69.7700,69.8800,69.6400,69.7700,193401.80
1782466200000,69.7700,69.8700,69.5200,69.5500,235459.75
1782467100000,69.5500,69.6200,68.8000,68.9700,792617.91
1782468000000,68.9800,69.1700,68.8700,69.0300,221973.22
1782468900000,69.0400,69.2000,68.9600,69.1300,177665.13
1782469800000,69.1300,69.2200,68.6600,68.9200,245083.39
1782470700000,68.9300,69.0000,68.5900,68.7300,275143.38
1782471600000,68.7300,69.0700,68.6400,68.7500,246735.52
1782472500000,68.7500,68.7500,68.4800,68.5400,188705.08
1782473400000,68.5500,68.7300,68.5200,68.6000,136534.42
1782474300000,68.6000,68.6400,68.3500,68.5800,174640.45
1782475200000,68.5700,68.9300,68.5500,68.8300,293890.06
1782476100000,68.8300,69.2400,68.7800,69.2300,417900.60
1782477000000,69.2400,69.7100,68.3200,68.5500,830355.68
1782477900000,68.5500,69.1600,68.4700,68.8300,416023.95
1782478800000,68.8300,69.3000,68.5900,68.8900,353140.73
1782479700000,68.8900,68.9900,68.1300,68.7600,636724.76
1782480600000,68.7500,69.6600,68.6100,69.6200,953339.83
1782481500000,69.6200,70.9200,69.4000,70.6900,1192888.97
1782482400000,70.6800,71.2200,70.2000,70.9600,1017793.14
1782483300000,70.9500,71.9500,70.7900,71.6800,1089237.98
1782484200000,71.6700,71.8600,70.6600,70.7100,857650.58
1782485100000,70.7100,71.1200,70.3500,70.4300,699066.76
1782486000000,70.4300,71.4000,70.2700,70.7900,619477.04
1782486900000,70.7900,71.8500,70.7200,71.4100,596818.23
1782487800000,71.4100,72.2200,71.4000,72.1100,684377.23
1782488700000,72.1000,72.1400,71.5200,72.0200,594882.35
1782489600000,72.0300,73.5100,72.0300,72.4300,1734134.09
1782490500000,72.4300,72.6800,71.9600,72.2100,638662.15
1782491400000,72.2000,73.2100,72.2000,72.5500,809784.09
1782492300000,72.5600,72.8700,72.4200,72.4600,371365.24
1782493200000,72.4700,72.8600,72.3600,72.7300,334186.92
1782494100000,72.7400,72.7600,72.1600,72.5800,433669.31
1782495000000,72.5900,72.7800,72.2100,72.5700,342794.50
1782495900000,72.5800,72.8000,72.4700,72.5300,258601.28
1782496800000,72.5400,73.0700,72.5300,72.9200,254296.38
1782497700000,72.9200,72.9800,72.3600,72.4100,247083.38
1782498600000,72.4100,72.7100,72.3400,72.6800,199088.04
1782499500000,72.6800,72.6900,72.3700,72.5700,206138.49
1782500400000,72.5700,73.3600,72.4500,73.1900,388330.98
1782501300000,73.1800,73.3900,73.0500,73.3000,292952.99
1782502200000,73.3000,73.9100,73.3000,73.6600,657852.91
1782503100000,73.6700,73.8200,72.9800,72.9800,614371.14
1782504000000,72.9900,73.6600,72.6700,72.7400,750792.23
1782504900000,72.7400,73.0400,72.7000,73.0300,272550.73
1782505800000,73.0300,73.0600,72.0600,72.2100,587999.00
1782506700000,72.2100,72.4300,72.0200,72.1600,234316.08
1782507600000,72.1600,72.2200,71.7700,71.9700,348906.79
1782508500000,71.9700,72.3000,71.7900,72.2600,256330.10
1782509400000,72.2600,72.3700,71.9700,72.2100,189879.58
1782510300000,72.2200,72.2800,71.9000,71.9500,101563.91
1782511200000,71.9500,72.0600,71.3900,71.7100,401890.59
1782512100000,71.7200,71.8600,71.5900,71.6300,161372.22
1782513000000,71.6200,71.8600,71.4300,71.8200,233163.21
1782513900000,71.8200,71.8900,71.7000,71.7800,136703.75
1782514800000,71.7900,71.9800,71.7500,71.8900,171348.65
1782515700000,71.9000,71.9000,71.6500,71.6700,112141.21
1782516600000,71.6600,71.9900,71.6500,71.9200,98977.35
1782517500000,71.9200,71.9800,71.8600,71.8700,71489.78
1782518400000,71.8800,72.5100,71.8600,72.3600,519934.60
1782519300000,72.3500,72.3900,72.0200,72.0300,123687.92
1782520200000,72.0400,72.0500,71.5300,71.6800,265024.37
1782521100000,71.6800,71.8800,71.6000,71.7800,72260.66
1782522000000,71.7800,71.7900,71.5600,71.6400,82586.77
1782522900000,71.6300,71.7400,71.6000,71.7100,68716.60
1782523800000,71.7000,71.7000,71.4400,71.5500,172259.57
1782524700000,71.5600,71.6300,71.3100,71.4000,171958.04
1782525600000,71.3900,71.8200,71.3400,71.8200,191838.09
1782526500000,71.8200,72.2100,71.7200,72.1100,271604.48
1782527400000,72.1000,72.1500,71.8700,72.0400,145053.82
1782528300000,72.0500,72.2400,71.9700,72.0800,140447.60
1782529200000,72.0800,72.1900,71.7800,71.8300,162636.74
1782530100000,71.8300,72.3600,71.8000,72.1500,171962.15
1782531000000,72.1500,72.3000,72.0000,72.2700,106191.06
1782531900000,72.2600,72.3800,72.1500,72.2100,118384.43
1782532800000,72.2100,72.4700,72.2000,72.3300,178821.30
1782533700000,72.3300,72.5700,72.2200,72.3000,124943.07
1782534600000,72.3000,72.3900,72.1400,72.2100,79461.64
1782535500000,72.2100,72.2100,71.8500,71.8900,162817.70
1782536400000,71.8800,71.9900,71.7500,71.9800,134456.90
1782537300000,71.9800,71.9900,71.4800,71.5500,193918.53
1782538200000,71.5400,71.7500,71.5400,71.6900,142149.68
1782539100000,71.6900,71.8300,71.6400,71.7600,96033.05
1782540000000,71.7700,71.8000,71.5800,71.6700,91493.70
1782540900000,71.6700,71.9000,71.6100,71.8600,92967.99
1782541800000,71.8700,72.2800,71.8600,72.1900,217825.47
1782542700000,72.1900,72.3000,71.9900,72.0900,185033.66
1782543600000,72.0800,72.1100,71.9600,72.0100,83503.31
1782544500000,72.0200,72.2200,71.9900,72.0900,141486.67
1782545400000,72.0900,72.1100,71.9800,72.0600,52429.54
1782546300000,72.0600,72.3300,72.0500,72.2700,128153.87
1782547200000,72.2700,72.2900,72.1500,72.2600,81007.74
1782548100000,72.2600,72.2900,72.0200,72.1700,196411.79
1782549000000,72.1700,72.1700,71.8400,71.8900,93157.86
1782549900000,71.8900,72.1200,71.8600,72.0000,103228.64
1782550800000,71.9900,72.0700,71.7500,71.7500,151504.34
1782551700000,71.7500,71.7900,71.6700,71.7500,113069.57
1782552600000,71.7600,71.8700,71.6900,71.7000,113764.45
1782553500000,71.7000,71.8600,71.7000,71.8200,67532.39
1782554400000,71.8300,71.9100,71.7900,71.8500,48244.72
1782555300000,71.8500,72.0200,71.8200,71.9200,81722.28
1782556200000,71.9200,72.0100,71.7900,71.8900,140275.26
1782557100000,71.9000,72.0000,71.8800,72.0000,55573.06
1782558000000,71.9900,72.0600,71.8200,71.8500,70863.32
1782558900000,71.8400,71.8500,71.4900,71.5800,232970.11
1782559800000,71.5700,71.6700,71.5000,71.6600,160863.52
1782560700000,71.6600,71.8700,71.6400,71.7600,83547.43
1782561600000,71.7700,71.8400,71.5900,71.6800,97466.82
1782562500000,71.6900,71.8700,71.6600,71.8000,64111.46
1782563400000,71.7900,71.8800,71.7100,71.8000,84848.49
1782564300000,71.7900,72.1500,71.7400,72.1300,166127.78
1782565200000,72.1300,72.2900,72.0800,72.2000,124539.72
1782566100000,72.2000,72.4500,72.1200,72.3600,138433.00
1782567000000,72.3500,72.5800,72.2700,72.4300,172510.30
1782567900000,72.4300,72.5000,72.2700,72.3000,144630.16
1782568800000,72.3100,72.6900,72.1600,72.5800,224085.30
1782569700000,72.5800,72.7900,72.4800,72.6700,168251.77
1782570600000,72.6600,72.8400,72.5500,72.7900,178322.16
1782571500000,72.8000,72.8700,72.6200,72.6800,124717.23
1782572400000,72.6800,73.1600,72.5800,73.0000,432526.20
1782573300000,72.9900,73.0000,72.7900,72.8600,170178.53
1782574200000,72.8600,73.0400,72.7500,72.9800,157285.02
1782575100000,72.9800,72.9800,72.6900,72.8000,142005.04
1782576000000,72.8000,72.9800,72.6400,72.7100,221873.53
1782576900000,72.7000,72.8400,72.5900,72.7900,154634.85
1782577800000,72.7900,72.8100,72.6200,72.7300,78659.10
1782578700000,72.7300,72.8200,72.6000,72.6200,79413.51
1782579600000,72.6100,72.6200,71.8400,72.1900,663080.18
1782580500000,72.1900,72.2800,72.0000,72.2300,148856.55
1782581400000,72.2400,72.3200,72.0900,72.2200,162638.62
1782582300000,72.2300,72.2600,72.0000,72.0000,149184.92
1782583200000,72.0000,72.1400,71.8800,72.0000,194514.64
1782584100000,72.0100,72.1200,71.7100,71.8500,254127.99
1782585000000,71.8500,72.0100,71.8200,71.9200,104508.59
1782585900000,71.9100,71.9400,71.8300,71.8800,40454.24
1782586800000,71.8700,71.9600,71.8300,71.8600,92811.49
1782587700000,71.8600,71.8700,70.9300,71.2800,759835.48
1782588600000,71.2700,71.2800,70.9000,71.1000,412251.33
1782589500000,71.1100,71.2100,70.9900,71.0700,203407.36
1782590400000,71.0600,71.2400,71.0300,71.1800,137454.54
1782591300000,71.1900,71.2800,71.1300,71.1900,73123.83
1782592200000,71.1900,71.2400,71.1200,71.1400,89565.97
1782593100000,71.1400,71.3100,71.1400,71.2800,77090.14
1782594000000,71.2700,71.4800,71.2700,71.4700,134302.84
1782594900000,71.4800,71.5500,71.3600,71.5200,94634.27
1782595800000,71.5300,71.6000,70.9700,71.0200,207098.79
1782596700000,71.0200,71.1400,70.7700,70.9500,219247.35
1782597600000,70.9400,70.9400,70.6000,70.7700,259068.81
1782598500000,70.7700,70.7700,70.2100,70.6900,521368.18
1782599400000,70.6900,71.0200,70.6600,70.8700,215952.02
1782600300000,70.8800,71.0600,70.7800,71.0400,125702.97
1782601200000,71.0500,71.1300,70.5600,70.5700,186259.14
1782602100000,70.5600,70.6700,70.3900,70.4400,176660.85
1782603000000,70.4400,70.6500,70.4000,70.5800,101533.77
1782603900000,70.5800,70.5900,70.4300,70.4700,93068.39
1782604800000,70.4700,70.6300,70.4300,70.6100,197827.48
1782605700000,70.6100,70.7400,70.5600,70.7400,113383.60
1782606600000,70.7500,70.7500,70.5300,70.7100,114443.21
1782607500000,70.7100,70.7800,70.5600,70.6700,82746.47
1782608400000,70.6800,70.6900,70.4100,70.5700,119110.80
1782609300000,70.5600,70.7800,70.5100,70.7300,125931.86
1782610200000,70.7300,70.8600,70.7000,70.8400,100844.21
1782611100000,70.8500,70.8900,70.7700,70.7900,75718.83
1782612000000,70.8000,70.9800,70.7900,70.9200,102627.33
1782612900000,70.9200,70.9700,70.4500,70.6500,263750.53
1782613800000,70.6600,70.7900,70.6400,70.6900,60101.63
1782614700000,70.6900,70.7800,70.6300,70.6700,50359.05
1782615600000,70.6700,70.9400,70.6700,70.8900,102533.22
1782616500000,70.9000,70.9000,70.7700,70.7900,58753.07
1782617400000,70.7900,70.9000,70.7600,70.8300,94352.87
1782618300000,70.8300,70.9100,70.7400,70.8200,161718.46
1782619200000,70.8300,70.8500,70.7200,70.7600,60218.52
1782620100000,70.7600,70.8100,70.6700,70.6900,46287.92
1782621000000,70.7000,70.8600,70.5100,70.8400,117333.90
1782621900000,70.8400,70.9600,70.7200,70.7300,60906.01
1782622800000,70.7300,70.7400,70.3900,70.5100,146233.97
1782623700000,70.5200,70.6200,70.0800,70.2000,292038.42
1782624600000,70.2000,70.4500,70.1000,70.3900,166057.43
1782625500000,70.3900,70.5300,70.3500,70.4900,81213.33
1782626400000,70.5000,70.5400,70.1500,70.1600,122587.50
1782627300000,70.1700,70.4300,70.1300,70.3800,155557.84
1782628200000,70.3800,70.5000,70.3800,70.4200,83876.32
1782629100000,70.4100,70.5000,70.3400,70.4000,55339.69
1782630000000,70.4000,70.8500,70.4000,70.7500,241172.77
1782630900000,70.7500,70.7600,70.6200,70.6400,98093.27
1782631800000,70.6400,70.9300,70.6300,70.8300,116309.20
1782632700000,70.8200,71.0700,70.8000,71.0400,272541.79
1782633600000,71.0400,71.2900,71.0200,71.0900,229161.17
1782634500000,71.1000,71.2700,71.0800,71.1900,115581.40
1782635400000,71.1900,72.1600,71.1800,72.0400,663382.80
1782636300000,72.0400,72.1500,71.8300,71.8600,264741.67
1782637200000,71.8700,71.9200,71.6100,71.7000,220626.41
1782638100000,71.7100,71.7800,71.6600,71.7300,88681.10
1782639000000,71.7200,71.9800,71.6800,71.9300,117743.45
1782639900000,71.9300,72.0200,71.4400,71.5000,206046.31
1782640800000,71.4900,71.5700,71.2400,71.4700,207740.28
1782641700000,71.4700,71.5600,71.0600,71.1500,219471.13
1782642600000,71.1500,71.4000,71.1500,71.3600,121026.46
1782643500000,71.3700,71.4500,71.3300,71.4200,91983.68
1782644400000,71.4300,71.7500,71.4200,71.4800,189090.72
1782645300000,71.4900,71.9200,71.3600,71.8300,195631.11
1782646200000,71.8200,71.9000,71.5800,71.8800,111915.79
1782647100000,71.8900,72.0000,71.7700,71.8800,163732.48
1782648000000,71.8800,71.9500,71.7200,71.8400,130742.29
1782648900000,71.8300,72.0900,71.6000,72.0700,179117.08
1782649800000,72.0600,72.3800,71.7000,71.7700,296636.35
1782650700000,71.7600,71.9200,71.7600,71.8400,103990.96
1782651600000,71.8400,71.8400,71.2800,71.5600,347450.91
1782652500000,71.5700,71.7000,71.4500,71.6400,146145.95
1782653400000,71.6500,72.0700,71.5700,72.0200,217777.30
1782654300000,72.0200,72.0800,71.6300,71.7000,216893.59
1782655200000,71.7100,71.9600,71.6600,71.9100,103613.03
1782656100000,71.9100,72.1600,71.7300,71.8300,148240.27
1782657000000,71.8400,71.9400,71.7200,71.8400,126958.47
1782657900000,71.8400,72.0100,71.6000,71.6000,117246.10
1782658800000,71.6100,71.8700,71.4000,71.7600,200460.91
1782659700000,71.7600,71.9800,71.6200,71.7800,153639.42
1782660600000,71.7800,72.1000,71.6800,71.8400,215460.11
1782661500000,71.8400,72.0600,71.6700,72.0600,222218.32
1782662400000,72.0600,72.1000,71.7200,71.8400,238073.30
1782663300000,71.8500,71.9800,71.3500,71.5500,269677.42
1782664200000,71.5500,71.5800,71.1100,71.2100,404920.46
1782665100000,71.2100,71.5600,71.1200,71.5300,186098.25
1782666000000,71.5300,71.9500,71.4000,71.5900,273834.14
1782666900000,71.6000,71.6500,71.3000,71.3100,150455.59
1782667800000,71.3000,71.4300,70.9000,71.2800,399084.16
1782668700000,71.2900,71.6200,71.2700,71.5300,151703.28
1782669600000,71.5300,71.7000,71.3200,71.3400,145735.77
1782670500000,71.3400,71.3600,71.1000,71.1600,103731.49
1782671400000,71.1600,71.2100,70.9600,71.0900,142124.08
1782672300000,71.0900,71.2600,70.9500,71.1200,117837.53
1782673200000,71.1300,71.1300,70.7800,71.0300,159345.48
1782674100000,71.0200,71.0500,70.8400,71.0100,78599.57
1782675000000,71.0100,71.2800,70.7400,70.7500,221902.09
1782675900000,70.7500,70.7600,70.1900,70.6900,492050.42
1782676800000,70.6800,71.1200,70.6100,71.0500,199860.88
1782677700000,71.0500,71.2500,70.9400,70.9800,193595.53
1782678600000,70.9800,71.0000,70.6800,70.7000,207052.86
1782679500000,70.6900,70.9200,70.6200,70.8800,90537.87
1782680400000,70.8800,70.9000,70.5700,70.7600,91392.41
1782681300000,70.7700,70.8300,70.6300,70.7900,79340.47
1782682200000,70.7900,71.0300,70.7000,70.7300,95604.90
1782683100000,70.7300,70.7800,70.2000,70.4200,219103.41
1782684000000,70.4200,71.5000,70.4200,71.0200,559717.21
1782684900000,71.0100,71.0700,70.4000,70.8400,311565.66
1782685800000,70.8400,70.9600,70.4300,70.4700,195644.99
1782686700000,70.4700,70.6200,69.6400,70.2000,766969.55
1782687600000,70.1900,70.8000,70.1000,70.5500,322441.96
1782688500000,70.5600,71.1300,70.5000,70.9900,224560.93
1782689400000,70.9900,71.7500,70.9600,71.4800,528785.37
1782690300000,71.4800,71.7100,71.3000,71.3500,191468.52
1782691200000,71.3600,71.5600,70.8800,71.3900,357775.41
1782692100000,71.3900,71.4500,70.6900,70.7000,280121.25
1782693000000,70.6900,71.1600,70.3100,71.1200,492702.82
1782693900000,71.1100,71.6800,70.6900,71.6400,325928.87
1782694800000,71.6400,71.6800,71.2300,71.3300,268629.50
1782695700000,71.3400,71.4000,70.9300,71.0700,306120.01
1782696600000,71.0700,71.6600,70.9200,71.5800,208712.90
1782697500000,71.5800,71.6600,71.4300,71.4400,121241.75
1782698400000,71.4500,71.6200,70.4600,70.6400,432663.67
1782699300000,70.6400,71.8300,70.6300,71.7600,505238.22
1782700200000,71.7600,72.1500,71.5800,72.0700,402504.28
1782701100000,72.0700,72.1900,71.9300,72.1600,215770.21
1782702000000,72.1600,73.3000,72.1300,72.8900,995528.24
1782702900000,72.9000,73.2500,72.7600,73.1500,354881.75
1782703800000,73.1500,73.2500,72.6300,72.6900,318110.58
1782704700000,72.6900,72.8900,72.5400,72.6400,201183.82
1782705600000,72.6500,72.6600,72.3500,72.3900,187653.66
1782706500000,72.3900,72.4500,72.1000,72.3600,194154.55
1782707400000,72.3500,72.3800,71.7300,71.8500,282147.33
1782708300000,71.8500,71.8800,71.5800,71.6500,364503.72
1782709200000,71.6500,71.7200,70.9700,71.2400,568224.31
1782710100000,71.2400,71.5100,71.2300,71.4000,206136.78
1782711000000,71.4100,71.8000,71.2500,71.7600,217273.07
1782711900000,71.7600,72.3200,71.6700,72.2900,314409.20
1782712800000,72.2900,72.5600,72.1700,72.4500,380296.73
1782713700000,72.4500,73.0900,72.3900,72.6400,511172.52
1782714600000,72.6400,72.7300,72.2800,72.3500,292407.39
1782715500000,72.3400,72.4400,72.2500,72.3500,127420.69
1782716400000,72.3600,72.3700,72.0300,72.3400,152607.04
1782717300000,72.3500,72.5900,72.2200,72.3900,162772.35
1782718200000,72.4000,72.5800,72.3000,72.3400,117685.94
1782719100000,72.3400,72.8900,72.2600,72.6700,244563.90
1782720000000,72.6700,72.9300,72.4600,72.7200,264074.08
1782720900000,72.7100,72.9200,72.3500,72.4300,244653.04
1782721800000,72.4300,72.7600,72.3400,72.7100,160391.46
1782722700000,72.7100,72.9800,72.6100,72.6800,242834.30
1782723600000,72.6800,72.8700,72.5600,72.8400,128701.61
1782724500000,72.8300,73.1300,72.5700,72.8600,300688.82
1782725400000,72.8700,72.9500,72.6900,72.7400,102798.58
1782726300000,72.7400,72.9200,72.6200,72.8800,112285.35
1782727200000,72.8900,73.5000,72.8900,73.4300,473801.86
1782728100000,73.4300,73.6500,73.3000,73.3800,339319.26
1782729000000,73.3800,73.4100,73.0900,73.2100,254941.17
1782729900000,73.2100,73.3300,73.1500,73.1900,154376.82
1782730800000,73.1900,73.2300,72.5600,72.5900,367372.79
1782731700000,72.5900,72.7200,72.4100,72.6900,305544.25
1782732600000,72.7000,73.2100,72.3200,72.3900,435014.52
1782733500000,72.3900,72.5300,72.2000,72.5000,250984.49
1782734400000,72.5000,74.2100,72.0900,73.9400,1525801.44
1782735300000,73.9300,74.1100,73.6400,73.9800,539602.31
1782736200000,73.9800,74.5500,73.1600,73.3600,1061717.01
1782737100000,73.3600,73.6000,73.0300,73.4700,432093.50
1782738000000,73.4700,74.2900,73.4600,74.1200,564660.36
1782738900000,74.1200,74.3000,73.5300,73.5300,443693.00
1782739800000,73.5200,74.1100,72.8600,72.9000,1048165.90
1782740700000,72.9000,73.7300,72.7200,73.7000,910413.41
1782741600000,73.6900,73.9000,72.4500,72.4900,932093.33
1782742500000,72.4900,73.3200,72.2800,73.1500,801126.95
1782743400000,73.1500,73.5900,72.8600,72.9900,380390.49
1782744300000,72.9900,73.8500,72.8600,73.7000,474722.80
1782745200000,73.7000,73.7100,72.7500,73.2000,481788.91
1782746100000,73.2000,73.9400,73.1200,73.9000,483405.24
1782747000000,73.9000,74.4000,73.7400,73.9900,774015.77
1782747900000,73.9800,74.1800,73.7600,73.8700,365710.59
1782748800000,73.8800,74.0400,73.4700,73.5300,347692.65
1782749700000,73.5400,73.6900,72.8400,72.9000,448172.05
1782750600000,72.9100,73.7700,72.9100,73.7300,444684.03
1782751500000,73.7200,74.1300,73.6200,73.9900,525401.16
1782752400000,73.9900,75.5000,73.9700,75.2500,1562998.32
1782753300000,75.2600,76.4900,75.1000,75.8900,2222454.44
1782754200000,75.8800,76.1700,75.4900,75.7200,546285.54
1782755100000,75.7200,75.8600,75.2300,75.2700,416997.66
1782756000000,75.2800,75.8200,75.1100,75.6000,453551.75
1782756900000,75.6100,75.6800,75.1500,75.1900,254266.04
1782757800000,75.2000,75.7400,75.1300,75.6900,249360.23
1782758700000,75.6900,75.7200,75.3700,75.5700,120150.22
1782759600000,75.5800,75.7900,75.3900,75.4600,200827.93
1782760500000,75.4600,76.1900,75.4200,76.0200,349087.87
1782761400000,76.0200,76.0500,75.6500,75.9600,247582.75
1782762300000,75.9700,76.2100,75.8400,75.9500,296521.47
1782763200000,75.9600,75.9900,75.5700,75.7300,261720.35
1782764100000,75.7300,75.7400,75.4700,75.5100,142758.79
1782765000000,75.5000,75.6900,75.3300,75.4000,191972.66
1782765900000,75.4000,75.5000,75.2300,75.3500,162190.75
1782766800000,75.3500,75.6600,75.1900,75.5100,243470.82
1782767700000,75.5000,75.5700,75.4000,75.4200,108320.22
1782768600000,75.4200,75.8100,75.4100,75.6100,136810.07
1782769500000,75.6200,75.7000,75.4300,75.4900,63679.02
1782770400000,75.4900,75.6100,75.4200,75.5400,102585.66
1782771300000,75.5400,75.6300,75.2400,75.3600,143322.64
1782772200000,75.3600,75.3900,75.1400,75.2900,111015.13
1782773100000,75.3000,75.4700,75.0000,75.2500,185075.77
1782774000000,75.2500,75.4100,75.2300,75.3300,80346.76
1782774900000,75.3400,75.3700,75.0200,75.1600,103826.86
1782775800000,75.1600,75.1600,74.8600,75.0000,282654.17
1782776700000,75.0000,75.2300,74.9900,75.1300,180108.04
1782777600000,75.1300,75.1900,74.8700,74.9700,187017.47
1782778500000,74.9700,75.0500,74.5600,74.6000,212813.70
1782779400000,74.6000,74.6200,74.1500,74.3500,526405.66
1782780300000,74.3400,74.6200,74.2700,74.3900,284374.54
1782781200000,74.4000,74.4500,74.0000,74.1900,279670.07
1782782100000,74.1900,74.6400,74.1500,74.6200,270850.00
1782783000000,74.6200,74.6300,74.1600,74.2600,144053.08
1782783900000,74.2600,74.4300,74.2400,74.3800,81946.65
1782784800000,74.3900,74.3900,74.0100,74.0700,144455.83
1782785700000,74.0700,74.3200,74.0400,74.3100,90521.88
1782786600000,74.3100,74.5500,74.1700,74.5400,124551.18
1782787500000,74.5500,74.8200,74.5400,74.5600,130230.63
1782788400000,74.5700,74.7400,74.5400,74.6400,86124.58
1782789300000,74.6400,74.8800,74.4900,74.5900,119642.69
1782790200000,74.5900,74.6200,74.3000,74.4100,121556.67
1782791100000,74.4200,74.4400,74.1000,74.1600,109837.64
1782792000000,74.1500,74.2300,73.7100,74.1200,449520.01
1782792900000,74.1200,74.1700,73.6400,73.9100,378591.29
1782793800000,73.9100,74.1400,73.9100,74.0400,145995.68
1782794700000,74.0500,74.0700,73.9400,74.0000,75455.01
1782795600000,74.0000,74.1500,73.9100,74.0200,107075.33
1782796500000,74.0200,74.0800,73.8200,73.9300,107365.75
1782797400000,73.9400,74.1800,73.8100,74.0700,149102.39
1782798300000,74.0800,74.2200,74.0700,74.2000,110890.48
1782799200000,74.2000,74.2300,73.9600,74.0000,100974.27
1782800100000,74.0000,74.2300,73.8600,74.2000,123180.00
1782801000000,74.2000,74.2300,74.0000,74.0600,123336.21
1782801900000,74.0500,74.1800,74.0200,74.1200,64554.45
1782802800000,74.1300,74.2100,73.8000,73.9400,176126.06
1782803700000,73.9300,74.0100,73.8600,73.8800,85265.38
1782804600000,73.8800,74.0800,73.8800,74.0000,87624.48
1782805500000,74.0000,74.1800,73.9600,74.1300,114336.84
1782806400000,74.1200,74.1900,73.8600,73.8700,140633.12
1782807300000,73.8700,74.0100,73.8000,73.9700,90200.40
1782808200000,73.9700,74.0200,73.3600,73.5400,646502.85
1782809100000,73.5300,73.6500,73.2800,73.5800,466694.57
1782810000000,73.5800,73.7800,73.5500,73.7800,236166.32
1782810900000,73.7800,73.8000,73.5400,73.5900,192547.25
1782811800000,73.5900,73.7700,73.5000,73.7000,117323.75
1782812700000,73.7000,73.8400,73.6800,73.7600,109498.27
1782813600000,73.7600,73.8600,73.6000,73.7300,92519.60
1782814500000,73.7300,73.8100,73.5800,73.6200,85140.42
1782815400000,73.6200,73.6300,73.4300,73.5800,113088.76
1782816300000,73.5900,73.7700,73.5300,73.6500,91504.86
1782817200000,73.6600,73.7300,73.5900,73.6600,53631.03
1782818100000,73.6500,73.7000,73.3500,73.4100,173618.41
1782819000000,73.4100,73.5500,73.3100,73.5100,156584.55
1782819900000,73.5100,73.7000,73.2900,73.3600,138723.11
1782820800000,73.3500,73.4000,72.9000,72.9400,428614.36
1782821700000,72.9400,73.0300,72.5400,72.6500,541281.68
1782822600000,72.6400,72.7100,72.3600,72.4600,389443.81
1782823500000,72.4700,72.5000,72.0300,72.0500,545008.93
1782824400000,72.0600,72.4700,71.8500,72.3600,687834.94
1782825300000,72.3700,72.5600,72.3400,72.4700,266806.12
1782826200000,72.4800,72.8200,71.9500,72.4400,849831.64
1782827100000,72.4300,72.9100,72.2600,72.8500,527763.95
1782828000000,72.8400,73.5900,72.7300,73.3300,903701.26
1782828900000,73.3400,73.7700,73.2100,73.7500,453582.68
1782829800000,73.7500,73.8800,73.0800,73.6100,582726.14
1782830700000,73.6000,73.6000,72.6900,72.9300,492543.51
1782831600000,72.9300,73.1600,72.5700,72.9700,387959.00
1782832500000,72.9600,73.4200,72.6200,73.2000,791204.56
1782833400000,73.2000,73.5000,73.0200,73.2900,254497.58
1782834300000,73.2800,74.0800,73.0400,73.1000,726765.95
1782835200000,73.1000,73.5700,72.8600,72.9000,449054.02
1782836100000,72.8900,73.0300,72.6900,72.7700,254046.60
1782837000000,72.7800,73.2900,72.7200,73.0600,235194.02
1782837900000,73.0600,73.7000,73.0400,73.4900,372522.74
1782838800000,73.4900,73.9100,73.4200,73.4600,304935.10
1782839700000,73.4600,73.6000,73.3100,73.4100,197599.73
1782840600000,73.4100,73.5500,73.3000,73.3300,112824.09
1782841500000,73.3300,73.5200,73.1300,73.1600,174240.27
1782842400000,73.1600,73.3400,73.0600,73.2900,126523.56
1782843300000,73.2900,73.7900,73.1800,73.3900,170612.49
1782844200000,73.3900,73.4300,72.8900,73.2300,193825.48
1782845100000,73.2300,73.6800,73.2300,73.5700,214525.22
1782846000000,73.5600,73.7200,73.4200,73.5500,121801.61
1782846900000,73.5400,73.5500,73.3100,73.5400,77168.56
1782847800000,73.5400,73.9500,73.4900,73.8000,217599.42
1782848700000,73.8000,73.8100,73.5000,73.7200,163248.98
1782849600000,73.7100,73.9200,73.6200,73.8500,149723.86
1782850500000,73.8400,73.8500,73.5400,73.6700,117983.86
1782851400000,73.6800,73.7600,73.4800,73.5700,90573.67
1782852300000,73.5700,73.9100,73.5500,73.6600,140840.67
1782853200000,73.6600,73.7700,73.1000,73.2700,275071.38
1782854100000,73.2700,73.4100,73.2000,73.2700,96154.05
1782855000000,73.2700,73.4800,73.2600,73.3400,69689.75
1782855900000,73.3500,73.4700,73.2500,73.4700,39571.10
1782856800000,73.4700,73.6800,73.4400,73.6000,92906.93
1782857700000,73.6000,73.7300,73.4800,73.5000,82529.29
1782858600000,73.5000,73.5000,73.2300,73.4200,171359.21
1782859500000,73.4200,73.4400,73.3200,73.3900,48005.30
1782860400000,73.4000,73.4500,73.2900,73.3300,45547.98
1782861300000,73.3400,73.6400,73.3300,73.5500,69323.05
1782862200000,73.5500,73.6800,73.4700,73.5700,60170.13
1782863100000,73.5600,73.6800,73.5400,73.6300,61567.23
1782864000000,73.6200,73.7200,73.5200,73.7100,117511.48
1782864900000,73.7000,73.8000,73.3300,73.4900,211431.17
1782865800000,73.4900,73.8600,73.4800,73.5900,114463.89
1782866700000,73.5900,73.8100,73.5400,73.6100,82241.40
1782867600000,73.6100,73.6400,72.2200,72.8500,722801.20
1782868500000,72.8500,73.4700,72.7000,73.2400,528001.98
1782869400000,73.2400,74.3700,73.1900,74.1700,642463.87
1782870300000,74.1700,74.2800,73.7600,73.9200,262409.89
1782871200000,73.9200,74.2500,73.7500,74.1300,188588.89
1782872100000,74.1200,74.5800,74.0400,74.4600,376048.08
1782873000000,74.4700,75.0100,74.4100,74.9800,614808.76
1782873900000,74.9800,75.0200,74.6600,74.7500,276133.58
1782874800000,74.7600,74.8900,74.5300,74.6400,287716.38
1782875700000,74.6400,74.6400,74.3100,74.5100,204913.80
1782876600000,74.5200,75.2100,74.3900,74.7900,376248.07
1782877500000,74.7900,75.6700,74.7800,75.4400,616827.92
1782878400000,75.4400,75.6300,75.3100,75.3400,345020.21
1782879300000,75.3500,75.4400,75.2100,75.3900,154195.77
1782880200000,75.3900,75.7900,75.3200,75.5600,321013.37
1782881100000,75.5500,75.8500,75.5000,75.5300,258643.79
1782882000000,75.5300,75.7600,75.3800,75.4500,208067.59
1782882900000,75.4600,75.6100,75.1200,75.1500,267423.82
1782883800000,75.1400,75.3300,75.1100,75.3200,157524.95
1782884700000,75.3300,75.3900,75.1200,75.2100,165750.24
1782885600000,75.2200,75.2500,74.8900,74.9800,239806.41
1782886500000,74.9900,75.0600,74.5300,74.7100,348189.94
1782887400000,74.7200,74.7600,73.9100,74.2300,961670.40
1782888300000,74.2300,74.3200,73.9600,74.2700,302961.63
1782889200000,74.2800,74.4000,74.0400,74.3900,219558.34
1782890100000,74.4000,74.7500,74.2000,74.5400,380765.09
1782891000000,74.5400,74.8500,74.3700,74.6600,221658.13
1782891900000,74.6600,74.9300,74.5900,74.8300,161530.93
1782892800000,74.8300,75.0400,74.6100,74.8000,279374.63
1782893700000,74.8000,74.8800,74.4700,74.6300,298094.24
1782894600000,74.6200,74.8500,74.4200,74.8200,246612.50
1782895500000,74.8300,75.4800,74.6300,75.4200,353778.82
1782896400000,75.4200,75.4200,75.0900,75.1300,358795.64
1782897300000,75.1200,75.3700,75.0300,75.1400,204795.48
1782898200000,75.1400,75.3100,75.0500,75.1600,163401.04
1782899100000,75.1500,75.5400,75.0100,75.4100,435295.35
1782900000000,75.4200,75.5400,75.2200,75.2700,348192.32
1782900900000,75.2800,75.4900,75.1200,75.3100,207998.13
1782901800000,75.3200,75.3500,74.9700,75.0200,243849.81
1782902700000,75.0200,75.1900,74.9300,74.9500,120814.37
1782903600000,74.9500,75.1200,74.6300,75.1000,454133.11
1782904500000,75.1100,75.2900,74.9800,75.0000,193411.64
1782905400000,74.9900,75.0700,74.7700,74.9200,248914.00
1782906300000,74.9300,74.9900,74.6000,74.8000,232675.38
1782907200000,74.8000,74.9400,74.3200,74.4500,378489.98
1782908100000,74.4500,74.6500,74.4500,74.5700,188404.36
1782909000000,74.5700,74.6800,74.3200,74.4600,295232.62
1782909900000,74.4700,74.5900,74.2300,74.5600,246153.98
1782910800000,74.5700,75.0300,74.5600,74.9000,449183.63
1782911700000,74.9100,75.3800,74.8000,75.3100,480014.41
1782912600000,75.3200,75.6600,74.6100,75.4600,1106930.52
1782913500000,75.4600,76.1000,75.3000,76.0000,971998.09
1782914400000,75.9900,76.3000,75.6000,76.2600,705718.18
1782915300000,76.2600,77.2600,76.1900,76.6400,1374678.85
1782916200000,76.6300,76.9800,76.3100,76.8500,764664.20
1782917100000,76.8400,77.1300,76.3700,76.9500,511589.88
1782918000000,76.9500,77.4400,76.8200,76.9800,530277.57
1782918900000,76.9800,77.7800,76.7800,77.5100,847271.71
1782919800000,77.5100,77.6100,77.1800,77.4100,361891.71
1782920700000,77.4100,77.4700,77.0600,77.4000,289299.57
1782921600000,77.4000,77.4700,77.1400,77.2500,337436.35
1782922500000,77.2500,78.2500,77.2300,77.7300,674070.53
1782923400000,77.7400,77.7900,77.4500,77.6200,257761.36
1782924300000,77.6300,77.6300,76.8600,77.1300,482393.92
1782925200000,77.1400,77.2200,76.8100,77.2100,280177.97
1782926100000,77.2100,77.9200,77.1500,77.6900,446980.87
1782927000000,77.6900,77.8800,77.5300,77.6200,284469.24
1782927900000,77.6100,77.8600,77.6000,77.7300,211494.05
1782928800000,77.7300,77.8700,77.4700,77.7100,308429.24
1782929700000,77.7000,77.8200,77.4900,77.5700,130417.20
1782930600000,77.5700,77.7400,77.3100,77.7100,216968.62
1782931500000,77.7100,77.7200,77.2400,77.3700,255566.26
1782932400000,77.3700,77.6400,77.3500,77.4900,123188.84
1782933300000,77.4900,77.5700,77.0900,77.1800,236314.45
1782934200000,77.1800,77.4000,77.1500,77.2900,208851.84
1782935100000,77.2900,77.2900,76.7600,76.9700,393373.13
1782936000000,76.9700,77.0100,76.6300,76.8100,292224.34
1782936900000,76.8000,76.8900,76.5300,76.8300,356244.63
1782937800000,76.8400,77.3500,76.7900,77.1800,476769.78
1782938700000,77.1900,77.4800,77.1800,77.3800,211022.06
1782939600000,77.3800,78.0800,77.3800,77.8500,496522.66
1782940500000,77.8400,77.9100,77.6500,77.8000,176865.61
1782941400000,77.8000,78.6200,77.7800,78.1800,547230.73
1782942300000,78.1700,78.6800,78.0900,78.3700,302959.99
1782943200000,78.3800,78.3800,78.1600,78.2500,154668.07
1782944100000,78.2500,78.9300,78.1700,78.1900,599732.95
1782945000000,78.1900,78.3700,77.9900,78.0100,241191.24
1782945900000,78.0100,78.0400,77.7200,77.8200,415928.34
1782946800000,77.8200,77.8600,77.4500,77.5000,261930.82
1782947700000,77.5000,77.7100,77.3300,77.6400,316948.10
1782948600000,77.6400,77.7600,77.4300,77.5000,502057.54
1782949500000,77.4900,77.5900,77.2100,77.4200,309047.65
1782950400000,77.4200,77.4400,77.0900,77.2800,375112.63
1782951300000,77.2800,77.3500,77.0400,77.1600,139523.33
1782952200000,77.1600,77.1800,76.8500,76.9500,155809.99
1782953100000,76.9500,77.3300,76.9400,77.2300,224215.60
1782954000000,77.2300,77.6300,77.1800,77.5800,260839.81
1782954900000,77.5800,77.9200,77.5000,77.9200,195902.77
1782955800000,77.9200,78.6800,77.9100,78.2700,448735.64
1782956700000,78.2700,78.3700,77.9600,78.1500,206774.36
1782957600000,78.1500,78.1600,77.7600,78.0100,192724.19
1782958500000,78.0100,78.2200,78.0000,78.1500,140048.19
1782959400000,78.1500,78.4900,78.0600,78.4400,165821.00
1782960300000,78.4500,78.5600,78.2500,78.3900,172775.41
1782961200000,78.3900,78.5200,78.3100,78.4000,108930.13
1782962100000,78.4000,78.6900,77.8900,78.4100,462192.96
1782963000000,78.4100,78.5900,78.2100,78.4900,255668.55
1782963900000,78.4900,78.9600,78.3400,78.6700,411987.15
1782964800000,78.6700,78.6800,78.3200,78.4600,246333.10
1782965700000,78.4700,78.4700,78.2000,78.2500,187259.76
1782966600000,78.2500,78.2500,78.0100,78.1700,153305.16
1782967500000,78.1700,78.3900,78.1100,78.2400,155873.63
1782968400000,78.2400,78.3100,78.0500,78.2400,126794.78
1782969300000,78.2500,78.2900,78.0000,78.0100,93452.38
1782970200000,78.0100,78.1100,77.7300,77.8000,221916.25
1782971100000,77.8100,78.0900,77.7600,78.0600,129912.53
1782972000000,78.0600,78.1600,77.8800,78.0400,275436.29
1782972900000,78.0300,78.3500,77.9900,78.1900,199153.84
1782973800000,78.1900,78.5900,78.0400,78.0800,198372.60
1782974700000,78.0900,78.1400,77.6600,77.8600,323196.65
1782975600000,77.8500,77.9400,77.6200,77.7500,221540.45
1782976500000,77.7500,77.9200,77.5300,77.6800,215177.20
1782977400000,77.6900,77.9400,77.5900,77.9300,221581.70
1782978300000,77.9300,78.1700,77.8700,77.9500,167422.67
1782979200000,77.9600,78.2600,77.8900,78.1000,245863.92
1782980100000,78.1000,78.2600,78.0900,78.1600,110073.69
1782981000000,78.1500,78.4400,78.0400,78.3700,174196.62
1782981900000,78.3600,78.4700,78.3000,78.4200,95889.49
1782982800000,78.4100,78.5700,78.2400,78.4000,242003.41
1782983700000,78.3900,78.8400,78.2900,78.7800,237506.23
1782984600000,78.7800,79.7800,78.7200,79.4400,1432298.40
1782985500000,79.4300,79.6800,79.2100,79.4400,569274.06
1782986400000,79.4400,79.8500,79.3900,79.6500,297112.82
1782987300000,79.6500,80.7000,79.4200,80.2100,1430196.53
1782988200000,80.2000,81.3300,80.1700,81.0400,1468520.30
1782989100000,81.0400,82.2200,80.8700,82.0700,1848801.19
1782990000000,82.0700,82.6600,81.4800,82.2800,1351300.19
1782990900000,82.2800,82.7900,81.9400,82.5300,1156901.41
1782991800000,82.5200,82.7400,82.1600,82.4100,630231.41
1782992700000,82.4200,82.5600,81.9600,82.3600,839527.81
1782993600000,82.3500,82.4400,82.1300,82.2500,427696.30
1782994500000,82.2600,82.3900,81.6300,82.0300,973343.80
1782995400000,82.0400,82.4300,81.0600,81.1800,1638444.57
1782996300000,81.1800,81.4600,81.1600,81.3600,552908.94
1782997200000,81.3600,81.6500,81.2000,81.4100,693713.08
1782998100000,81.4100,81.6400,80.6700,80.9100,1066058.47
1782999000000,80.9200,81.8000,80.7300,81.7500,884700.96
1782999900000,81.7500,81.9700,81.3000,81.4700,454046.29
1783000800000,81.4800,81.5000,81.0000,81.2500,473214.47
1783001700000,81.2600,81.4300,80.3800,80.5500,747706.01
1783002600000,80.5500,80.8800,80.3700,80.5000,458816.21
1783003500000,80.5000,80.8300,80.0300,80.4900,986641.35
1783004400000,80.5000,80.6300,80.0400,80.3100,296811.01
1783005300000,80.3200,80.7500,80.2000,80.6400,327231.35
1783006200000,80.6400,80.8200,80.4900,80.7100,250555.96
1783007100000,80.7100,80.8800,80.5200,80.8200,182560.46
1783008000000,80.8200,81.0700,80.6100,80.9700,249940.55
1783008900000,80.9600,80.9700,80.3100,80.4700,362609.84
1783009800000,80.4800,80.6700,80.0900,80.1800,549933.14
1783010700000,80.1800,80.7200,80.1700,80.5000,406886.13
1783011600000,80.5000,80.9500,80.4600,80.8800,388434.97
1783012500000,80.8700,81.1900,80.8400,81.0800,305570.50
1783013400000,81.0800,81.0800,80.6300,80.8400,214253.35
1783014300000,80.8300,80.8900,80.5400,80.6000,123680.61
1783015200000,80.6000,81.0900,80.6000,81.0400,142131.63
1783016100000,81.0400,81.0500,80.8000,80.9000,155146.01
1783017000000,80.9100,81.0600,80.8300,81.0300,230715.05
1783017900000,81.0300,81.2200,80.8900,80.9800,331206.42
1783018800000,80.9800,81.0800,80.8700,81.0600,215785.51
1783019700000,81.0600,81.0600,80.7600,80.8500,181532.48
1783020600000,80.8500,81.0400,80.8000,81.0300,94364.68
1783021500000,81.0300,81.2800,80.7900,80.8000,180064.64
1783022400000,80.8000,80.8400,80.5500,80.7500,144875.89
1783023300000,80.7600,80.8300,80.5600,80.6000,65870.89
1783024200000,80.5900,80.7800,80.5600,80.7500,64512.65
1783025100000,80.7500,81.0800,80.7400,80.9800,101578.14
1783026000000,80.9800,81.1300,80.8700,81.0400,109815.54
1783026900000,81.0300,81.0700,80.8800,80.8800,49104.91
1783027800000,80.8800,80.9700,80.6300,80.7100,122853.99
1783028700000,80.7000,80.7700,80.4500,80.7500,135371.81
1783029600000,80.7400,80.8200,80.4100,80.4500,119099.83
1783030500000,80.4500,80.6500,80.3700,80.6200,118047.70
1783031400000,80.6100,80.7200,80.4800,80.5200,80623.76
1783032300000,80.5200,80.8600,80.4400,80.6300,118775.40
1783033200000,80.6200,80.6600,80.4700,80.5100,81521.07
1783034100000,80.5000,80.7200,80.4600,80.6500,62538.40
1783035000000,80.6500,80.7300,80.4800,80.6000,84457.84
1783035900000,80.6000,80.7400,80.5900,80.6800,71096.02
1783036800000,80.6800,80.8100,80.5500,80.7000,131886.34
1783037700000,80.6900,80.8100,80.5700,80.5900,96972.74
1783038600000,80.5900,80.8500,80.4700,80.8000,126474.87
1783039500000,80.8000,80.9000,80.6600,80.7100,172092.66
1783040400000,80.7000,81.2800,80.6600,81.2100,270914.36
1783041300000,81.2100,81.2200,80.9700,81.1200,171065.45
1783042200000,81.1300,81.5800,81.0500,81.4100,314017.69
1783043100000,81.4200,81.6500,81.3300,81.4500,207811.18
1783044000000,81.4500,81.6400,81.2500,81.2500,166875.78
1783044900000,81.2500,81.4900,81.0800,81.1000,151016.69
1783045800000,81.1000,81.1300,80.7400,80.8000,262296.27
1783046700000,80.8100,80.8400,80.6300,80.7600,141350.76
1783047600000,80.7600,80.7700,80.2800,80.3900,256028.53
1783048500000,80.3800,80.9400,80.3800,80.8700,215784.96
1783049400000,80.8600,80.9400,80.5500,80.6200,80949.08
1783050300000,80.6200,80.7700,80.5800,80.6800,89655.12
1783051200000,80.6900,80.7400,80.4300,80.6200,131640.99
1783052100000,80.6200,80.6300,80.4500,80.6000,69191.17
1783053000000,80.6100,80.7800,80.5300,80.7400,79042.22
1783053900000,80.7500,80.7700,80.4400,80.4700,99527.20
1783054800000,80.4700,80.7200,80.4300,80.6900,93214.06
1783055700000,80.6900,80.8800,80.5600,80.8000,105070.51
1783056600000,80.8000,81.1900,80.7600,81.0300,204738.89
1783057500000,81.0400,81.2200,80.9600,81.1100,90165.90
1783058400000,81.1200,81.3600,81.0600,81.1000,197411.34
1783059300000,81.1000,81.1900,80.9000,80.9600,198360.44
1783060200000,80.9600,81.0800,80.6900,80.8100,177900.75
1783061100000,80.8100,81.0400,80.8000,80.9200,80927.75
1783062000000,80.9100,80.9900,80.7700,80.8800,84421.76
1783062900000,80.8700,81.0700,80.8700,81.0600,57007.26
1783063800000,81.0600,81.2900,80.9800,81.2500,157059.02
1783064700000,81.2400,81.4800,81.1600,81.1900,165490.93
1783065600000,81.1900,81.3000,81.0800,81.1500,120963.80
1783066500000,81.1400,81.2400,80.9500,81.0000,137041.42
1783067400000,81.0000,81.5000,80.8900,81.3400,191592.54
1783068300000,81.3400,81.3500,80.7900,80.8800,210429.82
1783069200000,80.8800,81.0600,80.7300,81.0400,207730.70
1783070100000,81.0500,81.0800,80.8300,80.9000,77136.72
1783071000000,80.9000,80.9100,80.6300,80.8100,123985.34
1783071900000,80.8100,81.3000,80.8100,80.9800,203375.47
1783072800000,80.9800,81.2400,80.9700,81.0400,129157.92
1783073700000,81.0500,81.2000,80.8300,81.1200,151192.28
1783074600000,81.1200,81.5600,81.0200,81.4200,271769.79
1783075500000,81.4300,81.8600,81.2000,81.5100,661482.31
1783076400000,81.5200,81.6700,81.3800,81.4900,192704.63
1783077300000,81.5000,81.6200,81.3100,81.3400,192491.09
1783078200000,81.3500,81.4200,81.2100,81.2800,93170.01
1783079100000,81.2900,81.6200,81.2900,81.5200,120314.50
1783080000000,81.5200,81.7300,81.4100,81.4700,200491.61
1783080900000,81.4800,81.4800,81.1600,81.2700,196667.78
1783081800000,81.2800,81.3700,81.2000,81.3100,98026.24
1783082700000,81.3200,81.5300,81.3100,81.5000,88699.92
1783083600000,81.5000,81.6600,81.4700,81.5700,170568.89
1783084500000,81.5800,81.6700,81.3800,81.6000,147286.69
1783085400000,81.6100,81.6700,81.3900,81.6000,155113.94
1783086300000,81.6000,81.8000,81.4200,81.5400,174204.36
1783087200000,81.5500,81.5600,80.9000,80.9900,281199.92
1783088100000,80.9900,81.2400,80.8500,81.2200,282308.93
1783089000000,81.2200,81.5400,81.1700,81.5200,277070.32
1783089900000,81.5300,81.7700,81.3900,81.6500,268510.26
1783090800000,81.6500,82.1000,81.5300,81.5600,524284.12
1783091700000,81.5500,81.6100,81.1900,81.2300,326241.35
1783092600000,81.2200,81.3300,81.1100,81.1900,224683.04
1783093500000,81.1800,81.3000,81.1000,81.1700,124854.44
1783094400000,81.1700,81.3400,81.0100,81.1500,248376.23
1783095300000,81.1500,81.3800,81.1300,81.2700,120311.71
1783096200000,81.2800,81.4100,81.1200,81.3900,117193.15
1783097100000,81.4000,81.5200,81.2500,81.4900,127653.42
1783098000000,81.4800,81.7100,81.4100,81.5900,156373.36
1783098900000,81.5800,81.9400,81.5700,81.7600,308795.25
1783099800000,81.7500,81.8200,81.5200,81.6500,159911.42
1783100700000,81.6500,81.7800,81.5900,81.7500,69500.25
1783101600000,81.7400,81.7800,81.5900,81.6600,155194.94
1783102500000,81.6600,81.8700,81.6600,81.7300,193678.83
1783103400000,81.7200,81.9300,81.6900,81.9300,101870.90
1783104300000,81.9300,82.3900,81.8100,82.0700,467442.03
1783105200000,82.0700,82.2700,82.0400,82.0700,162252.98
1783106100000,82.0600,82.3700,82.0600,82.2900,213433.19
1783107000000,82.3000,83.2300,82.1600,82.7700,1341942.95
1783107900000,82.7600,82.7700,82.3900,82.4500,252206.10
1783108800000,82.4500,82.7200,82.1800,82.4400,292731.60
1783109700000,82.4300,82.6800,82.2500,82.5300,226284.65
1783110600000,82.5200,83.0000,82.3400,82.7400,314732.05
1783111500000,82.7400,82.9800,82.6100,82.6900,229191.04
1783112400000,82.6900,83.0400,82.6000,82.6000,231527.94
1783113300000,82.6100,82.6900,82.2800,82.3400,167076.56
1783114200000,82.3500,82.4200,82.1100,82.3500,157002.09
1783115100000,82.3500,82.8200,82.3400,82.6200,144090.71
1783116000000,82.6200,82.6500,82.3200,82.3200,106180.98
1783116900000,82.3200,82.5300,82.3000,82.3700,77076.85
1783117800000,82.3700,82.4100,82.1900,82.4100,113969.49
1783118700000,82.4100,82.4100,82.2100,82.3200,42857.88
1783119600000,82.3100,82.3500,82.1200,82.2000,67395.96
1783120500000,82.2100,82.3200,82.1400,82.2200,54103.84
1783121400000,82.2200,82.4600,82.2200,82.3700,67917.75
1783122300000,82.3800,82.4100,82.2600,82.3000,42038.53
1783123200000,82.3000,82.7000,82.2200,82.5500,278364.15
1783124100000,82.5500,82.7200,82.3600,82.5500,114715.54
1783125000000,82.5500,82.6300,82.3500,82.4500,188154.36
1783125900000,82.4500,82.5700,82.3500,82.3600,51628.41
1783126800000,82.3500,82.3600,81.8700,81.9600,281505.51
1783127700000,81.9700,82.1800,81.8700,81.9900,166061.41
1783128600000,81.9900,82.0500,81.8200,81.8900,125453.42
1783129500000,81.8900,81.9500,81.7600,81.9100,102570.36
1783130400000,81.9000,82.0800,81.8600,82.0100,97599.36
1783131300000,82.0100,82.0400,81.9000,82.0300,78012.97
1783132200000,82.0200,82.1600,81.8800,82.1300,89278.68
1783133100000,82.1300,82.3600,82.0900,82.1400,95574.21
1783134000000,82.1400,82.3900,82.0000,82.2300,148288.44
1783134900000,82.2300,82.3800,82.2000,82.3700,88678.86
1783135800000,82.3600,82.8300,82.2700,82.7100,230774.31
1783136700000,82.7000,82.7400,82.5500,82.6800,113692.00
1783137600000,82.6800,83.0400,82.6100,82.9000,200311.23
1783138500000,82.9000,83.0700,82.7200,82.9600,154390.36
1783139400000,82.9500,83.9600,82.9300,83.6700,1019979.88
1783140300000,83.6800,83.9500,83.3800,83.4400,347683.18
1783141200000,83.4400,83.4500,83.0900,83.2000,223779.22
1783142100000,83.2000,83.3900,82.8500,83.0700,312996.26
1783143000000,83.0700,83.3600,83.0000,83.3000,181412.46
1783143900000,83.3100,83.4700,83.1500,83.3400,194164.54
1783144800000,83.3300,83.5700,83.2300,83.2600,179127.60
1783145700000,83.2600,83.3000,82.4700,82.6300,542724.70
1783146600000,82.6300,82.8000,82.5700,82.6400,159504.34
1783147500000,82.6500,82.7000,82.4500,82.5100,142211.53
1783148400000,82.5200,82.5600,82.2200,82.4200,292973.21
1783149300000,82.4100,82.5300,82.2700,82.3500,148514.63
1783150200000,82.3600,82.5400,82.3500,82.4400,124859.66
1783151100000,82.4500,82.8100,82.4000,82.6700,155474.49
1783152000000,82.6700,82.7500,82.5000,82.6100,146235.70
1783152900000,82.6100,82.6300,82.3300,82.4100,154780.52
1783153800000,82.4200,82.6700,82.3700,82.4200,109448.89
1783154700000,82.4200,82.5600,82.1800,82.2600,196521.76
1783155600000,82.2600,82.2900,81.8100,82.0400,471610.08
1783156500000,82.0400,82.1300,81.9100,81.9700,108126.88
1783157400000,81.9700,81.9800,81.5500,81.6400,378376.14
1783158300000,81.6400,81.8000,81.5700,81.6900,125308.11
1783159200000,81.7000,81.7900,81.6300,81.7600,131750.41
1783160100000,81.7600,81.9100,81.6500,81.6900,122019.29
1783161000000,81.6900,81.7000,81.3500,81.5600,266585.29
1783161900000,81.5600,81.7300,81.5000,81.5900,118213.01
1783162800000,81.5900,81.7400,81.4800,81.6400,103168.84
1783163700000,81.6400,81.8000,81.6100,81.6900,126447.06
1783164600000,81.6900,81.8800,81.6600,81.8200,110616.93
1783165500000,81.8200,81.8700,81.7100,81.7800,66680.01
1783166400000,81.7900,81.9600,81.7300,81.7800,114547.53
1783167300000,81.7800,81.8100,81.5100,81.6100,212938.04
1783168200000,81.6100,81.6600,81.2800,81.4600,239652.66
1783169100000,81.4600,81.6300,81.3500,81.5700,115785.18
1783170000000,81.5700,81.6500,81.4400,81.4900,91552.93
1783170900000,81.5000,81.8800,81.4900,81.5900,191234.00
1783171800000,81.5900,81.6100,81.3400,81.4800,138897.87
1783172700000,81.4900,81.6500,81.3800,81.6100,88882.78
1783173600000,81.6100,81.8200,81.5900,81.7300,112042.39
1783174500000,81.7400,81.8400,81.5000,81.6500,107094.81
1783175400000,81.6500,81.8100,81.5600,81.7700,76725.54
1783176300000,81.7700,81.8200,81.6000,81.7700,111134.70
1783177200000,81.7800,82.3800,81.6800,82.0200,510377.24
1783178100000,82.0200,82.2600,81.9200,82.2000,275514.50
1783179000000,82.2000,82.3300,82.0400,82.1700,305148.05
1783179900000,82.1700,82.3900,82.0500,82.1900,248422.67
1783180800000,82.2000,82.2600,81.9300,82.0000,207017.45
1783181700000,82.0000,82.2500,81.9800,82.1900,110569.78
1783182600000,82.1800,82.3600,82.1200,82.1600,177128.56
1783183500000,82.1700,82.2800,82.1300,82.1700,89974.42
1783184400000,82.1700,82.1800,81.8400,82.0200,179976.57
1783185300000,82.0300,82.2800,81.9700,82.2500,104640.50
1783186200000,82.2400,82.6200,82.1700,82.4400,415841.22
1783187100000,82.4300,82.7800,82.3600,82.4700,295031.51
1783188000000,82.4700,82.5800,82.3400,82.5300,159240.67
1783188900000,82.5200,82.5500,82.0500,82.2600,201009.41
1783189800000,82.2500,82.2500,82.1000,82.1200,76988.60
1783190700000,82.1100,82.3100,82.1000,82.2200,56764.28
1783191600000,82.2200,82.3000,81.6600,81.7400,201483.52
1783192500000,81.7500,81.9300,81.7400,81.8600,113002.91
1783193400000,81.8500,81.9900,81.7300,81.9700,79562.40
1783194300000,81.9700,81.9700,81.6900,81.8400,65281.22
1783195200000,81.8300,81.9400,81.7300,81.8800,76533.97
1783196100000,81.8700,81.9800,81.5300,81.6900,182507.70
1783197000000,81.6900,82.0500,81.6800,82.0500,102384.26
1783197900000,82.0500,82.1200,81.8800,81.9300,111450.92
1783198800000,81.9300,81.9900,81.7900,81.9600,74158.58
1783199700000,81.9600,82.1000,81.9400,82.0600,104184.31
1783200600000,82.0600,82.1900,81.9200,81.9700,65111.76
1783201500000,81.9700,82.0100,81.8600,81.9500,37460.13
1783202400000,81.9500,82.0000,81.7600,81.8800,60585.18
1783203300000,81.8800,81.9600,81.7500,81.7900,45502.38
1783204200000,81.7900,81.8700,81.7500,81.8100,58417.10
1783205100000,81.8100,81.9000,81.7400,81.9000,52203.46
1783206000000,81.9000,81.9000,81.4900,81.5000,163008.72
1783206900000,81.5000,81.7100,81.3800,81.6600,161541.43
1783207800000,81.6600,81.8000,81.6500,81.7600,69694.06
1783208700000,81.7500,81.8100,81.5900,81.7400,127159.40
1783209600000,81.7500,81.7700,81.4200,81.5600,175743.61
1783210500000,81.5600,81.5800,81.2300,81.4000,231156.61
1783211400000,81.4000,81.4200,81.0700,81.3400,314146.39
1783212300000,81.3400,81.3900,81.0700,81.2700,137234.28
1783213200000,81.2700,81.4200,81.1300,81.1600,158732.83
1783214100000,81.1700,81.1700,80.6600,81.0100,528573.24
1783215000000,81.0200,81.0200,80.5100,80.8200,362450.30
1783215900000,80.8200,80.9200,80.7100,80.8200,115848.69
1783216800000,80.8100,80.8500,80.4300,80.4700,268636.39
1783217700000,80.4800,80.6700,80.3700,80.5200,298259.79
1783218600000,80.5100,80.6300,80.1700,80.2200,313693.58
1783219500000,80.2200,80.3700,80.1600,80.3300,199836.43
1783220400000,80.3400,80.5700,80.3300,80.5400,174217.22
1783221300000,80.5500,80.5700,80.3100,80.3400,175845.04
1783222200000,80.3500,80.5200,80.3300,80.4100,79593.50
1783223100000,80.4100,80.5400,80.4100,80.5100,81270.60
1783224000000,80.5200,80.5600,80.3700,80.4800,141433.46
1783224900000,80.4800,80.7000,80.4800,80.6400,236838.03
1783225800000,80.6500,80.8300,80.6200,80.7900,196957.31
1783226700000,80.8000,80.8100,80.5400,80.5500,119626.73
1783227600000,80.5400,80.5400,80.3800,80.4500,104713.62
1783228500000,80.4500,80.5300,80.3700,80.4500,62829.76
1783229400000,80.4500,80.5500,80.1900,80.2400,196167.68
1783230300000,80.2300,80.4800,80.2300,80.4300,112685.66
1783231200000,80.4400,80.4600,80.3000,80.4000,76804.68
1783232100000,80.4100,80.5000,80.3500,80.4900,58047.86
1783233000000,80.4900,80.6100,80.4400,80.4800,71077.86
1783233900000,80.4800,80.6100,80.4500,80.5500,92536.88
1783234800000,80.5500,80.6000,80.3900,80.4100,82828.95
1783235700000,80.4100,80.4900,80.3300,80.3700,86034.68
1783236600000,80.3800,80.6200,80.3700,80.5300,103515.85
1783237500000,80.5400,80.7200,80.4900,80.6600,196159.89
1783238400000,80.6600,80.8200,80.4600,80.5800,199518.82
1783239300000,80.5800,80.6600,80.4100,80.4400,58172.41
1783240200000,80.4400,80.5800,80.4400,80.5400,52683.69
1783241100000,80.5300,80.5900,80.4100,80.4600,54745.57
1783242000000,80.4600,80.5100,80.3700,80.3800,53738.46
1783242900000,80.3800,80.4100,80.0500,80.1600,327516.70
1783243800000,80.1600,80.2200,79.6200,79.7700,695721.42
1783244700000,79.7800,79.9100,79.6600,79.8600,212674.54
1783245600000,79.8600,80.0900,79.7100,79.9700,306480.45
1783246500000,79.9700,80.2400,79.9500,80.1500,163714.99
1783247400000,80.1600,80.2900,80.1500,80.2200,109007.13
1783248300000,80.2200,80.4300,80.2200,80.4000,129402.42
1783249200000,80.4000,80.5700,80.3100,80.4900,145373.58
1783250100000,80.4800,80.5400,80.3400,80.4000,125814.53
1783251000000,80.3900,80.6300,80.3600,80.5400,137598.02
1783251900000,80.5400,80.6200,80.5000,80.5400,59908.66
1783252800000,80.5300,80.5400,80.3200,80.4800,156162.90
1783253700000,80.4700,81.0600,80.4700,81.0100,342715.34
1783254600000,81.0200,81.2500,80.7600,80.7700,536096.96
1783255500000,80.7600,80.8800,80.7000,80.7300,135463.99
1783256400000,80.7200,80.9700,80.6300,80.8500,128331.15
1783257300000,80.8400,80.8700,80.6400,80.7500,113210.68
1783258200000,80.7400,81.1000,80.7000,81.1000,192590.94
1783259100000,81.1000,81.2200,81.0300,81.2000,197794.84
1783260000000,81.2000,81.3300,81.0800,81.1500,191083.72
1783260900000,81.1600,81.2100,80.9800,81.0500,104564.06
1783261800000,81.0500,81.5800,80.9900,81.3700,308436.84
1783262700000,81.3600,81.4500,81.2200,81.4100,167327.02
1783263600000,81.4000,81.7200,81.2600,81.2700,315723.87
1783264500000,81.2600,81.3400,81.1300,81.2200,121879.86
1783265400000,81.2100,81.5200,81.0800,81.1300,139490.79
1783266300000,81.1300,81.4200,81.0700,81.3100,129140.37
1783267200000,81.3100,81.4900,81.2100,81.2300,137589.06
1783268100000,81.2200,81.2600,81.0100,81.0300,119110.64
1783269000000,81.0200,81.1700,80.9300,80.9500,157268.30
1783269900000,80.9500,81.1500,80.8600,81.0600,133502.30
1783270800000,81.0600,81.2300,81.0000,81.0900,138148.89
1783271700000,81.0900,81.3400,81.0300,81.0400,123766.85
1783272600000,81.0400,81.1800,80.9700,81.0100,66900.09
1783273500000,81.0000,81.1500,80.9800,81.0900,51657.56
1783274400000,81.1000,81.1900,81.0500,81.1300,41125.85
1783275300000,81.1300,81.2400,81.1100,81.1300,40596.49
1783276200000,81.1300,81.2000,81.0400,81.1600,48419.32
1783277100000,81.1600,81.2400,80.9600,80.9800,97387.13
1783278000000,80.9800,81.0700,80.9000,81.0100,93834.42
1783278900000,81.0000,81.0700,80.7800,80.9300,153726.07
1783279800000,80.9300,81.0600,80.8600,81.0000,83718.29
1783280700000,81.0000,81.0900,80.9200,81.0100,38521.27
1783281600000,81.0100,81.1300,80.9500,81.0500,66061.67
1783282500000,81.0400,81.0600,80.9200,80.9700,60051.59
1783283400000,80.9800,81.0200,80.9000,80.9800,39116.11
1783284300000,80.9700,81.0600,80.9400,81.0300,22217.64
1783285200000,81.0400,81.0500,80.7200,80.9200,155649.66
1783286100000,80.9200,81.5300,80.9000,81.4700,264047.91
1783287000000,81.4700,82.2100,81.4700,81.6200,424087.89
1783287900000,81.6200,82.0200,81.4400,81.7500,198758.47
1783288800000,81.7500,82.1000,81.6000,81.9800,214076.91
1783289700000,81.9800,82.4000,81.8600,82.1200,479712.09
1783290600000,82.1200,82.3300,81.6100,81.6500,382850.33
1783291500000,81.6500,81.8300,81.6000,81.7900,126910.45
1783292400000,81.7900,81.9400,81.6800,81.9300,138866.75
1783293300000,81.9200,82.0400,81.5300,81.6000,224410.89
1783294200000,81.6000,81.7500,81.4900,81.6400,139836.33
1783295100000,81.6300,81.6600,81.4000,81.5500,143933.64
1783296000000,81.5400,81.5600,81.2700,81.5300,152322.07
1783296900000,81.5300,81.7000,81.1500,81.2100,167836.85
1783297800000,81.2100,81.8800,81.0700,81.8400,305586.24
1783298700000,81.8400,82.2100,81.8100,82.1600,292902.45
1783299600000,82.1700,82.3000,81.9500,81.9800,177592.18
1783300500000,81.9800,82.0700,81.6300,81.8000,203817.59
1783301400000,81.8000,82.0900,81.7300,81.9300,129156.26
1783302300000,81.9300,81.9300,81.4400,81.5100,180025.78
1783303200000,81.5200,81.6100,81.1300,81.2100,291073.22
1783304100000,81.2200,81.7100,81.1800,81.3500,251643.10
1783305000000,81.3600,81.4300,81.1300,81.1400,132798.66
1783305900000,81.1300,81.2400,80.7900,80.9800,279509.87
1783306800000,80.9800,81.0300,80.8200,80.9000,158658.48
1783307700000,80.9000,80.9700,80.4000,80.6600,404840.98
1783308600000,80.6500,80.7900,80.4400,80.5600,216961.23
1783309500000,80.5600,80.7900,80.5300,80.7800,113069.00
1783310400000,80.7800,80.9000,80.6700,80.9000,101044.41
1783311300000,80.8900,80.9700,80.6900,80.7400,79956.64
1783312200000,80.7500,80.9700,80.6800,80.8500,84391.89
1783313100000,80.8400,80.9500,80.7600,80.7700,69082.66
1783314000000,80.7700,80.7900,80.5100,80.5600,138851.04
1783314900000,80.5600,80.6000,80.1500,80.2300,263929.02
1783315800000,80.2300,80.5100,80.1100,80.4200,209232.66
1783316700000,80.4200,80.5200,80.3600,80.3800,65953.48
1783317600000,80.3700,80.4900,80.2700,80.4300,75497.36
1783318500000,80.4400,80.4800,80.2300,80.3400,97016.04
1783319400000,80.3400,80.4000,80.2100,80.4000,83005.84
1783320300000,80.4000,80.4200,80.2200,80.3100,64826.30
1783321200000,80.3000,80.5000,80.2200,80.3600,145077.63
1783322100000,80.3600,80.7200,80.3300,80.6200,203072.69
1783323000000,80.6300,80.9200,80.5600,80.8800,188920.06
1783323900000,80.8800,80.9800,80.7600,80.7700,112354.32
1783324800000,80.7800,81.0500,80.7200,80.7600,170644.73
1783325700000,80.7700,80.8200,80.5900,80.6900,116406.31
1783326600000,80.6900,80.6900,80.2500,80.3600,232656.20
1783327500000,80.3600,80.4600,80.2900,80.4500,80071.82
1783328400000,80.4500,80.4600,80.3300,80.3300,72427.49
1783329300000,80.3300,80.4200,80.2600,80.3700,95831.06
1783330200000,80.3700,80.3800,80.1200,80.2100,183609.55
1783331100000,80.2200,80.2200,80.0000,80.0400,207043.31
1783332000000,80.0400,80.2400,80.0200,80.2200,188470.44
1783332900000,80.2100,80.4100,80.2000,80.3700,116661.34
1783333800000,80.3700,80.6900,80.3500,80.5600,208583.98
1783334700000,80.5600,80.6500,80.5200,80.6400,77140.12
1783335600000,80.6400,80.7700,80.6100,80.6200,142659.85
1783336500000,80.6200,80.9000,80.6100,80.7500,122426.62
1783337400000,80.7400,80.9600,80.7200,80.8900,103492.31
1783338300000,80.8900,80.9500,80.3400,80.3500,240750.70
1783339200000,80.3400,80.5300,79.2500,80.1900,1762922.09
1783340100000,80.2000,80.6000,80.1600,80.2300,448354.33
1783341000000,80.2200,80.4800,79.8300,79.9300,402639.48
1783341900000,79.9400,79.9600,79.4100,79.4200,621340.73
1783342800000,79.4200,79.6400,79.1900,79.4200,773683.72
1783343700000,79.4200,79.5400,79.2100,79.4100,276899.61
1783344600000,79.4100,80.3900,79.3100,80.3500,707760.48
1783345500000,80.3500,80.8800,80.1200,80.1200,786334.79
1783346400000,80.1300,80.2900,79.9800,80.1000,411597.04
1783347300000,80.1000,80.7700,79.8100,80.3200,647122.37
1783348200000,80.3200,80.4900,80.0900,80.2900,272783.47
1783349100000,80.2900,80.3500,80.0300,80.2400,136828.56
1783350000000,80.2400,80.8200,80.2400,80.6700,448501.55
1783350900000,80.6600,80.7800,80.3400,80.7600,273731.88
1783351800000,80.7600,81.3700,80.4200,81.3300,541721.00
1783352700000,81.3400,81.5100,81.0300,81.4500,671787.85
1783353600000,81.4500,82.1700,81.2300,81.9300,977199.06
1783354500000,81.9300,82.3700,81.6600,81.7900,702725.64
1783355400000,81.7900,82.1400,81.7500,82.0200,271773.11
1783356300000,82.0300,82.1200,81.8700,82.0700,182049.64
1783357200000,82.0600,82.1500,81.7400,81.9200,319758.80
1783358100000,81.9300,82.1500,81.8500,81.9800,117959.24
1783359000000,81.9700,82.0300,81.5000,81.5200,308000.28
1783359900000,81.5200,81.8200,81.4000,81.6000,191318.14
1783360800000,81.6000,81.7700,81.3100,81.3400,164160.91
1783361700000,81.3500,81.6900,81.2600,81.5200,124475.91
1783362600000,81.5300,81.9500,81.4800,81.8000,191520.28
1783363500000,81.8000,82.2700,81.7600,81.9600,325800.61
1783364400000,81.9600,81.9900,81.7600,81.8700,182979.53
1783365300000,81.8700,82.0700,81.8500,82.0400,88739.87
1783366200000,82.0400,82.1400,81.9000,82.0500,93079.06
1783367100000,82.0500,82.0700,81.8200,82.0300,96304.20
1783368000000,82.0300,82.0400,81.6300,81.7400,138523.70
1783368900000,81.7500,81.9500,81.7200,81.9200,49705.63
1783369800000,81.9200,82.1300,81.9000,81.9600,88399.18
1783370700000,81.9600,82.2100,81.8700,82.0500,93517.89
1783371600000,82.0500,83.7500,82.0100,82.9200,1213148.84
1783372500000,82.9200,83.0600,82.5500,82.6400,256221.17
1783373400000,82.6300,82.8100,82.4300,82.5800,150655.55
1783374300000,82.5800,82.8600,82.4400,82.7800,123850.21
1783375200000,82.7900,82.8400,82.5700,82.6400,137527.58
1783376100000,82.6400,82.6900,82.3400,82.3400,80195.23
1783377000000,82.3300,82.5200,82.3100,82.3600,81142.66
1783377900000,82.3600,82.4500,82.2000,82.2800,114693.29
1783378800000,82.2900,82.3900,82.2000,82.2600,66800.71
1783379700000,82.2700,82.2800,81.9500,82.1000,181662.32
1783380600000,82.1100,82.1300,81.9400,81.9900,73649.53
1783381500000,81.9900,82.0200,81.8700,81.9100,106198.47
1783382400000,81.9200,81.9800,81.8000,81.8400,121259.42
1783383300000,81.8500,82.3700,81.7900,82.2800,227124.55
1783384200000,82.2800,82.4500,82.1200,82.2700,182015.90
1783385100000,82.2800,82.4300,82.1900,82.3300,102110.47
1783386000000,82.3200,82.3300,81.7700,82.1100,212817.38
1783386900000,82.1000,82.1700,81.8600,81.9000,85205.43
1783387800000,81.9000,82.0300,81.7600,81.9800,103739.65
1783388700000,81.9800,82.1500,81.8300,81.8800,89464.45
1783389600000,81.8800,81.9600,81.7400,81.8000,74054.30
1783390500000,81.8000,81.9000,81.5200,81.5600,176786.91
1783391400000,81.5500,81.6000,81.3400,81.5600,231703.44
1783392300000,81.5600,81.6400,81.2400,81.3200,128404.38
1783393200000,81.3200,81.4400,81.2100,81.2600,142944.76
1783394100000,81.2600,81.3200,81.1100,81.1400,119703.94
1783395000000,81.1500,81.2400,81.0400,81.1300,120776.44
1783395900000,81.1300,81.1300,80.9200,81.0200,164191.80
1783396800000,81.0300,81.0700,80.8700,80.8900,129266.20
1783397700000,80.9000,81.0100,80.7600,80.9700,157044.87
1783398600000,80.9700,81.0200,80.7300,80.7500,107538.38
1783399500000,80.7500,80.9000,80.5900,80.8800,239601.54
1783400400000,80.8800,80.9000,80.4500,80.4900,230919.87
1783401300000,80.4900,80.6400,80.4100,80.5700,166005.45
1783402200000,80.5700,81.0200,80.5700,80.9500,192448.20
1783403100000,80.9500,81.1900,80.9300,81.0600,209356.25
1783404000000,81.0700,81.1800,80.7600,80.9000,164983.00
1783404900000,80.8900,81.0600,80.8800,81.0200,75285.57
1783405800000,81.0200,81.3800,80.9600,81.3200,245043.23
1783406700000,81.3300,81.5900,81.2900,81.5000,236609.23
1783407600000,81.4900,81.7000,81.4100,81.6600,139361.15
1783408500000,81.6700,81.7000,81.5200,81.5300,101688.07
1783409400000,81.5400,81.6400,81.2800,81.5800,226385.78
1783410300000,81.5800,81.6600,81.4300,81.4600,115247.73
1783411200000,81.4500,81.5400,81.1500,81.3700,200115.68
1783412100000,81.3700,81.5200,81.3200,81.4600,79911.02
1783413000000,81.4600,81.5200,81.2400,81.5200,100330.64
1783413900000,81.5100,81.5400,81.1800,81.2200,126102.35
1783414800000,81.2200,81.4400,81.1100,81.4300,153836.51
1783415700000,81.4200,81.4300,81.1200,81.1300,65117.08
1783416600000,81.1300,81.3400,81.0900,81.3200,97076.73
1783417500000,81.3200,81.4000,81.1600,81.2700,113080.33
1783418400000,81.2700,81.5400,81.2400,81.2900,163859.19
1783419300000,81.2800,81.4500,81.0700,81.0800,126663.87
1783420200000,81.0700,81.1300,80.8800,81.0800,189733.34
1783421100000,81.0700,81.1100,80.9100,80.9500,111992.84
1783422000000,80.9600,80.9600,80.7000,80.8200,172562.19
1783422900000,80.8200,81.0700,80.8000,80.9500,83317.93
1783423800000,80.9400,81.1100,80.8100,81.1100,91823.66
1783424700000,81.1100,81.3600,81.1000,81.2800,130241.32
1783425600000,81.2800,81.8800,81.2400,81.7700,450478.38
1783426500000,81.7700,81.9600,81.6600,81.8500,197986.35
1783427400000,81.8500,81.8600,81.5300,81.6400,192360.22
1783428300000,81.6300,81.6400,81.3800,81.4000,123960.75
1783429200000,81.3900,81.5700,81.1200,81.2300,224048.20
1783430100000,81.2300,81.3100,80.8400,80.8900,259898.54
1783431000000,80.8900,81.1200,80.6000,80.9400,412275.01
1783431900000,80.9300,81.3600,80.6600,80.8000,386020.62
1783432800000,80.8000,81.1600,80.5300,80.8000,294960.98
1783433700000,80.8100,81.1300,80.6900,81.1200,188119.41
1783434600000,81.1300,81.3200,80.4500,80.8500,495138.91
1783435500000,80.8500,81.8900,80.8500,81.7500,553162.51
1783436400000,81.7500,81.8500,81.4500,81.5300,313121.89
1783437300000,81.5300,82.0800,81.4800,81.9400,283376.10
1783438200000,81.9300,82.2900,81.8200,81.9600,326908.72
1783439100000,81.9600,82.3300,81.9500,82.0700,329697.54
1783440000000,82.0800,82.1200,81.7700,81.9100,238848.12
1783440900000,81.9100,82.4300,81.7900,82.2200,286776.07
1783441800000,82.2100,82.2900,82.0300,82.2000,112761.45
1783442700000,82.2100,82.5500,82.1100,82.1700,188035.06
1783443600000,82.1700,82.4300,82.0400,82.3300,113562.21
1783444500000,82.3400,82.6200,82.0700,82.5200,304016.47
1783445400000,82.5300,82.7600,82.3800,82.7500,186554.05
1783446300000,82.7400,82.7600,82.4800,82.6800,157007.84
1783447200000,82.6700,82.6800,82.2300,82.2500,206067.44
1783448100000,82.2500,82.3500,81.9600,82.0100,177254.03
1783449000000,82.0000,82.2200,81.9200,82.2200,143220.88
1783449900000,82.2200,82.2800,81.2000,81.2600,450942.81
1783450800000,81.2500,81.3900,80.8700,81.0400,436503.92
1783451700000,81.0300,81.1700,80.7200,81.0700,339110.15
1783452600000,81.0700,81.4500,81.0700,81.3900,158972.53
1783453500000,81.3800,81.5400,81.2200,81.3400,146207.42
1783454400000,81.3400,81.4500,81.1200,81.4100,116678.93
1783455300000,81.4000,81.4500,81.1800,81.3000,99232.64
1783456200000,81.3000,81.3200,81.0800,81.1200,63794.26
1783457100000,81.1200,81.1300,80.9700,81.1300,66873.21
1783458000000,81.1300,81.3900,81.1300,81.2700,93720.45
1783458900000,81.2600,81.2700,80.6300,80.8500,264705.30
1783459800000,80.8500,80.8600,80.5000,80.6300,173630.83
1783460700000,80.6300,80.8600,80.5600,80.7800,109438.13
1783461600000,80.7800,80.8100,80.2700,80.7700,270680.97
1783462500000,80.7700,80.9700,80.6700,80.7600,96469.95
1783463400000,80.7600,81.0500,80.7100,80.9700,99674.94
1783464300000,80.9700,80.9700,80.7600,80.8200,52614.87
1783465200000,80.8100,81.0100,80.7900,80.9500,53315.01
1783466100000,80.9400,81.1000,80.9200,81.0500,67777.58
1783467000000,81.0500,81.0800,80.6200,80.6300,76740.45
1783467900000,80.6200,80.7900,80.4700,80.5400,153529.39
1783468800000,80.5400,80.7400,80.5000,80.6200,230648.31
1783469700000,80.6200,80.7300,80.4200,80.6200,198781.01
1783470600000,80.6200,80.6600,80.3500,80.5200,163571.24
1783471500000,80.5300,80.5500,80.3000,80.3300,130022.52
1783472400000,80.3400,80.3800,80.1400,80.3300,225636.30
1783473300000,80.3300,80.3400,80.0100,80.0200,169310.30
1783474200000,80.0200,80.0500,78.7400,79.2700,1379056.57
1783475100000,79.2700,79.4200,78.9000,79.0500,291193.15
1783476000000,79.0400,79.1400,78.6800,78.9000,384227.27
1783476900000,78.8900,78.9600,78.6900,78.8600,249647.89
1783477800000,78.8600,78.9200,78.1500,78.9100,796327.53
1783478700000,78.9100,79.1500,78.8900,79.0200,302617.77
1783479600000,79.0200,79.3000,79.0000,79.2200,258253.77
1783480500000,79.2200,79.2800,79.1200,79.1900,105382.35
1783481400000,79.1900,79.2000,78.8700,78.9900,116155.28
1783482300000,78.9900,79.0100,78.5500,78.6900,255782.41
1783483200000,78.6900,78.7500,78.5200,78.6700,167445.58
1783484100000,78.6800,78.8800,78.6500,78.8300,113454.10
1783485000000,78.8300,78.8900,78.6000,78.6200,131690.17
1783485900000,78.6200,78.6600,78.3300,78.6000,252996.83
1783486800000,78.6100,78.7700,78.4600,78.6700,139127.58
1783487700000,78.6700,78.7800,78.5100,78.5700,124056.08
1783488600000,78.5700,78.6200,78.3800,78.3800,128458.99
1783489500000,78.3900,78.4800,78.3000,78.3800,152997.50
1783490400000,78.3900,78.4100,78.1800,78.3100,251882.74
1783491300000,78.3100,78.3500,78.0400,78.2400,244440.23
1783492200000,78.2300,78.2900,77.9000,78.0100,288752.15
1783493100000,78.0100,78.3300,77.9500,78.1700,192261.30
1783494000000,78.1800,78.2100,77.7500,78.1000,387577.21
1783494900000,78.1100,78.2000,77.9200,78.0900,230097.25
1783495800000,78.0900,78.2000,78.0100,78.1500,148174.81
1783496700000,78.1500,78.3000,78.0700,78.2400,234419.67
1783497600000,78.2500,78.3900,78.2000,78.2900,198082.35
1783498500000,78.3000,78.3300,77.1200,77.1700,1246672.76
1783499400000,77.1700,77.3800,76.8400,77.1000,832863.08
1783500300000,77.0900,77.6900,77.0800,77.2200,582567.90
1783501200000,77.2200,77.3400,77.1200,77.2200,274200.02
1783502100000,77.2200,77.2500,76.9700,77.2000,196177.79
1783503000000,77.2000,77.4600,77.1600,77.3000,191836.47
1783503900000,77.2900,77.3200,77.1100,77.1500,107890.92
1783504800000,77.1400,77.2600,76.9000,77.0400,171708.31
1783505700000,77.0400,77.3700,76.9700,77.3500,175715.30
1783506600000,77.3500,77.4700,77.2700,77.3100,168787.13
1783507500000,77.3200,77.3500,77.1900,77.2800,87520.09
1783508400000,77.2800,77.3300,77.1400,77.1900,180370.74
1783509300000,77.1900,77.2200,77.0400,77.1100,120944.78
1783510200000,77.1200,77.6700,77.0500,77.5100,251985.30
1783511100000,77.5000,77.6200,77.4000,77.5000,284361.18
1783512000000,77.5000,77.6200,77.3500,77.4700,185798.72
1783512900000,77.4700,77.5400,77.3800,77.4600,90179.59
1783513800000,77.4700,77.4800,77.2600,77.2600,114318.47
1783514700000,77.2700,77.3700,76.9700,76.9900,296056.83
1783515600000,76.9800,77.0600,76.7200,76.8900,508751.88
1783516500000,76.8900,76.9200,76.5800,76.8100,295229.91
1783517400000,76.8100,77.4300,76.8100,77.2600,542830.63
1783518300000,77.2600,77.4300,76.8600,77.2700,457726.03
1783519200000,77.2600,77.3900,77.0500,77.2000,326436.70
1783520100000,77.2000,77.3600,76.8400,77.0400,267219.41
1783521000000,77.0400,77.1200,76.8500,76.9400,151617.79
1783521900000,76.9500,77.2000,76.6800,77.0500,363538.29
1783522800000,77.0600,77.1200,76.6700,76.6800,268641.97
1783523700000,76.6700,76.8000,76.2400,76.3600,672688.21
1783524600000,76.3500,76.6400,76.2900,76.4800,192559.92
1783525500000,76.4800,76.7600,76.4200,76.7100,171318.79
1783526400000,76.7000,76.9700,76.7000,76.9200,229711.16
1783527300000,76.9100,77.1400,76.8200,76.9700,185630.84
1783528200000,76.9700,77.3000,76.8000,77.2300,336057.83
1783529100000,77.2400,77.3300,77.1500,77.2400,154159.17
1783530000000,77.2400,77.2800,77.0400,77.0500,157012.13
1783530900000,77.0500,77.5800,77.0400,77.5700,319816.05
1783531800000,77.5600,77.6500,77.3200,77.3600,254015.38
1783532700000,77.3600,77.3700,76.9800,77.0900,226214.09
1783533600000,77.0900,77.3200,77.0300,77.2500,123871.22
1783534500000,77.2600,77.2800,77.0400,77.0800,69648.26
1783535400000,77.0900,77.0900,76.7700,76.9400,198597.93
1783536300000,76.9500,77.3000,76.9200,77.1000,120589.07
1783537200000,77.1100,77.2300,76.9700,76.9900,70221.43
1783538100000,76.9900,77.1500,76.9200,77.1000,100126.21
1783539000000,77.1000,77.3200,77.0800,77.3000,90856.10
1783539900000,77.3000,77.4700,77.1100,77.3600,190917.49
1783540800000,77.3700,77.5300,77.2600,77.4100,127051.55
1783541700000,77.4100,77.4100,77.2600,77.3600,42019.52
1783542600000,77.3600,77.3600,77.0400,77.1200,66568.57
1783543500000,77.1100,77.1900,77.0100,77.1500,75127.16
1783544400000,77.1500,77.1500,76.9200,76.9600,75494.31
1783545300000,76.9700,77.1000,76.8800,77.0900,87941.82
1783546200000,77.0900,77.2200,76.9700,77.1400,116341.97
1783547100000,77.1300,77.3000,77.1200,77.2000,46830.81
1783548000000,77.2100,77.4400,77.1500,77.2200,101395.72
1783548900000,77.2300,77.3600,77.1300,77.3600,63224.96
1783549800000,77.3600,77.4300,77.2500,77.4100,57335.68
1783550700000,77.4100,77.5600,77.3900,77.4900,72227.41
1783551600000,77.5000,77.6300,77.4300,77.5900,86466.07
1783552500000,77.5900,77.5900,77.4200,77.5200,72791.50
1783553400000,77.5200,77.6000,77.3900,77.5600,95878.05
1783554300000,77.5600,77.9400,77.5100,77.7900,236037.76
1783555200000,77.7800,77.8600,77.5600,77.7200,169752.38
1783556100000,77.7100,77.7700,77.4900,77.6400,116896.14
1783557000000,77.6400,77.7700,77.5000,77.6000,71143.09
1783557900000,77.5900,77.7300,77.4800,77.6900,129830.55
1783558800000,77.6900,78.7800,77.6200,78.3200,556135.14
1783559700000,78.3300,78.4700,78.0900,78.1200,217599.53
1783560600000,78.1300,78.1700,77.5500,77.6100,312392.56
1783561500000,77.6200,77.7400,77.2300,77.3200,316980.47
1783562400000,77.3100,77.8000,77.1700,77.7900,195431.70
1783563300000,77.7800,77.8000,77.5300,77.6200,119647.93
1783564200000,77.6100,77.6400,77.2400,77.2600,131479.47
1783565100000,77.2600,77.3000,76.8800,77.0300,316400.21
1783566000000,77.0200,77.0700,76.8100,76.9400,159272.18
1783566900000,76.9300,77.1300,76.6600,77.0100,187457.87
1783567800000,77.0100,77.3400,77.0100,77.2000,116446.10
1783568700000,77.2000,77.3600,77.1100,77.3400,100833.65
1783569600000,77.3300,77.4000,77.2100,77.2100,89123.44
1783570500000,77.2200,77.3600,77.1800,77.3300,49008.72
1783571400000,77.3200,77.7900,77.3200,77.7800,235559.38
1783572300000,77.7800,78.0300,77.6700,77.9500,174402.97
1783573200000,77.9400,78.2800,77.7500,78.1200,236272.25
1783574100000,78.1200,78.1500,77.7300,77.8600,175633.72
1783575000000,77.8600,78.0400,77.6900,77.9800,88333.95
1783575900000,77.9700,78.3600,77.9400,78.3600,192973.78
1783576800000,78.3500,78.4300,78.0600,78.1600,188028.17
1783577700000,78.1500,78.5900,78.1000,78.4200,171911.11
1783578600000,78.4200,78.4900,78.2800,78.4200,104500.32
1783579500000,78.4100,78.4700,78.3200,78.4400,94341.28
1783580400000,78.4400,78.8200,78.2600,78.4000,358812.11
1783581300000,78.3900,78.4300,78.1500,78.2600,127119.10
1783582200000,78.2600,78.3000,78.0800,78.2900,104862.82
1783583100000,78.2900,78.5700,78.1100,78.1800,149503.78
1783584000000,78.1800,78.2000,78.0200,78.1100,101921.79
1783584900000,78.1200,78.3400,77.8900,78.3400,252818.10
1783585800000,78.3400,78.3700,78.1900,78.2500,66325.79
1783586700000,78.2500,78.2500,78.0100,78.0600,79987.13
1783587600000,78.0700,78.1500,77.9200,77.9700,88500.84
1783588500000,77.9600,78.0300,77.8600,77.9800,97775.15
1783589400000,77.9700,78.0700,77.8200,77.8500,102235.22
1783590300000,77.8500,78.1200,77.8100,78.1000,64251.00
1783591200000,78.0900,78.1900,78.0100,78.0800,86058.86
1783592100000,78.0800,78.0900,77.9200,78.0000,107155.72
1783593000000,78.0000,78.0500,77.9400,78.0000,127031.29
1783593900000,78.0000,78.0000,77.4800,77.6500,241156.18
1783594800000,77.6500,77.7400,77.5300,77.7000,111079.84
1783595700000,77.6900,77.6900,77.3400,77.3800,160774.81
1783596600000,77.3700,77.4200,77.2800,77.3600,104829.72
1783597500000,77.3700,77.6600,77.3200,77.5700,122428.81
1783598400000,77.5800,77.7400,77.3900,77.5700,136224.10
1783599300000,77.5700,77.7400,77.5100,77.6600,262221.05
1783600200000,77.6700,78.1900,77.6300,77.7500,527814.99
1783601100000,77.7600,77.7700,77.2000,77.5900,392256.49
1783602000000,77.5900,78.0600,77.5800,77.9800,144592.43
1783602900000,77.9800,77.9900,77.6200,77.6900,143428.01
1783603800000,77.7000,78.0600,77.3000,78.0500,275237.90
1783604700000,78.0500,78.4700,77.7600,78.1800,352918.71
1783605600000,78.1900,78.3300,77.9200,78.0200,181155.23
1783606500000,78.0300,78.0300,77.6300,77.8500,273547.07
1783607400000,77.8600,77.8700,77.5300,77.6800,169559.12
1783608300000,77.6900,77.9600,77.5700,77.8400,198549.65
1783609200000,77.8400,78.0300,77.6200,77.9700,159363.90
1783610100000,77.9600,78.1600,77.7400,77.7600,137137.55
1783611000000,77.7600,77.8700,77.5700,77.6000,155179.42
1783611900000,77.6100,77.7000,77.4600,77.5700,112649.74
1783612800000,77.5700,77.7600,77.4900,77.5600,144220.40
1783613700000,77.5500,77.5900,77.2100,77.4300,278362.20
1783614600000,77.4300,77.6900,77.4200,77.6400,112695.00
1783615500000,77.6300,77.6800,77.4400,77.6400,74108.98
1783616400000,77.6300,77.8200,77.6100,77.6600,110497.56
1783617300000,77.6500,77.9800,77.6500,77.7500,104982.42
1783618200000,77.7400,78.1300,77.5900,78.0900,212631.20
1783619100000,78.0900,78.1000,77.9000,78.0200,97091.90
1783620000000,78.0200,78.4000,77.9600,78.2500,252590.75
1783620900000,78.2500,78.3800,78.0700,78.2300,139693.93
1783621800000,78.2400,78.2400,78.0300,78.1200,67919.39
1783622700000,78.1200,78.2200,77.9800,78.1500,102100.23
1783623600000,78.1500,78.1700,77.9700,77.9900,78130.25
1783624500000,77.9900,78.1300,77.8600,78.1000,70110.63
1783625400000,78.0900,78.2800,78.0400,78.2800,77635.70
1783626300000,78.2700,78.2800,78.0200,78.1300,81740.64
1783627200000,78.1300,78.1600,77.9600,78.0000,59575.91
1783628100000,78.0000,78.1800,77.9400,78.1300,48435.45
1783629000000,78.1300,78.2700,78.0900,78.2200,60407.42
1783629900000,78.2200,78.2400,78.0200,78.1200,34686.07
1783630800000,78.1100,78.2500,78.0300,78.0900,46343.15
1783631700000,78.1000,78.1600,77.9500,78.0000,35391.80
1783632600000,78.0000,78.0700,77.8700,77.8900,51058.66
1783633500000,77.8800,78.0400,77.8800,78.0000,30644.02
1783634400000,78.0000,78.1200,77.9500,78.0300,59161.00
1783635300000,78.0400,78.1700,78.0200,78.1500,48740.79
1783636200000,78.1400,78.2400,78.0200,78.1900,50213.42
1783637100000,78.1900,78.2400,78.0500,78.0500,42286.10
1783638000000,78.0600,78.1700,77.9700,77.9700,42019.70
1783638900000,77.9800,78.0900,77.7300,78.0000,106946.99
1783639800000,78.0000,78.0500,77.8900,78.0100,43437.86
1783640700000,78.0200,78.1200,77.9700,78.0000,44636.57
1783641600000,78.0000,78.0100,77.7600,77.9600,86889.29
1783642500000,77.9700,78.1100,77.8600,77.9600,62873.76
1783643400000,77.9600,78.0900,77.7500,77.9400,99115.32
1783644300000,77.9300,78.0800,77.8100,78.0800,48457.19
1783645200000,78.0700,78.1800,77.8900,78.1800,64160.77
1783646100000,78.1800,78.6400,78.1500,78.4300,241976.52
1783647000000,78.4400,78.4800,78.2500,78.3500,89426.61
1783647900000,78.3600,79.4300,78.3400,79.0300,793995.04
1783648800000,79.0300,79.1400,78.8000,78.9600,301395.62
1783649700000,78.9500,78.9800,78.8000,78.8500,113005.63
1783650600000,78.8500,79.0000,78.8000,78.9200,97062.61
1783651500000,78.9100,79.1200,78.8700,78.9900,115085.02
1783652400000,79.0000,79.0100,78.7000,78.7900,111936.12
1783653300000,78.8000,78.9200,78.7000,78.8000,104047.54
1783654200000,78.8000,79.0000,78.7100,78.9600,105891.18
1783655100000,78.9500,79.1100,78.8800,79.0200,119801.77
1783656000000,79.0200,79.0700,78.9400,79.0100,91229.30
1783656900000,79.0100,79.0700,78.8400,78.8500,78188.78
1783657800000,78.8400,79.0600,78.8000,78.9500,100158.14
1783658700000,78.9500,79.0400,78.8800,78.9300,101682.52
1783659600000,78.9200,79.0200,78.8300,78.8800,132119.51
1783660500000,78.8900,79.0500,78.8800,79.0400,117331.69
1783661400000,79.0300,79.3400,78.9700,79.1900,272247.93
1783662300000,79.1800,79.2000,79.0700,79.1400,85021.52
1783663200000,79.1400,79.2000,79.0500,79.0800,77426.20
1783664100000,79.0700,79.0800,78.8300,78.9000,127232.76
1783665000000,78.8900,78.9800,78.8800,78.9100,76155.24
1783665900000,78.9200,78.9800,78.8100,78.8800,74680.87
1783666800000,78.8700,79.0300,78.7800,79.0300,95139.99
1783667700000,79.0200,79.0400,78.9200,78.9400,64666.59
1783668600000,78.9400,78.9500,78.7400,78.7500,96727.47
1783669500000,78.7500,78.8400,78.6900,78.8000,104015.29
1783670400000,78.8100,78.9500,78.7500,78.9400,111708.37
1783671300000,78.9400,79.3700,78.9400,79.3000,333607.20
1783672200000,79.3000,79.3800,79.2200,79.3300,204743.46
1783673100000,79.3300,79.3700,79.1500,79.1600,172270.77
1783674000000,79.1500,79.1800,78.9000,78.9600,215213.68
1783674900000,78.9600,79.2000,78.9400,79.1700,112872.27
1783675800000,79.1600,79.3100,79.1000,79.3100,145767.11
1783676700000,79.3000,79.3500,79.1500,79.1900,102290.58
1783677600000,79.1900,79.2500,79.1000,79.1200,74328.36
1783678500000,79.1300,79.6400,79.1200,79.5700,306920.71
1783679400000,79.5800,79.6000,79.3700,79.5000,173509.97
1783680300000,79.5000,79.5300,79.3400,79.3600,100310.56
1783681200000,79.3500,79.4700,79.2700,79.4100,125231.64
1783682100000,79.4000,79.4900,79.2700,79.3200,82078.85
1783683000000,79.3300,79.3300,79.1300,79.2800,109752.12
1783683900000,79.2800,79.4100,79.2200,79.3300,76342.33
1783684800000,79.3200,79.5300,79.1300,79.3900,200301.12
1783685700000,79.3900,79.4100,79.1900,79.3000,81268.36
1783686600000,79.3000,79.3100,78.9700,78.9800,198765.57
1783687500000,78.9800,79.0100,78.8500,78.8800,150524.56
1783688400000,78.8800,78.9700,78.8100,78.8700,109068.58
1783689300000,78.8600,78.9400,78.8000,78.8500,95987.83
1783690200000,78.8500,79.0600,78.7200,78.9300,269981.17
1783691100000,78.9400,79.3100,78.9100,78.9400,274266.36
1783692000000,78.9400,78.9500,78.1800,78.2300,554870.96
1783692900000,78.2400,78.3100,77.5300,77.7200,923814.02
1783693800000,77.7200,77.9300,77.0300,77.7200,1235108.28
1783694700000,77.7200,78.3200,77.6000,77.8900,1290275.37
1783695600000,77.8800,78.1600,77.7500,77.8900,287890.16
1783696500000,77.9000,78.3400,77.8900,78.2900,251486.63
1783697400000,78.2900,78.3400,77.9600,78.1200,132294.26
1783698300000,78.1200,78.2000,77.9500,78.1100,132734.45
1783699200000,78.1100,78.1500,77.8600,78.1200,184673.69
1783700100000,78.1100,78.2400,77.8700,77.9100,127278.12
1783701000000,77.9200,77.9800,77.6200,77.8300,205520.52
1783701900000,77.8300,78.2000,77.7800,78.1200,156356.92
1783702800000,78.1100,78.1500,77.7600,77.7600,212790.48
1783703700000,77.7600,77.8900,77.6500,77.8000,140615.72
1783704600000,77.8000,77.8000,77.6200,77.7000,95970.65
1783705500000,77.7100,77.7900,77.5400,77.5500,155826.38
1783706400000,77.5500,77.8800,77.5300,77.6200,144717.91
1783707300000,77.6200,77.7600,77.5500,77.6400,109165.41
1783708200000,77.6400,77.7200,77.4200,77.4500,115219.08
1783709100000,77.4600,77.5000,77.2900,77.4800,172402.69
1783710000000,77.4900,77.7000,77.4100,77.6500,84364.69
1783710900000,77.6500,77.8100,77.5700,77.7700,65705.52
1783711800000,77.7600,78.0200,77.7400,77.9300,154662.03
1783712700000,77.9300,78.0000,77.8400,77.8500,117613.42
1783713600000,77.8600,77.9200,77.7300,77.8900,97683.85
1783714500000,77.8900,77.9700,77.6600,77.7700,127509.05
1783715400000,77.7700,77.9400,77.7400,77.8600,61457.56
1783716300000,77.8600,77.8800,77.7100,77.7200,36447.39
1783717200000,77.7200,77.9300,77.6800,77.8700,51421.70
1783718100000,77.8600,77.9900,77.8100,77.9300,46184.02
1783719000000,77.9200,78.0800,77.9200,77.9900,97721.16
1783719900000,78.0000,78.0000,77.8800,77.9500,39015.97
1783720800000,77.9500,78.2100,77.8900,78.0200,166311.93
1783721700000,78.0200,78.0700,77.9300,78.0200,32911.49
1783722600000,78.0200,78.0900,77.9700,78.0200,36405.90
1783723500000,78.0200,78.1900,78.0100,78.1100,51071.94
1783724400000,78.1200,78.1300,77.8800,78.0100,77629.46
1783725300000,78.0100,78.1000,77.9600,78.0400,35529.45
1783726200000,78.0400,78.0800,77.9900,78.0700,39332.15
1783727100000,78.0800,78.1100,78.0200,78.0800,50115.52
1783728000000,78.0700,78.0800,77.8600,77.9100,83544.68
1783728900000,77.9100,77.9800,77.7900,77.9200,57220.92
1783729800000,77.9200,77.9400,77.7600,77.9100,57083.72
1783730700000,77.9100,77.9100,77.7500,77.8000,41856.79
1783731600000,77.8100,77.8500,77.7000,77.7500,66384.11
1783732500000,77.7600,78.0200,77.7500,77.9600,70675.59
1783733400000,77.9500,78.0200,77.4200,77.5100,268215.33
1783734300000,77.5000,77.6600,77.4700,77.5000,81675.22
1783735200000,77.5000,77.6300,77.4500,77.5200,72696.41
1783736100000,77.5300,77.6600,77.5100,77.6200,39444.40
1783737000000,77.6100,77.7400,77.5900,77.7400,47641.71
1783737900000,77.7400,77.7800,77.6900,77.7400,35653.98
1783738800000,77.7400,77.7600,77.6100,77.7300,43721.25
1783739700000,77.7400,77.7800,77.5600,77.6600,73037.08
1783740600000,77.6700,77.8300,77.6300,77.8000,48703.46
1783741500000,77.8000,77.8300,77.7200,77.7400,26870.99
1783742400000,77.7500,77.7900,77.6100,77.6800,55420.43
1783743300000,77.6800,77.7400,77.6000,77.6500,48603.21
1783744200000,77.6500,77.8100,77.6400,77.7200,35171.09
1783745100000,77.7200,77.7700,77.6200,77.6900,50692.59
1783746000000,77.6900,77.7600,77.5500,77.7000,47016.91
1783746900000,77.7000,77.8400,77.6600,77.8200,60482.24
1783747800000,77.8100,77.9300,77.7700,77.8100,61629.86
1783748700000,77.8200,77.8700,77.7500,77.8400,36421.37
1783749600000,77.8500,77.8500,77.7400,77.7900,53724.12
1783750500000,77.7900,77.9900,77.7700,77.9300,75815.04
1783751400000,77.9200,78.0800,77.9200,78.0200,68071.22
1783752300000,78.0300,78.0700,77.9300,78.0100,49837.50
1783753200000,78.0000,78.0500,77.8800,77.9300,79639.28
1783754100000,77.9400,78.0600,77.9300,77.9900,40034.97
1783755000000,77.9900,78.0500,77.9400,77.9500,46605.91
1783755900000,77.9500,77.9800,77.9200,77.9500,37560.86
1783756800000,77.9500,78.0500,77.9000,77.9800,53929.64
1783757700000,77.9900,78.0500,77.9600,77.9800,38444.37
1783758600000,77.9900,78.1200,77.9700,78.0200,45960.97
1783759500000,78.0200,78.1300,77.9700,78.1300,115023.63
1783760400000,78.1300,78.3200,78.0800,78.0900,164171.25
1783761300000,78.0900,78.1700,78.0000,78.0500,60816.79
1783762200000,78.0500,78.0500,77.8600,77.9300,77781.36
1783763100000,77.9300,77.9400,77.7800,77.7900,148218.52
1783764000000,77.8000,77.8900,77.7000,77.8700,117472.76
1783764900000,77.8700,77.9000,77.7500,77.9000,86470.14
1783765800000,77.9000,77.9800,77.8300,77.9200,101844.91
1783766700000,77.9200,78.0600,77.9100,78.0300,106618.51
1783767600000,78.0300,78.0600,77.9500,78.0200,54285.98
1783768500000,78.0200,78.0300,77.9500,78.0000,25641.77
1783769400000,77.9900,78.0700,77.9600,78.0200,28118.37
1783770300000,78.0200,78.1100,78.0100,78.0700,42838.01
1783771200000,78.0600,78.1800,77.9400,78.0600,87271.70
1783772100000,78.0500,78.1000,78.0000,78.0500,46319.57
1783773000000,78.0500,78.0800,77.9100,77.9400,78587.91
1783773900000,77.9400,78.0800,77.9300,78.0500,43855.54
1783774800000,78.0600,78.0700,78.0000,78.0600,33680.79
1783775700000,78.0700,78.2400,78.0300,78.1900,92605.21
1783776600000,78.1800,78.4300,78.1100,78.1400,153720.18
1783777500000,78.1400,78.2300,78.1100,78.1300,74215.10
1783778400000,78.1300,78.2900,78.1200,78.2200,68245.14
1783779300000,78.2200,78.4800,78.2000,78.3500,146383.40
1783780200000,78.3500,78.7300,78.3300,78.5400,289357.66
1783781100000,78.5400,78.5700,78.4300,78.4400,100000.82
1783782000000,78.4400,78.7100,78.4400,78.5600,146232.30
1783782900000,78.5700,78.8600,78.4900,78.7200,275830.69
1783783800000,78.7100,78.7100,78.0700,78.1700,432052.82
1783784700000,78.1800,78.3700,77.9000,78.3400,382959.67
1783785600000,78.3500,78.3700,78.0900,78.2800,170194.27
1783786500000,78.2800,78.3000,78.0200,78.1200,240628.15
1783787400000,78.1300,78.2300,77.7200,77.7800,414016.27
1783788300000,77.7800,77.9300,77.6200,77.9100,181909.92
1783789200000,77.9100,77.9400,77.7900,77.8800,90161.37
1783790100000,77.8800,78.0000,77.7900,77.9900,76027.21
1783791000000,78.0000,78.1700,77.9600,78.1000,132061.95
1783791900000,78.1000,78.1600,77.9800,78.0600,76336.88
1783792800000,78.0600,78.1100,77.9700,78.0500,94397.94
1783793700000,78.0400,78.2900,78.0300,78.1800,87330.82
1783794600000,78.1700,78.1900,78.0700,78.1200,60469.84
1783795500000,78.1300,78.1300,78.0100,78.0500,41424.40
1783796400000,78.0400,78.0900,77.9900,78.0300,43097.02
1783797300000,78.0300,78.0700,77.8300,77.8800,79588.03
1783798200000,77.8700,78.0400,77.8500,77.9900,63641.29
1783799100000,77.9800,78.1000,77.9300,78.0900,52750.06
1783800000000,78.0900,78.1600,78.0600,78.1000,39932.37
1783800900000,78.1000,78.1900,78.1000,78.1900,34409.74
1783801800000,78.1900,78.2400,78.1200,78.1800,35848.89
1783802700000,78.1800,78.2100,78.1200,78.1300,21865.64
1783803600000,78.1200,78.2500,78.1200,78.2500,36224.40
1783804500000,78.2400,78.2800,78.1700,78.2000,44206.90
1783805400000,78.1900,78.2400,78.0900,78.1700,31948.99
1783806300000,78.1700,78.2800,78.1200,78.1900,32136.90
1783807200000,78.1900,78.2400,78.0400,78.1800,54252.00
1783808100000,78.1700,78.1700,77.6900,77.8900,184027.89
1783809000000,77.8900,78.0100,77.8200,77.9100,69504.48
1783809900000,77.9200,77.9400,77.7500,77.8400,58944.15
1783810800000,77.8400,77.8800,77.3800,77.5400,312869.11
1783811700000,77.5400,77.5600,76.7900,76.9500,653816.36
1783812600000,76.9600,77.0200,76.7100,76.9600,377557.80
1783813500000,76.9500,77.0900,76.7300,76.7400,176650.15
1783814400000,76.7300,76.8300,76.3400,76.3800,490226.04
1783815300000,76.3700,76.5400,76.3000,76.3100,251373.75
1783816200000,76.3100,76.3100,75.6000,76.0000,885698.94
1783817100000,75.9900,76.1200,75.8600,76.0600,174794.38
1783818000000,76.0700,76.3300,75.9900,76.1300,196659.20
1783818900000,76.1300,76.6600,76.0900,76.5800,279249.70
1783819800000,76.5700,76.8300,76.5400,76.7900,180090.95
1783820700000,76.7900,76.8400,76.7100,76.7800,92908.86
1783821600000,76.7800,76.8100,76.5900,76.6600,119005.74
1783822500000,76.6600,76.8600,76.6400,76.8100,86712.18
1783823400000,76.8200,76.8400,76.6600,76.7100,69164.21
1783824300000,76.7100,76.8700,76.6900,76.8000,72228.17
1783825200000,76.8100,76.9600,76.7000,76.8500,91456.32
1783826100000,76.8500,76.9800,76.7900,76.9400,128147.36
1783827000000,76.9500,77.0500,76.8400,76.9100,140058.66
1783827900000,76.9200,77.0100,76.8700,77.0000,50973.36
1783828800000,77.0100,77.0400,76.8300,76.8600,105912.50
1783829700000,76.8600,77.0200,76.7800,76.8200,89585.10
1783830600000,76.8300,76.8700,76.5700,76.7600,121829.79
1783831500000,76.7600,76.7700,76.5600,76.6600,84097.87
1783832400000,76.6700,76.8000,76.6000,76.6700,112589.72
1783833300000,76.6600,76.6700,76.3400,76.4000,141654.46
1783834200000,76.4000,76.5100,76.3500,76.4700,98072.53
1783835100000,76.4800,76.4900,76.3800,76.3800,62177.34
1783836000000,76.3800,76.3800,75.9500,75.9800,294696.95
1783836900000,75.9800,76.0900,75.8000,75.8800,226607.91
1783837800000,75.8800,76.1800,75.8400,76.1700,171077.12
1783838700000,76.1700,76.3400,76.1500,76.3000,117514.13
1783839600000,76.3000,76.5300,76.2600,76.5100,124861.82
1783840500000,76.5200,76.6700,76.4500,76.4900,132738.11
1783841400000,76.4900,76.5200,76.4300,76.4700,62689.94
1783842300000,76.4700,76.5000,76.3800,76.4600,61197.94
1783843200000,76.4600,76.7900,76.4200,76.6500,146268.64
1783844100000,76.6500,76.7400,76.5400,76.5800,106399.25
1783845000000,76.5900,76.6400,76.5300,76.6200,56314.94
1783845900000,76.6200,76.6700,76.5300,76.6500,52854.38
1783846800000,76.6600,76.7200,76.5200,76.5300,97479.44
1783847700000,76.5400,76.5400,76.3400,76.4900,158002.26
1783848600000,76.4900,76.8500,76.4800,76.7900,134641.77
1783849500000,76.7900,76.8600,76.6800,76.7000,82179.36
1783850400000,76.7000,76.7300,76.6100,76.6800,69957.58
1783851300000,76.6900,76.8100,76.6300,76.7300,53225.86
1783852200000,76.7300,76.7800,76.6600,76.7200,37364.79
1783853100000,76.7100,76.7500,76.6500,76.6600,37910.60
1783854000000,76.6600,76.7300,76.4700,76.6200,86128.76
1783854900000,76.6300,76.8300,76.6300,76.7900,81505.25
1783855800000,76.7900,76.9600,76.7900,76.9200,107794.17
1783856700000,76.9300,77.2400,76.8900,76.8900,246948.81
1783857600000,76.8900,77.0400,76.7400,77.0100,166708.12
1783858500000,77.0100,77.1200,76.9600,77.0700,109649.84
1783859400000,77.0800,77.1600,77.0200,77.1300,85215.44
1783860300000,77.1300,77.2300,77.0200,77.1500,115063.86
1783861200000,77.1500,77.4700,77.0800,77.2900,338935.41
1783862100000,77.2800,77.3400,77.1700,77.2500,96662.66
1783863000000,77.2500,77.3500,77.2100,77.2300,95538.23
1783863900000,77.2300,77.2800,77.0900,77.1300,113398.18
1783864800000,77.1200,77.1300,76.9600,76.9800,150106.24
1783865700000,76.9700,77.0300,76.9400,77.0100,77138.38
1783866600000,77.0100,77.2000,77.0000,77.1600,79697.70
1783867500000,77.1700,77.6900,77.1400,77.5100,367323.14
1783868400000,77.5100,77.6000,77.3500,77.4900,156915.72
1783869300000,77.4900,77.5700,77.3500,77.5200,101335.53
1783870200000,77.5100,77.5500,77.2400,77.3100,103437.10
1783871100000,77.3100,77.5200,77.3000,77.4400,121698.28
1783872000000,77.4400,77.6400,77.3600,77.3700,218977.10
1783872900000,77.3700,77.5700,77.3500,77.5300,121077.17
1783873800000,77.5300,77.5500,77.3500,77.4800,57084.70
1783874700000,77.4800,77.6300,77.4600,77.5100,91628.69
1783875600000,77.5000,77.5500,77.4300,77.4600,49817.83
1783876500000,77.4500,77.4700,77.3700,77.3900,61864.49
1783877400000,77.3800,77.5800,77.3700,77.5200,59493.38
1783878300000,77.5100,77.5100,77.2000,77.3200,106118.16
1783879200000,77.3200,77.4600,77.2600,77.3300,65310.04
1783880100000,77.3200,77.3900,77.2000,77.3300,54219.93
1783881000000,77.3300,77.5500,77.3200,77.5000,68505.30
1783881900000,77.5000,77.6200,77.4900,77.5400,62669.71
1783882800000,77.5400,77.6100,77.4500,77.4800,60815.40
1783883700000,77.4900,77.6000,77.4800,77.5400,51664.72
1783884600000,77.5400,77.5400,77.4000,77.4500,41256.37
1783885500000,77.4400,77.7600,77.4400,77.6500,90285.85
1783886400000,77.6400,77.6900,77.5100,77.5500,44709.55
1783887300000,77.5500,77.5500,77.4400,77.5000,25222.68
1783888200000,77.4900,77.5800,77.4100,77.5600,33803.34
1783889100000,77.5600,77.5800,77.4100,77.4400,30288.03
1783890000000,77.4400,77.6600,77.4200,77.5100,65866.58
1783890900000,77.5000,77.5300,77.1800,77.2400,108597.87
1783891800000,77.2400,77.2400,77.0400,77.1900,107747.01
1783892700000,77.1900,77.2500,76.9300,77.0600,120694.29
1783893600000,77.0600,77.0600,76.5100,76.6700,443019.16
1783894500000,76.6600,76.7400,76.4200,76.6700,181451.02
1783895400000,76.6700,76.7800,76.5400,76.5600,78420.09
1783896300000,76.5600,76.7900,76.4500,76.7300,149646.86
1783897200000,76.7300,76.7900,76.6100,76.7300,76789.34
1783898100000,76.7300,76.7800,76.6700,76.7600,56648.06
1783899000000,76.7500,76.8200,76.6200,76.7600,77163.47
1783899900000,76.7500,76.9200,76.6200,76.8600,107816.40
1783900800000,76.8600,78.1900,76.7800,77.9800,814555.47
1783901700000,77.9800,78.1700,77.6500,77.6800,306596.52
1783902600000,77.6800,77.7400,76.8700,77.1300,437905.83
1783903500000,77.1400,77.5700,77.1100,77.4800,200059.47
1783904400000,77.4800,77.6300,76.9100,77.2700,267895.05
1783905300000,77.2700,77.4800,76.9600,77.0000,176537.73
1783906200000,77.0000,77.0700,76.7400,76.9800,253218.71
1783907100000,76.9700,76.9700,76.2400,76.2800,358886.52
1783908000000,76.2700,76.4400,76.0700,76.3700,329830.88
1783908900000,76.3800,76.6000,76.3000,76.5300,260654.07
1783909800000,76.5400,76.6200,76.3600,76.5400,95450.63
1783910700000,76.5300,76.6000,76.3800,76.4400,70670.90
1783911600000,76.4300,76.4500,75.7100,75.8900,491549.73
1783912500000,75.9000,76.0700,75.5600,76.0300,309491.60
1783913400000,76.0300,76.0600,75.3800,75.7000,349643.53
1783914300000,75.7000,75.8800,75.6600,75.8200,115120.64
1783915200000,75.8200,75.9400,75.6600,75.8900,179247.67
1783916100000,75.8900,76.0900,75.8800,76.0600,101340.55
1783917000000,76.0500,76.0600,75.8100,75.9100,104006.74
1783917900000,75.9200,76.0700,75.8400,75.8700,93790.75
1783918800000,75.8800,76.3800,75.6700,76.2700,284130.56
1783919700000,76.2700,76.4000,76.0300,76.0800,163743.87
1783920600000,76.0900,76.4400,75.8900,76.3400,242645.32
1783921500000,76.3400,76.3800,76.2500,76.3500,87098.86
1783922400000,76.3500,76.5500,76.2600,76.2700,124500.09
1783923300000,76.2800,76.4700,76.2300,76.4600,104983.20
1783924200000,76.4700,76.5500,76.2700,76.4600,94216.40
1783925100000,76.4700,76.5000,76.2600,76.3000,65589.49
1783926000000,76.3000,76.4900,76.1800,76.3900,123589.82
1783926900000,76.4000,76.6300,76.2400,76.5600,112386.01
1783927800000,76.5700,76.6500,76.4200,76.4300,109113.34
1783928700000,76.4200,76.4600,76.3400,76.4000,82181.85
1783929600000,76.4100,76.5100,76.3300,76.4600,101375.51
1783930500000,76.4700,76.5300,76.3600,76.4400,63756.25
1783931400000,76.4400,76.6400,76.3100,76.6300,93707.10
1783932300000,76.6300,76.8600,76.5800,76.6900,253412.31
1783933200000,76.6900,76.7000,76.5900,76.6800,69006.30
1783934100000,76.6800,76.6800,76.5500,76.6300,70162.49
1783935000000,76.6200,76.6800,76.5700,76.6600,79341.95
1783935900000,76.6600,76.6600,76.5700,76.5800,53939.90
1783936800000,76.5900,76.5900,76.2000,76.2200,205740.64
1783937700000,76.2200,76.4100,76.1500,76.2800,185614.11
1783938600000,76.2800,76.3700,76.1100,76.1300,141308.30
1783939500000,76.1300,76.2900,76.0500,76.2400,145319.37
1783940400000,76.2400,76.5500,76.2400,76.3900,172561.75
1783941300000,76.3800,76.4700,76.2700,76.4200,68548.85
1783942200000,76.4100,76.4500,76.2800,76.3800,127253.24
1783943100000,76.3700,76.4900,76.3000,76.3100,54403.28
1783944000000,76.3100,76.3800,75.9600,76.0600,195099.30
1783944900000,76.0600,76.1500,75.9100,75.9300,133281.13
1783945800000,75.9300,75.9900,75.7000,75.8100,264776.95
1783946700000,75.8000,75.8900,75.7600,75.8200,125139.87
1783947600000,75.8200,75.9100,75.6400,75.6600,171872.26
1783948500000,75.6600,75.6900,75.4500,75.5700,300813.80
1783949400000,75.5800,75.8300,75.1600,75.3100,677185.67
1783950300000,75.3100,75.4300,75.0600,75.3700,474366.80
1783951200000,75.3600,75.7900,75.3300,75.7800,346392.49
1783952100000,75.7700,76.1200,75.2800,75.8200,650768.86
1783953000000,75.8100,76.0500,75.6200,75.9600,352529.84
1783953900000,75.9700,76.1400,75.9200,76.1100,194519.90
1783954800000,76.1100,76.2200,75.9200,75.9700,209280.30
1783955700000,75.9700,76.2800,75.9600,76.1500,176164.76
1783956600000,76.1400,76.1900,75.7000,75.8000,151402.82
1783957500000,75.8100,75.9100,75.7100,75.7800,109616.48
1783958400000,75.7800,76.0200,75.7000,75.8500,131484.68
1783959300000,75.8500,75.8500,75.4100,75.4500,258969.07
1783960200000,75.4600,75.4600,75.2000,75.4100,265032.61
1783961100000,75.4100,75.4900,75.1500,75.2400,187705.70
1783962000000,75.2500,75.4300,75.1500,75.3700,140644.79
1783962900000,75.3700,75.3900,75.2400,75.2900,90039.65
1783963800000,75.2800,75.3300,74.5600,75.0600,767269.47
1783964700000,75.0700,75.1100,74.4600,74.5500,426039.02
1783965600000,74.5500,74.8500,74.5400,74.7000,275005.22
1783966500000,74.7000,74.9500,74.5100,74.8700,230621.94
1783967400000,74.8700,74.8900,74.7100,74.8500,95919.31
1783968300000,74.8600,75.0000,74.8000,74.8200,133013.27
1783969200000,74.8300,74.8700,74.7500,74.8300,88456.33
1783970100000,74.8400,74.9100,74.7000,74.7300,143982.83
1783971000000,74.7200,75.0100,74.7200,75.0000,122750.29
1783971900000,75.0000,75.2100,74.8800,75.1500,197486.64
1783972800000,75.1500,75.3100,75.0200,75.0600,166970.11
1783973700000,75.0700,75.0700,74.7500,74.9200,187734.37
1783974600000,74.9200,74.9700,74.6700,74.7000,147933.84
1783975500000,74.7100,74.7600,74.5500,74.7500,97265.40
1783976400000,74.7600,74.7600,74.3800,74.5700,226110.39
1783977300000,74.5800,74.5800,74.4200,74.4600,117159.06
1783978200000,74.4700,74.5100,74.0600,74.2800,366166.68
1783979100000,74.2700,74.4400,74.2000,74.3600,112698.68
1783980000000,74.3600,74.6300,74.3400,74.5500,120659.01
1783980900000,74.5500,74.6900,74.5500,74.5900,50331.03
1783981800000,74.5900,74.6600,74.4500,74.5900,107496.85
1783982700000,74.5900,74.6300,74.4100,74.4800,98531.87
1783983600000,74.4800,74.5400,74.3700,74.5200,76458.40
1783984500000,74.5200,74.8400,74.5100,74.6900,98360.15
1783985400000,74.7000,74.8000,74.6100,74.6300,80420.47
1783986300000,74.6300,74.9700,74.6100,74.9600,153580.98
1783987200000,74.9600,75.1800,74.7800,75.1000,220895.09
1783988100000,75.1100,75.1800,74.9800,75.1300,130815.80
1783989000000,75.1200,75.2300,74.9700,75.0000,96523.41
1783989900000,75.0000,75.4600,74.9900,75.3900,192594.80
1783990800000,75.4000,75.4200,75.2700,75.3100,121760.58
1783991700000,75.3000,75.5200,75.2400,75.2700,137703.65
1783992600000,75.2800,75.3100,75.1700,75.2100,84033.57
1783993500000,75.2100,75.3600,75.2000,75.2500,66929.89
1783994400000,75.2600,75.3000,75.1100,75.1100,93720.10
1783995300000,75.1100,75.1500,74.8200,74.8900,136467.59
1783996200000,74.8800,75.2100,74.8500,75.1700,87471.65
1783997100000,75.1600,75.2500,75.0100,75.0400,57699.99
1783998000000,75.0400,75.1000,74.6000,74.7000,154677.03
1783998900000,74.7000,74.7900,74.5100,74.7900,163308.68
1783999800000,74.7900,75.0200,74.7600,74.9200,103638.84
1784000700000,74.9300,75.1400,74.9200,75.1000,81403.39
1784001600000,75.1100,75.3200,75.0500,75.0800,115223.74
1784002500000,75.0800,75.2000,74.9900,75.1300,87044.69
1784003400000,75.1200,75.2800,75.0800,75.1300,101092.51
1784004300000,75.1200,75.2000,75.0400,75.1200,107219.63
1784005200000,75.1100,75.4000,75.0600,75.3500,149076.82
1784006100000,75.3500,75.4400,75.2200,75.3700,90379.71
1784007000000,75.3700,75.4500,75.2200,75.3500,77600.28
1784007900000,75.3400,75.3800,75.2900,75.3700,40380.64
1784008800000,75.3700,75.4000,75.1500,75.2200,120795.32
1784009700000,75.2200,75.2900,75.1600,75.1700,50759.39
1784010600000,75.1800,75.2900,75.1100,75.2400,61240.72
1784011500000,75.2400,75.2400,75.0600,75.1100,50486.90
1784012400000,75.1000,75.1400,74.9400,75.0100,106196.85
1784013300000,75.0200,75.2200,74.9600,75.1800,74816.86
1784014200000,75.1700,75.1900,74.9700,75.0000,71670.96
1784015100000,75.0100,75.0100,74.8600,74.9200,90127.29
1784016000000,74.9100,75.0200,74.8000,75.0200,107828.29
1784016900000,75.0100,75.3400,75.0100,75.2700,107597.69
1784017800000,75.2700,75.3500,75.2000,75.2800,84607.69
1784018700000,75.2700,75.3000,75.0900,75.1200,63294.23
1784019600000,75.1200,75.2400,75.1100,75.1900,55701.66
1784020500000,75.1900,75.2700,75.0500,75.0600,52549.15
1784021400000,75.0600,75.1100,74.8200,74.9500,132854.66
1784022300000,74.9600,75.1100,74.9100,75.0300,68277.94
1784023200000,75.0400,75.2500,75.0300,75.1900,77685.29
1784024100000,75.2000,75.2400,75.0000,75.0500,62638.34
1784025000000,75.0500,75.2800,74.9200,75.2300,108344.31
1784025900000,75.2300,75.5700,75.2000,75.4200,282732.39
1784026800000,75.4200,75.4400,75.2900,75.4300,110415.36
1784027700000,75.4400,75.5600,75.3500,75.5100,138181.70
1784028600000,75.5200,75.5700,75.3700,75.3800,116695.65
1784029500000,75.3800,75.4500,75.3100,75.3500,75665.32
1784030400000,75.3600,75.4000,75.1500,75.2000,100617.17
1784031300000,75.2000,75.6100,75.1700,75.3900,281391.02
1784032200000,75.3800,76.3400,75.3400,76.0400,1594747.29
1784033100000,76.0400,76.9600,76.0400,76.8200,1024194.19
1784034000000,76.8300,76.8900,76.4600,76.5400,406328.94
1784034900000,76.5500,77.7100,76.5500,77.4100,1005219.87
1784035800000,77.4100,77.4600,77.0100,77.0600,586574.26
1784036700000,77.0600,77.2300,76.7700,76.9100,394738.24
1784037600000,76.9200,77.0800,76.6300,76.9800,418085.33
1784038500000,76.9800,77.0700,76.6700,76.8500,206174.57
1784039400000,76.8500,77.2300,76.7600,77.0300,298525.42
1784040300000,77.0200,77.4700,76.9000,77.3200,320498.71
1784041200000,77.3300,77.4500,77.1400,77.2700,342981.40
1784042100000,77.2700,77.5000,77.1500,77.4400,207775.34
1784043000000,77.4400,77.6900,77.2800,77.4600,423126.03
1784043900000,77.4500,78.0000,77.2600,77.3500,511534.41
1784044800000,77.3500,77.4700,77.0700,77.2900,284914.81
1784045700000,77.2800,77.5600,77.1900,77.4900,203390.83
1784046600000,77.4800,77.6300,77.4000,77.4400,147888.01
1784047500000,77.4300,77.4800,77.2100,77.2500,147761.37
1784048400000,77.2500,77.2700,76.7600,77.0200,302480.24
1784049300000,77.0200,77.1000,76.8300,77.0600,143792.36
1784050200000,77.0500,77.0900,76.9200,77.0700,78440.80
1784051100000,77.0600,77.2600,76.9500,77.1500,78399.07
1784052000000,77.1400,77.3200,76.9600,76.9700,118473.16
1784052900000,76.9600,77.1200,76.9500,77.0300,49499.44
1784053800000,77.0200,77.3000,76.9600,77.1700,138399.61
1784054700000,77.1600,77.3000,77.1400,77.2600,54183.77
1784055600000,77.2500,77.4000,77.2200,77.3800,85424.84
1784056500000,77.3800,77.5000,77.2500,77.2600,94925.02
1784057400000,77.2500,77.2500,77.0700,77.1800,115689.42
1784058300000,77.1800,77.2400,77.0900,77.1300,77593.94
1784059200000,77.1300,77.1800,76.9000,76.9000,88732.51
1784060100000,76.9000,77.0000,76.8900,76.9200,54946.02
1784061000000,76.9200,76.9800,76.9000,76.9800,37882.53
1784061900000,76.9700,77.1600,76.9600,77.1400,53399.05
1784062800000,77.1300,77.3000,77.0800,77.2900,138152.75
1784063700000,77.2900,77.3100,77.1700,77.2500,45639.22
1784064600000,77.2400,77.3700,77.1800,77.2700,107883.86
1784065500000,77.2600,77.2700,77.1200,77.1700,43948.96
1784066400000,77.1700,77.2800,77.0800,77.1300,84554.22
1784067300000,77.1300,77.6200,77.0900,77.5400,286782.05
1784068200000,77.5400,77.9500,77.5300,77.7500,336913.52
1784069100000,77.7400,77.8900,77.5700,77.5900,132335.87
1784070000000,77.5800,77.9000,77.5000,77.8700,185263.14
1784070900000,77.8600,77.8600,77.5600,77.6500,110552.00
1784071800000,77.6500,77.7300,77.5700,77.6700,66649.89
1784072700000,77.6800,77.8200,77.6800,77.8200,119452.41
1784073600000,77.8300,77.8800,77.6300,77.6500,156581.94
1784074500000,77.6400,77.7100,77.5500,77.5600,92517.27
1784075400000,77.5700,77.5700,77.4300,77.4700,88184.40
1784076300000,77.4800,77.6700,77.4800,77.6400,79257.47
1784077200000,77.6300,77.6900,77.4300,77.5400,170058.81
1784078100000,77.5500,77.7900,77.5200,77.7600,64612.47
1784079000000,77.7600,77.7800,77.4400,77.5100,102701.61
1784079900000,77.5000,77.5300,77.2200,77.4000,330969.78
1784080800000,77.4000,77.5500,77.2800,77.3600,130930.73
1784081700000,77.3600,77.4000,77.0800,77.1100,252278.71
1784082600000,77.1100,77.1800,76.9800,77.1700,300666.94
1784083500000,77.1700,77.2700,77.1000,77.2600,266493.19
1784084400000,77.2700,77.4900,77.1700,77.4300,152042.40
1784085300000,77.4300,77.5000,77.4000,77.4800,45071.63
1784086200000,77.4800,77.7600,77.4700,77.6500,152659.96
1784087100000,77.6500,77.8600,77.6000,77.7300,108955.68
1784088000000,77.7300,77.8400,77.6600,77.6800,124234.67
1784088900000,77.6700,77.7800,77.5700,77.5700,93879.73
1784089800000,77.5800,77.9100,77.4900,77.8800,119090.71
1784090700000,77.8700,78.1500,77.8700,77.9700,303431.91
1784091600000,77.9700,78.0800,77.7200,77.7400,229401.42
1784092500000,77.7300,77.8500,77.6200,77.6200,95495.51
1784093400000,77.6200,77.9900,77.6100,77.8500,158339.88
1784094300000,77.8400,78.3300,77.7900,78.2300,263903.44
1784095200000,78.2200,78.4400,78.0600,78.3900,481971.00
1784096100000,78.4000,78.4700,78.2100,78.2800,324253.49
1784097000000,78.2800,78.6800,78.2300,78.2800,439018.15
1784097900000,78.2800,78.3400,77.9000,77.9000,265788.59
1784098800000,77.9000,77.9700,77.7700,77.9100,181789.29
1784099700000,77.9200,77.9600,77.4400,77.4900,310860.86
1784100600000,77.4800,77.6100,77.4500,77.5300,122973.91
1784101500000,77.5300,77.5500,77.3600,77.3600,76742.67
1784102400000,77.3700,77.4900,77.2900,77.4000,208328.87
1784103300000,77.4100,77.4900,77.2000,77.3600,134250.34
1784104200000,77.3700,77.4900,77.3100,77.4800,119120.96
1784105100000,77.4800,77.5800,77.4300,77.5300,158133.80
1784106000000,77.5300,77.7800,77.5300,77.7100,111810.27
1784106900000,77.7200,77.8700,77.7000,77.7500,80490.33
1784107800000,77.7600,77.7800,77.5100,77.5300,101568.15
1784108700000,77.5400,77.5800,77.3900,77.4300,79335.94
1784109600000,77.4400,77.6800,77.4000,77.5800,92833.58
1784110500000,77.5800,77.6300,77.2800,77.2900,92085.91
1784111400000,77.2900,77.3400,77.1600,77.3000,257126.70
1784112300000,77.3000,77.3800,77.2800,77.3300,84417.47
1784113200000,77.3300,77.4400,77.2900,77.4200,67269.74
1784114100000,77.4200,77.4600,77.3000,77.3400,65884.94
1784115000000,77.3400,77.4400,77.3300,77.3900,40728.99
1784115900000,77.3900,77.4800,77.3600,77.4800,48308.74
1784116800000,77.4800,77.5000,77.2100,77.4000,147810.91
1784117700000,77.4100,77.4800,77.2200,77.3900,85440.75
1784118600000,77.4000,77.8300,77.3500,77.6000,385884.95
1784119500000,77.6000,78.2800,77.5800,78.2500,593925.91
1784120400000,78.2500,78.9800,78.1800,78.8000,925427.33
1784121300000,78.8000,79.0100,78.4500,78.6300,416794.60
1784122200000,78.6400,78.9600,78.3900,78.4300,465124.42
1784123100000,78.4400,78.4400,77.6400,78.0500,722550.07
1784124000000,78.0600,78.3400,78.0500,78.0600,249403.09
1784124900000,78.0600,78.3400,77.7300,78.0900,405630.85
1784125800000,78.0800,78.1900,77.8300,77.9000,328991.44
1784126700000,77.9000,78.1900,77.7700,78.1700,137950.99
1784127600000,78.1800,78.2200,77.8800,77.8900,153552.25
1784128500000,77.8900,78.1600,77.7000,78.0200,364137.47
1784129400000,78.0200,78.1900,77.8700,78.1000,159021.00
1784130300000,78.1000,78.1800,77.8900,78.0300,219461.40
1784131200000,78.0300,78.0900,77.4600,77.5000,246054.83
1784132100000,77.5100,77.7100,77.3200,77.6900,330074.64
1784133000000,77.6800,77.6900,77.0200,77.3500,414630.00
1784133900000,77.3600,77.6500,77.3000,77.5900,226608.38
1784134800000,77.5900,77.7500,77.5300,77.5500,143583.35
1784135700000,77.5500,77.7200,77.4500,77.6800,121740.57
1784136600000,77.6700,77.8100,77.5800,77.7500,111522.32
1784137500000,77.7500,78.0000,77.6100,77.7800,212099.20
1784138400000,77.7700,78.0400,77.6900,78.0300,163264.42
1784139300000,78.0300,78.0300,77.8400,77.9400,85215.56
1784140200000,77.9400,78.0300,77.7900,77.8100,66998.79
1784141100000,77.8100,77.8600,77.4600,77.5500,173650.48
1784142000000,77.5500,77.6600,77.4200,77.5200,105692.27
1784142900000,77.5100,77.5200,77.0900,77.1600,193656.83
1784143800000,77.1600,77.3200,77.1300,77.2700,137067.63
1784144700000,77.2600,77.2800,76.8600,77.1400,292982.06
1784145600000,77.1400,77.2900,77.0600,77.1700,127145.49
1784146500000,77.1600,77.4400,77.1600,77.3700,95103.56
1784147400000,77.3700,77.5000,77.3600,77.4200,67680.50
1784148300000,77.4100,77.4400,77.3300,77.3500,44573.36
1784149200000,77.3400,77.4900,77.2300,77.3900,69870.89
1784150100000,77.3900,77.4300,77.3000,77.3400,36466.58
1784151000000,77.3300,77.3500,77.1900,77.3000,62182.58
1784151900000,77.3000,77.3900,77.2700,77.3900,23943.69
1784152800000,77.3800,77.5400,77.2500,77.4500,89096.19
1784153700000,77.4500,77.6300,77.4100,77.6300,90372.25
1784154600000,77.6300,77.7000,77.4600,77.4700,74362.20
1784155500000,77.4600,77.6800,77.4100,77.4700,109452.89
1784156400000,77.4700,77.5800,77.4300,77.5100,37297.20
1784157300000,77.5100,77.5400,77.3600,77.4000,64430.33
1784158200000,77.3900,77.5000,77.2400,77.2600,61516.38
1784159100000,77.2600,77.3200,77.1600,77.2300,152529.93
1784160000000,77.2300,77.4400,77.2000,77.4000,103973.32
1784160900000,77.4000,77.4200,76.9500,77.0000,228720.15
1784161800000,77.0000,77.0800,76.6500,76.7000,415628.20
1784162700000,76.7000,76.9700,76.6400,76.9000,150557.23
1784163600000,76.8900,77.0600,76.8300,76.8800,170504.29
1784164500000,76.8800,76.9200,76.6600,76.7900,225347.24
1784165400000,76.7900,77.1100,76.7500,76.7700,170283.29
1784166300000,76.7700,77.1100,76.7500,77.0500,144488.66
1784167200000,77.0400,77.0600,76.9100,76.9300,60090.87
1784168100000,76.9400,77.0500,76.8100,77.0000,80871.43
1784169000000,76.9900,77.0500,76.8700,76.9900,81483.38
1784169900000,77.0000,77.1100,76.9900,77.0800,48155.92
1784170800000,77.0800,77.2300,77.0200,77.1400,82667.71
1784171700000,77.1400,77.1500,76.8800,76.9800,95902.71
1784172600000,76.9900,77.0500,76.9100,76.9200,59891.11
1784173500000,76.9200,76.9300,76.7500,76.9000,143778.73
1784174400000,76.8900,76.9700,76.7200,76.9300,99151.98
1784175300000,76.9300,76.9400,76.6800,76.8200,95638.80
1784176200000,76.8200,76.9200,76.7600,76.8700,60293.44
1784177100000,76.8700,76.8800,76.5100,76.7600,275879.32
1784178000000,76.7600,76.9000,76.6800,76.9000,96013.79
1784178900000,76.8900,77.3100,76.8900,77.2100,267840.75
1784179800000,77.2200,77.4700,77.1000,77.3100,264008.81
1784180700000,77.3100,77.4600,77.3000,77.4200,119672.54
1784181600000,77.4300,77.5900,77.3400,77.4000,240076.86
1784182500000,77.4000,77.4200,77.2700,77.3200,97806.21
1784183400000,77.3300,77.3600,77.0600,77.2200,119087.38
1784184300000,77.2100,77.3800,77.1800,77.3000,87170.53
1784185200000,77.3100,77.3100,77.1800,77.2000,67147.72
1784186100000,77.2100,77.2300,76.9400,76.9700,175811.02
1784187000000,76.9800,76.9900,76.1700,76.2700,789789.39
1784187900000,76.2800,76.4100,76.1500,76.3900,328237.26
1784188800000,76.3800,76.4500,75.7100,75.7400,748964.50
1784189700000,75.7400,76.2500,75.5700,76.2300,625594.71
1784190600000,76.2300,76.4200,76.1200,76.1500,249766.15
1784191500000,76.1500,76.2700,75.9700,76.1000,160371.93
1784192400000,76.1100,76.2100,76.0300,76.1000,103214.87
1784193300000,76.0900,76.1600,75.9800,76.0300,105031.29
1784194200000,76.0200,76.1500,75.9900,76.0900,66333.77
1784195100000,76.0900,76.1000,75.9400,75.9700,93922.14
1784196000000,75.9800,76.2000,75.9500,76.1200,91105.50
1784196900000,76.1200,76.2600,76.1000,76.2300,65671.24
1784197800000,76.2300,76.3000,76.1400,76.1500,81984.55
1784198700000,76.1500,76.1800,76.0700,76.1600,51603.41
1784199600000,76.1500,76.1800,75.9900,76.1400,88173.94
1784200500000,76.1400,76.1900,75.9900,76.0200,65341.70
1784201400000,76.0300,76.2100,75.9800,76.2000,84740.99
1784202300000,76.1900,76.2400,75.9700,76.2300,170199.34
1784203200000,76.2200,76.2300,76.0600,76.0900,114842.87
1784204100000,76.0900,76.2100,75.9000,76.1900,141489.28
1784205000000,76.2000,76.2500,75.6300,75.7400,325505.27
1784205900000,75.7400,75.9800,75.6900,75.8700,140232.03
1784206800000,75.8700,76.1100,75.8600,76.0800,122444.12
1784207700000,76.0800,76.3800,76.0600,76.3700,188679.31
1784208600000,76.3700,76.5900,76.2200,76.2300,508198.20
1784209500000,76.2200,76.4000,76.0900,76.3200,173236.86
1784210400000,76.3200,76.7500,76.2800,76.6200,282344.72
1784211300000,76.6200,76.7500,76.4000,76.5900,225554.29
1784212200000,76.5800,76.7100,76.4900,76.6200,132245.66
1784213100000,76.6200,76.6500,76.1300,76.4700,187950.47
1784214000000,76.4700,76.4900,75.9500,76.0300,246578.72
1784214900000,76.0300,76.8500,75.9800,76.6900,277606.87
1784215800000,76.6900,76.7900,76.4700,76.5500,229316.88
1784216700000,76.5400,76.8300,76.4800,76.6000,151069.48
1784217600000,76.5900,76.6000,76.1800,76.2700,168739.34
1784218500000,76.2700,76.3900,76.1600,76.3400,121869.08
1784219400000,76.3400,76.5000,76.0800,76.1100,115085.56
1784220300000,76.1200,76.3000,76.0500,76.2400,114683.77
1784221200000,76.2400,76.2400,75.7700,75.7700,188550.37
1784222100000,75.7800,75.9600,75.6600,75.8300,204285.40
1784223000000,75.8300,76.0200,75.7700,75.8100,130500.74
1784223900000,75.8100,75.8900,75.3400,75.5600,413706.78
1784224800000,75.5600,75.8900,75.4800,75.7000,486784.60
1784225700000,75.7000,75.9000,75.6400,75.7800,144782.65
1784226600000,75.7900,75.7900,75.3700,75.4900,188080.73
1784227500000,75.4900,75.7400,75.4700,75.6900,79202.61
1784228400000,75.6800,75.8100,75.6000,75.6400,87086.80
1784229300000,75.6300,75.7800,75.5700,75.7500,43301.17
1784230200000,75.7600,75.9000,75.7300,75.7700,71042.20
1784231100000,75.7600,75.9000,75.7000,75.7700,143053.39
1784232000000,75.7700,75.8200,75.7000,75.7200,46642.99
1784232900000,75.7200,75.8600,75.6700,75.8000,56045.51
1784233800000,75.8000,75.8600,75.6800,75.7500,71805.47
1784234700000,75.7600,75.8300,75.6900,75.7600,37012.51
1784235600000,75.7500,75.9700,75.7300,75.9500,82600.48
1784236500000,75.9500,75.9800,75.8400,75.8500,48836.38
1784237400000,75.8500,76.0400,75.8100,75.9400,50753.61
1784238300000,75.9400,75.9800,75.8300,75.9100,34044.14
1784239200000,75.9100,76.0000,75.8800,75.9300,77422.20
1784240100000,75.9300,75.9300,75.5100,75.5600,95040.75
1784241000000,75.5500,75.7500,75.4800,75.6000,124503.75
1784241900000,75.6000,75.6300,75.1300,75.2900,284137.65
1784242800000,75.2900,75.3700,75.1800,75.3200,118001.06
1784243700000,75.3100,75.3500,74.9500,75.1200,336682.36
1784244600000,75.1200,75.2600,75.0500,75.2500,172344.87
1784245500000,75.2400,75.3600,75.1600,75.2700,56641.58
1784246400000,75.2700,75.3400,75.1700,75.2100,172558.88
1784247300000,75.2000,75.4100,75.1900,75.2800,62093.49
1784248200000,75.2800,75.3000,74.8700,75.2900,199028.40
1784249100000,75.2900,75.5200,75.2800,75.5100,95253.98
1784250000000,75.5100,75.7100,75.4700,75.6500,149552.57
1784250900000,75.6400,75.7000,75.4000,75.6400,96212.40
1784251800000,75.6500,75.6600,75.2100,75.2300,103640.57
1784252700000,75.2300,75.2300,74.9200,75.0600,225054.69
1784253600000,75.0600,75.2100,74.8800,75.1700,197753.38
1784254500000,75.1600,75.2400,75.0200,75.0800,93458.07
1784255400000,75.0700,75.1200,74.6800,74.8400,330052.00
1784256300000,74.8400,74.9800,74.7900,74.9400,93956.89
1784257200000,74.9500,75.2600,74.9400,75.2000,116496.51
1784258100000,75.2000,75.4300,75.1700,75.3500,179368.52
1784259000000,75.3500,75.3800,75.2000,75.2600,84192.67
1784259900000,75.2600,75.2700,75.1200,75.1900,56464.78
1784260800000,75.1800,75.1900,75.0200,75.0600,108141.00
1784261700000,75.0600,75.1000,74.7000,74.8900,230921.02
1784262600000,74.8800,75.1300,74.8300,75.0800,160017.45
1784263500000,75.0800,75.3000,75.0800,75.1900,100259.93
1784264400000,75.1800,75.1800,75.0000,75.1400,54172.75
1784265300000,75.1300,75.1500,74.7700,74.7900,118184.06
1784266200000,74.7800,74.8700,74.5600,74.6800,369111.07
1784267100000,74.6800,74.6800,74.2200,74.3500,674375.68
1784268000000,74.3400,74.5900,74.2500,74.5100,211374.22
1784268900000,74.5100,74.7300,74.4100,74.6700,165319.50
1784269800000,74.6700,74.6900,74.5400,74.5900,91671.53
1784270700000,74.5800,74.5900,74.4400,74.5500,87266.61
1784271600000,74.5500,74.5900,74.4600,74.5000,68652.77
1784272500000,74.5100,74.5300,74.3600,74.5100,96161.62
1784273400000,74.5200,74.6700,74.4100,74.6300,105392.28
1784274300000,74.6300,74.7200,74.5500,74.5700,115633.44
1784275200000,74.5700,74.6500,74.4700,74.6000,96274.43
1784276100000,74.6000,74.6000,74.3000,74.4600,121619.77
1784277000000,74.4700,74.4700,74.1400,74.4300,175891.27
1784277900000,74.4300,74.6000,74.4200,74.4700,85846.37
1784278800000,74.4800,74.6000,74.4200,74.5900,70419.43
1784279700000,74.6000,74.6600,74.4500,74.6200,72956.60
1784280600000,74.6200,74.7600,74.5800,74.7300,105807.77
1784281500000,74.7400,74.7400,74.5700,74.6000,61694.98
1784282400000,74.6100,74.7900,74.5700,74.7700,144219.78
1784283300000,74.7700,74.8000,74.6500,74.6900,87670.72
1784284200000,74.6900,74.7900,74.6600,74.7700,74074.61
1784285100000,74.7700,74.8300,74.7300,74.7300,104413.41
1784286000000,74.7400,74.7900,74.6300,74.6500,75246.89
1784286900000,74.6500,74.7900,74.5800,74.7600,74376.22
1784287800000,74.7600,74.9700,74.7000,74.8700,179906.80
1784288700000,74.8800,74.9100,74.7800,74.8000,69461.09
1784289600000,74.8100,74.8300,74.6300,74.6500,100865.46
1784290500000,74.6600,74.7600,74.5700,74.6300,79684.64
1784291400000,74.6300,74.6400,74.3200,74.4000,151618.97
1784292300000,74.4100,74.4600,74.3200,74.3400,97236.68
1784293200000,74.3500,74.3500,73.5100,73.6900,974382.70
1784294100000,73.6900,73.8500,73.5800,73.7900,311291.45
1784295000000,73.8000,73.9400,73.3200,73.4600,569702.25
1784295900000,73.4700,74.3100,73.3300,74.2900,434481.98
1784296800000,74.2800,74.7900,74.2600,74.5700,499382.26
1784297700000,74.5800,74.6800,74.3600,74.4200,260822.70
1784298600000,74.4300,74.5600,74.0400,74.3800,366305.40
1784299500000,74.3800,74.3900,74.1600,74.2800,193418.76
1784300400000,74.2800,74.3000,73.8600,73.9300,229838.05
1784301300000,73.9400,74.2400,73.7600,74.2200,217222.15
1784302200000,74.2200,74.4900,74.0400,74.3900,277776.96
1784303100000,74.3900,74.7500,74.3000,74.7400,202899.52
1784304000000,74.7400,74.9200,74.6000,74.7600,268156.98
1784304900000,74.7600,74.9000,74.5500,74.7900,166467.32
1784305800000,74.7800,75.0600,74.7200,75.0200,194811.72
1784306700000,75.0100,75.0900,74.8600,74.9100,170981.16
1784307600000,74.9000,75.5800,74.9000,75.2700,456784.86
1784308500000,75.2700,75.3800,75.1400,75.2500,161404.72
1784309400000,75.2400,75.3000,75.1100,75.1700,104686.46
1784310300000,75.1600,75.3300,75.1200,75.2000,77667.44
1784311200000,75.2000,75.2700,75.1100,75.2200,86835.24
1784312100000,75.2200,75.2200,74.9700,75.0800,104909.99
1784313000000,75.0800,75.1500,74.9300,75.0600,96149.81
1784313900000,75.0600,75.3800,75.0400,75.3000,204808.55
1784314800000,75.2900,75.3400,74.9900,75.0000,118379.13
1784315700000,75.0000,75.0400,74.8200,75.0200,113729.04
1784316600000,75.0100,75.1500,74.9700,75.1500,70701.44
1784317500000,75.1400,75.2200,75.0600,75.1600,105020.10
1784318400000,75.1600,75.1700,74.9000,74.9900,77273.40
1784319300000,74.9900,75.0600,74.9400,75.0200,47247.00
1784320200000,75.0300,75.0600,74.8400,75.0200,59048.87
1784321100000,75.0200,75.1200,74.9100,75.0600,69470.54
1784322000000,75.0500,75.2000,75.0500,75.1100,62421.38
1784322900000,75.1000,75.1700,75.0600,75.1000,54583.67
1784323800000,75.1000,75.1000,74.9300,74.9400,48112.92
1784324700000,74.9300,75.0300,74.9100,74.9800,29661.96
1784325600000,74.9900,75.0900,74.9000,74.9100,68448.50
1784326500000,74.9100,74.9400,74.8000,74.8600,45987.88
1784327400000,74.8700,74.9200,74.8300,74.9000,29814.37
1784328300000,74.9000,74.9900,74.9000,74.9900,36209.76
1784329200000,74.9800,74.9900,74.8100,74.8700,50109.22
1784330100000,74.8800,75.0100,74.8600,75.0100,25758.38
1784331000000,75.0100,75.1000,74.9800,75.0000,55917.55
1784331900000,74.9900,75.0600,74.9600,75.0000,37835.38
1784332800000,74.9900,75.1900,74.9400,75.1500,72192.22
1784333700000,75.1500,75.2300,75.1100,75.1700,48386.82
1784334600000,75.1700,75.1700,75.0400,75.0700,37575.36
1784335500000,75.0600,75.1100,75.0100,75.0600,33992.46
1784336400000,75.0600,75.1100,75.0100,75.0400,33279.84
1784337300000,75.0400,75.1700,75.0100,75.1600,49438.79
1784338200000,75.1600,75.1600,75.0400,75.1200,33292.60
1784339100000,75.1200,75.2000,75.1100,75.1800,41937.28
1784340000000,75.1800,75.2400,75.1000,75.2300,56270.02
1784340900000,75.2300,75.3300,75.2200,75.2800,42640.11
1784341800000,75.2800,75.4200,75.2600,75.2700,80922.51
1784342700000,75.2700,75.2800,75.1600,75.1700,62353.22
1784343600000,75.1700,75.2800,75.1700,75.2200,42044.60
1784344500000,75.2200,75.2400,75.1100,75.1300,25905.78
1784345400000,75.1200,75.2500,75.1100,75.2000,29714.95
1784346300000,75.1900,75.3500,75.1800,75.3400,35850.79
1784347200000,75.3300,75.3500,75.2000,75.2200,29015.01
1784348100000,75.2100,75.2200,75.1200,75.2000,22256.44
1784349000000,75.2000,75.2000,75.0100,75.0500,64201.81
1784349900000,75.0500,75.1300,75.0400,75.0700,24197.22
1784350800000,75.0600,75.0800,74.9300,74.9400,47772.36
1784351700000,74.9400,75.0600,74.9300,75.0000,62144.28
1784352600000,75.0000,75.0100,74.8800,74.9100,48902.27
1784353500000,74.9100,74.9800,74.8300,74.9000,73322.55
1784354400000,74.9000,74.9500,74.8800,74.9400,37112.79
1784355300000,74.9400,75.0600,74.9300,75.0100,52723.52
1784356200000,75.0000,75.0300,74.9100,75.0000,29298.51
1784357100000,74.9900,75.0400,74.9300,74.9400,30134.51
1784358000000,74.9300,75.0200,74.8600,74.8800,62692.72
1784358900000,74.8800,74.9400,74.8600,74.9200,37770.34
1784359800000,74.9200,75.0000,74.8600,74.9900,28720.50
1784360700000,74.9900,75.0100,74.8700,74.9300,29826.93
1784361600000,74.9300,74.9300,74.7400,74.8700,101889.57
1784362500000,74.8700,74.9600,74.8600,74.9600,39653.15
1784363400000,74.9500,74.9900,74.8700,74.8900,38514.12
1784364300000,74.8800,74.9600,74.8800,74.9300,44738.67
1784365200000,74.9300,74.9700,74.8000,74.8500,57043.50
1784366100000,74.8400,74.8500,74.6200,74.6500,109277.78
1784367000000,74.6400,74.7300,74.6100,74.7000,96639.61
1784367900000,74.7000,74.8100,74.7000,74.8100,53331.47
1784368800000,74.8000,74.8600,74.7900,74.7900,42707.42
1784369700000,74.8000,74.8800,74.7500,74.8800,35704.26
1784370600000,74.8700,74.9100,74.8000,74.8200,52192.50
1784371500000,74.8200,74.8600,74.8200,74.8600,26434.46
1784372400000,74.8500,74.9200,74.8500,74.9100,31288.98
1784373300000,74.9100,74.9800,74.8900,74.9700,37384.17
1784374200000,74.9700,74.9800,74.8400,74.9000,69075.69
1784375100000,74.9000,74.9800,74.8700,74.9100,34968.83
1784376000000,74.9100,75.1500,74.9100,74.9600,114139.18
1784376900000,74.9600,74.9700,74.6800,74.7000,112033.20
1784377800000,74.6900,74.9300,74.6800,74.9200,90968.82
1784378700000,74.9300,75.0600,74.9200,74.9500,69093.95
1784379600000,74.9500,74.9600,74.6300,74.6400,80195.21
1784380500000,74.6400,74.7100,74.4600,74.6500,194108.32
1784381400000,74.6500,74.7400,74.6200,74.6800,67897.26
1784382300000,74.6800,74.7000,74.6200,74.6900,41798.68
1784383200000,74.7000,74.7900,74.6100,74.7600,84457.34
1784384100000,74.7700,74.8700,74.6800,74.8600,44336.30
1784385000000,74.8600,74.9200,74.7700,74.9100,133892.51
1784385900000,74.9100,74.9700,74.8600,74.9500,62118.65
1784386800000,74.9600,74.9600,74.8200,74.8700,50103.37
1784387700000,74.8700,74.9700,74.8100,74.8300,48376.99
1784388600000,74.8400,74.9400,74.8100,74.8100,42057.31
1784389500000,74.8100,75.0100,74.7600,74.9200,64381.09
1784390400000,74.9300,75.0100,74.8000,75.0100,67735.59
1784391300000,75.0100,75.0500,74.9000,74.9600,52813.35
1784392200000,74.9600,75.1000,74.9600,75.0100,56504.07
1784393100000,75.0200,75.2500,75.0000,75.1200,172709.67
1784394000000,75.1200,75.1600,75.0200,75.1100,53945.90
1784394900000,75.1200,75.3400,75.0300,75.0700,106980.09
1784395800000,75.0800,75.3400,75.0800,75.2700,81440.01
1784396700000,75.2800,75.3700,75.2200,75.3100,86907.82
1784397600000,75.3100,75.5400,75.2200,75.2500,217715.08
1784398500000,75.2500,75.6000,75.2200,75.4100,165087.29
1784399400000,75.4200,75.4300,75.1500,75.1500,93895.43
1784400300000,75.1600,75.2700,75.1500,75.2400,69984.46
1784401200000,75.2400,75.2900,75.1800,75.2400,41907.85
1784402100000,75.2300,75.4100,75.1900,75.2300,109778.54
1784403000000,75.2300,75.3300,75.2000,75.3300,41530.47
1784403900000,75.3300,75.4100,75.3000,75.4000,41085.76
1784404800000,75.4100,75.4600,75.3300,75.4500,60493.39
1784405700000,75.4500,75.5500,75.3700,75.3800,74140.15
1784406600000,75.3800,75.3800,75.2900,75.3400,29115.38
1784407500000,75.3400,75.4400,75.2900,75.4300,30967.08
1784408400000,75.4200,75.5400,75.3900,75.5400,53445.24
1784409300000,75.5400,75.6000,75.4100,75.4700,81420.81
1784410200000,75.4700,75.4700,75.3300,75.3400,34068.20
1784411100000,75.3400,75.5000,75.3000,75.4400,31487.84
1784412000000,75.4400,75.5800,75.4000,75.4800,45483.36
1784412900000,75.4900,75.5400,75.4100,75.4300,24306.37
1784413800000,75.4200,75.4600,75.3400,75.4500,66907.75
1784414700000,75.4500,75.5400,75.4100,75.5200,52199.40
1784415600000,75.5200,75.5300,75.3600,75.3900,59959.79
1784416500000,75.4000,75.5400,75.3800,75.5200,35026.19
1784417400000,75.5300,75.5400,75.4400,75.4400,38513.32
1784418300000,75.4400,75.4900,75.4000,75.4600,25284.26
1784419200000,75.4700,75.5100,75.4300,75.4600,49951.16
1784420100000,75.4500,75.5400,75.4000,75.4400,55319.39
1784421000000,75.4500,75.5000,75.4300,75.4900,31646.14
1784421900000,75.4800,75.6400,75.4700,75.5900,96553.70
1784422800000,75.5900,75.6100,75.5300,75.5700,64208.76
1784423700000,75.5700,75.6200,75.5300,75.5400,60828.03
1784424600000,75.5400,75.5600,75.4800,75.5500,51257.20
1784425500000,75.5500,75.7000,75.5400,75.6400,88336.73
1784426400000,75.6400,76.2500,75.6300,76.0600,449564.57
1784427300000,76.0600,76.2000,75.9000,76.0000,138154.43
1784428200000,76.0000,76.5600,76.0000,76.2400,433881.13
1784429100000,76.2400,76.3200,76.1600,76.1600,85915.01
1784430000000,76.1600,76.4200,75.9800,76.0000,158430.90
1784430900000,75.9900,76.0000,75.7600,75.8500,153438.95
1784431800000,75.8500,75.9500,75.8300,75.8700,65324.46
1784432700000,75.8700,75.9300,75.8200,75.9200,52366.18
1784433600000,75.9200,75.9200,75.6800,75.7600,113740.24
1784434500000,75.7500,75.8700,75.7500,75.8700,45835.99
1784435400000,75.8700,76.0500,75.8300,75.9600,64626.73
1784436300000,75.9600,76.0200,75.8900,75.9500,40936.14
1784437200000,75.9600,76.0700,75.9600,76.0700,48492.83
1784438100000,76.0700,76.0700,75.9300,75.9600,52821.67
1784439000000,75.9500,75.9600,75.8500,75.9200,26742.38
1784439900000,75.9200,76.0200,75.9100,75.9400,26532.55
1784440800000,75.9400,76.0200,75.9000,75.9900,34075.98
1784441700000,75.9800,76.0700,75.9400,75.9900,39340.17
1784442600000,75.9900,76.0700,75.9400,76.0300,44915.46
1784443500000,76.0400,76.1100,75.9700,76.0800,61709.65
1784444400000,76.0700,76.0900,75.9600,76.0100,44494.59
1784445300000,76.0100,76.1900,76.0000,76.1500,60793.91
1784446200000,76.1500,76.3000,76.1200,76.2200,71119.81
1784447100000,76.2200,76.2300,76.0300,76.1100,63456.87
1784448000000,76.1100,76.2700,76.0300,76.2200,60086.19
1784448900000,76.2200,76.2200,76.1000,76.1600,42507.45
1784449800000,76.1600,76.2700,76.1000,76.2200,42590.38
1784450700000,76.2200,76.3400,76.1800,76.2300,54919.19
1784451600000,76.2300,76.2700,76.1000,76.1100,33635.90
1784452500000,76.1100,76.1100,75.8800,76.0100,108250.40
1784453400000,76.0000,76.0900,75.8900,75.9400,72766.81
1784454300000,75.9400,76.0100,75.9100,75.9600,50217.45
1784455200000,75.9500,76.0300,75.8600,75.9800,47973.74
1784456100000,75.9800,76.0400,75.9400,76.0400,34471.18
1784457000000,76.0400,76.1900,76.0100,76.1700,45442.50
1784457900000,76.1600,76.4900,76.1600,76.2300,147191.12
1784458800000,76.2300,76.3600,76.1200,76.2500,82103.75
1784459700000,76.2500,76.3800,76.1900,76.2400,51786.97
1784460600000,76.2400,76.2600,76.1100,76.1800,35688.77
1784461500000,76.1800,76.1800,76.0100,76.0400,52525.76
1784462400000,76.0300,76.0400,75.7300,75.7300,187343.26
1784463300000,75.7300,76.1500,75.7000,75.9500,204018.72
1784464200000,75.9500,76.1400,75.9400,76.0300,59997.78
1784465100000,76.0200,76.0300,75.8700,75.9900,54713.81
1784466000000,75.9900,76.0100,75.8700,75.8800,64423.60
1784466900000,75.8800,76.0000,75.8400,75.9900,57764.22
1784467800000,75.9900,76.0800,75.9400,75.9600,48528.73
1784468700000,75.9600,76.1200,75.9500,76.0700,69369.64
1784469600000,76.0600,76.2600,76.0600,76.2300,86765.94
1784470500000,76.2300,76.2600,76.0100,76.2200,81489.50
1784471400000,76.2200,76.4800,76.2000,76.3500,133345.08
1784472300000,76.3400,76.6700,76.3300,76.3800,310978.52
1784473200000,76.3700,76.4500,76.1800,76.2900,101396.62
1784474100000,76.2800,76.3200,76.0700,76.0700,74914.04
1784475000000,76.0700,76.2500,76.0600,76.1600,81822.64
1784475900000,76.1700,76.2700,76.1200,76.1800,54871.17
1784476800000,76.1700,76.2600,75.9800,76.0900,109253.21
1784477700000,76.0800,76.1700,76.0300,76.0600,42475.70
1784478600000,76.0600,76.0600,75.9000,75.9400,87908.10
1784479500000,75.9400,75.9700,75.8300,75.8700,86056.20
1784480400000,75.8800,76.1600,75.5000,76.1200,318231.57
1784481300000,76.1100,76.1900,75.9800,76.0700,67586.51
1784482200000,76.0700,76.1900,75.9500,75.9600,50627.10
1784483100000,75.9600,76.0200,75.9100,75.9200,45280.88
1784484000000,75.9200,75.9400,75.3100,75.6300,307672.35
1784484900000,75.6400,75.6600,75.5000,75.5400,111796.21
1784485800000,75.5500,75.7100,75.4700,75.6500,84402.09
1784486700000,75.6500,75.7300,75.5600,75.7200,51858.58
1784487600000,75.7300,75.8200,75.5900,75.7900,62948.40
1784488500000,75.8000,75.8200,75.7400,75.7900,38471.58
1784489400000,75.8000,75.8600,75.7300,75.7400,41956.01
1784490300000,75.7400,75.8500,75.7000,75.8400,30828.85
1784491200000,75.8500,75.9900,75.8500,75.9100,87460.37
1784492100000,75.9100,75.9500,75.8300,75.9200,22916.69
1784493000000,75.9200,76.0600,75.9000,76.0000,65392.32
1784493900000,76.0100,76.1100,75.9600,76.1100,49625.79
1784494800000,76.1100,76.2100,76.0600,76.1400,73115.86
1784495700000,76.1500,76.1700,75.9300,76.0000,52213.53
1784496600000,76.0000,76.0100,75.7100,75.7700,126898.23
1784497500000,75.7600,75.8600,75.6700,75.7400,57105.36
1784498400000,75.7400,76.1600,75.5800,76.0900,242987.29
1784499300000,76.0900,76.3800,76.0600,76.1000,223783.80
1784500200000,76.1000,76.2400,75.9900,76.2200,97240.48
1784501100000,76.2100,76.2200,76.0400,76.0500,61734.51
1784502000000,76.0600,76.1400,75.8400,76.1200,124650.00
1784502900000,76.1200,76.3200,76.0100,76.2300,103044.21
1784503800000,76.2300,76.5600,76.2200,76.5200,217870.99
1784504700000,76.5200,76.5400,76.2700,76.3400,90892.83
1784505600000,76.3400,76.8900,76.0800,76.8200,491614.84
1784506500000,76.8200,77.1000,76.5400,76.7000,411467.44
1784507400000,76.7000,77.0400,76.5700,76.9100,166430.81
1784508300000,76.9000,76.9900,76.2500,76.5200,273141.86
1784509200000,76.5300,77.3900,76.5200,76.9700,389880.80
1784510100000,76.9800,77.2000,76.6900,76.8900,243944.20
1784511000000,76.8900,76.9500,76.4900,76.6500,173494.26
1784511900000,76.6400,76.7000,76.2300,76.3500,245615.05
1784512800000,76.3400,76.9400,76.3100,76.7600,269981.47
1784513700000,76.7700,76.8200,76.3900,76.4700,186631.41
1784514600000,76.4600,76.9300,76.4200,76.7900,102656.56
1784515500000,76.7900,77.1600,76.7700,76.9400,166439.33
1784516400000,76.9300,77.0600,76.8000,76.9200,68146.67
1784517300000,76.9200,77.0000,76.5000,76.5400,87696.05
1784518200000,76.5400,76.8200,76.4800,76.7900,122797.35
1784519100000,76.8000,76.8300,76.5900,76.7100,60576.84
1784520000000,76.7100,76.7400,76.3500,76.4000,107733.17
1784520900000,76.4000,76.5800,76.2400,76.5300,114833.64
1784521800000,76.5300,76.9100,76.5200,76.7500,189819.61
1784522700000,76.7500,76.8300,76.4100,76.4100,85498.65
1784523600000,76.4200,76.4600,75.7300,76.0400,395591.71
1784524500000,76.0400,76.2500,75.8900,76.0300,206829.90
1784525400000,76.0400,76.1300,75.9000,75.9400,182976.19
1784526300000,75.9300,75.9400,75.7500,75.8800,127866.82
1784527200000,75.8800,76.0000,75.8100,75.9500,163324.58
1784528100000,75.9500,76.0000,75.8000,75.9600,72491.55
1784529000000,75.9500,75.9800,75.4500,75.7500,369793.72
1784529900000,75.7500,75.7800,75.5500,75.6000,149686.97
1784530800000,75.6000,75.7400,75.5900,75.7000,65107.53
1784531700000,75.7000,75.9500,75.4800,75.9300,144568.55
1784532600000,75.9300,76.0500,75.8400,76.0400,105111.66
1784533500000,76.0500,76.2100,75.9700,76.1800,125420.46
1784534400000,76.1800,76.3000,76.0600,76.2500,163499.79
1784535300000,76.2400,76.4000,76.1800,76.2400,159879.93
1784536200000,76.2400,76.3100,75.8500,75.8500,285250.96
1784537100000,75.8500,76.2100,75.8500,76.1100,80513.10
1784538000000,76.1000,76.2000,76.0300,76.1800,53586.54
1784538900000,76.1800,76.5400,76.1700,76.5400,121997.80
1784539800000,76.5300,76.7000,76.4900,76.5700,177104.20
1784540700000,76.5600,76.6700,76.4200,76.4300,117837.40
1784541600000,76.4200,76.4600,76.3300,76.4500,86434.95
1784542500000,76.4400,76.6600,76.3800,76.5200,99073.15
1784543400000,76.5100,76.5300,76.3800,76.4800,70075.89
1784544300000,76.4800,76.4800,76.2900,76.3000,72811.16
1784545200000,76.3100,76.5800,76.2600,76.5100,145725.03
1784546100000,76.5200,76.5600,76.3200,76.3700,79991.33
1784547000000,76.3600,77.1600,76.3500,76.9600,642686.85
1784547900000,76.9600,77.2100,76.9300,77.1000,297305.94
1784548800000,77.0900,77.1200,76.6600,76.8500,388962.86
1784549700000,76.8400,76.9200,76.7200,76.8200,126286.44
1784550600000,76.8200,76.9000,76.6200,76.6300,140796.26
1784551500000,76.6300,76.8700,76.6200,76.7000,115393.76
1784552400000,76.7000,76.7800,76.6600,76.6700,107073.61
1784553300000,76.6600,76.7900,76.5400,76.7100,126616.31
1784554200000,76.7000,77.1000,76.6300,76.8700,240188.09
1784555100000,76.8800,76.9100,76.0800,76.2500,549980.40
1784556000000,76.2400,76.4200,75.9400,76.0700,387247.88
1784556900000,76.0800,76.3200,75.7300,76.3200,349537.20
1784557800000,76.3200,76.3500,76.1100,76.2000,137483.86
1784558700000,76.1900,76.4200,75.9700,76.1100,165330.72
1784559600000,76.1000,77.0500,76.0600,77.0200,517333.03
1784560500000,77.0100,77.1000,76.8700,77.0000,298526.17
1784561400000,77.0000,77.3600,76.8000,77.2600,329382.21
1784562300000,77.2600,77.9100,77.2500,77.7300,830022.39
1784563200000,77.7300,77.8200,77.5300,77.7600,390263.98
1784564100000,77.7600,77.8600,77.4600,77.5700,239987.12
1784565000000,77.5600,77.7200,77.4200,77.5500,223434.83
1784565900000,77.5500,77.7800,77.5400,77.6400,177944.77
1784566800000,77.6300,77.7100,77.5600,77.5800,107459.54
1784567700000,77.5700,77.6400,77.5000,77.5600,53841.06
1784568600000,77.5700,77.5800,77.3300,77.3700,141135.73
1784569500000,77.3800,77.8800,77.3700,77.7100,214213.64
1784570400000,77.7100,78.3700,77.7100,78.1800,660735.48
1784571300000,78.1800,78.3400,77.9300,78.0400,246128.15
1784572200000,78.0300,78.0400,77.7100,77.7100,136766.61
1784573100000,77.7200,77.7900,77.5600,77.6300,327115.29
1784574000000,77.6300,77.7000,77.3500,77.3600,301828.95
1784574900000,77.3500,77.6000,77.2600,77.5200,171076.04
1784575800000,77.5100,77.5600,77.3200,77.5100,151342.63
1784576700000,77.5200,77.6700,77.4400,77.6000,208605.63
1784577600000,77.6100,77.6900,77.5100,77.6800,78760.88
1784578500000,77.6800,77.8400,77.6200,77.7900,68873.13
1784579400000,77.7900,78.0200,77.7700,77.8500,134802.47
1784580300000,77.8500,77.9200,77.7900,77.8500,61460.31
1784581200000,77.8600,77.9800,77.8000,77.8800,60771.92
1784582100000,77.8800,78.0100,77.8600,77.9100,34944.30
1784583000000,77.9100,78.0000,77.8200,77.8900,72664.28
1784583900000,77.8900,77.9200,77.6800,77.7100,45804.02
1784584800000,77.7000,77.8100,77.5800,77.7100,94438.80
1784585700000,77.7100,77.7200,77.5600,77.6300,40077.56
1784586600000,77.6400,77.6800,77.4200,77.4500,112768.73
1784587500000,77.4600,77.5000,77.4000,77.4300,41653.00
1784588400000,77.4300,77.6100,77.4000,77.5000,63195.55
1784589300000,77.5000,77.7300,77.5000,77.6900,59827.12
1784590200000,77.6900,77.7900,77.6200,77.7100,46294.80
1784591100000,77.7200,77.8500,77.6500,77.8000,46560.49
1784592000000,77.8100,77.9200,77.7100,77.8100,95395.95
1784592900000,77.8000,78.0400,77.7300,77.9400,126538.52
1784593800000,77.9400,78.2100,77.9200,78.1700,171401.23
1784594700000,78.1700,78.2600,78.0700,78.0700,83524.52
1784595600000,78.0800,78.2000,77.9600,78.1100,101106.39
1784596500000,78.1000,78.1000,77.8900,77.9500,87972.16
1784597400000,77.9500,78.0700,77.8500,77.9200,95278.76
1784598300000,77.9200,78.0000,77.7900,77.8100,61264.98
1784599200000,77.8100,78.0200,77.7500,77.8100,94789.80
1784600100000,77.8100,77.8400,77.6300,77.7300,79425.60
1784601000000,77.7200,77.9800,77.7100,77.9700,63153.09
1784601900000,77.9600,78.2300,77.8800,77.9900,84046.63
1784602800000,77.9900,78.5300,77.9800,78.2600,340926.93
1784603700000,78.2700,78.3300,78.1300,78.2700,114057.52
1784604600000,78.2600,78.3400,78.1500,78.2100,64086.16
1784605500000,78.2200,78.2500,78.1100,78.1500,55226.67
1784606400000,78.1500,78.3700,78.0700,78.0900,137748.21
1784607300000,78.0800,78.2400,77.9800,78.0100,117234.11
1784608200000,78.0000,78.2300,77.9800,78.0900,147811.23
1784609100000,78.1000,78.1400,78.0200,78.0800,40586.67
1784610000000,78.0800,78.2500,78.0700,78.2100,73038.92
1784610900000,78.2100,78.3700,78.1000,78.3300,79064.10
1784611800000,78.3400,78.4200,78.2900,78.3900,92390.02
1784612700000,78.3900,78.6500,78.3400,78.4100,237290.86
1784613600000,78.4000,78.5800,78.2500,78.3600,136261.66
1784614500000,78.3700,78.4600,78.2700,78.4100,62424.97
1784615400000,78.4100,78.8700,78.3900,78.6600,371080.58
1784616300000,78.6600,78.6900,78.5100,78.6200,117116.36
1784617200000,78.6200,78.7300,78.5400,78.6300,81738.41
1784618100000,78.6400,78.6700,78.4300,78.5200,98781.90
1784619000000,78.5300,78.6500,78.4500,78.4700,117536.44
1784619900000,78.4800,78.6400,78.4500,78.5300,141106.90
1784620800000,78.5300,78.5800,78.3500,78.5600,133056.88
1784621700000,78.5700,78.7200,78.3400,78.3700,231416.40
1784622600000,78.3700,78.4600,78.3200,78.4000,110817.15
1784623500000,78.4000,78.4500,78.2900,78.3100,93328.22
1784624400000,78.3200,78.3200,78.1100,78.2200,188197.00
1784625300000,78.2200,78.2700,78.1600,78.2300,87747.48
1784626200000,78.2400,78.4100,78.2200,78.4000,59997.98
1784627100000,78.4000,78.4600,78.3300,78.3700,61284.19
1784628000000,78.3800,78.4500,78.3300,78.3500,105793.70
1784628900000,78.3600,78.4100,78.2700,78.3400,105920.18
1784629800000,78.3400,78.3900,78.2200,78.2300,104349.20
1784630700000,78.2300,78.3000,78.0200,78.1600,199647.86
1784631600000,78.1600,78.1900,78.0600,78.1100,98942.40
1784632500000,78.1100,78.2100,78.0800,78.2000,120641.05
1784633400000,78.2000,78.3400,78.1900,78.3100,73871.25
1784634300000,78.3100,78.3900,78.2900,78.3100,50006.52
1784635200000,78.3200,78.4800,78.2500,78.3400,118121.01
1784636100000,78.3500,78.5200,78.2400,78.2500,265954.64
1784637000000,78.2600,78.5000,78.2300,78.3800,143979.02
1784637900000,78.3900,78.5000,78.3700,78.4900,75801.37
1784638800000,78.4900,78.6000,78.3900,78.5000,164866.32
1784639700000,78.5100,78.5300,78.2800,78.3800,119187.11
1784640600000,78.3800,78.4500,78.1600,78.2400,207558.40
1784641500000,78.2400,78.6100,78.1900,78.5500,170965.13
1784642400000,78.5600,78.6100,78.3300,78.4400,238245.06
1784643300000,78.4500,78.4800,77.9200,78.0700,398235.69
1784644200000,78.0700,78.2500,77.8200,78.1000,230227.89
1784645100000,78.1000,78.1900,77.9200,77.9700,165015.92
1784646000000,77.9600,78.0100,77.7300,77.8400,318391.03
1784646900000,77.8500,78.0700,77.8500,77.9100,130088.55
1784647800000,77.9100,78.0900,77.8000,77.9200,108963.85
1784648700000,77.9200,78.1300,77.8700,78.1100,69318.54
1784649600000,78.1100,78.2100,77.9500,78.0500,117335.11
1784650500000,78.0500,78.0700,77.9400,77.9700,76484.32
1784651400000,77.9600,78.1500,77.9200,78.0500,95586.25
1784652300000,78.0400,78.2000,77.9800,78.1600,77558.99
1784653200000,78.1600,78.2000,77.9300,77.9500,67331.01
1784654100000,77.9600,77.9900,77.7900,77.8500,96709.51
1784655000000,77.8600,77.9300,77.8000,77.8800,64185.56
1784655900000,77.8900,77.9100,77.3900,77.6900,442693.61
1784656800000,77.6900,77.8700,77.5700,77.8100,123584.44
1784657700000,77.8100,77.9500,77.7700,77.8500,54168.60
1784658600000,77.8500,77.9600,77.6900,77.9200,81837.86
1784659500000,77.9100,77.9600,77.7800,77.8200,51516.50
1784660400000,77.8200,77.8800,77.7000,77.7100,58720.86
1784661300000,77.7100,77.9300,77.6700,77.8600,61984.61
1784662200000,77.8500,77.9700,77.8500,77.8600,63194.92
1784663100000,77.8600,77.8800,77.6800,77.8400,126291.03
1784664000000,77.8300,77.9600,77.7600,77.8800,85391.56
1784664900000,77.8700,77.8800,77.7900,77.8600,31432.30
1784665800000,77.8500,78.0900,77.8500,77.9700,177216.00
1784666700000,77.9700,78.0100,77.8300,77.8600,95357.18
1784667600000,77.8500,78.0300,77.7500,77.9800,139891.47
1784668500000,77.9800,78.0400,77.9300,77.9600,39203.11
1784669400000,77.9500,78.1000,77.9200,78.0600,56865.83
1784670300000,78.0600,78.0800,77.9600,78.0000,39126.27
1784671200000,77.9900,78.0400,77.8700,77.9400,67581.25
1784672100000,77.9400,77.9900,77.8500,77.9500,34146.80
1784673000000,77.9500,78.0200,77.8900,77.9300,48916.20
1784673900000,77.9300,77.9600,77.8000,77.9500,64666.13
1784674800000,77.9500,77.9500,77.7700,77.7800,62587.99
1784675700000,77.7700,77.9300,77.7700,77.9300,38439.28
1784676600000,77.9300,78.0500,77.8800,78.0100,68934.09
1784677500000,78.0200,78.1600,78.0200,78.1000,72410.15
1784678400000,78.1000,78.4700,78.0700,78.4600,214357.52
1784679300000,78.4700,78.5500,78.3200,78.3900,153929.97
1784680200000,78.3800,78.5400,78.2900,78.4900,97824.90
1784681100000,78.5000,78.5700,78.3800,78.4000,77565.87
1784682000000,78.4100,78.4800,78.3000,78.3000,71160.38
1784682900000,78.3000,78.3500,78.1000,78.2200,167604.66
1784683800000,78.2200,78.3500,78.1600,78.2800,58808.51
1784684700000,78.2800,78.4800,78.2400,78.3000,97997.91
1784685600000,78.3000,78.3700,78.1400,78.3400,72670.91
1784686500000,78.3300,78.4800,78.2800,78.3800,57902.83
1784687400000,78.3700,78.3700,78.1400,78.2100,48213.43
1784688300000,78.2200,78.2600,78.0400,78.0700,87401.90
1784689200000,78.0700,78.1900,77.8900,77.9000,106038.00
1784690100000,77.9100,78.1300,77.9100,78.1000,90250.29
1784691000000,78.1000,78.1400,77.9000,78.0000,77101.56
1784691900000,78.0000,78.1200,77.7600,77.8200,97472.25
1784692800000,77.8200,78.0900,77.7800,78.0500,120499.55
1784693700000,78.0500,78.1700,78.0400,78.1300,75207.91
1784694600000,78.1300,78.1900,78.0200,78.1700,71330.69
1784695500000,78.1800,78.1900,77.9900,78.0200,75688.68
1784696400000,78.0200,78.0400,77.8000,77.8700,139044.07
1784697300000,77.8600,77.8700,77.4700,77.5000,337299.18
1784698200000,77.5000,77.6700,77.4500,77.4900,151225.55
1784699100000,77.4800,77.5900,77.3500,77.3900,181816.38
1784700000000,77.3800,77.4700,77.1700,77.2500,423868.28
1784700900000,77.2500,77.2500,76.9800,77.0900,307563.40
1784701800000,77.0800,77.2800,76.9500,77.2000,234090.60
1784702700000,77.2000,77.2800,77.0700,77.2600,82961.33
1784703600000,77.2600,77.2900,77.1200,77.1900,103229.70
1784704500000,77.1900,77.2600,77.1000,77.2400,108547.39
1784705400000,77.2400,77.2600,76.9400,77.0800,195779.81
1784706300000,77.0900,77.1300,76.9800,77.0600,108045.63
1784707200000,77.0600,77.2700,77.0000,77.1600,159591.63
1784708100000,77.1600,77.4800,77.1500,77.3300,181071.58
1784709000000,77.3400,77.4000,77.2600,77.2600,91074.88
1784709900000,77.2700,77.4200,77.2600,77.3800,53917.80
1784710800000,77.3800,77.5300,77.3300,77.3500,95810.91
1784711700000,77.3500,77.4400,77.3000,77.3700,59072.84
1784712600000,77.3700,77.4100,77.2400,77.3700,92402.42
1784713500000,77.3700,77.5400,77.3200,77.5100,75520.80
1784714400000,77.5100,77.5600,77.4000,77.4500,58145.45
1784715300000,77.4500,77.6100,77.4000,77.5700,91218.43
1784716200000,77.5600,77.6100,77.5000,77.5700,48229.83
1784717100000,77.5800,77.7000,77.5600,77.6300,159140.05
1784718000000,77.6400,77.7000,77.5700,77.6400,68602.26
1784718900000,77.6300,77.7700,77.5500,77.6300,101473.99
1784719800000,77.6200,77.7000,77.4400,77.4900,131943.32
1784720700000,77.4800,77.6200,77.4700,77.5300,55390.23
1784721600000,77.5200,77.5300,77.2900,77.3800,138765.26
1784722500000,77.3900,77.4300,77.1500,77.1700,111656.41
1784723400000,77.1600,77.2500,77.1100,77.1600,89578.42
1784724300000,77.1600,77.2900,76.9700,77.1900,199588.21
1784725200000,77.2000,77.3100,77.0900,77.2800,112206.84
1784726100000,77.2900,77.3000,77.1800,77.2400,72720.83
1784727000000,77.2400,77.7800,77.1700,77.7600,489687.75
1784727900000,77.7600,77.9300,77.6800,77.8400,297501.89
1784728800000,77.8300,78.4000,77.7700,78.0200,509286.39
1784729700000,78.0200,78.0300,77.3700,77.4300,343847.66
1784730600000,77.4300,77.8800,77.3600,77.6600,205284.60
1784731500000,77.6500,77.8700,77.6100,77.8600,100304.52
1784732400000,77.8600,78.4100,77.8500,78.3700,339870.24
1784733300000,78.3600,78.8500,78.2200,78.6600,696675.30
1784734200000,78.6600,78.7400,78.3700,78.4900,283180.52
1784735100000,78.4900,78.5900,78.3400,78.4300,144140.55
1784736000000,78.4300,78.5500,78.3100,78.3800,167831.40
1784736900000,78.3800,78.3800,78.0600,78.1700,183641.61
1784737800000,78.1800,78.7800,78.1400,78.6400,335852.26
1784738700000,78.6400,78.6800,78.4100,78.5400,114258.00
1784739600000,78.5400,78.6200,78.4500,78.4900,102636.65
1784740500000,78.4900,78.5100,78.1000,78.2200,192273.61
1784741400000,78.2200,78.4900,78.2000,78.4200,84275.95
1784742300000,78.4300,78.4800,78.1400,78.1700,105438.03
1784743200000,78.1700,78.2600,77.9600,78.0500,146176.01
1784744100000,78.0400,78.1000,77.7600,77.7700,174572.12
1784745000000,77.7700,77.7700,77.4100,77.4600,364346.98
1784745900000,77.4600,77.7400,77.4300,77.7000,157768.94
1784746800000,77.7000,77.7700,77.2600,77.4000,210095.92
1784747700000,77.4000,77.7100,77.3900,77.5900,111462.24
1784748600000,77.5900,77.7100,77.4800,77.4900,79483.33
1784749500000,77.5000,77.6700,77.4500,77.6100,92945.81
1784750400000,77.6100,77.8400,77.5200,77.8200,235586.42
1784751300000,77.8200,77.8900,77.7400,77.8400,75693.06
1784752200000,77.8500,77.9100,77.7500,77.8500,61343.36
1784753100000,77.8500,77.8500,77.6800,77.7500,56258.19
1784754000000,77.7500,77.8300,77.7000,77.7000,61180.89
1784754900000,77.7100,77.7600,77.6200,77.6500,43765.80
1784755800000,77.6400,78.0100,77.6400,77.9400,120436.72
1784756700000,77.9400,78.0200,77.8600,77.9800,68347.33
1784757600000,77.9900,78.0800,77.8100,78.0300,134631.93
1784758500000,78.0300,78.0400,77.8900,78.0100,53075.11
1784759400000,78.0100,78.0200,77.6600,77.7200,196275.58
1784760300000,77.7200,78.0100,77.7100,77.9600,45799.69
1784761200000,77.9600,77.9800,77.4600,77.5200,209836.16
1784762100000,77.5100,77.7200,77.4400,77.7000,95267.25
1784763000000,77.6900,77.7800,77.6500,77.7600,41501.39
1784763900000,77.7600,77.9600,77.7400,77.9300,70840.30
1784764800000,77.9300,78.3500,77.9300,78.2600,265928.65
1784765700000,78.2600,78.5000,78.2200,78.3800,225014.89
1784766600000,78.3800,78.4200,78.2600,78.2800,100240.58
1784767500000,78.2800,78.3900,78.1900,78.2100,73399.33
1784768400000,78.2100,78.3800,78.1100,78.1800,95997.33
1784769300000,78.1800,78.2000,78.0000,78.0300,110273.89
1784770200000,78.0400,78.0600,77.8200,77.8500,159675.74
1784771100000,77.8500,77.9400,77.8300,77.8400,66036.13
1784772000000,77.8400,77.8600,77.6000,77.6000,150182.68
1784772900000,77.6000,77.6400,77.3400,77.4500,201999.23
1784773800000,77.4600,77.6500,77.4300,77.5700,105239.40
1784774700000,77.5800,77.7500,77.5500,77.7000,74705.79
1784775600000,77.7100,77.7400,77.4400,77.5100,95398.76
1784776500000,77.5100,77.6200,77.4200,77.5300,82136.59
1784777400000,77.5400,77.6600,77.5100,77.6000,32660.57
1784778300000,77.6100,77.6100,77.4800,77.5600,58024.98
1784779200000,77.5500,77.6500,77.4800,77.6400,66400.24
1784780100000,77.6500,77.7700,77.5500,77.7500,56987.64
1784781000000,77.7400,77.7800,77.5100,77.5500,226900.75
1784781900000,77.5600,77.6500,77.3900,77.4800,112200.74
1784782800000,77.4900,77.5200,77.3600,77.4500,96126.25
1784783700000,77.4600,77.6100,77.3500,77.6000,90216.46
1784784600000,77.6100,77.6800,77.5300,77.5700,51002.32
1784785500000,77.5700,77.6100,77.4200,77.4800,58666.05
1784786400000,77.4900,77.5300,77.3500,77.4300,81112.77
1784787300000,77.4400,77.5200,77.3100,77.4800,72537.32
1784788200000,77.4800,77.5300,77.4100,77.4600,52412.39
1784789100000,77.4600,77.5400,77.4600,77.5200,39263.07
1784790000000,77.5200,77.5200,76.9800,77.1700,381689.56
1784790900000,77.1700,77.1800,77.0400,77.1300,159322.45
1784791800000,77.1400,77.1600,77.0500,77.0500,126913.93
1784792700000,77.0500,77.1900,77.0100,77.1100,103031.75
1784793600000,77.1200,77.2800,77.0600,77.2700,155698.65
1784794500000,77.2800,77.3400,77.1800,77.3000,95716.92
1784795400000,77.3000,77.4200,77.3000,77.3800,88387.25
1784796300000,77.3900,77.4500,77.3400,77.4200,54710.76
1784797200000,77.4200,77.5400,77.3500,77.5000,94083.76
1784798100000,77.5000,77.6100,77.4900,77.5400,64159.49
1784799000000,77.5400,77.5600,77.4800,77.5400,53398.20
1784799900000,77.5400,77.5600,77.4200,77.4500,63920.42
1784800800000,77.4500,77.5400,77.3800,77.5300,54446.38
1784801700000,77.5400,77.7400,77.4900,77.7200,108410.87
1784802600000,77.7300,77.7700,77.6800,77.7100,93397.56
1784803500000,77.7100,77.7300,77.6500,77.7000,57199.61
1784804400000,77.7000,77.8300,77.6600,77.8100,84197.93
1784805300000,77.8100,77.8300,77.6600,77.6800,64745.04
1784806200000,77.6800,77.7300,77.6100,77.6300,86071.03
1784807100000,77.6300,77.7000,77.5600,77.6200,107103.45
1784808000000,77.6300,77.6800,77.5500,77.6200,90617.67
1784808900000,77.6300,77.7100,77.4500,77.4900,180909.56
1784809800000,77.4900,77.5100,76.7700,76.8600,619846.97
1784810700000,76.8500,76.9600,76.4300,76.9000,774427.55
1784811600000,76.8900,76.9800,76.6600,76.7100,325963.23
1784812500000,76.7100,76.8000,76.5100,76.6500,263574.48
1784813400000,76.6500,76.9800,76.6000,76.9400,243995.46
1784814300000,76.9300,77.0100,76.6400,76.6400,230075.93
1784815200000,76.6500,76.8400,76.5600,76.7900,201913.50
1784816100000,76.7800,76.8100,76.5500,76.7300,216896.19
1784817000000,76.7200,76.8300,76.5900,76.6300,131549.47
1784817900000,76.6200,76.6500,76.2400,76.3800,412836.41
1784818800000,76.3900,76.4100,75.8000,75.9000,870650.07
1784819700000,75.9000,76.3400,75.8000,76.2100,627434.82
1784820600000,76.2200,76.3800,76.1100,76.2700,142404.13
1784821500000,76.2600,76.4100,76.1500,76.3300,118236.09
1784822400000,76.3300,76.3400,75.9300,76.0400,459652.42
1784823300000,76.0400,76.1100,75.8000,76.1000,263899.06
1784824200000,76.1100,76.1200,75.9300,76.0000,93586.08
1784825100000,76.0100,76.0800,75.9600,75.9600,72373.64
1784826000000,75.9600,76.0300,75.8200,75.9500,137293.34
1784826900000,75.9500,76.1400,75.9000,76.0500,113472.35
1784827800000,76.0500,76.1000,75.9000,75.9600,70370.95
1784828700000,75.9500,75.9800,75.4400,75.6100,425786.88
1784829600000,75.6100,75.7300,75.5100,75.7200,231475.84
1784830500000,75.7100,75.7900,75.5700,75.7600,85649.62
1784831400000,75.7700,75.8100,75.5700,75.6800,79089.13
1784832300000,75.6800,75.8100,75.6800,75.7600,80912.35
1784833200000,75.7700,75.8100,75.4700,75.5600,89980.20
1784834100000,75.5500,75.7400,75.5300,75.7300,68395.15
1784835000000,75.7400,75.8000,75.5500,75.5900,55912.88
1784835900000,75.6000,75.7400,75.3700,75.7000,278580.36
1784836800000,75.6900,76.0200,75.6500,75.9900,151665.30
1784837700000,76.0000,76.1500,75.9700,76.0900,113293.04
1784838600000,76.1000,76.1300,76.0200,76.0500,71620.06
1784839500000,76.0500,76.1400,76.0200,76.0900,45042.60
1784840400000,76.0900,76.2400,75.9200,75.9700,146924.57
1784841300000,75.9700,76.0700,75.8900,76.0000,75653.90
1784842200000,76.0100,76.0900,75.9800,76.0200,95247.46
1784843100000,76.0300,76.0500,75.9300,76.0100,46469.05
1784844000000,76.0200,76.0800,75.8900,75.9300,71861.54
1784844900000,75.9300,76.1700,75.8100,76.0800,155008.06
1784845800000,76.0700,76.2100,76.0700,76.1700,76577.60
1784846700000,76.1800,76.1900,76.0800,76.1400,32814.23
1784847600000,76.1500,76.2000,76.1000,76.1300,54043.53
1784848500000,76.1400,76.2100,76.1200,76.1600,56774.58
1784849400000,76.1700,76.1800,76.0400,76.0800,56527.25
1784850300000,76.0800,76.1000,75.8300,75.8300,98251.97
1784851200000,75.8400,75.8600,75.6000,75.7000,223509.25
1784852100000,75.7000,75.8600,75.6700,75.7200,92052.93
1784853000000,75.7300,75.7600,75.4900,75.6300,189780.15
1784853900000,75.6300,75.8200,75.6300,75.7800,88175.61
1784854800000,75.7800,75.9800,75.7300,75.8500,83585.78
1784855700000,75.8600,76.0900,75.8000,75.8900,82584.21
1784856600000,75.9000,76.0000,75.8400,75.8600,75258.43
1784857500000,75.8700,75.8700,75.6300,75.6500,91595.63
1784858400000,75.6600,75.8800,75.6500,75.8600,60806.14
1784859300000,75.8700,75.8900,75.6800,75.7500,37610.51
1784860200000,75.7600,75.7600,75.4100,75.5400,142398.25
1784861100000,75.5300,75.5400,75.2300,75.5000,213776.15
1784862000000,75.4900,75.8000,75.4300,75.7700,100960.90
1784862900000,75.7600,75.9300,75.7600,75.8500,185846.84
1784863800000,75.8500,75.9000,75.7100,75.8400,72486.94
1784864700000,75.8500,75.8700,75.7700,75.8000,45496.85
1784865600000,75.7900,75.8200,75.6500,75.6500,83468.73
1784866500000,75.6500,75.7900,75.6000,75.7500,71753.95
1784867400000,75.7500,75.8000,75.6100,75.6800,50103.01
1784868300000,75.6800,75.7000,75.5700,75.6300,54616.67
1784869200000,75.6300,75.8000,75.5500,75.7400,86700.42
1784870100000,75.7400,75.8800,75.7300,75.8100,179176.45
1784871000000,75.8200,75.8200,75.6500,75.8100,64303.12
1784871900000,75.8100,75.8300,75.6800,75.7500,100694.62
1784872800000,75.7500,75.8400,75.6900,75.8300,68045.43
1784873700000,75.8300,75.9800,75.8000,75.8300,111661.10
1784874600000,75.8200,75.9300,75.7400,75.7900,103246.18
1784875500000,75.7900,75.8300,75.7400,75.8000,46149.88
1784876400000,75.8100,76.4200,75.8100,76.3400,359619.84
1784877300000,76.3500,76.3500,76.0600,76.1000,192383.89
1784878200000,76.1000,76.1900,75.7300,75.8000,231972.18
1784879100000,75.8000,76.0400,75.7900,76.0200,90756.90
1784880000000,76.0300,76.0400,75.9000,75.9600,89530.02
1784880900000,75.9600,75.9800,75.6600,75.7700,147267.56
1784881800000,75.7700,75.8900,75.7700,75.8600,142462.88
1784882700000,75.8700,75.8700,75.7200,75.7300,72394.63
1784883600000,75.7300,75.7900,75.4100,75.4500,264335.46
1784884500000,75.4400,75.5500,75.3200,75.5200,231915.31
1784885400000,75.5100,75.5600,75.3800,75.5300,150589.52
1784886300000,75.5400,75.6300,75.5100,75.5700,76382.30
1784887200000,75.5800,75.6100,75.3900,75.4200,82227.08
1784888100000,75.4300,75.5300,75.3600,75.5000,87743.49
1784889000000,75.5000,75.5700,75.4400,75.4500,72939.85
1784889900000,75.4600,75.5300,75.3300,75.4300,66326.96
1784890800000,75.4400,75.4500,75.2800,75.3200,95892.88
1784891700000,75.3200,75.4700,75.1800,75.2700,169873.77
1784892600000,75.2800,75.2800,75.0600,75.1000,246301.51
1784893500000,75.1000,75.1900,74.8600,75.1500,402900.29
1784894400000,75.1500,75.2000,75.0300,75.1400,85013.42
1784895300000,75.1400,75.2500,75.1100,75.1200,94879.34
1784896200000,75.1300,75.2200,74.9100,74.9300,104678.29
1784897100000,74.9400,75.0000,74.7400,74.8100,236692.68
1784898000000,74.8100,74.8800,74.2100,74.4600,822848.04
1784898900000,74.4500,74.6900,74.4000,74.5000,262586.76
1784899800000,74.4900,74.5500,74.2600,74.4500,290248.41
1784900700000,74.4400,74.5300,73.9300,74.1700,620111.79
1784901600000,74.1700,74.2200,73.9200,73.9200,359076.76
1784902500000,73.9300,74.0000,73.5900,73.9100,618945.01
1784903400000,73.9100,73.9300,73.6400,73.6800,271518.83
1784904300000,73.6800,74.0000,73.5500,73.9900,365955.09
1784905200000,73.9800,74.0900,73.6300,74.0900,299714.75
1784906100000,74.0800,74.1600,73.8700,74.1100,311128.31
1784907000000,74.1100,74.2500,74.0400,74.0700,332236.08
1784907900000,74.0700,74.1300,73.9300,73.9800,184352.91
1784908800000,73.9800,74.1600,73.9100,74.0300,153034.79
1784909700000,74.0300,74.1400,73.9700,73.9900,114160.72
1784910600000,73.9900,74.0000,73.7700,73.7800,156275.54
1784911500000,73.7700,73.9300,73.6600,73.8600,178369.43
1784912400000,73.8500,73.9400,73.8000,73.9200,128401.59
1784913300000,73.9100,74.0900,73.8900,74.0600,101971.76
1784914200000,74.0600,74.1100,74.0000,74.0300,71365.33
1784915100000,74.0200,74.0400,73.8800,73.9900,91868.22
1784916000000,74.0000,74.0300,73.9200,74.0200,57735.82
1784916900000,74.0300,74.0300,73.9000,73.9500,41935.88
1784917800000,73.9400,73.9900,73.8400,73.9100,76448.72
1784918700000,73.9100,74.0200,73.8800,73.9200,66988.23
1784919600000,73.9200,73.9500,73.7300,73.8000,99347.09
1784920500000,73.7900,73.9300,73.7900,73.9100,45900.71
1784921400000,73.9100,74.0100,73.8300,73.9300,93429.24
1784922300000,73.9300,74.0100,73.8500,73.9100,120643.84
1784923200000,73.9200,73.9800,73.8100,73.9000,70608.27
1784924100000,73.9000,73.9500,73.8500,73.8500,41063.79
1784925000000,73.8500,73.8700,73.7000,73.7700,91191.72
1784925900000,73.7700,73.8100,73.6700,73.7300,54945.50
1784926800000,73.7300,73.7900,73.3600,73.5400,358108.72
1784927700000,73.5500,73.6700,73.3800,73.6700,249417.91
1784928600000,73.6700,73.7500,73.6300,73.6900,90073.46
1784929500000,73.6900,73.7800,73.5800,73.6100,88518.59
1784930400000,73.6000,73.7900,73.6000,73.7700,114001.60
1784931300000,73.7800,73.8500,73.7600,73.8400,96741.30
1784932200000,73.8300,73.9400,73.8300,73.9000,78047.65
1784933100000,73.9000,73.9500,73.8600,73.9000,67604.58
1784934000000,73.9000,74.0000,73.8400,73.8700,77955.01
1784934900000,73.8700,73.8800,73.8100,73.8700,45312.47
1784935800000,73.8700,73.9400,73.8200,73.8900,68891.83
1784936700000,73.8900,73.9300,73.8600,73.9300,37640.16
1784937600000,73.9200,73.9900,73.9000,73.9800,64602.48
1784938500000,73.9700,74.0300,73.9200,74.0200,39670.67
1784939400000,74.0200,74.1100,73.9600,74.0000,126448.23
1784940300000,74.0000,74.0900,73.9300,74.0800,90358.39
1784941200000,74.0900,74.2100,74.0000,74.0500,122268.77
1784942100000,74.0500,74.0700,73.9700,74.0000,63053.25
1784943000000,74.0100,74.1900,73.9800,74.1800,69877.17
1784943900000,74.1900,74.2300,74.0700,74.0900,70136.10
1784944800000,74.1000,74.1700,74.0600,74.0800,44384.47
1784945700000,74.0900,74.1600,74.0100,74.1300,42352.89
1784946600000,74.1300,74.1800,74.0600,74.0800,45177.18
1784947500000,74.0900,74.1000,74.0200,74.0700,37412.98
1784948400000,74.0700,74.1800,74.0100,74.1200,70874.37
1784949300000,74.1100,74.2900,74.0800,74.2000,111981.67
1784950200000,74.2100,74.2200,74.1300,74.1600,45093.23
1784951100000,74.1700,74.1700,74.0500,74.0900,72590.48
1784952000000,74.0900,74.2500,74.0900,74.2500,65323.97
1784952900000,74.2500,74.3200,74.2200,74.2600,103084.34
1784953800000,74.2500,74.2900,74.1900,74.2400,71175.91
1784954700000,74.2500,74.3000,74.2200,74.2800,47547.83
1784955600000,74.2800,74.3200,74.1600,74.1700,63910.84
1784956500000,74.1700,74.2300,74.1500,74.1700,49864.19
1784957400000,74.1800,74.1900,74.0000,74.0000,116476.37
1784958300000,74.0000,74.0100,73.8600,73.9400,159555.81
1784959200000,73.9500,73.9900,73.8900,73.9700,63424.82
1784960100000,73.9600,73.9800,73.8000,73.8400,125409.98
1784961000000,73.8300,73.8800,73.7200,73.8400,120294.06
1784961900000,73.8500,74.0000,73.8000,73.9900,66181.38
1784962800000,74.0000,74.0200,73.9000,73.9200,55982.79
1784963700000,73.9100,73.9200,73.8000,73.8400,45595.64
1784964600000,73.8300,73.8700,73.7800,73.8300,37182.69
1784965500000,73.8300,73.8700,73.7400,73.7500,69552.93
1784966400000,73.7400,73.7500,73.5000,73.7000,239351.37
1784967300000,73.6900,73.8200,73.6900,73.8200,88468.67
1784968200000,73.8100,73.8300,73.7200,73.7600,55456.66
1784969100000,73.7700,73.7900,73.6900,73.7600,75638.58
1784970000000,73.7600,73.8600,73.7100,73.8500,56656.36
1784970900000,73.8500,73.9700,73.8400,73.9600,90350.29
1784971800000,73.9600,74.0000,73.8900,73.9300,68821.90
1784972700000,73.9400,74.0000,73.9200,73.9500,52881.09
1784973600000,73.9500,73.9800,73.9200,73.9700,38657.18
1784974500000,73.9800,73.9900,73.8600,73.9400,57026.83
1784975400000,73.9500,73.9500,73.8700,73.8800,47808.97
1784976300000,73.8800,73.9400,73.8600,73.9400,28269.88
1784977200000,73.9400,74.0000,73.9000,73.9600,36935.08
1784978100000,73.9600,73.9700,73.8600,73.8900,48983.26
1784979000000,73.8900,73.9400,73.8000,73.8600,67695.54
1784979900000,73.8600,73.9000,73.8500,73.8800,26173.01
1784980800000,73.8800,73.8900,73.8100,73.8900,49452.08
1784981700000,73.8800,73.9400,73.8400,73.8900,41611.16
1784982600000,73.8900,73.9100,73.8100,73.8900,58526.17
1784983500000,73.8800,73.9400,73.8500,73.9400,68332.38
1784984400000,73.9300,73.9700,73.9000,73.9200,62379.51
1784985300000,73.9200,74.0300,73.9100,73.9600,83848.07
1784986200000,73.9500,74.1000,73.9100,74.0800,89340.88
1784987100000,74.0800,74.1700,73.9200,73.9300,127765.42
1784988000000,73.9300,73.9400,73.7300,73.8400,207936.49
1784988900000,73.8400,73.8600,73.7500,73.8200,97513.13
1784989800000,73.8200,73.9600,73.8000,73.9200,84254.61
1784990700000,73.9200,74.0300,73.8800,74.0000,76214.71
1784991600000,74.0000,74.1800,73.9500,74.1600,156560.88
1784992500000,74.1500,74.2800,74.1200,74.1400,163440.79
1784993400000,74.1500,74.2300,74.0900,74.1900,95839.18
1784994300000,74.1900,74.2100,74.1200,74.1300,60657.64
1784995200000,74.1200,74.2700,74.0700,74.2500,116918.00
1784996100000,74.2500,74.2500,74.0400,74.1300,91928.56
1784997000000,74.1200,74.3100,74.1200,74.2900,118635.27
1784997900000,74.2900,74.3900,74.2000,74.2800,120577.10
1784998800000,74.2800,74.3400,74.2500,74.3000,52702.19
1784999700000,74.3000,74.5700,74.2900,74.4400,203456.82
1785000600000,74.4300,74.5900,74.4000,74.5800,128223.77
1785001500000,74.5800,74.6400,74.4000,74.4200,151777.09
1785002400000,74.4300,74.6400,74.4300,74.5000,120306.88
1785003300000,74.4900,74.5400,74.4300,74.5300,65799.56
1785004200000,74.5200,74.5900,74.4700,74.5200,72173.77
1785005100000,74.5100,74.6700,74.5100,74.6200,80261.96
1785006000000,74.6200,74.6900,74.5600,74.6500,78914.78
1785006900000,74.6500,74.6500,74.5500,74.5700,67224.52
1785007800000,74.5600,74.5800,74.5000,74.5500,56130.30
1785008700000,74.5500,74.5900,74.4900,74.5200,54857.89
1785009600000,74.5300,74.5400,74.4000,74.4800,80121.97
1785010500000,74.4700,74.5000,74.3800,74.4700,64258.34
1785011400000,74.4700,74.4700,74.3800,74.4300,54011.60
1785012300000,74.4200,74.4300,74.3500,74.4000,61305.65
1785013200000,74.3900,74.4000,74.2300,74.3200,83749.48
1785014100000,74.3200,74.4000,74.2600,74.3900,39204.04
1785015000000,74.3900,74.5100,74.3500,74.4800,83774.93
1785015900000,74.4700,74.5700,74.4000,74.4300,55442.24
1785016800000,74.4300,74.4600,74.3800,74.4300,78405.86
1785017700000,74.4200,74.4300,74.3300,74.3600,34853.13
1785018600000,74.3600,74.4100,74.2600,74.4000,60006.85
1785019500000,74.4000,74.5000,74.3600,74.4600,40718.46
1785020400000,74.4600,74.4700,74.4000,74.4400,39122.57
1785021300000,74.4400,74.4400,74.3700,74.4200,25768.19
1785022200000,74.4100,74.5000,74.3900,74.4000,42672.23
1785023100000,74.3900,74.4900,74.3900,74.4900,65862.53
1785024000000,74.4800,74.6300,74.4400,74.6200,101190.94
1785024900000,74.6100,74.9300,74.6000,74.8400,248833.37
1785025800000,74.8500,74.8700,74.6400,74.6600,122360.11
1785026700000,74.6500,74.7800,74.6200,74.7500,76447.22
1785027600000,74.7500,74.7900,74.6700,74.7400,63643.69
1785028500000,74.7400,74.7500,74.6400,74.6600,46015.92
1785029400000,74.6600,74.7600,74.6500,74.7500,30066.58
1785030300000,74.7600,74.8700,74.7200,74.8000,48468.73
1785031200000,74.8000,74.8400,74.6800,74.7700,75354.51
1785032100000,74.7700,74.8100,74.7000,74.7800,36960.61
1785033000000,74.7800,74.8000,74.6800,74.7700,34586.36
1785033900000,74.7700,74.9000,74.7600,74.8600,59134.50
1785034800000,74.8500,75.0300,74.7800,74.9800,193081.73
1785035700000,74.9700,74.9800,74.8600,74.9000,63094.79
1785036600000,74.8900,74.9700,74.8600,74.9200,56944.76
1785037500000,74.9100,75.0000,74.9100,75.0000,45735.74
1785038400000,74.9900,75.1100,74.9200,74.9400,116751.04
1785039300000,74.9500,75.1200,74.9000,75.1100,69189.07
1785040200000,75.1000,75.1700,75.0500,75.1700,81400.75
1785041100000,75.1700,75.2000,74.9900,75.0400,125253.45
1785042000000,75.0400,75.1500,74.9600,75.1200,65633.42
1785042900000,75.1100,75.1200,75.0000,75.0100,45529.07
1785043800000,75.0000,75.0900,74.9100,75.0900,82704.35
1785044700000,75.0900,75.0900,74.9600,74.9800,77104.57
1785045600000,74.9700,75.0300,74.8000,74.8500,121975.96
1785046500000,74.8400,74.8600,74.6900,74.7400,126689.12
1785047400000,74.7300,74.9100,74.7000,74.8900,64485.79
1785048300000,74.8800,75.1000,74.8800,75.0900,75654.58
1785049200000,75.0900,75.1200,74.9500,75.0000,80385.03
1785050100000,75.0000,75.0100,74.8900,74.9100,42223.22
1785051000000,74.9100,74.9600,74.8500,74.8600,58604.85
1785051900000,74.8500,74.9000,74.8100,74.8400,68204.24
1785052800000,74.8400,74.9200,74.8000,74.8900,43290.76
1785053700000,74.8900,74.9200,74.8000,74.8700,37488.05
1785054600000,74.8700,74.9100,74.8300,74.9000,36116.80
1785055500000,74.8900,75.0200,74.8700,74.9600,64268.61
1785056400000,74.9500,75.0800,74.9500,74.9800,50377.43
1785057300000,74.9700,75.0700,74.9700,75.0400,62532.74
1785058200000,75.0400,75.2500,74.9800,75.1200,216821.07
1785059100000,75.1300,75.1700,75.0300,75.0300,69062.99
1785060000000,75.0300,75.1500,74.9900,75.1100,47320.29
1785060900000,75.1100,75.1700,75.0700,75.0900,31628.26
1785061800000,75.0900,75.1900,75.0900,75.1800,52973.50
1785062700000,75.1800,75.2200,75.0700,75.0900,56054.47
1785063600000,75.0800,75.1400,75.0100,75.0800,40911.14
1785064500000,75.0800,75.0800,75.0200,75.0400,32806.66
1785065400000,75.0400,75.0700,74.8600,74.8800,172908.64
1785066300000,74.8800,74.9300,74.8600,74.9100,61434.55
1785067200000,74.9100,75.1100,74.8900,75.0100,110009.02
1785068100000,75.0100,75.0400,74.8300,74.9500,61490.22
1785069000000,74.9500,74.9500,74.7800,74.8400,63200.77
1785069900000,74.8400,74.8700,74.7700,74.8300,59840.64
1785070800000,74.8300,74.8600,74.7300,74.7700,96520.80
1785071700000,74.7700,74.9300,74.7500,74.8300,72546.31
1785072600000,74.8200,74.9200,74.7400,74.9100,55665.37
1785073500000,74.9100,74.9400,74.8200,74.9000,80036.13
1785074400000,74.8900,75.2000,74.8900,75.0800,227143.59
1785075300000,75.0800,75.0800,74.8600,74.8900,72274.66
1785076200000,74.8800,75.0000,74.8400,74.9300,81335.05
1785077100000,74.9300,75.0400,74.9300,75.0100,77100.76
1785078000000,75.0100,75.1200,74.9200,74.9500,70505.51
1785078900000,74.9500,75.3500,74.9400,75.1800,226637.62
1785079800000,75.1700,75.3900,75.1200,75.3100,158498.82
1785080700000,75.3200,75.4700,75.2700,75.4500,163562.50
1785081600000,75.4500,75.5000,75.2600,75.3800,185467.43
1785082500000,75.3800,75.6900,75.3800,75.6400,196469.04
1785083400000,75.6400,75.9600,75.5800,75.6200,327971.53
1785084300000,75.6300,75.7000,75.4800,75.5000,161543.18
1785085200000,75.4900,75.5400,75.3500,75.5400,111031.24
1785086100000,75.5300,75.5600,75.2500,75.3000,107553.72
1785087000000,75.3000,75.4000,75.2600,75.3400,58572.99
1785087900000,75.3300,75.3900,75.3100,75.3500,41385.45
1785088800000,75.3400,75.3800,75.2300,75.2700,67095.79
1785089700000,75.2700,75.3900,75.2600,75.3000,53627.14
1785090600000,75.3000,75.3600,75.2500,75.3300,36712.84
1785091500000,75.3200,75.4100,75.3000,75.3600,33567.08
1785092400000,75.3500,75.4200,75.2100,75.2200,74769.02
1785093300000,75.2200,75.2900,75.2000,75.2600,34606.31
1785094200000,75.2600,75.3000,75.2100,75.2300,28252.16
1785095100000,75.2300,75.3100,75.2200,75.3000,29294.32
1785096000000,75.3000,75.3700,75.3000,75.3200,35716.81
1785096900000,75.3200,75.3500,75.2800,75.3300,25786.19
1785097800000,75.3200,75.3600,75.3000,75.3400,14015.47
1785098700000,75.3300,75.3400,75.2700,75.3100,18310.51
1785099600000,75.3100,75.4500,75.2800,75.3800,38733.43
1785100500000,75.3800,75.6800,75.3500,75.5900,99060.93
1785101400000,75.5900,75.6400,75.4800,75.5300,65521.27
1785102300000,75.5300,75.7400,75.5100,75.6200,59093.13
1785103200000,75.6200,76.1900,75.6200,76.0700,639747.99
1785104100000,76.0800,76.3900,76.0700,76.3600,510853.38
1785105000000,76.3600,76.7900,76.3200,76.6400,408557.02
1785105900000,76.6400,76.7200,76.5100,76.6900,225894.36
1785106800000,76.6900,77.0800,76.5700,76.7800,540426.48
1785107700000,76.7800,76.9800,76.6300,76.6600,233493.57
1785108600000,76.6500,76.7000,76.4700,76.6800,183385.65
1785109500000,76.6700,76.7500,76.5700,76.7400,128079.89
1785110400000,76.7500,76.7800,76.4600,76.5700,177688.40
1785111300000,76.5700,76.5800,76.3400,76.4700,170944.37
1785112200000,76.4700,76.5100,76.3600,76.4000,126328.91
1785113100000,76.3900,76.5000,76.1600,76.3100,171495.32
1785114000000,76.3200,76.4200,76.2100,76.2500,94431.80
1785114900000,76.2500,76.2800,76.1300,76.2000,136957.88
1785115800000,76.2000,76.3300,75.9300,76.2100,258386.41
1785116700000,76.2200,76.5000,76.1800,76.4900,144371.31
1785117600000,76.4900,76.5800,76.3800,76.4600,119181.45
1785118500000,76.4700,76.6000,76.4000,76.5400,71252.81
1785119400000,76.5500,76.6300,76.4000,76.5500,102494.87
1785120300000,76.5500,76.5900,76.3200,76.3900,66500.21
1785121200000,76.4000,76.5100,76.3100,76.4000,86869.65
1785122100000,76.3900,76.4900,76.3700,76.4300,56434.32
1785123000000,76.4300,76.4700,76.3200,76.4500,41276.46
1785123900000,76.4500,76.4700,76.2800,76.3700,73150.52
1785124800000,76.3800,76.4800,76.2900,76.3800,73225.67
1785125700000,76.3900,76.6000,76.2900,76.3400,114192.50
1785126600000,76.3500,76.4000,76.2300,76.3800,60573.71
1785127500000,76.3900,76.4000,76.2700,76.2700,60702.68
1785128400000,76.2800,76.4500,76.2200,76.4200,54150.13
1785129300000,76.4200,76.4700,76.3000,76.3900,85115.27
1785130200000,76.4000,76.4300,76.3000,76.3300,73358.64
1785131100000,76.3300,76.6000,76.2700,76.5300,103461.47
1785132000000,76.5200,76.9600,76.4900,76.8500,403921.00
1785132900000,76.8500,76.9100,76.6200,76.6500,142210.71
1785133800000,76.6500,76.9000,76.6100,76.8200,106081.40
1785134700000,76.8200,76.8300,76.6200,76.6900,93162.70
1785135600000,76.6900,76.7300,76.5300,76.6900,95655.48
1785136500000,76.6900,76.6900,76.5300,76.5400,58591.95
1785137400000,76.5400,76.5400,76.3500,76.4900,122510.73
1785138300000,76.4900,76.5900,76.4300,76.4300,83595.29
1785139200000,76.4400,76.4800,76.2600,76.3400,109678.47
1785140100000,76.3400,76.4000,76.2500,76.3700,66310.72
1785141000000,76.3700,76.3700,76.2500,76.2600,51131.22
1785141900000,76.2700,76.3500,76.1900,76.2600,74150.27
1785142800000,76.2700,76.2700,76.0800,76.1600,126306.37
1785143700000,76.1600,76.3300,76.1400,76.3300,82180.01
1785144600000,76.3300,76.4900,76.2700,76.4300,74963.83
1785145500000,76.4300,76.5300,76.4000,76.4400,55519.38
1785146400000,76.4400,76.4800,76.3700,76.4600,49852.49
1785147300000,76.4600,76.6100,76.4500,76.5600,81742.98
1785148200000,76.5600,76.6300,76.5100,76.6100,81482.30
1785149100000,76.6100,76.6500,76.5400,76.5900,46896.09
1785150000000,76.5900,76.5900,76.4500,76.5400,86222.46
1785150900000,76.5400,76.6200,76.4600,76.4700,77640.48
1785151800000,76.4600,76.6500,76.4500,76.5900,72982.18
1785152700000,76.5800,76.6000,76.4600,76.4900,55783.23
1785153600000,76.4900,76.7500,76.4700,76.5300,104624.73
1785154500000,76.5200,76.6200,76.3400,76.3400,192366.31
1785155400000,76.3400,76.8500,76.2100,76.8400,363582.29
1785156300000,76.8400,77.0500,76.7600,76.8200,624011.57
1785157200000,76.8300,76.9400,76.5800,76.5900,224670.90
1785158100000,76.5900,76.6600,76.4200,76.4800,186850.50
1785159000000,76.4800,77.4800,76.4400,77.3500,804229.19
1785159900000,77.3600,77.4400,76.7600,76.8800,501934.16
1785160800000,76.8800,76.9700,76.6600,76.9000,284614.48
1785161700000,76.8900,76.9600,75.7400,75.7800,705653.43
1785162600000,75.7800,75.7900,75.0200,75.0700,1152561.54
1785163500000,75.0600,75.6000,74.9700,75.4400,534075.19
1785164400000,75.4400,75.5800,75.2700,75.5100,234662.54
1785165300000,75.5000,75.5700,75.2200,75.3200,145792.07
1785166200000,75.3300,75.4400,75.0300,75.3800,234994.21
1785167100000,75.3900,75.4400,75.2200,75.2200,122680.54
1785168000000,75.2300,75.3500,75.1400,75.2400,160885.95
1785168900000,75.2400,75.7200,75.1000,75.6500,323134.77
1785169800000,75.6500,75.8600,75.6500,75.7900,165675.15
1785170700000,75.7900,75.9400,75.7200,75.9100,149702.50
1785171600000,75.9000,75.9900,75.7700,75.9200,111406.99
1785172500000,75.9100,76.2100,75.8700,75.9700,210335.92
1785173400000,75.9600,76.1200,75.9100,75.9200,116872.27
1785174300000,75.9200,75.9300,75.7800,75.8600,124699.97
1785175200000,75.8600,75.9600,75.7200,75.7500,104471.59
1785176100000,75.7400,75.7500,75.5100,75.5700,128261.48
1785177000000,75.5700,75.6000,75.2200,75.3900,252503.83
1785177900000,75.3900,75.5800,75.2500,75.5700,112732.86
1785178800000,75.5800,75.9700,75.4500,75.8500,156245.94
1785179700000,75.8600,75.9200,75.7000,75.7900,114113.70
1785180600000,75.7900,75.9400,75.7400,75.7900,74577.25
1785181500000,75.7800,76.0200,75.7000,75.9400,156475.12
1785182400000,75.9500,76.0600,75.8200,75.8700,96773.81
1785183300000,75.8700,76.1000,75.7600,76.0600,52740.60
1785184200000,76.0600,76.0600,75.8100,75.8300,68958.51
1785185100000,75.8400,75.9600,75.7700,75.9300,73488.37
1785186000000,75.9400,75.9600,75.7900,75.8600,72534.44
1785186900000,75.8700,75.8700,75.5400,75.5500,81940.33
1785187800000,75.5600,75.6400,75.4800,75.5400,76300.35
1785188700000,75.5500,75.6300,75.4700,75.5700,42234.94
1785189600000,75.5800,75.5900,75.3000,75.3700,86265.06
1785190500000,75.3700,75.4100,75.1100,75.2000,138970.42
1785191400000,75.2000,75.3400,74.6200,74.6800,613772.53
1785192300000,74.6800,74.7000,73.9600,74.0100,717218.87
1785193200000,74.0100,74.0800,73.6800,74.0200,561760.96
1785194100000,74.0200,74.3700,73.9100,74.2600,192574.82
1785195000000,74.2600,74.3400,73.9100,73.9600,186970.82
1785195900000,73.9600,74.1900,73.9300,74.1600,105525.70
1785196800000,74.1600,74.2600,73.8700,74.0200,248510.38
1785197700000,74.0100,74.1300,73.7100,73.9400,238100.44
1785198600000,73.9500,74.0400,73.7900,73.9100,132631.88
1785199500000,73.9200,73.9400,73.6200,73.6800,237247.69
1785200400000,73.6800,73.7100,72.8000,73.2400,1078140.52
1785201300000,73.2500,73.3700,72.9300,73.3100,369671.43
1785202200000,73.3100,73.4500,73.1000,73.2400,258122.33
1785203100000,73.2500,73.3900,73.1000,73.1400,160030.48
1785204000000,73.1500,73.2900,73.0100,73.2800,197185.29
1785204900000,73.2800,73.4100,73.1800,73.3200,130440.87
1785205800000,73.3300,73.3700,73.1900,73.2200,97108.50
1785206700000,73.2300,73.3700,73.1300,73.3200,263888.37
1785207600000,73.3300,73.3700,73.1700,73.2800,125586.82
1785208500000,73.2900,73.3500,73.2100,73.2300,71072.41
1785209400000,73.2400,73.3300,73.1100,73.3200,110679.05
1785210300000,73.3200,73.3300,73.1500,73.2400,128224.36
1785211200000,73.2500,73.2500,73.1000,73.1400,122538.11
1785212100000,73.1400,73.2100,73.0500,73.0600,118758.42
1785213000000,73.0600,73.1300,72.9300,73.1200,286436.84
1785213900000,73.1100,73.2400,73.1000,73.1500,75064.13
1785214800000,73.1600,73.3500,73.1400,73.2900,97890.74
1785215700000,73.2900,73.5000,73.2800,73.3700,164192.35
1785216600000,73.3700,73.4000,73.2000,73.4000,94196.99
1785217500000,73.3900,73.4300,73.2000,73.2000,103720.43
1785218400000,73.2100,73.2200,73.0800,73.1400,124852.37
1785219300000,73.1500,73.3600,73.1400,73.3100,149651.23
1785220200000,73.3100,73.4400,73.3000,73.4200,95726.69
1785221100000,73.4200,73.4500,73.3600,73.4100,112943.82
1785222000000,73.4100,73.4500,73.3200,73.4100,80112.37
1785222900000,73.4000,73.4400,73.3100,73.3900,32536.88
1785223800000,73.3800,73.3900,73.1700,73.1800,80590.43
1785224700000,73.1800,73.2800,73.0900,73.2400,137681.34
1785225600000,73.2500,73.3400,73.1800,73.2300,83869.37
1785226500000,73.2300,73.3100,73.1000,73.2500,123045.90
1785227400000,73.2600,73.3400,73.1800,73.3200,60559.29
1785228300000,73.3300,73.4000,73.2600,73.3100,64489.43
1785229200000,73.3200,73.4000,73.2300,73.4000,78759.87
1785230100000,73.3900,73.4700,73.3200,73.3800,63910.25
1785231000000,73.3800,73.4400,73.3200,73.3300,74004.86
1785231900000,73.3300,73.3700,73.1600,73.2100,110531.54
1785232800000,73.2100,73.3000,73.1200,73.1300,136149.01
1785233700000,73.1300,73.2600,73.0800,73.1600,114271.42
1785234600000,73.1600,73.2700,73.1200,73.2200,125192.85
1785235500000,73.2200,73.2600,73.0900,73.1000,114691.50
1785236400000,73.1000,73.1400,72.8600,72.8700,249785.17
1785237300000,72.8700,73.2600,72.8200,73.0300,280263.52
1785238200000,73.0200,73.3100,72.9900,73.0500,180516.02
1785239100000,73.0500,73.2200,73.0400,73.1400,80414.32
1785240000000,73.1400,73.2400,73.0800,73.1900,92390.75
1785240900000,73.2000,73.2600,73.1200,73.1800,60836.75
1785241800000,73.1800,73.2900,73.0800,73.2600,100215.31
1785242700000,73.2600,73.4200,73.1900,73.3300,280646.70
1785243600000,73.3200,73.4000,73.1700,73.2300,182564.49
1785244500000,73.2200,73.2700,72.9500,72.9600,155864.55
1785245400000,72.9600,73.0700,72.3400,72.6200,991932.49
1785246300000,72.6200,72.7800,72.3000,72.6700,449431.82
1785247200000,72.6700,72.9500,72.6500,72.7200,277049.73
1785248100000,72.7300,72.9400,72.4900,72.9100,352275.45
1785249000000,72.9100,73.1400,72.7800,73.0400,297175.18
1785249900000,73.0500,73.4500,73.0400,73.3700,374969.73
1785250800000,73.3800,73.7100,73.2500,73.6300,400907.67
1785251700000,73.6300,74.5100,73.4600,74.2200,969133.66
1785252600000,74.2200,74.5500,74.1400,74.4600,396153.48
1785253500000,74.4600,74.5500,74.0800,74.3100,350527.88
1785254400000,74.3100,74.3200,74.0400,74.1100,198388.53
1785255300000,74.1100,74.3200,74.0600,74.1700,180527.91
1785256200000,74.1600,74.3500,74.0000,74.2800,152224.09
1785257100000,74.2700,74.5400,74.1700,74.3800,181532.07
1785258000000,74.3900,74.4000,73.9400,73.9400,179355.65
1785258900000,73.9500,73.9800,73.7500,73.8000,252227.97
1785259800000,73.8000,73.8000,73.5100,73.6100,284885.39
1785260700000,73.6200,73.8100,73.6000,73.7900,140866.61
1785261600000,73.7900,74.0300,73.7800,73.8100,137123.56
1785262500000,73.8100,73.9200,73.7800,73.8100,55946.42
1785263400000,73.8100,73.9000,73.7600,73.8600,68860.13
1785264300000,73.8600,73.9200,73.7600,73.8500,42244.35
1785265200000,73.8500,73.9900,73.8400,73.9000,52813.77
1785266100000,73.9000,74.0000,73.7900,74.0000,85769.02
1785267000000,74.0000,74.2300,73.9900,74.1500,144254.49
1785267900000,74.1500,74.3600,74.1100,74.2900,207857.28
1785268800000,74.2900,74.3400,74.0800,74.1600,143111.32
1785269700000,74.1500,74.3000,74.0700,74.0800,135165.37
1785270600000,74.0800,74.1600,74.0100,74.0500,80301.15
1785271500000,74.0500,74.0600,73.9700,74.0100,65272.65
1785272400000,74.0100,74.1400,73.9600,74.0600,116174.42
1785273300000,74.0500,74.1400,74.0200,74.1300,28679.38
1785274200000,74.1300,74.3000,74.0600,74.2800,98297.35
1785275100000,74.2800,74.3600,74.0900,74.1100,92739.74
1785276000000,74.1100,74.2000,73.9500,74.0800,167128.99
1785276900000,74.0800,74.1500,73.9300,73.9400,63381.27
1785277800000,73.9400,73.9400,73.7100,73.7400,120338.02
1785278700000,73.7400,73.7400,73.3900,73.4000,242693.85
1785279600000,73.4100,73.4400,73.2100,73.3900,213766.37
1785280500000,73.3800,73.4200,73.1300,73.2700,178354.32
1785281400000,73.2800,73.6200,73.2600,73.5800,195851.88
1785282300000,73.5800,73.8100,73.5000,73.7700,212077.52
1785283200000,73.7700,74.1500,73.7700,74.0000,231773.42
1785284100000,74.0000,74.1400,73.8400,73.9200,140767.61
1785285000000,73.9100,74.0000,73.7200,73.9000,157648.19
1785285900000,73.9000,74.0700,73.7200,73.7500,76106.94
1785286800000,73.7400,73.7600,73.4800,73.5200,122490.60
1785287700000,73.5200,73.7700,73.4400,73.6600,92064.22
1785288600000,73.6700,73.7000,73.3800,73.4200,110332.65
1785289500000,73.4300,73.4300,73.1800,73.2400,137995.03
1785290400000,73.2400,73.3700,73.0200,73.3100,169519.78
1785291300000,73.3100,73.7000,73.1000,73.6900,197215.77
1785292200000,73.7000,73.9600,73.6100,73.8200,300042.05
1785293100000,73.8300,73.8300,73.5700,73.6600,82414.76
1785294000000,73.6600,73.7200,73.4100,73.5400,83917.69
1785294900000,73.5400,73.5700,73.2100,73.2300,94241.19
1785295800000,73.2200,73.3300,73.0400,73.1500,141411.91
1785296700000,73.1600,73.2400,72.9500,73.0300,169154.06
1785297600000,73.0400,73.2600,72.6600,73.0000,515609.04
1785298500000,73.0000,73.2200,72.8300,73.1300,197573.06
1785299400000,73.1300,73.4600,73.0600,73.1900,221155.97
1785300300000,73.1800,73.4300,73.1800,73.4100,82774.29
1785301200000,73.4100,73.5700,73.3700,73.5400,143426.81
1785302100000,73.5400,73.5400,73.3000,73.4900,108850.31
1785303000000,73.4800,73.7600,73.4300,73.6800,143037.93
1785303900000,73.6800,73.7500,73.6300,73.6400,75095.31
1785304800000,73.6400,73.6900,73.4800,73.6400,114670.47
1785305700000,73.6400,73.9800,73.5900,73.9600,159795.48
1785306600000,73.9600,74.0500,73.9200,74.0500,171658.44
1785307500000,74.0500,74.0600,73.9500,74.0400,81343.34
1785308400000,74.0400,74.0700,73.9400,74.0100,69155.60
1785309300000,74.0000,74.1200,73.9400,74.1200,99031.86
1785310200000,74.1100,74.1400,73.9600,74.0200,78356.11
1785311100000,74.0200,74.2500,73.9600,74.2100,134215.82
1785312000000,74.2100,74.3000,73.8900,73.9400,213026.80
1785312900000,73.9300,73.9700,73.6600,73.7300,182404.22
1785313800000,73.7300,74.1100,73.6800,74.0800,173566.56
1785314700000,74.0900,74.2000,73.8700,73.9000,108588.64
1785315600000,73.9100,74.0100,73.8700,73.9900,72580.88
1785316500000,74.0000,74.0700,73.9400,74.0400,60566.61
1785317400000,74.0500,74.2900,74.0400,74.1100,100089.60
1785318300000,74.1200,74.1600,74.0100,74.0900,73595.99
1785319200000,74.1000,74.1100,73.9800,73.9900,88080.27
1785320100000,73.9900,74.0700,73.9600,73.9700,56272.88
1785321000000,73.9800,74.0700,73.8900,74.0300,72724.13
1785321900000,74.0400,74.0400,73.7500,73.8700,124720.16
1785322800000,73.8800,74.0500,73.8400,74.0300,59554.91
1785323700000,74.0200,74.0600,73.9000,73.9000,64205.01
1785324600000,73.9100,73.9400,73.7900,73.8200,47627.42
1785325500000,73.8100,73.9700,73.8000,73.9100,38422.52
1785326400000,73.9100,73.9200,73.7400,73.7500,77563.74
1785327300000,73.7400,73.7400,73.4100,73.5000,252065.81
1785328200000,73.5000,73.5600,73.4200,73.5300,78495.84
1785329100000,73.5300,73.6000,73.4300,73.4800,76122.15
1785330000000,73.4800,73.5700,73.4200,73.5200,89738.73
1785330900000,73.5200,73.5500,73.3800,73.5200,113838.91
1785331800000,73.5200,73.7400,73.4300,73.6700,285651.44
1785332700000,73.6700,73.7100,73.3000,73.6900,278837.48
1785333600000,73.6900,73.8900,73.4100,73.4400,266673.77
1785334500000,73.4500,73.5700,73.1100,73.2800,312394.77
1785335400000,73.2800,73.4200,73.0400,73.1400,239680.21
1785336300000,73.1300,73.4300,73.1000,73.2300,166657.66
1785337200000,73.2200,73.3900,73.1700,73.2900,85872.20
1785338100000,73.2900,73.3500,73.0800,73.2800,124151.03
1785339000000,73.2700,73.4200,73.0900,73.1100,127117.29
1785339900000,73.1000,73.1900,72.9300,73.0800,266489.10
1785340800000,73.0800,73.1200,72.9100,73.0600,172653.00
1785341700000,73.0600,73.3300,72.9900,73.1800,189692.39
1785342600000,73.1800,73.2200,72.8800,72.9600,283242.34
1785343500000,72.9500,73.2500,72.9200,73.2400,140462.70
1785344400000,73.2400,73.5300,73.2300,73.5000,358426.47
1785345300000,73.4900,73.5000,73.2200,73.2500,117822.21
1785346200000,73.2400,73.3600,73.1300,73.3500,109085.93
1785347100000,73.3500,73.9200,73.2900,73.9100,341135.38
1785348000000,73.9100,74.3900,73.8500,74.0600,1120649.13
1785348900000,74.0500,74.1300,73.7500,73.8700,292582.71
1785349800000,73.8800,74.2500,73.4000,74.1900,510161.22
1785350700000,74.1800,74.5000,74.1000,74.2100,334863.81
1785351600000,74.2000,74.3400,73.7900,73.9100,239784.81
1785352500000,73.9100,74.1100,73.4200,73.5300,322099.14
1785353400000,73.5200,73.6200,73.2100,73.3000,234339.54
1785354300000,73.2900,73.3100,72.6800,72.7100,707363.94
1785355200000,72.7100,72.9500,72.3900,72.9000,760203.36
1785356100000,72.9000,73.0600,72.4700,72.7000,250914.60
1785357000000,72.7100,73.1700,72.6200,72.9900,176233.63
1785357900000,72.9800,73.0300,72.5600,72.6000,129511.81
1785358800000,72.6100,72.7200,72.2600,72.7100,508984.94
1785359700000,72.7100,72.9300,72.5400,72.9100,138767.44
1785360600000,72.9100,73.0700,72.8600,72.9900,179127.20
1785361500000,72.9900,73.1400,72.8400,73.1400,152622.16
1785362400000,73.1400,73.6900,73.1400,73.5900,360914.40
1785363300000,73.5800,73.7800,73.5200,73.6700,335797.51
1785364200000,73.6700,73.6900,73.4700,73.6200,107130.14
1785365100000,73.6200,73.6400,73.5200,73.6100,64334.78
1785366000000,73.6000,73.6200,73.3800,73.4100,145912.81
1785366900000,73.4100,73.7100,73.4100,73.5800,81439.41
1785367800000,73.5700,73.6500,73.4700,73.6200,47513.79
1785368700000,73.6200,73.7000,73.5800,73.6500,55524.87
1785369600000,73.6500,73.8400,73.6000,73.7400,111221.60
1785370500000,73.7400,73.8400,73.6600,73.7700,92141.80
1785371400000,73.7700,73.7800,73.1800,73.2000,212388.82
1785372300000,73.2000,73.3300,73.1000,73.2700,172198.88
1785373200000,73.2800,73.7400,73.2300,73.4000,217428.11
1785374100000,73.4100,73.6700,73.3600,73.6100,98842.79
1785375000000,73.6200,74.0300,73.6000,73.9100,224151.62
1785375900000,73.9200,74.1800,73.8900,73.9900,154862.94
1785376800000,74.0000,74.1200,73.9600,73.9700,89790.12
1785377700000,73.9800,74.1200,73.9500,73.9900,75549.70
1785378600000,74.0000,74.0000,73.8200,73.9800,72888.28
1785379500000,73.9900,74.0000,73.7800,73.8100,56115.79
1785380400000,73.8100,73.9600,73.6900,73.8000,59198.60
1785381300000,73.8100,73.9800,73.7800,73.8800,77560.00
1785382200000,73.8800,73.8800,73.6600,73.6800,55023.50
1785383100000,73.6800,73.7600,73.6200,73.6800,70395.75
1785384000000,73.6800,73.7100,73.5500,73.5800,72268.21
1785384900000,73.5800,73.6100,73.4700,73.5300,71109.51
1785385800000,73.5400,73.6900,73.4900,73.5400,106916.20
1785386700000,73.5400,73.6100,73.4600,73.4800,58272.48
1785387600000,73.4800,73.5500,73.3800,73.4900,86650.89
1785388500000,73.4900,73.5900,73.4400,73.5500,44205.84
1785389400000,73.5500,73.8400,73.5300,73.7400,91764.56
1785390300000,73.7400,73.8200,73.5700,73.6600,68153.08
1785391200000,73.6600,73.7300,73.5700,73.6000,40825.88
1785392100000,73.6000,73.6700,73.4800,73.6500,69547.47
1785393000000,73.6600,73.6700,73.5500,73.6100,36546.78
1785393900000,73.6100,73.6400,73.4500,73.4900,81435.80
1785394800000,73.5000,73.7800,73.4800,73.7000,124756.65
1785395700000,73.7000,73.7700,73.6000,73.6300,60464.34
1785396600000,73.6400,73.6500,73.4400,73.5200,84834.55
1785397500000,73.5300,73.5300,73.3500,73.3900,60101.86
1785398400000,73.3800,73.4500,73.2600,73.3800,86087.18
1785399300000,73.3800,73.8000,73.3500,73.6900,130512.66
1785400200000,73.6900,73.7600,73.6000,73.7400,63740.65
1785401100000,73.7400,73.8000,73.6900,73.7800,54781.17
1785402000000,73.7800,73.9900,73.7700,73.9700,129670.97
1785402900000,73.9800,74.0500,73.8900,74.0000,127568.55
1785403800000,74.0100,74.1900,74.0000,74.0500,173497.96
1785404700000,74.0600,74.1100,73.9700,74.0200,100063.09
1785405600000,74.0100,74.1700,74.0100,74.0400,90491.49
1785406500000,74.0300,74.1000,74.0200,74.0400,61726.62
1785407400000,74.0500,74.0900,74.0000,74.0800,69616.42
1785408300000,74.0700,74.0900,73.7900,73.8700,137889.67
1785409200000,73.8800,74.0500,73.8600,73.9900,75097.09
1785410100000,73.9900,74.1000,73.9500,74.0400,64062.96
1785411000000,74.0400,74.1500,73.9800,74.1000,76764.20
1785411900000,74.1000,74.3000,74.0800,74.1800,214339.26
1785412800000,74.1800,74.3300,74.1700,74.2600,170535.83
1785413700000,74.2500,74.2700,74.0800,74.1400,149841.76
1785414600000,74.1500,74.3100,74.0400,74.2100,159757.19
1785415500000,74.2100,74.4500,74.1700,74.3600,292312.39
1785416400000,74.3600,74.4200,74.2600,74.3600,143828.23
1785417300000,74.3600,74.3600,74.2200,74.2300,101395.41
1785418200000,74.2200,74.4300,74.0800,74.4000,391651.60
1785419100000,74.4000,74.8900,74.3700,74.6400,645217.08
1785420000000,74.6400,74.7500,74.3400,74.4100,362322.25
1785420900000,74.4100,74.6700,74.2500,74.5900,328438.22
1785421800000,74.6000,74.7200,74.5400,74.6900,211335.67
1785422700000,74.6800,74.7500,74.4600,74.5900,186359.29
1785423600000,74.5900,74.8300,74.4900,74.6000,261176.16
1785424500000,74.6000,74.8400,74.4500,74.4800,233450.92
1785425400000,74.4800,74.6200,74.4300,74.5500,120943.11
1785426300000,74.5600,74.6400,74.4800,74.6100,128397.27
1785427200000,74.6100,74.8100,74.5900,74.6900,190042.99
1785428100000,74.6900,74.7700,74.6300,74.6800,202237.27
1785429000000,74.6900,74.7100,74.4200,74.4200,125785.71
1785429900000,74.4200,74.6000,74.4200,74.5400,90811.66
1785430800000,74.5500,74.6200,74.3800,74.4500,101411.83
1785431700000,74.4500,74.6100,74.4300,74.5300,65720.34
1785432600000,74.5300,74.7700,74.4600,74.7300,109882.87
1785433500000,74.7300,74.8600,74.6500,74.7300,143945.58
1785434400000,74.7200,74.9500,74.7100,74.7300,156774.19
1785435300000,74.7200,74.7900,74.6400,74.6900,124034.88
1785436200000,74.7000,74.7200,74.5100,74.5600,69794.93
1785437100000,74.5700,74.6000,74.4500,74.4800,60139.36
1785438000000,74.4800,74.7400,74.4800,74.7000,71661.76
1785438900000,74.7000,74.7200,74.5900,74.6500,65412.71
1785439800000,74.6500,74.6600,74.5500,74.6200,71209.45
1785440700000,74.6200,74.8100,74.5000,74.7500,177101.24
1785441600000,74.7500,74.8900,74.6100,74.6100,184334.76
1785442500000,74.6200,74.6700,74.5300,74.5500,65879.51
1785443400000,74.5500,74.6200,74.4300,74.5300,149272.16
1785444300000,74.5400,74.5600,74.4000,74.4500,34747.37
1785445200000,74.4500,74.5800,74.4200,74.5000,97573.27
1785446100000,74.4900,74.5600,74.4000,74.4300,44463.89
1785447000000,74.4300,74.5400,74.4200,74.4600,46648.00
1785447900000,74.4700,74.5300,74.4000,74.4600,40111.56
1785448800000,74.4600,74.7500,74.3700,74.6700,186203.28
1785449700000,74.6800,74.8600,74.6500,74.8200,90228.39
1785450600000,74.8300,74.8500,74.7000,74.8100,86565.37
1785451500000,74.8000,74.8300,74.6900,74.7100,31851.26
1785452400000,74.7200,74.7400,74.6500,74.7300,58500.38
1785453300000,74.7300,74.7400,74.6200,74.6400,25784.04
1785454200000,74.6500,74.9600,74.6200,74.6900,394522.45
1785455100000,74.6800,74.7000,74.4200,74.4600,286825.68
1785456000000,74.4600,74.6200,74.4600,74.5700,157948.97
1785456900000,74.5700,74.5800,74.4500,74.5300,103332.71
1785457800000,74.5300,74.6000,74.4100,74.5000,72991.20
1785458700000,74.5000,74.5200,74.4000,74.4600,45403.87
1785459600000,74.4600,75.2800,74.4600,75.1900,614099.28
1785460500000,75.1900,75.1900,74.8500,75.0700,246341.98
1785461400000,75.0800,75.0800,74.7000,74.7200,153330.15
1785462300000,74.7300,74.7700,74.2500,74.3600,399212.24
1785463200000,74.3600,74.5300,74.3000,74.3100,188533.14
1785464100000,74.3100,74.3200,74.1500,74.1800,188573.01
1785465000000,74.1800,74.2700,74.0400,74.0600,176503.35
1785465900000,74.0600,74.2000,74.0400,74.1100,108764.88
1785466800000,74.1100,74.1200,73.8300,73.9800,256948.06
1785467700000,73.9800,74.3300,73.9100,74.1700,156938.45
1785468600000,74.1800,74.2200,74.0500,74.1400,73571.41
1785469500000,74.1300,74.2400,74.0800,74.1100,81061.75
1785470400000,74.1000,74.1200,73.9300,73.9800,123414.77
1785471300000,73.9800,74.0000,73.7000,73.8100,212818.52
1785472200000,73.8000,73.8400,73.7000,73.7500,101309.56
1785473100000,73.7500,73.8500,73.6900,73.7900,186193.38
1785474000000,73.7900,74.0800,73.7900,74.0800,259469.83
1785474900000,74.0700,74.2900,74.0400,74.1300,168881.82
1785475800000,74.1400,74.2200,74.0200,74.0500,143807.91
1785476700000,74.0500,74.2100,74.0300,74.2000,52106.65
1785477600000,74.2100,74.3900,74.1500,74.3100,123466.48
1785478500000,74.3100,74.4200,74.2500,74.4200,143347.48
1785479400000,74.4100,74.5100,74.0800,74.0900,263129.37
1785480300000,74.1000,74.1800,73.9700,74.0600,147742.67
1785481200000,74.0600,74.0600,73.6200,73.7400,348757.38
1785482100000,73.7500,73.8100,73.5000,73.5000,247206.05
1785483000000,73.5000,73.6800,73.4600,73.6300,173183.79
1785483900000,73.6300,73.7300,73.6300,73.6400,120825.51
1785484800000,73.6500,73.7400,73.5700,73.7000,133718.88
1785485700000,73.7100,73.7500,73.5800,73.7000,72757.86
1785486600000,73.7000,73.7000,73.4900,73.6000,85964.77
1785487500000,73.6000,73.7700,73.5700,73.6200,117918.03
1785488400000,73.6300,73.6700,73.5700,73.6300,79170.36
1785489300000,73.6300,73.6300,73.4100,73.4500,144420.10
1785490200000,73.4500,73.5200,73.3500,73.4700,217033.27
1785491100000,73.4600,73.5600,73.4100,73.4400,67214.68
1785492000000,73.4500,73.5300,73.2500,73.5000,181093.31
1785492900000,73.5000,73.6200,73.4600,73.5800,95500.77
1785493800000,73.5800,73.6200,73.4800,73.5400,137578.95
1785494700000,73.5400,73.6000,73.4600,73.5200,78441.41
1785495600000,73.5200,73.6900,73.5100,73.5300,106096.05
1785496500000,73.5400,73.6600,73.4400,73.5500,77370.44
1785497400000,73.5500,73.5600,73.4400,73.4500,58089.58
1785498300000,73.4500,73.5400,73.4300,73.5200,47552.31
1785499200000,73.5200,73.5500,73.3400,73.4300,113105.10
1785500100000,73.4300,73.6100,73.3900,73.5600,77394.27
1785501000000,73.5700,73.5700,73.3800,73.4400,141178.52
1785501900000,73.4400,73.6000,73.4200,73.5800,83754.04
1785502800000,73.5900,73.7100,73.5800,73.6600,81571.11
1785503700000,73.6700,73.7800,73.6600,73.7700,133342.41
1785504600000,73.7700,73.7800,73.3500,73.3500,322254.61
1785505500000,73.3500,73.4400,73.1300,73.2500,520479.68
1785506400000,73.2500,73.4800,72.7500,73.4600,1127730.89
1785507300000,73.4600,73.6700,73.2200,73.2800,738931.20
1785508200000,73.2700,73.3300,72.8600,72.9500,434392.77
1785509100000,72.9600,73.1500,72.7900,73.0100,377790.68
1785510000000,73.0100,73.0500,72.8400,72.9500,245651.29
1785510900000,72.9500,73.0900,72.8300,72.9300,156098.90
1785511800000,72.9400,73.1900,72.8600,73.0400,269149.93
1785512700000,73.0500,73.1200,72.8900,73.0600,100240.20
1785513600000,73.0500,73.2600,73.0400,73.1100,159427.80
1785514500000,73.1100,73.2100,72.9500,73.1900,132244.81
1785515400000,73.1900,73.2000,73.0200,73.1000,89553.42
1785516300000,73.1000,73.3100,73.1000,73.2700,91262.64
1785517200000,73.2700,73.3200,73.1400,73.2700,104322.61
1785518100000,73.2700,73.3600,73.2000,73.3000,98817.74
1785519000000,73.2900,73.4100,73.2400,73.2900,152093.68
1785519900000,73.2900,73.4200,73.2900,73.3400,83259.25
1785520800000,73.3400,73.4600,73.2500,73.2700,86585.71
1785521700000,73.2800,73.4300,73.1700,73.1800,90294.63
1785522600000,73.1800,73.1900,72.9000,73.0400,136426.03
1785523500000,73.0400,73.2000,73.0100,73.0800,81735.75
1785524400000,73.0800,73.1700,73.0000,73.0700,52017.36
1785525300000,73.0600,73.0800,72.9100,72.9700,74988.35
1785526200000,72.9800,73.0500,72.8800,73.0500,81597.51
1785527100000,73.0400,73.2600,73.0300,73.0500,172169.73
1785528000000,73.0500,73.2000,73.0400,73.0800,103789.49
1785528900000,73.0800,73.1500,73.0400,73.0800,40948.42
1785529800000,73.0900,73.0900,72.9300,72.9700,113317.44
1785530700000,72.9700,73.0200,72.9000,72.9200,128856.33
1785531600000,72.9300,73.0300,72.8400,73.0300,47517.21
1785532500000,73.0200,73.0700,72.9600,72.9900,37530.27
1785533400000,73.0000,73.0200,72.9200,73.0000,46761.28
1785534300000,73.0000,73.0500,72.5200,72.6900,289421.56
1785535200000,72.6900,72.8800,72.6300,72.8000,170251.05
1785536100000,72.8000,72.8500,72.7800,72.8400,49479.79
1785537000000,72.8300,72.9200,72.8100,72.8900,52139.15
1785537900000,72.9000,72.9100,72.8100,72.8100,54349.59
1785538800000,72.8100,72.9300,72.8100,72.8800,50148.36
1785539700000,72.8800,72.9400,72.8500,72.8700,34468.94
1785540600000,72.8700,72.9100,72.8100,72.8500,53560.55
1785541500000,72.8500,72.8700,72.7600,72.8300,87860.44
1785542400000,72.8300,72.9600,72.8300,72.9200,74162.18
1785543300000,72.9100,73.0000,72.8700,72.9600,59781.16
1785544200000,72.9600,73.0300,72.9100,73.0100,73416.32
1785545100000,73.0200,73.1200,72.9200,72.9800,99886.87
1785546000000,72.9900,73.0700,72.9800,73.0600,64897.74
1785546900000,73.0700,73.1100,73.0100,73.0500,64629.19
1785547800000,73.0600,73.0700,73.0100,73.0300,33626.13
1785548700000,73.0400,73.0500,72.9500,73.0200,79900.28
1785549600000,73.0200,73.1000,72.9800,73.0300,81363.24
1785550500000,73.0400,73.1300,73.0200,73.1200,67861.96
1785551400000,73.1300,73.1300,72.9800,72.9900,63334.65
1785552300000,73.0000,73.0700,72.9700,73.0500,58457.75
1785553200000,73.0500,73.0700,72.9500,72.9500,77376.98
1785554100000,72.9500,72.9800,72.8800,72.8900,77452.11
1785555000000,72.8900,72.9500,72.8300,72.9100,74310.52
1785555900000,72.9100,73.0100,72.8700,73.0100,54422.51
1785556800000,73.0100,73.0800,73.0000,73.0700,46321.71
1785557700000,73.0800,73.1000,73.0400,73.0600,38661.25
1785558600000,73.0600,73.1100,73.0300,73.1000,30117.92
1785559500000,73.1100,73.1800,73.0800,73.1300,42877.14
1785560400000,73.1300,73.1700,73.1100,73.1700,58055.95
1785561300000,73.1700,73.1700,73.0000,73.0200,52494.54
1785562200000,73.0200,73.0700,72.8900,72.9100,86297.33
1785563100000,72.9200,72.9200,72.8300,72.9100,79689.86
1785564000000,72.9100,72.9500,72.8500,72.9500,70952.36
1785564900000,72.9500,73.0000,72.9200,72.9600,50286.04
1785565800000,72.9600,72.9900,72.9200,72.9500,37911.80
1785566700000,72.9500,72.9900,72.9100,72.9500,31934.86
1785567600000,72.9500,73.0800,72.9400,73.0600,48872.97
1785568500000,73.0600,73.0600,72.9400,72.9400,40424.28
1785569400000,72.9400,72.9700,72.8700,72.9300,62907.63
1785570300000,72.9300,72.9700,72.9100,72.9300,26668.92
1785571200000,72.9300,72.9800,72.9100,72.9400,52049.83
1785572100000,72.9500,73.0500,72.9400,73.0000,45904.24
1785573000000,73.0000,73.0300,72.9300,72.9400,57340.07
1785573900000,72.9400,73.0200,72.9300,72.9900,30413.88
1785574800000,72.9900,73.0500,72.9300,72.9300,76454.38
1785575700000,72.9400,72.9800,72.9000,72.9000,31290.38
1785576600000,72.9000,72.9400,72.8800,72.9300,36993.65
1785577500000,72.9400,72.9400,72.7900,72.8000,58650.16
1785578400000,72.8000,72.8500,72.6200,72.7600,155783.36
1785579300000,72.7700,72.8500,72.7200,72.7900,51634.70
1785580200000,72.7900,72.8600,72.7500,72.8300,49104.31
1785581100000,72.8300,72.8500,72.7700,72.8000,37284.77
1785582000000,72.8000,72.8400,72.7400,72.8400,71290.93
1785582900000,72.8400,72.8700,72.7800,72.8300,47629.18
1785583800000,72.8300,72.8600,72.7900,72.8300,37304.90
1785584700000,72.8400,72.8600,72.8200,72.8500,35146.61
1785585600000,72.8500,72.9000,72.8300,72.8300,67505.38
1785586500000,72.8400,72.9000,72.8300,72.8900,26386.12
1785587400000,72.9000,72.9100,72.8400,72.8400,37722.49
1785588300000,72.8400,72.9000,72.8400,72.8900,28801.98
1785589200000,72.8900,72.9600,72.8700,72.9500,60992.66
1785590100000,72.9500,72.9500,72.8800,72.8800,41359.65
1785591000000,72.8900,72.9600,72.8600,72.9400,71712.40
1785591900000,72.9400,72.9600,72.8800,72.9300,49436.64
1785592800000,72.9400,73.0200,72.8400,72.8400,84212.19
1785593700000,72.8400,72.9500,72.8300,72.9400,63982.28
1785594600000,72.9400,72.9700,72.8900,72.9600,48362.02
1785595500000,72.9600,73.0000,72.9100,72.9900,55620.18
1785596400000,72.9900,73.0000,72.9300,72.9600,36430.60
1785597300000,72.9600,72.9600,72.8000,72.8100,63437.73
1785598200000,72.8100,72.8200,72.6800,72.7700,165966.89
1785599100000,72.7800,72.8200,72.7500,72.7500,91875.98
1785600000000,72.7500,72.8600,72.6900,72.7800,94609.75
1785600900000,72.7800,72.8800,72.7600,72.8400,52979.45
1785601800000,72.8500,72.9100,72.7900,72.7900,49004.67
1785602700000,72.8000,72.8200,72.4000,72.6600,526100.12
1785603600000,72.6700,72.7500,72.3400,72.4500,226155.02
1785604500000,72.4600,72.4700,72.0100,72.1100,636636.47
1785605400000,72.1200,72.1200,71.5700,71.8800,1009029.77
1785606300000,71.8800,71.8900,71.6500,71.8800,347408.28
1785607200000,71.8800,71.9300,71.6500,71.7900,363743.31
1785608100000,71.7900,71.8000,71.3200,71.4900,661627.99
1785609000000,71.4900,71.4900,70.9100,71.1300,1023636.22
1785609900000,71.1400,71.1500,70.5100,71.0400,963309.24
1785610800000,71.0400,71.2800,71.0000,71.2100,247253.28
1785611700000,71.2100,71.2800,71.0800,71.2000,145214.76
1785612600000,71.2100,71.2900,71.1200,71.1800,101906.75
1785613500000,71.1800,71.3300,71.1600,71.2100,60612.22
1785614400000,71.2100,71.4000,71.1400,71.3400,146610.85
1785615300000,71.3500,71.4800,71.3300,71.3800,112429.47
1785616200000,71.3800,71.4900,71.2900,71.4100,97509.02
1785617100000,71.4200,71.5200,71.3800,71.5100,76350.13
1785618000000,71.5200,71.7700,71.5000,71.6700,145865.66
1785618900000,71.6700,71.7500,71.5400,71.6600,76803.12
1785619800000,71.6500,71.7700,71.6300,71.7500,57612.08
1785620700000,71.7500,71.8300,71.7400,71.8100,51456.67
1785621600000,71.8100,71.9900,71.8100,71.9000,162630.63
1785622500000,71.9000,71.9600,71.8300,71.9500,55822.50
1785623400000,71.9600,71.9600,71.8700,71.9200,38511.86
1785624300000,71.9300,71.9500,71.8500,71.8800,45205.90
1785625200000,71.8700,72.0700,71.8700,71.9500,151932.60
1785626100000,71.9500,71.9600,71.7900,71.8000,68059.02
1785627000000,71.8000,71.9000,71.8000,71.8900,55226.59
1785627900000,71.8900,71.9300,71.8600,71.9100,36691.53
1785628800000,71.9100,72.0800,71.8900,72.0500,101587.83
1785629700000,72.0500,72.1200,71.9800,72.0000,80821.80
1785630600000,72.0100,72.0700,71.9700,72.0200,52581.35
1785631500000,72.0200,72.0800,71.9800,72.0700,47363.54
1785632400000,72.0800,72.4800,72.0700,72.4600,265891.94
1785633300000,72.4700,72.5900,72.3900,72.4900,173044.12
1785634200000,72.5000,72.7400,72.4500,72.6100,307702.98
1785635100000,72.6200,72.6600,72.5900,72.6200,84769.40
1785636000000,72.6300,73.3800,72.5500,73.2000,724567.37
1785636900000,73.2000,73.3000,73.0700,73.0800,271274.74
1785637800000,73.0700,73.0900,72.8900,72.9800,180736.19
1785638700000,72.9800,73.1300,72.9500,73.1000,128495.50
1785639600000,73.1000,73.2000,73.0400,73.1100,105402.13
1785640500000,73.1000,73.1900,73.0500,73.0700,146547.70
1785641400000,73.0600,73.2100,73.0600,73.1700,85512.72
1785642300000,73.1800,73.2200,73.1100,73.1700,62006.23
1785643200000,73.1700,73.2800,73.1700,73.2100,98127.78
1785644100000,73.2100,73.4100,73.2000,73.3300,142222.12
1785645000000,73.3300,73.3800,73.2700,73.2700,94128.59
1785645900000,73.2800,73.5200,73.2600,73.5000,135659.67
1785646800000,73.4900,73.6300,73.4400,73.4700,260549.11
1785647700000,73.4700,73.6300,73.4300,73.5100,147505.17
1785648600000,73.5100,73.5500,73.4200,73.4800,175328.05
1785649500000,73.4800,73.6000,73.4600,73.5700,58588.45
1785650400000,73.5600,73.6300,73.4600,73.4700,103281.29
1785651300000,73.4700,73.5800,73.4600,73.5400,70387.17
1785652200000,73.5400,73.5800,73.4800,73.5300,79447.09
1785653100000,73.5200,73.5300,73.4000,73.4300,87461.77
1785654000000,73.4300,73.4500,73.3700,73.4100,120451.75
1785654900000,73.4100,73.4800,73.3900,73.4600,33275.18
1785655800000,73.4500,73.4700,73.4100,73.4600,44252.79
1785656700000,73.4500,73.4800,73.4000,73.4400,61352.61
1785657600000,73.4300,73.5100,73.3600,73.4000,133188.98
1785658500000,73.4000,73.4200,73.2800,73.3100,75971.52
1785659400000,73.3100,73.3700,73.1400,73.2300,279364.06
1785660300000,73.2300,73.2800,73.1300,73.1600,96218.55
1785661200000,73.1600,73.3000,72.9200,73.3000,288104.78
1785662100000,73.3000,73.3400,73.2500,73.2700,89427.66
1785663000000,73.2600,73.3600,73.2500,73.2900,48319.98
1785663900000,73.2800,73.3900,73.2700,73.3500,53500.40
1785664800000,73.3400,73.3400,73.2000,73.2100,50877.84
1785665700000,73.2100,73.3600,73.1100,73.1600,167554.88
1785666600000,73.1700,73.2700,73.1600,73.2400,43758.36
1785667500000,73.2400,73.2800,73.2100,73.2400,34583.74
1785668400000,73.2400,73.2700,73.1700,73.2200,48054.50
1785669300000,73.2100,73.2800,73.1400,73.1600,42465.97
1785670200000,73.1500,73.1900,73.0100,73.0500,99176.25
1785671100000,73.0400,73.1400,72.9100,72.9700,201120.60
1785672000000,72.9600,73.1600,72.9600,73.1600,117185.37
1785672900000,73.1600,73.2000,73.0900,73.1100,82906.50
1785673800000,73.1100,73.1500,72.9700,73.0300,80121.37
1785674700000,73.0200,73.0400,72.8600,72.8600,76735.11
1785675600000,72.8700,72.9500,72.8300,72.9500,129096.07
1785676500000,72.9500,72.9700,72.8700,72.8800,71834.18
1785677400000,72.8800,72.9200,72.6500,72.8400,192487.56
1785678300000,72.8400,72.9800,72.8300,72.9300,98554.81
1785679200000,72.9300,73.0500,72.8800,73.0300,123251.48
1785680100000,73.0400,73.1200,73.0300,73.1100,97176.32
1785681000000,73.1200,73.2000,73.0500,73.1900,102629.37
1785681900000,73.1900,73.1900,73.0300,73.0500,66900.78
1785682800000,73.0500,73.1800,73.0200,73.1700,70423.93
1785683700000,73.1700,73.1800,73.0600,73.0600,37187.99
1785684600000,73.0700,73.1700,73.0100,73.0300,64186.45
1785685500000,73.0400,73.0600,72.9700,72.9900,44398.42
1785686400000,72.9800,73.0000,72.8700,72.9000,100142.85
1785687300000,72.8900,73.0300,72.8900,73.0000,70793.58
1785688200000,73.0000,73.2700,72.9900,73.1800,181161.01
1785689100000,73.1800,73.2200,73.1000,73.1000,66900.47
1785690000000,73.1100,73.2400,73.0500,73.2300,49528.87
1785690900000,73.2300,73.3600,73.1800,73.2000,80842.09
1785691800000,73.2100,73.3300,73.2000,73.3200,74799.54
1785692700000,73.3300,73.3600,73.2600,73.2700,51709.07
1785693600000,73.2800,73.3600,73.2000,73.2800,72301.71
1785694500000,73.2900,73.3700,73.2500,73.3300,52348.70
1785695400000,73.3300,73.8200,73.3300,73.6800,425434.10
1785696300000,73.6800,73.7200,73.5100,73.5200,99336.86
1785697200000,73.5200,73.6500,73.4900,73.5400,103347.07
1785698100000,73.5400,73.6400,73.5100,73.5900,76653.04
1785699000000,73.6000,73.6800,73.5700,73.6400,62115.60
1785699900000,73.6500,73.7600,73.6300,73.6800,72318.19
1785700800000,73.6800,73.7100,73.5400,73.6400,87481.45
1785701700000,73.6300,73.6600,73.5200,73.5400,39602.22
1785702600000,73.5500,73.6100,73.5400,73.5900,33038.77
1785703500000,73.5900,73.6900,73.5600,73.6600,53690.51
1785704400000,73.6500,73.7800,73.6400,73.6800,73353.67
1785705300000,73.6800,73.7800,73.6400,73.7600,64269.51
1785706200000,73.7600,74.0900,73.7200,73.9700,252407.90
1785707100000,73.9700,74.3200,73.8700,73.9500,293857.06
1785708000000,73.9600,74.1900,73.9500,74.0300,155564.79
1785708900000,74.0300,74.1700,73.8600,73.9200,107033.45
1785709800000,73.9300,73.9400,73.6300,73.7900,209556.22
1785710700000,73.8000,73.8400,73.6000,73.6100,106391.44
1785711600000,73.6100,73.6300,73.4500,73.5100,154804.58
1785712500000,73.5000,73.6100,73.4400,73.5400,83726.91
1785713400000,73.5500,73.6000,73.4800,73.5200,67953.87
1785714300000,73.5200,73.6100,73.4200,73.6100,75108.02
1785715200000,73.6100,73.6400,73.3700,73.4300,145725.79
1785716100000,73.4200,73.4700,73.1800,73.2400,145570.72
1785717000000,73.2400,73.3500,73.1500,73.2100,121314.75
1785717900000,73.2100,73.2300,73.1400,73.2000,70181.30
1785718800000,73.1900,73.2300,72.9700,73.0700,212486.05
1785719700000,73.0800,73.1400,72.9600,73.0100,118381.60
1785720600000,73.0200,73.0700,72.9200,73.0000,125354.43
1785721500000,72.9900,73.0200,72.9000,72.9600,113878.47
1785722400000,72.9700,73.0300,72.8600,72.9600,150840.15
1785723300000,72.9700,73.1200,72.9200,72.9400,103085.92
1785724200000,72.9500,73.0900,72.9100,73.0400,66549.15
1785725100000,73.0400,73.0800,72.9400,72.9900,52049.35
1785726000000,72.9900,73.0800,72.9500,72.9800,58611.28
1785726900000,72.9900,73.0500,72.9400,73.0000,63487.05
1785727800000,73.0000,73.0100,72.9000,72.9200,61824.36
1785728700000,72.9300,72.9600,72.6300,72.8500,221513.81
1785729600000,72.8500,72.9600,72.7900,72.8700,103397.98
1785730500000,72.8800,73.0300,72.8700,72.8900,78081.22
1785731400000,72.9000,73.0300,72.8900,73.0300,67586.93
1785732300000,73.0300,73.0300,72.8000,72.8100,70540.04
1785733200000,72.8200,73.0200,72.7900,72.9900,110958.78
1785734100000,73.0000,73.0000,72.8500,72.8700,98543.49
1785735000000,72.8800,72.9000,72.8000,72.8000,55428.09
1785735900000,72.8100,72.8900,72.7900,72.8800,60371.52
1785736800000,72.8900,72.9500,72.8600,72.8900,57364.02
1785737700000,72.8900,72.9100,72.8000,72.8200,40226.80
1785738600000,72.8200,72.8400,72.5100,72.5300,224570.56
1785739500000,72.5300,72.6700,72.4800,72.5800,214202.60
1785740400000,72.5700,72.6200,72.5100,72.5100,137719.60
1785741300000,72.5100,72.6000,72.4000,72.5700,236683.15
1785742200000,72.5800,72.6600,72.5000,72.5100,83529.28
1785743100000,72.5100,72.5500,72.4500,72.4800,92777.30
1785744000000,72.4900,72.5300,72.3900,72.4800,94641.72
1785744900000,72.4900,72.5000,71.8700,72.0400,582764.62
1785745800000,72.0400,72.2100,71.9500,72.1900,232827.79
1785746700000,72.2000,72.3700,72.1500,72.3200,132479.25
1785747600000,72.3300,72.3500,72.2900,72.3100,92823.47
1785748500000,72.3200,72.4400,72.3100,72.4200,126930.99
1785749400000,72.4200,72.5300,72.4100,72.5000,99791.87
1785750300000,72.5000,72.7700,72.5000,72.7000,139547.24
1785751200000,72.7000,72.7700,72.6200,72.6500,120763.40
1785752100000,72.6500,72.7200,72.5700,72.5700,78986.70
1785753000000,72.5700,72.6400,72.5300,72.6200,85002.46
1785753900000,72.6200,72.6400,72.4900,72.5700,87077.24
1785754800000,72.5700,72.6000,72.3500,72.4100,132128.76
1785755700000,72.4000,72.5900,72.3800,72.4500,92072.55
1785756600000,72.4500,72.6200,72.4400,72.5400,59036.24
1785757500000,72.5300,72.5400,72.3700,72.4200,92711.36
1785758400000,72.4200,72.4800,72.2900,72.4700,160106.71
1785759300000,72.4700,72.5300,72.4000,72.4300,90051.96
1785760200000,72.4300,72.4800,72.3800,72.4800,62474.25
1785761100000,72.4700,72.5000,72.3800,72.3800,51110.46
1785762000000,72.3800,72.4600,72.3500,72.4000,96171.38
1785762900000,72.4100,72.7300,72.4000,72.4600,214524.90
1785763800000,72.4700,72.8600,72.2900,72.7700,439555.10
1785764700000,72.7600,73.2500,72.6200,73.2200,570289.75
1785765600000,73.2200,73.3300,73.0200,73.1200,463906.74
1785766500000,73.1200,73.6800,72.9800,73.6200,591060.08
1785767400000,73.6100,73.7200,73.4500,73.5700,485044.34
1785768300000,73.5800,73.7800,73.4000,73.7600,382478.34
1785769200000,73.7600,73.7900,73.3800,73.5300,296045.69
1785770100000,73.5400,73.6900,73.4900,73.5800,281923.39
1785771000000,73.5900,73.7200,73.4900,73.5600,253667.89
1785771900000,73.5700,73.6800,73.4300,73.5700,232752.84
1785772800000,73.5800,73.7800,73.4200,73.5400,269201.64
1785773700000,73.5400,73.6900,73.5000,73.5400,120476.56
1785774600000,73.5500,73.5500,73.2000,73.2900,257102.82
1785775500000,73.3000,73.5000,73.2800,73.3900,154015.45
1785776400000,73.4000,73.6400,73.2800,73.5900,90740.65
1785777300000,73.6000,73.8400,73.5100,73.6000,211411.62
1785778200000,73.6100,73.7700,73.5500,73.7000,135398.42
1785779100000,73.6900,73.7700,73.5800,73.6600,108193.66
1785780000000,73.6700,74.0900,73.6600,74.0400,305877.80
1785780900000,74.0500,74.2700,73.9300,73.9400,253081.09
1785781800000,73.9400,74.0600,73.9000,73.9500,101553.15
1785782700000,73.9500,74.0600,73.8500,73.9400,123438.84
1785783600000,73.9500,74.0600,73.9200,74.0000,107244.14
1785784500000,74.0000,74.1200,73.9700,74.0600,73685.20
1785785400000,74.0600,74.1500,73.9500,74.0200,121262.12
1785786300000,74.0200,74.1000,73.9700,73.9900,93854.97
1785787200000,74.0000,74.0400,73.8800,73.9700,109830.56
1785788100000,73.9700,74.1300,73.9600,73.9800,64484.67
1785789000000,73.9800,74.0100,73.9300,73.9700,40770.08
1785789900000,73.9700,73.9800,73.7400,73.8300,147437.17
1785790800000,73.8300,73.8500,73.7100,73.7500,67633.07
1785791700000,73.7600,73.8200,73.6900,73.7700,79894.09
1785792600000,73.7600,73.8000,73.7200,73.7700,52980.50
1785793500000,73.7600,73.7600,73.6300,73.6800,72408.86
1785794400000,73.6900,73.7100,73.3300,73.5200,230882.26
1785795300000,73.5300,73.7000,73.5000,73.5200,104009.70
1785796200000,73.5200,73.5400,73.3800,73.4200,83868.75
1785797100000,73.4200,73.5400,73.3700,73.5200,44602.30
1785798000000,73.5200,73.5200,73.3600,73.3900,63656.66
1785798900000,73.3900,73.5000,73.3800,73.4800,72316.00
1785799800000,73.4800,73.4900,73.3800,73.4700,53511.23
1785800700000,73.4600,73.5400,73.4300,73.5400,47170.21
1785801600000,73.5300,73.6000,73.4200,73.5000,125528.13
1785802500000,73.5000,73.5600,73.4000,73.4400,156574.04
1785803400000,73.4400,73.4400,73.0300,73.1900,266176.80
1785804300000,73.1900,73.2300,73.0200,73.0600,105852.30
1785805200000,73.0600,73.1900,73.0200,73.1100,103974.25
1785806100000,73.1100,73.2400,73.0500,73.1700,82024.97
1785807000000,73.1700,73.7400,73.1700,73.6700,278248.24
1785807900000,73.6600,73.7600,73.5600,73.7400,169574.49
1785808800000,73.7500,73.8300,73.6900,73.7300,113514.49
1785809700000,73.7400,73.8000,73.6400,73.7200,71784.18
1785810600000,73.7300,74.1000,73.7100,73.9300,314058.59
1785811500000,73.9300,73.9600,73.8200,73.8500,127358.49
1785812400000,73.8400,73.8800,73.5600,73.5600,134168.28
1785813300000,73.5600,73.5700,73.4400,73.5300,161784.53
1785814200000,73.5300,73.7300,73.5200,73.7000,84696.73
1785815100000,73.7100,73.7700,73.6500,73.6600,39999.75
1785816000000,73.6600,73.6900,73.5600,73.6300,74243.18
1785816900000,73.6200,73.7800,73.6100,73.6800,42665.28
1785817800000,73.6800,73.9200,73.6800,73.8900,105094.73
1785818700000,73.9000,74.0800,73.7900,73.7900,241245.44
1785819600000,73.8000,73.8500,73.6700,73.6700,83666.73
1785820500000,73.6800,73.7800,73.6700,73.6900,44543.86
1785821400000,73.7000,73.7700,73.6900,73.7500,66147.23
1785822300000,73.7600,73.7600,73.7000,73.7100,31827.70
1785823200000,73.7100,73.8000,73.6400,73.7700,78918.41
1785824100000,73.7700,73.8900,73.6400,73.6500,112459.56
1785825000000,73.6500,73.6800,73.3900,73.4100,191370.79
1785825900000,73.4000,73.4400,73.3700,73.4000,77754.41
1785826800000,73.4000,73.4500,73.3200,73.3400,107235.70
1785827700000,73.3400,73.3700,73.1700,73.3500,160834.48
1785828600000,73.3500,73.6200,73.3500,73.5200,151119.24
1785829500000,73.5200,73.7100,73.5200,73.6600,111876.33
1785830400000,73.6600,73.7300,73.5200,73.5200,110178.78
1785831300000,73.5200,73.5300,73.3300,73.4200,79177.66
1785832200000,73.4200,73.4300,73.2500,73.4300,114265.96
1785833100000,73.4200,73.4300,73.2900,73.3300,70464.92
1785834000000,73.3300,73.3300,73.2000,73.2000,89353.13
1785834900000,73.2000,73.2600,73.1300,73.2200,119829.14
1785835800000,73.2200,73.2900,73.1600,73.2300,70222.26
1785836700000,73.2300,73.2700,73.1900,73.2600,79330.56
1785837600000,73.2700,73.2900,73.1500,73.1600,71985.87
1785838500000,73.1600,73.2700,73.0600,73.0800,122433.93
1785839400000,73.0900,73.3500,73.0600,73.3300,88619.52
1785840300000,73.3300,73.6800,73.3000,73.5800,270097.18
1785841200000,73.5800,73.6500,73.5100,73.5600,95228.89
1785842100000,73.5700,73.7200,73.5200,73.7000,105348.62
1785843000000,73.7000,73.8200,73.6400,73.7900,105446.99
1785843900000,73.8000,73.9500,73.7600,73.9200,202765.03
1785844800000,73.9200,73.9200,73.7500,73.7700,117129.73
1785845700000,73.7600,73.9200,73.7200,73.8900,86709.67
1785846600000,73.8900,74.0600,73.8200,73.9400,150172.12
1785847500000,73.9400,73.9400,73.7800,73.7900,78007.75
1785848400000,73.7800,73.8500,73.6700,73.8200,84651.80
1785849300000,73.8200,73.9400,73.6900,73.8200,165859.94
1785850200000,73.8200,74.0200,73.7400,73.9100,226788.48
1785851100000,73.9100,73.9500,73.5500,73.6100,281095.56
1785852000000,73.6100,73.8200,73.4000,73.6000,221847.04
1785852900000,73.6000,73.6300,73.2800,73.5200,234791.24
1785853800000,73.5300,73.9000,73.4800,73.8400,248213.96
1785854700000,73.8400,73.8700,73.6900,73.7900,106864.69
1785855600000,73.7900,73.9800,73.6800,73.8300,165825.17
1785856500000,73.8300,73.8500,73.5400,73.5800,150618.26
1785857400000,73.5800,73.9000,73.3700,73.8900,222162.89
1785858300000,73.9000,74.1800,73.8600,73.9500,364318.02
1785859200000,73.9600,73.9800,73.7600,73.8700,251809.39
1785860100000,73.8800,73.9800,73.8000,73.8100,99549.74
1785861000000,73.8100,73.8800,73.6200,73.7100,119800.24
1785861900000,73.7100,73.7700,73.5600,73.7100,87031.34
1785862800000,73.7100,74.2200,73.6800,74.0300,314611.93
1785863700000,74.0200,74.1100,73.9100,74.0900,149301.53
1785864600000,74.0800,74.1200,74.0000,74.0300,97515.35
1785865500000,74.0300,74.0700,73.6900,73.7300,225360.61
1785866400000,73.7400,74.1000,73.7200,74.0900,126416.38
1785867300000,74.0900,74.3700,74.0700,74.2700,317458.09
1785868200000,74.2700,74.3200,74.0100,74.1300,174272.81
1785869100000,74.1400,74.2000,74.0700,74.1200,56637.04
1785870000000,74.1300,74.3400,74.0800,74.3200,123855.83
1785870900000,74.3200,74.3700,74.1200,74.1400,106228.59
1785871800000,74.1400,74.3400,74.1100,74.2300,125433.30
1785872700000,74.2300,74.2700,74.0900,74.1600,156640.83
1785873600000,74.1700,74.2000,74.0400,74.1900,171247.16
1785874500000,74.1800,74.1800,73.8400,74.0600,197683.49
1785875400000,74.0600,74.4400,74.0400,74.3800,192833.81
1785876300000,74.3800,74.3900,74.1500,74.2400,201833.10
1785877200000,74.2400,74.2500,73.9900,74.0100,92528.73
1785878100000,74.0000,74.1300,73.9800,74.0300,72706.88
1785879000000,74.0200,74.1100,73.9900,74.0500,56495.80
1785879900000,74.0500,74.1100,74.0100,74.0900,40273.71
1785880800000,74.1000,74.1200,73.9400,74.1000,88465.32
1785881700000,74.0900,74.1700,74.0400,74.1300,41059.24
1785882600000,74.1400,74.1900,74.0200,74.0300,52089.29
1785883500000,74.0300,74.0700,73.9800,74.0700,36641.76
1785884400000,74.0700,74.2400,73.9300,74.1900,135161.74
1785885300000,74.1900,74.2600,73.8500,73.8600,146870.30
1785886200000,73.8500,73.9100,73.7400,73.8200,180792.23
1785887100000,73.8200,73.8500,73.6900,73.7200,155906.29
1785888000000,73.7200,73.7600,73.5700,73.6300,183726.38
1785888900000,73.6300,73.6600,73.5200,73.6100,121134.85
1785889800000,73.6100,73.7600,73.4700,73.5400,154325.68
1785890700000,73.5400,73.5800,73.4200,73.4800,81112.35
1785891600000,73.4800,73.5600,73.3500,73.5300,111845.13
1785892500000,73.5300,73.6900,73.4500,73.6900,118450.15
1785893400000,73.6800,74.0600,73.6800,73.8700,201725.26
1785894300000,73.8600,74.0800,73.8500,74.0800,108463.51
1785895200000,74.0800,74.3600,74.0400,74.2100,230096.96
1785896100000,74.2100,74.2300,74.0400,74.1700,201229.35
1785897000000,74.1700,74.3800,74.1600,74.3700,225821.68
1785897900000,74.3800,74.4700,74.1400,74.1900,225494.72
1785898800000,74.1900,74.2800,74.0300,74.0300,273611.12
1785899700000,74.0300,74.0400,73.6900,73.7100,351288.05
1785900600000,73.7000,73.8100,73.6700,73.7500,125694.75
1785901500000,73.7600,73.7800,73.7400,73.7500,58938.88
1785902400000,73.7500,73.7800,73.6500,73.6600,66841.34
1785903300000,73.6600,73.7000,73.5800,73.6400,104885.80
1785904200000,73.6500,73.8200,73.6400,73.7300,79404.34
1785905100000,73.7400,73.7900,73.7000,73.7500,53947.89
1785906000000,73.7600,74.0600,73.7000,73.9300,143643.56
1785906900000,73.9400,74.2800,73.9000,74.1600,223663.94
1785907800000,74.1500,74.1500,74.0200,74.1400,154730.58
1785908700000,74.1300,74.1800,74.0600,74.1100,99160.33
1785909600000,74.1100,74.1300,74.0100,74.0700,55839.51
1785910500000,74.0600,74.1100,74.0100,74.1000,50610.81
1785911400000,74.0900,74.2200,74.0800,74.0900,77426.31
1785912300000,74.0900,74.1000,73.9200,73.9800,107239.19
1785913200000,73.9800,74.0100,73.8100,73.8600,142321.75
1785914100000,73.8600,73.8700,73.6500,73.6700,179648.16
1785915000000,73.6800,73.7300,73.6400,73.6400,138816.31
1785915900000,73.6500,73.9500,73.6400,73.9300,139864.74
1785916800000,73.9400,74.0800,73.9400,73.9800,133289.31
1785917700000,73.9900,74.1300,73.9100,74.1100,103870.95
1785918600000,74.1100,74.1200,73.9600,74.0100,89943.59
1785919500000,74.0000,74.1000,73.9500,74.0500,81590.67
1785920400000,74.0500,74.0800,73.9700,74.0600,45123.65
1785921300000,74.0600,74.1700,74.0400,74.1200,93145.43
1785922200000,74.1200,74.1600,74.0900,74.1000,60045.58
1785923100000,74.1000,74.1000,73.9600,73.9800,67312.97
1785924000000,73.9800,74.0300,73.9000,73.9600,94546.75
1785924900000,73.9600,74.0600,73.8700,74.0200,64322.57
1785925800000,74.0200,74.0900,73.9700,74.0000,48321.90
1785926700000,74.0100,74.0300,73.7600,73.8100,174299.32
1785927600000,73.8200,73.9700,73.8000,73.8900,89995.96
1785928500000,73.8900,73.9100,73.7700,73.7800,47044.00
1785929400000,73.7800,73.8600,73.7100,73.7400,72615.45
1785930300000,73.7400,73.7600,73.6900,73.7300,75379.57
1785931200000,73.7400,73.9300,73.6700,73.8400,131292.83
1785932100000,73.8400,74.3600,73.8200,74.2500,566070.24
1785933000000,74.2500,74.3000,74.0700,74.1100,175106.94
1785933900000,74.1200,74.1400,73.9600,74.0300,121575.70
1785934800000,74.0400,74.0800,73.6700,73.8400,289837.72
1785935700000,73.8300,73.8700,73.7100,73.7400,282907.40
1785936600000,73.7400,73.8100,73.2100,73.6500,921221.31
1785937500000,73.6600,73.9500,73.4700,73.9400,406228.38
1785938400000,73.9500,74.1200,73.7500,73.9900,384883.36
1785939300000,73.9900,74.1000,73.7300,73.7800,252061.13
1785940200000,73.7700,73.8600,73.5700,73.7800,233504.92
1785941100000,73.7700,74.0200,73.6500,73.9100,188416.70
1785942000000,73.9200,74.2000,73.8500,74.0300,320656.43
1785942900000,74.0200,74.0500,73.8100,74.0000,206005.05
1785943800000,73.9900,74.2900,73.9900,74.1400,361497.56
1785944700000,74.1500,74.1700,73.9100,73.9100,186162.10
1785945600000,73.9100,74.1700,73.9000,74.1600,145836.99
1785946500000,74.1700,74.4000,74.0900,74.3700,348628.84
1785947400000,74.3700,74.4100,74.2300,74.3200,223857.13
1785948300000,74.3100,74.3200,74.1500,74.2500,116793.84
1785949200000,74.2500,74.3900,74.1500,74.1800,106208.30
1785950100000,74.1700,74.2200,74.0900,74.1700,126439.95
1785951000000,74.1600,74.6400,74.1200,74.5000,460117.34
1785951900000,74.5000,74.5900,74.4700,74.5200,194035.06
1785952800000,74.5200,74.6000,74.3900,74.5600,217116.29
1785953700000,74.5600,74.8200,74.4600,74.4900,259511.19
1785954600000,74.4900,74.6500,74.4200,74.6400,118006.34
1785955500000,74.6400,74.6500,74.4400,74.5000,106086.22
1785956400000,74.5000,74.6000,74.4400,74.5000,90615.74
1785957300000,74.5000,74.5000,74.4000,74.4400,74827.50
1785958200000,74.4400,74.4900,74.4000,74.4500,80476.68
1785959100000,74.4400,74.5400,74.3800,74.4300,163263.94
1785960000000,74.4300,74.5100,74.2700,74.5000,179772.72
1785960900000,74.5000,74.5600,74.3400,74.3900,148631.33
1785961800000,74.4000,74.5100,74.3300,74.5000,60646.48
1785962700000,74.5000,74.5100,74.3400,74.3500,70221.97
1785963600000,74.3400,74.3600,74.1400,74.2900,156607.23
1785964500000,74.2900,74.2900,74.0400,74.0800,126751.17
1785965400000,74.0800,74.1700,74.0300,74.1000,71951.09
1785966300000,74.1100,74.1800,74.0700,74.0800,66171.06
1785967200000,74.0900,74.1600,73.9900,74.0500,100508.81
1785968100000,74.0600,74.1600,73.9500,74.0100,109507.71
1785969000000,74.0100,74.0600,73.9700,74.0000,60064.88
1785969900000,74.0100,74.0800,73.9600,73.9600,62520.99
1785970800000,73.9600,73.9700,73.8000,73.9200,207066.63
1785971700000,73.9100,74.0100,73.8700,73.9800,95801.70
1785972600000,73.9800,74.0700,73.9700,74.0200,66717.97
1785973500000,74.0200,74.0400,73.9300,74.0000,58627.14
1785974400000,74.0000,74.1200,73.9900,74.0600,105719.19
1785975300000,74.0600,74.2400,74.0400,74.1400,97354.79
1785976200000,74.1500,74.1900,74.0600,74.0700,45218.47
1785977100000,74.0700,74.1000,74.0000,74.0300,55585.23
1785978000000,74.0300,74.0800,73.9500,74.0200,97574.65
1785978900000,74.0100,74.0300,73.7100,73.7400,274489.66
1785979800000,73.7400,73.8500,73.6800,73.7400,156269.73
1785980700000,73.7300,73.8900,73.7000,73.7000,76370.02
1785981600000,73.7000,73.7400,73.5400,73.5500,281769.07
1785982500000,73.5500,73.6000,73.3400,73.3800,463048.63
1785983400000,73.3900,73.5700,73.3300,73.5500,196213.73
1785984300000,73.5600,73.5600,73.4500,73.4800,104120.40
1785985200000,73.4900,73.5200,73.3900,73.5100,90015.96
1785986100000,73.5100,73.5100,73.4200,73.5000,74584.14
1785987000000,73.5100,73.5500,73.4100,73.4100,82667.73
1785987900000,73.4100,73.5400,73.4000,73.4400,132253.18
1785988800000,73.4500,73.5600,73.3400,73.5500,139520.41
1785989700000,73.5500,73.7800,73.5400,73.7500,231147.05
1785990600000,73.7600,73.8400,73.6800,73.7000,113594.95
1785991500000,73.7000,73.8300,73.6400,73.8300,53029.25
1785992400000,73.8200,74.3300,73.8100,74.1900,428444.90
1785993300000,74.1900,74.3300,74.0700,74.1100,283609.19
1785994200000,74.1000,74.1600,74.0400,74.1600,116236.75
1785995100000,74.1600,74.2000,74.1000,74.2000,70063.04
1785996000000,74.2000,74.2100,73.9700,73.9900,147718.38
1785996900000,73.9800,74.1000,73.9100,74.0400,91629.97
1785997800000,74.0400,74.0900,73.9900,74.0800,57403.78
1785998700000,74.0800,74.1000,73.9800,74.0100,39151.78
1785999600000,74.0200,74.0700,73.9500,74.0600,74255.16
1786000500000,74.0600,74.1000,73.9900,74.0300,47365.22
1786001400000,74.0300,74.0500,73.8700,73.8800,83125.51
1786002300000,73.8800,73.9100,73.8300,73.8400,52337.84
1786003200000,73.8500,73.8700,73.7100,73.7400,121428.00
1786004100000,73.7500,73.7900,73.6600,73.7600,155303.61
1786005000000,73.7700,73.8900,73.7200,73.8300,120018.42
1786005900000,73.8400,74.0800,73.8300,73.9500,124984.20
1786006800000,73.9500,73.9600,73.5500,73.5700,243490.90
1786007700000,73.5800,73.6500,73.4300,73.4800,410291.11
1786008600000,73.4800,73.4800,73.2400,73.2900,446752.99
1786009500000,73.3000,73.3100,73.1200,73.2500,292309.52
1786010400000,73.2400,73.2900,73.1200,73.1500,184739.72
1786011300000,73.1500,73.3700,73.1300,73.3400,215639.35
1786012200000,73.3400,73.4000,73.2600,73.2700,111122.66
1786013100000,73.2700,73.3200,73.2000,73.2700,84803.77
1786014000000,73.2700,73.3500,73.1300,73.3200,121323.07
1786014900000,73.3300,73.4400,73.3200,73.3400,75924.60
1786015800000,73.3400,73.5200,73.3400,73.4900,79037.34
1786016700000,73.4800,73.4900,73.3900,73.4100,73534.11
1786017600000,73.4200,73.4400,73.2300,73.2300,140278.16
1786018500000,73.2300,73.3700,73.1800,73.3500,102406.75
1786019400000,73.3500,73.4000,73.2500,73.3000,73408.63
1786020300000,73.3000,73.3100,73.0800,73.1000,142758.38
1786021200000,73.1000,73.1400,72.8100,72.9300,441834.21
1786022100000,72.9300,72.9500,72.7800,72.9200,199335.15
1786023000000,72.9200,73.2500,72.8100,73.2100,290890.48
1786023900000,73.2100,73.2900,73.1300,73.1900,159212.80
1786024800000,73.2000,73.2700,73.1100,73.1800,139587.10
1786025700000,73.1700,73.3500,73.1300,73.1300,141936.32
1786026600000,73.1300,73.5600,73.0500,73.4900,369272.88
1786027500000,73.5000,73.5500,73.3000,73.4200,178255.07
1786028400000,73.4200,73.5900,73.3900,73.4600,160224.07
1786029300000,73.4600,73.5300,73.3100,73.4800,122432.08
1786030200000,73.4800,73.5900,73.3500,73.3600,110041.72
1786031100000,73.3700,73.5200,73.2600,73.2700,132833.72
1786032000000,73.2700,73.3500,73.0300,73.1000,230436.81
1786032900000,73.1100,73.2800,73.0800,73.2700,118073.13
1786033800000,73.2800,73.4500,73.2100,73.3600,79086.06
1786034700000,73.3600,73.4300,73.3000,73.4000,82545.17
1786035600000,73.4000,73.5100,73.3900,73.3900,117253.26
1786036500000,73.3900,73.4200,73.2800,73.2900,43625.01
1786037400000,73.2800,73.3500,73.0100,73.1200,123332.25
1786038300000,73.1200,73.1700,73.0500,73.1500,75427.26
1786039200000,73.1500,73.1600,72.9100,73.0300,162202.88
1786040100000,73.0400,73.1900,73.0000,73.0800,68109.21
1786041000000,73.0700,73.0800,72.8500,72.8600,113706.25
1786041900000,72.8600,72.9500,72.6600,72.7900,275116.29
1786042800000,72.7800,72.8300,72.7200,72.7500,99480.55
1786043700000,72.7400,72.7500,72.5100,72.5900,200361.04
1786044600000,72.5800,72.7400,72.5500,72.7400,87307.86
1786045500000,72.7400,72.9100,72.7300,72.7600,136638.85
1786046400000,72.7500,72.9300,72.7500,72.9200,77048.01
1786047300000,72.9200,72.9200,72.7900,72.8600,65463.99
1786048200000,72.8600,72.9600,72.8200,72.9000,43863.27
1786049100000,72.9000,72.9000,72.7900,72.8100,39265.95
1786050000000,72.8000,72.9400,72.7400,72.9300,90734.14
1786050900000,72.9300,72.9600,72.8300,72.9200,70213.56
1786051800000,72.9100,72.9500,72.7500,72.9000,130091.19
1786052700000,72.9000,72.9400,72.8200,72.8300,34233.10
1786053600000,72.8200,72.8500,72.7000,72.7900,92023.25
1786054500000,72.7900,72.8100,72.6100,72.6600,50487.03
1786055400000,72.6700,72.7400,72.6300,72.6800,57496.81
1786056300000,72.6800,72.7000,72.6300,72.6600,62710.12
1786057200000,72.6500,72.7100,72.6100,72.6300,90680.58
1786058100000,72.6400,72.6400,72.2900,72.3500,316699.43
1786059000000,72.3500,72.4200,72.3000,72.4100,135329.98
1786059900000,72.4100,72.6700,72.3600,72.6500,149463.13
1786060800000,72.6500,72.7800,72.5800,72.6000,193365.86
1786061700000,72.6000,72.6700,72.5400,72.6200,118005.97
1786062600000,72.6200,72.7100,72.5200,72.6300,55456.91
1786063500000,72.6300,72.6600,72.5300,72.6300,37878.66
1786064400000,72.6300,72.7900,72.6000,72.6400,75596.63
1786065300000,72.6400,72.7200,72.5800,72.7100,54129.42
1786066200000,72.7200,72.8400,72.5400,72.6400,97571.40
1786067100000,72.6400,72.7300,72.6200,72.7000,43076.01
1786068000000,72.7000,72.7500,72.4200,72.7400,111384.41
1786068900000,72.7400,72.9100,72.5500,72.5800,231157.50
1786069800000,72.5900,72.7000,72.5300,72.6500,78510.26
1786070700000,72.6400,72.7500,72.6300,72.6700,56110.55
1786071600000,72.6700,72.7100,72.5800,72.5800,55824.41
1786072500000,72.5800,72.7200,72.5500,72.6500,82110.10
1786073400000,72.6400,72.7300,72.6300,72.6600,35320.50
1786074300000,72.6600,72.6900,72.4900,72.5700,61298.39
1786075200000,72.5700,72.6500,72.4500,72.5800,86890.60
1786076100000,72.5800,72.7600,72.5800,72.7000,60872.37
1786077000000,72.7000,72.7600,72.6400,72.6800,68639.40
1786077900000,72.6800,72.7000,72.5500,72.6300,86786.73
1786078800000,72.6400,72.7100,72.6100,72.6600,57461.38
1786079700000,72.6600,72.6800,72.4900,72.5100,90598.78
1786080600000,72.5200,72.6600,72.3900,72.6500,185775.82
1786081500000,72.6600,72.9200,72.6500,72.8400,174069.45
1786082400000,72.8400,72.9400,72.7800,72.9300,86123.51
1786083300000,72.9300,73.0400,72.9100,72.9800,273228.47
1786084200000,72.9800,73.0000,72.8700,72.9000,108827.53
1786085100000,72.9000,72.9300,72.7700,72.8100,87956.06
1786086000000,72.8100,72.9600,72.7100,72.9300,108882.85
1786086900000,72.9300,72.9800,72.8700,72.9300,144294.56
1786087800000,72.9300,73.0000,72.9000,72.9100,77667.69
1786088700000,72.9100,72.9600,72.8800,72.9000,39222.02
1786089600000,72.9000,73.0000,72.8800,72.9600,63381.34
1786090500000,72.9700,72.9900,72.9000,72.9400,50168.53
1786091400000,72.9300,73.3000,72.9300,73.2300,236479.63
1786092300000,73.2300,73.2500,73.1300,73.1600,118840.16
1786093200000,73.1600,73.4100,73.1500,73.3700,258985.63
1786094100000,73.3600,73.6300,73.3600,73.4900,378325.30
1786095000000,73.4900,73.7100,73.4900,73.6500,264225.51
1786095900000,73.6500,73.7000,73.5400,73.5900,177698.04
1786096800000,73.5900,73.7400,73.5800,73.6000,186825.30
1786097700000,73.6100,73.6200,73.5000,73.5900,86345.78
1786098600000,73.6000,73.6200,73.4600,73.4700,113407.61
1786099500000,73.4800,73.5300,73.4600,73.5100,68749.65
1786100400000,73.5100,73.6600,73.5100,73.5300,83390.32
1786101300000,73.5400,73.7500,73.5000,73.5700,138263.35
1786102200000,73.5800,73.6400,73.5200,73.6100,77623.44
1786103100000,73.6100,73.6500,73.5500,73.6100,62684.65
1786104000000,73.6100,74.0800,73.6000,73.9100,539228.93
1786104900000,73.9100,73.9700,73.8500,73.9600,276102.43
1786105800000,73.9700,74.3100,73.6100,73.7500,648383.16
1786106700000,73.7600,74.0100,73.7600,73.8800,247974.41
1786107600000,73.8700,73.9200,73.7600,73.8000,156959.59
1786108500000,73.8000,73.9300,73.7700,73.8400,161966.33
1786109400000,73.8500,74.2400,73.8000,74.1900,530750.08
1786110300000,74.2000,74.3300,74.0500,74.0900,471954.41
1786111200000,74.1000,74.1400,73.6300,73.6600,655664.24
1786112100000,73.6600,74.1000,73.5700,74.1000,419410.88
1786113000000,74.1000,74.2000,73.9200,73.9300,253382.47
1786113900000,73.9300,73.9900,73.5200,73.6800,296623.23
1786114800000,73.6900,73.9300,73.6600,73.8200,223503.53
1786115700000,73.8200,73.8300,73.6800,73.7300,73651.29
1786116600000,73.7300,73.9500,73.7100,73.8900,112349.79
1786117500000,73.8900,73.9400,73.8200,73.8500,76320.66
1786118400000,73.8600,74.1000,73.8600,74.0600,137992.05
1786119300000,74.0500,74.0600,73.8000,73.8200,168157.84
1786120200000,73.8300,73.8600,73.7000,73.7600,98393.36
1786121100000,73.7600,73.8100,73.5400,73.5500,121352.88
1786122000000,73.5500,73.5500,73.2700,73.2800,329746.02
1786122900000,73.2800,73.3800,73.2200,73.2400,253776.61
1786123800000,73.2500,73.4100,73.1500,73.3300,257561.15
1786124700000,73.3300,73.4000,73.1800,73.3800,105346.34
1786125600000,73.3900,73.5500,73.3800,73.4800,133671.92
1786126500000,73.4800,73.5500,73.4400,73.4600,93684.59
1786127400000,73.4600,73.4900,73.2400,73.2500,91376.34
1786128300000,73.2400,73.4100,73.2400,73.3700,69796.89
1786129200000,73.3800,73.6700,73.3700,73.6300,131360.92
1786130100000,73.6400,73.8700,73.6300,73.8100,196167.53
1786131000000,73.8000,73.8700,73.7500,73.8200,138335.98
1786131900000,73.8100,74.0000,73.8100,74.0000,148015.39
1786132800000,73.9900,74.0600,73.9200,74.0500,160933.92
1786133700000,74.0400,74.0600,73.9600,73.9700,97575.12
1786134600000,73.9600,73.9600,73.8000,73.8100,133377.90
1786135500000,73.8100,73.8400,73.7500,73.8000,57343.28
1786136400000,73.8000,73.8400,73.7300,73.7900,50352.80
1786137300000,73.7800,73.8600,73.6000,73.6900,118729.42
1786138200000,73.6900,73.8300,73.6500,73.7100,70791.15
1786139100000,73.7000,73.7100,73.5700,73.6300,41035.15
1786140000000,73.6300,73.6600,73.5600,73.6600,93397.53
1786140900000,73.6600,73.7000,73.6400,73.6600,47436.75
1786141800000,73.6600,73.6600,73.5500,73.5700,56621.62
1786142700000,73.5700,73.6200,73.5600,73.6100,37536.26
1786143600000,73.6200,73.7200,73.6100,73.7000,59166.69
1786144500000,73.7000,73.7100,73.6000,73.6000,29475.60
1786145400000,73.5900,73.7000,73.5800,73.6900,31570.08
1786146300000,73.6900,73.7500,73.6200,73.6200,48401.51
1786147200000,73.6300,73.7000,73.5800,73.6100,85034.03
1786148100000,73.6000,73.6200,73.5300,73.6200,55846.00
1786149000000,73.6200,73.6600,73.5900,73.6600,36672.13
1786149900000,73.6500,73.7200,73.6200,73.6800,57027.17
1786150800000,73.6800,73.7400,73.6400,73.7100,69041.34
1786151700000,73.7200,73.8000,73.6800,73.7900,50629.23
1786152600000,73.7900,73.9400,73.7700,73.9300,93865.94
1786153500000,73.9300,73.9300,73.8500,73.8500,42186.81
1786154400000,73.8500,73.9400,73.8400,73.9200,71895.16
1786155300000,73.9300,73.9300,73.8900,73.9200,34420.20
1786156200000,73.9200,73.9400,73.9100,73.9100,46925.95
1786157100000,73.9200,73.9200,73.8200,73.8300,35282.88
1786158000000,73.8400,73.9500,73.8200,73.9400,72753.48
1786158900000,73.9500,74.1800,73.9300,74.1400,146496.74
1786159800000,74.1300,74.5400,74.1300,74.4500,456748.49
1786160700000,74.4500,74.9900,74.4000,74.8100,585331.05
1786161600000,74.8200,75.1300,74.6100,74.6800,516490.09
1786162500000,74.6700,74.7400,74.5600,74.5600,154744.67
1786163400000,74.5700,74.7200,74.5500,74.6200,103916.70
1786164300000,74.6300,74.6600,74.5500,74.6100,73293.57
1786165200000,74.6100,74.6100,74.5400,74.5500,101532.90
1786166100000,74.5600,74.6900,74.4900,74.6600,98691.78
1786167000000,74.6500,74.7300,74.5600,74.5600,95472.86
1786167900000,74.5600,74.6400,74.4500,74.6400,120205.45
1786168800000,74.6400,74.6600,74.5400,74.6200,60110.84
1786169700000,74.6300,74.7200,74.5500,74.7100,81360.61
1786170600000,74.7100,74.7400,74.6300,74.7000,107683.74
1786171500000,74.6900,74.7900,74.6600,74.6800,49265.35
1786172400000,74.6700,74.7900,74.6700,74.6800,61814.91
1786173300000,74.6800,74.7100,74.6400,74.6800,50305.41
1786174200000,74.6700,74.7200,74.6300,74.6900,47781.15
1786175100000,74.6900,74.8000,74.6800,74.7900,49496.49
1786176000000,74.7800,74.8200,74.7400,74.7800,78010.42
1786176900000,74.7800,74.8100,74.6600,74.8100,100157.05
1786177800000,74.8100,74.9000,74.7600,74.7700,95159.96
1786178700000,74.7700,74.8300,74.6800,74.7800,78825.00
1786179600000,74.7900,74.8500,74.7800,74.8100,55877.30
1786180500000,74.8100,74.9300,74.8100,74.9200,66208.37
1786181400000,74.9200,75.0200,74.8000,74.8200,128243.21
1786182300000,74.8100,74.8900,74.7900,74.8500,287945.66
1786183200000,74.8400,74.9600,74.8400,74.9000,67335.51
1786184100000,74.9000,75.0000,74.8800,74.9600,104625.39
1786185000000,74.9500,75.0000,74.9100,75.0000,61588.39
1786185900000,74.9900,75.1800,74.9900,75.0600,145136.77
1786186800000,75.0600,75.6600,75.0300,75.4300,573683.95
1786187700000,75.4200,75.4400,75.2200,75.2400,223134.08
1786188600000,75.2400,75.2500,75.1600,75.2200,79634.00
1786189500000,75.2100,75.7000,75.1900,75.5800,357078.43
1786190400000,75.5800,75.6600,75.4300,75.5700,288865.62
1786191300000,75.5700,75.5800,75.3300,75.3500,165950.87
1786192200000,75.3600,75.4900,75.3600,75.4700,116942.22
1786193100000,75.4700,75.5700,75.3900,75.4100,86364.53
1786194000000,75.4100,75.5100,75.4000,75.4300,63984.43
1786194900000,75.4200,75.5100,75.4200,75.5100,62659.90
1786195800000,75.5100,75.5100,75.4200,75.4700,96776.81
1786196700000,75.4600,75.5300,75.4500,75.5100,77581.84
1786197600000,75.5100,75.7600,75.5000,75.6300,177710.01
1786198500000,75.6200,75.8700,75.5600,75.7900,182505.10
1786199400000,75.7900,76.1500,75.7600,75.9300,424179.75
1786200300000,75.9300,76.6300,75.9300,76.4800,605850.40
1786201200000,76.4800,76.6900,76.3800,76.6400,464329.83
1786202100000,76.6400,76.8200,76.4500,76.4800,338388.87
1786203000000,76.4800,76.5000,76.3100,76.3200,217543.88
1786203900000,76.3300,76.4500,76.2200,76.3700,172177.32
1786204800000,76.3700,76.4900,76.3100,76.3400,151715.73
1786205700000,76.3400,76.4400,76.2200,76.2900,140393.52
1786206600000,76.2900,76.3100,76.1400,76.2500,105090.72
1786207500000,76.2500,76.3800,76.2100,76.3400,98191.00
1786208400000,76.3500,76.3800,76.2400,76.3400,81733.97
1786209300000,76.3400,76.4300,76.2800,76.4200,104389.91
1786210200000,76.4200,76.4700,76.3100,76.3800,118952.72
1786211100000,76.3800,76.4100,76.3400,76.3700,58290.50
1786212000000,76.3600,76.3600,76.2100,76.2500,88624.86
1786212900000,76.2400,76.2700,76.0500,76.0700,155717.96
1786213800000,76.0700,76.1800,76.0500,76.1200,83049.17
1786214700000,76.1100,76.1700,76.0800,76.1200,38577.14
1786215600000,76.1100,76.1300,76.0400,76.0700,65019.36
1786216500000,76.0700,76.1000,75.9600,75.9600,117808.21
1786217400000,75.9600,76.0900,75.9400,76.0700,113425.17
1786218300000,76.0700,76.2600,76.0500,76.1300,169783.64
1786219200000,76.1400,76.2400,76.1100,76.2400,38919.21
1786220100000,76.2400,76.2700,76.1300,76.1600,46168.19
1786221000000,76.1700,76.2500,76.1600,76.2500,51671.82
1786221900000,76.2400,76.2400,76.1700,76.2300,34893.46
1786222800000,76.2400,76.3500,76.2300,76.2700,60654.77
1786223700000,76.2700,76.3500,76.2600,76.3100,73027.07
1786224600000,76.3000,76.3100,76.1700,76.2300,46826.56
1786225500000,76.2200,76.2500,76.1100,76.1900,45106.37
1786226400000,76.1900,76.2500,76.1500,76.1700,62113.96
1786227300000,76.1600,76.2700,76.1500,76.2300,60497.15
1786228200000,76.2200,76.2500,76.1000,76.1100,57371.85
1786229100000,76.1100,76.1100,75.8400,75.8900,172446.83
1786230000000,75.9000,75.9200,75.7400,75.8300,143998.28
1786230900000,75.8300,75.9200,75.7700,75.8800,100564.27
1786231800000,75.8800,76.0800,75.8700,76.0700,78191.64
1786232700000,76.0600,76.0700,75.9700,76.0000,56262.39
1786233600000,76.0000,76.0400,75.9500,75.9800,78560.45
1786234500000,75.9800,75.9900,75.8800,75.9200,35100.57
1786235400000,75.9100,75.9900,75.8600,75.9400,58018.29
1786236300000,75.9400,76.0000,75.8300,76.0000,82050.93
1786237200000,75.9900,76.0800,75.8900,75.9300,153759.56
1786238100000,75.9300,75.9400,75.7400,75.7400,93014.54
1786239000000,75.7400,75.8600,75.7100,75.8500,60571.79
1786239900000,75.8500,75.9100,75.8000,75.8600,48497.21
1786240800000,75.8500,75.8800,75.7700,75.8700,49828.05
1786241700000,75.8600,75.9300,75.8000,75.9100,40616.94
1786242600000,75.9100,75.9900,75.8700,75.8800,95479.69
1786243500000,75.8800,75.9200,75.7800,75.8600,89373.62
1786244400000,75.8500,75.8500,75.7500,75.7700,68855.47
1786245300000,75.7700,75.9900,75.7500,75.9900,64433.22
1786246200000,75.9900,76.0300,75.9500,75.9700,73367.99
1786247100000,75.9600,76.0300,75.9400,75.9700,56481.21
1786248000000,75.9600,76.1100,75.9500,76.0900,71259.41
1786248900000,76.0800,76.1000,75.9800,76.0500,69246.41
1786249800000,76.0400,76.0500,75.9300,76.0100,34685.13
1786250700000,76.0100,76.0200,75.9300,75.9500,32444.35
1786251600000,75.9600,76.0100,75.9400,75.9500,41708.57
1786252500000,75.9600,76.0100,75.9200,75.9200,35060.12
1786253400000,75.9200,75.9400,75.8600,75.9200,58754.14
1786254300000,75.9200,76.0100,75.9100,75.9900,66946.25
1786255200000,75.9900,76.0300,75.9400,76.0000,65868.91
1786256100000,76.0000,76.2800,75.9900,76.2100,164706.96
1786257000000,76.2200,76.3500,76.2000,76.2800,135929.08
1786257900000,76.2800,76.4800,76.2800,76.4000,229208.22
1786258800000,76.4000,76.4500,76.3100,76.4300,146176.92
1786259700000,76.4300,76.4700,76.3000,76.3400,91907.00
1786260600000,76.3400,76.3600,76.2200,76.2500,99259.74
1786261500000,76.2500,76.3400,76.2300,76.3400,62198.06
1786262400000,76.3400,76.5700,76.3000,76.4100,178254.76
1786263300000,76.4200,76.4200,76.3300,76.3600,47409.28
1786264200000,76.3600,76.4300,76.1000,76.1000,119788.55
1786265100000,76.1000,76.3100,76.0800,76.3000,168736.58
1786266000000,76.3000,76.4500,76.2600,76.4300,143607.04
1786266900000,76.4300,76.4500,76.2300,76.2400,77060.45
1786267800000,76.2300,76.5100,76.2300,76.4400,128531.98
1786268700000,76.4400,76.4500,76.3600,76.4200,48495.87
1786269600000,76.4300,76.5400,76.3900,76.5300,92830.44
1786270500000,76.5300,76.6400,76.4700,76.4900,120634.17
1786271400000,76.4900,76.5200,76.3900,76.4100,52242.37
1786272300000,76.4100,76.4100,76.3400,76.3600,68245.68
1786273200000,76.3600,76.4300,76.3100,76.4000,70205.64
1786274100000,76.4000,76.4600,76.3600,76.4400,36018.02
1786275000000,76.4400,76.5100,76.4100,76.4600,55021.04
1786275900000,76.4700,76.5100,76.4300,76.4700,51096.10
1786276800000,76.4700,76.5700,76.3900,76.5000,115467.35
1786277700000,76.5100,76.5200,76.3900,76.3900,38689.52
1786278600000,76.3900,76.4000,76.2700,76.3000,69528.40
1786279500000,76.3000,76.3800,76.3000,76.3400,51199.28
1786280400000,76.3500,76.6400,76.3200,76.5600,130736.50
1786281300000,76.5600,76.8700,76.5500,76.6900,349901.71
1786282200000,76.7000,76.7400,76.6100,76.6600,102378.89
1786283100000,76.6600,76.6700,76.5400,76.5400,77901.33
1786284000000,76.5400,76.7100,76.5400,76.6600,135210.28
1786284900000,76.6600,76.6900,76.5600,76.6600,51692.62
1786285800000,76.6700,76.9600,76.6400,76.7500,252084.43
1786286700000,76.7400,77.0700,76.6900,77.0000,339146.17
1786287600000,76.9900,77.0600,76.8600,76.9000,204930.80
1786288500000,76.9000,76.9300,76.8300,76.9100,72307.75
1786289400000,76.9100,77.3400,76.8700,77.2500,449113.52
1786290300000,77.2600,77.4600,77.0800,77.4100,416785.14
1786291200000,77.4100,77.5600,77.2500,77.2900,433283.61
1786292100000,77.2800,77.3500,77.0700,77.0800,198344.85
1786293000000,77.0800,77.3400,77.0700,77.2500,174588.35
1786293900000,77.2500,77.3300,77.2200,77.3100,61512.84
1786294800000,77.3100,77.3200,77.1800,77.2600,85676.26
1786295700000,77.2600,77.3100,77.2000,77.2500,61925.38
1786296600000,77.2400,77.3200,77.1700,77.3100,76467.32
1786297500000,77.3000,77.3100,77.1100,77.1600,62304.11
1786298400000,77.1500,77.2200,77.1300,77.1400,48836.75
1786299300000,77.1400,77.2100,77.0600,77.1800,66252.85
1786300200000,77.1800,77.2000,77.1000,77.1400,35195.83
1786301100000,77.1300,77.2400,77.1300,77.1900,46735.39
1786302000000,77.1800,77.2300,77.1200,77.1300,45608.08
1786302900000,77.1200,77.2900,77.1200,77.2600,33024.18
1786303800000,77.2500,77.3200,77.2200,77.3000,60052.41
1786304700000,77.3000,77.3500,77.2100,77.2200,69059.69
1786305600000,77.2100,77.2400,77.0500,77.0600,54978.45
1786306500000,77.0500,77.2100,77.0400,77.2000,44205.87
1786307400000,77.2000,77.2400,77.1900,77.2400,27875.49
1786308300000,77.2300,77.2800,77.1900,77.2500,31931.65
1786309200000,77.2400,77.2500,77.1300,77.2000,51235.65
1786310100000,77.2000,77.3700,77.1900,77.3700,48771.78
1786311000000,77.3600,77.4400,77.3400,77.3800,50904.00
1786311900000,77.3900,77.5000,77.3100,77.3400,67964.40
1786312800000,77.3300,77.8800,77.3300,77.6900,332721.23
1786313700000,77.6800,77.7400,77.4000,77.4200,232465.04
1786314600000,77.4200,77.4500,76.9400,77.0400,400496.45
1786315500000,77.0300,77.0400,76.6300,76.8000,388390.97
1786316400000,76.8000,76.8900,76.6600,76.6700,178222.72
1786317300000,76.6700,76.7400,76.3200,76.3900,341676.34
1786318200000,76.3900,76.4900,76.1900,76.3000,454160.56
1786319100000,76.3100,76.3800,76.1600,76.2300,265378.38
1786320000000,76.2300,77.0000,76.1700,76.7400,573797.99
1786320900000,76.7400,76.7500,76.4600,76.5400,198584.38
1786321800000,76.5300,76.6200,76.2700,76.3100,241122.01
1786322700000,76.3100,76.6500,76.2800,76.5100,156734.73
1786323600000,76.5000,76.7700,76.4200,76.6600,132983.99
1786324500000,76.6500,76.8100,76.5800,76.5800,122722.30
1786325400000,76.5800,76.6500,76.3700,76.5800,139507.68
1786326300000,76.5700,77.1400,76.5600,76.8800,270205.09
1786327200000,76.8700,76.9100,76.6500,76.7300,122207.26
1786328100000,76.7300,76.7400,76.4000,76.4900,161478.44
1786329000000,76.5000,76.8600,76.4900,76.8500,114443.40
1786329900000,76.8400,76.8500,76.6900,76.7900,74756.47
1786330800000,76.7800,76.7900,76.4800,76.4800,157382.43
1786331700000,76.4800,76.9200,76.3400,76.6900,226806.31
1786332600000,76.6800,76.8300,76.6500,76.7100,74812.30
1786333500000,76.7100,76.7500,76.5300,76.6000,79819.50
1786334400000,76.6000,76.7200,76.5800,76.6700,67055.84
1786335300000,76.6700,76.7100,76.5700,76.5900,104063.87
1786336200000,76.6000,76.6200,76.3900,76.5200,84293.07
1786337100000,76.5200,76.6300,76.4500,76.5100,56110.67
1786338000000,76.5100,76.6900,76.5000,76.5600,65960.28
1786338900000,76.5600,76.7500,76.5500,76.7500,46286.09
1786339800000,76.7400,76.8200,76.6800,76.7900,71594.76
1786340700000,76.7800,76.9500,76.7500,76.8600,81570.68
1786341600000,76.8500,77.0500,76.8300,76.9100,114791.76
1786342500000,76.9000,76.9600,76.7700,76.8700,117134.92
1786343400000,76.8600,76.9700,76.8600,76.9500,69183.27
1786344300000,76.9400,77.0000,76.9000,76.9600,60133.35
1786345200000,76.9500,76.9700,76.8100,76.8200,37533.53
1786346100000,76.8200,76.9900,76.7900,76.9600,47190.70
1786347000000,76.9500,77.0900,76.9500,77.0100,89881.16
1786347900000,77.0100,77.0300,76.8900,76.9500,63201.80
1786348800000,76.9400,77.0800,76.9100,76.9100,93082.75
1786349700000,76.9100,77.1200,76.8300,76.9500,145894.34
1786350600000,76.9400,76.9600,76.6300,76.7900,190140.77
1786351500000,76.7900,76.9600,76.7400,76.9100,101461.98
1786352400000,76.9100,77.0000,76.8700,76.9600,87955.89
1786353300000,76.9700,76.9800,76.8000,76.8100,70519.22
1786354200000,76.8000,76.8000,76.6600,76.6900,93539.64
1786355100000,76.7000,76.7100,76.5300,76.5300,190181.47
1786356000000,76.5300,76.6600,76.5100,76.5300,102066.84
1786356900000,76.5300,76.6700,76.5100,76.6300,133988.75
1786357800000,76.6300,76.8400,76.5600,76.7500,156220.27
1786358700000,76.7500,76.8400,76.6900,76.7800,55228.41
1786359600000,76.7800,76.8100,76.6300,76.6800,73686.14
1786360500000,76.6800,76.8600,76.6800,76.8300,101783.72
1786361400000,76.8400,76.9000,76.8000,76.8200,54900.59
1786362300000,76.8200,77.0300,76.8100,77.0200,118119.19
1786363200000,77.0300,77.1000,76.9200,76.9600,222369.21
1786364100000,76.9700,76.9700,76.8500,76.8500,76663.97
1786365000000,76.8600,76.8600,76.6600,76.8500,201100.18
1786365900000,76.8500,76.8500,76.5700,76.6100,126156.98
1786366800000,76.6100,76.7500,76.5600,76.6900,135291.53
1786367700000,76.6900,76.7300,76.5600,76.6600,120129.18
1786368600000,76.6700,76.6900,76.2800,76.3300,396929.08
1786369500000,76.3300,76.4300,76.1000,76.2800,399352.49
1786370400000,76.2800,76.6800,76.2400,76.6300,270897.56
1786371300000,76.6300,76.6700,76.4700,76.6100,125416.34
1786372200000,76.6100,76.6700,76.4500,76.5800,139035.45
1786373100000,76.5800,76.6100,76.2100,76.2400,204042.94
1786374000000,76.2300,76.4100,76.0300,76.0800,318449.48
1786374900000,76.0800,76.2700,75.7800,75.9800,650124.62
1786375800000,75.9800,76.1100,75.8400,75.9400,337614.36
1786376700000,75.9500,76.0200,75.8400,75.9300,197751.76
1786377600000,75.9300,76.0800,75.8400,75.9600,245032.76
1786378500000,75.9600,75.9800,75.5400,75.7200,583139.36
1786379400000,75.7100,75.9700,75.6500,75.7400,308267.15
1786380300000,75.7300,75.7500,75.5700,75.6800,295022.28
1786381200000,75.6900,76.0500,75.5800,75.9800,243923.69
1786382100000,75.9700,76.0100,75.8600,75.9100,111104.07
1786383000000,75.9100,76.1000,75.9000,76.0100,173757.60
1786383900000,76.0000,76.0000,75.9000,75.9600,92439.34
1786384800000,75.9500,76.0500,75.9400,75.9700,74938.07
1786385700000,75.9800,76.0200,75.9000,75.9400,87411.19
1786386600000,75.9500,75.9700,75.6800,75.8300,220064.38
1786387500000,75.8300,75.8500,75.6800,75.8000,59348.15
1786388400000,75.7900,75.9200,75.7800,75.9200,66212.75
1786389300000,75.9100,76.0900,75.9100,76.0800,61944.87
1786390200000,76.0900,76.2600,76.0900,76.2100,134801.54
1786391100000,76.2100,76.2300,76.0700,76.1700,116745.07
1786392000000,76.1800,76.3500,76.1500,76.2400,157014.75
1786392900000,76.2400,76.3300,76.2200,76.3100,55840.97
1786393800000,76.3200,76.4700,76.3100,76.4300,74402.34
1786394700000,76.4200,76.4500,76.3300,76.4100,59850.91
1786395600000,76.4100,76.4700,76.3100,76.3400,90325.71
1786396500000,76.3500,76.4100,76.2800,76.4100,81999.99
1786397400000,76.4100,76.4700,76.3800,76.3800,69319.12
1786398300000,76.3900,76.3900,76.2600,76.2800,66319.41
1786399200000,76.2700,76.3200,76.0700,76.2700,181258.15
1786400100000,76.2700,76.3500,76.1500,76.1800,63485.40
1786401000000,76.1800,76.1900,76.0100,76.1400,87602.06
1786401900000,76.1300,76.2000,76.1300,76.1800,37395.99
1786402800000,76.1800,76.1900,76.0600,76.1600,68711.61
1786403700000,76.1500,76.1700,76.0000,76.0800,72336.59
1786404600000,76.0900,76.1000,76.0000,76.1000,63543.00
1786405500000,76.0900,76.1000,75.9400,75.9500,129155.32
1786406400000,75.9600,75.9600,75.7200,75.9400,272611.37
1786407300000,75.9400,75.9900,75.8700,75.9900,92450.35
1786408200000,75.9900,76.0200,75.8200,75.8800,93424.65
1786409100000,75.8800,75.9100,75.8100,75.8500,114862.42
1786410000000,75.8500,75.9500,75.6600,75.9100,210920.73
1786410900000,75.9000,75.9400,75.7600,75.9100,135960.56
1786411800000,75.9100,75.9200,75.7500,75.8400,76487.45
1786412700000,75.8400,76.0700,75.8400,76.0600,67466.95
1786413600000,76.0600,76.1100,76.0200,76.0400,79635.40
1786414500000,76.0500,76.1000,75.9400,75.9700,86370.13
1786415400000,75.9700,76.0800,75.9500,76.0700,47236.51
1786416300000,76.0700,76.0900,75.9800,76.0000,46439.26
1786417200000,76.0000,76.1800,76.0000,76.1000,64951.43
1786418100000,76.1000,76.2200,76.0700,76.1400,71896.98
1786419000000,76.1400,76.1600,76.0800,76.0900,44688.65
1786419900000,76.0900,76.1000,76.0300,76.0400,43430.71
1786420800000,76.0400,76.1600,76.0300,76.1400,54356.03
1786421700000,76.1500,76.1500,76.0800,76.1000,39126.74
1786422600000,76.1100,76.1600,76.0800,76.1500,41875.09
1786423500000,76.1600,76.1900,76.0400,76.0400,41621.75
1786424400000,76.0400,76.0400,75.9600,76.0100,64267.60
1786425300000,76.0200,76.0500,75.7400,75.7600,175493.23
1786426200000,75.7600,75.9200,75.7400,75.9000,90802.15
1786427100000,75.9100,75.9100,75.7600,75.7600,69451.06
1786428000000,75.7600,76.0000,75.6700,75.9800,212493.34
1786428900000,75.9800,75.9900,75.8600,75.9300,109880.51
1786429800000,75.9300,75.9600,75.7300,75.7500,325060.25
1786430700000,75.7500,75.7900,75.6100,75.7700,154528.18
1786431600000,75.7700,75.8300,75.6500,75.6600,95293.20
1786432500000,75.6500,75.6500,75.3600,75.3900,450377.16
1786433400000,75.4000,75.7000,75.3900,75.6800,160540.16
1786434300000,75.6900,75.7300,75.5900,75.6600,123198.80
1786435200000,75.6600,75.7400,75.5900,75.6000,84979.97
1786436100000,75.5900,75.7200,75.5800,75.6900,96880.59
1786437000000,75.7000,75.8600,75.6800,75.8400,131003.50
1786437900000,75.8400,75.9500,75.8300,75.8900,126251.46
1786438800000,75.8900,75.9100,75.7200,75.7200,200646.51
1786439700000,75.7200,75.8600,75.6800,75.7300,212968.80
1786440600000,75.7300,75.7800,75.6300,75.7500,121814.38
1786441500000,75.7600,75.8500,75.6600,75.8400,200034.05
1786442400000,75.8400,75.9500,75.7700,75.7800,138230.63
1786443300000,75.7800,75.9500,75.7200,75.9300,104034.61
1786444200000,75.9400,75.9700,75.7700,75.7900,86537.06
1786445100000,75.8000,76.0300,75.7900,75.9000,205327.19
1786446000000,75.9100,76.3500,75.9000,76.1800,393862.03
1786446900000,76.1800,76.1900,76.0300,76.0900,130184.96
1786447800000,76.0900,76.1600,76.0700,76.1100,96601.78
1786448700000,76.1200,76.2000,76.0700,76.1600,91282.66
1786449600000,76.1600,76.2100,76.0400,76.1000,111756.76
1786450500000,76.1000,76.1200,75.7900,75.8400,152424.58
1786451400000,75.8400,75.9100,75.7500,75.8500,115442.74
1786452300000,75.8500,75.8700,75.7700,75.8200,66745.51
1786453200000,75.8200,76.0000,75.7400,75.9200,204257.30
1786454100000,75.9300,75.9500,75.6800,75.8400,129447.55
1786455000000,75.8400,76.0200,75.6900,75.9200,164359.16
1786455900000,75.9200,76.0700,75.7900,75.9700,187618.92
1786456800000,75.9700,76.0700,75.8700,75.9900,117620.75
1786457700000,75.9900,76.1200,75.5100,75.5900,427028.76
1786458600000,75.5800,75.6200,75.3300,75.4500,326300.38
1786459500000,75.4500,75.4700,75.0300,75.1500,579350.79
1786460400000,75.1600,75.2600,75.0600,75.0800,315351.81
1786461300000,75.0900,75.3800,75.0500,75.3100,222340.71
1786462200000,75.3100,75.3600,74.5700,74.8000,877987.90
1786463100000,74.7900,74.9300,74.6500,74.8700,336707.65
1786464000000,74.8700,75.0000,74.7300,74.9700,322439.37
1786464900000,74.9800,75.0300,74.8500,74.9300,142974.85
1786465800000,74.9400,74.9800,74.8200,74.8700,105557.32
1786466700000,74.8600,74.9800,74.8400,74.8900,84924.80
1786467600000,74.8900,75.0200,74.8800,74.9400,101830.71
1786468500000,74.9500,75.0600,74.9000,75.0300,96321.82
1786469400000,75.0300,75.0800,74.9400,75.0000,87650.53
1786470300000,75.0100,75.1900,74.9300,75.1200,163609.05
1786471200000,75.1300,75.2300,75.1000,75.2000,107310.62
1786472100000,75.1900,75.3000,75.1600,75.1700,78540.48
1786473000000,75.1800,75.2900,75.0300,75.2200,242266.38
1786473900000,75.2200,75.2800,75.1200,75.2300,69052.78
1786474800000,75.2300,75.2300,75.0100,75.0300,105542.63
1786475700000,75.0200,75.2700,75.0200,75.2500,72279.92
1786476600000,75.2500,75.4900,75.2500,75.4800,106003.86
1786477500000,75.4900,75.6900,75.4800,75.6300,271378.51
1786478400000,75.6300,76.2700,75.6100,76.1000,705522.42
1786479300000,76.1000,76.1100,75.8600,76.0400,273416.46
1786480200000,76.0500,76.1600,75.9000,75.9200,159203.60
1786481100000,75.9100,76.0600,75.8300,76.0100,161326.84
1786482000000,76.0200,76.1600,76.0100,76.1300,115885.46
1786482900000,76.1200,76.1500,76.0000,76.0300,261440.33
1786483800000,76.0200,76.1500,75.9700,76.1300,121241.95
1786484700000,76.1300,76.4100,76.1000,76.4100,249256.59
1786485600000,76.4100,76.6400,76.3600,76.3800,342299.79
1786486500000,76.3800,76.5100,76.3300,76.4100,113539.80
1786487400000,76.4000,76.4600,76.2800,76.3500,160133.55
1786488300000,76.3400,76.3900,76.2100,76.3800,103510.54
1786489200000,76.3800,76.3800,76.1700,76.2100,95886.20
1786490100000,76.2000,76.3100,76.1600,76.2600,104674.19
1786491000000,76.2600,76.3300,76.1800,76.2900,86009.91
1786491900000,76.3000,76.3100,76.1800,76.2700,66988.11
1786492800000,76.2700,76.3000,76.1900,76.2500,117878.71
1786493700000,76.2500,76.3000,76.1900,76.2300,53424.70
1786494600000,76.2200,76.2900,76.2200,76.2400,39807.94
1786495500000,76.2300,76.3400,76.2000,76.3400,41881.79
1786496400000,76.3400,76.4900,76.3000,76.4700,98499.33
1786497300000,76.4800,76.4900,76.3100,76.3300,90367.58
1786498200000,76.3300,76.4600,76.2600,76.4400,65696.51
1786499100000,76.4400,76.5600,76.3600,76.4000,133225.41
1786500000000,76.4000,76.5500,76.3900,76.4800,132063.17
1786500900000,76.4800,76.5400,76.4000,76.5300,50132.00
1786501800000,76.5200,76.5500,76.4200,76.4700,59708.95
1786502700000,76.4700,76.5700,76.3900,76.4100,85550.73
1786503600000,76.4000,76.5000,76.3100,76.3400,89843.31
1786504500000,76.3300,76.3600,76.2300,76.2600,98135.91
1786505400000,76.2600,76.4500,76.2200,76.4000,82333.00
1786506300000,76.3900,76.4100,76.3200,76.3800,67106.08
1786507200000,76.3800,76.4500,76.3300,76.3900,53053.31
1786508100000,76.3900,76.5500,76.3300,76.3400,129371.06
1786509000000,76.3400,76.3400,76.2400,76.3000,72935.80
1786509900000,76.2900,76.3600,76.2500,76.2700,49877.97
1786510800000,76.2600,76.3500,76.1500,76.3100,98051.89
1786511700000,76.3000,76.3100,76.2400,76.2600,45396.92
1786512600000,76.2600,76.3200,76.2200,76.2800,47938.44
1786513500000,76.2800,76.3200,76.2400,76.2900,46158.72
1786514400000,76.2800,76.3300,76.1800,76.1900,74729.28
1786515300000,76.1900,76.2800,76.1200,76.1500,71030.80
1786516200000,76.1500,76.1500,76.0500,76.0600,110719.68
1786517100000,76.0500,76.0700,75.9300,76.0200,182339.10
1786518000000,76.0200,76.1400,76.0000,76.0800,78118.39
1786518900000,76.0700,76.1000,76.0000,76.0100,61592.85
1786519800000,76.0100,76.0800,75.9500,75.9800,66240.40
1786520700000,75.9700,76.2500,75.9100,76.2500,164831.66
1786521600000,76.2500,76.4300,76.2000,76.2700,232990.80
1786522500000,76.2600,76.4400,76.2600,76.3900,119473.34
1786523400000,76.3900,76.3900,76.2500,76.2600,71997.95
1786524300000,76.2600,76.3100,76.1200,76.1500,104215.53
1786525200000,76.1500,76.3200,76.0900,76.2800,81140.97
1786526100000,76.2800,76.7500,76.2800,76.7500,424728.44
1786527000000,76.7500,76.8800,76.6600,76.7300,278130.28
1786527900000,76.7200,76.7600,76.6500,76.7100,99466.24
1786528800000,76.7100,76.8200,76.6200,76.7800,239249.65
1786529700000,76.7800,76.8400,76.7000,76.7000,95994.81
1786530600000,76.7000,76.7900,76.6800,76.7300,84642.52
1786531500000,76.7200,76.7800,76.6700,76.7300,78950.94
1786532400000,76.7300,76.8000,76.6600,76.6700,78881.09
1786533300000,76.6600,76.8300,76.6500,76.7900,95184.03
1786534200000,76.7800,76.8100,76.6700,76.7000,61097.47
1786535100000,76.7000,76.8200,76.6800,76.7900,73126.87
1786536000000,76.8000,77.0300,76.7900,76.9500,310671.24
1786536900000,76.9500,77.3000,76.8600,77.1500,321182.66
1786537800000,77.1500,77.3300,76.4700,76.4900,896019.78
1786538700000,76.4800,76.6800,76.3200,76.6100,386517.81
1786539600000,76.6100,76.6300,76.3300,76.4300,383246.44
1786540500000,76.4300,76.5200,76.3500,76.4100,118763.14
1786541400000,76.4100,76.4500,75.9900,76.2500,484191.26
1786542300000,76.2400,76.4100,76.1300,76.1900,231576.02
1786543200000,76.1900,76.2200,75.7100,76.0300,640943.01
1786544100000,76.0200,76.0500,75.7100,75.7300,226806.51
1786545000000,75.7300,75.8100,75.3900,75.5400,600186.19
1786545900000,75.5400,75.6700,75.3600,75.4300,367638.71
1786546800000,75.4300,75.7400,75.3300,75.7100,275567.87
1786547700000,75.7100,75.8400,75.6100,75.6900,182527.52
1786548600000,75.7000,75.8000,75.5700,75.7700,106233.53
1786549500000,75.7700,75.8000,75.6600,75.7100,89785.50
1786550400000,75.7200,75.7600,75.6000,75.7100,125077.95
1786551300000,75.7100,75.8100,75.6500,75.7300,70359.35
1786552200000,75.7400,75.7400,75.6000,75.6000,68988.15
1786553100000,75.6000,75.7000,75.5200,75.6600,69286.84
1786554000000,75.6600,75.7600,75.6300,75.7200,67102.82
1786554900000,75.7100,75.8000,75.6300,75.7800,68506.13
1786555800000,75.7800,76.0300,75.7000,75.9300,166121.15
1786556700000,75.9200,76.0200,75.8600,75.8700,88018.05
1786557600000,75.8700,75.9900,75.8300,75.9700,84161.28
1786558500000,75.9700,75.9800,75.8700,75.9200,80108.72
1786559400000,75.9300,76.0600,75.9100,75.9900,49804.04
1786560300000,75.9800,75.9900,75.7900,75.8400,72147.25
1786561200000,75.8400,75.9700,75.8100,75.8300,67803.59
1786562100000,75.8300,75.8900,75.7000,75.8200,95863.57
1786563000000,75.8100,75.8200,75.5600,75.5900,94333.35
1786563900000,75.5900,75.7300,75.5500,75.7200,70927.30
1786564800000,75.7200,75.8500,75.7100,75.7900,51486.36
1786565700000,75.7900,75.8500,75.7000,75.8500,50870.61
1786566600000,75.8400,75.9800,75.8400,75.9400,55324.66
1786567500000,75.9300,75.9500,75.8400,75.9000,63430.99
1786568400000,75.9000,75.9700,75.7900,75.7900,103065.27
1786569300000,75.7900,75.8500,75.4000,75.5000,176596.61
1786570200000,75.5000,75.6500,75.3900,75.6300,100290.57
1786571100000,75.6300,75.6600,75.4100,75.4300,67296.46
1786572000000,75.4300,75.6300,75.2700,75.5400,149587.10
1786572900000,75.5400,75.6200,75.5000,75.5300,47079.69
1786573800000,75.5300,75.5400,75.3700,75.4500,87752.84
1786574700000,75.4500,75.4900,75.4100,75.4800,60313.52
1786575600000,75.4800,75.5400,75.3900,75.4300,59599.76
1786576500000,75.4300,75.4500,75.3400,75.4500,61401.67
1786577400000,75.4500,75.5700,75.4400,75.5200,68928.69
1786578300000,75.5100,75.6000,75.5000,75.5900,33451.70
1786579200000,75.5900,75.7700,75.5500,75.7200,108188.86
1786580100000,75.7200,75.8500,75.7100,75.7600,146589.08
1786581000000,75.7600,75.7700,75.5300,75.5600,135385.01
1786581900000,75.5500,75.6600,75.5200,75.5700,74433.45
1786582800000,75.5700,75.7200,75.5000,75.7000,62441.69
1786583700000,75.7000,75.7100,75.4300,75.5100,89862.31
1786584600000,75.5000,75.7600,75.4900,75.5800,74645.01
1786585500000,75.5700,75.7100,75.5200,75.6000,52413.77
1786586400000,75.6000,75.6100,75.5200,75.5900,52126.25
1786587300000,75.5800,75.6700,75.5700,75.6300,40502.70
1786588200000,75.6300,75.6900,75.4800,75.6900,53762.52
1786589100000,75.6900,75.9400,75.6200,75.9400,167598.12
1786590000000,75.9400,76.1300,75.9200,76.1200,193293.74
1786590900000,76.1200,76.2400,76.0400,76.2000,322104.60
1786591800000,76.2000,76.2900,76.1300,76.1800,171283.69
1786592700000,76.1800,76.2800,76.1600,76.2300,114133.26
1786593600000,76.2300,76.2500,76.1200,76.1500,68810.97
1786594500000,76.1500,76.1600,75.9900,76.0600,101088.21
1786595400000,76.0600,76.1700,76.0500,76.1100,46462.19
1786596300000,76.1200,76.1700,76.0700,76.1000,76616.18
1786597200000,76.1000,76.2400,76.0400,76.2400,100653.85
1786598100000,76.2400,76.3600,76.2200,76.3500,131788.79
1786599000000,76.3500,76.5900,76.2700,76.5300,224172.24
1786599900000,76.5400,76.6000,76.4500,76.4700,149831.03
1786600800000,76.4700,76.5100,76.4000,76.4200,82182.07
1786601700000,76.4300,76.4700,76.3800,76.3900,68991.07
1786602600000,76.4000,76.4000,76.2900,76.3000,68423.50
1786603500000,76.2900,76.4900,76.2900,76.4800,64572.02
1786604400000,76.4900,76.5100,76.3600,76.4000,82461.63
1786605300000,76.4100,76.4700,76.3500,76.4600,37023.45
1786606200000,76.4600,76.4800,76.4000,76.4000,44241.54
1786607100000,76.4100,76.4100,76.3500,76.4100,59107.18
1786608000000,76.4100,76.4500,76.2400,76.2400,68908.08
1786608900000,76.2500,76.2600,76.2000,76.2200,71457.82
1786609800000,76.2200,76.2300,76.1900,76.2000,32207.63
1786610700000,76.2000,76.2000,76.1300,76.1800,101818.51
1786611600000,76.1800,76.1800,75.8900,75.9200,132674.33
1786612500000,75.9100,76.0300,75.8400,75.9600,191212.15
1786613400000,75.9600,76.0200,75.8900,75.9500,71754.23
1786614300000,75.9400,76.1400,75.9400,76.1100,92171.85
1786615200000,76.1200,76.1500,75.7700,75.8100,377055.56
1786616100000,75.8100,75.8700,75.7800,75.7900,94140.62
1786617000000,75.7900,75.7900,75.6400,75.7000,168176.82
1786617900000,75.7000,75.7400,75.7000,75.7000,71172.86
1786618800000,75.7000,75.7100,75.6000,75.6200,110484.71
1786619700000,75.6100,75.6400,75.5100,75.5600,121437.98
1786620600000,75.5600,75.6800,75.5100,75.6000,155057.33
1786621500000,75.6100,75.6500,75.5700,75.6100,76989.51
1786622400000,75.6100,75.8100,75.5900,75.8000,103053.49
1786623300000,75.8000,75.9000,75.7400,75.8300,131330.87
1786624200000,75.8300,76.0000,75.7200,75.9400,198018.13
1786625100000,75.9400,76.1100,75.8700,76.0800,111115.94
1786626000000,76.0900,76.1900,76.0500,76.1100,127328.69
1786626900000,76.1100,76.1200,76.0000,76.0300,103704.64
1786627800000,76.0300,76.3300,76.0100,76.2600,220257.06
1786628700000,76.2500,76.2700,76.1300,76.1600,125514.76
1786629600000,76.1600,76.4400,76.1000,76.3200,189506.89
1786630500000,76.3300,76.4000,76.2000,76.2600,105256.99
1786631400000,76.2600,76.5600,76.2100,76.5300,272291.72
1786632300000,76.5300,76.5400,76.4200,76.4300,136009.51
1786633200000,76.4200,76.5100,76.3300,76.3400,100792.74
1786634100000,76.3400,76.3700,75.9400,76.0300,236135.95
1786635000000,76.0200,76.1600,76.0000,76.0600,154813.57
1786635900000,76.0500,76.0600,75.5900,75.6100,333381.35
1786636800000,75.6000,75.7500,75.4800,75.6900,412034.65
1786637700000,75.6800,75.8500,75.5900,75.6200,173877.21
1786638600000,75.6300,75.6700,75.0400,75.3300,705463.41
1786639500000,75.3300,75.6800,75.2400,75.5600,395219.14
1786640400000,75.5600,75.7900,75.5100,75.7000,196592.13
1786641300000,75.7000,75.8500,75.6800,75.7800,156442.58
1786642200000,75.7800,75.9100,75.7200,75.8400,126214.09
1786643100000,75.8300,75.8800,75.7100,75.7400,63617.54
1786644000000,75.7300,75.8900,75.7100,75.8300,64604.33
1786644900000,75.8200,75.9200,75.7100,75.7200,75233.19
1786645800000,75.7200,75.8100,75.6400,75.8000,90196.18
1786646700000,75.8000,76.0700,75.7800,75.9800,164415.56
1786647600000,75.9700,76.2500,75.9400,76.1000,210804.61
1786648500000,76.1000,76.1400,76.0200,76.1000,114552.25
1786649400000,76.0900,76.1300,76.0200,76.1000,112096.71
1786650300000,76.0900,76.1700,76.0700,76.1700,93486.09
1786651200000,76.1600,76.3100,76.1100,76.1500,200954.13
1786652100000,76.1400,76.2300,76.1300,76.2300,85820.56
1786653000000,76.2200,76.3000,76.2000,76.2300,59436.06
1786653900000,76.2200,76.2300,76.1400,76.1800,54553.61
1786654800000,76.1800,76.2700,76.1700,76.2100,65336.45
1786655700000,76.2100,76.2200,76.1300,76.1500,42428.48
1786656600000,76.1400,76.1900,76.0800,76.1600,78876.70
1786657500000,76.1700,76.2300,76.1300,76.1700,34540.66
1786658400000,76.1800,76.4100,76.1600,76.3500,132388.86
1786659300000,76.3600,76.3900,76.3100,76.3800,63494.49
1786660200000,76.3900,76.3900,76.3100,76.3400,50578.37
1786661100000,76.3400,76.3600,76.2100,76.2100,74440.57
1786662000000,76.2100,76.2200,76.1200,76.1600,89957.24
1786662900000,76.1500,76.2000,76.1000,76.1900,46149.31
1786663800000,76.1900,76.2700,76.1800,76.2600,66497.97
1786664700000,76.2700,76.2700,76.1700,76.2300,32915.90
1786665600000,76.2300,76.2900,76.1500,76.1600,84889.58
1786666500000,76.1500,76.2100,76.0700,76.0800,76543.35
1786667400000,76.0700,76.1700,75.9500,76.1300,149769.94
1786668300000,76.1300,76.1300,75.9900,76.0600,61309.98
1786669200000,76.0600,76.0800,75.8900,75.9000,68045.36
1786670100000,75.9100,76.0800,75.8600,75.9700,84829.81
1786671000000,75.9600,76.1100,75.9400,76.1100,38670.89
1786671900000,76.1100,76.1500,76.0400,76.0600,43850.71
1786672800000,76.0600,76.1700,76.0400,76.1000,44020.39
1786673700000,76.0900,76.1300,75.9600,76.0200,49378.28
1786674600000,76.0100,76.1200,75.9700,76.0600,33713.33
1786675500000,76.0600,76.1500,75.9900,76.0000,45602.72
1786676400000,75.9900,76.0000,75.7500,75.8900,236094.55
1786677300000,75.8900,76.0300,75.8800,75.9500,46322.74
1786678200000,75.9400,75.9500,75.7300,75.8100,92511.77
1786679100000,75.8000,75.8100,75.7100,75.7300,63260.30
1786680000000,75.7300,75.8800,75.7000,75.8800,61101.40
1786680900000,75.8700,75.9900,75.8700,75.9000,41105.14
1786681800000,75.9000,75.9200,75.8600,75.8800,20725.98
1786682700000,75.8700,75.8800,75.7800,75.8100,32659.77
1786683600000,75.8000,75.8700,75.7800,75.8000,27617.89
1786684500000,75.8000,75.8500,75.7600,75.8400,36112.84
1786685400000,75.8300,75.9500,75.8100,75.9100,39996.38
1786686300000,75.9100,75.9200,75.8200,75.8900,33472.92
1786687200000,75.8800,75.8900,75.7300,75.7400,70924.35
1786688100000,75.7400,75.7400,75.5700,75.5800,133704.06
1786689000000,75.5700,75.6600,75.5700,75.6200,117266.42
1786689900000,75.6200,75.6600,75.4800,75.5000,186072.02
1786690800000,75.5000,75.6200,75.4500,75.6100,178316.11
1786691700000,75.6100,75.7000,75.6000,75.6500,65156.75
1786692600000,75.6500,75.6600,75.5000,75.5700,65875.58
1786693500000,75.5700,75.6100,75.5300,75.5500,44887.95
1786694400000,75.5400,75.6500,75.5400,75.6000,80738.39
1786695300000,75.6000,75.6900,75.5200,75.6300,127525.00
1786696200000,75.6200,75.8400,75.6000,75.6900,116465.90
1786697100000,75.6800,75.8400,75.6600,75.8200,101483.26
1786698000000,75.8300,75.8400,75.7000,75.7700,70470.04
1786698900000,75.7700,75.8000,75.6600,75.6600,61066.95
1786699800000,75.6600,75.6700,75.3700,75.4200,200474.07
1786700700000,75.4100,75.5400,75.4100,75.4400,109198.77
1786701600000,75.4500,75.5700,75.3900,75.5300,94507.15
1786702500000,75.5300,75.6100,75.4300,75.4800,94830.49
1786703400000,75.4800,75.5400,75.4500,75.4600,70599.77
1786704300000,75.4600,75.5000,75.3000,75.3500,251689.87
1786705200000,75.3500,75.5200,75.3400,75.4300,131140.14
1786706100000,75.4300,75.5600,75.4100,75.4900,62614.21
1786707000000,75.4900,75.5600,75.4500,75.5000,56388.43
1786707900000,75.5000,75.5200,75.4500,75.4900,41124.32
1786708800000,75.4900,75.5400,75.2900,75.3600,104314.03
1786709700000,75.3600,75.5200,75.3400,75.5000,91649.83
1786710600000,75.5000,75.5600,75.4000,75.4000,78074.12
1786711500000,75.4100,75.4600,75.3300,75.4200,88678.15
1786712400000,75.4300,75.4400,75.2800,75.4000,129848.58
1786713300000,75.4100,75.4300,75.2400,75.3200,121592.80
1786714200000,75.3300,75.3700,75.2000,75.3400,150245.78
1786715100000,75.3500,75.3900,75.2500,75.3200,87846.65
1786716000000,75.3200,75.3800,75.1700,75.1800,177525.50
1786716900000,75.1800,75.2200,75.0100,75.2000,262814.49
1786717800000,75.2000,75.3700,75.1600,75.2800,164849.30
1786718700000,75.2800,75.3400,75.1300,75.2200,114236.25
1786719600000,75.2200,75.2800,75.1500,75.2300,90540.10
1786720500000,75.2300,75.5500,75.1900,75.5300,118658.24
1786721400000,75.5300,75.7100,75.3800,75.6800,231428.96
1786722300000,75.6800,75.7300,75.6000,75.6000,126364.58
1786723200000,75.6000,75.6700,75.5200,75.6000,167350.60
1786724100000,75.6000,75.6300,75.4900,75.5200,135388.24
1786725000000,75.5200,75.6500,75.5100,75.5300,138799.26
1786725900000,75.5300,75.5400,75.4000,75.4100,134335.08
1786726800000,75.4200,75.5100,75.3900,75.5000,71680.47
1786727700000,75.5000,75.6300,75.4800,75.5400,82903.73
1786728600000,75.5400,75.6100,75.3700,75.3900,69636.32
1786729500000,75.4000,75.4500,75.1100,75.2400,234912.70
1786730400000,75.2400,75.2500,74.8800,75.0100,353073.86
1786731300000,75.0100,75.2100,75.0000,75.1100,159347.70
1786732200000,75.1100,75.1500,74.9700,75.0800,108030.97
1786733100000,75.0800,75.0900,74.8800,74.9100,133167.05
1786734000000,74.9200,74.9200,74.6700,74.6800,431126.44
1786734900000,74.6700,74.8300,74.6100,74.7900,303060.47
1786735800000,74.7800,75.0200,74.7300,75.0000,148923.17
1786736700000,75.0100,75.0500,74.9500,74.9500,123574.30
1786737600000,74.9500,75.1400,74.9100,75.0600,120262.71
1786738500000,75.0600,75.1700,75.0400,75.1500,102083.50
1786739400000,75.1500,75.2100,75.1000,75.1700,69280.31
1786740300000,75.1800,75.2000,75.0700,75.1100,66158.31
1786741200000,75.1100,75.1700,75.0400,75.0800,76156.57
1786742100000,75.0900,75.2000,75.0800,75.1600,37881.43
1786743000000,75.1600,75.1800,75.0900,75.0900,35565.69
1786743900000,75.1000,75.1700,75.0700,75.1500,41704.51
1786744800000,75.1400,75.2400,75.0800,75.1100,107325.81
1786745700000,75.1000,75.1000,74.9200,74.9400,109854.00
1786746600000,74.9400,75.0700,74.9400,75.0600,32133.63
1786747500000,75.0600,75.1900,75.0300,75.1500,99270.90
1786748400000,75.1500,75.2200,75.1100,75.1800,39746.31
1786749300000,75.1900,75.3100,75.1500,75.2800,75066.93
1786750200000,75.2900,75.3800,75.2100,75.3300,86158.89
1786751100000,75.3400,75.3800,75.3100,75.3700,38940.92
1786752000000,75.3700,75.3900,75.3100,75.3400,49083.58
1786752900000,75.3300,75.3600,75.3100,75.3400,43271.37
1786753800000,75.3400,75.3900,75.3200,75.3500,38195.57
1786754700000,75.3500,75.4000,75.2900,75.3200,34405.31
1786755600000,75.3200,75.3800,75.2500,75.3600,56926.05
1786756500000,75.3600,75.4300,75.3100,75.3800,78603.84
1786757400000,75.3800,75.4200,75.3500,75.4000,56438.31
1786758300000,75.3900,75.4000,75.3500,75.3800,27015.27
1786759200000,75.3800,75.4500,75.3600,75.4500,54133.66
1786760100000,75.4500,75.5900,75.4500,75.5300,143319.06
1786761000000,75.5200,75.6500,75.5100,75.5900,109332.80
1786761900000,75.6000,75.6300,75.5300,75.6300,59961.08
1786762800000,75.6300,75.6800,75.6000,75.6500,75013.65
1786763700000,75.6600,75.6700,75.5500,75.5900,56431.42
1786764600000,75.5800,75.6200,75.4500,75.4700,83139.59
1786765500000,75.4700,75.4700,75.3700,75.3900,82013.68
1786766400000,75.3800,75.4600,75.3300,75.4500,103359.47
1786767300000,75.4500,75.5700,75.4400,75.5400,48173.02
1786768200000,75.5400,75.5700,75.5000,75.5600,35459.49
1786769100000,75.5700,75.5700,75.4900,75.5000,47103.01
1786770000000,75.4900,75.5600,75.4400,75.5200,99349.02
1786770900000,75.5100,75.5200,75.4300,75.4400,26546.98
1786771800000,75.4300,75.4600,75.2800,75.3600,99075.63
1786772700000,75.3600,75.3900,75.2700,75.3200,45645.47
1786773600000,75.3100,75.3700,75.2400,75.2400,58132.38
1786774500000,75.2400,75.3200,75.2400,75.2900,39258.73
1786775400000,75.2800,75.3500,75.2800,75.3400,39780.34
1786776300000,75.3300,75.4600,75.3300,75.3900,40996.53
1786777200000,75.4000,75.4000,75.3100,75.3700,52027.99
1786778100000,75.3700,75.3800,75.2600,75.2900,59026.73
1786779000000,75.2800,75.2900,75.2100,75.2400,59124.93
1786779900000,75.2400,75.2600,75.1600,75.2000,73166.47
1786780800000,75.1900,75.2100,75.1200,75.2000,68877.32
1786781700000,75.1900,75.2700,75.1900,75.2200,42810.64
1786782600000,75.2200,75.2300,75.0900,75.1100,64878.77
1786783500000,75.1100,75.1500,75.0300,75.0500,81459.18
1786784400000,75.0400,75.1000,75.0000,75.0600,98539.80
1786785300000,75.0600,75.1500,75.0600,75.1300,42652.11
1786786200000,75.1300,75.1700,75.1200,75.1500,43456.26
1786787100000,75.1500,75.2100,75.1500,75.2000,32658.33
1786788000000,75.1900,75.2600,75.1600,75.2600,55343.16
1786788900000,75.2600,75.3100,75.2400,75.2700,45093.04
1786789800000,75.2600,75.3000,75.2200,75.2300,42485.94
1786790700000,75.2200,75.2700,75.2100,75.2400,23268.03
1786791600000,75.2500,75.2700,75.2200,75.2300,22312.74
1786792500000,75.2200,75.2700,75.2100,75.2200,34323.48
1786793400000,75.2200,75.2500,75.2100,75.2500,20622.12
1786794300000,75.2500,75.2600,75.1700,75.2000,24004.75
1786795200000,75.2100,75.2100,75.1600,75.1900,26982.03
1786796100000,75.1900,75.2100,75.1600,75.1700,36337.20
1786797000000,75.1700,75.2300,75.1600,75.2300,23456.22
1786797900000,75.2200,75.3800,75.2000,75.3700,56631.45
1786798800000,75.3700,75.4500,75.3500,75.4400,95685.47
1786799700000,75.4400,75.4500,75.3900,75.4200,46511.48
1786800600000,75.4200,75.5300,75.4100,75.5200,106330.12
1786801500000,75.5200,75.5300,75.4800,75.5300,64202.08
1786802400000,75.5300,75.5300,75.4900,75.5300,45517.34
1786803300000,75.5200,75.5300,75.4000,75.4500,93999.67
1786804200000,75.4500,75.5400,75.4300,75.4700,52905.49
1786805100000,75.4700,75.4800,75.4000,75.4100,53325.17
1786806000000,75.4000,75.4400,75.3800,75.4200,70944.60
1786806900000,75.4100,75.4600,75.3200,75.4100,60746.93
1786807800000,75.4100,75.5000,75.4100,75.4600,40174.06
1786808700000,75.4600,75.4900,75.4500,75.4900,32445.54
1786809600000,75.4900,75.5000,75.3900,75.4000,42042.70
1786810500000,75.3900,75.4800,75.3700,75.4600,36347.14
1786811400000,75.4600,75.4800,75.3900,75.4000,38089.91
1786812300000,75.4000,75.4500,75.4000,75.4500,17230.77
1786813200000,75.4500,75.5500,75.4400,75.5300,46448.61
1786814100000,75.5300,75.6200,75.4900,75.5200,130894.39
1786815000000,75.5100,75.6100,75.5100,75.5900,45011.99
1786815900000,75.5900,75.6400,75.5700,75.6100,47467.00
1786816800000,75.6200,75.6400,75.4600,75.5200,104640.69
1786817700000,75.5300,75.5400,75.4600,75.4800,48454.71
1786818600000,75.4700,75.5500,75.4700,75.5400,38259.92
1786819500000,75.5400,75.5600,75.5000,75.5100,26416.58
1786820400000,75.5200,75.5300,75.4700,75.4900,31187.29
1786821300000,75.4900,75.5100,75.4800,75.4900,14430.97
1786822200000,75.4900,75.5100,75.4800,75.4900,19506.09
1786823100000,75.4900,75.5200,75.4800,75.5200,15767.64
1786824000000,75.5200,75.5200,75.4600,75.4600,33216.94
1786824900000,75.4600,75.4800,75.3700,75.4200,86362.67
1786825800000,75.4200,75.4700,75.4000,75.4700,23202.73
1786826700000,75.4700,75.5300,75.4400,75.4900,63463.94
1786827600000,75.4900,75.5400,75.4800,75.5300,22993.97
1786828500000,75.5300,75.6300,75.5300,75.6300,33573.98
1786829400000,75.6300,75.7000,75.5900,75.6800,77538.28
1786830300000,75.6800,75.7000,75.5800,75.5800,37454.78
1786831200000,75.5800,75.6500,75.5600,75.5800,58190.98
1786832100000,75.5900,75.6000,75.5500,75.5800,40828.45
1786833000000,75.5800,75.6100,75.5100,75.5800,51695.53
1786833900000,75.5800,75.6200,75.5400,75.5400,22566.64
1786834800000,75.5400,75.5400,75.2800,75.4000,157754.86
1786835700000,75.3900,75.4100,75.2900,75.3200,76446.93
1786836600000,75.3200,75.3500,75.2700,75.3100,62973.29
1786837500000,75.3000,75.3200,75.2800,75.3000,35621.16
1786838400000,75.3100,75.3200,75.2300,75.2900,108001.29
1786839300000,75.2900,75.4000,75.2700,75.3600,60852.58
1786840200000,75.3600,75.4400,75.3600,75.4100,53490.09
1786841100000,75.4100,75.4600,75.3600,75.4300,36064.87
1786842000000,75.4300,75.4500,75.3300,75.3500,51026.51
1786842900000,75.3600,75.3900,75.3200,75.3200,32756.37
1786843800000,75.3200,75.4100,75.2600,75.4100,83001.90
1786844700000,75.4000,75.4100,75.3500,75.3900,48021.13
1786845600000,75.3900,75.4100,75.2800,75.2800,32523.28
1786846500000,75.2800,75.5700,75.2300,75.5600,162414.11
1786847400000,75.5500,75.6200,75.5500,75.6000,74555.00
1786848300000,75.6000,75.6100,75.4800,75.5400,58043.89
1786849200000,75.5400,75.6200,75.5200,75.5800,72046.41
1786850100000,75.5700,75.6200,75.5400,75.5400,45921.21
1786851000000,75.5400,75.5800,75.5400,75.5500,26743.04
1786851900000,75.5500,75.5700,75.5300,75.5300,23327.27
1786852800000,75.5300,75.5700,75.5000,75.5100,29600.67
1786853700000,75.5100,75.5600,75.4700,75.5400,49419.43
1786854600000,75.5500,75.5500,75.4600,75.4900,27969.32
1786855500000,75.4900,75.5000,75.3900,75.4100,38073.25
1786856400000,75.4100,75.4800,75.3700,75.4700,73976.80
1786857300000,75.4800,75.4800,75.3200,75.3300,54917.56
1786858200000,75.3300,75.4000,75.3100,75.3200,59869.28
1786859100000,75.3200,75.3500,75.3000,75.3100,41123.51
1786860000000,75.3100,75.3400,75.2600,75.2900,68635.14
1786860900000,75.3000,75.3200,75.2400,75.3200,79512.42
1786861800000,75.3100,75.3900,75.2900,75.3800,58538.87
1786862700000,75.3900,75.4900,75.3300,75.3300,88310.70
1786863600000,75.3400,75.4000,75.3000,75.3900,39213.25
1786864500000,75.3900,75.4300,75.3800,75.3900,24291.46
1786865400000,75.3900,75.4000,75.3700,75.3700,10653.35
1786866300000,75.3700,75.4400,75.3700,75.4300,20675.75
1786867200000,75.4300,75.4400,75.3600,75.3600,23668.72
1786868100000,75.3700,75.4200,75.3600,75.3900,19754.96
1786869000000,75.3900,75.4500,75.3900,75.4000,19998.86
1786869900000,75.4100,75.4400,75.3900,75.4300,26133.24
1786870800000,75.4200,75.4400,75.3800,75.4100,23790.10
1786871700000,75.4000,75.4100,75.3600,75.3800,31114.65
1786872600000,75.3800,75.4100,75.2200,75.2800,134058.10
1786873500000,75.2800,75.3300,75.2100,75.2700,65136.32
1786874400000,75.2700,75.2800,75.1600,75.1700,76096.89
1786875300000,75.1700,75.1900,75.1300,75.1700,81946.99
1786876200000,75.1700,75.2000,75.1200,75.1800,71002.39
1786877100000,75.1800,75.2600,75.1700,75.2200,31703.07
1786878000000,75.2300,75.2400,75.2000,75.2400,24179.82
1786878900000,75.2400,75.2800,75.2200,75.2500,41176.27
1786879800000,75.2500,75.2600,75.2000,75.2100,24080.59
1786880700000,75.2100,75.2500,75.1800,75.2500,27164.71
1786881600000,75.2500,75.2500,75.1900,75.2000,28152.28
1786882500000,75.1900,75.2500,75.1700,75.2500,33787.68
1786883400000,75.2500,75.2500,75.1600,75.1800,31510.58
1786884300000,75.1800,75.1900,75.1600,75.1800,22681.05
1786885200000,75.1700,75.3100,75.1700,75.2600,50601.86
1786886100000,75.2700,75.3700,75.2600,75.3600,43567.92
1786887000000,75.3600,75.3700,75.2900,75.3600,46716.88
1786887900000,75.3500,75.3600,75.2600,75.2700,28750.16
1786888800000,75.2700,75.2900,75.2000,75.2300,35939.73
1786889700000,75.2300,75.3500,75.2300,75.2600,66278.39
1786890600000,75.2600,75.3700,75.2500,75.3300,44500.20
1786891500000,75.3300,75.3700,75.3100,75.3600,32061.23
1786892400000,75.3600,75.4200,75.3400,75.3900,52392.54
1786893300000,75.4000,75.5500,75.3900,75.5500,138082.43
1786894200000,75.5400,75.5500,75.4700,75.4900,81591.39
1786895100000,75.4900,75.6100,75.4900,75.5400,147590.65
1786896000000,75.5300,75.5600,75.4700,75.4900,80922.31
1786896900000,75.4900,75.5900,75.4700,75.5800,101397.84
1786897800000,75.5800,75.6900,75.5200,75.5300,145967.84
1786898700000,75.5200,75.5700,75.4600,75.5200,52481.15
1786899600000,75.5200,75.5700,75.5000,75.5100,63213.03
1786900500000,75.5100,75.5200,75.3700,75.4200,84329.59
1786901400000,75.4200,75.4300,75.2900,75.2900,108872.45
1786902300000,75.3000,75.3200,75.2300,75.2300,110160.69
1786903200000,75.2400,75.2600,75.0000,75.1100,272883.41
1786904100000,75.1100,75.1900,75.0900,75.1400,116220.53
1786905000000,75.1500,75.1500,75.0900,75.1500,49082.02
1786905900000,75.1500,75.2000,75.1300,75.1400,54110.59
1786906800000,75.1500,75.2400,75.1400,75.2200,58126.85
1786907700000,75.2200,75.3200,75.2200,75.3200,53058.15
1786908600000,75.3200,75.3300,75.2300,75.2300,65908.75
1786909500000,75.2300,75.2500,75.1500,75.1900,63508.90
1786910400000,75.1900,75.2900,75.1600,75.2400,100480.83
1786911300000,75.2300,75.2500,75.1800,75.2100,43392.65
1786912200000,75.2100,75.2300,75.0000,75.1000,155635.17
1786913100000,75.1000,75.1100,74.9200,74.9800,126518.47
1786914000000,74.9800,75.0400,74.8500,74.9900,121675.94
1786914900000,74.9900,75.0500,74.9000,74.9300,49375.92
1786915800000,74.9400,74.9900,74.0000,74.5400,881430.60
1786916700000,74.5400,74.5400,74.0700,74.3000,469900.72
1786917600000,74.2900,74.4900,74.1200,74.4100,310326.65
1786918500000,74.4000,74.4600,74.2900,74.3300,114228.78
1786919400000,74.3300,74.3800,74.2000,74.3200,160600.35
1786920300000,74.3100,74.4700,74.2800,74.4700,96047.14
1786921200000,74.4700,74.5500,74.4100,74.4100,108871.85
1786922100000,74.4200,74.5400,74.4100,74.4900,75876.77
1786923000000,74.4900,74.5600,74.4700,74.5400,121390.62
1786923900000,74.5400,74.6200,74.5200,74.5700,79668.00
1786924800000,74.5800,74.6000,74.5200,74.5800,119538.74
1786925700000,74.5800,74.6000,74.3800,74.6000,116829.84
1786926600000,74.6000,74.7000,74.3800,74.7000,153479.42
1786927500000,74.7000,74.7000,74.4900,74.5800,124892.39
1786928400000,74.5700,75.1000,74.5300,74.8800,390817.88
1786929300000,74.8800,75.2500,74.8500,75.1900,384628.79
1786930200000,75.2000,75.3200,75.1000,75.2500,226981.35
1786931100000,75.2400,75.2500,75.0500,75.0600,84276.59
1786932000000,75.0600,75.1300,75.0100,75.0600,87088.24
1786932900000,75.0600,75.2000,75.0100,75.1600,59414.35
1786933800000,75.1500,75.4100,75.0900,75.3300,284511.05
1786934700000,75.3200,75.5500,75.2900,75.4500,309550.68
1786935600000,75.4500,75.5100,75.4300,75.5000,130578.34
1786936500000,75.5000,75.5500,75.4100,75.4500,176247.55
1786937400000,75.4400,75.5100,75.4200,75.4800,114035.11
1786938300000,75.4800,75.5500,75.4200,75.4800,106130.98
1786939200000,75.4800,75.5900,75.4600,75.5700,122054.30
1786940100000,75.5700,75.5700,75.4900,75.5100,58181.71
1786941000000,75.5000,75.5300,75.4500,75.4700,76399.22
1786941900000,75.4700,75.5300,75.4500,75.5200,73317.32
1786942800000,75.5200,75.5400,75.4100,75.4800,144205.01
1786943700000,75.4700,75.5800,75.4500,75.4600,65442.69
1786944600000,75.4500,75.4700,75.4200,75.4300,46151.44
1786945500000,75.4200,75.4600,75.3600,75.3800,143295.18
1786946400000,75.3800,75.4600,75.3200,75.4400,134040.80
1786947300000,75.4300,75.5600,75.4100,75.4500,140230.40
1786948200000,75.4400,75.6000,75.4300,75.6000,95907.55
1786949100000,75.5900,75.9900,75.5900,75.8000,518337.52
1786950000000,75.8100,75.9400,75.7600,75.7800,195158.85
1786950900000,75.7800,75.8400,75.7100,75.8400,120500.59
1786951800000,75.8400,75.8600,75.7800,75.7800,87387.21
1786952700000,75.7800,75.8000,75.7000,75.7400,86329.67
1786953600000,75.7400,75.7800,75.4500,75.5100,183818.90
1786954500000,75.5200,75.5300,75.2800,75.3600,304462.58
1786955400000,75.3600,75.4300,75.2600,75.2800,140666.02
1786956300000,75.2700,75.3000,75.1300,75.2000,190665.68
1786957200000,75.2000,75.3700,75.1800,75.3500,108675.85
1786958100000,75.3600,75.3900,75.2300,75.3400,63627.87
1786959000000,75.3400,75.3500,75.2600,75.2700,48700.22
1786959900000,75.2700,75.3400,75.2100,75.3100,71229.51
1786960800000,75.3000,75.3600,75.2800,75.3400,81486.94
1786961700000,75.3400,75.4800,75.2600,75.4800,105765.45
1786962600000,75.4900,75.7500,75.4500,75.7300,281790.61
1786963500000,75.7400,75.7800,75.6700,75.7400,145360.40
1786964400000,75.7300,75.7700,75.7000,75.7100,101591.10
1786965300000,75.7000,75.7500,75.6500,75.7300,106454.65
1786966200000,75.7400,75.8300,75.7100,75.7800,111512.14
1786967100000,75.7800,75.8900,75.6300,75.6500,185098.30
1786968000000,75.6600,75.6700,75.5000,75.5800,154995.26
1786968900000,75.5800,75.5900,75.3600,75.3600,187175.44
1786969800000,75.3600,75.4700,75.2900,75.3600,109071.70
1786970700000,75.3600,75.4300,75.3300,75.3900,95068.51
1786971600000,75.4000,75.4100,75.2700,75.3600,146591.27
1786972500000,75.3600,75.3700,75.2500,75.2700,88277.17
1786973400000,75.2700,75.7500,75.2500,75.6000,322501.54
1786974300000,75.5900,75.7100,75.5200,75.5800,240459.00
1786975200000,75.5900,75.6500,75.4500,75.6100,124587.68
1786976100000,75.6200,75.6800,75.5000,75.5900,92796.58
1786977000000,75.5900,75.7000,75.5400,75.6400,85169.63
1786977900000,75.6400,76.0000,75.5600,75.9400,365287.77
1786978800000,75.9400,75.9900,75.8100,75.8400,190375.48
1786979700000,75.8300,75.9500,75.7500,75.9000,149968.97
1786980600000,75.9000,76.0600,75.8200,76.0100,192945.95
1786981500000,76.0100,76.2000,75.9900,76.0600,283941.96
1786982400000,76.0600,76.0900,75.9400,75.9600,180130.68
1786983300000,75.9500,76.0200,75.8800,75.9300,99668.36
1786984200000,75.9300,76.0800,75.9300,75.9600,111536.86
1786985100000,75.9700,76.0800,75.9100,75.9600,91359.83
1786986000000,75.9700,75.9900,75.7500,75.7500,94005.36
1786986900000,75.7500,76.0800,75.7300,75.8600,158456.20
1786987800000,75.8500,75.9000,75.6500,75.8300,145620.64
1786988700000,75.8300,75.9200,75.8300,75.8700,70194.44
1786989600000,75.8700,75.9100,75.8100,75.8800,117830.24
1786990500000,75.8700,76.1400,75.8700,75.9900,199739.30
1786991400000,75.9900,76.0000,75.8600,75.9400,94955.47
1786992300000,75.9400,75.9500,75.8400,75.8600,73431.81
1786993200000,75.8600,75.8700,75.7400,75.7500,64666.59
1786994100000,75.7400,75.8600,75.7300,75.8100,48606.94
1786995000000,75.8200,75.9200,75.7200,75.8800,67958.98
1786995900000,75.8700,75.8700,75.7000,75.7700,65811.29
1786996800000,75.7700,75.7700,75.6400,75.6700,83943.56
1786997700000,75.6700,75.7900,75.5900,75.7700,120583.94
1786998600000,75.7700,76.0200,75.7300,76.0200,146517.15
1786999500000,76.0100,76.0700,75.8800,75.9600,95935.78
1787000400000,75.9500,76.0200,75.8500,75.9100,61526.20
1787001300000,75.9000,75.9600,75.8700,75.8700,27838.04
1787002200000,75.8700,75.9400,75.8400,75.9200,46630.00
1787003100000,75.9100,75.9400,75.9000,75.9100,20854.30
1787004000000,75.9100,76.0000,75.8200,75.8400,61764.52
1787004900000,75.8400,75.8600,75.7600,75.7600,42007.49
1787005800000,75.7700,75.7900,75.7100,75.7200,45750.13
1787006700000,75.7200,75.7400,75.6800,75.7100,31830.36
1787007600000,75.7000,75.8300,75.6700,75.8000,76390.09
1787008500000,75.8000,75.9500,75.7900,75.9500,65933.31
1787009400000,75.9400,76.0900,75.9000,75.9300,126782.73
1787010300000,75.9300,76.0100,75.9000,75.9900,74804.84
1787011200000,75.9800,76.0200,75.8900,75.9700,106129.64
1787012100000,75.9700,76.0500,75.9500,75.9600,92829.76
1787013000000,75.9600,75.9600,75.8200,75.8600,95835.80
1787013900000,75.8600,76.0200,75.8300,76.0100,64811.98
1787014800000,76.0100,76.0200,75.8500,75.9200,94389.12
1787015700000,75.9100,75.9300,75.8100,75.8200,49945.21
1787016600000,75.8200,75.8400,75.7200,75.7300,65048.13
1787017500000,75.7400,75.7400,75.5300,75.5800,278406.68
1787018400000,75.5700,75.6200,75.4300,75.4500,174728.42
1787019300000,75.4400,75.5300,75.3700,75.3700,136668.39
1787020200000,75.3700,75.4500,75.3000,75.3300,186464.16
1787021100000,75.3300,75.3900,75.1600,75.2400,323760.29
1787022000000,75.2400,75.3600,75.2100,75.3000,105895.50
1787022900000,75.2900,75.4100,75.2800,75.3600,129221.26
1787023800000,75.3600,75.5000,75.2700,75.4800,111116.07
1787024700000,75.4800,75.4900,75.4100,75.4500,66433.20
1787025600000,75.4600,75.6400,75.3600,75.6300,140788.98
1787026500000,75.6300,75.6800,75.5600,75.6700,73580.13
1787027400000,75.6600,75.7700,75.6600,75.7500,85808.82
1787028300000,75.7400,75.8000,75.7300,75.8000,57934.17
1787029200000,75.8000,75.9300,75.7200,75.8800,154607.03
1787030100000,75.8900,75.9000,75.7300,75.7400,97273.80
1787031000000,75.7300,75.7900,75.5300,75.7800,189528.89
1787031900000,75.7700,75.7800,75.6800,75.6900,54487.23
1787032800000,75.6900,75.7700,75.6000,75.7300,83482.44
1787033700000,75.7300,75.9500,75.7200,75.9200,171999.90
1787034600000,75.9200,76.0100,75.8900,75.9900,145080.48
1787035500000,76.0000,76.0100,75.8500,75.9800,117764.54
1787036400000,75.9800,76.1400,75.9600,76.1400,156157.49
1787037300000,76.1400,76.2400,75.9700,75.9800,248537.72
1787038200000,75.9700,76.1100,75.9500,76.0100,123995.77
1787039100000,76.0100,76.0600,75.9000,76.0600,151339.30
1787040000000,76.0600,76.0900,75.8000,75.8600,235750.78
1787040900000,75.8500,75.9600,75.8300,75.8800,83178.02
1787041800000,75.8700,76.0700,75.8400,75.9900,104921.41
1787042700000,75.9900,76.1500,75.9000,76.1300,127286.94
1787043600000,76.1200,76.1200,76.0100,76.0700,67044.96
1787044500000,76.0600,76.0700,75.8600,75.8700,76392.74
1787045400000,75.8700,75.9600,75.8400,75.8900,75697.16
1787046300000,75.8900,75.9300,75.8400,75.9000,41711.63
1787047200000,75.9000,75.9500,75.8400,75.8800,61015.64
1787048100000,75.8800,75.9100,75.7700,75.7900,61371.43
1787049000000,75.7900,75.8700,75.7800,75.8400,52406.64
1787049900000,75.8400,75.8600,75.8000,75.8000,37479.86
1787050800000,75.8100,76.0400,75.7800,76.0400,122305.17
1787051700000,76.0400,76.4300,76.0200,76.2300,420564.81
1787052600000,76.2400,76.4200,76.2000,76.3500,185924.63
1787053500000,76.3500,76.3800,76.2600,76.2800,72540.98
1787054400000,76.2900,76.4900,76.2900,76.3400,264263.90
1787055300000,76.3400,76.3600,76.2000,76.2700,77628.20
1787056200000,76.2700,76.3000,76.2100,76.2400,76825.07
1787057100000,76.2300,76.3600,76.2100,76.2100,104584.17
1787058000000,76.2200,76.2200,76.1000,76.1200,121607.79
1787058900000,76.1200,76.1500,76.0500,76.0700,93387.22
1787059800000,76.0600,76.2600,76.0100,76.1000,218954.33
1787060700000,76.1000,76.2100,76.0100,76.1800,133217.58
1787061600000,76.1800,76.3200,76.0900,76.1400,145184.14
1787062500000,76.1500,77.0500,76.1400,76.9800,854588.77
1787063400000,76.9800,77.3200,76.7500,76.7900,761144.87
1787064300000,76.7800,76.9400,76.7300,76.7600,194713.78
1787065200000,76.7700,77.0200,76.7600,76.9100,215048.21
1787066100000,76.9100,77.0200,76.8300,77.0000,198375.21
1787067000000,77.0000,77.0900,76.9600,77.0400,150688.45
1787067900000,77.0400,77.2300,76.9900,77.1700,195324.23
1787068800000,77.1700,77.3000,77.0200,77.0400,269471.07
1787069700000,77.0400,77.0500,76.8200,76.8600,195274.45
1787070600000,76.8600,77.0900,76.8200,76.9900,120752.20
1787071500000,76.9800,77.1400,76.9400,77.0500,82526.47
1787072400000,77.0500,77.0600,76.8900,76.9300,68124.68
1787073300000,76.9400,76.9700,76.8500,76.9100,71507.54
1787074200000,76.9100,77.0000,76.8500,76.9600,117945.85
1787075100000,76.9700,77.0000,76.8600,76.8600,74633.49
1787076000000,76.8700,77.0800,76.8400,77.0800,77060.35
1787076900000,77.0800,77.2700,77.0700,77.2200,117886.14
1787077800000,77.2300,77.2800,77.0900,77.1100,136042.79
1787078700000,77.1000,77.2600,77.0900,77.2400,75061.62
1787079600000,77.2400,77.2600,77.1400,77.1900,100269.62
1787080500000,77.1900,77.3900,77.1500,77.3300,160606.70
1787081400000,77.3200,77.3400,77.1500,77.1600,82055.98
1787082300000,77.1600,77.1900,77.0400,77.1400,101971.23
1787083200000,77.1500,77.2000,77.0200,77.1700,87970.85
1787084100000,77.1800,77.1800,76.9000,76.9700,122310.99
1787085000000,76.9600,77.1000,76.8700,76.8800,140579.83
1787085900000,76.8700,76.9200,76.6900,76.8400,276980.55
1787086800000,76.8500,77.0900,76.8400,76.9700,131284.36
1787087700000,76.9700,77.0100,76.9000,76.9200,43539.47
1787088600000,76.9200,76.9900,76.8900,76.9100,68873.56
1787089500000,76.9000,76.9800,76.8700,76.9700,42337.34
1787090400000,76.9700,77.1400,76.9100,77.0600,117070.17
1787091300000,77.0600,77.0900,76.9600,77.0300,93406.56
1787092200000,77.0300,77.1900,77.0000,77.0200,138736.24
1787093100000,77.0200,77.0200,76.8500,76.9200,77154.41
1787094000000,76.9300,77.1300,76.9100,77.0600,100187.14
1787094900000,77.0700,77.1400,77.0300,77.0700,62527.28
1787095800000,77.0700,77.2100,77.0700,77.1300,114581.36
1787096700000,77.1300,77.1700,77.0000,77.0300,47200.00
1787097600000,77.0300,77.0700,76.8500,76.8600,146392.82
1787098500000,76.8500,77.0100,76.7800,76.9300,100756.98
1787099400000,76.9300,77.0200,76.9100,76.9400,53696.23
1787100300000,76.9500,77.0600,76.8700,76.8800,109112.05
1787101200000,76.8700,77.0400,76.8100,76.9300,220594.87
1787102100000,76.9300,76.9500,76.6700,76.8100,234617.12
1787103000000,76.8100,76.8100,76.6800,76.7100,122229.50
1787103900000,76.7100,76.8100,76.6700,76.7700,142156.32
1787104800000,76.7700,76.8100,76.6800,76.7700,92477.49
1787105700000,76.7700,76.8600,76.6600,76.8500,99072.50
1787106600000,76.8500,76.8900,76.7700,76.7800,58706.62
1787107500000,76.7800,76.8400,76.7100,76.7800,51817.06
1787108400000,76.7800,76.8900,76.6700,76.8900,88347.94
1787109300000,76.8800,77.0800,76.8800,76.9800,113845.55
1787110200000,76.9700,77.0600,76.9200,77.0100,71620.24
1787111100000,77.0100,77.0600,76.9400,76.9600,51891.52
1787112000000,76.9600,77.0000,76.9200,76.9700,45920.42
1787112900000,76.9700,77.1100,76.9600,77.0400,69314.07
1787113800000,77.0400,77.0600,76.8600,76.9000,66574.29
1787114700000,76.9000,76.9200,76.7600,76.8300,131613.31
1787115600000,76.8300,77.0400,76.8200,76.9700,126822.86
1787116500000,76.9700,76.9900,76.8000,76.9200,78678.66
1787117400000,76.9200,76.9400,76.8400,76.8600,39325.53
1787118300000,76.8500,76.8600,76.7300,76.7700,97449.65
1787119200000,76.7700,76.8000,76.5900,76.6200,142617.90
1787120100000,76.6200,76.9300,76.6100,76.8300,174448.46
1787121000000,76.8200,76.9200,76.7100,76.9100,146711.08
1787121900000,76.9200,77.1500,76.9100,77.0500,211458.34
1787122800000,77.0500,77.0700,76.9100,77.0600,92028.45
1787123700000,77.0600,77.0600,76.9200,76.9600,50141.87
1787124600000,76.9600,77.0400,76.9400,76.9500,50964.80
1787125500000,76.9400,77.0600,76.9100,76.9200,82628.17
1787126400000,76.9200,77.0800,76.8700,77.0200,158347.13
1787127300000,77.0100,77.1900,76.9900,77.1600,147672.70
1787128200000,77.1500,77.6500,77.1100,77.4300,578559.17
1787129100000,77.4300,77.5100,77.3400,77.3500,410452.13
1787130000000,77.3500,77.4600,77.3100,77.3500,132475.35
1787130900000,77.3600,77.4100,77.2700,77.2800,91409.52
1787131800000,77.2900,77.3200,77.1800,77.2200,94146.62
1787132700000,77.2200,77.3000,77.1900,77.2700,60523.17
1787133600000,77.2700,77.2800,77.1900,77.2300,50131.72
1787134500000,77.2300,77.2900,77.1800,77.2200,50074.93
1787135400000,77.2200,77.3500,77.1900,77.3200,40884.57
1787136300000,77.3200,77.3500,77.2400,77.3400,60170.74
1787137200000,77.3500,77.5700,77.3300,77.5200,178478.49
1787138100000,77.5300,77.5900,77.4600,77.5500,167354.19
1787139000000,77.5600,77.5700,77.4300,77.4300,169651.12
1787139900000,77.4400,77.5400,77.4300,77.5000,66420.77
1787140800000,77.5100,77.5300,77.3900,77.4200,99214.42
1787141700000,77.4200,77.5000,77.3900,77.4700,59367.62
1787142600000,77.4800,78.0800,77.4700,78.0400,631612.87
1787143500000,78.0400,78.7600,77.9700,78.3700,1100011.46
1787144400000,78.3700,78.3800,78.1300,78.2700,345274.77
1787145300000,78.2600,78.5300,78.2600,78.4700,233459.94
1787146200000,78.4700,78.6600,78.2700,78.4600,526295.61
1787147100000,78.4600,78.5600,78.2900,78.3600,362379.75
1787148000000,78.3700,78.6500,78.3100,78.5800,277754.01
1787148900000,78.5800,78.7500,78.4500,78.4900,264457.15
1787149800000,78.4900,79.0600,78.4100,78.9900,536585.68
1787150700000,78.9800,80.9700,78.9500,80.8400,2322358.41
1787151600000,80.8400,82.1000,80.6300,81.3400,2170416.23
1787152500000,81.3400,83.0400,80.8400,81.9700,2373550.75
1787153400000,81.9700,82.5800,81.5000,82.2700,1245073.88
1787154300000,82.2700,82.3300,81.5500,81.8000,783533.08
1787155200000,81.8000,82.3800,81.6300,81.8600,580499.93
1787156100000,81.8600,82.1400,81.7500,82.0700,349831.28
1787157000000,82.0600,82.0700,81.7400,81.8500,334915.54
1787157900000,81.8400,81.9500,81.5200,81.5600,357186.39
1787158800000,81.5500,81.6200,81.3200,81.3500,314270.56
1787159700000,81.3400,81.3800,81.0200,81.2400,326434.03
1787160600000,81.2400,81.4300,80.9600,81.4200,208116.67
1787161500000,81.4300,81.7300,81.4100,81.6300,255421.78
1787162400000,81.6300,81.6900,81.2200,81.4900,201568.57
1787163300000,81.4800,81.9900,81.4500,81.9500,242281.95
1787164200000,81.9500,82.1800,81.8900,82.1300,296761.82
1787165100000,82.1200,82.2800,82.0400,82.2500,182382.30
1787166000000,82.2600,82.4100,81.9800,82.0200,268335.29
1787166900000,82.0300,82.5000,82.0200,82.1700,296940.93
1787167800000,82.1700,82.3100,82.0600,82.2600,170148.61
1787168700000,82.2700,82.4200,82.1900,82.3400,175367.65
1787169600000,82.3400,82.4800,82.2500,82.4000,176373.40
1787170500000,82.3900,82.5400,82.2900,82.4900,201958.25
1787171400000,82.4900,82.6500,82.4300,82.5800,165000.14
1787172300000,82.5900,84.4000,82.5300,83.7100,2037044.56
1787173200000,83.7100,87.3000,83.7000,86.1000,2863725.16
1787174100000,86.1000,87.2000,85.8900,86.9900,706731.67
1787175000000,86.9900,87.2000,86.2000,86.6200,440035.58
1787175900000,86.6200,87.2200,86.4100,86.6300,364595.45
1787176800000,86.6300,86.8400,85.5600,85.7400,882189.10
1787177700000,85.7400,86.0600,85.3100,85.3400,460401.25
1787178600000,85.3400,85.9700,84.9000,85.6700,593258.51
1787179500000,85.6600,85.6700,85.0900,85.4800,434900.17
1787180400000,85.4800,85.5800,85.3100,85.3600,251078.66
1787181300000,85.3500,85.5300,85.2600,85.4300,194686.41
1787182200000,85.4300,85.7600,85.1300,85.6100,302772.74
1787183100000,85.6000,85.6200,85.0200,85.3700,201549.46
1787184000000,85.3700,85.6800,85.2900,85.4800,280605.01
1787184900000,85.4900,85.7800,85.4000,85.6200,213450.51
1787185800000,85.6100,85.7000,85.3700,85.4800,216676.66
1787186700000,85.4900,85.6700,84.8900,84.9900,393922.12
1787187600000,85.0000,85.1300,84.6300,84.8000,326339.27
1787188500000,84.8100,84.9800,84.6600,84.7600,237406.91
1787189400000,84.7500,85.0600,84.6900,85.0600,132794.69
1787190300000,85.0600,85.4000,85.0500,85.3600,168431.06
1787191200000,85.3600,85.4400,85.1500,85.2900,125319.39
1787192100000,85.2900,85.3500,85.0500,85.0600,101099.07
1787193000000,85.0700,85.1100,84.8500,84.8600,91715.68
1787193900000,84.8500,84.8700,84.6800,84.7600,150889.19
1787194800000,84.7600,84.7800,83.9700,84.2200,523043.24
1787195700000,84.2300,84.6100,84.2200,84.2700,187691.15
1787196600000,84.2700,84.5700,84.2600,84.5200,108854.73
1787197500000,84.5100,84.6900,84.4700,84.4800,109874.92
1787198400000,84.4800,84.7200,84.4600,84.6100,111618.00
1787199300000,84.6200,84.7000,84.4800,84.5300,122929.79
1787200200000,84.5400,84.6200,84.4100,84.5900,122612.60
1787201100000,84.6000,84.9600,84.5900,84.8200,172719.98
1787202000000,84.8300,84.9800,84.8000,84.8500,118943.36
1787202900000,84.8500,85.0700,84.8400,84.8900,104048.24
1787203800000,84.9000,85.0300,84.8700,84.9900,65842.95
1787204700000,84.9900,84.9900,84.7900,84.9400,113586.30
1787205600000,84.9400,84.9600,84.6900,84.7900,243528.07
1787206500000,84.8000,85.4800,84.7600,85.4400,501141.03
1787207400000,85.4400,85.8200,85.2700,85.7700,447840.49
1787208300000,85.7700,85.9200,85.7000,85.9100,233608.79
1787209200000,85.9000,86.0200,85.7900,85.9100,248901.90
1787210100000,85.9100,86.0800,85.7700,86.0100,171726.14
1787211000000,86.0000,86.1500,85.7800,85.8600,193166.35
1787211900000,85.8600,86.1900,85.8000,86.1600,177809.02
1787212800000,86.1600,87.5300,86.0300,87.4400,829239.48
1787213700000,87.4300,87.6600,87.0100,87.5500,844927.40
1787214600000,87.5500,87.9100,87.3600,87.9000,695799.62
1787215500000,87.8900,87.9900,87.4800,87.5100,491634.83
1787216400000,87.5200,87.6800,87.2700,87.6600,501980.75
1787217300000,87.6600,87.8200,87.5200,87.5200,367027.88
1787218200000,87.5200,87.7300,87.3400,87.5600,296013.56
1787219100000,87.5600,87.6100,87.0800,87.3300,282785.85
1787220000000,87.3300,87.5700,87.2000,87.5400,188589.54
1787220900000,87.5400,87.8100,87.3300,87.4200,277293.94
1787221800000,87.4300,87.4500,87.0700,87.1100,179483.24
1787222700000,87.1100,87.4900,86.9800,87.4500,221845.32
1787223600000,87.4500,87.4500,87.0700,87.1400,216017.58
1787224500000,87.1400,87.3400,87.0800,87.1600,133952.28
1787225400000,87.1600,88.1200,87.1200,87.7200,563343.54
1787226300000,87.7100,87.8700,87.1700,87.1800,322713.07
1787227200000,87.1800,87.4000,86.5700,86.8300,569957.02
1787228100000,86.8200,87.0000,86.7200,86.9200,188963.43
1787229000000,86.9300,87.0600,86.6500,86.7100,287651.36
1787229900000,86.7200,87.1200,86.5100,87.0500,275760.95
1787230800000,87.0600,87.3400,87.0000,87.2700,223855.95
1787231700000,87.2800,87.4800,86.9400,87.0300,293764.76
1787232600000,87.0300,87.0300,86.1600,86.7600,766502.28
1787233500000,86.7500,86.8200,86.3400,86.5400,359263.58
1787234400000,86.5500,86.8600,86.4200,86.5700,238825.00
1787235300000,86.5700,86.5900,86.1800,86.2900,297329.63
1787236200000,86.2800,86.5800,86.2600,86.3600,194074.77
1787237100000,86.3700,86.6000,86.1300,86.6000,240189.56
1787238000000,86.5900,87.3400,86.5400,87.0100,464084.95
1787238900000,87.0200,87.1300,86.6400,87.0300,323510.52
1787239800000,87.0300,87.3300,86.7100,86.8200,305965.35
1787240700000,86.8300,87.4700,86.7500,87.3500,361310.40
1787241600000,87.3500,87.3500,87.0300,87.1200,285454.74
1787242500000,87.1300,87.2200,86.8400,87.1000,225153.98
1787243400000,87.0900,87.7000,86.9100,87.4900,331763.75
1787244300000,87.4800,87.8500,87.3600,87.7400,333974.88
1787245200000,87.7300,87.8600,87.3200,87.3800,268213.11
1787246100000,87.3800,87.6600,87.2600,87.5800,154967.65
1787247000000,87.5800,87.7900,87.4500,87.5000,152689.37
1787247900000,87.5000,87.9200,87.4500,87.4700,188562.94
1787248800000,87.4800,87.6400,86.8900,86.9900,573672.63
1787249700000,86.9800,87.3400,86.7500,87.1600,259672.34
1787250600000,87.1600,87.2200,86.6300,86.8300,276222.43
1787251500000,86.8300,87.0900,86.8100,86.8200,142360.05
1787252400000,86.8300,87.3700,86.8100,87.1400,226570.71
1787253300000,87.1500,87.4500,87.1200,87.2700,147773.18
1787254200000,87.2600,87.5000,87.0900,87.4000,185795.68
1787255100000,87.4000,87.4500,87.0600,87.3000,245401.54
1787256000000,87.3000,87.4600,87.2200,87.3600,131007.02
1787256900000,87.3600,87.4600,87.2400,87.4100,219531.87
1787257800000,87.4100,87.6800,87.4000,87.5100,213574.39
1787258700000,87.5100,87.5800,87.4100,87.5800,129758.71
1787259600000,87.5700,87.8700,87.5600,87.6900,189038.76
1787260500000,87.6900,87.8100,87.4000,87.4400,122256.30
1787261400000,87.4400,87.7100,87.4300,87.5200,79187.81
1787262300000,87.5200,87.5900,87.4300,87.4900,67804.24
1787263200000,87.4900,87.5000,87.2300,87.3700,204062.92
1787264100000,87.3700,87.5900,87.2400,87.4500,145507.10
1787265000000,87.4500,87.4800,87.2100,87.2300,105848.53
1787265900000,87.2200,87.4300,87.1800,87.2200,84794.74
1787266800000,87.2200,87.4400,87.1900,87.4400,53099.93
1787267700000,87.4300,87.9200,87.3600,87.8200,255413.66
1787268600000,87.8300,87.9900,87.5300,87.6000,176311.47
1787269500000,87.6000,87.7200,87.5500,87.6300,125069.58
1787270400000,87.6400,87.9500,87.5500,87.9300,202933.90
1787271300000,87.9300,88.7900,87.7500,88.3800,756105.68
1787272200000,88.3800,88.6600,87.7900,87.9200,422899.87
1787273100000,87.9200,88.4300,87.7900,88.2100,252789.99
1787274000000,88.2100,88.4400,88.1000,88.3600,173393.62
1787274900000,88.3600,89.1000,88.1900,88.3700,682520.66
1787275800000,88.3700,88.7100,88.2400,88.4700,258125.54
1787276700000,88.4700,89.4900,88.4100,88.9900,775364.24
1787277600000,89.0000,89.7900,88.4800,89.1800,768023.95
1787278500000,89.1700,89.4300,88.8700,89.3900,350326.05
1787279400000,89.4000,90.2000,88.9100,89.7200,894787.56
1787280300000,89.7200,89.7300,89.1200,89.2500,390809.28
1787281200000,89.2500,89.3800,88.7300,89.1100,335953.92
1787282100000,89.1100,89.4000,88.9000,89.3600,194955.96
1787283000000,89.3500,89.4700,89.1000,89.1700,146076.37
1787283900000,89.1800,89.5500,89.0900,89.1000,154977.46
1787284800000,89.1000,89.4600,89.0200,89.0500,181153.88
1787285700000,89.0600,89.3600,88.8600,88.9300,217478.45
1787286600000,88.9400,89.2300,88.8700,89.1300,152622.82
1787287500000,89.1400,89.4900,89.0800,89.4600,183058.83
1787288400000,89.4700,89.6800,89.1700,89.6100,170884.55
1787289300000,89.6200,89.9900,89.4200,89.6200,322938.36
1787290200000,89.6200,90.1400,89.5400,90.1400,281025.98
1787291100000,90.1400,90.7300,90.1000,90.4100,592383.81
1787292000000,90.4200,91.3300,90.3100,90.7200,599912.19
1787292900000,90.7200,90.8500,90.0000,90.0500,369911.37
1787293800000,90.0500,90.4500,90.0200,90.0400,286681.43
1787294700000,90.0500,90.4500,89.7200,90.2100,474441.07
1787295600000,90.2200,90.7900,90.1600,90.7800,259958.24
1787296500000,90.7800,91.1900,90.1600,90.2700,649105.63
1787297400000,90.2700,90.7400,89.9200,90.5600,408171.24
1787298300000,90.5600,90.7100,90.3000,90.4100,206670.03
1787299200000,90.4100,91.0200,90.3500,90.7300,263720.86
1787300100000,90.7400,91.5600,90.7000,91.3700,709209.57
1787301000000,91.3800,92.1900,91.2400,92.1400,755281.11
1787301900000,92.1300,93.4200,92.1100,93.2900,1139709.19
1787302800000,93.2800,93.3400,90.2900,91.3900,2035814.68
1787303700000,91.3800,91.5900,90.8400,91.1800,732245.93
1787304600000,91.1800,91.9600,91.0000,91.8600,456125.00
1787305500000,91.8700,92.1800,91.2600,91.6600,536371.92
1787306400000,91.6700,91.7500,91.1300,91.2700,315201.17
1787307300000,91.2600,91.7100,90.8400,91.2700,352028.18
1787308200000,91.2600,91.3800,90.8500,91.3600,205429.12
1787309100000,91.3700,91.6800,91.3700,91.4800,137664.84
1787310000000,91.4700,91.6200,90.4600,91.1200,578204.39
1787310900000,91.1300,91.1600,90.6600,91.0000,380727.33
1787311800000,91.0000,91.0300,89.8000,90.4700,864402.42
1787312700000,90.4700,90.6500,90.1000,90.3100,312941.66
1787313600000,90.3100,90.5200,90.0200,90.4800,389887.87
1787314500000,90.4900,90.4900,90.2000,90.3300,163146.88
1787315400000,90.3200,91.1500,90.2500,91.0800,402449.18
1787316300000,91.0900,91.1600,90.8100,90.8700,217542.50
1787317200000,90.8800,91.0000,90.6900,90.8700,180180.92
1787318100000,90.8700,90.8800,90.4000,90.7500,160054.03
1787319000000,90.7500,91.0600,89.7400,90.9900,684653.65
1787319900000,90.9900,91.3800,90.8200,91.0400,392526.30
1787320800000,91.0500,91.1000,90.5500,90.9400,309966.15
1787321700000,90.9400,91.3800,90.7600,91.3200,320763.14
1787322600000,91.3200,91.7200,91.1200,91.5100,390766.45
1787323500000,91.5000,91.9700,91.4700,91.8600,272844.59
1787324400000,91.8700,92.1700,91.6200,91.8800,382860.80
1787325300000,91.8700,92.0200,91.4700,91.5500,243237.46
1787326200000,91.5500,91.8000,91.3400,91.5800,212704.00
1787327100000,91.5900,91.7000,91.2200,91.3600,193836.32
1787328000000,91.3600,91.5100,90.7700,90.7900,337710.93
1787328900000,90.7800,91.5300,90.7500,91.5100,187124.06
1787329800000,91.5100,91.6000,91.3100,91.3800,140747.18
1787330700000,91.3800,91.9300,91.3500,91.6000,218662.38
1787331600000,91.6100,91.9300,91.5000,91.7200,177873.62
1787332500000,91.7200,91.7500,91.1700,91.5600,281984.62
1787333400000,91.5700,92.0000,91.3600,91.5900,476898.60
1787334300000,91.5900,91.9300,91.5100,91.8000,138674.41
1787335200000,91.8000,92.0600,91.7400,91.8400,193760.37
1787336100000,91.8400,92.0800,91.6400,91.9000,155099.69
1787337000000,91.9000,92.0100,91.2900,91.4200,481707.51
1787337900000,91.4200,91.6200,91.0700,91.5600,271629.69
1787338800000,91.5700,91.6300,90.8400,91.3200,342595.33
1787339700000,91.3100,91.4100,90.9000,91.3100,205727.48
1787340600000,91.3200,91.3700,90.7800,90.8400,142504.97
1787341500000,90.8500,91.0800,90.7600,90.9600,109441.66
1787342400000,90.9700,91.3400,90.4300,91.2200,397538.46
1787343300000,91.2100,91.9800,91.2100,91.8100,286683.85
1787344200000,91.8200,91.9500,91.6600,91.8500,175965.97
1787345100000,91.8500,91.8700,91.5400,91.8600,106236.23
1787346000000,91.8700,92.4500,91.6600,92.2800,329198.32
1787346900000,92.2900,93.0000,92.1700,92.8000,470899.67
1787347800000,92.8000,93.1100,92.6100,93.0600,281025.92
1787348700000,93.0600,93.8800,93.0500,93.7500,638422.97
1787349600000,93.7500,94.4200,93.5700,94.1200,719947.38
1787350500000,94.1100,94.1900,93.4400,94.1900,550613.27
1787351400000,94.1800,94.5300,93.3100,94.3700,540926.16
1787352300000,94.3600,94.6500,93.5900,94.3000,639958.99
1787353200000,94.2900,94.3500,93.8700,94.0800,328043.68
1787354100000,94.0700,95.0400,94.0600,94.4300,494487.08
1787355000000,94.4300,94.4900,93.5600,93.9600,455042.12
1787355900000,93.9500,94.0100,93.3700,93.7200,241079.43
1787356800000,93.7300,93.9900,92.8400,93.5700,600368.37
1787357700000,93.5800,94.4400,93.4100,93.6500,396325.86
1787358600000,93.6600,93.9000,93.3900,93.5400,243679.88
1787359500000,93.5400,93.9600,93.3900,93.8800,194333.85
1787360400000,93.8900,94.2500,93.7300,94.0100,213019.72
1787361300000,94.0200,94.3100,93.7500,94.0300,170908.57
1787362200000,94.0200,94.4500,93.6200,93.7300,289560.68
1787363100000,93.7300,94.0500,93.4600,93.6700,202171.49
1787364000000,93.6800,94.3200,93.6700,94.2400,180690.79
1787364900000,94.2500,95.0900,94.2100,94.8400,400824.56
1787365800000,94.8400,95.8600,94.6400,95.7100,674874.54
1787366700000,95.7100,95.7300,95.2500,95.6500,465423.10
1787367600000,95.6600,96.5200,95.5000,96.0100,652320.04
1787368500000,96.0200,97.2000,96.0100,96.8600,620509.08
1787369400000,96.8600,97.6300,96.4200,96.7400,648823.66
1787370300000,96.7300,97.3700,96.6100,96.8100,445024.83
1787371200000,96.8200,97.2500,96.2000,97.2200,451973.22
1787372100000,97.2200,98.0500,96.6600,98.0000,496998.75
1787373000000,97.9900,102.8400,97.8700,102.2800,2505880.02
1787373900000,102.2700,102.3100,97.8700,99.1400,3705091.39
1787374800000,99.1400,100.0200,87.0000,93.3300,3584928.43
1787375700000,93.3300,94.5900,90.6100,94.0700,2591782.77
1787376600000,94.0700,94.8000,92.8700,93.6400,1000634.42
1787377500000,93.6300,94.8900,93.4000,94.2100,640879.84
1787378400000,94.2100,94.5000,93.4000,93.5800,591036.54
1787379300000,93.5800,94.3600,93.5700,93.9100,376396.02
1787380200000,93.9100,95.1600,93.0600,94.5900,642981.24
1787381100000,94.5900,94.8700,94.0900,94.3200,394703.08
1787382000000,94.3200,95.2000,94.1400,94.4400,459913.36
1787382900000,94.4400,95.0600,94.0500,95.0300,274494.86
1787383800000,95.0200,95.5500,94.4100,94.8500,367656.09
1787384700000,94.8500,94.9400,94.3800,94.4600,223187.45
1787385600000,94.4600,94.9700,94.0600,94.9200,270355.70
1787386500000,94.9300,95.0200,93.6600,93.8000,370633.10
1787387400000,93.8100,93.8400,93.0100,93.6400,802175.12
1787388300000,93.6400,94.1300,93.2400,94.1000,247154.90
1787389200000,94.1000,94.2300,92.9600,94.2300,432402.47
1787390100000,94.2300,94.5800,93.9400,94.3000,257390.40
1787391000000,94.3000,94.4300,94.0500,94.2900,152301.91
1787391900000,94.2800,94.3100,93.6300,93.9100,232385.24
1787392800000,93.9200,94.0000,92.0900,92.1800,1031424.95
1787393700000,92.1700,92.4900,91.3100,92.4700,866473.75
1787394600000,92.4800,93.3900,92.3100,93.2800,396951.21
1787395500000,93.2700,93.3500,92.6900,92.8900,290221.86
1787396400000,92.9000,93.2500,92.6000,92.8200,229701.63
1787397300000,92.8100,93.1200,92.6000,93.0200,191267.05
1787398200000,93.0100,93.5200,92.9100,93.4800,207235.69
1787399100000,93.4700,93.5600,93.1700,93.3400,119560.91
1787400000000,93.3400,93.9700,93.1700,93.9200,277284.20
1787400900000,93.9200,94.3800,93.8600,94.2400,358401.75
1787401800000,94.2300,94.2600,93.8500,94.2300,121036.95
1787402700000,94.2300,94.3200,93.8400,93.8400,103128.95
1787403600000,93.8400,94.0200,93.5600,93.9300,148650.11
1787404500000,93.9400,94.2100,93.6300,93.8800,137777.31
1787405400000,93.8700,94.0000,93.5900,93.8300,102081.87
1787406300000,93.8300,94.2600,93.7500,94.1500,158761.10
1787407200000,94.1500,94.3200,93.6300,93.8400,170498.66
1787408100000,93.8300,93.9600,93.4700,93.8800,203935.64
1787409000000,93.8700,94.0600,93.2900,93.2900,169755.12
1787409900000,93.3000,93.4900,92.8900,93.2600,340200.19
1787410800000,93.2700,93.5300,92.9400,92.9400,160507.51
1787411700000,92.9400,93.3800,92.8100,93.2700,130581.37
1787412600000,93.2700,93.6100,93.2000,93.3000,143363.85
1787413500000,93.3100,93.4000,93.0000,93.0900,158990.54
1787414400000,93.0900,93.5500,93.0900,93.4400,116464.99
1787415300000,93.4400,94.1000,93.4400,93.9100,201518.01
1787416200000,93.9100,94.6900,93.8900,94.5300,269075.72
1787417100000,94.5300,94.6900,94.3100,94.3300,180520.65
1787418000000,94.3300,94.5800,94.0900,94.2600,238087.14
1787418900000,94.2500,94.4300,93.7700,93.8500,200242.43
1787419800000,93.8600,94.3300,93.8600,94.3000,98975.13
1787420700000,94.3000,94.5900,94.2400,94.2800,77401.46
1787421600000,94.2900,94.4000,94.0600,94.1600,58171.44
1787422500000,94.1600,94.5600,94.1600,94.4100,94584.14
1787423400000,94.4100,94.5400,94.1800,94.2100,74812.27
1787424300000,94.2000,94.5100,94.0400,94.4700,121514.45
1787425200000,94.4800,94.6600,94.2700,94.5800,96844.29
1787426100000,94.5900,94.7300,94.3200,94.4300,116461.51
1787427000000,94.4200,94.8300,94.4200,94.7600,88125.20
1787427900000,94.7600,94.8100,94.4700,94.4900,110464.01
1787428800000,94.5000,94.7900,94.4000,94.6800,72974.39
1787429700000,94.6800,94.7700,94.3900,94.4800,70569.55
1787430600000,94.4800,94.6600,94.3200,94.5000,64296.41
1787431500000,94.5100,94.5600,94.3100,94.3900,58949.63
1787432400000,94.4000,94.4000,93.4800,93.5200,326022.38
1787433300000,93.5300,93.9500,93.5300,93.8300,111488.15
1787434200000,93.8400,93.8600,93.0500,93.3600,230213.37
1787435100000,93.3500,93.3600,92.7200,92.8300,193410.09
1787436000000,92.8300,93.7100,92.5800,93.5900,388037.83
1787436900000,93.5900,93.9900,93.5000,93.9200,165300.22
1787437800000,93.9200,94.0300,93.5400,93.7600,175907.41
1787438700000,93.7700,93.9900,93.5800,93.6200,134008.90
1787439600000,93.6200,93.8200,93.3600,93.6500,99277.24
1787440500000,93.6500,93.8000,93.5700,93.6200,57559.76
1787441400000,93.6200,93.7500,93.3700,93.6800,68290.59
1787442300000,93.6700,94.0200,93.6600,93.8300,73536.22
1787443200000,93.8400,94.0400,93.5800,93.7700,132647.90
1787444100000,93.7800,94.3400,93.7300,94.3100,155593.17
1787445000000,94.3000,100.5400,94.2900,96.3500,2087592.23
1787445900000,96.3500,97.2800,96.1000,96.3800,610192.05
1787446800000,96.3900,96.4100,95.8000,96.3000,430100.60
1787447700000,96.3000,96.3000,95.8200,96.1000,187674.63
1787448600000,96.1100,96.2900,95.6600,96.1600,217313.93
1787449500000,96.1600,96.6200,95.8000,96.0200,324620.34
1787450400000,96.0300,96.3000,93.7400,94.4100,1012296.63
1787451300000,94.4200,94.9800,94.1500,94.5100,468944.03
1787452200000,94.5100,94.9200,94.4300,94.5700,177690.56
1787453100000,94.5600,98.3100,94.3300,94.9200,1375386.90
1787454000000,94.9200,95.0700,94.4700,94.9200,273913.82
1787454900000,94.9100,95.0700,94.2100,94.2500,318985.35
1787455800000,94.2400,94.3100,93.4300,93.5300,484978.44
1787456700000,93.5400,94.0300,93.5300,93.7400,169928.24
1787457600000,93.7400,94.1200,93.1700,94.0900,324160.14
1787458500000,94.1000,94.1400,93.2500,93.6200,233062.22
1787459400000,93.6200,93.6500,92.8300,93.0100,285062.88
1787460300000,93.0000,93.0500,92.2300,92.5600,679745.27
1787461200000,92.5700,92.9400,92.1100,92.2100,493601.25
1787462100000,92.2000,93.3300,91.5700,93.0300,712817.39
1787463000000,93.0300,93.2500,92.5500,92.7200,238877.34
1787463900000,92.7300,92.8500,92.3100,92.3100,145643.03
1787464800000,92.3100,92.5100,91.7900,92.3300,283478.38
1787465700000,92.3300,92.5700,91.9700,92.3100,352764.50
1787466600000,92.3200,92.8000,92.3100,92.5000,196650.43
1787467500000,92.5100,92.6000,92.0200,92.2600,164641.44
1787468400000,92.2600,92.6900,92.1300,92.6300,143841.95
1787469300000,92.6400,92.9900,92.6400,92.7500,162286.98
1787470200000,92.7400,92.7500,92.4100,92.5000,105806.31
1787471100000,92.5000,92.7500,92.3300,92.4900,108186.27
1787472000000,92.4900,93.0000,92.3200,92.8300,200863.41
1787472900000,92.8400,92.9700,92.7900,92.8900,97651.80
1787473800000,92.8900,93.5600,92.8000,93.3300,326786.56
1787474700000,93.3300,93.3800,93.0500,93.2000,148919.83
1787475600000,93.2100,93.4700,93.1200,93.2900,118673.91
1787476500000,93.3000,93.4000,93.1200,93.2400,97253.67
1787477400000,93.2500,93.2900,92.9000,93.2600,99469.32
1787478300000,93.2600,93.5600,93.1300,93.3300,135058.94
1787479200000,93.3300,93.8200,93.2900,93.7700,232714.94
1787480100000,93.7800,94.1300,93.6500,93.7000,289807.63
1787481000000,93.6900,93.9200,93.6100,93.7800,133198.76
1787481900000,93.7800,93.8600,93.5800,93.6300,91370.28
1787482800000,93.6300,93.8900,93.5400,93.8500,78420.01
1787483700000,93.8600,94.5900,93.7300,94.3200,379152.37
1787484600000,94.3200,94.8500,94.2600,94.6900,282862.47
1787485500000,94.6900,94.7400,94.5200,94.6200,135728.26
1787486400000,94.6200,94.6200,94.0900,94.3300,324707.10
1787487300000,94.3400,94.5800,94.2900,94.4900,126071.80
1787488200000,94.4900,94.8100,94.4400,94.7700,137236.68
1787489100000,94.7600,94.7700,94.4200,94.5800,87845.38
1787490000000,94.5800,94.9700,94.5700,94.9000,140223.86
1787490900000,94.9100,95.8400,94.8800,95.0600,533415.56
1787491800000,95.0700,95.3000,94.8400,95.3000,224774.41
1787492700000,95.3000,95.5600,95.1200,95.3800,200031.09
1787493600000,95.3900,95.5800,95.3500,95.5300,83517.31
