symbol,entryTimestampUtc,closeTime,distanceFromEma200H1Pct,slPct,fvgGapSizePct,waitedCandlesCount,breaksKeyZone,atrH1Pct,hourOfDayUtc,dayOfWeekUtc,trendAgeH1Candles,atrPercentileH1,momentumM15Pct3Candles,keyZoneDistancePct,rollingWinRateSameSymbol20,concurrentOpenPositionsCount,won
SOLUSDT,1693980000000,1694008800000,-1.3264898936303933,0.5588842455062718,0.1812597552993372,1,false,1.1330621930171618,6,3,1,88,-1.188217673489763,0.30281887690880144,,0,true
SOLUSDT,1694135700000,1694153700000,1.3022125332059546,0.5968502357307642,0.5466947537365923,2,false,0.9755280223336202,1,5,0,63,1.050251256281423,0.8629131259284667,,0,false
SOLUSDT,1694399400000,1694421900000,-6.584607880596033,1.0825807855510718,0.11968229790013064,14,false,1.455048982179067,2,1,68,98,-0.8226888936999214,1.3083451202263128,,1,true
SOLUSDT,1694428200000,1694430000000,-8.121248702447009,0.545219493002087,0.6295317857343706,1,true,1.4655103921556019,10,1,76,94,-1.185992917767422,0.23326400989265783,,1,true
BTCUSDT,1694390400000,1694441700000,-0.4329345959521609,0.6669295722371718,0.033636447991094956,4,false,0.36691384482332695,0,1,61,53,-0.13797634691196076,0.035459112660550546,,0,true
SOLUSDT,1694441700000,1694489400000,-8.845695579418415,1.5565080081209102,0.5752312203925125,1,false,1.5825695381035672,14,1,80,100,-0.7165425411870847,0.09869163094968585,,0,false
SOLUSDT,1694519100000,1694524500000,-3.773386808812,0.6217277486911037,0.04908376963349034,1,false,1.5989898337373096,11,2,102,94,-0.2559355260291908,0.8726003490401211,,0,true
SOLUSDT,1694583900000,1694588400000,-5.642683039305604,0.7197076187798713,0.1405678942929355,1,false,1.3261617379497344,5,3,120,40,-0.755498349096189,0.06634804610627451,,0,false
SOLUSDT,1694602800000,1694616300000,-3.7845478555070486,0.6340280074980617,0.11026574043446423,2,false,1.4991917687341882,11,3,125,69,-0.828714121069095,0.20950490682545073,,0,false
SOLUSDT,1694691900000,1694698200000,0.45860964016445177,0.5594927265945565,0.13854105610912668,2,false,1.3231976793366165,11,4,1,20,0.400256163944921,0.4955507006980336,,1,true
ETHUSDT,1694654100000,1694704500000,1.3676911197790957,0.6310259579728081,0.4944375772558714,1,true,0.692368930865218,1,4,0,54,1.6687806212539573,0.3080191594561108,,0,true
SOLUSDT,1694790000000,1694803500000,-0.22407614683017082,0.5895474824729162,0.07435734013171524,1,false,1.041118943394876,15,5,0,2,-0.450522075581708,0.16995963458678578,,0,true
SOLUSDT,1695056400000,1695058200000,5.194034449288322,0.5972996034733714,0.0752898659840414,1,false,1.134925670935572,17,1,14,86,0.14042126379136757,0.9466445816393163,,0,false
XRPUSDT,1695201300000,1695206700000,3.261941853743237,0.563873225743732,0.17499513902391833,1,false,0.8327044653128717,9,3,48,99,0.4477321393809556,0.3305463737118481,,0,false
SOLUSDT,1695208500000,1695213900000,4.283777716004348,0.5587428286355792,0.03492142678971263,1,false,0.9751880119115388,11,3,56,56.99999999999999,0.9941256213284974,0.33225243202792487,,0,false
XRPUSDT,1695344400000,1695406500000,1.0582538610521437,0.7884880741178798,0.019712201852944804,1,false,0.7393746119464853,1,5,13,32,0.2762430939226434,0.6057325755829293,,0,true
SOLUSDT,1695957300000,1695973500000,3.870345742264524,0.6794224908827459,0.4895838537243292,6,false,0.9182610259143387,3,5,12,100,1.184322778140215,1.9023413431916048,,0,true
SOLUSDT,1695999600000,1696011300000,4.5025319830983195,0.515310672876817,0.589634327618669,1,false,0.8987943798494756,15,5,24,98,1.4015904572564613,0.40630264592211246,,0,false
SOLUSDT,1696081500000,1696083300000,5.892359875082827,0.8750302151317254,0.5559584239787382,1,false,0.8787349738059469,13,6,47,97,3.2099251673887235,2.8450568044476663,,0,true
SOLUSDT,1696095900000,1696098600000,8.91693954070639,0.6739170849600278,0.06042015244470012,1,false,1.1888064630009885,17,6,51,100,0.4937811524665843,7.790814924383844,,0,false
SOLUSDT,1696212000000,1696228200000,17.164278122293606,1.1908755451190831,0.10483059376049199,1,false,1.8697109630115103,2,1,83,99,0.9431181844974956,2.536900369003692,,0,true
XRPUSDT,1696378500000,1696380300000,5.011675311160866,0.7984420642648477,2.6484907497565837,5,false,1.0814048226573139,0,3,4,92,2.764797507788182,0.713326394251738,,0,true
SOLUSDT,1696403700000,1696408200000,6.213341859971252,0.8408853258975313,0.5271871732310851,1,false,1.7791252334380256,7,3,136,56.00000000000001,0.7049915139910311,0.5547809922156354,,0,true
SOLUSDT,1696447800000,1696459500000,4.452975351222712,0.6800645189415354,0.4664545097868229,1,false,1.6963629664881754,19,3,148,37,1.1156142415130528,0.5699899734077294,,0,true
SOLUSDT,1696545900000,1696556700000,2.427651138928287,0.5676317873800836,0.11880665317258218,1,false,1.2650979156594566,22,4,176,2,0.33446287902125826,0.3775411423039646,,0,true
SOLUSDT,1697005800000,1697013900000,-2.0828898238336997,0.5341058253745465,0.09505273163445795,1,false,1.078895749337822,6,3,44,66,-0.7311789131612161,0.9018693703888238,0.6,0,false
XRPUSDT,1697006700000,1697043600000,-4.879143751228999,0.6163961372508737,0.04109307581673176,2,false,0.7788798068870725,6,3,64,86,-1.0199918400652803,1.5783476847787619,,1,true
SOLUSDT,1697082300000,1697101200000,-3.371797621250288,0.6357982031789988,0.06450126698917,2,false,1.0471127096877835,3,4,66,68,0.10631904960014649,0.20358212393457548,0.55,0,true
SOLUSDT,1697378400000,1697393700000,-1.4684174092470081,0.550433466354759,0.045869455529553745,1,false,0.585905897991018,14,0,28,7.000000000000001,-0.013770311209033846,0.053514364784490225,0.6,0,false
SOLUSDT,1697478300000,1697482800000,6.137381563401063,0.7891481465682816,0.43083223136970134,17,false,1.5298867597083459,17,1,16,98,5.953203246416844,0.574895394244446,0.55,1,true
XRPUSDT,1697472900000,1697482800000,-0.23943152711450297,0.5473342793431949,0.10135819987837023,2,false,0.8315043279994333,16,1,0,100,-1.0456464910516867,1.4528008649233255,,0,false
SOLUSDT,1697483700000,1697488200000,8.08906501967096,0.7336819025130692,0.5861022094788301,1,false,1.557103122489884,19,1,17,99,1.537484116899617,0.5828439565157454,0.55,0,true
SOLUSDT,1697508900000,1697517900000,8.886264810012525,0.5227282231422239,0.41818257851378504,3,true,1.5189058004547547,2,2,24,95,0.6743173060814115,1.4018620529723305,0.6,0,true
BTCUSDT,1697568300000,1697605200000,3.199619154746367,0.739590136444672,0.025770921222174545,18,false,0.7774776008241298,18,2,43,72,0.46584565499810104,0.3679710989120914,,0,true
BTCUSDT,1697792400000,1697822100000,6.269272260439266,1.2865363183041094,0.03939407203390277,1,false,0.7690648216635461,9,5,105,77,1.9764955437330027,2.7886738114718685,,0,false
ETHUSDT,1697804100000,1697910300000,2.5555166104440317,0.9082850579304947,0.19226927686775414,14,false,0.6592840098355783,12,5,9,82,1.7197806363567456,0.7358379451699923,,1,true
SOLUSDT,1697904000000,1697911200000,18.436039386259782,1.191915702193812,0.18656071860424422,1,false,1.7884240911974527,16,6,134,97,0.28647361336417343,5.816203143893599,0.6,1,true
SOLUSDT,1697943600000,1697945400000,18.7504045303191,0.5775633620982595,0.6591017191003569,1,false,1.870017556452345,3,0,145,96,0.8527842897428097,7.380920024461517,0.65,0,true
SOLUSDT,1697996700000,1698002100000,12.28071058400633,0.5152651687756264,0.36454134389568227,5,false,1.6946313198960419,17,0,160,70,0.9446931509746579,0.9639314381857133,0.7,0,true
ETHUSDT,1698088500000,1698100200000,5.628399728343149,0.8888810139740472,0.4110705552996095,1,false,0.8437263758209902,19,1,88,100,0.2794943157696123,0.8158411787172382,,1,true
BTCUSDT,1698088500000,1698101100000,6.887755106374723,2.0511744966442977,0.5152942694889027,1,false,1.0301949525891945,19,1,187,100,0.20390375999820362,0.7856866288074341,,0,true
ETHUSDT,1698125400000,1698127200000,12.009023947588883,0.5129330444084762,0.11081548125188478,1,false,1.416496755378489,5,2,98,98,0.4107542942494409,10.861969301226516,,1,false
XRPUSDT,1698119100000,1698127200000,6.3233249206308475,0.5674537799743715,0.21965952773201153,12,false,1.3483295039366077,3,2,103,100,0.14609203798393405,6.818949858488506,,0,false
SOLUSDT,1698152400000,1698155100000,16.975893331291527,0.9237503620972642,0.2864591715214593,20,false,2.189599916088851,13,2,203,87,1.1266146524652756,3.7007950046670284,0.7,0,true
SOLUSDT,1698160500000,1698162300000,16.627068472299026,0.9526823864535476,0.6583320145592719,1,false,2.1919069724328093,15,2,205,86,1.502132264018833,3.28005486100123,0.7,0,false
ETHUSDT,1698174000000,1698197400000,7.700406227452,0.8506840493916392,0.1400860851587841,1,false,1.4226921865004323,19,2,112,92,-0.12726300081650987,4.637244823028346,,1,true
SOLUSDT,1698215400000,1698219000000,12.538646428475644,0.9434864373824606,0.7745513658241115,1,false,2.420808004852603,6,3,220,77,1.065487738939604,3.752271061103505,0.7,2,false
XRPUSDT,1698181200000,1698219000000,7.405083468279214,1.1590003621876261,0.05432814197753838,9,false,2.0377972435050262,21,2,120,95,-0.12644508670520846,2.8884462151394454,,2,false
BTCUSDT,1698174000000,1698233400000,12.35944816089293,1.0097954608137083,0.09578970156912106,1,false,1.7556072111092975,19,2,211,85,0.027822257213812433,8.572733446620218,,0,true
XRPUSDT,1698223500000,1698233400000,4.51896282938098,0.8256880733945062,0.05504587155962696,1,false,1.5987634236149055,8,3,132,81,0.20213156927599962,1.2477064220183538,,1,true
SOLUSDT,1698231600000,1698236100000,14.317175525090475,0.9914077990746901,0.3084379819343436,2,false,2.4068280410785428,11,3,225,81,1.2017032013877944,2.0903492483135686,0.7,2,true
SOLUSDT,1698241500000,1698243300000,16.345555497021202,0.8699421070555053,2.5695798891675126,6,true,2.577187621897242,13,3,228,99,4.697315373316249,0.4215555761947552,0.7,0,true
SOLUSDT,1698289200000,1698296400000,13.285381732439877,0.8510769992572377,0.0680861599405966,2,false,2.245888049700875,3,4,241,54,0.4658674451829262,0.47616100166238146,0.75,1,true
XRPUSDT,1698260400000,1698300000000,6.390654550659934,0.5957754107239519,0.27080700487453635,7,false,1.3876781799851257,19,3,142,75,0.7052441229656244,0.37912980682431485,,0,false
SOLUSDT,1698307200000,1698312600000,13.698791366402668,0.5476993532815533,0.41154810161835154,5,false,2.1149704435812726,8,4,246,46,0.8104079985095811,0.9190209487266673,0.75,0,false
ETHUSDT,1698323400000,1698330600000,6.681210405158998,0.6113561190738654,0.05347298787210735,1,false,1.188391861079667,12,4,153,73,-0.4177228356975031,0.21830209481808358,,0,false
XRPUSDT,1698327000000,1698330600000,5.394655905810746,0.6467840459935208,0.10779734099893011,5,true,1.204587623957625,13,4,160,52,-0.4637887977167206,0.04311893639957204,,1,false
XRPUSDT,1698341400000,1698369300000,3.061978475593875,0.8005822416302693,0.2365356622998486,1,true,1.332253378911983,17,4,164,63,0.7849580138736915,0.23393636930755723,,0,true
XRPUSDT,1698374700000,1698384600000,3.6593880322386987,0.6880318667390957,0.03621220351257975,1,false,1.0278479954982112,2,5,174,27,-0.3782420749279522,0.25607201055326834,,2,false
SOLUSDT,1698374700000,1698399000000,10.21397450281106,1.3213399503722143,0.7040942928039602,1,false,2.104550587334159,2,5,265,36,0.2685682533802658,1.0786290322580576,0.75,1,true
ETHUSDT,1698374700000,1698417900000,4.528079178300349,0.7088224581850834,0.29977866808617426,1,false,1.0308655673387057,2,5,168,43,-0.029574737593954074,0.4219314711568206,,0,false
BTCUSDT,1698375600000,1698426900000,6.833172259038878,0.5381105230175421,0.2341913484537738,2,false,0.7593487133603878,3,5,267,21,0.25478756424853427,0.8309477786636803,,3,false
SOLUSDT,1698610500000,1698615900000,7.360018155028006,0.5440729483282737,0.03343465045593552,2,false,1.0435331321898702,20,0,330,8,0.11553312456296194,1.091185410334352,0.75,0,false
SOLUSDT,1698682500000,1698686100000,12.175571909987987,0.6846162697042905,0.08054309055344233,5,false,1.5214042672078048,16,1,350,56.00000000000001,-0.35779711472406683,1.8352318490392305,0.7,0,false
SOLUSDT,1698727500000,1698732900000,13.14415213907906,0.7009411041916772,0.1703482364768632,1,false,1.518764562332244,4,2,363,71,1.067765259794855,1.5582674746572087,0.65,0,true
SOLUSDT,1698781500000,1698783300000,11.999492125279598,0.6520351821536569,0.11930856524515515,7,false,1.4555912151172266,19,2,378,63,0.15798226164080423,1.3216429436844963,0.65,1,true
BTCUSDT,1698756300000,1698784200000,2.554728843508044,0.5981619741974988,0.1943222827754482,17,true,0.5710167442464892,12,2,373,70,0.3765007372042535,0.14418323763326316,,0,true
SOLUSDT,1698796800000,1698800400000,17.813128491532694,0.6461140852870526,0.9625781270603181,1,false,1.6721152737313676,0,3,382,100,1.1450583082686863,3.6885642202238027,0.7,0,true
XRPUSDT,1698840000000,1698843600000,7.570772324475504,0.5338672005338825,0.20020020020019663,1,false,1.3418981581799447,12,3,303,82,0.14997500416597434,2.3579134690245795,,0,true
ETHUSDT,1698844500000,1698846300000,2.4032447590421686,0.5458515283842744,0.3851439718041388,1,true,0.6084917929773649,13,3,298,56.00000000000001,1.0868537419695854,0.09126839944910321,,0,false
ETHUSDT,1698867900000,1698888600000,3.3741460517191997,0.8382828563792885,0.026724697438247357,1,false,0.8968356707235104,19,3,305,100,1.748074528686481,1.0321732633037155,,0,true
XRPUSDT,1698887700000,1698902100000,7.8482594477155905,0.574995892886489,0.29571217348447904,1,false,1.26818660424139,1,4,316,68,0.47720914925127755,0.30392640052569525,,0,false
SOLUSDT,1698893100000,1698903000000,22.846290435707672,1.5737240075614292,0.080340264650281,1,false,3.1885951463529802,2,4,409,93,1.6761641353329577,6.32797731568999,0.7,1,false
SOLUSDT,1698984000000,1698986700000,8.21262565788939,0.6891586093396438,0.041143797572529686,1,false,3.2070413574767946,4,5,434,74,1.2901220175643056,1.9389014606048083,0.7,0,false
SOLUSDT,1698992100000,1698999300000,8.297552414616574,0.7603288744555317,0.12371452872497182,1,false,3.148224815290729,6,5,436,72,2.1932238031601377,2.172736410732226,0.65,0,true
SOLUSDT,1699000200000,1699002000000,8.273188016388284,0.678217695083563,0.6961328794819913,1,false,2.835769799615465,8,5,438,62,1.5783540022547906,1.4562485603869566,0.65,0,false
SOLUSDT,1699072200000,1699074000000,12.005401749030208,0.5477018725482972,0.7450719167098403,3,false,2.1476939515827627,4,6,458,43,1.2470000247420585,1.6544543951841715,0.6,0,true
SOLUSDT,1699104600000,1699106400000,12.36220892778867,0.7706299061841748,0.18428106452230084,1,false,2.0380488582701597,13,6,467,31,1.4375648230782134,1.26603484587401,0.6,0,false
SOLUSDT,1699124400000,1699133400000,11.631867961116466,0.8294641129812257,0.4304507641710301,1,false,1.9193948634382636,19,6,473,25,0.5924313867730736,0.7854517314760985,0.55,0,true
SOLUSDT,1699184700000,1699191000000,9.455638648445222,0.7130852340936303,0.09603841536614441,1,false,1.4888715239898447,11,0,490,1,0.5352622061482852,1.4755616532327265,0.55,0,false
XRPUSDT,1699184700000,1699192800000,9.047510295580226,0.8711885500933494,0.4355942750466573,2,false,0.9891164095676866,11,0,399,39,2.9718621561808294,2.4579962663347907,,1,false
SOLUSDT,1699217100000,1699219800000,6.800431399400258,0.7210894297059597,0.014616677629175444,1,false,1.4558948618670031,20,0,499,1,0.5037167449139182,0.21437793856123405,0.5,0,false
XRPUSDT,1699274700000,1699279200000,16.90886426187769,1.059771089444673,0.6782534972445989,1,false,1.5409851150786689,12,1,424,100,2.33624767091873,2.727144270170974,,0,true
SOLUSDT,1699308900000,1699310700000,4.158741590463412,0.5352363960749358,0.1115075825156153,1,false,1.3719566919328792,22,1,524,1,0.37990713381173163,0.5804589156506984,0.5,0,true
SOLUSDT,1699323300000,1699326000000,6.504470869845304,0.734661785301849,0.44718543453156634,14,false,1.6071820019531173,2,2,528,37,1.7117696531934896,0.2672055824467446,0.55,0,false
SOLUSDT,1699340400000,1699350300000,6.493222236453968,0.689071566731133,0.1402321083172143,1,false,1.6451029221212734,7,2,533,41,0.10618273082676993,0.768321513002364,0.5,1,false
XRPUSDT,1699327800000,1699352100000,9.26421899111365,1.2962423536265686,0.10195164579085841,1,false,2.2582288491311586,3,2,438,99,0.6702608188838609,0.26216137489076957,,0,false
SOLUSDT,1699362000000,1699363800000,6.078043455295026,0.9575757575757652,0.5187878787878755,1,false,1.6923796728439566,13,2,539,52,1.057750759878425,0.6341818181818216,0.45,0,true
XRPUSDT,1699426800000,1699430400000,6.484361870643513,0.5011053795136269,0.08843036109064774,1,false,1.4980124612992185,7,3,466,56.99999999999999,0.250441956393641,1.7170228445099558,,0,false
SOLUSDT,1699449300000,1699454700000,8.708988571568865,0.7088923268755678,0.025400050800091622,1,false,1.479302921120549,13,3,563,28.999999999999996,0.5316689782709293,1.1164476874408442,0.45,0,false
SOLUSDT,1699481700000,1699486200000,6.93353728909538,0.6503648103685481,0.305368423506376,1,false,1.4653628776332763,22,3,572,23,-0.2940835938404595,0.1759947784330759,0.45,0,true
SOLUSDT,1699504200000,1699506000000,9.068325041105027,0.5301720214799239,0.34586329298261814,2,false,1.5102944386442818,4,4,578,55.00000000000001,0.9080304659088437,0.4183515583351589,0.45,0,true
XRPUSDT,1699513200000,1699515900000,7.963851055941951,0.5725737188663045,0.1145147437732641,2,false,1.193710408993023,7,4,490,26,1.339478611551199,0.6743646022203135,,0,false
XRPUSDT,1699542900000,1699545600000,7.221636074870505,0.808197431086728,0.6205801702987562,1,true,1.5364287161962487,15,4,498,60,1.523726599912923,0.4854432621787354,,0,false
SOLUSDT,1699592400000,1699597800000,14.079681523060009,0.909475465313028,0.061336717428080285,1,false,2.651050934432659,5,5,603,88,0.012652889076339576,6.959014852415861,0.5,0,false
XRPUSDT,1699632000000,1699633800000,-1.01146309105343,0.5368098159509122,0.06134969325154401,8,false,1.641601561409691,16,5,2,38,-1.308183754183137,0.1457055214723766,0.35,0,false
SOLUSDT,1699695000000,1699696800000,23.762343360867007,0.8835958509412162,0.44271262096848774,2,false,3.1455210323493796,9,6,631,91,1.4349030470914146,1.0143973071364365,0.5,0,false
ETHUSDT,1699748100000,1699749900000,5.070475808095141,0.5241177188911964,0.2544877274392495,1,true,0.845959653288381,0,0,204,53,0.5633844180889958,0.16534375381610542,,0,false
XRPUSDT,1699750800000,1699762500000,-0.4552370090712377,0.7461550175118038,0.33500837520937715,1,false,1.4625220686913796,1,0,0,48,-1.6882725354235735,0.8375209380234598,0.35,0,false
SOLUSDT,1699785000000,1699786800000,24.672009963515066,1.815323514810527,0.2018864802250536,12,false,3.6979385493257766,10,0,656,96,4.513482822325051,10.543190468310447,0.45,0,false
ETHUSDT,1699845300000,1699852500000,4.368909225300018,0.6268598468218028,0.08976047612077129,10,false,0.7359904242841028,3,1,231,34,0.42569205505161267,0.038701074849188805,,0,false
SOLUSDT,1699856100000,1699860600000,18.473345109353577,1.464195040517509,0.23649706117622993,3,false,3.0503101101800585,6,1,676,62,-0.7195730762609853,0.7486175355614979,0.4,0,true
SOLUSDT,1699880400000,1699885800000,15.413952003738828,2.0593368237347294,0.3821989528795833,1,false,3.022995229328855,13,1,683,48,1.1599992990940773,1.1108202443280943,0.4,0,true
ETHUSDT,1699893000000,1699894800000,5.962665596140303,0.5027114941596735,0.25564834997112856,2,false,0.8596263771847832,16,1,244,53,1.2870811096687331,0.43720955374419757,,0,false
ETHUSDT,1699926300000,1699940700000,2.4024806198276454,0.5139903271915569,0.02839184664487452,2,false,1.0095525545209354,1,2,254,70,0.1443241471421395,0.3124883184016488,,0,true
SOLUSDT,1699931700000,1699960500000,7.657952040022005,1.439074275395697,0.05896335059239092,1,false,3.3640665275082497,3,2,697,56.99999999999999,0.6722969218802081,0.30087102556745476,0.45,1,false
ETHUSDT,1699980300000,1699983000000,2.1645858230183945,0.5042484889646751,0.0019544515076243643,2,false,0.8762661678179776,16,2,269,59,0.8612204724409449,0.3187710408920062,,0,false
SOLUSDT,1700003700000,1700028000000,11.52188087724504,1.2092069441007045,0.32881943216773313,1,false,3.179079760581111,23,2,717,50,2.2332594868863005,1.074850616978404,0.45,0,true
SOLUSDT,1700039700000,1700041500000,14.369150718243477,0.6962591115389924,1.2790537752716267,7,false,2.5860490322951697,9,3,727,6,0.9056048207621398,0.2870994361160681,0.45,0,true
SOLUSDT,1700055000000,1700056800000,20.966604055645487,0.6197758756428039,2.7940166501951444,8,true,2.650100192033507,13,3,731,22,2.819753334337404,0.0586274476959475,0.5,0,true
SOLUSDT,1700085600000,1700087400000,22.314228333587938,1.4820543577764451,2.094447425739457,10,true,2.727197684070257,22,3,740,45,4.012869353651116,0.9738312446731343,0.5,0,true
SOLUSDT,1700129700000,1700136000000,19.719243833361023,1.2034101751254138,0.643255055246078,1,false,2.514562063223407,10,4,752,26,0.4359505718013755,0.7417438675325464,0.55,0,false
SOLUSDT,1700226900000,1700230500000,5.291924582293691,1.3969072164948493,1.1666666666666579,1,false,2.90228621297718,13,5,779,44,1.8738439731023928,0.34192439862542623,0.5,0,false
SOLUSDT,1700253000000,1700262900000,2.7774454385014224,0.8690985266875615,0.06751960665499969,1,false,3.175425168010305,20,5,2,71,1.1469284907463664,0.30383822994752935,0.5,0,true
SOLUSDT,1700312400000,1700314200000,1.141255823226687,0.6063829787234021,0.19858156028369128,17,false,2.2076548165967056,13,6,5,1,0.922443766408861,0.7836879432624116,0.55,0,false
SOLUSDT,1700321400000,1700324100000,1.3420951949474922,0.9301512369962471,1.0228166797797025,1,false,2.2904654761201795,15,6,0,4,1.6872615255364556,1.2964419966780225,0.5,0,true
SOLUSDT,1700360100000,1700366400000,1.76766455282685,0.9038043859034509,0.13837315210537487,1,false,1.9164926984412096,2,0,11,2,0.1709759586866237,1.2076998528690577,0.55,0,true
SOLUSDT,1700367300000,1700374500000,3.194899437133973,0.9589872539668729,0.42139946241221204,1,false,1.8661189233719382,4,0,13,2,1.1056148572420383,0.4517471603225534,0.6,0,true
SOLUSDT,1700377200000,1700379000000,6.7534867227592885,0.7256649115701359,1.5087079789388387,1,true,1.8394059521848916,7,0,16,8,3.385679790385828,0.7206021331173208,0.6,0,true
SOLUSDT,1700408700000,1700411400000,5.557641107089728,0.6406503521067907,0.2743254771423339,1,false,1.7955865482391662,15,0,25,3,0.4087829946274311,0.167271632403863,0.65,0,false
SOLUSDT,1700424900000,1700431200000,7.394506926329639,0.9447771124417796,0.3426480372588208,8,false,1.699746586716161,20,0,29,2,0.82712294890219,0.6927811044577616,0.6,0,true
SOLUSDT,1700437500000,1700440200000,6.928878007726869,0.5424865611283809,1.0175732767832186,2,false,1.7964078470878293,23,0,33,18,1.6122133385976984,0.13479969094705124,0.6,0,false
SOLUSDT,1700480700000,1700487000000,4.524928584157611,0.7197857381988612,0.040174087713426364,10,false,1.6358162480847163,11,1,45,6,0.10180919954603102,0.09541345831938762,0.6,0,true
SOLUSDT,1700521200000,1700533800000,-1.8994074650718487,0.9022450806578942,0.5581983183836786,1,false,2.2168472874080978,23,1,4,50,-0.06709631853093793,0.7773233395940596,0.65,1,true
ETHUSDT,1700498700000,1700579700000,1.620766304689154,1.8549880658803042,0.19906705885848322,9,true,0.9395025837959904,16,1,17,77,0.25907505746215514,0.056699448356457884,,0,false
ETHUSDT,1700580600000,1700582400000,-0.19616940939715535,0.5264166355724557,0.7639091981726732,1,true,0.771863449745487,15,2,0,61,-1.6933094726077853,0.1865652827220402,,0,false
ETHUSDT,1700591400000,1700605800000,-0.9120486561714859,0.854773400170761,1.0924323595640197,3,true,1.1382375106849985,18,2,0,100,-1.8113467185856313,0.5844945836058609,,0,true
SOLUSDT,1700688600000,1700700300000,3.290356555880426,1.1040354398837098,0.5589395722295294,2,true,2.0218262247374748,21,3,1,67,2.7117156647652507,0.12978473039385832,0.7,0,false
SOLUSDT,1700742600000,1700744400000,1.9750594763358449,0.8120689655172354,0.5862068965517301,1,false,1.6713447622692044,12,4,16,9,3.5045632333767895,0.6698275862068974,0.65,0,false
BTCUSDT,1700757000000,1700788500000,0.3217071841924176,0.536229928484677,0.08473890163271207,1,false,0.6547007940423472,16,4,21,45,0.18913333225410925,0.17635946565917102,,0,true
ETHUSDT,1700838900000,1700840700000,4.475371631551768,0.5080669263136723,0.262809595870968,1,false,0.7285368830935035,15,5,56,24,0.3956455244084281,1.2632887252786098,,0,true
SOLUSDT,1700920800000,1700932500000,2.0731443279990094,0.6210752688171993,0.1479569892473093,1,true,1.2433934114478158,14,6,12,9,0.3680897175685415,0.011674347158202269,0.6,0,true
SOLUSDT,1701036900000,1701040500000,0.972127693131818,0.5303527623259547,0.1468403413605945,1,false,1.191439940254461,22,0,1,26,0.005174019523300531,1.5663609572326487,0.65,0,false
SOLUSDT,1701097200000,1701099000000,-5.253884833331901,0.7983300985095396,0.014648258688240316,2,false,1.4529585369660922,15,1,13,78,-0.6846305923702173,0.9539678470721809,0.6,0,false
SOLUSDT,1701101700000,1701104400000,-5.656339381021098,0.5926279287378684,0.08072950112837263,1,false,1.5116312269333203,16,1,14,79,-1.4320680962992711,1.159569198025793,0.55,0,false
SOLUSDT,1701120600000,1701127800000,-5.3057578728392025,0.6397952655150377,0.08408737775340348,14,false,1.5474953735971202,21,1,19,87,-1.0032350696085195,0.7869481765834971,0.5,0,false
SOLUSDT,1701242100000,1701244800000,4.419246350151088,0.5404854170915729,0.6101706438235125,2,true,1.2882585744700497,7,3,14,70,1.0894436665414522,0.19035964375551495,0.45,0,true
SOLUSDT,1701253800000,1701270900000,7.208235967581371,1.2718548159463334,0.2656615803543323,7,false,1.4149706112053282,10,3,17,100,1.8578093682100596,0.5138891194979113,0.5,0,false
SOLUSDT,1701308700000,1701315900000,3.2100866810811266,0.830660138443352,0.24143170690528565,1,false,1.5227615148512703,1,4,33,90,-0.39238044134415745,0.47151406006714763,0.5,0,true
SOLUSDT,1701484200000,1701492300000,3.4770977570541604,0.5013688689514167,0.3331464195006072,1,false,1.0902335935014766,2,6,81,2,0.4463623935565707,0.5566183989180964,0.5,0,true
SOLUSDT,1701531900000,1701537300000,5.013801338088389,0.6734822423567058,0.10982444239869155,1,false,1.007847296339503,15,6,95,7.000000000000001,0.21787898839592326,0.08467556798386719,0.55,0,false
SOLUSDT,1701666000000,1701667800000,7.582254237497514,0.5490244734638159,0.16284624212910448,3,true,1.2471648814057872,5,1,132,78,0.34820558057476253,0.034120165017534,0.5,0,true
BTCUSDT,1701695700000,1701699300000,8.134049163292694,0.5228632990184378,0.0007182188173399818,1,false,0.870898479514103,13,1,143,99,0.6985965436333764,4.540339956906871,,0,false
SOLUSDT,1701702000000,1701722700000,0.709197454710551,0.9287363906301473,0.4734411085450331,1,false,1.8794991919065596,15,1,142,100,1.1846620908130998,1.3328934345100625,0.5,0,true
SOLUSDT,1701738000000,1701739800000,2.289126420346606,0.8056002208903867,0.5587227338433206,1,false,1.602680979506856,1,2,5,91,0.4232135039159456,0.22901135311602486,0.5,0,false
SOLUSDT,1701765900000,1701780300000,-1.0857564649672613,0.5098736111341817,0.05480726113168898,9,false,1.5699727162732047,8,2,6,79,-0.5995936637980865,0.6453906326852974,0.45,0,false
SOLUSDT,1701801900000,1701814500000,1.2240149161071987,1.3013029315960905,0.32573289902280594,3,true,1.5779358732700632,18,2,3,83,1.1664916655729074,0.04560260586319005,0.45,0,false
ETHUSDT,1701832500000,1701834300000,6.741236505945247,0.5028421512898994,0.008307826847400725,1,false,1.042217006047505,3,3,127,100,0.1379906637962216,0.6593790992566649,,1,false
XRPUSDT,1701832500000,1701841500000,1.201587197506608,0.6265060240963879,0.01606425702811068,1,false,0.8847892570553934,3,3,10,66,0.24077046548957576,0.6448651749857158,0.3,2,false
BTCUSDT,1701832500000,1701842400000,10.167491389237593,0.575517897648191,0.0812388467734909,1,false,1.0130818722105233,3,3,181,95,0.24426156532855464,4.165031240444173,,0,false
SOLUSDT,1701846000000,1701852300000,4.23461054486982,0.8725479348118168,0.13119833077786133,1,false,1.8553114447785704,7,3,7,100,1.1089140235703447,0.9031081885672955,0.4,0,true
XRPUSDT,1701860400000,1701862200000,1.8491568980311945,0.5612572161642172,0.6735086593970463,12,false,1.1075862385712192,11,3,18,83,1.4375706670974024,0.7344110381723431,0.25,0,false
SOLUSDT,1701893700000,1701901800000,5.325692679987077,0.7250453153322173,0.14688418026126818,1,false,1.8695493157645657,20,3,20,90,1.6316428357479602,0.25261995541389454,0.45,1,false
XRPUSDT,1701908100000,1701918900000,3.4351582257536344,0.7860399308284869,0.04716239584970397,3,false,1.178516590583265,0,4,31,86,0.3465112616159993,1.2026410941675736,0.2,1,false
SOLUSDT,1701918000000,1701922500000,2.441791213131228,0.7005733427816825,0.6554789666945879,10,true,1.9668404724382316,3,4,27,87,0.2851010667264702,0.08177829314208242,0.4,2,true
BTCUSDT,1701877500000,1701941400000,8.541037904342447,0.8117625537363945,0.13148266715448642,15,false,0.9161784383401502,15,3,194,82,0.16285231373624529,0.6088600262203193,,0,false
ETHUSDT,1701943200000,1701962100000,2.9477270013866455,0.8000000000000033,0.057589285714284094,1,false,0.7694383971498249,10,4,158,28.000000000000004,-0.15271321971112875,0.23065476190475515,,0,true
BTCUSDT,1701963900000,1701971100000,6.355969890308109,0.5378805218585488,0.16365300984206912,1,false,0.7510193259551072,15,4,218,51,1.0771297740885106,0.32753490501258536,,0,false
SOLUSDT,1701977400000,1701980100000,6.286239471754344,0.8146324087410308,0.4816552834951646,16,false,1.9787194390595946,19,4,43,92,1.4539201125615455,0.04758827413662291,0.4,1,true
XRPUSDT,1701968400000,1702005300000,3.7928116808439696,0.5142589995325043,0.10908524232506199,1,false,1.2580198146077306,17,4,48,85,1.0511452776906243,3.1171751007260924,0.2,1,true
ETHUSDT,1701985500000,1702043100000,8.132775252743695,0.9019408854496989,0.04651359465516127,1,false,0.9685504043363037,21,4,170,89,1.013868840033552,2.1842361199205125,0.45,1,false
SOLUSDT,1702058400000,1702079100000,15.85419464692904,1.081379310344836,0.09103448275862414,7,false,2.1295730771901717,18,5,66,88,0.5536332179930875,0.6068965517241348,0.45,0,true
SOLUSDT,1702089900000,1702098900000,14.795555450066967,0.6452576955470541,0.30157307033987313,1,false,1.9505025568777712,2,6,75,71,0.48686948361914006,0.9155867090499179,0.5,0,true
XRPUSDT,1702132200000,1702134000000,8.048009426766857,0.5077614971710516,0.08704482808645495,1,false,1.1804371811986358,14,6,93,89,0.5091649694500943,1.0706513854635213,0.25,0,false
SOLUSDT,1702149300000,1702164600000,12.28062258032053,1.0981543396123936,0.6401369974720753,3,false,2.0534806074535923,19,6,91,79,0.4013396065244892,0.867107015684043,0.5,0,false
SOLUSDT,1702173600000,1702177200000,10.117647814918685,0.8685645395511964,0.06849878072169927,6,false,1.944305264729939,2,0,98,54,1.0863863504596867,0.0739786831794422,0.5,0,false
SOLUSDT,1702184400000,1702191600000,9.826792111820923,0.6704063483376783,0.09166780681350808,2,false,1.8356965583729488,5,0,101,43,0.5021127147012013,0.20522643316459935,0.5,0,false
SOLUSDT,1702196100000,1702200600000,8.265374840312628,0.6925207756232686,0.2299168975069208,1,true,1.7297678675064982,8,0,104,26,0.08556208771493695,0.008310249307479539,0.5,0,false
SOLUSDT,1702206900000,1702212300000,7.072412170798306,0.5759468957438455,0.10737992971495255,1,false,1.756948474530572,11,0,107,27,0.6808248346968567,0.694483181792833,0.5,0,true
SOLUSDT,1702237500000,1702239300000,8.752907813637297,0.7183002056202892,0.0918437285812105,5,false,1.5643446819895248,19,0,116,6,1.3660787049186984,0.013708019191233881,0.5,0,true
XRPUSDT,1702320300000,1702331100000,-4.722995485352174,1.0124101894186779,0.04898758981059405,2,false,1.4206369573074207,18,1,16,77,-1.9364208487978067,1.0630870064640485,0.25,0,false
SOLUSDT,1702331100000,1702335600000,1.6899190730634215,0.9703488287129747,1.2523929912756278,3,false,2.4656788219504455,21,1,6,91,1.2218415105343854,1.519531192915284,0.55,0,true
SOLUSDT,1702341000000,1702343700000,2.9246662551231597,0.6745075811251228,0.9465778659487125,1,false,2.308489275099807,0,2,8,83,2.0634603301536427,1.1194558594303416,0.55,0,true
SOLUSDT,1702348200000,1702355400000,4.407039790317253,0.8936700704570677,0.6485411326357579,1,false,2.2177151955200847,2,2,10,72,0.638342549170579,0.6488524074774327,0.55,0,false
SOLUSDT,1702359900000,1702362600000,3.175164861891613,0.6578574264163765,0.0964101400782593,1,false,2.081355755337928,5,2,14,41,0.7856564422407508,0.13894402540690606,0.55,0,false
SOLUSDT,1702381500000,1702388700000,2.979333384527019,0.9058382553384899,0.41316447069513407,19,true,1.8601476384662479,11,2,20,22,0.6208091828616855,0.28112221717400226,0.5,0,true
SOLUSDT,1702389600000,1702391400000,3.667957069384696,1.2485763698485555,0.01687265364660291,1,false,1.8406564175974776,14,2,22,23,1.2999307645571077,0.6903727450401425,0.5,0,false
SOLUSDT,1702419300000,1702421100000,-2.054523052928986,0.6061233239211694,0.09609272208506087,1,false,2.186303052513211,22,2,6,52,-1.5589743589743486,0.2099256390165958,0.5,0,false
SOLUSDT,1702469700000,1702473300000,-4.1773311376763385,0.5216839049174361,0.350813524466218,2,false,2.1441086616248106,12,3,11,36,-0.3049751923164359,1.901046392064352,0.5,0,false
ETHUSDT,1702556100000,1702559700000,2.6706351209994588,0.6125814128528947,0.1970876278568004,1,false,0.7668711527618675,12,4,16,28.999999999999996,0.8959516098720754,0.5046835503617585,0.4,0,false
SOLUSDT,1702589400000,1702591200000,5.891329121708591,0.6504420546316655,0.9114387614271486,1,true,1.9293334253144736,21,4,25,47,1.3920922570016416,0.6682062283926214,0.5,0,true
SOLUSDT,1702600200000,1702602000000,9.401076669826248,0.5566664865157085,0.9822731448954276,10,false,1.8739251387920102,0,5,28,46,1.3513147561404997,0.46208722909798244,0.5,0,true
SOLUSDT,1702619100000,1702621800000,7.6189853646781565,0.5733333333333425,0.3173333333333327,1,false,1.7374324776933605,5,5,34,16,0.9282880765069563,0.629666666666651,0.55,0,true
SOLUSDT,1702626300000,1702631700000,9.999880749630034,1.2241340605068294,1.0828370330265205,1,false,1.8236447801589426,7,5,36,40,1.6563832322643923,1.7717150641999135,0.55,0,true
SOLUSDT,1702634400000,1702637100000,12.443734773616036,0.6078949393387587,0.5681380973144866,1,false,1.8434555367168128,10,5,38,55.00000000000001,2.6681215333255417,0.23918229153308723,0.55,0,true
SOLUSDT,1702669500000,1702677600000,9.165114399007194,0.5328457620477826,0.22854904009404647,1,false,2.1511940735582726,19,5,48,93,0.5289273510427939,1.59004832179705,0.55,0,false
SOLUSDT,1702787400000,1702791900000,2.7729230460836423,0.5558719054204244,0.16540578649095675,1,false,1.6043440080460756,4,0,80,5,0.6094657651652132,1.1109303397597765,0.5,0,false
SOLUSDT,1702814400000,1702819800000,1.9642047645650431,0.7312187894419158,0.06173516984031403,1,false,1.5374539977160975,12,0,88,1,0.5218848282586839,0.6491218442858522,0.5,0,false
SOLUSDT,1702835100000,1702841400000,3.192230975702279,0.826738462375247,0.49087596203530526,3,true,1.5880960611241963,17,0,94,12,1.8450692589430635,0.33328609931453596,0.5,0,true
SOLUSDT,1702900800000,1702902600000,-3.57342369788781,0.6631566833534704,0.37976868634560385,11,false,1.9404423327162055,12,1,12,57.99999999999999,-0.7064341620626146,0.23112185204366067,0.55,0,true
SOLUSDT,1702913400000,1702917000000,-0.45928404728927763,0.9109853284897514,0.136577398552573,1,false,2.008829476728241,15,1,15,72,-0.4523739060584252,1.8198586353524313,0.6,0,false
SOLUSDT,1702926900000,1702933200000,1.1182938796795483,0.7951844077127365,0.2530132206358527,1,false,1.8911112523561309,19,1,0,62,1.4943383518780924,0.6038257823252122,0.55,0,true
SOLUSDT,1702944000000,1702946700000,3.8842433812811676,1.0616812227074315,1.0221069868995567,11,true,1.8205373619964498,0,2,5,61,3.7578607601981098,0.7639440254068953,0.55,0,true
SOLUSDT,1702953900000,1702955700000,5.129582279070727,0.637052570108949,0.14200963542012202,3,false,1.7568810489507123,2,2,8,53,0.8206205860055654,2.0003209393629744,0.55,0,false
SOLUSDT,1703101500000,1703103300000,10.822778354882091,1.275463048541549,0.24030463233390412,9,false,2.1013471661240053,19,3,25,100,2.1091873498798948,7.447268899796251,0.5,0,false
SOLUSDT,1703121300000,1703123100000,12.710364706215465,1.1653504135314938,0.9514333685716069,12,false,2.167758437784342,1,4,30,99,-0.009849911966406341,8.558478259367538,0.5,0,true
BTCUSDT,1703136600000,1703156400000,2.7578945391586895,0.5176539756468411,0.06200824020614295,9,false,0.778855955223204,5,4,34,69,0.022031132744472874,0.4733086887115417,,0,true
SOLUSDT,1703226600000,1703228400000,26.82532280312519,0.6355147875447277,0.01748179836287679,10,false,2.4660084826993978,6,5,59,96,-0.09091280542616516,12.18070009460738,0.55,0,false
SOLUSDT,1703232900000,1703236500000,20.09079300551887,1.2904879924792734,0.15276472096402088,1,false,2.773656654416002,8,5,61,100,-1.042994553250661,6.418788992393811,0.5,0,false
ETHUSDT,1703237400000,1703254500000,2.957158103649021,0.5558213369286391,0.4575305527769313,1,false,1.0853579029949318,9,5,17,100,0.8488683928004722,0.6881442178054087,0.35,0,true
SOLUSDT,1703289600000,1703291400000,21.34723401684193,0.8479023677467797,0.5443450880316074,2,false,2.3065116506764527,0,6,77,70,1.2351147554493513,1.3346230230188998,0.5,1,false
ETHUSDT,1703258100000,1703296800000,4.920368125487418,1.0461816305469525,0.1380288957688354,1,false,1.133029473064388,15,5,23,100,1.5063334474494932,0.36248710010319213,0.35,0,false
SOLUSDT,1703347200000,1703349900000,16.759084902608056,0.5221334664669761,0.1768181061740592,1,false,1.8008573993111616,16,6,93,34,0.21621172117003642,0.6124493814833085,0.5,0,true
SOLUSDT,1703429100000,1703436300000,28.53099885840078,0.9478589019010268,0.10275853515936402,1,false,2.650561736489631,14,0,116,91,2.2784335099491573,13.670650036319836,0.55,0,true
SOLUSDT,1703504700000,1703506500000,20.299986425841293,0.817519295068894,0.3155337630090482,1,false,2.253332682407263,11,1,137,56.99999999999999,0.44806882337126985,1.415868121229515,0.55,0,false
XRPUSDT,1703505600000,1703507400000,3.8410888342893594,0.5946791862284859,0.42253521126761123,3,false,1.0411336617012465,12,1,3,100,1.0205683780813235,1.3005234471966043,0.2,0,true
XRPUSDT,1703581200000,1703584800000,0.24327355512444404,0.5782203662062395,0.14455509155155988,1,false,1.078417581417313,9,2,1,96,0.40173549734855496,0.9258345342203431,0.25,0,false
SOLUSDT,1703583000000,1703588400000,16.323915646891255,1.2720477927796034,0.3701632446539261,3,false,2.960601653378816,9,2,158,99,0.44438958153314834,3.054334993298025,0.5,1,true
SOLUSDT,1703596500000,1703600100000,18.456079882129508,0.5994787141615967,0.78192875760209,1,false,2.7078106986676036,13,2,162,85,2.136393075320768,3.860990443092965,0.5,0,false
XRPUSDT,1703596500000,1703603700000,1.5560140919221828,0.5584809318653357,0.1436093824796572,4,false,1.0570872280941934,13,2,2,90,0.9162514065262882,0.26555701452941827,0.25,1,false
SOLUSDT,1703619000000,1703626200000,8.445925448640974,1.2150943396226384,0.5415094339622623,2,false,3.344327692998196,19,2,168,99,1.2217373311764104,3.6361185983827307,0.45,0,true
SOLUSDT,1703677500000,1703686500000,11.682097102440297,0.6527123326865727,0.5203816131830079,5,false,2.544517376765791,11,3,185,34,1.0935753565520752,1.0057432724433277,0.45,0,false
XRPUSDT,1703702700000,1703717100000,2.452128903887416,0.5648831005805643,0.10983838066845034,1,false,0.9566089290954016,18,3,10,57.99999999999999,0.6611049897686103,0.9312725560960338,0.2,0,false
ETHUSDT,1703719800000,1703723400000,4.448387392889094,0.5193097227257084,0.1757728525784264,1,false,0.8254204961783658,23,3,12,93,1.007334921931532,0.04032518680255603,0.35,0,true
SOLUSDT,1703724300000,1703727000000,5.185471245288616,1.91044116835072,0.1288351462278915,1,false,2.5782734546392856,0,4,198,17,2.117469120241997,1.0237792869894882,0.45,0,false
SOLUSDT,1703795400000,1703797200000,-0.9166909026397935,0.5497765296839748,0.788078946327583,1,false,2.586571539631476,20,4,7,11,-1.2513116993684004,1.4301441020975834,0.45,0,true
SOLUSDT,1703807100000,1703810700000,-0.20723352763436773,1.1805898017555998,0.767334056613084,4,false,2.5782342049895335,23,4,0,14.000000000000002,1.5270740188772896,1.1720419502252022,0.5,0,false
SOLUSDT,1703830500000,1703832300000,4.082206041749078,1.0308887984323662,0.4761589215899733,2,false,2.5060629961464618,6,5,4,21,1.3168270738126189,0.8089021838939022,0.45,0,true
SOLUSDT,1703855700000,1703859300000,4.564209573030384,1.2231753594666546,0.24199851222705018,20,false,2.372617723301742,13,5,11,4,-0.377845532257156,0.2754263222817578,0.45,0,true
SOLUSDT,1703876400000,1703880000000,2.692744440381115,1.1295521239236126,1.041035262423624,3,true,2.641373551216187,19,5,17,38,0.674515341169281,0.017799586279875747,0.5,0,true
SOLUSDT,1703894400000,1703897100000,3.1967873676471394,0.5625319620432923,0.28789514555751466,1,false,2.4401329865408936,0,6,22,11,1.0038536562158114,0.9473391796251155,0.5,0,true
SOLUSDT,1703953800000,1703969100000,1.2471705352702815,0.5641612221554524,0.4575328124697022,2,false,1.7479327263196545,16,6,1,2,0.6269048262026983,0.4494549026450325,0.5,0,true
SOLUSDT,1704042000000,1704043800000,0.4888276423645367,0.501500629296157,0.0571207280472432,1,false,1.4660224581834491,17,0,0,4,0.8247543284978979,0.5728208603607983,0.55,0,true
SOLUSDT,1704067200000,1704073500000,-1.2265411892025653,0.8076930571523154,0.08476392759017448,5,true,1.6490976229409857,0,1,1,26,-1.3432505508674366,0.01503202656772952,0.6,0,false
SOLUSDT,1704126600000,1704132900000,2.849437007692221,0.7708920187793408,0.3765258215962406,1,true,1.5412425765618876,16,1,6,26,2.3023354967075584,0.016901408450704865,0.55,0,true
SOLUSDT,1704135600000,1704140100000,4.566262605448952,0.9303366177882509,0.4092362477044617,3,false,1.5282545229570312,19,1,9,31,1.4336648526928184,0.5844900394320989,0.6,0,true
ETHUSDT,1704187800000,1704189600000,5.1935640253320345,0.5157545259025855,1.063247791860685,4,false,0.7670215867002889,9,2,23,70,1.4058252101825959,0.9667787266918665,0.35,0,true
SOLUSDT,1704195900000,1704205800000,9.063519619743756,0.6496425643692728,0.1516126473154839,18,true,1.62151532454114,11,2,26,71,0.80262645570068,0.7353654129240943,0.65,0,false
BTCUSDT,1704204900000,1704206700000,6.027787892711876,0.5266826227610962,0.02191771214153582,2,false,0.8374718398571535,14,2,22,97,0.7935160544238719,0.919886378580252,,1,false
SOLUSDT,1704211200000,1704217500000,4.590466805737082,1.5241645878450545,0.028326799894008346,1,false,1.8863263983926448,16,2,30,78,0.2576898648035623,0.7419794036751717,0.65,0,false
XRPUSDT,1704250800000,1704258000000,0.2344509430757315,0.5109372505189176,0.031933578157429025,9,false,0.6773371304037622,3,3,2,67,0.3359999999999985,0.7104692438403636,0.2,1,true
SOLUSDT,1704264300000,1704268800000,3.796155277790482,0.6853662799790162,0.1352333465193564,1,false,1.6281229959879628,6,3,45,67,0.9718495569509391,1.0684617173978042,0.6,1,false
BTCUSDT,1704233700000,1704275100000,4.412477780142018,0.5419982022172589,0.1014304579906939,1,false,0.9733696345708455,22,2,30,100,0.6040027715951567,0.33292272863468386,,0,true
SOLUSDT,1704321900000,1704323700000,-5.674931250341507,0.8030231459612727,0.4271399712559897,1,false,3.316637509116476,22,3,11,90,-0.6707035871112595,2.0555482969678187,0.55,1,true
ETHUSDT,1704312900000,1704337200000,-4.719125787023763,0.8114681470497739,0.06871485144934006,1,false,1.6364600002898984,20,3,8,93,-0.049368625106443534,1.8793327842332803,0.4,0,false
SOLUSDT,1704339900000,1704357000000,-3.2590649026366583,1.10622100630427,0.10011498354545725,1,false,2.9407025728744887,3,4,16,85,0.6676461475418092,3.1595047605256297,0.6,0,true
XRPUSDT,1704356100000,1704378600000,-6.92379052081495,0.7620367163145063,0.03463803255974679,1,false,1.754435138507417,8,4,20,81,-0.9653508015859229,1.3220182426971563,0.2,0,false
BTCUSDT,1704383100000,1704396600000,1.5704855313439765,0.5051230980883382,0.49576896664224473,1,false,1.0173240106198234,15,4,1,79,1.6053927207472574,1.3143695429479916,,0,true
ETHUSDT,1704391200000,1704396600000,-1.086728107538444,0.5312749721190367,0.02766142416818625,1,false,1.0343151262018555,18,4,30,76,-0.08986111172290902,0.7798212431281495,0.4,1,false
SOLUSDT,1704401100000,1704409200000,2.238033833587482,1.255399061032867,0.41032863849765033,1,false,2.3359047241000894,20,4,1,77,1.2661337566377566,0.6789775691184122,0.6,0,false
SOLUSDT,1704427200000,1704434400000,-2.846440616153546,0.5885605940906973,0.18071575288354472,1,false,2.546575606472288,4,5,2,77,-0.19398450103425205,2.6666683125296338,0.6,0,false
SOLUSDT,1704474900000,1704480300000,-7.140008933520472,0.6680897354323706,0.4956794811272243,1,true,2.399986050470698,17,5,15,56.00000000000001,-1.909865768386678,0.04207631206255703,0.55,0,false
SOLUSDT,1704501900000,1704518100000,-3.9507791559250722,1.038832799306779,0.022167140237381217,1,false,2.091590022894573,0,6,23,35,-0.9186811865714132,1.7907018922676918,0.55,0,true
SOLUSDT,1704539700000,1704546000000,-7.6454773437169,0.6077231483435255,0.16248153618906558,1,false,2.087371393834866,11,6,33,22,-0.04015300407871142,0.2455686853766573,0.6,0,true
SOLUSDT,1704593700000,1704595500000,-7.107655008004175,0.6238145416227594,0.21074815595363838,1,false,1.9429186721206466,2,0,48,13,-1.2665128957852783,0.11880927291885272,0.6,0,true
SOLUSDT,1704626100000,1704633300000,-6.77663379062306,0.8037042115366214,0.27950343314594356,10,false,1.8972850168082038,11,0,57,6,-0.7821932909864082,0.2127917646686459,0.65,0,false
SOLUSDT,1704657600000,1704659400000,-5.440228410922456,0.5303902081807624,0.6182655089444588,18,true,1.7655014474498496,20,0,66,1,-1.3997602793266866,0.6038811591170692,0.6,0,true
SOLUSDT,1704684600000,1704690000000,-11.54736105408593,2.1008403361344516,0.4683840749414534,1,false,2.4549301060582325,3,1,73,54,-2.3014180796696855,1.961932313909174,0.6,0,false
SOLUSDT,1704727800000,1704730500000,-4.47176708749675,0.9144860503917714,0.12460664427970496,2,false,2.216998189579069,15,1,85,49,0.09569072756850225,0.33237238378846823,0.55,0,false
XRPUSDT,1704762000000,1704780900000,-2.2496857941091495,0.503822098679641,0.4343293954134723,2,false,1.2195853591541088,1,2,133,59,-0.7453631478592426,0.8715543201297202,0.2,0,true
SOLUSDT,1704799800000,1704805200000,1.8903465636370724,0.8872329855936419,0.5404868355687996,1,false,2.179308519628488,11,2,8,78,0.4491107013265153,0.847988077496271,0.5,0,false
XRPUSDT,1704844800000,1704847500000,-2.407357477269599,0.6167400881057176,0.07048458149778959,1,false,1.5262644687651146,0,3,156,91,-1.0844848696868958,0.165127790875716,0.25,0,false
SOLUSDT,1704858300000,1704868200000,0.9543033071916566,0.640088705206396,0.165314248273778,2,false,2.809725165734065,3,3,2,94,0.26841184631159487,1.9913181588500324,0.45,0,false
SOLUSDT,1704878100000,1704884400000,-1.9434802556686743,0.6978173993236985,0.015370427297879463,3,false,2.4178645213888457,9,3,1,78,-1.2008012119856406,1.3652092348680276,0.4,0,false
ETHUSDT,1704897900000,1704899700000,4.336109444358568,0.5104975251785211,0.20109236394780916,1,false,1.517272218091926,14,3,17,98,0.49408524964528217,3.5793402809858836,0.4,0,true
ETHUSDT,1704909600000,1704914100000,6.334603438359664,0.7166392092257039,0.04118616144975289,1,false,1.6696070883828857,18,3,20,100,1.4693487783105963,1.2950988467874676,0.4,0,true
BTCUSDT,1704916800000,1704918600000,3.9457003518389295,0.5279591881610453,0.18250984013897134,10,false,1.441459697312434,20,3,61,97,0.48609550994877904,0.36889526573873466,,0,false
BTCUSDT,1704928500000,1704942900000,4.739097668901315,0.5411074005784898,0.4910366998895436,1,false,1.7316896025594692,23,3,64,100,1.8751086012163398,0.22075161923916448,,0,false
ETHUSDT,1704929400000,1704945600000,10.658163221463177,1.0295073239855528,1.157902153744977,1,false,1.805888829181857,23,3,25,100,2.4282821132936157,9.996274268009604,0.45,1,true
ETHUSDT,1704946500000,1704951900000,12.822611754299803,0.548240980148835,0.2551030208961772,1,false,1.7869823968824032,4,4,30,96,1.2586269031500554,11.664694037943766,0.5,0,false
ETHUSDT,1704986100000,1704987900000,14.281467954362338,1.4448265341865572,0.31450212618504647,1,false,1.5012780182650736,15,4,41,84,1.4390093628216114,0.6352189650431747,0.5,0,false
SOLUSDT,1704986100000,1704987900000,6.536582180580652,0.5264980949082058,0.9698649116730209,19,false,2.4319138012026302,15,4,17,78,1.3894386826062826,0.10577559738825469,0.4,1,true
BTCUSDT,1704987000000,1704988800000,7.79007583924784,0.9103678547140128,0.01927937509402577,6,false,1.368908685552203,15,4,80,84,0.32112425282970875,0.3251364209993917,,2,false
SOLUSDT,1704996900000,1705004100000,1.892048458829621,1.1347134172600724,0.2704083165579986,1,false,2.839249196083626,18,4,20,89,0.7258241648529279,1.0907661044367354,0.4,1,true
XRPUSDT,1704996900000,1705022100000,3.757743657744016,0.8956709238679649,0.016586498590145795,1,false,1.8198425955400075,18,4,22,94,0.04961958319549569,0.5520250198648946,0.2,2,false
ETHUSDT,1705008600000,1705023000000,9.781258063680706,0.7222224353048993,0.15380307836285115,1,false,1.649148190408876,21,4,47,85,-0.5657068291885072,1.3366676511086444,0.45,2,false
SOLUSDT,1705032900000,1705037400000,-1.3458023080705264,0.7299641117922645,0.029483230142038585,1,false,2.2756954455095646,4,5,0,31,-1.3353654843854021,0.4439736986173052,0.4,1,false
BTCUSDT,1704996900000,1705046400000,3.1239106640757153,0.9670456118493879,0.15724494739757314,1,false,1.7694316212801517,18,4,83,99,0.5286054196102795,0.42798960063678215,,0,false
XRPUSDT,1705050900000,1705060800000,1.4075866907144936,0.6412419844751983,0.08437394532567413,1,false,1.2052115023337868,9,5,37,32,0.1180836707152554,2.054981130917681,0.2,0,true
BTCUSDT,1705053600000,1705070700000,1.481121875967443,0.6181961856072863,0.265221880477705,1,true,1.139521204114622,10,5,99,40,0.29370528734929796,0.19493262491078048,0.45,1,false
BTCUSDT,1705085100000,1705092300000,-3.8219395208951,0.6617254778047201,0.18317660285251766,1,false,1.3900003755117767,18,5,3,63,-0.04953549011468509,0.7149448229548988,0.4,1,false
ETHUSDT,1705083300000,1705093200000,7.964111919763579,0.5985363101724216,0.1564927085989916,1,false,1.694810796418717,18,5,68,87,-0.4011456935155214,0.2728640355283463,0.45,0,false
ETHUSDT,1705103100000,1705113000000,4.25044681556678,0.5713147410358623,0.06454183266931836,2,false,1.8033298326014615,23,5,74,92,2.0981428600360568,2.7063745019920433,0.45,0,true
SOLUSDT,1705200300000,1705203900000,-1.5969379698231108,0.6533223577955792,0.11253399464421969,1,false,1.6690092170253505,2,0,43,15,-0.7538686741949013,0.5582043385129797,0.4,0,false
SOLUSDT,1705213800000,1705218300000,0.22765930977060156,0.5148951820522301,0.2717502349720131,1,false,1.6900744467008824,6,0,0,19,0.5212911666700645,1.2518419161216006,0.4,0,false
SOLUSDT,1705241700000,1705243500000,0.45349201332575245,0.6010309278350499,0.7907216494845319,1,true,1.4720518695637024,14,0,0,2,1.1648115198410958,0.557731958762898,0.4,0,true
SOLUSDT,1705269600000,1705272300000,-0.15949252221978663,0.8752980496851317,0.5604353053863044,9,false,1.9271844389758974,22,0,2,43,-2.0665322580645133,1.671718303909731,0.4,0,true
ETHUSDT,1705270500000,1705274100000,2.5008081482574,0.6155534612952875,0.41315248468074617,1,true,0.7865540121116378,22,0,120,17,0.3663468904174298,0.4015213873016194,0.5,1,false
SOLUSDT,1705278600000,1705310100000,-3.6702881387206565,0.9072058061171592,0.5401762571280464,5,true,2.089273637516212,0,1,4,48,-1.3784499912364698,0.008429688732593414,0.4,0,true
SOLUSDT,1705338900000,1705343400000,-2.6981221635236157,0.6629195776645482,0.019961128329049175,12,false,1.6048360556996977,17,1,21,16,-0.6691699356002656,1.9304512265588123,0.45,0,false
SOLUSDT,1705354200000,1705357800000,-1.7605762078343714,0.734721374286865,0.015789141281236783,1,false,1.5332451588217135,21,1,25,9,-1.303220026460253,0.045262205006232056,0.45,0,true
SOLUSDT,1705392000000,1705394700000,0.9063897744035571,0.6893767661397974,0.8280801995673399,1,false,1.2821908282152907,8,2,0,4,1.789739522457843,0.19589272221014736,0.5,0,true
ETHUSDT,1705419900000,1705424400000,2.9094829990331745,0.6403650237973566,0.6789127955001284,1,true,0.8080967093615512,15,2,162,56.00000000000001,2.465395330617999,0.3250599850528918,0.45,0,true
SOLUSDT,1705453200000,1705455000000,1.7234135567784143,0.5963686865592418,0.38498458019320236,1,false,1.2465065020470185,1,3,4,11,0.6944088818787931,0.2631578947368419,0.5,0,true
SOLUSDT,1705455900000,1705471200000,2.5299515036120703,1.0940676771946811,0.6693238319544319,1,true,1.3407272467916453,1,3,5,23,1.91527233891064,0.2616905207641272,0.5,0,false
SOLUSDT,1705520700000,1705524300000,3.436254065423921,0.6605756872278845,0.11856486693833607,1,false,1.770752948801707,19,3,23,87,0.9858083628575426,0.865573345820829,0.45,0,true
SOLUSDT,1705536900000,1705538700000,4.663086696040162,0.5843243933337905,0.26220943364726046,1,true,1.747163854482171,0,4,27,87,1.2598628127354197,0.053484378859756376,0.5,0,false
SOLUSDT,1705586400000,1705594500000,0.7769029729128787,0.5245821642064225,0.29888983774551353,1,false,1.4894158727940043,14,4,41,47,0.35201623129596166,1.4341290173911765,0.45,0,false
ETHUSDT,1705610700000,1705623300000,-2.4055459960378025,0.507622458841971,0.5088407527431998,3,true,0.9211421850185778,20,4,4,98,-0.9481386434511399,0.12243853707269671,0.45,0,false
SOLUSDT,1705635900000,1705639500000,-4.517850282342856,0.6765609227002403,0.07517343585557378,5,false,1.7340785351619332,3,5,11,68,-0.39446040389314735,0.24646147898365686,0.45,0,false
SOLUSDT,1705675500000,1705677300000,-4.541819943383326,0.870383439190771,0.30687966467783634,1,true,1.4566855470051505,14,5,22,28.999999999999996,-1.247330563848655,0.18658711319262739,0.45,0,true
XRPUSDT,1705684500000,1705687200000,-7.66570711034286,1.1505092417955478,0.16974726518295208,2,false,0.989581653314415,17,5,106,100,-3.024679903507161,5.525141125163046,0.25,0,false
SOLUSDT,1705860900000,1705870800000,-2.954412896806351,0.5910661800329519,0.1862558272234982,10,false,0.9284909912465281,18,0,73,4,-1.265998887033953,0.26330340596675184,0.5,0,true
SOLUSDT,1705887900000,1705894200000,-5.0146521147534475,1.264317180616736,0.07599118942731566,1,false,1.0906606371910563,1,1,81,22,-0.9241293123294017,0.254405286343622,0.55,1,true
ETHUSDT,1705887900000,1705898700000,-1.9562334041531897,0.6143428245084419,0.13869625520111328,1,false,0.46295079435581055,1,1,81,25,-0.7926201244906104,0.6762540714568148,0.45,0,true
SOLUSDT,1705914000000,1705917600000,-6.884742203692376,0.5298836289684714,0.11863066320190258,1,false,1.2809177187396745,9,1,88,36,-1.6447257856702586,0.13783753248220526,0.6,1,true
XRPUSDT,1705900500000,1705917600000,-4.134070898679605,0.5385329619312932,0.14856081708449823,1,false,0.6380598485315976,5,1,166,38,-0.6473090438320599,1.5325221130821336,0.25,0,true
XRPUSDT,1705935600000,1705937400000,-5.202389131908009,0.6036596868515338,0.11318619128467175,2,false,0.8040502455228113,15,1,176,67,-0.7525870178739424,2.986090981453069,0.3,0,true
ETHUSDT,1706022000000,1706024700000,-10.07800939570282,0.6486143239443091,0.22996326030751166,4,false,1.2340479128068464,15,2,118,100,-0.7396543165305236,2.2193919921893652,0.45,0,false
ETHUSDT,1706027400000,1706031900000,-9.008802111093193,0.7542684635339016,0.30098430000812815,1,false,1.2575485721330508,16,2,119,100,-0.72972265120521,1.847977405922023,0.45,0,false
ETHUSDT,1706043600000,1706049900000,-9.415188264566082,0.6800628028722696,0.3226112963725508,9,false,1.2356704172947117,21,2,124,95,-0.25360366276146806,1.9422609163298572,0.45,2,false
XRPUSDT,1706040000000,1706049900000,-7.326221328299227,0.5873140172278783,0.1566170712607719,5,false,1.1635797699533723,20,2,205,87,-0.31335683509597445,0.4282379822878206,0.35,1,false
BTCUSDT,1706040000000,1706052600000,-5.778930974054278,0.5941146626078059,0.2110603754439297,5,true,1.0138588792047754,20,2,268,86,-0.23271749061008298,0.14057403783431496,0.35,0,false
SOLUSDT,1706097600000,1706103900000,-3.6699456135137276,0.916594463951847,0.2576496876282538,3,false,1.8058448686383517,12,3,139,64,-0.3214661602526036,0.1188494687400332,0.6,1,true
SOLUSDT,1706104800000,1706107500000,-4.873244094699439,0.7119545649876302,0.02438996062763591,1,false,1.8021860219120631,14,3,141,60,-1.1826058864929168,0.27409670038674344,0.6,1,false
BTCUSDT,1706095800000,1706121000000,-2.3017039001225403,0.707124377417694,0.08888712328495749,1,true,0.8531707078477802,11,3,283,65,0.07447036378399474,0.05816147661872119,0.35,0,true
SOLUSDT,1706121000000,1706135400000,-3.438281290913127,0.7081273709621791,0.4989079204506237,1,false,1.770030477715243,18,3,145,56.00000000000001,-0.9462528387585194,0.9544200482814192,0.6,0,false
SOLUSDT,1706152500000,1706154300000,-2.304786508450945,0.5431146890413441,0.03288168263506589,1,false,1.680016519286971,3,4,154,47,0.07282326703380929,0.0891962885273126,0.6,0,false
SOLUSDT,1706172300000,1706177700000,-2.4827882497825517,0.5046773588551583,0.10002614319652645,1,false,1.521315728111585,8,4,160,34,-0.19651498284753824,0.4467076622298856,0.6,0,true
SOLUSDT,1706193000000,1706196600000,-2.9714550628269274,0.8239277652370248,0.8160270880361163,8,true,1.6283740614888216,14,4,165,37,-1.2411746188784452,0.9855530474040599,0.6,0,true
SOLUSDT,1706203800000,1706206500000,-4.368942307336683,0.6306807642366873,0.18085698386199905,2,false,1.7144532087155981,17,4,168,44,-0.8151608352796965,0.16052395017335294,0.6,0,false
SOLUSDT,1706209200000,1706211900000,-3.329209650656591,0.6991882986418005,0.13432681599522903,1,false,1.6981764138962012,19,4,170,44,0.6829426932100724,0.8111714693728792,0.55,0,false
SOLUSDT,1706226300000,1706229900000,-2.9378059438163255,0.6607980141583026,0.07699733382367298,1,false,1.587549503536181,23,4,175,25,-0.09447984237996294,0.8205387514939929,0.55,0,false
SOLUSDT,1706232600000,1706235300000,-2.8308528181774406,0.6127761524107864,0.42387523324655607,1,false,1.593452379694381,1,5,176,25,-0.7404933551373893,0.5943467944435548,0.5,0,false
SOLUSDT,1706281200000,1706284800000,2.940485133794664,0.5177773885629203,0.04707067168752972,1,false,1.5950558432801714,15,5,4,40,1.5558088324794523,2.2534136762615455,0.45,1,true
BTCUSDT,1706279400000,1706285700000,0.47539233073180226,0.5578875178139794,0.007782214721024844,1,false,0.7203441793729704,14,5,2,40,-0.026958956809804674,1.0432119632095833,0.35,0,true
SOLUSDT,1706323500000,1706332500000,3.6654166033591356,0.8811473205159956,0.12049877887397632,2,false,1.345395160253725,2,6,16,6,0.18268569463549014,0.288505129530917,0.45,0,false
SOLUSDT,1706405400000,1706414400000,3.79889134680415,0.6463241646313441,0.3722229925022171,1,false,0.9439938749660993,1,0,38,5,0.4047892965188072,0.19866759875933165,0.45,0,true
SOLUSDT,1706431500000,1706435100000,6.30074541591177,0.5011408507933806,0.8230795678311398,1,true,1.114459888288095,8,0,46,22,1.1566848660103812,0.4389757695099412,0.45,0,true
SOLUSDT,1706439600000,1706445000000,8.890612886191924,0.6320712331005185,0.795449904015027,1,false,1.183564987067815,11,0,48,31,2.0377288585630966,0.3193738826626843,0.5,0,false
SOLUSDT,1706477400000,1706479200000,4.251163523791607,0.9103641456582675,0.8880825057295529,3,false,1.4435006720058032,21,0,58,62,0.8966663490752886,0.18335542773258642,0.5,0,true
SOLUSDT,1706486400000,1706491800000,4.809990049385317,0.7478363162759466,0.16070078144694333,2,false,1.4685349045563774,0,1,61,72,0.5600589535740716,1.2002553676526937,0.55,0,true
SOLUSDT,1706526900000,1706532300000,5.988413653249714,0.6375508192681976,0.09034536569340897,2,false,1.403613489454446,11,1,72,61,0.26841634357293,1.3568069788334516,0.55,0,false
SOLUSDT,1706572800000,1706578200000,9.253907405874614,0.5333807449551132,0.028644521488326236,1,false,1.3932498073779618,0,2,85,76,0.7186614063955852,1.4483591957145212,0.5,0,true
SOLUSDT,1706620500000,1706623200000,10.932610618552289,0.5094888676199049,0.3035664220733463,11,false,1.4473840103531483,13,2,98,94,0.09549808521516369,1.0945793091446943,0.5,0,true
SOLUSDT,1706629500000,1706632200000,10.809637103204256,0.7843400147482762,0.2949654756318361,5,false,1.5368708391552153,15,2,101,97,1.3502344891212434,2.806044377231045,0.5,0,false
SOLUSDT,1706680800000,1706695200000,5.674498561217185,0.8377670134201481,0.1955451441276927,3,false,1.5414851522990372,6,3,115,85,1.056604525175278,1.492540658788876,0.45,0,false
BTCUSDT,1706728500000,1706734800000,3.2124723097331547,0.8170162519989586,0.5683086020305701,14,true,0.7357669504230839,19,3,127,94,1.1753452780888458,0.1345125163182523,0.35,0,false
SOLUSDT,1706758200000,1706768100000,-2.0584382988058927,0.554096163867826,0.1265593925149157,1,false,2.11506303186099,3,4,1,97,-0.10750284722887365,0.7190878706507389,0.45,0,false
SOLUSDT,1706806800000,1706809500000,0.15506277072781297,0.7241429251236245,0.10241449941034465,5,false,1.6146548465299935,17,4,0,57.99999999999999,-0.19339759235510448,1.8019302883994879,0.45,0,false
SOLUSDT,1706823000000,1706833800000,1.0408667062117833,0.5236946141602968,0.1694306104636156,1,false,1.540631457236427,21,4,4,40,0.7002858729408012,2.528178535366477,0.45,0,true
SOLUSDT,1706845500000,1706856300000,2.726442655258019,0.6553425101542695,0.27550720674181467,4,false,1.414222069496428,3,5,11,13,0.5201995619372163,1.1464948798200973,0.45,0,true
SOLUSDT,1706887800000,1706889600000,2.592645441428851,0.6534176452875603,0.6815216300311172,1,false,1.4778826704491683,15,5,22,37,1.8173383355520518,0.6867528499516404,0.45,0,true
SOLUSDT,1707120000000,1707140700000,0.3334349819995372,0.6712582236842165,0.13877467105263686,1,false,0.970954209862823,8,1,0,25,0.9539378388445112,0.5861679049455542,0.5,0,true
ETHUSDT,1707407100000,1707411600000,4.729367969163178,0.6788663463977994,0.3457758063328048,1,true,0.5818330647290884,15,4,62,70,1.2479643792129613,0.017800292988728338,0.4,0,false
SOLUSDT,1707448500000,1707453000000,7.56709217772773,0.6756627793789232,0.13551428625961093,1,false,1.0826318525375012,3,5,34,89,1.3940627520258055,1.543075247903586,0.55,1,false
ETHUSDT,1707448500000,1707469200000,4.490219735635302,0.5158413613957631,0.31989527724937955,1,false,0.6003938409378475,3,5,73,67,1.035783480940014,0.013703953692910203,0.4,0,true
SOLUSDT,1707504300000,1707506100000,6.5469075076931285,0.6277475774048702,0.021744268494442102,1,false,1.2392892202962795,18,5,50,98,1.46331232900218,5.213229691603578,0.55,0,false
SOLUSDT,1707520500000,1707705900000,8.389407622770909,2.0309423869841368,0.06129044240555932,5,false,1.341202470961339,23,5,54,100,3.5532608799003476,6.853353588070413,0.55,0,false
SOLUSDT,1707723900000,1707729300000,2.5071788815802525,0.5472937268815565,0.033969955461615235,1,false,1.0898201532052045,7,1,111,42,1.0800266438290902,0.5943528993087166,0.5,0,false
SOLUSDT,1707773400000,1707778800000,6.886779232861964,0.552956960005801,0.2130244026251853,2,false,1.26963678820836,21,1,124,90,0.6594881936192059,2.676190821518795,0.5,1,true
BTCUSDT,1707769800000,1707788700000,7.622866687187744,0.5678542661382582,0.11328963781463777,1,false,0.8633448144417148,20,1,161,96,-0.021452859846670926,1.701654550969292,0.35,0,true
ETHUSDT,1707826500000,1707831900000,8.438651603759178,0.5286551282914714,0.19492521007774696,2,false,0.7935014116239428,12,2,178,87,0.49787401427313627,0.6558615993594854,0.4,0,false
ETHUSDT,1707865200000,1707899400000,5.860137124552896,0.5258635112321072,0.12547719356949089,1,false,1.0312454380364628,23,2,189,92,0.05051579283207211,0.3625530426318216,0.35,0,true
ETHUSDT,1707941700000,1707948000000,9.153861409128512,0.5184298360179931,0.013060513713544018,2,false,0.9088588277388464,20,3,210,81,0.33505707235705745,0.46800174140183176,0.4,0,true
SOLUSDT,1708015500000,1708031700000,4.671549331174611,1.022605893992196,0.11994606804531724,1,true,1.3604046113849064,16,4,192,81,0.5106114176924293,0.11819503055560868,0.5,0,false
XRPUSDT,1708033500000,1708038000000,6.658739534262703,1.5501144970935405,0.08807468733486983,1,false,1.24874344801311,21,4,52,100,2.4968789013732855,0.9077043802767821,0.35,0,false
SOLUSDT,1708042500000,1708050600000,3.837511914191093,0.5669901532117638,0.5483274679179593,3,true,1.3610298033125354,0,5,199,79,0.7655536466168755,0.3187468154941867,0.45,1,true
XRPUSDT,1708039800000,1708054200000,6.083242216434641,1.047399254393754,0.10651517841291211,1,false,1.2898357080288267,23,4,53,100,-0.01768972227135839,0.13368325347618187,0.35,0,true
SOLUSDT,1708168500000,1708175700000,-0.38548490462246154,0.7483289741354369,0.28334786399302314,10,false,1.0744539953281895,11,6,2,3,-0.677517821073707,0.5664939132681174,0.5,0,true
ETHUSDT,1708185600000,1708203600000,3.477679273673663,0.5400216008640313,0.05054747644452424,1,false,0.7926443206663735,16,6,278,14.000000000000002,0.560660390091243,0.6686328059182847,0.45,0,true
SOLUSDT,1708324200000,1708338600000,1.6585894486057084,0.7815845824411178,0.28194147037830347,1,false,0.9886493567519792,6,1,20,14.000000000000002,0.8808085876597103,0.18558172733761458,0.5,1,false
SOLUSDT,1708349400000,1708356600000,1.624435406754992,0.8215608770406143,0.7347076235886288,1,true,1.056667390661069,13,1,27,35,1.6599982217480256,0.17317475229095666,0.45,1,true
ETHUSDT,1708324200000,1708380000000,7.2021968347590475,0.9111093571445792,0.29066275913425044,1,false,0.7675509484511719,6,1,316,50,1.126148682015814,1.9675157771196687,0.45,0,true
XRPUSDT,1708439400000,1708443000000,4.317957120785343,0.9588068181818309,0.35511363636363663,17,false,0.9935606991380503,14,2,164,81,0.3549875754348601,6.233838881840334,0.4,0,false
ETHUSDT,1708442100000,1708459200000,6.022247103631139,1.079532936770218,0.10877946684291194,20,true,1.1284893263968416,15,2,349,100,0.6531976302597625,0.4484284350444446,0.45,1,true
SOLUSDT,1708520400000,1708525800000,-5.233871063625016,1.0646052328704054,0.04411877541624364,14,false,1.515964853488777,13,3,22,89,-1.289248334919115,3.6758645824789453,0.5,0,true
XRPUSDT,1708520400000,1708525800000,-1.4518369082558567,0.7330034817665391,0.18325087044163477,14,false,1.2211476533466372,13,3,6,90,-1.2019668548534055,0.17481598434679155,0.4,1,true
SOLUSDT,1708527600000,1708529400000,-6.866147315990426,0.8037142522726366,0.30919589559518484,2,false,1.605242791241463,15,3,24,91,-1.6940620704342606,2.041086426861859,0.5,0,false
ETHUSDT,1708533000000,1708534800000,3.63214792735364,0.6477864133960982,0.3326937147116841,4,false,1.2191999380037224,16,3,374,99,0.4451361115807885,0.3773864907025202,0.45,0,true
SOLUSDT,1708551000000,1708552800000,-6.714721271831195,0.512622856041623,0.4075929851609191,16,false,1.6434861983727893,21,3,30,89,-0.4673707743900083,3.1819441037859884,0.45,0,false
SOLUSDT,1708563600000,1708566300000,-4.52207185453527,0.5173404866832787,0.1484958804368664,1,false,1.6341798141464798,1,4,34,87,-1.0502982504542724,3.7384763277534905,0.45,0,true
SOLUSDT,1708632000000,1708633800000,-4.108589626089158,0.5090405211651123,0.010584963578112115,1,false,1.425963298339817,20,4,53,53,-0.9734031893269302,2.3690203506069065,0.5,0,false
SOLUSDT,1708639200000,1708641000000,-4.010739145639569,0.5257946997587275,0.274912768063981,1,false,1.4927300637352214,22,4,55,68,-1.5683778546186842,3.3234136546809934,0.5,0,true
SOLUSDT,1708659000000,1708668900000,-5.739829801865866,0.8714254872328366,0.27477380228062365,2,false,1.468919987981448,3,5,60,52,-1.0869776955293655,0.4112028734429145,0.55,0,false
SOLUSDT,1708692300000,1708698600000,-5.553557960076872,0.5468436653199353,0.3815188362697246,1,false,1.2554212389492778,12,5,70,16,-1.3833357653582343,0.7139328442997638,0.5,0,false
SOLUSDT,1708746300000,1708749900000,-5.684333657381655,0.5843521270018533,0.12764005504477385,10,false,1.3285412462671726,3,6,85,27,-0.3163293817107804,1.2279931995282307,0.45,0,false
SOLUSDT,1708841700000,1708851600000,-2.032905545342285,0.5857192401063582,0.17436707641323781,14,false,0.904481148734108,6,0,111,4,-0.27625904820576597,0.37305535125005146,0.4,0,true
ETHUSDT,1708944300000,1708958700000,3.881723800716504,0.5048056449129564,0.1952395615627039,2,false,0.8319875836507765,10,1,489,64,0.05718281509364911,0.26285272516427927,0.5,0,true
SOLUSDT,1708956900000,1708961400000,-3.10083637472498,0.5609786712240179,1.099749925170655,19,false,1.0806445962011955,14,1,143,48,-1.4010406629408438,1.9587320291377952,0.4,1,false
SOLUSDT,1708964100000,1708965900000,0.22459447318596737,0.9192176627244428,0.06681748327175928,1,false,1.1704843131910618,16,1,0,56.99999999999999,1.679712823291506,2.9838992262236395,0.4,0,true
SOLUSDT,1708988400000,1708993800000,4.470904286765007,0.5896344630863359,0.10389231652526162,1,false,1.3668159481569917,23,1,7,94,1.5386308202974537,3.9957263697247662,0.45,1,true
XRPUSDT,1708978500000,1708999200000,1.0966397380331987,0.5275604875386599,0.036383481899233946,1,true,0.7718509005986499,20,1,3,65,0.6764168190127835,6.059066898081625e-14,0.4,0,true
SOLUSDT,1708999200000,1709005500000,5.282695187051109,0.8643050189548557,0.3274020061308558,4,false,1.3542375944877643,2,2,10,96,0.18798181637429928,3.493017166598907,0.5,0,true
XRPUSDT,1709022600000,1709026200000,1.2318241370426934,0.5240332490061463,0.19877123238163896,1,false,0.8389675490064842,8,2,15,92,0.5247918928700712,3.565744178320999,0.45,1,true
SOLUSDT,1709022600000,1709038800000,4.609765722619276,0.5742470882612422,0.2808230274882519,1,false,1.386848098865637,8,2,16,95,0.821486990863322,2.6303656899865664,0.55,0,false
XRPUSDT,1709042400000,1709047800000,2.947160472539151,0.9289031797070352,0.3215434083601329,1,false,0.9597668560974669,14,2,21,100,1.1840688912809363,4.653965117084828,0.5,0,true
XRPUSDT,1709067600000,1709071200000,6.041395681016335,0.5899705014749383,0.555266354329339,8,false,1.369175294622315,21,2,28,100,0.9228626153578218,2.5258457687666716,0.5,0,true
SOLUSDT,1709115300000,1709118000000,5.346489435431993,0.7484220018034378,0.36248872858431114,2,false,1.252665647865283,10,3,42,67,0.9869730414329598,2.735418347491805,0.5,0,true
SOLUSDT,1709118900000,1709120700000,7.551652693593372,0.589623691828106,1.2994878646181154,1,false,1.362377692448952,11,3,43,91,2.5632072768944276,1.4772468914436976,0.55,0,true
BTCUSDT,1709140500000,1709142300000,16.68183839119247,0.874159772492244,0.5849276111685625,1,false,1.2815471983428393,17,3,50,100,2.346946792282363,7.1107484488107495,0.35,0,false
SOLUSDT,1709140500000,1709142300000,8.844727517615562,0.9695046712497747,1.4286973382690018,4,true,1.8522912011770678,17,3,49,100,2.7610423870806864,1.0992691426324288,0.55,1,false
XRPUSDT,1709140500000,1709142300000,8.567622379488506,0.6089309878213696,0.6596752368064978,3,false,1.3883368713204638,17,3,48,100,1.9247146993697988,4.957682464668121,0.55,2,false
ETHUSDT,1709141400000,1709143200000,11.679868137301085,0.5331250334131369,0.436895222368086,4,false,1.197043970628731,17,3,543,100,0.9542104274110973,2.831354286087662,0.55,2,false
XRPUSDT,1709154000000,1709157600000,2.47033729835779,0.6725663716814009,0.40707964601771324,1,true,2.503631185643483,21,3,52,97,0.31824611032532246,0.11257882853658434,0.55,0,true
SOLUSDT,1709185500000,1709189100000,14.48080888964863,0.9700889248181107,0.7954729183508445,1,false,2.7151680769498054,5,4,62,96,2.0786027622465855,16.915367354115073,0.5,0,false
BTCUSDT,1709189100000,1709202600000,15.382991892970404,0.8848655013998863,0.5537380906473238,2,false,1.7092662459740564,6,4,64,89,1.6392020815264505,6.338428786094568,0.3,0,false
SOLUSDT,1709223300000,1709225100000,20.005089047368255,1.097514046024795,0.10851997229276619,12,false,2.664466189499206,16,4,72,95,1.7195531332615053,6.374971138305254,0.5,0,false
XRPUSDT,1709235900000,1709241300000,8.323222067731413,1.0052735662491752,0.5932762030323084,1,false,2.162319858290106,19,4,75,93,0.7749381698268634,6.758443295670526,0.6,0,false
SOLUSDT,1709240400000,1709242200000,17.366664583592197,0.914330218068541,0.3753894080996879,6,false,2.8120506756372494,21,4,77,95,1.3413800419623232,1.2671339563863002,0.45,2,false
BTCUSDT,1709240400000,1709243100000,11.349914224655397,0.5230404819900812,0.17543888387452689,6,false,1.6482205347618486,21,4,78,81,0.6565249043971557,1.7259680671745845,0.3,1,false
XRPUSDT,1709256600000,1709279100000,5.44059674154661,0.6447234475738082,0.08483203257549116,5,false,2.19984811841604,1,5,80,88,0.39042607367171617,3.9939416306079036,0.55,1,false
ETHUSDT,1709250300000,1709282700000,5.7195037713636365,0.9739675763825675,0.1855604585351832,2,false,1.6877630022527317,23,4,574,81,0.7399908405042527,1.9254520600508422,0.55,0,true
SOLUSDT,1709316900000,1709337600000,14.521373419873726,1.085138716008272,0.02825484341471706,4,false,2.458448406933744,18,5,98,59,0.26923459358577295,1.306213774617984,0.4,1,false
XRPUSDT,1709344800000,1709349300000,8.793050076322812,1.3938411669367814,0.5348460291734148,1,false,1.3953546522317775,2,6,105,54,1.1505428617728075,8.84685164130726,0.55,1,true
ETHUSDT,1709289000000,1709361000000,7.802797878106123,0.9584288822249635,0.4656905979890542,7,false,1.29203859281961,10,5,584,62,2.084787082099813,0.49935320750279666,0.6,0,true
XRPUSDT,1709370000000,1709381700000,9.873981821556251,1.5074579498571807,0.25388765471279684,1,false,1.4902205113987825,9,6,112,57.99999999999999,0.1583782071586951,10.737773497969338,0.55,0,true
SOLUSDT,1709467200000,1709485200000,7.201469708747821,1.0148505152619425,0.814231417264215,11,false,1.7319999717370687,12,0,140,28.000000000000004,2.066599203086462,0.07846479369932195,0.4,0,true
SOLUSDT,1709513100000,1709514900000,7.911972147054421,0.9188338112587555,0.6450091655193805,1,false,1.4907154616451694,0,1,153,11,1.6655286960391111,0.1599592305527591,0.45,0,false
XRPUSDT,1709523900000,1709532000000,6.791340756879406,0.5556437529766722,0.4445150023813343,4,false,1.4472539203464674,3,1,155,42,0.5552911312073708,10.601945833423386,0.6,0,false
SOLUSDT,1709568000000,1709569800000,7.438561617010109,0.787162033692075,0.0418298665246822,5,false,1.7079028069062592,16,1,168,46,1.1794381807758505,0.20587314727329065,0.4,0,false
SOLUSDT,1709584200000,1709594100000,5.445073821488336,1.0357632939753607,0.04186468403792789,6,false,1.8296318702531296,20,1,172,53,1.0546069262860882,0.5232629462430963,0.4,0,true
BTCUSDT,1709611200000,1709614800000,12.245687674962484,0.7436356728003167,0.007188429269515014,1,false,1.185465859120463,4,2,181,90,0.059069082978141375,5.57536041170629,0.3,1,false
XRPUSDT,1709586000000,1709614800000,8.105512584354715,1.8690145196169294,0.03089280197713593,8,false,1.7781157242071437,21,1,172,86,0.3699136868064053,12.874507277927435,0.6,1,false
BTCUSDT,1709621100000,1709624700000,10.519787633763048,0.6921759845157361,0.18193999851112497,1,false,1.430998037153252,6,2,184,99,1.3082168520449584,4.169359041167272,0.3,0,false
BTCUSDT,1709636400000,1709643600000,9.35400855372619,0.5883572884168005,0.36308332281354383,3,false,1.4712255157039367,11,2,188,97,-0.0344106355794003,2.6261924942742243,0.3,1,true
SOLUSDT,1709623800000,1709649900000,6.601356962017982,1.8872713010174604,0.32915734182374495,8,false,1.8879192358811314,7,2,183,70,-0.42729499378131186,1.2903599237578949,0.4,0,true
BTCUSDT,1709662500000,1709665200000,6.641414688228806,1.3401109057301293,0.0494454713493508,2,false,1.9491886831507,18,2,195,100,-0.8373728892336137,0.21944957896898823,0.3,0,false
BTCUSDT,1709676900000,1709683200000,2.734721700991692,1.2111408365996759,0.5864269909563352,4,true,2.6313790750003436,22,2,1,100,0.4385350318471361,0.23773953738229678,0.3,0,true
ETHUSDT,1709685900000,1709688600000,4.394692375912699,0.6797272128943715,0.3206788870061984,1,false,2.5838276940179523,0,3,3,97,0.7269079577735977,3.019289411861985,0.6,0,false
XRPUSDT,1709693100000,1709699400000,-5.471967742149401,0.6511309115832806,0.051405071967095095,1,false,2.9114290992856096,2,3,7,93,-1.3088560258371646,2.7531736407679133,0.55,0,false
SOLUSDT,1709700300000,1709702100000,1.129810889848126,1.1169534735500328,0.2589228808158085,16,false,3.8673552867970966,4,3,0,91,-0.36694905789818594,1.3328553218610595,0.45,0,false
SOLUSDT,1709706600000,1709711100000,4.005860314035295,1.248152026610824,0.3441850437353504,1,false,3.753234144545147,6,3,1,90,3.5451767102891516,1.1718131258910205,0.45,0,true
BTCUSDT,1709727300000,1709729100000,8.552030354087659,0.5058506767138019,0.06618886888913077,3,false,1.8992508136620665,12,3,15,82,0.6831158238173007,1.3633858751156762,0.3,1,false
ETHUSDT,1709725500000,1709729100000,12.651331322820681,0.6572138273649372,0.36741875388117934,1,false,2.0789370465255583,11,3,14,84,1.3718174693886067,6.714448354377975,0.6,0,false
XRPUSDT,1709749800000,1709753400000,0.2836342464941531,0.5277915223486691,0.04948045522020089,3,false,2.1221809119519417,18,3,0,74,0.4131548504379537,6.380632566210333,0.55,1,true
ETHUSDT,1709749800000,1709754300000,10.99980185450631,0.7277518115373794,0.3680583874441881,2,false,2.138094001528396,18,3,20,80,1.0554138188079425,1.682141848866022,0.55,0,true
ETHUSDT,1709757000000,1709759700000,10.912557612516324,0.5153933747679319,0.13065583548725965,1,false,1.9889995614530074,20,3,22,76,0.07652055620396864,0.4405115718206851,0.6,2,false
SOLUSDT,1709754300000,1709762400000,4.4065058076892205,0.6520905255082426,0.5753739930955121,1,false,2.6921360689989755,19,3,15,74,2.3933717244212227,1.6049432130885128,0.5,0,true
XRPUSDT,1709755200000,1709762400000,0.5876659603643858,0.5081134240288464,0.2130798229798523,2,false,1.9768145003847462,20,3,2,67,0.838402104224888,7.455574968381634,0.55,1,true
SOLUSDT,1709767800000,1709772300000,4.149641461116916,0.5585995329741604,0.2113826101555126,1,false,2.4416009271998225,23,3,18,70,-0.1310566346474363,1.2233100837899487,0.5,0,true
ETHUSDT,1709773200000,1709775900000,9.949907208213526,1.1199508492049437,0.007289312826071792,1,false,1.7371308470188425,1,4,27,71,0.712387111627372,1.3268284894114062,0.55,0,false
SOLUSDT,1709773200000,1709776800000,7.176143707359793,1.429433962264155,0.5584905660377427,1,true,2.376259465100387,1,4,20,70,1.8935806165785798,0.10645103324348057,0.55,1,true
SOLUSDT,1709778600000,1709780400000,9.26620212689277,1.4929785661493051,1.127864005912773,2,false,2.4263813393410194,2,4,21,71,1.9203545726080862,1.7779009608277818,0.55,0,true
ETHUSDT,1709786700000,1709790300000,7.909475496748366,0.8027991263269055,0.04136510102833546,1,false,1.6427819560875885,4,4,31,67,0.7848927366275359,2.0276803663314555,0.55,1,false
SOLUSDT,1709781300000,1709811000000,12.069258299520461,1.6584442694827624,0.8545032973859226,1,false,2.4582410186212287,3,4,22,73,0.8981394152447949,3.8727600654358123,0.55,0,true
ETHUSDT,1709793900000,1709820900000,7.516602643717805,0.7696352598116549,0.12163317770660184,1,false,1.6210051387580873,6,4,33,64,0.6262920266160799,2.841914049428755,0.55,1,true
BTCUSDT,1709827200000,1709832600000,6.56306836061888,0.5651643248392432,0.08037628006668254,1,false,1.189535797808677,16,4,43,37,0.2772395289909077,0.4940908549654636,0.25,0,true
SOLUSDT,1709844300000,1709847000000,13.93525628963183,0.9491428415687776,0.1744296966558558,8,false,2.2320619688509895,20,4,40,53,0.4202539232781102,2.8678695047831915,0.55,0,false
XRPUSDT,1709860500000,1709867700000,3.134192587395041,0.6017418844022034,0.0158353127474426,1,false,1.304713195355853,1,5,31,4,0.20621827411168767,10.609337310574695,0.55,0,false
SOLUSDT,1709883900000,1709887500000,10.835134202218605,0.505155496424423,0.20372526193246765,3,false,1.8123342321933276,7,5,51,36,1.325589674501072,1.1734990853151703,0.55,0,true
XRPUSDT,1709888400000,1709890200000,1.723072990940929,0.5307172724348617,0.20907044065615438,1,false,1.1295854406903834,9,5,39,1,0.2733998070119065,9.135637437440675,0.55,0,true
SOLUSDT,1709901000000,1709910000000,13.73761727404986,0.8439246211123016,0.400678382962059,2,false,1.722744583987398,12,5,55,34,1.486950899996599,1.0506827748836187,0.55,0,true
ETHUSDT,1709906400000,1709912700000,10.121488992157476,0.5491471578230828,0.06656329185733956,1,false,0.9920031039275554,14,5,64,17,0.7331378299120188,0.4379562043795593,0.6,1,false
BTCUSDT,1709911800000,1709913600000,6.9627098323299235,0.5615082016319695,0.31907879763238967,3,false,0.8223790595054028,15,5,66,9,0.8579401476187739,0.6541762773197,0.3,1,false
BTCUSDT,1709932500000,1709935200000,7.4927160374206725,0.6519944859229372,0.2013191279373639,5,false,1.187381299689443,21,5,72,41,0.24974436475185868,1.5140553517103181,0.3,0,false
SOLUSDT,1710090000000,1710097200000,4.9077934354064885,0.5511811023622025,0.049473904257541605,3,false,1.3141572488208388,17,0,108,21,0.21898013836196784,0.4448669580019448,0.55,0,true
SOLUSDT,1710117000000,1710118800000,4.77406269259034,1.0112960928476906,0.5267754021239968,5,false,1.3291474206163232,0,1,115,28.000000000000004,0.42567240083448266,0.2476595584852305,0.6,0,false
BTCUSDT,1710125100000,1710140400000,3.315346151676256,0.7319614865261509,0.3089590794340398,3,false,0.8498572193946246,2,1,126,53,0.1996209839467752,0.18282158163564502,0.3,1,true
SOLUSDT,1710127800000,1710140400000,0.883035922912929,1.0756386828621423,0.6428033967537496,1,false,1.764707207979195,3,1,118,42,1.676018047200379,1.3182127629080131,0.6,2,true
ETHUSDT,1710124200000,1710141300000,2.0254901590016265,0.9255383713873044,0.16506916685850476,1,false,1.1876698134159538,2,1,124,61,0.6122502422290338,0.017265554695180672,0.6,0,true
SOLUSDT,1710168300000,1710170100000,6.010577217069736,0.9055330634277899,0.055330634278017585,1,false,1.753535491922159,14,1,130,57.99999999999999,0.9095141386266773,0.17014429565034894,0.65,1,false
XRPUSDT,1710197100000,1710203400000,16.292469805858474,1.178427838624714,0.6793289893248169,3,false,2.289608817581104,22,1,15,95,2.0524993018709923,3.9096076528490222,0.6,1,false
BTCUSDT,1710167400000,1710215100000,7.4124529065557025,0.8583321531613296,0.05414906821949533,1,false,1.0182586091881276,14,1,137,79,0.057123177210484266,3.186722251776096,0.35,0,false
SOLUSDT,1710223200000,1710232200000,9.962613403782283,1.1740130622174108,0.6041936592717861,6,false,1.666946599907913,6,2,145,69,-0.27337200122657435,2.067743726698211,0.65,0,false
XRPUSDT,1710230400000,1710232200000,11.340884281092,1.023792357606344,0.3460706560922794,4,false,2.2389865019217763,8,2,24,85,0.9698899826288419,1.7267483777938095,0.55,1,false
SOLUSDT,1710237600000,1710246600000,7.844597509250242,0.8399904456063189,0.3549722657183023,3,false,1.8399042701724797,10,2,149,87,1.5678076822576454,1.703866875447851,0.65,0,false
SOLUSDT,1710248400000,1710256500000,7.3928165182798935,1.1926838053817406,0.7744440145683534,1,false,1.8462261844596939,13,2,152,87,0.5902662505809585,1.17800872500231,0.6,0,false
XRPUSDT,1710248400000,1710256500000,11.336430193905812,1.0341855788566638,1.1921861534041904,1,false,2.2714470258351835,13,2,29,86,0.8121972071815386,1.3322321172077036,0.55,1,false
XRPUSDT,1710295200000,1710297900000,8.210820909632202,0.6116207951070309,0.9611183923110602,1,false,1.993806245727929,2,3,42,68,1.7208691847746878,2.4416290471336564,0.5,0,true
XRPUSDT,1710418500000,1710420300000,4.778807101582005,0.5548255219739984,0.014600671630909626,1,false,1.4085839232999993,12,4,76,50,0.8078730904817951,1.9253842198480333,0.5,0,false
XRPUSDT,1710429300000,1710431100000,3.9643137444962373,1.0669828097213967,0.2667457024303533,1,false,1.674601648101735,15,4,79,61,1.7462686567164079,3.450941986031295,0.45,0,false
BTCUSDT,1710436500000,1710442800000,2.438946436754487,1.5770205575894116,0.11264432554210081,1,false,1.1280379237854692,17,4,212,90,1.1935717453808121,0.7353421571388415,0.35,0,false
XRPUSDT,1710436500000,1710442800000,3.2834685831638546,1.1805140466228359,0.31380753138075174,2,false,1.8847006124056616,17,4,81,65,0.298775022408127,5.120541940625639,0.4,1,false
BTCUSDT,1710478800000,1710484200000,-3.302537327998367,0.7811764705882309,0.45882352941176474,1,false,1.901991174315536,5,5,2,100,-1.7988456918524596,0.5352647058823683,0.35,0,false
XRPUSDT,1710478800000,1710485100000,-4.18678911497002,1.170700838474919,0.1898433792121466,1,false,2.58647533553491,5,5,2,81,-2.055869428750785,9.72385253587828,0.35,1,false
SOLUSDT,1710484200000,1710486000000,14.963880734001627,1.5813186813186737,1.1505494505494474,20,false,3.3375047790337433,6,5,217,100,3.1573643844818986,7.149267399267393,0.6,1,false
ETHUSDT,1710507600000,1710509400000,-4.338188740630182,0.5324347273474939,0.6776927472457079,18,true,1.9411344774482489,13,5,11,97,-1.737593913255416,0.15981052372991814,0.6,0,true
XRPUSDT,1710507600000,1710509400000,-4.389300183937569,0.5996528325706035,0.6943348587659887,18,false,2.5342465099464886,13,5,10,69,-1.9074421513445887,9.936554395688722,0.35,1,true
SOLUSDT,1710518400000,1710520200000,18.22884055647566,1.08600087366669,0.15482700846572028,4,false,3.479522697260694,16,5,227,95,0.22533539249577997,6.557292444257667,0.6,0,false
XRPUSDT,1710520200000,1710526500000,-3.948426594420347,0.718161506543241,0.06383657835941062,1,false,2.276160521968095,16,5,13,55.00000000000001,-1.5880578053041143,8.916046154720625,0.35,0,false
SOLUSDT,1710522000000,1710528300000,17.628917414880195,1.4174340526254743,0.049105344758141635,1,false,3.474670901564684,17,5,228,94,0.6902502157031926,6.761456534413275,0.55,1,true
BTCUSDT,1710540900000,1710546300000,-1.7236614673190682,1.5315630605013386,0.11228254370999023,8,false,1.822150788440243,22,5,2,88,-3.0344900432356585,0.06690289747292044,0.35,0,false
ETHUSDT,1710545400000,1710589500000,-3.121057554711786,1.1588589123859019,0.2889166158978542,15,false,1.8946753941415237,23,5,21,91,-1.1183545756505235,0.5266210323847226,0.65,0,true
XRPUSDT,1710589500000,1710593100000,-2.936074079318286,0.6962025316455632,0.04746835443037452,1,false,1.4371151892627159,11,6,33,15,-1.4456316781898155,10.309725441255162,0.35,0,true
BTCUSDT,1710620100000,1710624600000,-3.4340856018954082,0.5995567202048918,0.09685604102417404,1,false,1.153795931569644,20,6,18,41,-0.8887132675049134,0.5056582186375306,0.3,0,true
ETHUSDT,1710628200000,1710630900000,-6.799311571216295,1.0433185877639595,0.29045989483348783,4,false,1.3757656765570436,22,6,44,57.99999999999999,-2.059767707802317,0.3060401190774281,0.65,0,true
SOLUSDT,1710629100000,1710630900000,11.302154480328758,1.7741177771022787,0.1807278857048101,1,false,3.4826127690045476,22,6,258,90,1.0977021731385868,2.212212488831166,0.55,1,false
XRPUSDT,1710631800000,1710634500000,-6.178302846567477,0.9430840502978038,0.18199867637327943,1,false,1.7426564833794127,23,6,44,45,-1.92307692307693,6.200218556651171,0.4,1,false
BTCUSDT,1710633600000,1710637200000,-5.604204239211884,0.6124213350151541,0.46682227409135507,3,false,1.3561276404565061,0,0,22,62,-1.734897240817498,0.9785755287129242,0.3,2,true
ETHUSDT,1710631800000,1710642600000,-6.700642969933098,0.7351160813329412,0.4042997674431736,1,false,1.4003189954678505,23,6,45,61,-1.9856334568863436,0.40120276365355073,0.65,0,false
ETHUSDT,1710661500000,1710665100000,-8.355942034922153,1.418986347936364,0.25365747038506364,3,true,1.5088041427668473,7,0,54,60,-2.408044756037114,0.17658241135650168,0.6,0,false
BTCUSDT,1710680400000,1710682200000,-3.242413155796002,0.68626529324077,0.033873064049930825,2,false,1.328449562676535,13,0,35,56.99999999999999,-0.30935773640101166,0.3506297756892515,0.35,1,false
XRPUSDT,1710680400000,1710685800000,-5.104417706574947,0.6505122784192557,0.2276792974467323,2,false,1.625783631022906,13,0,58,36,-0.5519480519480452,7.790615446743001,0.35,3,false
ETHUSDT,1710680400000,1710687600000,-6.265030304640555,0.6508246291472256,0.34565460784396146,2,false,1.543108755433863,13,0,59,65,-0.546045769679132,0.43388308609816306,0.55,2,false
SOLUSDT,1710677700000,1710690300000,16.025175164777444,1.3067006207225964,0.9867897501193619,7,false,2.9956180504828516,12,0,271,59,3.4495189720853157,0.7950023873945604,0.55,0,true
SOLUSDT,1710691200000,1710699300000,17.44009678028172,0.7625542467451948,0.7677206034304557,1,false,2.759283064211684,16,0,275,49,1.2143164799352382,1.4782668595439836,0.55,0,true
BTCUSDT,1710717300000,1710722700000,-0.7743056594267482,0.708012411023901,0.15170651578754396,1,false,1.119295000739531,23,0,45,24,-0.4064317162622372,0.3343884441895131,0.3,0,true
SOLUSDT,1710734400000,1710736200000,19.904132587045897,0.7067861459925435,0.7557367059270164,5,false,2.36422551700642,4,1,287,32,1.4923949600923572,1.6291046043496131,0.55,0,true
ETHUSDT,1710737100000,1710750600000,-3.668782900651371,0.5439383444924515,0.14567323020768552,18,true,1.2515076891920207,4,1,75,23,-0.7559181519313021,0.0696299716715824,0.5,0,true
ETHUSDT,1710751500000,1710756000000,-4.024383571446623,0.637463676493417,0.35741221357112396,1,true,1.200747029701048,8,1,79,15,-1.5611866672178383,0.13635178900200648,0.5,0,true
SOLUSDT,1710769500000,1710774000000,17.978493150489943,1.4071868097191609,0.4126893341748132,17,false,2.293514837950422,13,1,297,25,1.997163261751315,1.2711028715683197,0.55,0,false
BTCUSDT,1710774000000,1710779400000,-2.3984004453463683,0.7240161453077613,0.34219742387369534,1,false,1.1622306962436038,15,1,61,24,-0.9312810439341089,0.32037054720099967,0.35,0,false
ETHUSDT,1710777600000,1710779400000,-5.635558145174036,0.7898603967670907,0.007064940937093766,6,false,1.3192180997583665,16,1,86,32,-0.39827283660955104,0.6130350178843912,0.5,1,false
XRPUSDT,1710782100000,1710783900000,-5.019562996875926,0.575942076682565,0.6088530524930125,1,false,1.2980083336024797,17,1,86,19,-0.5438365194462705,6.644983420406499,0.3,0,true
SOLUSDT,1710793800000,1710801900000,13.329863973933499,1.252309382333854,0.1977330603684958,1,false,2.47018439083551,20,1,303,30,0.18102697998259573,1.6625056174164998,0.5,0,false
XRPUSDT,1710831600000,1710833400000,-5.3004129410883625,0.6660006660006667,0.2497502497502592,1,false,2.1602203151673227,7,2,6,81,-0.7812500000000062,4.8063347254721895,0.35,0,true
BTCUSDT,1710834300000,1710837000000,-5.287599565209609,0.5799656660325708,0.09124793145579115,2,false,1.3723379051032072,7,2,78,69,-1.5457514129158052,0.4401552761409836,0.35,0,true
BTCUSDT,1710841500000,1710844200000,-5.980884775057609,0.585180501854025,0.23612274032867664,5,false,1.4952922230040455,9,2,80,76,-0.7078438944182143,0.0017087829892184258,0.4,0,true
XRPUSDT,1710841500000,1710844200000,-6.537919631298515,0.8906066207360246,0.6217442446647498,5,false,2.5137812140258293,9,2,9,91,-0.8783783783783755,3.9265411462251576,0.4,1,true
XRPUSDT,1710845100000,1710849600000,-7.167978825751185,0.9408142319534638,0.08552856654123434,1,false,2.483471527007529,10,2,10,91,-1.0734367013119734,2.200965850356818,0.45,1,false
BTCUSDT,1710845100000,1710859500000,-7.2044018260778815,0.847782444918496,0.41030345490588643,1,false,1.5704635904641557,10,2,81,78,-0.7748427672956021,0.9754917515182171,0.45,0,true
ETHUSDT,1710858600000,1710863100000,-10.278545736333399,1.0147513935613057,0.4068188844775167,1,false,1.9192070089311397,14,2,108,81,-1.923059481520675,0.14693232847947024,0.5,0,false
BTCUSDT,1710875700000,1710879300000,-4.614547860594021,0.7448370468014875,0.30421196546651347,6,false,1.5706435855880718,19,2,89,84,-0.06260681229801514,1.442059639018134,0.5,0,true
BTCUSDT,1710880200000,1710886500000,-5.04933218332169,0.6306489490995099,0.7008072865331693,1,true,1.5687599187421024,20,2,90,84,-1.6186850784452775,0.07962660863598786,0.5,0,true
SOLUSDT,1710891900000,1710894600000,-4.060621149394232,1.2040988127376608,0.9161368980231664,6,false,3.4264013761537417,23,2,3,64,-1.6271061085815992,1.2374814943830108,0.45,0,false
XRPUSDT,1710918000000,1710919800000,-6.316423115054337,0.7274572830316498,0.5582811706986922,12,false,2.0091430337350586,7,3,30,73,-1.3186813186813235,3.9645166596235573,0.4,0,false
ETHUSDT,1710919800000,1710934200000,-12.766480245292708,1.0204144757191396,1.1292916795546,14,true,2.279121314956542,7,3,125,98,-1.9928468266316297,0.616867718321471,0.45,0,false
BTCUSDT,1710941400000,1710945000000,-4.4277734268055635,0.5120569265612832,0.05313354701692195,1,false,1.607203833138771,13,3,107,88,-0.7281140378950283,0.8979412709732553,0.55,0,false
BTCUSDT,1710953100000,1710955800000,-5.674774316461792,0.7846790236508888,0.14035807887840074,1,false,1.6969954963673741,16,3,111,91,-1.3933159850599248,1.0024173657379536,0.5,0,false
XRPUSDT,1710957600000,1710959400000,-5.727865056389515,0.5379055303412306,0.6387628172802194,10,false,1.8299288238034415,18,3,41,62,-0.9223545195371557,4.5702180445141325,0.35,1,true
ETHUSDT,1710957600000,1710961200000,-7.513172999687777,1.7984452228704655,0.005421539777544917,9,false,2.4000818175574055,18,3,136,100,-2.643234241576032,0.9004273980524755,0.4,0,false
SOLUSDT,1710974700000,1710976500000,7.565508665734791,0.776131438363065,0.7130011299794663,3,false,2.984618015454259,22,3,4,54,1.5473836121652735,0.8996068944662858,0.4,0,true
BTCUSDT,1711001700000,1711009800000,0.1867404648919155,0.6026937791520361,0.34080274319256376,1,true,1.4946952326347285,6,4,0,64,0.7041555539537362,0.065182909807702,0.5,0,true
BTCUSDT,1711029600000,1711034100000,-0.2414288727010069,0.6706494679365683,0.24553345968973797,1,false,1.2416159777107587,14,4,0,34,-0.2973594304251836,0.1496438716815497,0.5,1,true
SOLUSDT,1711017000000,1711034100000,5.427827769793973,1.001922076267137,0.19167666641889497,1,false,2.5251855208913874,10,4,15,11,0.3678569163442622,0.4642868520577796,0.45,0,false
XRPUSDT,1711033200000,1711035000000,1.5724801284393506,0.5920000000000059,0.367999999999995,1,false,1.3692161951284036,15,4,1,35,1.4154737011420166,9.131939310344865,0.4,0,true
SOLUSDT,1711059300000,1711067400000,0.6053479046382662,0.7456137899425995,0.4432321854756099,1,false,2.4670326970053296,22,4,1,6,0.8533255588385465,0.9993218305358808,0.4,2,true
XRPUSDT,1711039500000,1711072800000,3.2377433685358636,1.4202303929304099,1.0888433012466316,5,false,1.6034887158798776,16,4,3,56.00000000000001,2.426645519429039,10.10533375414235,0.4,0,false
SOLUSDT,1711077300000,1711079100000,-1.4533607419366819,0.8488259962772653,0.22369984974546483,6,false,2.3261129956465725,3,5,1,1,-1.0323553222969708,0.6555414769796625,0.4,1,false
ETHUSDT,1711052100000,1711102500000,-3.130089749418568,0.8899563691144478,0.422096840669099,11,false,1.6533395292360409,20,4,10,46,-0.5686995944775994,0.43476132500194403,0.4,1,true
SOLUSDT,1711098000000,1711102500000,-0.7724173346130397,0.9300763871401027,0.4448921346428202,1,false,2.0509508551779256,9,5,0,1,-1.1824182937240875,1.0289413059496253,0.35,1,true
SOLUSDT,1711110600000,1711115100000,-3.576749350536853,0.8482812958287532,0.08971653027070578,2,false,2.03993937744384,12,5,3,2,-1.5714285714285716,1.3236063744744995,0.4,0,true
BTCUSDT,1711120500000,1711122300000,-5.741686607546539,0.8840097679944579,0.072256826781105,6,false,1.27063760307737,15,5,25,25,-0.9738497546713484,0.9021915291801685,0.55,1,false
SOLUSDT,1711119600000,1711122300000,-5.413802340767418,1.0851482374367438,0.23290701814806872,5,false,2.1104532393845252,15,5,6,5,-1.3477213515340214,0.7670170973597994,0.4,0,false
SOLUSDT,1711143900000,1711150200000,-4.223750771437959,0.9291970589096782,0.026364355391520003,2,false,1.9364969332708437,21,5,13,1,-1.1025262104515887,0.40190995107947797,0.4,0,false
ETHUSDT,1711151100000,1711160100000,-5.169578007531531,0.8454845484548406,0.03030303030303685,14,false,1.5552876810640854,23,5,38,24,-0.39000342266282517,1.3585358535853644,0.45,0,false
XRPUSDT,1711161900000,1711164600000,-1.1422474174576518,0.520918118183313,0.2767377502848647,1,false,1.2471984230703903,2,6,15,1,-0.5845104724793063,7.407655373613915,0.4,0,true
SOLUSDT,1711165500000,1711178100000,-3.2094981704923606,0.7754078369112614,0.980189135086634,1,false,1.9753296365374817,3,6,19,9,-1.4608910862727702,1.3172010538183794,0.4,0,false
ETHUSDT,1711184400000,1711190700000,-4.336086115447493,0.62462598360729,0.0652016636844613,2,false,1.3322190442222306,9,6,47,1,-0.6065529058805404,0.13209043282195038,0.4,0,false
ETHUSDT,1711208700000,1711212300000,-2.5472983648073058,0.5143175683605136,0.253784767046124,1,false,1.2504707187568727,15,6,54,3,-0.49676311269652745,0.5476013509108261,0.4,1,false
XRPUSDT,1711204200000,1711235700000,0.7828668248451178,0.9880478087649377,0.2868525896414381,1,false,0.9512966352029074,14,6,1,2,1.4620822622107965,5.466894327452121,0.45,0,false
SOLUSDT,1711233000000,1711238400000,-1.7840631862376082,0.652033901203188,0.010259274669281272,11,false,1.4805113949247213,22,6,6,1,-0.7795068611364963,0.38288626327451936,0.4,1,true
SOLUSDT,1711305000000,1711311300000,-1.434603762400475,0.5358916862989915,0.12943146660611884,8,false,1.280996865464049,18,0,26,3,-0.39954597048807006,0.1550906871789065,0.45,0,false
SOLUSDT,1711362600000,1711366200000,6.491878244590016,0.5327762919825182,0.34709584170740926,1,false,1.370867688011834,10,1,13,32,0.9148781664272573,0.10747838563509235,0.45,0,false
BTCUSDT,1711478700000,1711483200000,4.2477096133290555,0.6182956644999366,0.05915747749087808,5,false,1.0078405264121129,18,2,48,76,0.7610770044376871,0.6068166370640986,0.55,1,false
ETHUSDT,1711478700000,1711494900000,2.0942870270786527,0.5216943738129031,0.1393049856079493,5,false,1.0475058232044034,18,2,29,62,0.8986182899226399,0.42972573204272146,0.4,2,true
SOLUSDT,1711475100000,1711494900000,3.920204364575726,1.1099256333901195,0.05308109198423637,1,false,1.4603022058022472,17,2,45,67,0.9236407149801882,0.15340435583440148,0.45,0,true
BTCUSDT,1711494900000,1711525500000,4.5554536499365685,0.5645645987802815,0.03802692933259413,1,false,0.9583167681922774,23,2,52,64,0.5056411077500144,0.2762530609066929,0.5,0,false
SOLUSDT,1711540800000,1711545300000,3.1048009079103336,0.5293492369572375,0.2804322395585608,1,false,1.3242885843370986,12,3,63,28.000000000000004,0.7861239483985613,0.4917446090240463,0.45,0,true
SOLUSDT,1711594800000,1711607400000,-0.5505909533055297,0.9663838048908135,0.60535328635938,1,false,1.569434296336813,3,4,0,90,-1.568030179025361,0.33366319551175005,0.5,0,false
SOLUSDT,1711620900000,1711624500000,2.3384972828136728,0.6228114870505085,0.7404355886083572,15,true,1.3361204457923066,10,4,5,28.999999999999996,0.9582429501084576,0.40551857593531,0.45,0,true
ETHUSDT,1711638000000,1711642500000,2.4870200998122005,0.5323134604831677,0.26908152947502106,1,false,0.9629412763076933,15,4,10,56.00000000000001,0.5256494629173101,0.8479132253850179,0.45,0,false
SOLUSDT,1711638000000,1711645200000,3.035419750506851,0.7263027654138602,0.4745606564577184,1,false,1.4343149846913672,15,4,10,72,0.7741276961508514,0.784618557142784,0.45,1,false
SOLUSDT,1711662300000,1711664100000,1.9917466364442404,0.588150604947295,0.03999210822397107,4,false,1.2741664164319644,21,4,17,5,0.9546027404606768,0.48270474626340143,0.4,0,false
SOLUSDT,1711863000000,1711910700000,4.327547776008649,0.5397979715444188,0.12205460283738871,1,false,1.148173375331701,5,0,42,2,0.7568299286241689,0.23338474266395337,0.4,0,true
SOLUSDT,1711911600000,1711913400000,5.268565016590742,0.5019622159350233,0.45125896180017583,1,true,0.9126498843769953,19,0,56,4,0.5566267505581388,0.0438813617603235,0.45,0,true
SOLUSDT,1711970100000,1711981800000,3.3201777006859134,0.500068887040571,0.24850362039668458,1,false,1.2764427025467708,11,1,72,72,-0.2627307770338815,0.27047731064991454,0.5,0,false
BTCUSDT,1711998900000,1712001600000,-0.6163369094469037,0.5626693518066227,0.2126215983785526,18,true,0.7636272082764274,19,1,4,90,-1.212317072821966,0.4992970234416937,0.5,1,false
XRPUSDT,1711992600000,1712005200000,-3.1903387532949607,0.9221142763049646,0.08233163181293347,11,false,1.062613894098186,17,1,11,85,-1.6126404951946602,6.00036868826366,0.45,0,false
SOLUSDT,1712055600000,1712057400000,-4.747655673058551,0.7571415976018312,0.1454769881855107,1,false,1.7444629239033183,11,2,10,96,-0.8088352224433921,0.1819839975313032,0.45,0,true
SOLUSDT,1712058300000,1712061000000,-5.18675217607159,0.9846023763962498,0.16688175871123415,1,false,1.7840608216840896,11,2,11,100,-1.6336255984432095,1.1315973921943918,0.5,1,false
BTCUSDT,1712058300000,1712065500000,-4.976707090957859,0.6647923532887803,0.11651000006092024,1,false,1.110259175048733,11,2,9,96,-1.09005780609578,0.41560310043517074,0.5,0,true
SOLUSDT,1712065500000,1712067300000,-5.801168073746384,1.0921348314606676,0.0022471910112307177,1,false,1.8207228505060045,13,2,13,100,-1.6097260524811812,0.6983578219533139,0.45,0,false
XRPUSDT,1712075400000,1712079000000,-6.030284309894509,0.7325383304940514,0.28960817717204834,2,false,1.4282606262532356,16,2,34,100,-1.6224438059827706,2.7121982409780356,0.4,1,false
ETHUSDT,1712075400000,1712088900000,-7.702984106951906,1.127178619175535,0.25879726729708946,2,false,1.4243048505512386,16,2,25,100,-1.8307730973858654,0.29766285216666,0.4,0,false
ETHUSDT,1712166300000,1712169000000,-4.026109104368141,0.5958958050731884,0.2709978410006313,1,false,1.2203394152445135,17,3,51,80,-0.8520672007716803,0.7488723395548305,0.4,0,true
SOLUSDT,1712169900000,1712177100000,-1.2317903778673795,0.7502679528403031,0.32047159699892,1,false,1.6936093905595644,18,3,1,70,-1.4993692749056462,1.1196355841371863,0.45,0,true
SOLUSDT,1712198700000,1712201400000,-2.7250174229193123,0.6739470253839006,0.4337925476387473,1,true,1.6149013745396426,2,4,9,52,-1.2696033769832595,0.24833021490330928,0.45,0,true
XRPUSDT,1712246400000,1712250900000,-1.7555417421575255,0.6030150753768925,0.033500837520934336,4,false,1.2958167993447547,16,4,82,79,-0.1672800267648044,4.240189663595851,0.4,0,false
BTCUSDT,1712255400000,1712261700000,1.3904241459303799,0.6206037514654161,0.6770222743259086,2,false,0.8328831380047552,18,4,0,55.00000000000001,1.522227350545805,1.122736399690683,0.55,0,false
SOLUSDT,1712262600000,1712264400000,-1.251150211511485,0.5001320391698377,1.2320062947653214,1,true,1.3088997781324059,20,4,1,22,-1.700806153153004,1.0139620194268242,0.45,0,true
SOLUSDT,1712286000000,1712292300000,-5.170036795712631,0.7472056176529405,0.6533188151374346,1,false,1.5143236287501107,3,5,8,34,-2.1833367128287517,1.058643141263539,0.5,0,true
BTCUSDT,1712329200000,1712340000000,0.4159696423524808,0.7609807804138272,0.2789821201168928,1,false,1.1005401435956024,15,5,0,92,0.9861953395750972,0.8628120687587026,0.55,0,false
SOLUSDT,1712371500000,1712374200000,-6.012524162061612,0.5346246751611301,0.22037526759853404,2,false,1.4425394606057955,2,6,32,14.000000000000002,-1.0985760042782355,0.7357528820506031,0.55,0,false
ETHUSDT,1712451600000,1712453400000,-0.9193363396497058,0.5634261520924855,0.24633240070465762,5,false,0.7015866739536045,1,0,130,8,-0.3497403577293555,0.511116045654404,0.4,0,false
SOLUSDT,1712537100000,1712546100000,-2.5130203673881173,0.7401301956298637,0.07008808670737382,1,false,1.0665266974947862,0,1,78,23,-1.1097561654667016,0.4270920634229734,0.55,0,true
XRPUSDT,1712685600000,1712706300000,3.193498566545279,1.2098725600903293,0.17744797547991448,1,false,1.464741051518854,18,2,35,100,1.283092415137245,7.733222536815362,0.4,0,false
XRPUSDT,1712715300000,1712717100000,1.2607941919378878,0.6382978723404279,0.03273322422258232,1,false,1.2690479098159422,2,3,43,91,0.2457807635589148,6.317116140398536,0.4,1,false
ETHUSDT,1712715300000,1712718000000,1.4079992220358921,0.6331083106169763,0.3802075156635838,1,false,1.0248699034637627,2,3,53,77,0.5863568400197897,0.37084850820275506,0.35,0,false
BTCUSDT,1712718900000,1712727900000,-0.6018422483434861,0.5598922504308619,0.19435473359497907,2,false,0.8811709713980108,3,3,0,90,-0.7673833238372051,0.3203772288190561,0.5,0,false
XRPUSDT,1712720700000,1712730600000,0.5129274577789198,0.5253652930553244,0.574618289279256,4,false,1.3170725005384445,3,3,0,92,-1.1441647597254014,6.085557704760451,0.4,1,false
ETHUSDT,1712772000000,1712774700000,1.2800815931605616,0.777207977207983,0.09202279202279255,4,false,1.1989481693002442,18,3,3,95,1.413310807704686,0.8739870212092555,0.3,0,false
SOLUSDT,1712776500000,1712781000000,-5.6352068535737025,0.5374833134265478,0.36300615939483627,4,false,1.6533649375311723,19,3,54,100,-1.165629905238065,4.342305937191035,0.55,0,false
SOLUSDT,1712792700000,1712794500000,-2.9206462834337326,0.6109592981446926,0.06443261901337251,1,false,1.534299432742227,23,3,59,93,-0.7030762448400093,2.4402162418253437,0.55,0,true
BTCUSDT,1712841300000,1712843100000,2.2406563192995503,0.5878958275884698,0.576808817300268,2,false,0.8436382551165087,13,4,20,77,1.1945468017640475,1.455233818773151,0.45,0,false
ETHUSDT,1712842200000,1712844000000,2.0505759218437563,0.58989556872707,0.2023708721422544,3,false,1.0114876275437894,13,4,22,56.00000000000001,1.164872264067973,1.3677244197142842,0.25,0,false
BTCUSDT,1712856600000,1712898000000,0.9850108423403846,0.7331702166165299,0.06312816442393471,1,false,0.9179286659361339,17,4,24,87,0.6844391751219248,1.1831095676127992,0.45,0,true
SOLUSDT,1712979000000,1712982600000,-14.299663611941869,0.5198193414747704,0.24122763891892982,11,false,2.7636405864694584,3,6,110,97,-1.332575965317766,2.242784332401666,0.6,0,false
SOLUSDT,1712988000000,1712995200000,-12.093550664251845,0.9154778260331721,0.12241097531594937,1,false,2.5835124842663393,6,6,113,90,-0.6196625702978533,2.897125805020612,0.55,0,true
SOLUSDT,1712998800000,1713005100000,-13.327260854999448,0.6692534739495338,0.07296123105494327,1,false,2.433102389824153,9,6,116,86,-0.32363958860047676,0.9216053681778419,0.55,0,false
SOLUSDT,1713011400000,1713015000000,-12.196705581901098,0.5082909210310299,0.4761122968313868,2,false,2.195032696563262,12,6,119,83,-0.9847156429113715,1.9040934712417288,0.55,0,false
SOLUSDT,1713016800000,1713021300000,-12.093709107284319,0.935583833322352,0.29603744972636903,1,false,2.1140738944130426,14,6,121,81,-0.7609768942136831,1.404575723610478,0.5,0,true
XRPUSDT,1713062700000,1713064500000,-18.848193345460388,1.0109519797809658,0.2106149957877003,2,false,3.7696233582001706,2,0,38,94,-0.06335797254487159,18.49418225747495,0.35,0,true
BTCUSDT,1713065400000,1713067200000,-8.077107674903383,0.5558280202713818,0.2747396639319651,1,false,1.986837802998639,3,0,36,97,-2.065550845055349,5.399659409810962,0.45,0,false
ETHUSDT,1713065400000,1713067200000,-13.130757894680798,0.6264589989530709,0.21378887416950645,1,true,2.7080010826928285,3,0,37,97,-2.139010485082025,0.17973850673044767,0.25,1,false
SOLUSDT,1713065400000,1713067200000,-19.972618314315852,1.0457324887407984,0.8282377064186592,3,false,4.871855966388876,3,0,134,95,-2.6509349440767482,5.339972904690439,0.55,2,true
XRPUSDT,1713097800000,1713099600000,-16.058749338822746,0.6330406371247685,0.6943026342658799,5,false,2.8932381624661434,12,0,47,85,-0.5934110906486625,14.726755784546336,0.4,0,false
XRPUSDT,1713105000000,1713112200000,-15.453946764194098,0.7572656569791315,0.3888661481784604,3,false,2.7931985829086887,14,0,49,83,-0.8594229588704803,14.96515349011852,0.35,0,false
ETHUSDT,1713115800000,1713118500000,-8.202409986121625,0.5927312431757844,0.9745619508137132,1,false,1.924612658876696,17,0,51,80,-1.7627510942439921,2.2969418880743038,0.25,0,true
SOLUSDT,1713131100000,1713132900000,-13.271367393860015,0.9503695881731744,0.18725800774376597,3,false,3.3364049527044597,21,0,153,74,-0.6771548234962793,0.7740362678764674,0.6,0,false
ETHUSDT,1713146400000,1713152700000,-6.194170342128016,0.6243818396452065,0.021376383881570774,6,false,1.7759139239694626,2,1,60,67,-1.19322458428473,0.43592934094799335,0.3,0,false
SOLUSDT,1713196800000,1713202200000,-11.040407145794806,1.5729838122133455,0.550925958049147,1,false,2.7201667569833763,16,1,171,49,-2.0371496489579157,0.17563019962394374,0.55,1,true
ETHUSDT,1713194100000,1713205800000,-5.706458154477992,1.2359297685048636,0.4574112992953342,1,true,1.5187905272159863,15,1,73,50,-1.3883109513902012,0.3365036496449339,0.25,0,true
ETHUSDT,1713208500000,1713210300000,-7.690323177816295,0.6532101262200998,0.09981857080614742,1,false,1.7868534962237306,19,1,77,65,-1.814225844603275,1.8193316382600835,0.25,1,false
ETHUSDT,1713229200000,1713231000000,-6.561148658722717,0.5256901505164596,0.04016363442022763,2,false,1.7474805596960388,1,2,83,59,-0.9566188947526036,1.8373011888528572,0.25,1,false
XRPUSDT,1713229200000,1713233700000,-10.668950235835087,0.5862138669900978,0.22235698403072365,2,false,1.9541199769773816,1,2,84,41,-1.1847389558232966,6.347281180513428,0.35,2,true
SOLUSDT,1713203100000,1713240900000,-13.173713291516997,2.3492987221477604,0.049451376396655096,1,false,2.9168131456733177,17,1,173,55.00000000000001,-1.808347863217448,2.8296323295284203,0.55,1,true
BTCUSDT,1713234600000,1713242700000,-5.931354048408577,0.8922098659553018,0.25160033925770103,2,false,1.3396578102215326,2,2,83,61,-0.6036562702767446,0.07285038071729717,0.45,1,true
ETHUSDT,1713249900000,1713253500000,-6.182360814368744,0.5688661529495618,0.29301301560576726,13,false,1.777505780156979,6,2,89,59,-0.09767399600217296,1.7967456360255922,0.25,0,false
SOLUSDT,1713256200000,1713262500000,-12.486290904522598,0.7571506649663077,0.05684095463654797,1,false,2.768250487489095,8,2,187,32,-0.31645338874913226,1.5741786603510066,0.6,0,true
ETHUSDT,1713264300000,1713268800000,-6.897528417889934,0.6187393348877802,0.9834698901900595,1,false,1.7804352858534858,10,2,93,55.00000000000001,-2.195453410266641,1.9146679370207025,0.25,0,false
SOLUSDT,1713267900000,1713272400000,-13.087846688665444,0.6497960628701664,0.3097779187349168,6,false,2.8252312530386128,11,2,191,34,-1.9372572974388176,0.3807072279055792,0.6,0,true
SOLUSDT,1713321900000,1713323700000,-10.81988309121626,0.6143054833537115,0.08932689984403352,1,false,2.4974352402106366,2,3,206,8,-0.466719586052816,0.523331161176486,0.65,0,false
SOLUSDT,1713335400000,1713348900000,-8.896275339450375,1.0215187622265745,0.7775208963186836,2,false,2.458791912180148,6,3,209,10,-1.3415695514657402,2.702557353725801,0.65,0,true
XRPUSDT,1713369600000,1713375000000,-10.226163359824714,1.0532837670384125,0.1445683601817501,3,false,1.5495355340981998,16,3,123,18,-0.9081527347781134,4.316398182569181,0.4,0,false
SOLUSDT,1713398400000,1713400200000,-12.124342431094192,1.0223756782207039,0.6143222277027955,2,false,2.784137981830152,0,4,227,25,-1.7029230050360773,0.9026928111274056,0.65,1,true
XRPUSDT,1713397500000,1713400200000,-6.5114100469293055,0.503727584122507,0.3223856538384134,1,false,1.5503846778328705,23,3,131,20,-0.46370967741934854,6.649204110417081,0.35,0,true
SOLUSDT,1713418200000,1713420900000,-9.984186487992904,1.1511929671499566,0.2639536861095292,2,true,2.5086950116969686,5,4,232,10,-1.0011574500711458,0.17533538172941912,0.65,0,true
BTCUSDT,1713444300000,1713448800000,-4.249158426230994,0.6434207063022832,0.11651869113879937,1,false,1.1849574690818803,12,4,142,22,-0.7944597098856204,0.2319979921427974,0.45,0,false
ETHUSDT,1713444300000,1713449700000,-4.901370240752988,0.5782233313443846,0.25614568326943365,1,false,1.3418196913464273,12,4,143,21,-1.18697864750014,1.7374721025374196,0.25,1,false
ETHUSDT,1713455100000,1713463200000,-3.4422117192574224,0.625168733756843,0.2982724915999074,1,false,1.3610946449416919,15,4,146,24,-0.5538193371728937,0.34926241954025616,0.2,0,true
SOLUSDT,1713464100000,1713467700000,-7.134233639776996,0.7805881202887763,0.5336673883606887,1,false,2.5698469695773705,18,4,245,28.000000000000004,-1.8475088036376568,2.5660680407817,0.65,0,false
SOLUSDT,1713486600000,1713488400000,-3.4202932034576423,0.5209142114996397,1.2528763216962926,1,false,2.2346153239850617,0,5,251,4,-2.3220270061836477,1.9058684021062626,0.6,0,true
SOLUSDT,1713499200000,1713501900000,-6.880310599571721,0.9798162209989623,0.802129341543209,11,false,2.6571976870455,4,5,255,48,-2.2260409401715373,2.7531703300289165,0.65,1,false
BTCUSDT,1713499200000,1713509100000,-4.518708926593403,0.746182840350088,0.5205072510061992,11,false,1.443856152923424,4,5,157,93,-1.3256658114838085,1.220006918334058,0.4,0,false
XRPUSDT,1713508200000,1713510000000,-6.413212473898833,0.7405883563052968,0.18514708907631278,1,false,1.5236060799912299,6,5,161,43,-0.5761316872427921,4.505245834190491,0.35,0,false
SOLUSDT,1713560400000,1713564900000,-2.152126662789399,0.5701948627103717,0.7120515943312641,1,true,2.27509034368658,21,5,2,11,-1.6791006291470467,0.1686578064318197,0.6,0,false
ETHUSDT,1713570300000,1713573000000,-2.868553661975801,0.710038020342505,0.19367627465635576,3,false,1.28933293372326,23,5,178,22,-1.1386593204775068,0.3842529290162075,0.25,0,true
SOLUSDT,1713663900000,1713667500000,2.291802115513382,0.6684608621534436,0.24765266880985765,2,false,1.5907892812161306,1,0,10,5,-0.2615408223857566,1.8812686182937177,0.6,0,true
SOLUSDT,1713699000000,1713705300000,3.0931121397116432,0.6180634013424648,0.2445670233269057,3,false,1.4319617356974843,11,0,19,1,0.0291379150497405,1.2831646027632029,0.6,0,false
SOLUSDT,1713713400000,1713716100000,1.7062870250638782,0.7233103817100031,0.07620830269403324,1,false,1.4198213747579775,15,0,23,1,0.20430236750391353,0.6370746707667644,0.6,0,false
SOLUSDT,1713735000000,1713741300000,1.7144632185833497,0.77145612343299,0.036162005785922297,1,false,1.3708684439670196,21,0,29,1,1.2216780582315285,2.466000061226659,0.55,0,false
XRPUSDT,1713806100000,1713815100000,5.130796278669259,0.680647534952157,0.38631346578366277,1,false,1.047061827611056,17,1,49,52,1.3868343195266388,2.1745830856965522,0.3,0,true
XRPUSDT,1713829500000,1713843900000,6.122194822126592,0.8336353751359075,0.43494019572310055,14,false,1.2079844995477638,23,1,56,80,1.0376843255051953,1.1447914215889512,0.35,0,false
SOLUSDT,1713895200000,1713901500000,6.4725788360687275,0.712789846844816,0.3223323997678675,1,false,1.282925857221682,18,2,74,14.000000000000002,1.1362269668753362,2.421908510584605,0.55,0,false
SOLUSDT,1713925800000,1713933000000,5.2232514072462495,0.6341827734068257,0.3470299643312348,7,false,1.237847660088072,2,3,82,8,0.9403902457940861,1.85013971336227,0.55,0,true
SOLUSDT,1713935700000,1713947400000,5.902972178678324,0.6411434146588701,0.41877055048370937,1,false,1.300611673302503,5,3,85,35,1.3816661568267603,0.9498890247482423,0.55,0,false
SOLUSDT,1713980700000,1713982500000,0.8615483116774425,0.8093259555362856,0.2618986668767113,1,false,1.461856372860328,17,3,98,75,0.7450789217107172,0.26922832881519987,0.5,0,false
SOLUSDT,1713986100000,1713993300000,-1.5256874376422753,0.6812768618684556,0.3792263781885098,1,false,1.5701261165328044,19,3,0,82,-1.7545367401579988,0.6216623643323507,0.5,1,true
XRPUSDT,1713984300000,1713999600000,0.5283399934519978,0.9423294383716555,0.13192612137203807,7,false,1.0292801298604959,18,3,2,70,0.7584376185058787,4.653467615091182,0.35,0,false
SOLUSDT,1714011300000,1714018500000,-3.2342506840607923,0.7837797558563392,0.6984243113983429,1,false,1.7291720687609233,2,4,7,100,-1.5537466758460512,1.1879338337239589,0.5,0,true
SOLUSDT,1714051800000,1714059900000,-4.472582030488023,0.6431265846268059,0.7826080981729858,3,false,1.7057201749987154,13,4,18,92,-0.41934659306800004,0.14048093325813205,0.5,0,false
XRPUSDT,1714119300000,1714129200000,-0.7597121800428338,0.6056018168054468,0.3028009084027129,1,false,1.0305298518485433,8,5,1,50,-0.5863438623037625,5.041455952770302,0.3,0,true
ETHUSDT,1714248900000,1714250700000,2.503924231966934,0.572189332351353,1.3694146232457494,10,false,0.9438111465346977,20,6,2,75,2.573964590929722,1.7009917961273782,0.3,0,true
SOLUSDT,1714258800000,1714269600000,-3.834170078088067,0.9718269074575036,0.18998651025150645,10,false,1.3289879843733372,23,6,76,12,-0.39789110646238524,1.0304472805090814,0.45,0,false
SOLUSDT,1714388400000,1714394700000,-6.360700226433061,0.6155024148898459,0.32689362704677877,1,false,1.263254270229955,11,1,112,28.000000000000004,-0.1777928602518502,0.436741665685022,0.4,0,true
SOLUSDT,1714420800000,1714425300000,-6.016356703745053,0.5275938189845361,0.1743929359823361,14,false,1.4112698659255785,20,1,121,52,-0.32855084820510005,0.49242089771892406,0.45,0,true
SOLUSDT,1714534200000,1714545000000,-10.6483101169291,0.764760834111823,0.4148392102221343,5,false,2.0510181204954465,3,3,152,100,-1.6792744267099722,3.3400098168057535,0.45,0,true
BTCUSDT,1714571100000,1714572900000,-8.855988355381683,0.5065634816617728,0.011615247526133207,1,false,1.2809746070235686,13,3,36,95,-0.7255170277039065,1.9967390625975185,0.35,0,true
ETHUSDT,1714571100000,1714577400000,-7.772188652052783,0.5197362080596942,0.1831123593958725,1,false,1.4174155261218209,13,3,34,90,-0.7522942062731219,4.32339506623923,0.35,1,true
SOLUSDT,1714577400000,1714580100000,-10.581561174365808,0.6295907660020994,0.025216167630568262,1,false,1.9118563839761893,15,3,164,78,-0.6484302448720183,0.12900916729706496,0.45,0,false
BTCUSDT,1714598100000,1714614300000,-8.238928189579866,1.2322300800864099,0.8056494587416579,7,false,1.66577861599124,21,3,43,99,-1.0952064482047563,1.4099720056467118,0.35,0,true
SOLUSDT,1714611600000,1714614300000,-4.307931805009405,0.7435677595089341,0.025797248799283606,1,false,2.476746691110905,1,4,174,96,-2.439405088411719,3.7763026255746324,0.4,1,true
SOLUSDT,1714658400000,1714661100000,-0.7174670118372879,0.6351296967036147,0.21073427724727073,1,false,2.0491866492136857,14,4,0,84,-0.7141396734527037,4.547264647692709,0.45,0,false
SOLUSDT,1714667400000,1714671000000,1.6144211804256614,1.0446211877540295,0.7807245825901431,7,true,2.0488275529456805,16,4,1,86,2.139364303178485,0.1379994866646695,0.4,0,true
BTCUSDT,1714679100000,1714686300000,-3.6981083250542244,0.6176531208714695,0.003209904074553325,2,false,1.0192157418693915,19,4,66,49,0.003554634735888176,0.17648840999372742,0.35,0,false
SOLUSDT,1714692600000,1714696200000,1.3128403121281174,0.5500357450285164,0.5245035817977518,7,false,1.8660296170738773,23,4,1,71,1.2321712439655021,4.237113835769487,0.45,0,true
BTCUSDT,1715013900000,1715023800000,1.0736915269831095,0.5918656014666256,0.041406885870290705,5,false,0.9292921845921712,16,1,75,72,-0.5146896087323024,1.6313487704806604,0.35,1,false
ETHUSDT,1715009400000,1715023800000,-0.7556372605559077,0.5375404530744378,0.3077669902912692,2,false,1.010082702902205,15,1,0,87,-1.3866623917922412,1.0307759097008418,0.35,0,true
SOLUSDT,1715038200000,1715046300000,8.053225519922833,0.907934759807019,0.10488777008600572,14,false,1.5612952930207393,23,1,82,76,1.1549566891241643,4.539673799035021,0.5,0,true
BTCUSDT,1715051700000,1715053500000,1.7410236872674598,0.5558461837532409,0.19724084086551372,10,false,0.814445645179484,3,2,85,46,0.6083037179219143,1.6288612941366476,0.35,0,false
SOLUSDT,1715051700000,1715053500000,9.226191998695098,0.6396753808976008,0.4917100655182635,6,false,1.623809856618419,3,2,86,91,1.4367160775370664,3.038781127637855,0.5,1,false
SOLUSDT,1715076900000,1715083200000,9.049707557277378,0.5992292870905541,0.449582530507397,7,false,1.6653636005034964,10,2,93,97,0.9218869451814559,6.601347788993363,0.5,0,false
SOLUSDT,1715094900000,1715106600000,7.562411816743777,1.1388825689862576,0.8301101829882581,1,false,1.678591666169524,15,2,98,96,1.7346438951115026,5.469040535289553,0.5,1,false
BTCUSDT,1715094900000,1715107500000,2.0543555612981166,0.7764513182347939,0.4362616940183324,1,false,0.8711486974076865,15,2,97,67,1.0675965495784887,1.9714111219607922,0.3,0,false
ETHUSDT,1715154300000,1715176800000,-2.9408242465302736,0.5788312202720697,0.03295243864687906,1,false,0.9417347527990764,7,3,20,69,-0.5310528063766118,1.744914839581545,0.4,0,false
SOLUSDT,1715177700000,1715180400000,1.379623649806282,0.6677317602720144,0.24852184124643556,1,true,1.4561654388172913,14,3,1,55.00000000000001,1.5207347926520856,0.22123680393244302,0.5,0,true
SOLUSDT,1715214600000,1715241600000,-2.3473870932945196,0.7906717265983869,1.3175566315180558,17,false,1.640489405894239,0,4,4,63,-1.4900057228354742,0.2757218096763015,0.55,0,true
SOLUSDT,1715263200000,1715265900000,-1.6465610634715542,0.6659646724918125,0.21757170452089722,1,false,1.4693061445354316,14,4,18,40,-1.3032073612479604,1.37555111474401,0.55,0,false
SOLUSDT,1715272200000,1715274900000,0.7752090987563541,0.6283007938941682,0.5063204879212204,1,true,1.5112612428982404,16,4,0,52,0.5930248337630583,0.038794646182051765,0.55,0,false
SOLUSDT,1715285700000,1715292900000,3.7142826705647796,0.6263871433537339,0.2720806481803425,1,false,1.481848916275437,20,4,4,55.00000000000001,1.9501112320726937,1.8522688516622643,0.55,0,true
SOLUSDT,1715368500000,1715375700000,0.9098078843658073,0.5690530548267337,0.49340648107131185,2,false,1.6434088062647505,19,5,0,73,0.9301976414064204,0.7913019273635491,0.55,1,false
BTCUSDT,1715366700000,1715440500000,-2.8113918274166543,0.5874123572204507,0.07653313143948122,6,false,1.0216382384700815,18,5,4,99,-0.20453798092732894,1.8354784555120265,0.25,0,false
SOLUSDT,1715534100000,1715549400000,-0.9476020359202271,0.5810031253011873,0.016521415885342002,1,false,0.9075833256598602,17,0,10,7.000000000000001,-0.4268892081583335,0.7026967162065895,0.5,0,true
SOLUSDT,1715565600000,1715568300000,-2.0693929555430164,0.8306504438962374,0.22578082535435903,1,false,1.0235162737900434,2,1,19,27,-1.8115667399378397,0.45232720906277374,0.55,0,true
SOLUSDT,1715571900000,1715582700000,-4.003550513435932,0.868115195236455,0.16317416695294332,2,false,1.1833645827395805,3,1,21,33,-2.0677942113084686,3.50687546985696,0.6,0,false
SOLUSDT,1715612400000,1715615100000,-0.04432755525641495,0.5387099637446059,0.23282648623183522,1,true,1.3093029496812423,15,1,1,51,0.1278332943876913,0.05757886298229057,0.55,0,false
SOLUSDT,1715636700000,1715652900000,1.2473826639657544,0.7852444564996182,0.11527768359665526,11,false,1.3961370753355353,21,1,6,68,1.0365636716932498,0.24579430949827832,0.5,0,false
BTCUSDT,1715670000000,1715690700000,0.013271509855581601,0.7204951260623849,0.1941163339189176,1,false,0.7020190537763208,7,2,23,74,-1.1492346145318764,1.2370332985002364,0.25,0,false
XRPUSDT,1715681700000,1715697000000,-1.5439684287418043,0.7118845165117533,0.2966185485465804,1,false,0.7576391475852331,10,2,136,75,-0.5329648637978751,8.6065168093945,0.3,1,true
SOLUSDT,1715704200000,1715715000000,-2.0988652367883476,0.7551744076687844,0.16510731975783896,3,false,1.4727855229870463,16,2,2,82,-0.5228885759303931,1.2173242310180634,0.45,0,false
ETHUSDT,1715782500000,1715786100000,-0.3241723151049487,0.5662445407483588,0.2593460701819488,1,false,0.85129584061344,14,3,194,99,0.25118625171649167,2.176281132489088,0.4,0,false
SOLUSDT,1715874300000,1715877900000,7.848721900419902,0.941521276997186,0.5754789368419858,1,false,1.547532342595134,15,4,27,100,0.26344703590870316,1.8895415875252113,0.45,0,false
SOLUSDT,1715883300000,1715906700000,6.998326363060579,1.0850538103272938,0.499238503295601,1,false,1.6147529395614664,18,4,29,100,0.3823597961587639,2.3769650933280952,0.4,0,true
ETHUSDT,1715952600000,1715956200000,3.6773645481796353,0.6317695473251047,0.6380246913580283,3,false,0.8243620153194815,13,5,5,97,0.9174009065069759,0.21340446070213825,0.35,2,true
XRPUSDT,1715931000000,1715958900000,1.0782675219673128,0.6368197607101447,0.28946352759553395,1,false,0.5869295859496758,7,5,40,2,1.0283275126115798,0.10286763977042236,0.35,0,true
SOLUSDT,1715950800000,1715963400000,10.87176630969367,1.0545624014148383,0.32084986377324587,1,false,1.4334275780205499,13,5,48,91,0.42888716325189014,1.572184248681555,0.45,1,true
ETHUSDT,1715960700000,1715969700000,4.617665036669609,0.5981634764614588,0.10993274702533742,1,false,0.9030077655922801,15,5,8,100,0.9028591079116277,1.9976125353669045,0.4,1,false
SOLUSDT,1715994900000,1715997600000,11.011312143084517,0.5916112706960807,0.09142547054625311,1,false,1.2454845054064756,1,6,60,49,0.3950984207857077,0.12534137091018815,0.45,0,true
SOLUSDT,1716142500000,1716152400000,6.45849664493466,0.503168537725781,0.4681603493698451,4,false,1.142034258121659,18,0,101,36,1.0927170083518623,0.7224147342937846,0.45,0,true
SOLUSDT,1716177600000,1716179400000,7.056114667512096,0.562169118722387,0.4750065810640918,6,false,1.2036112324268844,4,1,111,52,1.6938938288381549,0.5065956886718032,0.45,0,true
ETHUSDT,1716205500000,1716221700000,1.9235633323545824,0.588654781199347,0.047649918962716364,17,false,0.7315702081223843,11,1,76,78,-0.3076367435651024,1.6523510178844174,0.4,0,true
XRPUSDT,1716219000000,1716231600000,0.02068537631497782,0.736291416392177,0.03875217981011005,1,false,0.6570287153899684,15,1,0,82,0.6230529595015756,0.3331867311715019,0.35,1,true
SOLUSDT,1716241500000,1716250500000,12.85893602701152,0.897868174896662,0.10278442462475146,1,false,1.620190640811504,21,1,129,100,-0.6007643147076602,3.9866217098107177,0.5,0,true
XRPUSDT,1716305400000,1716307200000,5.863107656321375,0.5995639534883666,0.38154069767441695,1,false,0.8984201089898888,15,2,24,100,1.7156415404270784,0.4012316991871326,0.4,0,false
XRPUSDT,1716324300000,1716327000000,3.6759199965194855,0.6107717934480787,0.07403294466036571,1,false,1.0488900932617982,20,2,30,98,0.9697873927638908,1.9680556562874743,0.4,0,false
SOLUSDT,1716364800000,1716374700000,6.759159257726901,0.7288515406162396,0.17871148459383104,9,false,1.3104572921693047,8,3,163,67,0.833126648779063,1.4459898902089685,0.55,0,true
XRPUSDT,1716368400000,1716381900000,2.4129529792600217,0.5440900562851808,0.09380863039398592,5,false,0.9143670710560856,9,3,42,82,-0.14972861688190583,2.8396387852298486,0.4,1,false
ETHUSDT,1716384600000,1716388200000,12.089105208452391,0.7580941209692329,0.09802004930870416,1,false,1.2767168132021347,13,3,125,66,-0.6577052199126067,1.1591345997197766,0.45,0,true
SOLUSDT,1716417000000,1716420600000,6.05188463183597,0.8531205215387645,0.019670104251550618,4,false,1.5210117053692636,22,3,177,89,0.5664269450143131,0.8131457935436943,0.6,0,false
SOLUSDT,1716429600000,1716460200000,4.354682248533401,0.8744594609852243,0.12306789057118706,2,false,1.4637178003938096,2,4,181,79,-0.22129609867334982,0.36687270249295767,0.55,0,false
SOLUSDT,1716464700000,1716466500000,2.7861985422927584,0.6089081430018444,0.12361293128609421,1,false,1.25805280828676,11,4,191,30,0.3091119328654794,0.6935996034022093,0.5,0,true
BTCUSDT,1716479100000,1716488100000,0.746560630899615,0.5952862269673838,0.14246291774054215,2,false,0.8354357111676307,15,4,200,83,0.3527954919921693,1.9351432484906346,0.25,0,false
XRPUSDT,1716485400000,1716488100000,0.10715324438167337,0.5122367672168536,0.13280212483400378,1,false,1.5491624739102916,17,4,74,98,0.26575550493545114,4.9469867217434595,0.4,1,false
XRPUSDT,1716502500000,1716516000000,0.9793882074418234,1.3246304473027486,0.7870992512958327,2,false,1.7827578841846234,22,4,0,100,1.4688828759180617,6.471744093820295,0.4,0,true
ETHUSDT,1716512400000,1716529500000,11.250627501620425,0.745533681390247,0.8749960287623555,1,false,2.2347869654129675,1,5,161,98,0.7796977383217016,11.999770844036513,0.5,1,false
XRPUSDT,1716534900000,1716540300000,-1.0726771121304985,0.5570495582020771,0.1536688436419347,1,false,1.4190304322157832,7,5,0,85,-1.4432206608431335,6.251605688292555,0.45,0,false
XRPUSDT,1716550200000,1716558300000,0.3581501437070059,0.7587253414264042,0.11380880121396907,1,false,1.306754788908253,11,5,0,79,1.3963274674827797,4.9143354366319985,0.45,1,true
ETHUSDT,1716541200000,1716575400000,6.419680610490374,1.133408566802412,0.03925224473774743,1,false,1.874326572984143,9,5,169,88,-0.19993154517746986,9.395203168872142,0.5,0,true
SOLUSDT,1716741900000,1716759900000,-3.6561915042848203,0.9035117627003123,0.46088841264427977,3,false,1.0046591991570921,16,0,60,21,-1.315908994568016,1.0993132336466795,0.55,0,true
SOLUSDT,1716788700000,1716798600000,-2.2803209612551854,0.5172924333895312,0.20727956151006954,1,false,1.0489012275300504,5,1,73,37,-0.9865146167074059,0.7247230732971992,0.6,0,false
SOLUSDT,1716835500000,1716840000000,1.1248145301610621,0.6946932016371933,0.0029361504718367105,12,false,0.9846574325206896,18,1,4,43,0.9347783670645765,0.3661379638383582,0.55,0,false
SOLUSDT,1716842700000,1716861600000,1.364679066114206,0.7862700174922873,0.06890905771281924,1,false,1.0994908382368263,20,1,6,59,0.30410154756514324,0.07155940608635959,0.55,0,false
SOLUSDT,1716862500000,1716867900000,-0.22054198135244346,0.9936686598663343,1.1185367569468962,1,true,1.194506216341782,2,2,0,68,-1.2749653829003271,0.5349396177746478,0.5,0,true
SOLUSDT,1716914700000,1716923700000,-0.9674234436777819,0.5695900857959896,0.5135843660629139,1,false,1.458723022262361,16,2,1,92,-0.8332491367372621,1.0580761439466069,0.5,0,false
SOLUSDT,1717002000000,1717050600000,1.703533735889063,0.9303781765769105,0.49442954526658384,1,false,1.2599810990849991,17,3,0,89,0.8828359846081811,1.5529931595052104,0.5,0,false
SOLUSDT,1717428600000,1717444800000,-2.152064086214255,0.6530740351766642,0.3367978850541368,4,false,0.9107282287582348,15,1,73,69,-1.131259656729474,0.33062795167599396,0.5,1,false
ETHUSDT,1717426800000,1717461000000,-0.005487396575161299,0.7602415966386507,0.6507352941176523,1,true,0.6802529038491486,15,1,0,62,-1.1384901675849148,0.5983309990662824,0.5,0,true
SOLUSDT,1718081100000,1718089200000,-5.925270939760644,0.6903225806451568,0.3103225806451578,1,false,1.2334590709113569,4,2,84,92,-1.1200820197359929,6.301687344913177,0.5,0,true
SOLUSDT,1718114400000,1718116200000,-7.396813775531659,0.5196699639877844,0.8407192023912612,1,false,1.2298085746366298,14,2,93,89,-1.1674925281780517,1.340124872486252,0.55,0,true
ETHUSDT,1718121600000,1718125200000,-7.066051095660509,0.7452041037579711,0.8850011982608095,1,false,1.0537279511509643,16,2,95,99,-2.0234931222291057,2.6960959278800143,0.55,0,true
SOLUSDT,1718149500000,1718154900000,-7.833645869177339,0.5487996680431231,0.07696580710361545,1,false,1.3357646489252908,23,2,103,88,-0.33008603662414715,2.7498490369127286,0.6,0,true
SOLUSDT,1718157600000,1718159400000,-8.990131022903299,0.5950006423302359,0.2129831844704817,3,false,1.3943727543382514,2,3,105,91,-0.9876709107400804,1.7516967224145468,0.6,0,false
ETHUSDT,1718199900000,1718209800000,-1.5707180659778257,0.6208736795774693,0.3743948063380192,1,false,0.9232643532158289,13,3,117,93,-0.6628183399000722,1.024734757227566,0.55,0,true
SOLUSDT,1718208000000,1718215200000,-1.1114700075077346,0.5323332683123296,0.04530495900530617,1,false,1.4412463589924538,16,3,119,99,-1.282051282051289,1.1952243049705888,0.55,1,false
BTCUSDT,1718224200000,1718250300000,-2.1512694974248543,1.05534233296495,0.5074519227260005,3,false,0.9444368603715626,20,3,1,100,-1.0681724416449287,1.845394275625499,0.25,0,true
SOLUSDT,1718251200000,1718280000000,-5.253389542128533,0.8413729736824718,0.41215462361358157,4,false,1.518181022231349,4,4,131,90,-0.5094447249195282,4.491772266234744,0.5,0,true
SOLUSDT,1718289000000,1718291700000,-5.675747160018113,0.6499535747446543,0.31635495423796517,2,false,1.4270504048958588,14,4,141,77,0.11140165968460762,3.4930944124566,0.5,1,true
XRPUSDT,1718252100000,1718293500000,-2.732720905673798,0.5530520278574315,0.2253174928308163,5,false,0.9046806364285592,4,4,131,81,-0.2051282051282053,11.711962351867314,0.45,1,true
SOLUSDT,1718298000000,1718314200000,-7.037693006395002,0.6853195909667262,0.1558157731430422,6,false,1.4678928921047967,17,4,144,77,-1.4998297923466721,1.7873606965153894,0.5,0,true
ETHUSDT,1718306100000,1718343000000,-4.407548519462493,0.5826216541525743,0.17882730555397022,15,false,1.0080944750431893,19,4,146,87,-1.002788685902902,2.2033554768832135,0.6,1,false
SOLUSDT,1718399700000,1718401500000,-9.022792028329722,0.5578457166171943,0.11747822783741689,1,false,1.393936676628091,21,5,172,53,-0.24712740790807639,2.3499433442171473,0.5,0,false
XRPUSDT,1718538300000,1718545500000,1.2094636671468089,0.8077544426494242,0.040387722132478494,5,false,0.7270011036143755,11,0,2,41,1.1011419249592203,7.602988691437796,0.5,0,false
XRPUSDT,1718612100000,1718615700000,1.810189688678213,0.7563368765331228,1.2264922322158522,1,false,0.9026989568588849,8,1,0,98,2.9284388533718273,6.469746524938677,0.5,0,true
ETHUSDT,1718639100000,1718641800000,-2.2949117000563586,0.5336552115876162,0.14285714285714854,1,false,0.8761716118743865,15,1,10,81,-0.7809452744755572,3.8586966045671143,0.6,0,true
SOLUSDT,1718641800000,1718643600000,-6.353616310194139,0.515543136570031,0.11526370939573317,4,false,1.269815762959954,16,1,239,70,-1.237680336327688,1.5709713269615309,0.45,1,false
XRPUSDT,1718640900000,1718646300000,3.71012080778107,0.8910891089109028,0.27722772277226865,8,false,1.3738646708319096,16,1,8,100,0.49603174603173544,8.803257745129397,0.5,0,true
XRPUSDT,1718650800000,1718658000000,5.111264778548541,0.7190050524679218,0.2137582588418385,1,false,1.4992465497557803,19,1,11,99,0.1942879347192541,6.761525713322001,0.55,0,false
BTCUSDT,1718676000000,1718688600000,-3.0565518535862743,0.8768997193552884,0.06947106905700755,1,false,0.8496128273116567,2,2,127,100,-1.7101753990941833,1.2991859377346284,0.3,0,false
XRPUSDT,1718723700000,1718725500000,-1.957911867995649,0.5079236082893024,1.44250304754166,1,false,1.8233919743260187,15,2,1,91,-1.628664495114008,7.039821210889885,0.5,2,true
SOLUSDT,1718723700000,1718730000000,-8.915319863247689,1.0681142940982202,0.3051755125994915,1,false,2.01993824737388,15,2,262,94,-0.337907628744281,3.023755544101747,0.45,1,true
BTCUSDT,1718723700000,1718740800000,-3.468908853840972,0.5929540929833275,0.424022179621701,1,false,0.7899634894306553,15,2,140,92,-0.35838259037826237,1.620459790382816,0.25,0,true
SOLUSDT,1718738100000,1718741700000,-10.527813790395605,1.030235838028211,0.016592378064891115,1,false,2.0640277186641693,19,2,266,90,-0.9137725538406138,5.884217276237232,0.5,1,false
SOLUSDT,1718762400000,1718764200000,-6.175760333509783,0.9898913939464054,0.25090746070081155,1,false,1.887582816112976,2,3,273,82,-0.27264948588169097,1.4733071235407442,0.45,0,false
SOLUSDT,1718814600000,1718818200000,-6.211940037952695,0.6249227929689019,0.13515772033976808,10,false,1.5178372952889325,16,3,287,61,-0.7690030399087494,4.531682189965682,0.4,0,false
SOLUSDT,1718826300000,1718829000000,-6.170501925510639,0.722875778929587,0.5088521344126608,2,false,1.465352264701148,19,3,291,56.00000000000001,-0.8797568882861015,1.6403960968673703,0.4,0,true
SOLUSDT,1718991900000,1718996400000,-8.618984113680296,0.6612903225806593,0.07910906298001553,1,false,1.5245492286626219,17,5,337,42,-1.403249067171296,0.9676553947340037,0.45,0,false
SOLUSDT,1719006300000,1719009000000,-5.078257921572789,0.5482184774375432,0.3944773175542485,1,false,1.6130208301250237,21,5,341,62,-0.5881426245864562,1.4401359421833384,0.45,0,false
SOLUSDT,1719244800000,1719246600000,-7.366048833848414,0.5965568803676422,0.39927035300196906,1,false,1.5823785858636956,16,1,407,86,-1.0794446346854174,3.0003348559252228,0.4,0,true
SOLUSDT,1719288000000,1719292500000,0.022268924277453896,0.6869996809828605,0.4933637017857693,1,false,1.7194136735146235,4,2,0,96,2.6039393893796086,3.481509847014496,0.45,0,true
SOLUSDT,1719331200000,1719334800000,2.62732708291075,0.7912135554030123,0.3135951443332472,2,false,1.515915590319566,16,2,6,79,0.3836233988599709,4.998496797468915,0.5,0,false
SOLUSDT,1719774000000,1719786600000,3.9004675475133,0.5563282336578595,0.3833405988139982,1,false,0.8854088158192265,19,0,11,27,0.7549345075215769,0.38441476965131066,0.5,0,true
SOLUSDT,1719787500000,1719789300000,4.973923994829703,0.5577667295588837,0.9371858258390533,1,false,0.9474896796059377,22,0,15,37,2.097742013804586,0.02742783462560202,0.5,0,true
SOLUSDT,1719927000000,1719928800000,5.575183183106244,0.5225142154602807,0.13029446549200738,4,false,0.9399765060982289,13,2,53,56.99999999999999,0.30771289049433376,1.5861263121320943,0.5,0,false
XRPUSDT,1720014300000,1720018800000,-0.12014822472505404,0.6056808688387664,0.18796992481203256,4,false,0.7064193825980435,13,3,1,100,-1.0574331329048297,3.7802840434419394,0.55,0,true
SOLUSDT,1720038600000,1720042200000,-2.374202055399228,0.7136390641355603,0.1188219650889795,5,false,1.4247268628362186,20,3,5,97,-0.859087202272158,1.2802657947172473,0.45,0,true
SOLUSDT,1720089900000,1720099800000,-6.020158624310697,0.8155574092832024,0.042453673359959754,3,false,1.7458145816437107,10,4,20,95,-0.47612690784496653,3.97902371178903,0.5,0,true
BTCUSDT,1720125900000,1720131300000,-4.726332044467683,0.5137643607249646,0.09716624167146001,3,false,1.0173490772081148,20,4,54,86,-0.05163207089203158,0.8282436730553002,0.3,1,false
SOLUSDT,1720125000000,1720134900000,-5.772374970486599,0.8893706106813615,0.47438048432837676,2,false,1.678851422264441,20,4,29,82,-0.560575573754665,3.5824283815915443,0.55,0,true
XRPUSDT,1720161900000,1720163700000,-14.586489060199966,0.5683222139856606,0.2470966147763778,2,false,2.5012986452058836,6,5,42,98,0.0743863129184286,8.178897949098102,0.55,2,true
SOLUSDT,1720161000000,1720169100000,-9.682298992712276,1.0169759803727565,0.18123540817537825,1,false,2.4970082994844938,6,5,39,99,0.08809593726934675,9.713049526186975,0.55,1,true
ETHUSDT,1720161000000,1720170900000,-13.012649388791528,0.842321805848986,0.06289614144335873,1,false,2.0352927467078117,6,5,63,99,-0.08548018319167841,16.21284198871168,0.65,0,true
SOLUSDT,1720170900000,1720173600000,-12.5284402462751,1.0166861311533115,1.1142752011774688,2,false,2.638887508395305,9,5,42,100,-2.395502708165547,10.889919312087896,0.55,0,false
ETHUSDT,1720189800000,1720192500000,-10.037673325396629,0.648616825465572,0.19082936336075793,1,false,1.9253381464915607,14,5,71,95,-0.6408938818558285,6.204144679856852,0.7,0,false
ETHUSDT,1720199700000,1720226700000,-9.877066976007628,0.7420091324200883,0.051705613752349035,2,false,1.8549295580677132,17,5,74,88,-0.6140509301065602,6.924682273774689,0.7,0,false
BTCUSDT,1720204200000,1720274400000,-6.278198864007132,0.7647514292684453,0.16988583530443072,2,false,1.4723023990573674,18,5,75,91,-0.27836740609297644,0.48747838181327485,0.3,1,false
SOLUSDT,1720269900000,1720274400000,-0.18485567251171114,0.5346080749756958,0.14144989772083824,12,false,1.5514606002943543,12,6,1,42,0.92091244764226,1.1036735062326732,0.5,1,true
SOLUSDT,1720278000000,1720279800000,0.5484973907460654,0.5320259461638729,0.22245739832832803,1,false,1.5442136185778015,15,6,1,41,0.0969256616073799,0.33762976761210134,0.55,0,true
SOLUSDT,1720321200000,1720327500000,2.2681192479335506,0.8164072431424658,0.13559705076415102,3,false,1.3254013582428752,3,0,13,16,1.2087778941891696,1.5706814626781653,0.6,0,false
BTCUSDT,1720353600000,1720359000000,-2.948830856847369,0.5712945753938641,0.07434298518351759,4,false,0.677850278161477,12,0,117,3,-0.27842493022029396,0.16827048340310224,0.3,0,true
XRPUSDT,1720365300000,1720368000000,-6.055066399719277,0.5551700208188659,0.76335877862596,7,false,0.956978207072803,15,0,98,33,-0.9484154522322443,1.075641915336569,0.6,0,true
XRPUSDT,1720404900000,1720415700000,-8.743303922520077,0.646396935599708,0.8858032080440595,6,false,1.2630943266008643,2,1,109,56.00000000000001,-1.5021459227467746,1.017476657888431,0.65,0,false
ETHUSDT,1720453500000,1720455300000,-5.456061525167058,0.535308231271631,1.397675930601359,5,false,1.7671805978837052,15,1,145,84,-2.316142934574248,8.42960300723095,0.65,0,true
BTCUSDT,1720460700000,1720462500000,-3.76469584470783,0.5704443461222451,1.0703073973410842,13,true,1.4637278083001466,17,1,147,85,-2.3559519711096018,1.6212043533325406,0.35,1,true
SOLUSDT,1720457100000,1720469700000,-1.4700476184947737,0.8948529572378131,0.4922055322154463,1,false,2.3015818800529115,16,1,2,86,-1.231334845754877,0.7607466620824949,0.55,0,false
SOLUSDT,1720476000000,1720485900000,1.0648189671016557,0.7678286952653111,0.3056962842831836,2,false,2.0849094754259307,22,1,1,76,1.632953610256855,0.6947650780237996,0.55,0,false
SOLUSDT,1720491300000,1720498500000,-0.9945150609917276,2.0396805319648754,0.36428029344800744,2,false,2.0330563827437347,2,2,1,71,-0.8224647902606284,0.022273913606835886,0.55,0,false
XRPUSDT,1720491300000,1720498500000,-3.6628168082832224,0.9539320614239164,0.1395998138669124,2,false,1.2727475864583127,2,2,133,54,-0.3260363297624621,0.5700325732899041,0.6,1,false
ETHUSDT,1720539900000,1720542600000,-1.721304610003776,0.5216017547753659,0.2882192424697395,3,false,1.2372705531606654,15,2,169,55.00000000000001,-1.6061414141414159,8.90162375933045,0.65,0,false
SOLUSDT,1720755000000,1720758600000,-1.290151479065852,0.5781567430988992,0.33859305483751423,1,false,1.2902933492259159,3,5,11,28.999999999999996,-0.5653591672076927,1.3685788364369758,0.55,0,true
XRPUSDT,1720757700000,1720764000000,1.9793563781276855,0.8484036615315975,0.11163206072784113,10,false,0.8910763099630088,4,5,11,47,-0.11130899376669645,0.04465282429114389,0.55,0,true
ETHUSDT,1720793700000,1720802700000,0.2621758455353203,0.5267917193619253,0.08173799432984237,1,false,0.9295249277063745,14,5,0,33,1.215259740259735,2.2049228186594867,0.6,0,true
XRPUSDT,1720863900000,1720877400000,13.609514689745778,0.6254886630180007,0.6059421422986692,1,false,1.406717073145181,9,6,41,100,0.6610927474236962,6.526428081706938,0.55,0,true
SOLUSDT,1720913400000,1720917000000,2.040613636873198,1.2382075471698077,0.664923846328716,2,false,0.8603004063386339,23,6,13,7.000000000000001,1.3812036508841865,0.0772538240946255,0.55,1,true
XRPUSDT,1720931400000,1720940400000,11.897426294174425,0.8495848619424736,0.09654373431163253,5,false,1.951399491368113,4,0,59,93,0.2506748939452524,5.529214610761944,0.55,1,true
SOLUSDT,1720986300000,1720989900000,3.385137851770005,0.6344473720704424,0.2135626126750747,19,false,0.8742326645222454,19,0,34,13,0.31283740760222456,0.48021705564900474,0.6,1,true
BTCUSDT,1720913400000,1720992600000,2.4184803718560848,1.204994881737633,0.35658357681800246,2,true,0.6144167053532552,23,6,13,14.000000000000002,1.348655946974344,0.03910120020104862,0.35,0,true
XRPUSDT,1721011500000,1721025000000,10.37156623366819,0.6647673314339883,0.13295346628680607,3,false,1.3173334272213875,2,1,82,56.99999999999999,0.8401756730952759,3.497818468162529,0.6,0,true
XRPUSDT,1721025900000,1721034900000,10.35123908155926,0.5098187311178105,0.03776435045318901,1,false,1.2272030668949574,6,1,86,52,1.0026485054862055,2.8919966455581045,0.65,0,false
SOLUSDT,1721069100000,1721071800000,9.09706068078631,0.657792610990373,0.5627134430301178,1,false,1.096624123885326,18,1,57,87,0.8445518948944639,6.986059936853038,0.65,0,true
BTCUSDT,1721149200000,1721152800000,7.214127204565984,0.530690837364392,0.3403309381799989,7,false,1.091913820277925,17,2,79,100,0.9540663835142362,1.0775807495695848,0.4,0,true
XRPUSDT,1721163600000,1721168100000,16.165408674608,0.8085325993462992,0.03440564252537037,1,false,1.8264298109125259,21,2,124,94,-0.25724575544502587,4.231029172147895,0.65,0,false
SOLUSDT,1721180700000,1721186100000,10.23600168397911,0.5204240125248175,0.6194345262037543,2,false,1.3419410468396362,1,3,88,91,1.254403459394982,3.5019883623780896,0.65,0,false
XRPUSDT,1721223000000,1721225700000,21.125226376040164,0.7495518983216635,0.16294606485253393,4,false,1.8415172278839664,13,3,140,100,0.3917727717923535,9.273102956935745,0.65,0,false
XRPUSDT,1721236500000,1721240100000,17.7328175187727,0.7414730598121517,0.5272697314219774,1,false,2.0742837366621023,17,3,144,100,1.342170671085335,7.747948841077991,0.6,0,true
XRPUSDT,1721244600000,1721248200000,18.42123828701152,0.5552833578311218,0.3756328597093059,5,false,1.9142883317044612,19,3,146,95,1.2481524059780016,9.054120103362557,0.65,1,true
XRPUSDT,1721250000000,1721252700000,19.906597811498482,0.6959054863246432,0.35604466742190966,2,false,1.922660322815208,21,3,148,95,0.6980519480519433,9.878358535829257,0.65,1,true
ETHUSDT,1721239200000,1721258100000,4.019560373508593,0.5158697517009585,0.029377548502332578,2,true,0.9576540682652046,18,3,116,69,0.653133117986574,0.005256545114180271,0.6,1,false
SOLUSDT,1721288700000,1721304900000,5.749469776418822,0.6108445479750366,0.339920748458632,8,false,1.1781900053347876,7,4,118,47,0.53836398224478,2.2074276165035744,0.6,0,true
XRPUSDT,1721310300000,1721315700000,7.693351699565643,0.9065550906555061,0.12203626220363213,11,false,2.138264404102928,13,4,165,87,0.29621885345879684,2.90530773588583,0.65,0,false
SOLUSDT,1721357100000,1721358900000,4.795327734598368,0.5172457455429544,0.20829112641815728,3,false,1.1893996675838217,2,5,137,44,1.2729166533538605,2.1179852106969284,0.65,0,true
SOLUSDT,1721361600000,1721369700000,6.759845900796611,0.7063962558502371,0.6527301092043634,1,false,1.2334469626827427,4,5,138,72,1.8071492032286691,2.4736996897094357,0.65,0,true
SOLUSDT,1721371500000,1721376000000,8.279178167624364,0.8009858287122682,1.3555144793592042,2,false,1.2622485836840076,6,5,141,78,2.6937303782910065,3.74290010612858,0.65,1,false
XRPUSDT,1721366100000,1721376900000,3.2772351836370777,0.9611896989481268,0.07254261878853027,8,false,1.8125686273961341,5,5,180,45,0.23559260601668702,0.8735550614245965,0.65,1,false
SOLUSDT,1721381400000,1721393100000,6.396951750864421,0.8774167854187175,0.45737683495229287,3,false,1.3959749093495353,9,5,143,94,0.4734871960137894,2.8887552961514813,0.65,0,true
XRPUSDT,1721402100000,1721405700000,4.7475468331462,0.7710238479469197,0.41240810471581135,4,false,1.6769953222295328,15,5,190,36,2.3861566484517303,0.12896812309918235,0.6,0,true
SOLUSDT,1721508300000,1721513700000,10.446124400996398,0.549151993710758,0.2982762407944733,2,false,1.0539983461010478,20,6,179,16,-0.05061514658261132,1.6787573125584623,0.65,0,true
XRPUSDT,1721528100000,1721538000000,7.520111653115688,0.5225893459204302,0.06743088334458311,2,false,1.1917264724697023,2,0,225,3,0.5238256167624183,6.071703333351454,0.6,0,true
SOLUSDT,1721583000000,1721584800000,10.513941124938446,0.5043531841573847,0.35772561817497717,2,false,1.029888670870904,17,0,199,31,0.45311302274082377,0.9139722355869064,0.65,0,false
SOLUSDT,1721664000000,1721667600000,9.514852290647942,0.5677360055596684,0.6467594772120947,1,false,1.445410692205404,16,1,222,92,0.9965303899662054,11.466170121668851,0.6,1,true
SOLUSDT,1721682900000,1721686500000,10.61573753805871,0.5532249168491222,0.2367780359122703,15,false,1.3595905563200639,21,1,227,74,0.004997889779878802,11.991474890213711,0.6,1,false
XRPUSDT,1721682900000,1721687400000,8.307532305752872,0.5075311067452508,0.11460379829732056,14,false,1.4267848105981198,21,1,268,44,0.5416051206302447,8.73199745109136,0.65,2,false
XRPUSDT,1721697300000,1721707200000,6.5907744596870526,0.8108555353301183,0.1323845771967604,6,false,1.404339766415623,1,2,272,41,-0.16474464579901169,7.750296281857681,0.6,1,true
SOLUSDT,1721704500000,1721709900000,8.212050353983608,0.6357989012407234,0.38551972211155483,2,false,1.33937585546081,3,2,233,63,0.6738862080574534,11.298254476134431,0.6,2,false
ETHUSDT,1721746800000,1721748600000,1.713442440006048,0.5693325661680081,0.20425776754890418,1,false,1.08068430166305,15,2,257,100,1.652431097811,1.980744260589341,0.55,1,false
XRPUSDT,1721752200000,1721754000000,4.365377161927886,0.8948168158028165,0.3039000506499937,9,false,1.3966936712886142,16,2,287,45,-0.08401949252225592,5.864680439329988,0.6,1,false
BTCUSDT,1721587500000,1721754900000,4.1883689586998205,1.4951758854197879,0.1634505902798673,1,false,0.7733098262589242,18,0,201,84,-0.5984120549588758,0.49737671334071115,0.4,0,false
ETHUSDT,1721758500000,1721762100000,-0.04132877980701685,0.532823121856464,0.37570117841457684,6,false,1.1998523610778946,18,2,1,100,-0.9067582595801846,1.2852107825548198,0.55,0,false
SOLUSDT,1721759400000,1721777400000,3.882147261260385,1.0567023717996906,0.07457035337097923,2,false,1.634224098538733,18,2,248,97,1.0854066637567346,8.55306730400872,0.55,1,false
XRPUSDT,1721785500000,1721792700000,3.6092271619121847,0.5537841919785148,0.2685014264138355,1,false,1.374509689680053,1,3,297,41,1.3358133243151873,6.419635939588825,0.55,0,true
SOLUSDT,1721822400000,1721826000000,5.570419879928393,0.534131330811375,0.14623680198745756,4,false,1.1885930815356287,12,3,266,35,0.2338969836328536,4.092522734857949,0.5,0,false
SOLUSDT,1721828700000,1721831400000,5.245337806662986,0.5501830177595113,0.1530796692123382,2,false,1.2089586340767624,13,3,268,35,0.09026798307475126,4.050266062467188,0.5,0,true
SOLUSDT,1721841300000,1721843100000,6.864124144874513,0.5763850027979861,0.9541130386122063,1,false,1.4386611316470614,17,3,271,82,1.342142371586363,11.392496876995974,0.55,0,true
XRPUSDT,1721850300000,1721857500000,6.767830347030282,0.6778566817301634,0.25823111684956984,1,false,1.3215290811619211,19,3,315,51,0.7607640012949235,9.981402859580628,0.55,0,false
ETHUSDT,1721924100000,1721934000000,-7.383097079883338,0.6785005106993051,0.11229040710030527,3,false,1.2125465606358643,16,4,24,82,-1.0165440654825977,5.623839626914199,0.55,1,true
XRPUSDT,1721921400000,1721934000000,5.322816321444112,1.376597836774822,0.22943297279581581,3,false,1.7766643202964154,15,4,334,100,1.4684045537040125,8.547588387682067,0.55,0,false
BTCUSDT,1721934900000,1721941200000,-1.1350127300634647,0.5604350160785552,0.07252325373263299,2,false,0.8301436796378556,19,4,17,81,-0.5056213468165738,1.163608164231651,0.4,1,false
SOLUSDT,1721934000000,1721941200000,-1.1951372715799915,1.03901950679155,0.5497206968657612,1,false,1.8111875784978224,19,4,0,93,-1.5869193678164286,5.965999342538449,0.6,0,false
SOLUSDT,1722075300000,1722086100000,7.7560645779221895,0.5509582235115201,0.3858872429898922,10,false,0.9743258121559297,10,6,37,1,0.7623874422659451,4.093587006089149,0.6,0,true
SOLUSDT,1722127500000,1722142800000,5.932029017383857,0.8499091907646401,0.20500048939109394,1,false,1.3185103751321463,0,0,52,51,-0.1460951999610468,13.621104821983025,0.6,0,false
XRPUSDT,1722146400000,1722158100000,1.5535611804056983,0.8325008325008333,0.19980019980019628,1,false,0.9567662315735793,6,0,38,20,0.5667611268544689,7.081153272472844,0.55,0,true
SOLUSDT,1722237300000,1722239100000,8.487490809119015,0.7370721971720856,0.8294702161585645,18,false,1.0719875398418526,7,1,82,36,1.9924569367908447,10.033389388985906,0.55,0,true
SOLUSDT,1722317400000,1722323700000,2.7665782723517043,0.5237569060773521,0.335911602209947,9,false,1.2494507595064164,5,2,104,78,1.350613154960982,12.072011330832154,0.55,1,true
ETHUSDT,1722345300000,1722348900000,1.0242019367397437,0.5513896996093597,0.24516186969601889,2,false,0.7614451478651738,13,2,6,56.00000000000001,0.6779966100169472,1.172224668003088,0.55,1,false
XRPUSDT,1722366900000,1722368700000,5.479834833106312,0.5167958656330718,0.7913436692506486,12,false,1.5500106324835192,19,2,11,100,1.1663696743884815,9.75251207630983,0.55,1,true
BTCUSDT,1722272400000,1722370500000,-0.0895810477000668,1.218684410306788,0.0940770181157759,1,false,0.8579202383561225,17,1,0,92,-1.7516513092943486,1.0166308652697753,0.4,0,true
SOLUSDT,1722373200000,1722406500000,0.11424303427065836,0.9837535014005604,0.2610644257703127,1,false,1.3370182889602031,21,2,0,96,0.8270549870684669,8.61551389786683,0.55,0,true
SOLUSDT,1722416400000,1722422700000,2.3677900073281855,0.5247413074395534,0.002724513538105293,1,false,1.151701834383162,9,3,3,45,0.37203762988539035,7.0216497042566575,0.6,1,false
SOLUSDT,1722448800000,1722450600000,1.1555279268864798,0.5985940770110072,0.13253005395076545,1,false,1.2088125892922597,18,3,12,60,1.0917066940611266,11.963666770354378,0.55,1,false
XRPUSDT,1722401100000,1722456900000,6.720651324081571,1.844614663123344,0.0312646553071718,14,false,1.649407888191029,4,3,21,100,1.4414699825756372,12.620389779712546,0.55,1,false
XRPUSDT,1722464100000,1722469500000,3.744072235498188,0.6829733163913725,0.1111817026683486,1,false,1.6523848037382332,22,3,38,98,0.3173595683909873,11.191718038208018,0.5,0,false
SOLUSDT,1722465000000,1722473100000,-3.2441033803267683,0.5450394474467601,0.07224807097650493,1,false,1.5315130660585912,22,3,2,99,-0.04690187086350911,7.82841936730323,0.5,1,true
XRPUSDT,1722488400000,1722506400000,-1.592120935855073,0.6067563135454307,0.8855362413906134,1,false,1.8152081021850022,5,4,0,100,-1.2430487405953632,8.297316031290903,0.45,0,true
SOLUSDT,1722519900000,1722522600000,-4.736001750356782,0.6873740548606839,0.17037476573469246,1,false,1.2647036871910884,13,4,18,45,-0.4383802816901491,0.2266676205749891,0.5,0,true
XRPUSDT,1722561300000,1722565800000,-3.1719761788027068,0.5592272496187224,0.03389256058294831,1,false,1.6317957164965053,1,5,11,56.99999999999999,-1.1592741935483715,5.2278314360736475,0.5,0,true
SOLUSDT,1722581100000,1722588300000,-7.957067095051666,0.8560455896927683,0.024777006937557015,1,false,1.6936462498334053,6,5,35,97,-2.0967345936656008,1.169537619280825,0.55,0,false
XRPUSDT,1722634200000,1722637800000,-5.013248056023142,0.5619950825430243,0.24587284861258657,1,false,1.72561854702939,21,5,31,62,-1.3689013689013545,1.7689295696505687,0.55,0,true
BTCUSDT,1722636000000,1722639600000,-5.672811103804866,0.6587615283267457,0.07905138339920481,3,false,1.2560001700283803,22,5,94,100,-1.0211116105060636,3.910919671789241,0.4,1,true
XRPUSDT,1722639600000,1722646800000,-6.575989448507777,0.8183597224693003,0.0177904287493309,1,false,1.7708057477687138,23,5,33,62,-0.5311614730878192,0.49115173258985484,0.6,0,true
SOLUSDT,1722648600000,1722650400000,-12.62352047886123,0.5885234658218821,0.4330644371142172,3,false,2.2363364928656013,1,6,53,99,-0.468204647995235,0.0032111796068984766,0.5,0,true
SOLUSDT,1722681900000,1722688200000,-11.217897988147897,0.5526493695727882,0.2979843394133566,11,false,1.8729561242609938,10,6,63,80,-0.6723063515258014,0.48152077833303764,0.5,0,false
XRPUSDT,1722690000000,1722699000000,-4.590824422111261,0.5263157894736847,0.14035087719296702,1,false,1.4652319949805273,13,6,47,3,-0.15789473684208788,1.8675461420243697,0.6,0,true
SOLUSDT,1722807900000,1722813300000,-13.665999349324634,0.7683190111332167,0.2744500416261059,1,false,2.1965416129772395,21,0,98,82,-0.5635797224582417,7.916202194659595,0.5,0,true
XRPUSDT,1722814200000,1722816900000,-9.172590720974412,0.5881236956934153,0.15177385695314416,1,false,1.6394461018145554,23,0,81,27,-1.2786761940579217,4.031280175580895,0.6,0,true
BTCUSDT,1722847500000,1722853800000,-16.006224053611888,1.3509660348091825,1.538584365519289,10,false,2.5062686837323387,8,1,153,99,-3.429275407362193,2.4102397408699963,0.4,0,true
XRPUSDT,1722847500000,1722854700000,-18.553642463225465,1.7348468622831434,0.8352966373955791,10,false,3.2341900207832874,8,1,91,99,-3.032855939342886,16.93938918900778,0.6,1,true
BTCUSDT,1722854700000,1722861900000,-17.899282252008927,1.655253125687996,0.34356496448477125,1,false,2.6484534017937427,10,1,155,100,-2.2991601389772383,0.5669111597780061,0.45,0,true
BTCUSDT,1722878100000,1722885300000,-12.850980847071106,1.5974382433668801,0.0642268984446451,2,false,2.9209873886333737,17,1,161,98,0.5934816484864506,18.293398015021264,0.5,0,true
ETHUSDT,1722878100000,1722885300000,-17.912365417958274,1.8892463272532842,0.19082886985552255,1,false,3.816369425206507,17,1,117,97,-0.9922613304698477,9.757940606501128,0.55,1,true
SOLUSDT,1722891600000,1722893400000,-14.980042741594504,1.5761216444527797,0.10137037732308564,11,false,4.4670637934767425,21,1,121,93,0.00904118258668268,7.004711698274893,0.5,0,false
BTCUSDT,1722902400000,1722904200000,-12.115361148066171,0.841477901795146,0.31415419811727546,1,false,2.5795991973725387,0,2,168,89,-0.7087645365320105,1.73110714108664,0.55,0,false
SOLUSDT,1722902400000,1722904200000,-15.9402833778862,1.939020419906575,0.6253927633123052,2,false,4.3463745025451725,0,2,124,87,-1.3968689051710428,7.887298842574982,0.5,1,false
XRPUSDT,1722902400000,1722904200000,-12.46599481707335,0.933631012786684,0.1420742845545025,1,false,2.9739309189214334,0,2,106,83,-1.00847115772489,10.784954249315021,0.65,2,false
SOLUSDT,1722944700000,1722946500000,-8.75941539961769,0.9151614824056461,0.2587404655910689,14,false,3.1466645090621137,11,2,136,67,0.055606647133051704,3.1846102267035272,0.5,0,true
XRPUSDT,1722959100000,1722963600000,-7.2695619861979175,0.979431929480902,0.509304603330056,1,false,2.233548950414009,15,2,122,67,-1.788491446345254,7.376120524495258,0.65,0,false
ETHUSDT,1722968100000,1722971700000,-13.676014984587312,0.5849230427116928,0.4618231491335399,2,false,2.3279243242773844,18,2,142,64,-1.1702102425023486,11.348259669625605,0.55,0,true
ETHUSDT,1722985200000,1722990600000,-13.354745037754956,0.9422060076179994,0.47009851979236394,2,false,2.063291193375173,23,2,147,55.00000000000001,-1.0691639290869561,4.861390659669448,0.55,0,true
XRPUSDT,1722985200000,1722993300000,-7.454958386598072,0.8639308855291716,0.17671313567642097,2,false,1.884739652771852,23,2,129,44,-0.5513981882631005,7.629117470557288,0.6,1,true
SOLUSDT,1722994200000,1722997800000,-4.6435229801037785,1.6084805846051293,0.329997074252753,12,false,2.6016770022141413,1,3,149,53,-1.0056268838494202,7.761361869569002,0.55,0,false
XRPUSDT,1723041900000,1723043700000,-8.1807994433647,0.5731225296442715,1.0671936758893201,1,false,1.609670007885263,14,3,145,22,-1.9992159937279472,8.075036127406149,0.6,1,true
BTCUSDT,1723041900000,1723051800000,-6.2394134791932325,0.7757751560924678,0.41990201107239766,1,false,1.3151599512610217,14,3,207,43,-1.5572204053677685,0.7576749149524405,0.55,0,true
ETHUSDT,1723069800000,1723077000000,-14.892975033773382,0.5466800224104901,0.33912836793941453,1,false,1.8937854598398127,22,3,170,39,-0.10236986231253907,0.0003191934433681731,0.6,1,true
SOLUSDT,1723069800000,1723077000000,-3.335149912252147,0.8754830546150959,0.9657672446222811,1,false,2.275664375651822,22,3,7,36,-0.48350104345310535,4.37082206220002,0.55,2,true
BTCUSDT,1723069800000,1723079700000,-6.896481441058576,0.5179593019045523,0.2587080889275137,1,true,1.293936948898762,22,3,214,36,-0.1496190524610776,0.0006034711661520723,0.6,0,false
SOLUSDT,1723103100000,1723110300000,1.5478137015237359,0.7543617668015429,0.36868287389607124,5,false,2.2364546130668574,7,4,6,36,0.3677789153130313,4.222924199254551,0.55,0,true
BTCUSDT,1723125600000,1723128300000,-3.1382632206563175,1.0461848086331933,0.28956591137791293,1,false,1.3361796852440888,14,4,230,40,-0.9676371826937643,0.39807797988569316,0.6,0,false
ETHUSDT,1723126500000,1723128300000,-10.550689149165642,1.0123056625593363,0.19545724779907736,2,false,1.7444655130702025,14,4,186,25,-1.4255543822597634,4.041247718680285,0.6,1,false
XRPUSDT,1723149900000,1723152600000,9.954330130962202,0.9139872694630405,0.03264240248081899,16,false,2.578731782362624,20,4,24,70,0.7506527415143501,8.277135640135967,0.65,1,false
SOLUSDT,1723136400000,1723153500000,4.742522099363734,1.151783302679132,1.625101287476376,10,false,2.2372040247594116,17,4,15,38,1.9232996589666072,2.5287994705608274,0.55,0,true
BTCUSDT,1723194900000,1723198500000,2.8768717404994004,0.5091649694501018,0.04812430195125634,3,false,1.1725610392477799,9,5,17,13,0.09810414157233557,4.954595318890815,0.6,1,false
ETHUSDT,1723194000000,1723199400000,-1.2964136617950774,0.6491907501510911,0.2018460895584872,5,false,1.5306389342283904,9,5,205,8,-0.5285313899259041,0.868945550058558,0.55,0,true
BTCUSDT,1723230000000,1723234500000,1.4095517972034428,0.549774003971154,0.07433423465671068,1,false,1.214851403183061,19,5,27,28.000000000000004,0.045369411709966334,3.7688551429536914,0.55,1,true
SOLUSDT,1723284000000,1723295700000,1.0571086295677172,0.5899342071180654,0.14052219862196583,1,false,1.4864982674090392,10,6,16,1,0.5935527443696829,0.7872199694714102,0.6,1,false
ETHUSDT,1723222800000,1723347000000,-3.9034304361212233,1.949202825042589,0.5504622274963198,10,false,1.756531012733142,17,5,213,47,0.1760515800243208,7.719063194764174,0.55,0,false
ETHUSDT,1723350600000,1723360500000,-0.9860996575387936,0.5611282902179521,0.14329889131911086,2,false,0.8395002565366603,4,0,248,6,0.37334668882464644,0.3433516856474854,0.5,0,false
SOLUSDT,1723410900000,1723415400000,-6.000379779103232,0.8691316301585181,0.16967111505086988,1,false,1.281962854562986,21,0,8,27,-0.983064849235851,1.464281375913927,0.55,0,true
SOLUSDT,1723419000000,1723423500000,-6.986486312359908,0.8965138699280826,0.14918441163637644,1,false,1.3403078719936763,23,0,10,30,-0.009176254676344186,7.80554536514519,0.6,0,false
ETHUSDT,1723423500000,1723448700000,-4.733943253233027,0.9308854783433759,0.06391505179864441,1,false,1.3572549908414115,0,1,13,44,-0.41701352655872276,2.013394152528977,0.5,0,false
SOLUSDT,1723457700000,1723459500000,-5.005320499895676,0.531446824137522,0.016629366074708055,1,false,1.4304656472286748,10,1,21,45,-0.8208780782928051,6.117445063864366,0.55,0,false
SOLUSDT,1723465800000,1723467600000,-1.090276503216758,0.5101292327389704,0.09602432616261256,1,false,1.5336863907076517,12,1,23,51,-0.46712468430767146,2.1271256981908673,0.5,0,true
ETHUSDT,1723490100000,1723493700000,-0.8434031985165078,0.591408380671127,0.050853586872990686,1,false,1.7568667003976426,19,1,1,91,-1.5141875556686617,6.001436985565943,0.45,1,false
ETHUSDT,1723496400000,1723499100000,0.9599787744309186,0.5250172999969926,0.30500646869453196,3,false,1.694124981411228,21,1,1,87,0.43270659858749516,5.830811571758197,0.4,1,true
BTCUSDT,1723498200000,1723504500000,-1.4823496333198447,0.5686341600577347,0.3240384713108155,2,false,1.4670541049879442,21,1,4,91,-0.6019555952127535,1.9019930897388997,0.6,2,false
SOLUSDT,1723489200000,1723505400000,-5.591394710630046,1.1166004491276655,0.35446536534807754,1,false,2.126714821011124,19,1,30,85,-0.6279467313683872,5.3531767541691035,0.5,0,false
ETHUSDT,1723507200000,1723514400000,2.4672416822152874,0.6015427978044895,0.5262572318647105,3,false,1.6190466370058685,0,2,4,80,0.4189525076030044,4.361331678104944,0.45,0,true
XRPUSDT,1723550400000,1723553100000,0.8596675697721595,0.7378777231201848,0.5797610681658415,5,false,1.237936790845702,12,2,1,38,0.7213230119634046,1.6740202401176925,0.6,0,true
BTCUSDT,1723575600000,1723585500000,1.8696190030839364,0.7220540792230636,0.7135730202547619,9,false,1.0842439870901717,19,2,2,67,1.9463848286629541,3.692860020029333,0.55,1,true
ETHUSDT,1723574700000,1723585500000,1.4430268723912263,0.6738805970149233,0.5205223880596948,8,false,1.3112645356724315,18,2,2,60,1.7289446383099094,6.336376627500766,0.5,0,true
ETHUSDT,1723586400000,1723592700000,2.610001467576038,0.6452397447046772,0.23510163170850748,1,false,1.275396744063938,22,2,5,59,0.9951244832508274,7.50021717852322,0.5,0,false
SOLUSDT,1723603500000,1723627800000,-3.333877022536163,0.8750939570935057,0.008964713508447677,5,false,1.426004341341885,2,3,62,46,-1.5449898868419585,5.505552059643979,0.5,0,false
ETHUSDT,1723633200000,1723638600000,2.8034664795496838,0.5428162800990417,0.10022349106951035,2,false,1.0476811817800218,11,3,18,35,0.7151997411307811,0.32100779475400604,0.5,0,true
BTCUSDT,1723662000000,1723673700000,-1.4444231298479402,0.5163121143090933,0.1757118528552778,1,false,1.0785104896923285,19,3,5,72,-0.40673643479025595,2.0591001395961173,0.6,1,true
ETHUSDT,1723651200000,1723687200000,0.1804322794922845,0.5679204157207762,0.7078264411074818,1,false,1.3761566897254671,16,3,0,80,0.7417071708415218,1.0144129603511465,0.5,0,false
SOLUSDT,1723712400000,1723716000000,-3.7278277792385643,0.5847993832519658,0.5709086615595133,12,false,1.2325700302841085,9,4,19,16,-0.8328475056217324,1.7967123569114647,0.5,0,true
XRPUSDT,1723755600000,1723775400000,-2.456646228197199,0.5891805034815156,0.3392251383681508,7,true,0.9995579953463318,21,4,3,30,-0.41152263374485043,0.10164632019196942,0.65,0,false
ETHUSDT,1723813200000,1723815000000,-2.8671331797565003,0.7253044654939191,0.18209936207229988,1,false,1.055513290676261,13,5,20,17,-1.6678347254296035,2.759918809201603,0.5,0,false
SOLUSDT,1723815000000,1723816800000,-5.460102523307113,0.6175865111263638,0.1799543462125597,6,false,1.4571408508121089,13,5,47,36,-0.6977004576690966,6.994748900654487,0.5,0,true
ETHUSDT,1723824000000,1723825800000,-3.0410182945996627,0.640527950310559,0.03881987577639751,2,false,1.1736182936385078,16,5,23,37,-1.2157118038836674,2.3465000614968066,0.5,1,false
SOLUSDT,1723823100000,1723825800000,-6.172963944902816,0.8571407870044943,0.17461617047174294,1,false,1.6481053482770471,15,5,50,62,-1.7288731131906359,9.624901280277061,0.5,0,false
SOLUSDT,1723829400000,1723831200000,-5.812348081685774,0.7609043559228481,0.0029097680914763275,1,false,1.6489637206138097,17,5,51,63,-1.6787069651991158,9.263974161259338,0.5,0,false
SOLUSDT,1724025600000,1724030100000,-1.6452721752397304,0.6803431659285085,0.27854377315395507,1,false,1.0789241531203044,0,1,1,38,-1.046359540764424,2.436300520876898,0.45,0,true
XRPUSDT,1724056200000,1724058900000,0.9212955355144591,0.6247830614370092,0.15619576535923305,1,false,0.7223357642484776,8,1,1,51,1.2052401746724921,2.847561184969744,0.6,1,true
BTCUSDT,1724026500000,1724061600000,-1.5908266754581286,0.5334127862433011,0.18455775942794153,1,false,0.6349992544839118,0,1,1,39,-1.3415788050824546,1.2424579761772236,0.65,1,true
SOLUSDT,1724062500000,1724064300000,-2.4993402022350164,0.5092949842160638,0.8368993335671778,1,false,1.041579672125117,10,1,11,25,-1.278026905829605,1.7078378644805596,0.5,0,true
XRPUSDT,1724082300000,1724085000000,1.754345437388944,0.5352209944751558,0.06906077348065537,3,false,0.996536148416284,15,1,9,97,0.7463981947578688,3.372238714346986,0.65,0,true
XRPUSDT,1724090400000,1724092200000,5.025964578540562,0.66112900491609,1.0849296490930789,2,false,1.1582272337385464,18,1,11,100,1.636270666439416,5.0740960567118,0.7,0,true
XRPUSDT,1724095800000,1724098500000,5.997893063568648,0.7940446650124113,0.11579818031429659,1,false,1.199785975109511,19,1,12,100,0.7791777188328975,7.366764704473608,0.7,0,false
XRPUSDT,1724114700000,1724120100000,5.376319958058598,0.6661115736885934,0.09991673605327792,1,false,1.1748129320264493,0,2,18,95,1.0884125920964605,6.7429896573789545,0.65,0,true
SOLUSDT,1724166900000,1724178600000,-1.4690448576171737,0.7493971173798559,0.10445291907352428,1,false,1.1134217817513177,15,2,0,65,-1.5406201186049302,1.8530857610046259,0.5,0,false
ETHUSDT,1724175900000,1724247900000,-1.6552607456353574,0.7839610296870697,0.2173166222126194,11,false,0.8983861403654582,17,2,3,80,-1.3518104945694653,2.51301710195433,0.5,1,true
SOLUSDT,1724434200000,1724436000000,0.7879895406377503,0.5346451430658112,0.024114149493945,1,false,0.8783319938953498,17,5,1,43,0.903530912822787,0.2368104740611937,0.5,0,true
XRPUSDT,1724438700000,1724448600000,2.884229900985434,0.5473544534748664,0.2985569746226611,3,false,0.7519919098543868,18,5,108,30,0.9325562031640197,7.092326927914907,0.7,0,true
SOLUSDT,1724469300000,1724477400000,6.03946711833839,0.5551845595841254,0.2317633656754615,5,false,1.0502338069081536,3,6,11,89,0.4608264722848622,0.30590498190004867,0.55,0,true
SOLUSDT,1724672700000,1724681700000,6.392142828199041,1.115204495785202,0.12363409303778176,7,false,1.017942862810165,11,1,68,83,0.8760251692392775,4.883061272392861,0.55,2,false
ETHUSDT,1724669100000,1724682600000,1.6912053269744831,1.0471836137527473,0.07863935625457538,3,false,0.6325151442872415,10,1,82,21,0.2679826616682347,0.2709269516145883,0.5,1,false
BTCUSDT,1724669100000,1724686200000,2.9885574694823354,1.0360117235795874,0.07593967502838979,3,false,0.5337440297128759,10,1,118,28.999999999999996,0.2618286224076365,0.13094601664741676,0.65,0,false
XRPUSDT,1724775300000,1724777100000,-0.11485061164324686,0.5709487825356774,0.03358522250209538,1,false,0.907300706186898,16,2,29,81,-0.10095911155982581,5.845258743087123,0.75,0,false
XRPUSDT,1724832900000,1724834700000,-3.8231949280864277,0.6483266164359622,0.15770106886280216,1,false,1.1118816825542073,8,3,12,90,-0.3851540616246657,1.7461899549453592,0.7,1,false
SOLUSDT,1724836500000,1724839200000,-4.433687420519172,0.7542180724624769,0.07809342439666274,6,false,1.4122414894458981,9,3,11,94,-0.888644120806658,4.361798553154851,0.55,1,false
ETHUSDT,1724863500000,1724871600000,-4.968765715442947,0.8103585657370577,0.10677290836652734,8,false,1.4815671626472027,16,3,34,99,0.593720419712798,2.317672250479315,0.5,1,false
SOLUSDT,1724885100000,1724891400000,-4.837029731934287,0.6858462480175773,0.23441195292285794,3,false,1.5527344726296788,22,3,25,98,-0.5664460728029289,5.942758671365326,0.5,1,false
BTCUSDT,1724797800000,1724946300000,-2.7954042810131163,2.477774215908581,0.7409993336880284,1,false,0.8576509716643579,22,2,7,89,-5.018624597498592,6.789332966330261,0.6,0,false
ETHUSDT,1725041700000,1725043500000,-5.118505737526308,0.5895319012504022,0.16832318050656533,14,false,1.0853294090257501,18,5,83,62,-1.5370898716119816,1.644706004542781,0.45,1,false
BTCUSDT,1725041700000,1725044400000,-3.5388407334533163,0.5183867141162539,0.08625656668361542,14,false,0.9612755479985151,18,5,75,72,-1.3337268719216415,8.312900921213123,0.55,0,false
SOLUSDT,1725042600000,1725045300000,-8.793479663289235,0.5817838466008045,0.26728646135967093,15,false,1.480064910552405,18,5,68,65,-2.1347397950420826,10.5143106020333,0.45,1,true
SOLUSDT,1725137100000,1725155100000,-6.609882179969348,0.528040652502127,0.23640313731266188,7,false,0.891718589889195,20,6,95,1,-0.49622136618930146,3.268895417650745,0.45,0,true
SOLUSDT,1725157800000,1725160500000,-7.457743094407395,0.5254715001049394,0.018740067764089298,1,false,0.8929271959373544,2,0,100,4,-1.1530888963185797,5.099093474523745,0.5,0,false
SOLUSDT,1725214500000,1725216300000,-7.013803256828669,0.7209686707701042,0.1645364186404796,7,false,1.2102468812550595,18,0,116,51,-0.5314450815132021,9.733376212521323,0.45,0,false
BTCUSDT,1725230700000,1725232500000,-4.357904191840269,0.640641158221298,0.8709065839365785,1,false,0.7985972989460476,22,0,128,54,-1.277991482346471,3.865012064805245,0.5,0,true
SOLUSDT,1725255000000,1725264000000,-9.803776186849394,0.7408555486670935,0.06587104773711992,3,false,1.6452488357484454,5,1,127,98,-1.2410189418680453,17.65057589575986,0.45,0,true
SOLUSDT,1725498900000,1725500700000,-2.655691276803539,0.5237720579970655,0.0786782061369137,1,false,1.2257777847881515,1,4,195,43,-0.6645139106905338,4.265407815368491,0.5,0,false
SOLUSDT,1725549300000,1725551100000,-3.0994713601297037,0.7524895237237039,0.6894065696390589,1,false,1.348064404974501,15,4,209,64,-1.4769525147807363,4.051878219859111,0.45,0,true
XRPUSDT,1725633000000,1725634800000,-3.874342712152175,0.6886283268192883,1.0236367020286523,1,false,0.8351842952168658,14,5,72,69,-2.59525124240751,1.7554756267701488,0.65,0,true
XRPUSDT,1725642000000,1725655500000,-6.9255267778048735,0.8440437368118089,0.3261078074045722,1,false,1.1034723722475794,17,5,75,100,-1.349809885931558,4.878605513645891,0.65,0,true
ETHUSDT,1725659100000,1725668100000,-9.546993015019108,0.6455894502557404,0.05778702771520927,5,false,1.7451449610910226,21,5,94,100,-0.060633758523780244,1.622390087073734,0.4,0,false
SOLUSDT,1725843600000,1725849000000,-1.1991622887599689,0.5598175409496049,0.07064912725291078,1,false,0.9996829119846353,1,1,291,24,-0.29675643677011804,6.3794434077453115,0.5,0,true
SOLUSDT,1725894000000,1725895800000,-3.1871210939791776,0.73537388609065,0.8578070515304249,2,false,1.0939999585884517,15,1,305,43,-0.7893981808171595,3.098798915149174,0.55,0,true
ETHUSDT,1725897600000,1725899400000,-3.326250530197498,0.7236423040424227,0.13129557971549158,7,false,0.9168816121933198,16,1,160,45,-0.19919111088018063,0.08418896599467304,0.35,0,false
SOLUSDT,1725904800000,1725910200000,1.1922166734713808,1.0807141713126456,0.9785153717672121,4,false,1.2356983309730487,18,1,1,69,1.7767237674218685,4.626402373452709,0.55,0,true
ETHUSDT,1725984900000,1725988500000,-1.7498106146775911,0.5150563142484549,0.34963988801266443,1,false,0.8466304871287494,16,2,184,38,-0.60867370726345,1.2237149915055974,0.3,1,false
SOLUSDT,1725979500000,1725993000000,2.483529210955821,0.8267959060985508,0.1432420196382672,1,false,1.0545853102450191,14,2,22,55.00000000000001,1.5379786566227187,3.2981790952503407,0.55,0,true
ETHUSDT,1726065900000,1726069500000,-2.197602428211573,1.0236039696600687,0.41498628985797686,3,false,1.0848265301315057,14,3,13,100,-2.2693465102759696,2.435448000957351,0.3,0,false
SOLUSDT,1726066800000,1726069500000,-1.8319916204641646,1.1340521526343774,0.566643725625154,4,false,1.2048801611368076,15,3,6,88,-2.4104190362843516,4.3733272157222665,0.6,1,false
XRPUSDT,1726067700000,1726069500000,-2.5287743881472466,0.6986404833836928,0.1510574018126722,5,false,0.7274704803250952,15,3,15,96,-1.5902712815715532,3.2573711599954938,0.65,2,false
BTCUSDT,1726068600000,1726072200000,-0.904109234157959,0.5408785092817615,0.6345767726936541,7,false,0.9274215413784441,15,3,1,97,-0.5764212159684043,2.5302523277795332,0.55,3,false
SOLUSDT,1726152300000,1726156800000,1.3414805456376637,0.8433065322909373,0.19415317351513614,2,false,0.9358249268166252,14,4,21,22,0.44017874374620897,3.0514638351478993,0.6,1,false
ETHUSDT,1726159500000,1726182000000,-0.8213861468869075,0.8937213516682672,0.3504956827630231,7,false,0.8586583917077171,16,4,11,41,-1.0374088173369485,1.3493401556337032,0.25,1,false
BTCUSDT,1726075800000,1726241400000,1.4467423435091078,1.0820479125600992,0.05249453326797084,1,false,1.0295570019199929,17,3,1,100,1.3460882169784514,3.803987962180759,0.55,0,true
SOLUSDT,1726521300000,1726530300000,-2.754099123602992,0.5603033128984453,0.08255492195502598,3,false,1.0282348532262364,21,1,28,99,-0.5143249009448425,4.411337542615157,0.55,0,false
XRPUSDT,1726524000000,1726549200000,3.572649528685267,0.5846947549441219,0.34393809114359447,1,false,1.0712019573947211,22,1,18,86,0.6716032374720191,3.587575434578295,0.6,1,true
SOLUSDT,1726581600000,1726583400000,-1.774980358091242,0.5284706952763687,0.1319281219197651,1,false,0.9159555589442833,14,2,45,76,-0.5380813470171166,5.230380991580716,0.5,0,false
SOLUSDT,1726587000000,1726591500000,0.017511676831667475,0.7444168734491491,0.32712613357774123,1,false,1.0458954861030476,15,2,0,100,0.4723704339390395,3.4198090073665073,0.5,0,false
SOLUSDT,1726657200000,1726668000000,-2.8036850885149613,0.5942059143141315,0.16647013941872618,4,false,0.9037198637429247,11,3,18,65,-1.0635363349373257,5.364123458502775,0.45,0,true
BTCUSDT,1726678800000,1726683300000,1.9196777321171046,0.7313630007872554,0.10692637858653124,2,false,0.778137443517548,17,3,35,86,0.5318019593767984,6.4295828903068415,0.55,0,true
SOLUSDT,1726705800000,1726707600000,1.1994659385483502,0.5160137002763967,0.874293955053491,2,false,1.2613165539321092,0,4,0,100,1.775591863954665,6.072737651724547,0.45,0,true
ETHUSDT,1726766100000,1726770600000,4.837544422837662,0.6998346365065379,0.42259559438988664,3,false,0.9643295744597798,17,4,17,89,1.0511145509564694,0.1345552058276525,0.25,0,true
SOLUSDT,1726843500000,1726855200000,8.465995072144755,1.1236183492704526,0.029140886018478283,1,false,1.3886619689017654,14,5,39,100,0.6070452598806308,1.127141944416799,0.5,1,false
BTCUSDT,1726843500000,1726856100000,4.674671238539289,0.6355763883371733,0.1523794391038396,1,false,0.7578423515036766,14,5,81,57.99999999999999,0.754941398371495,0.7172664800075973,0.55,0,false
ETHUSDT,1726844400000,1726878600000,6.629449872009986,0.6850505002645404,0.3585163425015568,2,false,0.9873988468316663,15,5,39,96,0.932802566692402,3.408296445147063,0.3,2,true
SOLUSDT,1727050500000,1727052300000,2.8343777392127336,0.9341787100039417,0.06326266659169108,7,false,1.1486869032158211,0,1,96,67,-0.8793733681462178,2.016399381900389,0.5,1,true
ETHUSDT,1727049600000,1727053200000,4.622694213884319,0.6526687598116212,0.9164050235478772,5,false,0.8538903977685308,0,1,96,56.99999999999999,1.1982091662412033,5.0568131868131,0.35,0,true
ETHUSDT,1727064900000,1727101800000,8.211717372134213,0.5878250850849244,0.8561552980057208,4,false,1.0614330459709265,4,1,100,100,2.046521602597964,7.175303365797597,0.4,0,true
BTCUSDT,1727273700000,1727285400000,2.0574462460763647,0.5717933117319102,0.07263362937039392,1,false,0.5668808121631106,14,3,200,49,0.3940140118377477,0.8318708704988137,0.5,0,false
BTCUSDT,1727379900000,1727424900000,2.951829455809679,0.627840118705365,0.293672138242295,17,false,0.7329475929031348,19,4,230,97,0.4107696444632573,0.12036308775995688,0.45,2,true
ETHUSDT,1727371800000,1727425800000,3.4914774824729182,0.7652187154985309,0.5398408649636537,8,false,0.8480831204354323,17,4,185,72,0.5447870498944174,6.576568842302501,0.4,0,true
SOLUSDT,1727373600000,1727429400000,6.8722998792962935,1.3170382134763947,0.362831115673408,10,false,1.2065643236831565,18,4,186,99,0.9105215099373811,3.7321604100124377,0.55,1,true
SOLUSDT,1727442000000,1727446500000,6.616200719435775,0.5778275475923798,0.2892337226043821,1,false,1.0768510209986324,13,5,205,68,0.695014361920396,4.145620049346129,0.55,0,true
SOLUSDT,1727456400000,1727511300000,7.725897472377993,0.8197347804486607,0.6101833097667535,11,false,1.1949631626019874,17,5,209,99,1.1327397504910974,1.3180895365010503,0.55,0,false
XRPUSDT,1727556300000,1727558100000,4.893789703816768,0.501050589946661,0.17779214481978176,17,false,0.9957929328630608,20,6,41,90,0.7937793617365975,9.216801110969088,0.6,0,false
XRPUSDT,1727658900000,1727676000000,7.82776688400227,0.9051186017478196,0.0780274656679065,1,false,1.3178135127754371,1,1,69,96,0.8725459644749047,12.2782030245735,0.55,0,true
ETHUSDT,1727694900000,1727701200000,-0.5256633872959134,0.5617720243638008,0.22516677606973645,5,false,0.7000697789937598,11,1,1,56.99999999999999,-1.0178890197121113,2.4458807475015636,0.4,0,false
SOLUSDT,1727696700000,1727701200000,2.1088626134753428,0.5114444588128778,0.09828009828010813,1,false,0.9297394298590185,11,1,276,55.00000000000001,0.771942581495466,3.3798700316057175,0.55,1,true
SOLUSDT,1727740800000,1727742600000,-0.1626477847476744,0.6014792610211289,0.48678765761950676,1,false,1.0628944587350986,0,2,0,72,-1.5336767421518247,2.3250764770026353,0.6,0,true
SOLUSDT,1727748000000,1727754300000,1.0434556882331874,0.5252100840335994,0.4045096299389351,4,false,1.0664460346917772,2,2,1,74,1.0617228896700066,2.208456931327557,0.6,0,true
XRPUSDT,1727800200000,1727802000000,0.41115116427309195,1.2683248229286657,0.2800197661011423,3,false,1.378511118662589,16,2,108,77,0.016380016380014576,7.342404457770721,0.6,0,false
SOLUSDT,1727815500000,1727817300000,-5.026862252943634,0.6421674002797984,0.7117753437745292,3,false,1.6855751251519284,20,2,6,100,-0.8193477964251751,1.7757177228077243,0.65,0,true
SOLUSDT,1727874900000,1727876700000,-5.15294084637317,0.674165056582945,0.41540160088322897,1,false,1.3640336780197952,13,3,22,83,-0.665350689507612,2.9552504219334423,0.65,0,true
ETHUSDT,1727876700000,1727883900000,-5.36459820203202,0.5023832571589688,0.4844118235695404,3,false,1.1076587024269426,13,3,24,85,-0.5572077518873114,0.5790968245619473,0.35,0,false
XRPUSDT,1727889300000,1727892900000,-3.756591047830942,0.5982905982906083,0.17094017094017108,1,false,1.6990843886838307,17,3,20,77,-0.9169638308711089,3.8245190342319115,0.6,0,true
XRPUSDT,1727896500000,1727899200000,-6.053255811742514,0.5943016955077711,0.017479461632599197,1,false,1.767594958885043,19,3,22,80,-0.7846556233653111,1.6524388989994225,0.6,0,false
XRPUSDT,1727920800000,1727935200000,-11.322025857881352,0.8491785120915726,0.1846040243677314,9,false,2.4332930049584105,2,4,29,93,-1.3401872590416695,1.7816828773839994,0.55,0,true
XRPUSDT,1727952300000,1727955900000,-12.02537615344288,0.7008903201363753,0.4925175222580122,12,false,2.144952113044051,10,4,38,78,-1.5231289958631056,4.419476486572901,0.6,2,true
XRPUSDT,1727957700000,1727959500000,-13.036878647450239,0.7719027402547286,0.19297568506368215,1,false,2.134961035246314,12,4,39,75,-1.3167938931297742,6.36799347203272,0.6,2,false
BTCUSDT,1727946900000,1727962200000,-4.482119389076353,0.5270673080086619,0.26633020339138236,4,false,0.8367020552397696,9,4,72,72,-1.080990071172404,4.264153760837728,0.45,0,true
ETHUSDT,1727947800000,1727962200000,-8.539446926241437,0.5691263782866867,0.3579304495335053,5,false,1.1179785955598789,9,4,43,67,-1.3694535657152564,1.175119019834428,0.35,1,true
XRPUSDT,1727973900000,1727975700000,-12.950183082854105,0.672818146866601,0.615148019992307,1,false,2.1157901822439804,16,4,44,71,0.31122349737406063,5.953854686453095,0.6,0,true
SOLUSDT,1728053100000,1728054900000,-4.804989667852538,0.7799802698348411,0.7104278890852476,2,false,1.377942969885953,14,5,72,39,-0.7351372872438693,5.808012302107949,0.65,0,false
SOLUSDT,1728226800000,1728252000000,0.5828040902530528,0.6501807584983973,0.05292168964521725,1,false,0.7064374446922317,15,0,0,9,1.0477662206268583,0.056254346021829035,0.6,0,false
XRPUSDT,1728294300000,1728307800000,-3.6158979901093042,0.6515264333581436,0.33507073715562613,1,false,0.6663277177853189,9,1,133,28.999999999999996,-1.3303769401330348,1.824707551474539,0.6,0,false
BTCUSDT,1728313200000,1728326700000,2.256228937654292,0.5436501007546067,0.3739167504321941,3,false,0.6483133775921095,15,1,16,68,1.2527562063187792,0.9084140386022356,0.5,0,false
ETHUSDT,1728330300000,1728342000000,-1.0030960118872283,0.5510204081632654,0.09224489795919258,4,false,0.9606083091881804,19,1,1,89,-1.176014317398634,0.4570132547864608,0.35,1,true
SOLUSDT,1728328500000,1728342000000,-0.21978114137084998,0.6277045984117215,0.1786648369938148,1,false,1.2010468257873714,19,1,0,69,-1.3826632179082659,1.0846346886673115,0.55,0,true
BTCUSDT,1728400500000,1728402300000,0.2550437447810381,0.5591473562924104,0.20179874535910663,1,false,0.7322795047334335,15,2,1,84,0.2072750674282768,1.368496496183191,0.45,2,false
ETHUSDT,1728398700000,1728411300000,-1.1669562598684449,0.8095185235434651,0.3005373492687998,1,false,0.9005607450945802,14,2,20,82,-0.8102757888610639,0.10101938803287774,0.4,0,false
SOLUSDT,1728398700000,1728498600000,-1.1268408925068532,1.2331245650661238,0.19276270006958027,1,false,1.1654870110279203,14,2,16,76,-1.008257581014505,1.326529912907841,0.55,1,true
SOLUSDT,1728568800000,1728570600000,-4.180158838217375,0.825940874720307,0.36188872820932416,1,false,1.0450958703883044,14,4,63,59,-0.28799976960018836,4.746251140726576,0.6,0,true
SOLUSDT,1728593100000,1728597600000,-4.215164231134495,0.5179392690817811,0.23140423926764314,1,false,1.1273782755733475,20,4,70,66,-0.26947912807886026,5.596169806631435,0.65,0,false
XRPUSDT,1728957600000,1728963900000,2.85063814725714,0.5254575104185365,0.2355499184635041,1,false,0.671425566181619,2,2,16,87,1.2043795620437845,0.9496308821890573,0.55,0,false
XRPUSDT,1729001700000,1729003500000,1.3546728084500763,0.7549254280979548,0.31301786043084584,1,false,0.8623755144031173,14,2,1,100,1.1834319526627355,0.8259481279166693,0.5,0,false
SOLUSDT,1729043100000,1729063800000,4.2953827234830735,0.7400675149311778,0.03245910153207698,1,false,1.4248461309295797,1,3,108,89,0.6954826129346723,0.7239002721680814,0.65,0,false
SOLUSDT,1729089000000,1729114200000,3.577694989060335,0.6781631466770079,0.29064134857585006,1,false,1.2220957970726885,14,3,120,81,0.39925301049649337,3.8771529502076545,0.65,0,false
ETHUSDT,1729115100000,1729137600000,3.6077434602960814,0.6710637318812792,0.07209141805351846,19,false,0.8313504284564954,21,3,74,57.99999999999999,0.3930591506087624,6.335265458684682,0.4,1,true
BTCUSDT,1729093500000,1729140300000,5.677267765994872,0.5491000900648085,0.12048014882842772,1,false,0.8817046293313838,15,3,71,86,0.7064676026942501,4.701472460506385,0.45,1,false
XRPUSDT,1729147500000,1729150200000,2.734438570823114,0.7168458781362014,0.05376344086020912,1,false,0.8968121995102839,6,4,22,91,0,0.6337916864233903,0.5,0,false
SOLUSDT,1729189800000,1729197000000,-0.4661284660640615,0.6230320895022298,0.46894888457159306,1,false,1.0898499689519574,18,4,0,66,-1.2346502936465527,0.11477307919349015,0.65,0,false
XRPUSDT,1729213200000,1729216800000,-0.5092562658617756,0.5151793928242916,0.2575896964121356,1,false,0.9224167865664651,1,5,0,76,-0.4228718514432946,0.7461439703972129,0.45,0,false
ETHUSDT,1729223100000,1729239300000,2.478928777967921,0.6490723164533723,0.06276406833628806,9,false,0.8185733956394289,3,5,104,49,0.762909443456981,6.125277563819549,0.45,0,true
SOLUSDT,1729470600000,1729477800000,8.943343198133395,0.7161613750298332,0.9250417760802168,1,false,0.9343927556492336,0,1,70,91,1.0211393765675263,10.772649581847821,0.6,0,true
XRPUSDT,1729506600000,1729514700000,1.9831475362746167,0.7387387387387573,0.23423423423422843,1,false,0.6491943771470374,10,1,13,60,0.5410279531109112,1.150241278681751,0.4,0,false
SOLUSDT,1729593900000,1729596600000,5.603672582646412,0.8220006044122004,0.34451495920218894,1,false,1.1855229753072116,10,2,105,87,1.341708849179721,6.553618426004117,0.6,0,true
SOLUSDT,1729613700000,1729654200000,6.1247345331856105,0.8960789030550932,0.49314409429876904,8,false,1.480434452126122,16,2,110,100,1.0379169666426624,6.62125351921989,0.65,0,false
SOLUSDT,1729680300000,1729690200000,3.7819554585040605,0.6236754465637306,0.24825915834090015,4,false,1.1174773199779922,10,3,129,54,0.48534854092093843,7.617637322060657,0.6,0,true
ETHUSDT,1729761300000,1729805400000,-3.2879716809128325,0.6182636503612403,0.3316356745232773,1,false,0.8418889746829573,9,4,33,87,-1.1762028812654977,3.105041300213782,0.45,0,false
SOLUSDT,1729790100000,1729809900000,8.496913521568347,0.8073227585422637,0.14781966001479296,3,false,1.1951968825280526,17,4,159,75,0.1926782273603102,11.994625744625779,0.6,1,true
BTCUSDT,1729870200000,1729872000000,1.6128231469209564,0.5437880078733175,0.0411292928699433,6,false,0.5921976614826916,15,5,28,63,0.37246054636362436,4.991515222250566,0.45,0,false
SOLUSDT,1729870200000,1729872000000,6.260319870570228,0.7347454221916084,0.06888238333046584,6,false,1.1011991417674367,15,5,181,32,0.9799965411886716,11.111961055716561,0.6,1,false
SOLUSDT,1729891800000,1729895400000,1.0018552625241859,0.579831430450116,0.21519517006396896,1,false,1.5914195879747401,21,5,187,98,-0.04767580452920888,7.107812337413641,0.6,0,false
SOLUSDT,1730050200000,1730065500000,5.556818479679522,0.5349115119786023,0.34143287998635563,2,false,0.9097168858717154,17,0,37,5,0.5178988105400925,1.0423554757485969,0.55,0,true
SOLUSDT,1730137500000,1730143800000,3.2362014244571276,0.9257129714811324,0.49448022079117626,1,false,1.08356727487406,17,1,62,56.99999999999999,0.1317749513005719,2.096059988769233,0.55,0,true
ETHUSDT,1730142000000,1730151900000,-1.1269771024920536,0.5790893225448344,0.1931619863556993,15,false,0.794504607732879,19,1,8,67,-0.046900773067820756,2.590206700721095,0.45,1,false
BTCUSDT,1730143800000,1730153700000,2.604883726603135,0.5733358378245645,0.4927104856304816,1,false,0.5515157311145769,19,1,30,64,1.0230108485314078,6.472127744239862,0.45,1,true
SOLUSDT,1730183400000,1730191500000,6.204513556793825,0.7622463849344161,0.8911557000336304,17,false,1.0637641540748368,6,2,74,65,2.080396910413259,13.016277257885475,0.55,0,true
SOLUSDT,1730256300000,1730265300000,4.399696442016022,0.5478839380555812,0.4137082797562527,3,false,1.1029741957505712,2,3,95,75,1.3744930148715624,13.142948438486757,0.55,0,true
SOLUSDT,1730297700000,1730301300000,2.12056738092108,0.6958307192151936,0.3821365425198126,1,false,0.9862601554587778,14,3,106,44,0.7424752984179467,1.3509833837144785,0.55,0,false
ETHUSDT,1730300400000,1730302200000,5.5013563955373,0.7278171800520932,0.19950884414903686,4,false,0.9055587135059525,15,3,40,100,0.2885015763488104,2.193767546809058,0.45,1,false
BTCUSDT,1730476800000,1730481300000,-0.5075847697971789,0.6149478320435233,0.985614891220037,1,false,0.9426233673037705,16,5,0,100,-1.8593191849974846,4.241819094472219,0.45,0,true
ETHUSDT,1730476800000,1730488500000,-2.7915040572849814,0.6318692141028152,0.9982272995863757,1,false,1.151476528121604,16,5,1,100,-1.9266198282591775,2.4046438769648724,0.45,1,true
SOLUSDT,1730565000000,1730579400000,-4.129640076960796,0.6863459669582265,0.018221574344006754,10,false,0.949568799085458,16,6,25,6,-0.5633290932218831,7.8380163023327105,0.55,0,false
SOLUSDT,1730735100000,1730738700000,-2.8392215958101907,0.6434217782952456,0.14706783503891727,4,false,1.136557418541446,15,1,73,72,-0.4410143329658207,4.585122920438057,0.55,0,true
SOLUSDT,1730740500000,1730755800000,-4.507045705402719,0.9359697514411397,0.34711460980598907,2,false,1.234461458238641,17,1,74,88,-1.5217524697797078,3.485069171178875,0.55,0,true
SOLUSDT,1730818800000,1730825100000,0.3459089350033602,0.888969521045009,0.40517658442185983,1,false,1.1008437028451894,15,2,0,56.00000000000001,1.7234003544582248,5.8319261471475174,0.55,1,true
BTCUSDT,1730818800000,1730836800000,1.1897237911187122,0.9346668585407972,0.1594474025039616,1,false,0.7039632337901451,15,2,0,71,1.6853173178527354,5.991533553988578,0.5,0,false
SOLUSDT,1730850300000,1730853000000,0.17615060101852142,0.6287026961673269,0.49570789505502455,4,false,1.332225028110255,23,2,1,95,0.6775559588626594,5.498883602005742,0.55,0,true
BTCUSDT,1730855700000,1730860200000,2.7099655987655322,1.2352138307552363,0.8974067333939904,2,false,1.0567427927805968,1,3,2,100,2.638094043380889,7.588392943209084,0.45,0,true
XRPUSDT,1730869200000,1730871000000,4.300574014590389,0.5799812909260976,0.18709073900841927,1,false,1.0075275990447783,5,3,6,100,0.3745318352059928,2.204887962959607,0.4,0,false
ETHUSDT,1730907000000,1730923200000,4.218311696905471,0.8982547867024805,0.38871177952480723,1,false,1.291202286850119,15,3,12,89,0.8035262278421316,4.754099700846597,0.5,0,true
SOLUSDT,1730930400000,1730934900000,11.18602719060334,0.5662177923868158,0.12723995334535526,1,false,1.5033705288211396,22,3,23,83,1.1839999999999995,17.120733172260785,0.6,0,false
ETHUSDT,1730938500000,1730942100000,7.878192118089427,0.5730584727084238,0.23374266081383732,6,false,1.2550168249624711,0,4,21,88,0.8027569883029027,2.1239454611683537,0.55,0,true
SOLUSDT,1730959200000,1730961900000,10.309119284028148,0.6350053361792944,0.21878335112059583,19,false,1.41606823274047,6,4,31,73,1.0012850717498418,16.53763351395858,0.6,0,false
BTCUSDT,1731010500000,1731016800000,7.5270897229358065,0.6016636077299784,0.06885880279939287,1,false,0.8523691110158209,20,4,45,69,0.0723083762650735,1.3326665636839197,0.45,0,false
SOLUSDT,1731060000000,1731062700000,14.31491348613734,0.5845907864494791,0.8893774357949441,2,true,1.3639658741920575,10,5,59,72,1.2122426489004738,0.3206505446187678,0.6,0,true
BTCUSDT,1731080700000,1731091500000,6.068232518373582,0.5116499361917591,0.34772198029181134,1,false,0.686228568330983,15,5,65,32,0.9377014360741084,0.36698285729321833,0.4,0,true
SOLUSDT,1731096900000,1731111300000,11.29482961713426,0.5356240525517949,0.32339565437088746,10,false,1.5348565584364249,20,5,69,85,0.8421693470650887,1.6808994441637242,0.65,0,true
XRPUSDT,1731104100000,1731124800000,4.214253770457513,0.5278485620677127,0.4914452129595988,1,false,0.9306215900046879,22,5,71,57.99999999999999,0.5278485620677127,0.5726563783180999,0.4,1,false
ETHUSDT,1731137400000,1731143700000,13.113778120474917,0.6671120761650176,1.0522799398697178,7,false,1.1074023867393077,7,6,76,45,1.900625130375692,7.837017241059302,0.6,0,true
ETHUSDT,1731210300000,1731213900000,13.655629359807767,0.5317944153611089,0.09028063560119334,1,false,0.9622471373144268,3,0,97,17,-0.16708809290859594,5.723822117881986,0.65,0,true
ETHUSDT,1731217500000,1731219300000,15.062675160275042,0.8137715179968702,0.1399061032863787,1,false,1.0593026160058074,5,0,99,47,1.4232540533720381,3.7274783969518417,0.7,0,false
SOLUSDT,1731240000000,1731241800000,10.853824099672158,0.7606220628845469,0.03391308560631422,1,false,1.1918826835002327,12,0,109,30,0.5888650963597469,0.6185331552319614,0.65,0,false
SOLUSDT,1731254400000,1731260700000,13.441443254371876,0.7182532081976634,1.355104386132917,1,true,1.471148021304829,16,0,113,97,2.413776423354138,0.47899508395581114,0.6,0,true
SOLUSDT,1731317400000,1731321000000,9.488026080308611,0.7538527601507765,0.2337897800467623,1,true,1.7432288321022047,9,1,130,88,1.8628444573138292,0.11943954069054628,0.65,1,true
XRPUSDT,1731315600000,1731322800000,5.722327220081322,0.6032402619786381,0.2068252326783831,1,false,1.7506387370101555,9,1,130,88,0.9350649350649282,3.4423500534309177,0.35,0,true
ETHUSDT,1731321000000,1731328200000,10.696368358918521,0.9059414950701937,0.03953883906437985,1,false,1.2699835488295286,10,1,127,88,1.0090948188625883,3.9629400137632103,0.65,1,false
ETHUSDT,1731351600000,1731357900000,14.687738186013915,0.6003644093531728,0.4603704828423885,1,false,1.457624177048348,19,1,136,100,0.578150404037965,0.5987985196417116,0.6,0,true
BTCUSDT,1731361500000,1731364200000,15.460946262616329,0.7096404854591285,0.6897183421112826,1,false,1.1936116657329667,21,1,143,100,1.5204947240166473,6.555453782154041,0.45,1,false
XRPUSDT,1731363300000,1731365100000,10.766644012453144,0.9509509509509573,1.6349683016349548,8,false,1.7210465068500422,22,1,143,92,3.6737445230872816,6.528080378846453,0.35,1,true
SOLUSDT,1731357900000,1731367800000,12.94207120844773,0.8431085043988285,0.1328812316715506,2,false,1.8192218725854474,20,1,142,95,0.46532846715328935,1.8496456500488736,0.65,0,true
BTCUSDT,1731369600000,1731371400000,16.06355806696577,0.6881424504099042,0.8440649287759264,4,false,1.284305000547782,0,2,145,100,0.7384213541803627,6.567328096994022,0.45,1,false
XRPUSDT,1731366900000,1731371400000,11.324212039025884,0.9139872694630405,0.6365268483760429,1,false,1.7291262838519352,23,1,144,93,0.683371298405464,8.549082155189556,0.4,0,false
ETHUSDT,1731370500000,1731372300000,15.532400169532828,0.5409331171609983,0.5882459301940121,5,false,1.5410905384243794,0,2,141,100,1.1045630883015414,0.16940894387550942,0.6,1,false
BTCUSDT,1731375900000,1731379500000,15.542193293955918,0.6917247169340349,0.6110594268339791,3,false,1.3833324668372122,1,2,147,99,1.5035340400653567,7.405701406064464,0.45,0,false
SOLUSDT,1731389400000,1731391200000,11.669557817729553,0.8013554354794397,0.009158347834055423,8,false,1.892791447594366,5,2,150,94,0.48284742021520416,1.3401715663827494,0.65,1,false
BTCUSDT,1731386700000,1731393900000,14.899607065189304,0.5337715321849502,0.3917724388032605,1,false,1.4059122849203023,4,2,150,99,0.9966183723341553,7.508537322453922,0.4,0,true
SOLUSDT,1731394800000,1731398400000,12.101265417598823,0.5386160306737295,0.16888807741463216,1,false,1.863662592548785,7,2,152,91,0.9221452493462361,1.6554074615056895,0.65,0,true
XRPUSDT,1731396600000,1731399300000,8.635901430877272,0.722140160840302,0.39389463318563417,1,false,1.819041117163784,7,2,152,93,2.107534019249906,8.031871046462156,0.35,1,true
SOLUSDT,1731402000000,1731403800000,14.424655941380909,0.5991013479780427,0.2405482685063319,4,false,1.8143161052070953,9,2,154,90,0.7807535179300947,1.2492624699314654,0.7,0,false
SOLUSDT,1731424500000,1731429000000,7.943548916927982,2.1084479742826114,0.10873162199214759,1,false,2.376214576622523,15,2,160,100,2.051257530840595,0.2325123307962549,0.65,1,false
SOLUSDT,1731430800000,1731436200000,6.979490495054143,1.038376878170154,1.181931285290458,1,false,2.3817137718720796,17,2,162,99,0.7595537621647255,1.4555619357514258,0.6,2,true
BTCUSDT,1731424500000,1731438000000,11.506266196491802,1.3452992619828041,0.5046607654600049,1,false,1.6092942258986782,15,2,160,100,1.153884146731197,4.050186095103448,0.45,0,true
ETHUSDT,1731430800000,1731438900000,9.13918302347836,0.8879848885157653,0.39661473122792873,1,false,1.9471809666185103,17,2,158,95,0.06435006435006156,2.2324211189914736,0.55,1,true
SOLUSDT,1731437100000,1731438900000,7.660804748936544,0.7052252934494553,0.8330177962892802,1,true,2.298286273356998,18,2,164,94,0.9646302250803956,0.4686401254935966,0.6,1,true
XRPUSDT,1731443400000,1731445200000,21.0506429078805,1.0090817356205861,3.1137379270578154,1,false,3.3851407853726028,20,2,165,96,4.878048780487803,19.058831066903664,0.4,0,true
BTCUSDT,1731452400000,1731454200000,12.429854617695904,0.5965022709879688,0.10607755321990894,1,false,1.5717624522826115,23,2,168,92,0.28439722738187584,1.8095826786034892,0.45,0,false
SOLUSDT,1731452400000,1731454200000,8.24800554981916,0.5051686234154937,0.39758641657701216,1,true,2.061879327556178,23,2,168,87,1.0837946889368502,0.2806492352308447,0.6,1,false
XRPUSDT,1731457800000,1731459600000,21.94396335487973,1.5817469204927332,0.6019036954087305,1,false,3.56222815143715,0,3,169,98,2.123470679229363,21.388056729921882,0.4,0,false
SOLUSDT,1731487500000,1731495600000,3.1939907963293592,0.6767283349561902,0.17039922103212965,1,false,2.1141872057881375,8,3,178,78,0.7473622508792503,0.31645569620253444,0.6,0,true
ETHUSDT,1731499200000,1731505500000,4.8239486001230505,0.6197400315400627,0.047088865221547795,4,false,1.5394704574208316,12,3,177,60,0.48509367380778645,4.661347549822888,0.55,0,true
ETHUSDT,1731506400000,1731509100000,6.2949530617264715,1.0514802208891898,0.4594545465942167,1,false,1.5559633315814982,14,3,179,61,1.628232380820014,3.791777380036011,0.6,0,true
SOLUSDT,1731510000000,1731514500000,8.326813224060485,1.2544634467205487,0.6013907160308218,1,false,2.0829675081713064,15,3,184,89,1.434551526268747,0.831610599511375,0.65,0,true
SOLUSDT,1731519000000,1731526200000,8.425741016586027,1.2938830403932626,0.7234614849510747,2,true,2.1606576162248983,17,3,186,90,-0.3574374484465224,0.024347261512780733,0.65,0,false
SOLUSDT,1731542400000,1731550500000,6.851938186658785,0.6604524802098443,0.46372195418988277,2,false,2.339518515262115,0,4,193,95,0.6657290201593941,0.22009878162391824,0.6,2,true
BTCUSDT,1731542400000,1731568500000,11.486132817571127,0.5309840972100747,0.4104628483782541,2,true,1.663821866015183,0,4,193,98,0.6270225183936302,0.17079412958298587,0.4,1,false
SOLUSDT,1731566700000,1731574800000,6.645567247001237,1.151453245426683,0.6035843625220593,12,true,2.142598325170011,6,4,200,78,0.8046137388958738,0.14044943820225142,0.6,2,true
BTCUSDT,1731573900000,1731579300000,10.643421335261852,0.5649993234205133,0.5776435956761058,3,true,1.3947571715932083,8,4,202,64,1.2531370233982089,0.06637133787491545,0.4,2,true
ETHUSDT,1731537900000,1731595500000,4.487034423973412,1.0681298755265045,0.012906962834238535,1,false,1.8550259571458907,22,3,188,86,0.5186633521067168,4.254442122526769,0.65,0,false
SOLUSDT,1731609000000,1731614400000,5.682250587841161,0.6710464570624153,0.6475832942280598,7,true,2.147745997210835,18,4,211,77,1.99507155719836,0.03748892017310569,0.6,0,true
ETHUSDT,1731614400000,1731624300000,2.515217051737586,0.8781381664268553,0.5326253169620748,14,false,1.5556748096169999,20,4,209,37,1.2960857560500274,5.301101097852244,0.6,0,false
SOLUSDT,1731631500000,1731644100000,2.636920496617965,0.8389341722675013,0.7626674293340933,2,true,2.051515334630247,0,5,218,46,0.8670795616960424,0.023992246214465586,0.65,0,false
ETHUSDT,1731639600000,1731645000000,0.3966944894456367,0.7577433628318573,0.06897449245184445,1,false,1.5566733644980981,3,5,0,27,0.3861167546625929,4.714447932614892,0.55,1,false
XRPUSDT,1731645000000,1731646800000,29.07640279598216,1.5594059405940661,0.3217821782178138,12,false,3.5692113801048873,4,5,221,96,5.310748853795206,30.43864333616456,0.4,0,false
XRPUSDT,1731652200000,1731654000000,26.118367786839475,1.1325451151213437,0.24891101431238355,2,false,3.690858496576725,6,5,223,95,0.9635840320360316,30.049065109671393,0.35,0,false
ETHUSDT,1731659400000,1731661200000,-0.9575192157507646,0.6163227170652608,0.11113478781123061,2,false,1.4900951667727365,8,5,3,15,-0.7642081700444778,3.9836646380156724,0.55,0,false
ETHUSDT,1731668400000,1731671100000,1.017826815699862,0.5014944012800815,0.3792104227578242,7,false,1.4200345561750807,11,5,2,9,1.7500863529450559,4.747471040022346,0.5,0,true
SOLUSDT,1731688200000,1731691800000,1.3989865937387966,0.7367011098354345,0.19135093761959707,1,false,1.6155854774456482,16,5,233,5,0.6996022808951113,0.3828613343538688,0.65,0,true
XRPUSDT,1731699000000,1731703500000,32.85380592542471,1.1080958842152782,0.3505201266395287,1,false,3.4948238652134616,19,5,236,96,2.8640441683919984,4.579375848032562,0.35,0,false
XRPUSDT,1731729600000,1731731400000,32.67070473668722,0.9142602296800072,1.2041476195785394,1,false,3.136007668105349,4,6,245,75,1.9284673169637845,2.8041030215185647,0.3,0,true
XRPUSDT,1731747600000,1731749400000,42.68233035212156,1.1412708204811843,1.388032078963598,1,false,3.0856821562470547,9,6,250,91,1.8813611596586801,5.197409006785933,0.3,0,true
ETHUSDT,1731759300000,1731770100000,3.897694693110323,0.6886435331230261,0.4447949526813852,1,false,1.0750056329823339,12,6,15,5,1.8926127871663176,4.325300566941034,0.5,0,false
ETHUSDT,1731780000000,1731789000000,2.808053988521955,0.5763033175355381,0.09921011058451415,1,false,1.1250846331666868,18,6,21,9,0.7578116560011808,4.479855200725744,0.5,0,false
SOLUSDT,1731874500000,1731879000000,10.629742673511263,0.5905511811023602,0.4964053406367667,2,false,1.7126214089011014,20,0,285,50,0.8713942307692312,3.665268743580964,0.65,0,true
XRPUSDT,1731890700000,1731892500000,29.563084842758386,0.8387522382433238,0.6219960418433854,2,false,3.451906662882804,0,1,290,63,1.1895841139003307,2.586938083121287,0.35,0,true
SOLUSDT,1731898800000,1731900600000,11.801499228620422,0.5026809651474483,0.10472520107238606,1,false,1.7297047854188194,3,1,292,63,0.6687978463868105,1.4766253351206458,0.65,0,false
SOLUSDT,1731914100000,1731915900000,12.332567896599313,0.6949677635435086,0.6154232604873142,14,false,1.7240726786843912,7,1,296,65,0.300225168876657,1.4171481202377922,0.65,0,true
SOLUSDT,1731920400000,1731924000000,12.356265861881608,0.6540276512956422,0.36426856527858076,1,true,1.673109436958962,9,1,298,55.00000000000001,0.09495499958714795,0.2752711317161983,0.65,0,true
BTCUSDT,1731941100000,1731944700000,3.4959945918093775,0.6522666571861446,0.14687387511498504,2,false,0.9134727973978053,14,1,304,56.99999999999999,0.585164829041834,0.1340974033765405,0.45,1,true
SOLUSDT,1731940200000,1731944700000,9.825370886540336,0.7405558329172912,0.004160426027621445,1,false,1.7971611553334612,14,1,303,80,0.2788761706555619,0.7842403062073517,0.65,0,true
BTCUSDT,1731946500000,1731948300000,5.771899902683492,0.5475343900442661,0.9918766446934225,2,true,1.0149277377573085,16,1,305,62,1.7742096119158575,0.45439010294278026,0.45,0,true
BTCUSDT,1731965400000,1731968100000,4.548564496666108,0.6812610642166558,0.06744942929924945,1,false,1.17767198415149,21,1,310,84,0.2184618802532582,0.16360948565219013,0.45,1,false
ETHUSDT,1731962700000,1731973500000,1.9657042081993445,0.5569754007835849,0.5821188617332571,1,false,1.3981221728219477,20,1,5,83,1.8902919525649229,5.188900875527936,0.5,0,true
XRPUSDT,1732007700000,1732009500000,20.803166951514935,0.9119095385737743,0.03647638154294692,1,false,2.5902361488357184,9,2,322,5,-0.23623478102852402,4.6203416621071165,0.35,0,false
SOLUSDT,1732021200000,1732023900000,10.363221613949547,0.7258858267716577,0.2706692913385813,12,false,1.3349350737219692,13,2,326,32,-0.14255457803845825,0.21735564304460822,0.65,0,false
BTCUSDT,1732047300000,1732050000000,5.458167402440801,0.5000672567323958,0.012267627989555493,8,false,0.9514466723134773,20,2,333,73,0.4900277416847579,1.420117833795171,0.45,0,false
SOLUSDT,1732049100000,1732050900000,7.090021841004433,0.5294755273909822,0.03752188776785416,20,false,1.3886942195024345,20,2,334,40,0.3463673162792691,0.5795047110814703,0.65,0,false
XRPUSDT,1732065300000,1732074300000,18.577595570589693,1.5261561092212879,0.13790567252000155,9,false,2.1964187905400543,1,3,338,1,0.25723472668809494,1.2135699181759565,0.35,0,false
ETHUSDT,1732118400000,1732120200000,0.8881543522627106,0.653487677227212,0.12465743302071479,1,false,0.9677927286131052,16,3,2,11,0.019575186365405426,6.100911653203514,0.55,0,false
XRPUSDT,1732132800000,1732140900000,12.25473069474504,1.352102241155785,0.16669753658082992,1,false,2.3588240298647016,20,3,357,24,-0.06445078722034296,0.459344323022789,0.35,0,true
XRPUSDT,1732141800000,1732144500000,14.150475378101302,0.6047477209134533,0.2888347323765565,1,false,2.2609187552140875,22,3,359,21,2.071494042163149,1.0560519902518317,0.4,0,false
XRPUSDT,1732154400000,1732156200000,15.126596340691917,0.8157776781712135,0.17032720753025665,2,false,2.14259634858075,2,4,363,8,0.902690016248421,0.3675481846705706,0.4,0,false
XRPUSDT,1732167900000,1732169700000,13.241162900100859,0.8951406649616396,1.2056996711728263,4,false,2.3541028543009292,5,4,367,40,1.4873619855826243,2.121392035074904,0.4,0,true
SOLUSDT,1732193100000,1732195800000,6.240889486758975,0.6911679496730468,0.4883701680324505,2,false,1.5104469146556216,12,4,374,48,0.33885697756105343,0.7389932768626608,0.6,0,true
SOLUSDT,1732221000000,1732235400000,10.547996991581146,1.2470214455917454,0.6751389992057143,14,false,1.9500061175373042,20,4,381,100,1.9554524733074798,3.8063443208896035,0.65,0,true
SOLUSDT,1732242600000,1732245300000,10.323460884438408,0.6244146113019133,0.44489541055260157,1,false,1.755287768751281,2,5,387,84,0.10108078687504506,3.1220730565095223,0.7,0,true
XRPUSDT,1732255200000,1732260600000,36.69131196238152,1.2124255685486705,0.3443575579309949,1,false,3.0824998564144375,6,5,391,99,1.0221586847748376,17.780248862105513,0.45,1,false
SOLUSDT,1732248000000,1732271400000,13.235922390371382,0.849420849420845,0.8687258687258688,3,false,1.7934194339361516,4,5,389,94,1.0486949146007518,2.378378378378377,0.7,0,false
SOLUSDT,1732333500000,1732335300000,8.483239543496914,0.6036375039197209,0.4507682659140707,1,false,1.365092191016638,3,6,413,43,0.7138094677805317,1.0495061147695237,0.65,0,true
XRPUSDT,1732335300000,1732337100000,40.68575960074982,1.2207527975584955,3.0993557138012937,16,true,3.465024635311955,4,6,413,99,4.950495049504955,1.6005425567989193,0.45,0,true
XRPUSDT,1732362300000,1732365900000,34.814050505774794,0.6096770009080343,0.21403554287195864,1,false,2.908714964044359,11,6,421,80,1.0715452466514193,2.8343494616681846,0.5,0,false
XRPUSDT,1732369500000,1732374900000,33.95795554292663,1.1135569079373224,0.34960507574777105,1,false,2.7933163065709303,13,6,423,72,0.7773027594247967,3.010488152272432,0.45,0,true
XRPUSDT,1732416300000,1732419900000,24.752630885005512,0.5864904948092323,0.8224349467439657,2,false,2.9990511260062043,2,0,436,68,1.6644113667117697,0.9684957979416486,0.45,0,false
SOLUSDT,1732422600000,1732427100000,7.0840963163641195,0.62836624775584,0.031223167590345824,16,false,1.0913031642824265,4,0,437,1,0.9723583611056503,0.7051232014154302,0.7,0,false
SOLUSDT,1732455900000,1732489200000,2.073901521731013,1.3087520259319358,0.012155591572123637,1,false,1.408116382752075,13,0,447,43,2.187976430837695,0.5834683954619115,0.65,0,true
SOLUSDT,1732491000000,1732495500000,4.2508592521783735,0.6206269518124652,0.13440328892754216,2,false,1.2851109925227095,23,0,456,20,0.6628299265727391,0.17630549076966692,0.65,0,false
SOLUSDT,1732502700000,1732505400000,2.704876915710333,0.5300140534029398,0.5701666332061784,2,false,1.3374528019339817,2,1,460,28.000000000000004,1.0367501714470215,0.325235896406345,0.65,0,true
SOLUSDT,1732517100000,1732525200000,3.3420086659213957,0.6391678907459547,0.03969986899044136,12,false,1.216066748571633,6,1,464,13,0.8514550687559944,0.6058200007940129,0.65,0,true
SOLUSDT,1732548600000,1732553100000,-0.9242900439531538,0.8414634146341436,1.3252032520325168,2,true,1.3614275694260825,15,1,0,35,-2.6131703787086917,0.9105691056910605,0.65,0,true
SOLUSDT,1732555800000,1732571100000,-0.5530125009206606,0.8859816179514842,0.23598575805249367,1,false,1.645308158661506,17,1,0,81,-1.5558292282430182,0.331668092701474,0.65,1,true
XRPUSDT,1732559400000,1732571100000,14.168983114964725,1.8883471812126524,0.47380347455882227,1,false,3.4112750974242942,18,1,475,82,2.728731942215082,2.252283183410023,0.45,2,false
SOLUSDT,1732574700000,1732581000000,-3.0006882053726334,1.0236886632825666,0.8460236886632826,1,false,1.8103248342209315,22,1,6,88,-0.9283594743535387,0.5346869712351868,0.7,1,false
XRPUSDT,1732590900000,1732605300000,12.733932435371676,0.9762900976290108,0.29986052998605095,7,false,3.0386339450503077,3,2,484,38,0.1530221882172901,2.738493723849351,0.4,1,false
SOLUSDT,1732606200000,1732608900000,-2.166304484956557,0.6350675022080123,0.01682298019094943,1,false,1.5179098540769356,7,2,14,61,-1.3475739496850054,1.153038208086985,0.65,1,true
SOLUSDT,1732611600000,1732613400000,-4.400007153630166,0.6765669545976781,0.5318922599038339,3,false,1.5928610516199422,9,2,16,67,-1.7671561408675849,0.19573635164460215,0.65,1,false
ETHUSDT,1732554000000,1732615200000,6.345882134670722,2.302637333162293,0.38542498790079827,6,false,1.6249649149640097,17,1,108,100,-0.8060944536790519,3.7403833258501837,0.5,0,false
SOLUSDT,1732631400000,1732633200000,-6.101203177405721,0.5407977848922731,0.13411785065327242,15,false,1.8378313241323336,14,2,21,94,-1.5896077258353982,2.0863463495634544,0.65,1,false
ETHUSDT,1732625100000,1732645800000,0.3376087072646208,0.8138582562943258,0.03898541220273514,3,false,1.4416212885209647,12,2,128,82,-0.1771197329394698,0.21321493323709098,0.45,0,false
XRPUSDT,1732643100000,1732646700000,6.156461531737921,1.6804872679239686,1.2181698099361524,5,false,3.042714896254123,17,2,499,17,1.4006013052724293,2.350480663388877,0.35,1,false
SOLUSDT,1732670100000,1732675500000,-4.871420014369481,0.6363534182380879,0.2325802574810481,2,false,1.7286616708690237,1,3,32,75,-0.35539375027087644,2.007790553429021,0.6,0,false
SOLUSDT,1732688100000,1732693500000,-5.027931071849955,0.8584987057808371,0.07333908541847106,6,false,1.661349746142599,6,3,37,66,-0.10368066355623841,0.9073914293931512,0.55,0,false
XRPUSDT,1732689000000,1732693500000,4.335179416638326,0.9031318281136174,0.560815731973783,1,false,2.7282084658740384,6,3,511,1,1.3332356603911797,0.5127458120903247,0.35,1,true
XRPUSDT,1732701600000,1732703400000,10.788972192687645,0.8534452605806218,1.2801678908709326,1,false,2.602365065588386,10,3,515,7.000000000000001,1.4991981033400792,0.06762271190392168,0.4,0,true
BTCUSDT,1732725900000,1732739400000,1.2475712691773972,0.6117407897112307,0.008244203750808747,1,false,0.8870299486903359,16,3,2,65,0.2731500411502807,0.10576582913208496,0.45,1,true
SOLUSDT,1732723200000,1732740300000,0.07911970606443577,0.7439916405433652,0.05851619644722522,1,false,1.435343337731595,16,3,0,46,0.5970061956626193,0.8401253918495141,0.5,0,true
ETHUSDT,1732736700000,1732741200000,7.752345366341161,0.5317372867207621,0.10573530557502551,1,false,1.1835380774432014,19,3,23,51,0.7810082004466948,8.123783432017396,0.4,2,true
XRPUSDT,1732740300000,1732745700000,12.651669604341942,0.9947259496628555,0.16690032712463762,1,false,2.2852945021973583,20,3,526,3,2.0787083753784157,0.23366045797451637,0.45,0,false
SOLUSDT,1732754700000,1732764600000,1.9572278492654815,0.7510729613733877,0.6231429514691398,1,false,1.3260954569718328,0,4,2,34,0.5185398576073053,0.3996093320127656,0.55,0,false
XRPUSDT,1732779900000,1732788900000,8.95746105789418,1.1927611735673211,0.07540444200712083,15,false,1.9494541912634369,7,4,537,2,-0.18387360392263177,1.1190704688785402,0.45,0,false
ETHUSDT,1732787100000,1732804200000,6.803672282587211,0.62429499397099,0.3334018659391097,5,false,1.1147484353324073,9,4,37,39,0.8184376748575415,8.237019747910702,0.4,1,false
XRPUSDT,1732797000000,1732807800000,8.691540922362945,1.1257550796265918,0.013728720483249449,3,false,1.8550596583136496,12,4,541,2,0.6134546457127039,0.9833196046128598,0.4,1,false
XRPUSDT,1732887900000,1732891500000,20.896894854470194,1.184210526315792,0.7834928229665139,1,false,2.0678346470675093,13,5,567,46,1.425149700598805,1.8391148325358886,0.35,0,true
SOLUSDT,1732893300000,1732895100000,2.159501725423354,0.532655904285836,0.241743833483571,1,false,1.0369422980068925,15,5,5,14.000000000000002,0.8391263214182846,0.29595496693751894,0.55,0,false
XRPUSDT,1732926600000,1732928400000,26.253245319242886,1.2884043607532258,0.3744081048342648,1,false,2.2725443043159066,0,6,577,77,3.243785531155949,9.632749697169924,0.35,0,false
ETHUSDT,1732940100000,1732946400000,6.212123829780751,0.5933634454069845,0.04860033773116001,1,false,0.894305478137485,4,6,79,24,0.6185379961018361,7.194378353919459,0.35,0,true
ETHUSDT,1732949100000,1732954500000,7.119401043079773,0.6426759730724527,0.4843907927608299,3,false,0.9506247353894514,6,6,82,32,1.4289594771457008,8.051038371896672,0.4,0,true
XRPUSDT,1732977900000,1732986900000,24.363660352049042,1.2938702895034784,0.17251603860046857,1,false,2.809987906597324,14,6,592,93,0.8627197239296891,11.518141139684086,0.35,0,true
XRPUSDT,1732996800000,1733003100000,26.099846994354536,0.8874010308730504,0.3241404963069236,4,false,2.462552617409208,20,6,597,82,0.2968932244724752,12.787608268239548,0.4,0,true
XRPUSDT,1733005800000,1733011200000,26.833319727605843,0.9205020920502007,0.12029288702928707,3,false,2.3734837548914056,22,6,599,81,2.2087186261558696,14.160564853556487,0.4,0,true
ETHUSDT,1733018400000,1733021100000,6.258401086070495,0.500568212565615,0.24379024839005797,1,false,0.9178585462551918,2,0,101,42,0.4256160731702041,8.647814670151035,0.45,0,false
XRPUSDT,1733031000000,1733043600000,22.469217773201475,1.0171306209850175,0.3319057815845815,9,false,2.4345401606958963,5,0,606,75,0.04251700680272821,4.692184154175577,0.45,0,true
ETHUSDT,1733103900000,1733109300000,5.586431443508949,0.542864821284596,0.053748992206396125,1,false,0.7881526818185488,1,1,125,16,0.6594814591498341,9.634150265831465,0.4,0,true
ETHUSDT,1733118300000,1733128200000,3.766676953116199,0.7604676454594834,0.150081566068515,4,false,0.9683515528336422,5,1,129,78,0.09897392511604723,8.129407656368643,0.45,0,false
XRPUSDT,1733119200000,1733128200000,47.88132374757981,2.39619913241067,0.12394133443503878,4,false,3.3359157841465157,6,1,631,98,2.5315391084945347,20.414514907388277,0.5,1,false
SOLUSDT,1733145300000,1733147100000,-6.74867446819797,0.7049480212376802,0.12492749743452511,2,false,1.4095624042917019,13,1,38,100,-0.5067117077073457,0.6304376924106467,0.5,1,false
ETHUSDT,1733139900000,1733148000000,1.1810272696032211,0.5049464138499618,0.029801029388832792,1,false,1.0665054775501388,11,1,135,87,0.45031714834502473,7.816259551788428,0.4,0,true
ETHUSDT,1733151600000,1733153400000,2.544553100920485,0.504155917024693,0.05473378477244997,1,false,1.067710934525878,15,1,138,91,0.7015726138677714,8.953251980917218,0.4,0,true
XRPUSDT,1733171400000,1733174100000,54.771902328658854,1.8537552308934728,0.3156890096175002,3,false,4.604799052824273,20,1,645,98,1.6032948444509851,8.49423684017327,0.45,0,false
SOLUSDT,1733212800000,1733218200000,-3.844790146377105,0.6985679357317475,0.4060426126440702,4,false,1.4238863997059419,8,2,57,85,-0.7769193837021522,0.3645651414600105,0.45,0,true
SOLUSDT,1733224500000,1733233500000,-5.264155819675474,0.5242580415852045,0.062200106628760785,1,false,1.4220095005709406,11,2,60,81,-1.0845026780576286,0.7464012795450536,0.45,0,true
XRPUSDT,1733261400000,1733264100000,32.007846129333885,1.3525835866261426,0.18996960486321784,1,false,5.418816737130594,21,2,670,93,2.4653610960600614,1.6056231003039583,0.45,2,false
ETHUSDT,1733238900000,1733274000000,0.418698696101276,1.5730836036177773,0.6000595843709046,1,false,1.1442552623929894,15,2,0,90,0.5166327109045662,6.912447601861453,0.4,0,true
BTCUSDT,1733249700000,1733276700000,0.05545033315272971,0.5060790241715235,0.0455691110566377,2,false,0.8644821277991974,18,2,0,94,0.4285775826291004,0.6356279912367439,0.5,1,true
ETHUSDT,1733275800000,1733277600000,3.5837991316388926,0.6508520319583863,0.9522790792075748,2,false,1.0940059179745525,1,3,7,84,1.9479642436788347,9.14124963642369,0.45,0,true
SOLUSDT,1733283900000,1733290200000,1.216690353420931,0.6336867897427232,0.49850027459759977,2,false,1.832944205738735,3,3,3,97,0.4938584272508615,0.5744285115667727,0.5,1,true
XRPUSDT,1733283000000,1733291100000,26.51506674377134,1.415615141955829,0.4455835962145057,1,false,4.682279444320211,3,3,676,76,0.8170192611304137,1.7034700315457463,0.4,0,true
XRPUSDT,1733310900000,1733314500000,29.706822386189486,1.1160036440935268,0.303674460977832,1,true,3.3725590698899364,11,3,684,50,0.639909125331319,0.25242939568782435,0.45,0,false
ETHUSDT,1733330700000,1733332500000,4.629211544038853,0.6997534074364509,0.49211064968276497,8,false,1.3141891456468333,16,3,23,100,1.0364677094225327,10.998360894090101,0.5,0,true
BTCUSDT,1733334300000,1733338800000,-0.2884410131069123,0.5695052410156629,0.3372098005059836,6,false,0.727245130533807,17,3,4,73,-0.9211529282326434,0.24292191797790236,0.55,0,false
SOLUSDT,1733335200000,1733344200000,-2.412399704511175,1.1167425478910722,0.7731294562322751,7,false,1.7558738144427741,18,3,5,91,-1.7099484030531706,1.0845288205480532,0.5,1,false
XRPUSDT,1733337000000,1733346900000,15.452019922838362,3.251256072748413,0.8719843873271564,1,false,3.9105956203647456,18,3,691,51,2.540396468432467,3.5086990823402315,0.4,2,false
ETHUSDT,1733356800000,1733361300000,6.414079984009574,0.5256582514202244,0.03981068969400722,20,false,1.2529424358434815,0,4,30,93,-0.3072504860238925,13.22056380183313,0.55,0,false
ETHUSDT,1733364000000,1733366700000,5.293975139374103,0.7542649536647034,0.12215669755686269,1,false,1.2807356185179817,2,4,32,94,0.6256086327148305,12.771176820467831,0.55,0,true
SOLUSDT,1733365800000,1733367600000,-3.635331260503827,0.9332530535007688,0.2451402029933002,19,false,1.7666963791041652,2,4,13,84,-0.4894804637183404,0.24196142080345232,0.5,0,false
XRPUSDT,1733374800000,1733376600000,9.20438311772612,0.7771907610356643,0.4060603414399898,1,true,4.549311649586194,5,4,702,59,3.0883069697372543,0.2925380954460277,0.4,1,true
ETHUSDT,1733373000000,1733388300000,6.055006831129389,0.8488277043245847,0.14142803389082323,1,false,1.4105149696623343,4,4,34,100,0.4281994356378179,14.000808312703208,0.55,0,true
XRPUSDT,1733391900000,1733402700000,13.440116962190016,1.0260061141588923,1.0678839147368013,6,false,4.034492088748689,9,4,707,47,1.5465213746856543,3.749459078409198,0.45,0,false
SOLUSDT,1733416200000,1733425200000,1.868863800652278,0.8975380614855575,0.3397223503753732,2,false,1.756873497192705,16,4,7,83,-0.9686232303998689,0.7496959275258723,0.45,0,false
XRPUSDT,1733425200000,1733427900000,11.73310010754097,0.8418925745074937,0.33254756693046983,9,false,3.206401220000868,19,4,716,11,0.5005047106325622,2.9024246506145843,0.45,0,false
XRPUSDT,1733450400000,1733452200000,7.815641848753661,0.8168230795968087,0.35192909280499535,2,false,3.2388782869403823,2,5,723,5,1.0626202553787043,0.07603406326033708,0.45,2,true
SOLUSDT,1733449500000,1733455800000,3.810999219006781,1.2489215726551877,0.4601290004519143,1,false,2.1490209826447204,1,5,3,100,3.024471867810077,1.2866508092083044,0.45,0,false
BTCUSDT,1733450400000,1733474700000,1.1154210050595523,0.5178127377019505,0.2397622443056437,2,false,1.8085665412781702,2,5,1,97,0.4185936361054726,2.376129860735584,0.5,1,true
XRPUSDT,1733489100000,1733497200000,4.333780219189877,1.0841416845893939,0.1448448404512074,2,false,2.4973863024977945,12,5,734,2,1.433707471062773,0.9458807005223174,0.45,0,true
XRPUSDT,1733529600000,1733531400000,10.684324409806319,0.9188939705450437,0.7510594553769807,6,false,2.3982951069444916,0,6,745,11,0.8118173829351001,1.80527000377628,0.45,0,true
SOLUSDT,1733584500000,1733590800000,2.9319185602175857,0.5397037904777928,0.9162413187180979,2,true,1.017984163876238,15,6,8,8,0.9725758650916276,0.835519547958061,0.4,0,true
XRPUSDT,1733592600000,1733596200000,13.702572765900126,0.8852747957058168,0.11216151257811792,7,false,1.886969374184538,17,6,762,4,1.6713881019830075,0.007010094536133483,0.5,0,false
XRPUSDT,1733599800000,1733603400000,11.643321013929599,0.5875769445998855,0.395715085138701,1,false,1.8789965946730207,19,6,764,4,1.5660316435259998,0.22283955552002102,0.5,0,true
XRPUSDT,1733616000000,1733619600000,15.93398122349054,0.7277114060006981,0.5564851928240643,1,true,1.8734473258665718,0,0,769,14.000000000000002,1.759968571989784,0.14009417441723174,0.55,0,true
XRPUSDT,1733659200000,1733679000000,11.067807705589802,0.9132600616747015,0.34395508816320675,2,false,1.7218607592385509,12,0,781,2,0.9795368020304636,1.0959120740096628,0.55,0,true
XRPUSDT,1733697000000,1733701500000,11.263387218999274,0.6950106775383431,0.3455639681615271,1,false,1.6591132188288698,22,0,791,6,0.579879353959911,0.08542030673656384,0.6,0,true
ETHUSDT,1733731200000,1733733900000,2.226703809391826,0.6252191338040564,0.24389432440248965,1,false,0.790304532580601,8,1,134,43,0.04568202756744386,1.349295515921667,0.6,1,false
BTCUSDT,1733731200000,1733739300000,1.1769589635676738,0.5725646042886251,0.4847343057666718,1,false,0.7136603719712025,8,1,79,44,0.39724902276941904,0.8738663370698704,0.5,0,false
XRPUSDT,1733751900000,1733760000000,4.01660557569401,1.107516177202586,0.7507881201260994,1,false,2.1091249710144764,13,1,807,52,2.2854027760305278,0.6139040982246617,0.6,0,false
XRPUSDT,1733773500000,1733775300000,2.9762102822678247,0.9439430322099923,0.38088929369876107,1,false,2.0921438558434016,19,1,813,50,1.3409723087142347,0.9894841434131099,0.55,0,false
SOLUSDT,1733801400000,1733805900000,-8.953934750505454,1.6679195639917228,0.46983649689907914,1,false,2.4674334444256774,3,2,26,98,-3.2099680392792527,4.914489757564371,0.4,0,false
ETHUSDT,1733805000000,1733813100000,-3.8114110777765235,0.7934258231894118,0.12715330477108452,6,false,2.009227565900581,4,2,8,98,-1.3908202122197437,26.4529326288221,0.6,1,false
XRPUSDT,1733812200000,1733826600000,-6.981781279918973,1.4498626682876314,0.12157233553964271,17,false,4.013987571747711,6,2,9,97,-1.297190910717477,7.559097663109562,0.5,0,false
SOLUSDT,1733835600000,1733841000000,-8.981264260069558,0.7906976744185994,0.2697674418604709,2,false,2.058154595181352,13,2,36,87,-0.8676286363847281,3.4629274965800505,0.35,0,false
ETHUSDT,1733839200000,1733841900000,-3.2824649150133904,0.6422163432801826,0.21442949692159655,6,false,1.5650379089542075,14,2,18,85,-0.8050536212722164,10.454909343492377,0.55,1,true
XRPUSDT,1733841000000,1733844600000,-6.858277984659333,1.0139416983523335,0.3032772044178856,9,false,3.4535876105829955,14,2,17,85,-1.917489831493315,0.26978091616874733,0.45,0,true
ETHUSDT,1733858100000,1733877900000,-5.953931515363452,0.8645351858436034,0.892979241309523,15,false,1.940910567013929,19,2,23,91,-2.90035894064006,25.471708144253704,0.6,0,true
XRPUSDT,1733904900000,1733906700000,-0.6740859129938213,1.0272790055248444,0.3107734806629875,1,false,3.5034919800617628,8,3,0,73,-1.417309266359355,2.168939917127077,0.5,0,false
XRPUSDT,1733938200000,1733948100000,4.238501594508473,0.9751402025613257,0.3431823888842381,10,false,2.958077519430604,17,3,8,59,2.3555781104626705,1.3074792454553088,0.5,0,true
XRPUSDT,1733959800000,1733961600000,4.976013645270074,0.5543145528253619,0.11169024571853746,7,false,2.402664258920697,23,3,14,51,0.6219163315228525,1.5902563557068337,0.55,0,false
XRPUSDT,1733984100000,1733989500000,4.898085666710079,0.6889396140278045,0.6432869890018612,8,true,2.2664696628356387,6,4,21,44,-0.06179196704428658,0.27149477761639806,0.5,0,true
XRPUSDT,1734037200000,1734041700000,2.2579635020380606,0.8858890529424134,0.1012444631934267,1,false,2.0306735588058964,21,4,36,20,1.7727020922998382,0.638683821978492,0.55,0,false
BTCUSDT,1734045300000,1734054300000,1.6560977524945146,0.638183320131501,0.07141979556957537,2,false,0.8239153294493398,23,4,36,40,0.6538792053176753,0.16065292010406615,0.5,1,false
SOLUSDT,1734074100000,1734088500000,-2.089806543128111,0.8410840639045821,0.20025811045348094,1,false,1.1376009506589413,7,5,11,9,-0.9638341144221447,0.627475412754215,0.3,1,false
XRPUSDT,1734074100000,1734089400000,-1.3766794630649435,1.2685536762167704,0.3753883327580321,1,true,1.7951869976445118,7,5,0,2,-1.8742545578463128,0.07407087791969325,0.55,2,false
ETHUSDT,1734044400000,1734101100000,1.8414972137605994,0.9043927648578811,0.09612403100774676,1,false,1.1982807945557243,23,4,28,59,0.5144554742409881,13.573567706824505,0.65,0,true
XRPUSDT,1734103800000,1734109200000,4.916474564336026,0.801068090787703,1.4477636849132343,5,false,1.7440659780826362,15,5,2,12,3.1184243750526077,0.6873748331108059,0.5,0,true
SOLUSDT,1734107400000,1734138900000,-3.239566427008063,0.8451837939361356,0.6215901976567457,2,false,1.201381041847724,16,5,20,19,-1.7470549010891214,2.2974242017708564,0.3,1,false
XRPUSDT,1734139800000,1734147000000,2.869939256351724,0.8055188367481764,0.7972571050892399,1,true,1.5437814957347045,1,6,12,1,0.8721170538150004,0.42961004626570504,0.55,1,true
ETHUSDT,1734109200000,1734172200000,2.216518178076097,0.5236861157942351,0.003325803373390737,1,false,1.0609027184255673,17,5,46,21,0.9609468917885744,4.360895715597775,0.7,1,false
XRPUSDT,1734186600000,1734201000000,1.0713149995878015,1.00617902471609,0.06262525050100437,1,false,1.5223905325587128,14,6,25,3,0.6036976480945873,0.23536656646627355,0.6,0,false
XRPUSDT,1734222600000,1734228000000,1.6282583112147724,0.5150538084669904,0.1172480214396253,9,false,1.3515443377573468,0,0,2,1,0.46220429429806614,0.9337967421799565,0.55,0,true
XRPUSDT,1734314400000,1734321600000,2.915960064362723,0.9878482268330913,0.30586095726213414,10,false,1.2483563969750353,2,1,3,21,1.994814319170285,0.3916260229809094,0.55,0,false
ETHUSDT,1734335100000,1734339600000,2.8828737298754965,0.518904384125205,0.021904260756374035,1,false,0.871206121542892,7,1,23,50,0.3948759483961499,0.11083739050444512,0.65,0,false
SOLUSDT,1734394500000,1734396300000,-3.5466875907513207,0.5017261219792881,0.28078250863061616,3,false,1.1893369278062955,0,2,21,82,-0.9659403039736244,0.5673187571921822,0.25,0,true
XRPUSDT,1734412500000,1734415200000,3.9783374787407677,0.6221216773046813,0.3272198432576462,1,false,1.525713501054529,5,2,12,62,0.11687421915930774,0.9595851752674825,0.5,1,true
SOLUSDT,1734398100000,1734419700000,-5.476606710134884,0.9772748527073669,0.09819508089404655,1,false,1.2986658624095486,1,2,22,94,-1.8002969561989717,0.49331338258672885,0.3,0,false
SOLUSDT,1734440400000,1734445800000,1.7354843221620477,1.071476405196663,0.9509353096120342,1,false,1.288160527090677,13,2,0,100,2.279292291027266,3.1541586677976428,0.3,0,false
XRPUSDT,1734445800000,1734447600000,10.320418864930907,0.8912724747279842,0.976155567559229,17,false,1.9092613884109333,14,2,21,100,2.2431287174901873,0.6091326491241633,0.55,0,true
SOLUSDT,1734449400000,1734452100000,-0.5540549726304993,1.1032416235358244,0.5402705893035493,1,false,1.4121393592566593,15,2,0,100,-1.3022710886805995,2.390609078160152,0.3,0,false
XRPUSDT,1734459300000,1734462000000,9.00123151100362,0.7580086085399859,0.18283624728602121,3,false,2.0551695439351843,18,2,25,98,1.7186358568187832,0.5999314364072565,0.55,1,false
SOLUSDT,1734459300000,1734470100000,1.8151944698836793,0.6006006006005941,0.030913266207380843,1,false,1.5606176098005233,18,2,1,99,0.5262459647105637,2.038067479243929,0.3,0,false
XRPUSDT,1734469200000,1734474600000,7.828715470003054,0.7396563679790471,0.16179983049541494,4,false,1.9541185502821963,21,2,28,94,0.2506169031462041,0.6673172903236774,0.5,0,false
SOLUSDT,1734488100000,1734502500000,-2.2404277866289624,1.2008882041056808,0.4939502424434563,1,false,1.6347107298789525,2,3,0,99,-2.1947505150944986,2.571965176759663,0.25,0,true
BTCUSDT,1734507000000,1734524100000,1.0703371577641185,0.6689495054438199,0.2953940691810019,1,false,0.878465994479016,7,3,164,97,0.266882251319737,1.211967009670735,0.45,0,true
XRPUSDT,1734524100000,1734527700000,5.825037930922346,0.8010680907877333,0.361266001727789,4,false,1.8506905999028163,12,3,43,78,1.9517613456045666,0.6322155030236482,0.45,0,false
SOLUSDT,1734525900000,1734533100000,-2.8241250841800887,0.5058401545111718,0.14255495263496837,1,false,1.2823467031526967,12,3,11,75,-0.45030556449018505,1.1337972756164665,0.3,1,true
XRPUSDT,1734544800000,1734548400000,1.175610743416064,0.7968775410635901,0.30899333224914827,1,false,1.9782135323772998,18,3,49,78,0.3938766394607562,0.32336849197313494,0.4,0,true
XRPUSDT,1734560100000,1734573600000,-3.720876612163398,1.6475583864118966,0.04246284501061103,1,false,2.7372253320977156,22,3,2,100,-0.13606599200612687,2.1300749599202513,0.45,0,true
XRPUSDT,1734613200000,1734620400000,-1.9840554005870523,1.0451206715634898,0.033578174186774896,1,false,2.237020796008715,13,4,17,74,-1.5982398605172476,0.9512388376126785,0.5,0,true
BTCUSDT,1734623100000,1734626700000,-1.8734525990094477,0.7077643775540774,0.041961526961034404,1,false,0.9597107049473925,15,4,20,88,-1.7549018836451789,0.45497857071664555,0.5,0,false
SOLUSDT,1734625800000,1734629400000,-6.513762036700419,1.202616894362132,0.7408120069270695,6,false,1.5578368882785332,16,4,38,69,-1.2544288039835318,1.2937823291717765,0.35,1,true
XRPUSDT,1734623100000,1734629400000,-4.075984754135765,1.6394828023324672,1.512718668131499,3,false,2.356116428130707,15,4,20,83,-1.9775318719232615,1.629479646164196,0.55,1,true
SOLUSDT,1734667200000,1734672600000,-9.527547643678961,0.7195338231568361,0.11654421079300217,1,false,2.243131397501508,4,5,50,93,-1.0074044225054148,17.25781562974368,0.4,0,true
SOLUSDT,1734678000000,1734679800000,-12.293677623150678,1.6851580489847178,0.4710069081013218,1,false,2.284117547816945,7,5,53,91,-1.7080261655072122,17.60682271220854,0.4,0,false
XRPUSDT,1734678000000,1734681600000,-5.2230185613617115,0.5565142364107046,0.1768766177739523,8,false,2.608734592376527,7,5,35,75,-0.7672083099866497,2.219585849870578,0.55,1,true
SOLUSDT,1734720300000,1734723000000,-10.5336322214854,0.7107766279920483,0.4076513013483857,2,false,2.724827618149085,18,5,65,92,-0.9369631981677222,20.94089011461228,0.35,0,false
XRPUSDT,1734727500000,1734729300000,-5.395592559325271,1.0072895957587873,0.06185111552904113,1,false,3.3195039532060355,20,5,49,92,-1.5076252723311434,0.1347470731168543,0.6,0,true
BTCUSDT,1734730200000,1734732900000,-4.598817057560348,0.5402809087259339,0.21100832725587376,1,false,1.3746557040910303,21,5,49,81,-1.5333542149209904,0.6431401724891279,0.45,0,false
ETHUSDT,1734730200000,1734732900000,-7.859846569366191,0.5359427707339721,0.45132022798650634,1,false,2.21033464130573,21,5,49,91,-1.833441675695198,20.212594670276463,0.65,1,false
SOLUSDT,1734788700000,1734800400000,-11.473298557325528,0.8662638361584967,0.5079942249077529,1,false,1.9535165983607656,13,6,84,62,-1.4021942734814048,9.527550092814026,0.3,1,true
ETHUSDT,1734788700000,1734801300000,-8.173960769838452,0.6148969143408267,0.104982400009415,1,false,1.5407838634909703,13,6,66,53,-1.2353694650747444,1.1899695382372784,0.6,0,true
ETHUSDT,1734827400000,1734836400000,-8.790777259942189,0.5797247717315084,0.15287161159331078,15,false,1.4228476645589683,0,0,76,36,0.058343578187837634,0.2599879966686268,0.6,0,true
SOLUSDT,1734848100000,1734849900000,-12.14782384372591,0.7036446594469798,0.02748611950963825,6,false,1.8885146569818225,6,0,100,33,-0.6358254768691057,12.598247170893027,0.35,0,false
XRPUSDT,1734848100000,1734855300000,-5.875030864694885,0.6184735356070368,0.4302424595527394,6,false,1.977747048334412,6,0,82,1,-1.0672978162818851,1.093532918029847,0.6,1,false
SOLUSDT,1734873300000,1734876900000,-8.97492637059963,0.6431902235086119,0.09647853352629406,1,false,1.5995545466162255,13,0,107,11,-0.16656815861587354,4.902902303471196,0.35,0,true
ETHUSDT,1734884100000,1734896700000,-8.634635791207021,0.9652994581404589,0.4437745959976599,7,false,1.3169067751389685,16,0,92,18,-1.9478448810388582,0.4739001503137956,0.65,1,true
XRPUSDT,1734878700000,1734897600000,-5.433531562974048,1.141583054626526,0.807134894091416,1,false,1.8111693590007287,14,0,91,4,-2.505393862005203,1.680267558528445,0.6,0,true
SOLUSDT,1734884100000,1734898500000,-10.661194945506628,1.3082986643310632,0.05474052988832621,7,false,1.744038987473846,16,0,110,18,-2.293602621260129,12.123643216866373,0.4,2,true
BTCUSDT,1734914700000,1734923700000,-4.989545491050665,0.6343369000937874,0.08566132760288284,1,false,0.9147150551519249,0,1,101,35,-0.43577750109364394,2.0519672400038993,0.45,0,false
SOLUSDT,1734921000000,1734923700000,-11.443441827357002,1.4550117069907536,0.03902330248633804,2,false,1.8717942046955371,2,1,120,28.999999999999996,0.14608382964379105,12.047936467484806,0.45,1,false
SOLUSDT,1734944400000,1734961500000,-7.918782640025497,0.9903121636167788,0.13993541442412233,17,false,1.8845247789081039,9,1,127,40,-0.7468300021491591,10.240834999231154,0.4,1,true
SOLUSDT,1734962400000,1734964200000,-8.430917991601037,0.5361636940584253,0.10395010395010269,1,false,1.7245907428358405,14,1,132,12,-1.5087376533159673,12.062299720194495,0.45,1,false
ETHUSDT,1734944400000,1734966000000,-6.96173541072898,0.7111489218934349,0.19081797103881498,17,false,1.445088596143047,9,1,109,39,-0.9242673927061702,0.6276606532586458,0.65,0,true
SOLUSDT,1734970500000,1734974100000,-9.100386894383334,1.292962356792131,0.398254228041472,2,false,1.8378303756947614,16,1,134,30,-0.69130695117305,11.74439248694571,0.45,0,false
XRPUSDT,1734972300000,1734974100000,-4.712474482745875,0.5894986976191625,0.8134168075675097,8,false,1.8603496182520016,16,1,117,28.999999999999996,-0.9364241450539349,0.4894717868258773,0.6,1,false
ETHUSDT,1734976800000,1734980400000,-5.8703013642360045,0.7432482813129151,0.25530518812353503,1,false,1.4980876717442215,18,1,118,50,-0.9391146591410965,0.18587222946017418,0.7,0,true
XRPUSDT,1734976800000,1734985800000,-6.013915158102563,0.968111952282639,0.23858683184215973,1,false,1.910509445735748,18,1,118,33,-1.1111617104604024,0.8952104203308369,0.6,1,false
SOLUSDT,1734992100000,1734999300000,-4.146410679432525,0.605744125326369,0.3394255874673659,1,false,1.8233722710955338,22,1,140,41,-1.1856474258970364,6.959515106303655,0.45,0,true
SOLUSDT,1735011000000,1735014600000,-5.072637690363596,0.655807065792247,0.21683943304422731,7,false,1.6991931131546394,3,2,145,16,-0.8058993942586258,8.32847018646683,0.5,0,false
XRPUSDT,1735032600000,1735047000000,-1.853401214672456,0.5171645118145366,0.0891662951404271,1,false,1.4459437933145218,9,2,133,1,-0.8385465193664279,0.7044137316094533,0.6,0,false
ETHUSDT,1735059600000,1735064100000,-1.0815808694982751,0.6443804133534388,0.2060186046245402,1,false,1.185084182541494,17,2,141,10,-0.29041376801840796,3.883386660857873,0.7,1,false
SOLUSDT,1735056000000,1735071300000,0.2561452603556824,1.4485413290113376,0.07597244732577273,1,false,1.4781031884457503,16,2,0,11,2.181743336420711,7.005277305609352,0.45,0,false
SOLUSDT,1735129800000,1735137000000,-0.7682929431642237,0.5125862768981017,0.26898091758018733,3,false,1.2133529651225763,12,3,0,7.000000000000001,-0.5018248175182528,4.499255650290954,0.45,0,false
XRPUSDT,1735174800000,1735186500000,-0.594869242893233,0.8361640972040809,0.38324187788519815,1,false,1.094465958834037,1,4,0,5,-0.7575757575757708,0.3952181865691215,0.55,0,true
ETHUSDT,1735235100000,1735246800000,-4.642797488965674,0.5307560584190212,0.15360845384424202,1,false,0.9393480858810681,17,4,30,23,-0.6447761194029823,0.3269040139904575,0.65,0,true
XRPUSDT,1735255800000,1735259400000,-4.725335789547101,0.5640575153728785,0.16644320125757306,1,false,1.283373812530086,23,4,22,37,-1.3709343515664658,1.627042597800444,0.55,0,true
XRPUSDT,1735270200000,1735277400000,-4.554110110300208,0.5696958559220787,0.14701828539925074,3,false,1.3385492366008362,3,5,26,49,0.22157595900844365,0.9873795988158484,0.6,0,true
XRPUSDT,1735286400000,1735290900000,-5.429151980205575,0.5284926470588163,0.11488970588235049,3,false,1.3856269648769122,8,5,31,55.00000000000001,-0.009200901688364446,0.8088235294117572,0.6,0,false
XRPUSDT,1735299900000,1735310700000,-2.1823302743226383,0.9222423146473767,0.19891500904160955,6,false,1.4990985457431933,11,5,35,68,-0.856588972544075,0.7712477396021432,0.6,0,true
XRPUSDT,1735311600000,1735313400000,-4.263417081517071,0.5885057471264536,0.44137931034481986,1,false,1.4893334813460257,15,5,38,65,-1.6328957599597622,0.8551724137931115,0.6,0,true
SOLUSDT,1735318800000,1735320600000,-5.346556590272852,0.5419327144926709,0.7624617695981072,6,false,1.4286281198877457,17,5,40,63,-1.0141661300708384,13.361173746952351,0.45,0,true
XRPUSDT,1735320600000,1735322400000,-5.204855155309907,0.5899019926610691,0.05109387338007603,8,false,1.5321328307128095,17,5,40,69,-0.29294150469636254,1.1798039853221176,0.6,0,false
ETHUSDT,1735323300000,1735330500000,-3.2438917057561327,0.5054365537878098,0.4769946375137132,14,true,1.146783883341486,18,5,54,65,-1.3196242806143104,0.46441944046840994,0.65,0,true
XRPUSDT,1735398000000,1735407000000,-2.998276716181418,0.5776107087191686,0.307142202255429,1,true,0.9407149236008905,15,6,62,3,0.06920095958662173,0.10620091073011574,0.6,1,false
BTCUSDT,1735398000000,1735425000000,-2.3815434796723705,0.5335295934947348,0.16564723149807498,1,true,0.5140253232875943,15,6,55,5,-0.04808581468466802,0.04432340712036552,0.45,0,false
XRPUSDT,1735483500000,1735489800000,-2.916786366153917,0.5567057740970682,0.40027605244997244,1,false,0.7312808189184575,14,0,86,9,-0.30397936624906585,0.05060961582699134,0.6,0,true
SOLUSDT,1735488000000,1735491600000,0.839189316034638,0.5867819641754245,0.0926497838171746,2,false,0.9397395839943982,16,0,13,28.999999999999996,0.6781240294026308,0.04753697689397286,0.5,1,false
SOLUSDT,1735505100000,1735511400000,-0.5882224218130285,0.6002714270800591,0.07307652155758157,1,false,0.9388648914336393,20,0,4,28.000000000000004,-0.7933215804210313,1.4193320022966447,0.5,0,true
SOLUSDT,1735526700000,1735534800000,-0.5444029090440158,0.5724396336386315,0.08846794338050973,2,false,1.101533610953499,2,1,10,56.00000000000001,-1.1712501934884734,7.153066888703837,0.5,0,true
XRPUSDT,1735531200000,1735534800000,-5.144216613560934,0.5633402764627816,0.16568831660669553,1,false,1.125548963262383,4,1,99,48,-0.6368525332578576,0.6611752824591309,0.65,1,true
XRPUSDT,1735538400000,1735540200000,-6.661040525202258,0.6163031441090049,0.26481775723434253,2,false,1.2244783524580218,6,1,101,55.00000000000001,-1.5116833571769117,2.3817548590046003,0.65,0,false
XRPUSDT,1735544700000,1735560900000,-6.402687751311682,0.6998745052611235,0.4488850275123123,1,false,1.3093666109313724,7,1,103,64,-1.0465674507921394,2.633780609453936,0.6,0,false
XRPUSDT,1735565400000,1735567200000,-5.7250320131705354,0.6518904823989602,0.5359988410835814,1,false,1.300715614973379,13,1,108,60,-1.5598832480022948,1.3037809647979204,0.55,0,true
ETHUSDT,1735596000000,1735606800000,-2.8797557712905544,0.58453730052738,1.0612875810993727,1,true,1.0849812311169686,22,1,9,90,-2.109456366321656,0.5182238870157078,0.65,0,true
ETHUSDT,1735607700000,1735625700000,-2.54791373701698,0.5310879664992232,0.2528134482376463,1,false,1.0839323951775055,1,2,12,89,-1.026827810019007,0.6298789698496524,0.65,0,false
SOLUSDT,1735666200000,1735668000000,3.0689843956858307,0.5105987931301154,0.19598741554490892,17,false,1.1561230184792548,17,2,7,65,0.0824020188494747,6.196984544501162,0.5,0,true
XRPUSDT,1735730100000,1735731900000,-2.266799757013039,0.513255167867397,0.03296134105569058,11,false,1.142714142800858,11,3,154,47,-0.5815044081785766,0.12556701354554867,0.55,0,false
XRPUSDT,1735751700000,1735754400000,4.81798490658537,1.182355616189168,0.9731696225557211,5,false,1.4189860022139227,17,3,4,89,2.8393351800554067,0.23798696377141534,0.5,0,true
XRPUSDT,1735794000000,1735795800000,9.993870835957201,0.8188638799571231,2.3022508038585245,19,false,1.746407722479864,5,4,16,96,2.2870358473596255,0.058847547593539835,0.5,0,true
SOLUSDT,1735819200000,1735827300000,7.542092794879933,0.5673622463698329,0.15386094816810347,1,false,0.9880959963156241,12,4,16,41,0.7732456988208114,1.1024411687937172,0.5,0,false
ETHUSDT,1735836300000,1735839900000,2.0230217730239994,0.6681803251292293,0.14320207916741834,1,false,0.8132081286692281,16,4,12,63,0.5390243831983805,1.3355559862714705,0.65,1,false
XRPUSDT,1735873200000,1735876800000,10.042875119626043,0.7226738934055941,0.18477457501848446,2,false,1.3814876851544686,3,5,38,64,1.5184023766298045,0.6704831801108944,0.55,1,true
XRPUSDT,1735885800000,1735888500000,8.902685791308453,0.7055831316404759,0.06153341264306752,1,false,1.3730089957685554,6,5,41,57.99999999999999,0.8480507183730579,0.5997666989585502,0.55,1,false
BTCUSDT,1735836300000,1735921800000,2.155954162864765,0.7052689380738713,0.532260883323489,1,false,0.7362036834557697,16,4,14,69,1.0939730763839557,0.8202772768068692,0.45,0,true
XRPUSDT,1735934400000,1735938900000,9.578108248628503,0.5210029306414817,0.25643112992510475,3,false,1.2154271016801488,20,5,55,28.999999999999996,0.557749460570779,0.16867072773625874,0.55,0,false
XRPUSDT,1736008200000,1736039700000,5.1992789725986075,0.740066978128748,0.1364369289287759,1,false,1.0530410889797277,16,6,75,13,-0.780675222758109,0.6477308747123316,0.55,0,false
XRPUSDT,1736104500000,1736118900000,3.735270938334845,0.5246589716684044,0.48268625393495435,2,true,1.013314829456685,19,0,102,28.000000000000004,0.6683761402328913,0.06995452955579969,0.55,0,true
ETHUSDT,1736181900000,1736185500000,5.160506968801823,0.5343257684480224,0.17891940248488092,3,false,0.8230367481282022,16,1,108,100,0.49775347804904113,7.394740921861907,0.6,1,false
SOLUSDT,1736182800000,1736212500000,6.670660812481076,0.759030635573844,0.4755372656607318,8,false,0.9835714687035294,17,1,117,84,1.0566762728145893,2.1021947873799713,0.45,2,false
XRPUSDT,1736184600000,1736230500000,4.789644968279971,0.8100208768267259,0.9311064718162834,10,false,1.078331587709427,17,1,124,56.99999999999999,1.1874505228948689,0.45233124565065763,0.55,2,true
BTCUSDT,1736181900000,1736250300000,5.217356277692089,0.7114192977279462,0.1289465919150249,4,false,0.7293124674428539,16,1,110,95,1.219339020735411,0.8690075735221693,0.45,0,false
XRPUSDT,1736305200000,1736311500000,-0.44070721890018966,0.8604371020478412,0.012906556530725737,4,false,1.709674208815795,3,3,0,100,1.7395453756723842,0.6367625662927603,0.55,0,false
XRPUSDT,1736351100000,1736356500000,-1.3666213586526512,1.2365428682606234,0.6701543516797028,1,true,1.804660157505401,15,3,13,100,-1.439158910720455,0.1675385879199401,0.5,0,true
ETHUSDT,1736360100000,1736362800000,-7.064773139976295,0.5663454767593773,0.10893573995052425,5,false,1.341874120645701,18,3,26,96,-0.6667845931984309,1.2572133141112563,0.55,1,true
SOLUSDT,1736359200000,1736376300000,-6.513713800981913,0.832014700627837,0.4900209279771364,4,false,1.476581435484496,18,3,26,100,-1.1679869997968633,7.879761818850664,0.45,0,false
SOLUSDT,1736411400000,1736427600000,-7.320088203790803,0.7220404134850215,0.8415147265077163,4,false,1.356815993408566,8,4,40,88,-1.8126577063700553,8.730130902290792,0.45,0,true
XRPUSDT,1736427600000,1736430300000,-1.81398823804224,0.6266045863974671,0.02175710369434415,1,false,1.5118357361673538,13,4,6,56.00000000000001,-0.6991792243887707,1.105343751877854,0.55,0,true
SOLUSDT,1736432100000,1736436600000,-9.186550433357322,0.6843501326259904,0.4456233421750681,2,false,1.4706046053199162,14,4,46,93,-1.5349032800672917,11.043169761273205,0.45,0,false
SOLUSDT,1736441100000,1736444700000,-5.919331643040562,0.5268923783191564,0.07303458709373799,1,false,1.5142219375764328,16,4,49,97,-0.06271230729030809,10.254703625285792,0.45,0,true
SOLUSDT,1736447400000,1736451900000,-8.072443585091705,0.8637943748024788,0.35289160434004835,3,false,1.6698641201319326,18,4,50,100,-1.3403567330760515,11.318731992034035,0.45,1,true
XRPUSDT,1736446500000,1736451900000,-1.971008452796272,0.6138947732480313,0.41502745233668376,1,true,1.7503857425549323,18,4,11,81,-1.4545141578449021,0.25119686924944434,0.55,0,true
SOLUSDT,1736455500000,1736457300000,-8.915067362440873,0.9425785482123561,0.3250270855904628,1,false,1.7228104477738069,20,4,53,100,-1.7921339271341972,8.791844290398593,0.45,0,false
SOLUSDT,1736460900000,1736462700000,-9.000209705494724,0.5129589632829467,0.03779697624189697,1,false,1.6943620848465395,22,4,54,99,-0.7363611932276294,9.08733507563488,0.45,0,false
XRPUSDT,1736523000000,1736531100000,-1.4740222882375227,0.8799964975263687,0.5166148592443427,1,false,1.3508504811829838,15,5,32,35,-1.985198084458002,2.2994426087934583,0.55,1,false
BTCUSDT,1736523000000,1736532000000,-2.1441413650929695,0.9646099641475208,0.29401807255294077,1,false,0.9157533952743728,15,5,71,77,-2.16933095251973,1.675167956761756,0.4,0,false
XRPUSDT,1736532900000,1736539200000,0.9529539343802278,0.9266476140989135,1.2340867757859075,1,true,1.5126073386181427,18,5,0,45,3.3658922914466642,0.4881525285967102,0.55,0,true
XRPUSDT,1736559000000,1736562600000,1.344885138616841,0.5193257279073722,0.05959475566149521,2,false,1.3267317949450066,1,6,7,26,0.6912442396313361,2.0221541139300334,0.6,0,false
SOLUSDT,1736560800000,1736589600000,-6.602067884063896,0.6721792477994235,0.28274206455054746,2,false,1.495516061339141,2,6,82,71,-0.3682160200651037,11.665177380634839,0.4,1,true
XRPUSDT,1736626500000,1736628300000,8.080535810148406,0.6350093853588324,0.1517632493310446,1,false,1.4704724946061396,20,6,26,56.00000000000001,1.8647549236779577,4.2778048852485675,0.55,0,true
XRPUSDT,1736630100000,1736639100000,10.641443856242596,0.9324746137737591,1.3789561025722048,2,false,1.5851181271778578,21,6,27,88,1.4470978965680834,6.993457418037232,0.55,0,true
XRPUSDT,1736703000000,1736704800000,6.421332131044821,0.6969334926324202,0.1712465153325268,8,false,1.322125973315213,17,0,47,32,1.5569198667790105,3.203570954466997,0.6,0,true
SOLUSDT,1736774100000,1736777700000,-9.474018279610785,0.7359550561797765,0.12921348314606165,8,false,1.3033615136455652,13,1,141,54,-0.7335647888901344,10.434851590235366,0.45,0,true
SOLUSDT,1736788500000,1736791200000,-8.60677545553877,0.5178430710345693,0.016886187098953696,1,false,1.7532693436758477,17,1,145,90,-1.3160105280842216,5.09269395183858,0.5,0,true
ETHUSDT,1736885700000,1736895600000,-2.23634592867741,0.5007953076846571,0.13576150710805904,1,false,1.0998698564330596,20,2,172,61,-0.2932733338505646,4.4045560928040555,0.6,2,false
BTCUSDT,1736878500000,1736906400000,1.539879670807759,0.6026036634146849,0.03241592120437312,1,false,0.9156563140583697,18,2,9,78,0.4831415972521738,1.0771568913114997,0.4,1,true
ETHUSDT,1736909100000,1736913600000,-2.141775524964679,0.5694785576108029,0.10836860229343304,1,false,0.9952752405790769,2,3,179,56.00000000000001,-0.6206191363230601,4.345705315498264,0.6,1,false
SOLUSDT,1736867700000,1736926200000,-2.0832039333984973,0.8649509153621778,0.09551605200317241,1,false,1.2868162847284668,15,2,167,66,-0.42043640234166685,9.200849031573362,0.5,0,false
XRPUSDT,1737004500000,1737009900000,19.980704385440397,0.6076531450156152,0.22335358843815714,4,false,2.570932365256613,5,4,62,96,1.3621449640406884,5.050911479717523,0.65,0,true
SOLUSDT,1737023400000,1737026100000,4.491226339474727,0.5986828976252188,0.09479145879065942,2,false,1.1354555934575432,10,4,20,56.00000000000001,0.8119079837618426,1.531630413091196,0.5,1,true
ETHUSDT,1737022500000,1737038700000,1.2176651858917014,0.6950174356627172,0.3113726293220174,1,false,1.0649392071012709,10,4,20,59,0.7553326484983987,1.1795731886590288,0.55,0,false
BTCUSDT,1737044100000,1737045900000,3.0904196469258824,0.5006193019147656,0.6597088265751618,1,false,0.8334459028591694,16,4,55,77,1.4991993226453704,1.1589652775159167,0.45,0,true
ETHUSDT,1737051300000,1737066600000,1.3686284854559385,0.7149824189586244,0.22126824334087677,9,false,1.1710660659654408,18,4,2,84,1.5983754017282723,1.1436429363970035,0.5,0,false
XRPUSDT,1737132300000,1737135900000,16.92677499591125,0.9480434984664058,0.3160144994887928,1,false,2.0097399979800636,16,5,98,53,0.9528554524506504,3.5401885759725658,0.65,0,false
XRPUSDT,1737142200000,1737144900000,15.18692043630469,0.5260372895072585,0.4419958290534508,1,false,2.00945422068064,19,5,100,50,1.0739596016359079,4.02361461283863,0.65,0,true
SOLUSDT,1737147600000,1737153900000,10.714733802228327,0.6293063849333836,0.3261368856224198,2,false,1.4129909042055255,21,5,55,80,0.9135369567223354,22.361849685461483,0.55,0,true
XRPUSDT,1737158400000,1737162000000,17.350546782129996,0.7516040329972489,0.20776046440573465,2,false,1.7999518393244394,0,6,105,45,0.21693962356391724,2.1071392198798167,0.65,1,false
XRPUSDT,1737167400000,1737169200000,15.360166425979383,0.5107692307692291,0.43692307692308346,1,false,1.7655064581670248,2,6,107,40,0.9728828216690303,2.5200000000000022,0.6,1,true
ETHUSDT,1737149400000,1737171000000,5.886034766679953,0.858477209094939,1.0605740360589413,4,false,1.0503629535192354,21,5,21,60,1.9169795456005323,0.9913714190694016,0.45,1,false
XRPUSDT,1737212400000,1737216900000,11.981976472641808,0.7169811320754764,0.26415094339622525,6,false,2.0160911697298274,15,6,120,43,1.2503561140831208,0.37421383647799505,0.6,0,false
XRPUSDT,1737244800000,1737248400000,13.293809686915603,0.5613969790018922,0.6730560466486788,2,false,1.7719436563166675,0,0,129,22,1.016644453398628,1.736918830061104,0.6,0,true
SOLUSDT,1737247500000,1737250200000,22.821346134756272,0.8311222100827094,1.0028094271890318,5,false,3.111630706302856,0,0,83,97,2.320368112636176,1.182858034738798,0.6,1,false
SOLUSDT,1737253800000,1737255600000,22.02409445270008,0.8128810379865501,0.4611536657808374,1,false,3.0223133726155322,2,0,84,91,0.7115211697095358,1.341030393711337,0.55,0,false
SOLUSDT,1737320400000,1737322200000,25.909638954001498,0.7191577698695129,1.0342526690391536,3,false,3.3789759191652147,21,0,103,91,0.35699827021457703,1.1454626334519693,0.55,0,false
SOLUSDT,1737352800000,1737354600000,10.018850359608862,1.134152903679792,0.5546587193178539,5,false,4.79938642781525,6,1,112,95,1.4501760928112701,45.67277442601325,0.5,0,true
XRPUSDT,1737362700000,1737364500000,10.42695389761208,0.681436305930675,0.7312216068205817,2,false,2.6846129281255657,8,1,7,89,1.0559102943466763,0.3740120729354564,0.65,0,true
XRPUSDT,1737386100000,1737388800000,12.721710411794055,1.4799154334038036,0.3775294472968945,1,false,2.6331029689888803,15,1,13,89,2.0156877052170747,1.2537752944729574,0.7,0,false
XRPUSDT,1737408600000,1737410400000,5.452814047081499,1.23709362912764,0.4059712943132103,3,false,3.1776427144973605,21,1,19,97,-0.27607653984070546,1.5748702703278783,0.65,0,false
ETHUSDT,1737411300000,1737417600000,-1.0195937646552422,0.6806360259560482,0.4663505275533762,1,false,2.24174696937855,22,1,0,88,-1.059487337062779,15.830116303888591,0.45,0,true
SOLUSDT,1737414000000,1737417600000,9.925508460071244,1.2542759407069606,1.237986642775693,1,false,3.7770683505581624,23,1,129,67,1.3460756405042709,5.740195878807617,0.5,1,false
XRPUSDT,1737416700000,1737439200000,3.703092943032662,1.900291356426027,1.1103917125283262,5,false,3.2457812967357476,23,1,22,95,0.5009312182904135,2.014136182151733,0.6,0,false
SOLUSDT,1737437400000,1737440100000,4.623403934009587,1.785714285714277,0.3011537156430302,2,false,3.708391607348623,5,2,135,57.99999999999999,1.4375637972099333,12.200967085171355,0.45,1,false
BTCUSDT,1737445500000,1737455400000,0.6268150202780917,0.5672900350007092,0.0795559775869831,3,false,1.645352976400635,7,2,6,76,0.3828846531735086,4.051969702590614,0.45,0,true
SOLUSDT,1737450900000,1737469800000,4.813901645507953,1.1996141101463802,0.008388909861167833,1,false,3.3299244781962694,9,2,139,44,0.5885320329577962,10.953819051214285,0.45,1,true
BTCUSDT,1737477000000,1737478800000,2.3801360217186605,0.5379859421725209,1.1519341532130116,1,false,1.392798964910761,16,2,14,69,2.257913643048284,1.7134139110311968,0.45,0,true
XRPUSDT,1737477000000,1737478800000,3.7008564107835524,0.5661282584359523,0.9275547737086172,1,false,2.2347584395989517,16,2,38,59,1.6261724126892725,1.5064768910922588,0.6,2,true
SOLUSDT,1737477000000,1737482400000,5.132761021561631,1.2051685579392017,1.2548662304315419,1,false,2.896548202971041,16,2,146,28.999999999999996,3.04625799172621,9.552306800298172,0.5,1,true
XRPUSDT,1737480600000,1737482400000,5.414956112046826,0.6070709612481088,0.00943633618520977,1,false,2.210668762123207,17,2,39,59,0.814496779896446,0.051375608119430406,0.6,1,true
BTCUSDT,1737497700000,1737501300000,4.858150811010781,0.599202755655608,0.005077989454703092,2,false,1.3510545955838271,22,2,20,63,0.34853944254424646,0.21984873233634872,0.45,0,false
SOLUSDT,1737499500000,1737522900000,8.122774769061966,1.4255966682684615,0.30033637674195096,18,false,2.736196333999094,22,2,153,22,2.223760843888734,5.928640076886104,0.55,1,true
XRPUSDT,1737537300000,1737546300000,4.450317849801148,0.6012658227848141,0.05696202531644942,1,false,1.3435435569266534,9,3,55,1,0.28144962367972076,0.16139240506329444,0.6,0,true
XRPUSDT,1737548100000,1737554400000,6.40169778400308,1.718745161190421,0.14864823015702083,1,false,1.2909542283981235,12,3,58,3,2.037469248722639,0.37574969289689925,0.6,0,false
ETHUSDT,1737560700000,1737572400000,-1.0484475504894193,0.558013302258224,0.07728210402049387,1,false,1.0103411928347676,15,3,2,6,-0.34418850939899226,2.158043794887672,0.5,0,true
ETHUSDT,1737587700000,1737599400000,-2.1655291347254915,0.5133760941558931,0.2083666761052354,1,false,0.9846203915651,23,3,9,4,-0.6131390447066559,3.3350294975043973,0.55,0,true
SOLUSDT,1737614700000,1737629100000,4.253103558136721,0.8610931435963873,0.10106727037516171,6,false,2.0871683114809234,6,4,185,9,1.1268866197469631,2.3652267949547134,0.55,0,false
XRPUSDT,1737640800000,1737642600000,0.6390838805248019,0.7258934702285655,0.7128143086028127,1,false,1.361706160523713,14,4,0,10,1.1136951750794262,0.4680471410354028,0.6,0,true
SOLUSDT,1737644400000,1737646200000,5.566334952658004,0.7420322763766168,1.4191874138350498,1,false,2.014151211817616,15,4,193,13,2.2056438533895664,2.672380585516174,0.55,0,false
SOLUSDT,1737650700000,1737652500000,4.940427233917282,0.8348979347261629,0.30759397595173643,2,false,2.1742321446245367,16,4,195,25,3.014729685982514,1.1507310350337476,0.5,0,false
XRPUSDT,1737650700000,1737652500000,1.809049449398107,0.9315278978200225,0.04801690194948804,4,false,1.5457288438274452,16,4,3,32,-0.39663652229097823,0.6676127774754586,0.6,1,false
SOLUSDT,1737655200000,1737659700000,5.743816524621995,0.7730931696819948,0.23910098031401703,1,false,2.1664654348610837,18,4,196,27,0.871755908345666,0.904847772375865,0.45,1,false
BTCUSDT,1737651600000,1737666000000,2.4958511709980575,1.655778339227911,0.08724692889854736,5,false,1.2144369766733536,17,4,3,50,-0.16763702163307073,0.8792998051293919,0.45,2,false
XRPUSDT,1737678600000,1737687600000,1.630263085206804,0.6683971447112249,0.18170019467878884,9,false,1.5807075470954495,0,5,10,38,0.8426326577089513,1.5606748864373723,0.6,0,false
ETHUSDT,1737681300000,1737694800000,-0.26179607691317713,0.6374829083950307,0.22788806621129848,2,false,1.383058741119871,1,5,0,51,-1.25528778745791,1.3211411300289548,0.55,1,false
SOLUSDT,1737691200000,1737696600000,5.246633002543029,1.7222178028796373,0.03977408320739112,1,false,2.2107120334026136,4,5,206,34,1.8428358749446798,0.7122046774321875,0.45,2,true
BTCUSDT,1737691200000,1737729900000,1.135977104176345,1.0647010647010646,0.012622247916371171,1,false,1.30171648137815,4,5,14,46,1.0728555029611055,2.211231799467098,0.45,1,true
ETHUSDT,1737708300000,1737733500000,3.1241601030023736,0.5765751963655349,0.14672174133369528,1,false,1.327781869124185,8,5,5,54,0.9352245190570189,1.104320351871728,0.5,2,false
SOLUSDT,1737743400000,1737747900000,8.960071163352474,0.5783866057838807,0.11415525114155683,4,false,1.8070475886271264,18,5,220,5,0.018947288642999497,0.6674277016742627,0.5,1,false
SOLUSDT,1737773100000,1737783000000,2.687973358926181,0.6844106463878359,0.06403842305383094,6,false,1.7805797802813643,2,6,229,1,0.07999999999999545,1.345057034220532,0.45,1,false
XRPUSDT,1737691200000,1737933300000,1.6786973863060148,1.5741694566057083,0.1770538243626082,1,false,1.5776321359060552,4,5,0,41,2.3876588497314355,1.2347268721206517,0.55,3,false
ETHUSDT,1738008900000,1738011600000,-6.076569774662751,0.5055809845017195,0.29615353730024246,14,false,1.3134192774590983,20,1,22,78,-1.3524731484910835,2.750945663918183,0.45,0,false
SOLUSDT,1738009800000,1738012500000,-7.2716942757642915,1.019752345858873,1.0283216933030452,15,false,2.2044784501110968,20,1,21,75,-1.3532031517643013,1.2953079678028703,0.4,2,false
XRPUSDT,1738008900000,1738012500000,-4.761424801025761,1.9658753709198822,0.6440517939034224,14,false,2.2126003845095354,20,1,22,95,-0.5787193718695043,1.1751416239546821,0.5,1,false
XRPUSDT,1738030500000,1738035000000,-1.3107750894721688,0.5173373497920839,0.43548017419207263,5,false,2.011796251717077,2,2,28,87,-1.4694433631763368,0.929897514816148,0.45,1,false
SOLUSDT,1738047600000,1738052100000,-1.605516801025319,0.5439747529274986,0.05813470641972692,1,false,1.8144019428430211,7,2,32,56.00000000000001,-0.9492364836978998,1.8903506113870465,0.35,1,true
XRPUSDT,1738061100000,1738066500000,1.7473898900004263,0.6558431120398641,0.17360552965760648,2,false,1.5972726061828961,10,2,8,73,1.4056094227890976,0.7828841955706572,0.4,1,true
XRPUSDT,1738067400000,1738073700000,2.4084448266000495,0.6487311581759198,0.4611079310564128,1,false,1.5545543572459901,12,2,9,72,1.7233661593554181,0.019398333651324665,0.45,1,false
SOLUSDT,1738069200000,1738079100000,-2.8619193917876005,0.8009780363391111,0.24029341090174172,1,false,1.6163689208387355,13,2,38,48,-0.7725898555592893,1.8594748176947558,0.4,2,false
BTCUSDT,1738082700000,1738088100000,-0.7068788973093729,0.6206329714438579,0.021475189323316782,2,false,0.8539433215093614,16,2,41,65,-0.9058050033004453,0.023050687303702615,0.45,1,false
ETHUSDT,1738015200000,1738102500000,-3.461403012792534,1.9316006850005076,0.31353883348443756,1,false,1.481753440112365,22,1,24,99,0.27671843739961877,4.691555098529664,0.4,0,true
ETHUSDT,1738107900000,1738109700000,-5.24689338017486,0.6757657648868383,0.19707124808539755,1,false,1.2699283930114202,23,2,50,83,-0.4740998597183947,1.5206430861627473,0.4,1,false
SOLUSDT,1738145700000,1738153800000,-4.066817349674942,0.5459078404401695,0.13325309491058024,3,true,1.3448582925586245,10,3,59,27,-0.9698782311471951,0.002171867081692242,0.35,1,true
XRPUSDT,1738106100000,1738175400000,0.11996705573371239,1.116020291278024,0.15054819178530315,1,false,1.7253281111585468,23,2,0,76,0.5233547036503995,0.9752904598265366,0.4,0,false
SOLUSDT,1738179000000,1738180800000,-3.733727534777053,0.9157109841712789,1.1947848079187238,1,false,1.3385829330303245,19,3,68,32,-1.1303133455529262,1.3819279020328816,0.35,0,false
BTCUSDT,1738180800000,1738182600000,0.7820378104818926,0.6319013112491431,1.0909757513018326,1,false,0.8035763405487337,20,3,1,62,0.5937298470834468,0.27828263222286387,0.4,0,true
SOLUSDT,1738189800000,1738192500000,-2.1437549358113834,0.9629661052899547,0.17392779875280898,2,false,1.8799859931344538,22,3,71,83,0.4711727919129591,0.018672673829026442,0.35,0,true
ETHUSDT,1738192500000,1738196100000,-2.804580919728974,0.5627549834230942,0.013057699106020696,1,false,1.3158729796490067,23,3,73,89,-0.04406200609842604,3.5491140196368383,0.4,0,true
SOLUSDT,1738197000000,1738199700000,-4.78587140648294,1.006974716652137,0.01743679163033655,3,false,1.9310935415664043,0,4,73,82,-0.9933059814295018,2.77856019791506,0.4,0,false
XRPUSDT,1738197900000,1738200600000,0.24482694630519555,0.6463557230089582,0.08769650513188154,4,false,1.527611292849013,0,4,0,51,-0.19819995451148564,0.012289800518995739,0.4,1,false
SOLUSDT,1738250100000,1738251900000,1.0663383797932204,0.5034743893812708,0.4618649357133879,1,false,1.3895175236106747,15,4,6,32,0.9426092759426173,3.3052885615611642,0.4,1,true
ETHUSDT,1738247400000,1738299600000,1.4005488170051719,0.7442015581913095,0.11610779497093347,4,false,1.0118945359378118,14,4,4,41,1.454970891247467,3.530945279236966,0.4,0,false
SOLUSDT,1738330200000,1738333800000,0.5704894651005612,0.5710236745581762,0.2834278092697594,2,false,1.048870347835457,13,5,0,4,0.7537372806833932,2.498332777592531,0.4,0,false
SOLUSDT,1738437300000,1738439100000,-5.336299997772864,0.7103218645948921,0.3374028856825709,1,false,1.0795724500826913,19,6,26,13,-1.0105467543356517,2.464736151750572,0.4,0,true
XRPUSDT,1738476900000,1738481400000,-4.914635640906513,0.7446881191500929,0.1981280317004784,16,false,1.536026050376903,6,0,36,88,-1.0520957067707346,1.540616246498589,0.35,0,true
SOLUSDT,1738493100000,1738494900000,-9.278569343877258,0.534057903120016,0.2342359224210625,2,false,1.5573089299134404,10,0,42,70,-0.3702835715959653,8.900401150705681,0.45,0,true
SOLUSDT,1738497600000,1738504800000,-10.587803863402561,0.6882475792671295,0.1661287260299954,2,false,1.6239091270637502,12,0,43,77,-1.3053107770604637,10.337381951915866,0.45,0,false
XRPUSDT,1738505700000,1738509300000,-7.040275818151345,0.832513699592519,0.24589012224252205,11,false,1.8300669647343837,14,0,44,100,-1.363652216370814,0.7294740293194752,0.4,0,true
ETHUSDT,1738533600000,1738535400000,-9.257490823791597,0.6322347814244915,0.28156067002587437,2,false,1.6233759557022511,22,0,27,100,-1.625054500839902,3.177711459799763,0.35,0,true
XRPUSDT,1738589400000,1738591200000,-19.060683808938556,1.1937557392102829,0.5885299273729027,2,false,5.716570800726116,13,1,67,89,-1.5414177701658263,3.7723992446904777,0.4,0,true
ETHUSDT,1738593000000,1738594800000,-17.31879864377991,0.7215239938407411,0.3275465496254219,6,false,3.52993255373608,14,1,43,88,-0.9653280886273405,4.642517501581237,0.35,0,false
SOLUSDT,1738593000000,1738594800000,-13.750943146138594,1.6164850488044187,0.3976656509838258,1,false,3.526500630256203,14,1,69,88,-1.0966840825616908,16.738707392494767,0.4,1,false
XRPUSDT,1738593000000,1738594800000,-19.56217698288834,2.009618687736161,2.069735486087256,1,true,5.542190029241438,14,1,68,88,-2.8561581872226784,1.0039136509917008,0.4,2,false
XRPUSDT,1738631700000,1738636200000,-6.304509479253732,1.4620951823963755,0.43862855471889634,1,false,4.249809659185299,1,2,79,77,-1.012695384163795,0.5354923605526739,0.4,1,false
BTCUSDT,1738612800000,1738646100000,0.7487869131593412,0.9673172288944126,0.292862057410475,1,false,1.47639342445782,20,1,0,93,1.4182193579425295,2.061238689598948,0.45,0,false
ETHUSDT,1738641600000,1738646100000,-8.469725018347573,0.7809318057055736,0.3109560659453595,4,false,2.5692453136836426,4,2,57,74,-1.4740856447277721,0.9922612754593423,0.35,1,true
ETHUSDT,1738651500000,1738653300000,-10.903709587118392,0.745862486303787,2.397645323230934,6,false,2.6732164859025302,6,2,60,73,-3.7807397746724556,0.10000955179387042,0.4,0,true
SOLUSDT,1738659600000,1738662300000,-8.745753912057653,0.6550004888063227,0.2737315475608575,1,false,2.66207142955894,9,2,88,69,-0.6515775034293614,15.4560563104898,0.35,0,false
ETHUSDT,1738679400000,1738681200000,-8.015583249823683,0.6207961382149977,0.2928283670825421,2,false,2.2619258097120616,14,2,67,63,-1.0477080722029892,4.39016681590324,0.45,0,false
ETHUSDT,1738683900000,1738689300000,-8.498856826161811,1.104808895511951,0.5493741555288683,2,false,2.3886797380160734,15,2,69,67,-0.7577679250878001,0.3378595171936036,0.4,0,false
SOLUSDT,1738729800000,1738732500000,-6.038765440889149,0.5654905751570747,0.22232962783953983,1,false,2.1965717402393334,4,3,107,45,-0.31441977458519677,13.852559150260916,0.35,2,true
ETHUSDT,1738729800000,1738735200000,-9.373764852442218,0.8273863031792983,0.004402942633322603,2,false,2.284025952749757,4,3,81,49,-0.27654603537881906,7.902268032658485,0.4,1,false
ETHUSDT,1738749600000,1738754100000,-7.663244839554302,0.6682310469314158,0.22093862815884083,1,false,2.030441811942889,10,3,87,41,-0.7247605476289143,6.163369601656942,0.4,2,false
SOLUSDT,1738745100000,1738755000000,-6.827260090423541,0.6836271302309711,0.09277796767420174,1,false,1.97597088912528,8,3,112,39,-0.11719894520949756,13.510814149273093,0.4,1,false
SOLUSDT,1738768500000,1738771200000,-6.919397435774792,0.9338067214629576,0.5155391274743457,1,false,1.7763114188477485,15,3,118,32,-0.3959137787770674,13.058117939933048,0.4,1,true
XRPUSDT,1738710000000,1738773000000,-10.893663216091046,1.5383407895769612,0.10595714622085883,8,false,3.53278951808264,23,2,101,56.99999999999999,-0.4657169693174798,3.7961436831227275,0.4,0,true
XRPUSDT,1738789200000,1738793700000,-12.268835387366552,0.9161497062569323,0.34509675033893283,1,false,2.6529311811198895,21,3,123,36,-1.9542636613704514,1.323533504468145,0.45,0,true
ETHUSDT,1738842300000,1738845900000,-4.770545837586168,0.6545852988679977,0.13305157705252466,1,false,1.438834371000185,11,4,113,11,-0.6425984343965289,7.748443202170391,0.4,0,true
XRPUSDT,1738848600000,1738850400000,-11.4694259360484,0.5112265347020463,0.5521246574782245,5,false,1.9575230264496357,13,4,139,7.000000000000001,-0.536973274307268,1.9667267340456775,0.45,0,true
SOLUSDT,1738857600000,1738859400000,-10.916390181550394,0.9278350515463977,0.8092783505154605,1,false,1.6466496945072784,16,4,143,11,-1.4550671175325358,11.925541029822343,0.45,1,true
XRPUSDT,1738857600000,1738863900000,-14.211864876656016,1.6257721345229945,0.6563143445435771,1,true,2.228273305069693,16,4,142,14.000000000000002,-2.5874804778185863,0.2706622091350024,0.45,2,false
ETHUSDT,1738857600000,1738865700000,-7.8600851723753085,0.9780219780219713,0.4908424908424942,1,false,1.6195912128256325,16,4,117,16,-1.2734355091193714,10.943006935790786,0.45,0,true
SOLUSDT,1738861200000,1738875600000,-11.221853118736234,1.0058148672010143,0.010477238200000948,2,false,1.6963218035669525,17,4,144,13,-1.0762191951752071,10.476733047454472,0.45,2,false
ETHUSDT,1738878300000,1738880100000,-7.3003646598313265,0.6109505399871453,0.10311869368203827,1,false,1.5655625491520146,21,4,123,12,-0.6497032197060524,11.935017575545782,0.5,0,true
ETHUSDT,1738881000000,1738888200000,-7.3003646598313265,0.5935389994840324,0.17854425187732784,1,false,1.5655625491520146,22,4,123,12,-1.0710833519220908,12.417408343973534,0.5,0,false
ETHUSDT,1738890000000,1738893600000,-7.849713147900996,0.5682197017402245,0.29003652311772327,1,false,1.5916820967471306,1,5,126,13,0.052509077367092614,12.182134880965819,0.45,0,false
SOLUSDT,1738900800000,1738902600000,-8.844703187834407,0.5518877656282202,0.2475758200948988,1,false,1.7679348509279558,4,5,155,25,-1.1604025467241688,11.846384283242111,0.45,0,false
ETHUSDT,1738910700000,1738913400000,-7.1547400146152365,0.5373974556026652,0.41665895076017107,1,false,1.4524989109582853,6,5,132,2,-1.2536414158340348,12.15857094692487,0.4,0,false
SOLUSDT,1738910700000,1738913400000,-9.755935806910083,0.730955986007417,0.37069910718947835,1,false,1.7389683465200292,6,5,158,20,-1.588204862907409,10.753191789951579,0.45,1,false
XRPUSDT,1738912500000,1738914300000,-13.44296849491056,0.8787722908093166,0.8230452674897163,3,true,2.132233454241132,7,5,157,10,-1.9668649107901448,0.37009363442207416,0.4,0,true
SOLUSDT,1738942200000,1738944000000,-3.3961333272627128,0.8982630272952865,1.2258064516129028,1,false,1.5879115921102842,15,5,166,16,-1.608910891089109,15.169026419500872,0.45,0,true
ETHUSDT,1738943100000,1738944900000,-5.850960893859482,0.5536170365840452,1.1676679017230847,2,false,1.42934374596825,15,5,141,8,-1.7757207031179885,8.936922006275228,0.4,2,true
XRPUSDT,1738942200000,1738944900000,-3.6916564887979835,1.0720121149324482,0.6655242497907846,1,false,2.1428787515791687,15,5,165,33,-1.1280293367346848,4.4970044766801305,0.45,1,true
ETHUSDT,1738953000000,1738955700000,-7.169245541862216,0.546209791863756,0.30303926206245096,6,false,1.4491172867796096,18,5,143,8,-0.587088484204,11.773370623106773,0.45,0,true
XRPUSDT,1738973700000,1738989000000,-8.226591011085565,0.9981439472056094,0.8785316560115527,16,true,2.323170661121229,0,6,174,37,-2.734660707029659,0.8740506506369545,0.45,0,true
SOLUSDT,1739025900000,1739034900000,-5.901690494139515,0.574948665297729,0.28234086242300377,1,false,1.271967817482805,14,6,190,2,-0.8933585175353516,17.24970620097564,0.45,0,false
ETHUSDT,1739030400000,1739036700000,-8.081892191229025,0.6340930437616196,0.12766202150702247,2,false,1.1656318693426608,16,6,165,4,-0.18320142575168924,4.756681473470324,0.5,1,false
XRPUSDT,1739030400000,1739037600000,-7.287942271163453,0.8414563025910187,0.25826876614178795,1,false,1.6037800358075602,16,6,190,2,-1.2170889220069494,1.3417834171947443,0.5,2,false
SOLUSDT,1739081700000,1739093400000,0.19603333340727186,0.7287050713933972,0.7877892663712429,10,false,1.1562183260720809,6,0,2,10,1.8866051037632863,13.347587699302762,0.45,0,false
XRPUSDT,1739093400000,1739107800000,-2.9456762277513997,0.983845499817815,0.056682456779620465,1,false,1.2613724669990747,9,0,207,4,-0.44408558740410486,1.4777926231831868,0.5,0,true
XRPUSDT,1739109600000,1739115000000,-6.416611575772273,0.8636080548058929,0.2906373261366044,1,false,1.314621418138596,14,0,212,9,-1.5681444991789733,1.052962676379691,0.55,0,false
SOLUSDT,1739140200000,1739144700000,-4.8529624723341005,0.956284153005472,0.5262092693786643,3,false,1.3601312023741086,22,0,15,36,-2.3032918506623865,16.47892664302971,0.4,0,false
XRPUSDT,1739158200000,1739175300000,-7.423083085367449,0.7532564817512175,0.42864871613466965,9,false,1.7466426567445035,3,1,225,39,-1.1098687207520486,0.11691359483070587,0.55,0,false
SOLUSDT,1739196900000,1739201400000,1.8888207551427314,0.9216365143609432,0.5315258204515548,1,false,1.5555846691399222,14,1,0,66,2.427279874213835,13.355827910614115,0.4,0,false
SOLUSDT,1739202300000,1739222100000,-0.7859830788289789,0.8321096426823243,0.6412139011257965,1,false,1.7220762352983074,15,1,1,96,-1.0393793002488634,13.783062308515095,0.35,0,true
XRPUSDT,1739241900000,1739249100000,-2.658678283650973,0.61399918133443,0.14326647564471062,1,false,1.2793604824901084,2,2,249,14.000000000000002,-1.0843079922027268,0.36165582474672003,0.55,0,false
XRPUSDT,1739268900000,1739277000000,-0.8836895697977774,0.5445445445445378,0.14414414414414606,2,false,1.2552678709094476,10,2,2,17,-0.7312395109086542,2.499889960882924,0.5,0,true
ETHUSDT,1739309400000,1739314800000,-5.0865755064904175,0.6724376916409285,0.025965793885049288,10,false,1.1476125961973471,21,2,242,48,-0.7801628761092222,4.978244301214445,0.45,0,true
BTCUSDT,1739370600000,1739379600000,-2.5663948488286645,0.6954086972475595,0.7843284422261356,3,true,0.695742594574801,14,3,25,86,-1.5527506896656031,0.2105992894678825,0.4,0,false
SOLUSDT,1739377800000,1739379600000,-5.12703518204606,0.5946791862284898,0.3286384976525798,1,false,1.5424775337117713,16,3,30,79,-0.889235569422781,15.655986208853518,0.4,1,false
SOLUSDT,1739475900000,1739478600000,-3.8102112190152657,0.6987939334334046,0.22257880842694078,1,false,1.2168286985404262,19,4,58,13,0.26552819284636814,16.17457100693318,0.35,0,false
XRPUSDT,1739491200000,1739493000000,3.233764947054183,0.7361089124584522,0.5263574481557561,1,false,1.4979290213348353,0,5,2,84,0.6887543047143989,3.5785835304990785,0.55,0,true
ETHUSDT,1739560500000,1739563200000,1.8297036568180356,0.5020438796552072,0.26085879378310295,6,false,1.0493397561440485,19,5,4,33,0.3613926197135792,4.166454142044159,0.5,0,false
SOLUSDT,1739566800000,1739573100000,0.6740016067320782,0.6389138464610168,0.1647199760407228,16,false,1.2188519009334038,21,5,6,42,0.7196401799100438,14.909129788002346,0.35,0,false
XRPUSDT,1739577600000,1739582100000,8.554883868565868,0.5197276919698489,0.02928043335041036,1,false,1.8110710803620693,0,6,26,97,1.1072970878086683,0.404435985652604,0.6,0,true
XRPUSDT,1739632500000,1739640600000,8.828734470794917,0.9593618626711202,0.039524271495801684,1,false,1.432413909614408,15,6,41,72,0.20871567886573122,0.8691746613488371,0.65,0,false
XRPUSDT,1739647800000,1739651400000,8.13877934317576,0.6389312422856255,0.010890873448057396,5,false,1.370733787981766,19,6,45,61,0.4218028435329482,0.6761417265664748,0.6,0,false
XRPUSDT,1739733300000,1739737800000,4.20394644305042,0.7282271181428297,0.04066242791660879,1,false,1.0308766568015368,19,0,69,5,-0.21672850163464777,0.10508861240784138,0.55,0,true
SOLUSDT,1739734200000,1739740500000,-4.352222076209721,0.5827814569536394,0.04238410596027153,1,false,0.8608515936986638,19,0,44,19,-0.0371589340694305,9.578069436082682,0.3,1,true
SOLUSDT,1739741400000,1739743200000,-4.745801755537352,0.5006391137622486,0.026629740093727605,1,false,0.8864203812429012,21,0,46,24,-1.485200845665963,10.155840466875837,0.3,0,false
XRPUSDT,1739772900000,1739777400000,2.664900494657048,0.5933057203626928,0.28732415388634885,1,true,1.1552345753111966,6,1,80,41,0.17132216014897345,0.1791111608642082,0.55,0,false
SOLUSDT,1739790000000,1739795400000,-6.416157261538158,0.5217107765882333,0.016303461768382772,1,false,1.1954755131631811,11,1,60,67,-0.4399543751018425,12.40074238389548,0.3,0,false
XRPUSDT,1739790000000,1739801700000,1.965672002687688,0.8412829565086665,0.2103207391271791,8,false,1.1866350495762077,11,1,85,41,0.16127822368915282,0.7205631445096659,0.55,1,true
ETHUSDT,1739818800000,1739824200000,-0.21170038374700573,0.5973117289633512,0.16571533787516113,1,false,1.2000092006800211,19,1,0,97,-1.0900090437431569,7.887669965535269,0.45,0,false
XRPUSDT,1739870100000,1739878200000,-2.719643731770688,0.5150280574986663,0.611115381658844,12,false,1.4173990908067833,9,2,3,55.00000000000001,-2.2104500933724545,2.9690147623551564,0.6,0,true
SOLUSDT,1739890800000,1739893500000,-12.55281254543277,1.1785608528279592,0.9535090316849187,1,false,1.9942964425833427,15,2,88,98,-1.5447202405518567,1.753734093708285,0.3,0,true
SOLUSDT,1739901600000,1739914200000,-13.985547726401585,1.0281221651043344,0.6531599637133257,5,false,2.0880582738140205,18,2,91,99,-1.2239975881820928,3.9075778755527306,0.35,0,false
SOLUSDT,1739928600000,1739931300000,-10.542788523870742,0.7544703855521783,0.06534782866988276,1,false,1.9027419090217803,1,3,98,86,-1.3063434153230544,2.0680686848609406,0.3,0,false
XRPUSDT,1739930400000,1739934000000,-2.9061396134906587,0.5942374604167521,0.2658430743969717,5,false,1.491512704639128,2,3,20,67,-0.6441538161233723,4.61611074274769,0.6,0,false
SOLUSDT,1739948400000,1739953800000,-10.33204589778603,0.5800189393939333,0.39062499999999795,15,false,1.7808699607567924,7,3,104,78,-0.492289442467369,3.912352035984864,0.3,0,false
XRPUSDT,1739988000000,1739992500000,2.493413463192753,0.7721571433952384,0.24483031375946177,1,false,1.4918104641466192,18,3,1,93,1.0870800348471714,0.9095568980736115,0.55,0,false
XRPUSDT,1739997000000,1740006000000,1.9058654053306638,0.5434782608695635,0.011244377811084892,1,false,1.5066240061904177,20,3,3,95,0.3900975243811023,0.41408643504333587,0.5,0,true
SOLUSDT,1739999700000,1740007800000,-9.789732582985158,0.6739428639589813,0.3995944414623889,1,false,1.6337343902893893,21,3,118,63,-1.4525271610770003,3.159441241570069,0.25,1,false
SOLUSDT,1740016800000,1740018600000,-8.711488787237126,0.6707823815742582,0.06529739997626359,1,false,1.5436602250433331,2,4,123,54,-1.0360254297150877,3.613578968147071,0.2,0,false
SOLUSDT,1740028500000,1740051000000,-5.942935947838382,0.8360239852398459,0.1960332103321053,2,false,1.5428200835759434,5,4,126,59,0.34820962219255663,6.381131878309816,0.2,0,false
XRPUSDT,1740062700000,1740064500000,2.525966534987463,0.5776280223645743,0.05924389972970963,3,false,1.2738416177932408,14,4,22,40,0.6703910614525064,0.8845443362420675,0.55,0,false
ETHUSDT,1740087000000,1740114000000,1.5434927988865814,0.5043701063435457,0.0462522804943768,16,false,0.8194192937272877,21,4,25,28.999999999999996,0.15459582921751142,4.82969249575102,0.45,1,true
SOLUSDT,1740067200000,1740123000000,-6.1123801798197785,0.937410688768228,0.9488425264361228,4,false,1.3501854173304981,16,4,137,33,-1.4515944679391886,7.974419491755615,0.2,0,false
SOLUSDT,1740142800000,1740144600000,-1.7453795193356936,0.5025125628140735,0.27917364600781686,7,false,1.2025727625883846,13,5,158,16,-0.4697986577181227,10.069268955660792,0.2,0,false
XRPUSDT,1740160800000,1740162600000,-2.5312480702987106,0.6000000000000022,0.8807692307692276,1,false,1.6016357975696374,18,5,2,97,-2.3212451006507075,2.80480769230768,0.5,1,true
SOLUSDT,1740160800000,1740165300000,-5.185821531187461,0.6934812760055578,0.5894590846047052,1,false,1.6936726846286116,18,5,163,74,-1.9469736013285264,6.1056421471665185,0.15,0,true
ETHUSDT,1740168000000,1740169800000,-2.8125363408385837,0.5019914949688493,0.5147190943938668,2,false,1.6555517618205413,20,5,2,100,-1.3798401622990377,12.968688297051475,0.45,0,true
XRPUSDT,1740176100000,1740185100000,-3.660171501830544,0.7139513108614225,0.3121098626716607,11,false,1.6053743797715303,22,5,6,93,-1.2622829844253776,3.702529679336132,0.5,0,false
SOLUSDT,1740207600000,1740209400000,-4.81527730653273,0.5362242816343277,0.09908492160633416,2,false,1.3522041732138346,7,6,176,28.999999999999996,-0.5634293680297392,6.103750254773576,0.2,0,false
SOLUSDT,1740378600000,1740380400000,-9.118674834614811,0.5201153026694975,0.012532898859512613,1,false,1.2127026456888235,6,1,223,42,-0.2759485732204439,0.6021603898030987,0.2,0,false
SOLUSDT,1740393900000,1740396600000,-10.347761209968994,0.7700140002545551,0.42000763650247974,1,false,1.3564737552694093,10,1,228,62,-1.9850493121427206,2.162150220913216,0.2,0,false
XRPUSDT,1740393900000,1740396600000,-4.963562644693128,0.5928211791456767,0.2517459801851634,1,true,1.2399619369879062,10,1,67,69,-1.0619397561172572,0.5344621130118503,0.45,1,false
SOLUSDT,1740424500000,1740426300000,-12.58514776933255,0.615344330976694,0.35349567949724536,1,false,1.7013861067047251,19,1,236,89,-1.3854559646155817,5.029871614662218,0.2,0,true
SOLUSDT,1740427200000,1740429000000,-13.362646112971419,0.560612056456928,0.5012531328320742,1,false,1.8227532412213892,20,1,237,94,-2.1898291669415086,5.819569897479218,0.2,0,false
SOLUSDT,1740473100000,1740475800000,-18.81346754470993,1.1550326422268555,0.42327283162348456,7,false,2.97028105113622,8,2,250,99,-1.1795824992851056,7.068466385047458,0.2,0,true
SOLUSDT,1740477600000,1740479400000,-20.399220904236895,1.1488365286111468,0.7171081516171446,2,false,3.0700817086920384,10,2,251,100,-2.9968226458694236,9.197870441079743,0.25,0,true
SOLUSDT,1740491100000,1740499200000,-17.61790716044174,1.528148201542568,0.057665969869519274,1,false,3.1250099182911493,13,2,255,98,-1.1837291053877448,7.558767539183855,0.3,0,false
SOLUSDT,1740506400000,1740513600000,-14.447689873828345,1.216187880058719,0.0698958551757841,1,false,3.223120169079613,18,2,259,99,-0.1119194180190239,4.287996830668274,0.25,0,false
SOLUSDT,1740542400000,1740546900000,-12.907040465904146,0.6866893251023162,0.27051397655544596,1,false,2.5685407083979586,4,3,269,73,-0.09064286710360861,3.4922917844469077,0.25,0,true
XRPUSDT,1740546900000,1740548700000,-7.788031162423215,0.5704161445054373,0.4407761116632715,1,false,2.538638375010668,5,3,109,79,-0.5322601583798606,3.1967706922015267,0.45,0,true
SOLUSDT,1740562200000,1740570300000,-14.176026438065104,0.6710935292455416,0.11302627860977436,8,false,2.2777422558361926,9,3,274,66,-0.1835510060007196,13.231716654518088,0.3,0,true
SOLUSDT,1740574800000,1740578400000,-15.748562790779108,0.5663254192986287,0.2613809627532021,1,false,2.1646243141354127,13,3,278,62,-0.7097848917215831,16.365918580568557,0.3,0,true
XRPUSDT,1740582000000,1740585600000,-8.671807449000294,0.5830396379933126,0.4438062916068296,13,false,2.1431267184442913,15,3,119,64,-1.1632935478290922,3.8833869749461987,0.45,0,true
XRPUSDT,1740595500000,1740597300000,-12.070419305688471,0.8243873714725831,0.15853603297548746,1,false,2.392525752661435,18,3,123,68,-1.7966223499820355,8.11002400688499,0.5,0,true
ETHUSDT,1740602700000,1740604500000,-10.71835614820252,0.7499365535910676,1.259622705354866,9,false,2.0313849289441825,20,3,65,84,-3.252059805681875,6.491097479971672,0.5,0,true
SOLUSDT,1740607200000,1740612600000,-14.947692568909723,0.8636957468427912,0.06532152707214647,20,false,2.3350240093883725,22,3,287,64,-0.7526414821247795,16.285884547338807,0.35,0,true
BTCUSDT,1740625200000,1740628800000,-9.269484829195827,0.5918277924032104,0.07298933859611073,1,false,1.4683616504795058,3,4,129,94,-0.2626484406355502,4.541755688857569,0.4,0,false
XRPUSDT,1740625200000,1740636900000,-10.736112540090067,1.0566587720896186,0.2778283840408288,1,false,2.3301002646828652,3,4,131,60,-0.546472972357576,8.660984738242975,0.55,2,false
ETHUSDT,1740625200000,1740642300000,-10.343265704820029,1.0836051941406133,0.09168638990168815,1,false,1.9547558146265644,3,4,71,77,-0.17197234787062388,5.721736776379755,0.5,1,false
ETHUSDT,1740657600000,1740664800000,-8.848089083959065,0.699105382095792,0.32416145441002847,1,false,1.5848550317710128,12,4,80,49,-1.0736944851146892,0.11069274689063387,0.45,0,true
SOLUSDT,1740657600000,1740666600000,-10.738357675486453,0.7641689662491927,0.6226561947215905,1,false,1.9220631101086498,12,4,301,36,-1.617326488995156,13.350991203951553,0.4,1,true
SOLUSDT,1740669300000,1740672000000,-12.463389146728002,0.8367597201182981,0.12984202553560328,2,false,1.9112864771296565,15,4,304,34,-0.9691313711414377,15.558649548109896,0.45,0,false
SOLUSDT,1740687300000,1740690000000,-12.583906671054127,0.5878510777269775,0.5733362363016127,3,false,1.9664005042000374,20,4,309,32,-1.2898112119901946,16.24683100571657,0.45,0,true
SOLUSDT,1740765600000,1740768300000,-4.948984142647708,0.5770816158285267,0.652651827425109,1,false,2.4021614847639423,18,5,331,65,-0.730933664322164,2.4447746412247304,0.5,0,false
ETHUSDT,1740766500000,1740769200000,-11.144619551034394,0.7618105367301533,0.2621815483551785,2,false,2.0928583877442106,18,5,110,66,-0.3808409111371224,0.5769390762588721,0.5,1,false
SOLUSDT,1740789000000,1740791700000,-2.1987269232501414,0.6907293289090609,0.06094670549195842,1,false,2.0291311785508572,0,6,337,33,0.006789327177689814,8.43104208721296,0.5,0,true
ETHUSDT,1740791700000,1740793500000,-10.252877356438333,0.5835639243211536,0.09358619603610185,1,false,1.8177676746979576,1,6,117,34,-1.2655462934070487,0.5285211785728242,0.5,0,false
XRPUSDT,1740791700000,1740793500000,-8.874151642627279,0.6478873239436741,0.06572769953050919,1,false,1.876045102690739,1,6,177,5,-1.3434362216437201,3.1100678142931506,0.55,1,false
ETHUSDT,1740828600000,1740831300000,-9.913042908393233,0.5522926514141636,0.5509278425556559,1,false,1.4316120054896986,11,6,127,2,-1.7199017199017241,5.653077286526028,0.5,0,true
XRPUSDT,1740837600000,1740842100000,-7.411815617485992,0.5744174099845774,0.09340120487555334,1,false,1.5666382187001382,14,6,190,3,-1.2984012568154621,3.6213722712578527,0.5,0,false
ETHUSDT,1740884400000,1740888000000,-8.353988353467344,0.5416800205838408,0.13406580509449156,2,false,1.2234533988845309,3,0,143,2,-0.0456315680091181,6.219322063199879,0.55,0,false
SOLUSDT,1740904200000,1740908700000,-3.6066736727100452,0.5305780508237858,0.06981290142419905,1,false,1.420894198591954,8,0,369,2,-0.8134603351178585,11.787427544647713,0.55,0,false
XRPUSDT,1740924000000,1740925800000,-1.57594951180427,0.5218468070051314,0.18574208384928276,2,false,1.189619640564968,14,0,214,2,-0.7485359517414426,3.660242474951432,0.45,0,true
SOLUSDT,1740976200000,1740983400000,12.082079705505834,0.9723613648417737,0.023572396723432164,2,false,2.69082322432234,4,1,12,89,0.03534401508011444,2.1113240535511624,0.55,1,false
BTCUSDT,1740970800000,1740984300000,5.143961037734016,0.6507487213018752,0.030112318949682318,1,false,1.238083969656759,3,1,10,61,-0.006126588210522084,3.536978241843774,0.4,0,false
BTCUSDT,1741032900000,1741052700000,-3.9479010379655852,0.9292513364046925,0.6103837951123068,1,false,1.7867558096919294,20,1,1,100,-1.7080907688189244,9.233194538051748,0.35,0,true
SOLUSDT,1741073400000,1741084200000,-9.586887570978194,0.7568590350047245,0.17465977730879054,2,false,3.2074306990983,7,2,12,68,-0.6900058105752593,8.495331716777773,0.5,0,true
XRPUSDT,1741095000000,1741096800000,-1.6236672004081827,0.8357852543601579,0.5586115730672514,1,false,3.0125218203743516,13,2,1,56.00000000000001,-0.6080849606029363,0.9717089748757748,0.45,1,true
SOLUSDT,1741095000000,1741099500000,-9.380431917753043,1.0962330782813487,0.9270158917009939,1,false,2.667304275546389,13,2,18,56.00000000000001,-0.951397595692892,9.676539767297687,0.55,0,false
ETHUSDT,1741098600000,1741100400000,-11.796499173403586,0.6341809726649393,0.42882259609199674,5,false,2.095561407570421,14,2,31,47,-0.1457418451684643,5.325156735744903,0.5,1,false
XRPUSDT,1741116600000,1741118400000,4.3008892974009925,0.7078350012204175,0.6264746562525277,2,false,3.4443409942377547,19,2,3,79,1.3877584242226932,3.686281238855007,0.5,0,true
BTCUSDT,1741122900000,1741124700000,-1.4500945854847795,0.7522215145379707,0.4671475628000141,1,false,1.8120135808945856,21,2,0,98,-1.6110840953478887,9.321180393512027,0.4,0,false
XRPUSDT,1741128300000,1741141800000,2.384800547407679,1.1047246341363948,0.7704537116301788,5,false,3.3190089817310113,22,2,7,56.99999999999999,1.711126356995852,3.486044817314161,0.55,0,true
XRPUSDT,1741175100000,1741183200000,3.217576595817235,0.7125506072874608,0.16599190283399878,12,false,2.360722959277183,11,3,20,32,1.3533404203123593,0.2673592544497094,0.55,0,false
BTCUSDT,1741196700000,1741209300000,1.7654315500263196,0.6566249143532721,0.21114997245870576,1,false,1.4426392774919723,17,3,8,64,2.194235985969782,1.7022427127509474,0.4,0,true
SOLUSDT,1741230900000,1741237200000,0.3380420870864865,0.5685664004331957,0.6497901719236358,1,false,1.869810182325231,3,4,0,19,0.12117132278692587,8.179354702315443,0.55,0,true
XRPUSDT,1741230900000,1741239000000,4.4992946765376445,0.5533880085994117,0.13137988693366745,1,false,1.8133004884294812,3,4,35,19,-0.007931472081217401,2.1749218687794265,0.55,1,true
SOLUSDT,1741258800000,1741262400000,2.6612045253812426,0.7880325898223633,1.015092827567772,2,false,1.780122803527328,11,4,8,14.000000000000002,1.1757632440376717,6.72734180521925,0.6,0,true
XRPUSDT,1741262400000,1741264200000,7.627710122752599,0.7912919288223331,0.4747751572934033,7,false,1.7351084348566594,12,4,44,17,1.76369595754643,5.126282053008387,0.55,0,false
SOLUSDT,1741270500000,1741272300000,-1.1667887395304541,0.6698240866035051,0.18267929634642097,1,false,1.8484863210144094,14,4,0,13,-1.3655320866406573,8.128228429726187,0.6,0,true
ETHUSDT,1741273200000,1741275000000,-2.980686263480122,0.5147058823529493,0.3235294117647156,1,false,1.380258584079604,15,4,2,13,-1.3931385255356654,7.248443431521387,0.45,0,false
XRPUSDT,1741285800000,1741295700000,4.6924369068689264,1.150459792604182,0.13304637057327606,1,false,2.0023001290269407,18,4,50,22,-0.14015416958654706,3.764098550637429,0.5,0,true
ETHUSDT,1741315500000,1741320900000,-5.554585498032181,1.2114737703427418,2.8093463042094817,9,false,1.8833821665737727,2,5,14,45,-3.598482272782892,0.4639207912926472,0.4,0,true
SOLUSDT,1741315500000,1741339800000,-4.810597414757285,1.6558373506602422,3.4234611891287683,9,false,2.334445394399583,2,5,10,42,-4.075671164278768,11.629059020686531,0.65,1,false
ETHUSDT,1741352400000,1741355100000,-4.151524057633252,0.6190277784136946,0.25228129135056193,1,false,1.4130364353596396,13,5,24,10,-1.3424743591494583,10.132784831319125,0.45,0,false
SOLUSDT,1741352400000,1741355100000,-3.234975447209134,0.502407368641406,0.22329216384062048,2,false,1.7876906180947627,13,5,20,1,-0.3279374825565161,11.488850866170278,0.6,1,false
SOLUSDT,1741362300000,1741365000000,-1.6157273628831612,1.0008225939128106,0.4044420071291496,1,false,2.0772728662874393,15,5,23,39,0.2138520971302444,9.513309921690153,0.55,0,true
BTCUSDT,1741368600000,1741374000000,-1.571185553956373,0.9551588337438071,0.535914925491706,4,false,1.688932037383117,17,5,1,77,-1.1701735708489676,8.019619192458004,0.45,0,false
ETHUSDT,1741368600000,1741382100000,-4.89205822220895,1.2146581546152864,0.8481585910330967,4,false,1.859463589298735,17,5,28,56.99999999999999,-1.621405278549699,0.9884451929634405,0.45,1,true
XRPUSDT,1741390200000,1741395600000,-2.2791285226578544,0.7043434512829082,0.4360221365084767,1,false,2.7221044404399084,23,5,1,61,-0.632297770096536,0.4732059823456692,0.55,1,false
SOLUSDT,1741390200000,1741432500000,-4.101525390533867,1.185826883476523,1.5834694312291544,1,false,2.5021178362515935,23,5,3,64,-2.2954303931987314,5.799571790984045,0.6,0,true
XRPUSDT,1741446900000,1741451400000,-3.5826786492690705,0.5399430296330815,0.05101823902044419,1,false,1.7922402922292764,15,6,17,3,-0.2420587735688822,0.14473493239351212,0.55,0,true
XRPUSDT,1741452300000,1741457700000,-4.104345181457714,0.9218763399365438,0.008575593859873852,1,false,1.7703413605582234,16,6,19,3,-1.5586511509385959,0.7073016746064854,0.55,0,false
SOLUSDT,1741474800000,1741496400000,-5.452306718631356,0.5154264972776827,0.22504537205081834,4,false,1.4040612795135112,23,6,27,1,-0.45691906005221605,15.957607145288605,0.65,0,false
XRPUSDT,1741536000000,1741538700000,-9.245170710582109,0.9561535309383923,0.3870145244274339,1,false,1.662448703862436,16,0,42,18,-1.0363397746300567,6.034897074372542,0.55,1,true
SOLUSDT,1741536000000,1741539600000,-9.527915423709302,1.1876665397792177,0.32736962314427626,1,false,1.4455990097717824,16,0,44,17,-1.8464309840125945,21.57530457333667,0.6,0,true
SOLUSDT,1741540500000,1741567500000,-10.952935585262292,1.5475542421650275,0.1477564351815831,1,false,1.5808780756709602,17,0,45,20,-2.373683407113428,24.18474419245486,0.6,0,true
XRPUSDT,1741571100000,1741573800000,-9.031943553397834,1.2155104681795068,0.17100337385034037,14,false,2.1215233213970954,1,1,52,52,-0.6102635228848766,7.252622822017829,0.55,0,false
SOLUSDT,1741577400000,1741582800000,-10.303357454446488,0.7549543881723875,0.2359232463038669,1,false,1.7246267418223098,3,1,55,32,-1.0316529894490092,25.472675122026132,0.6,0,false
BTCUSDT,1741597200000,1741599000000,-6.242797922524697,0.5485803250356749,0.07600811732422764,1,false,1.0863296678521213,9,1,65,36,-1.030657189806217,0.45047967119451826,0.45,0,false
XRPUSDT,1741597200000,1741599000000,-9.80671742005479,0.8289723521511614,0.583522437827071,1,false,1.9288912089612869,9,1,59,30,-2.143740552425458,4.258113951070002,0.55,1,false
SOLUSDT,1741598100000,1741599900000,-10.733228050878148,0.6673470990029005,0.11776713511816414,3,false,1.5891576685322488,9,1,61,21,-0.384012539184949,25.30057290457806,0.55,1,false
XRPUSDT,1741618800000,1741626900000,-11.208798954878556,1.708843029227751,1.0691941357736445,3,false,2.3921842029720057,15,1,65,69,-3.081579309396052,6.304276776543081,0.55,0,true
XRPUSDT,1741646700000,1741653000000,-12.340252954576153,1.2103242113449522,0.17012589316095272,1,false,2.8121772097444717,22,1,73,81,-1.376919743873668,2.6121615709911215,0.55,0,true
BTCUSDT,1741653900000,1741655700000,-9.448869017037325,0.8153467451042173,1.359080946647358,1,true,1.7416063943907867,0,2,81,80,-2.4411554516276404,0.1043684562887086,0.4,0,true
ETHUSDT,1741661100000,1741670100000,-13.918831719964198,1.3892466194462385,0.9841167632539128,9,false,2.839799364272277,2,2,110,99,-3.2381475766734993,18.47085318937038,0.5,0,false
XRPUSDT,1741677300000,1741680900000,-9.875992677885353,0.7439553626782208,0.04292050169298121,1,false,2.9525787268440675,7,2,81,87,-1.5220987946112035,10.805747259560034,0.55,0,false
ETHUSDT,1741692600000,1741695300000,-10.208123702747443,0.578040713264686,0.04590937072859642,1,false,2.1637379198488063,11,2,118,84,-0.7361969573994227,3.695721448485107,0.45,0,true
ETHUSDT,1741697100000,1741698900000,-11.251399409157473,0.7550309233039189,0.27574587427662395,2,false,2.0723464155918117,12,2,120,72,-1.1564227710251616,3.3415937257475394,0.45,0,true
SOLUSDT,1741698900000,1741700700000,-9.96279324476023,1.0630528280451208,0.04868944250588515,1,false,1.9988688197326503,13,2,89,50,-0.9268961070363436,1.8539857718629118,0.5,0,false
XRPUSDT,1741698900000,1741700700000,-8.28987404692196,0.6420097697138782,0.4233542684345246,4,false,2.553233689465386,13,2,87,68,-0.8351997013811137,6.7894859269597765,0.5,1,true
XRPUSDT,1741715100000,1741716900000,-8.4005128093489,0.501087264819879,0.6050865084617739,1,false,2.650746755939835,17,2,92,68,-1.7871382335006343,5.286943367684616,0.55,0,false
SOLUSDT,1741726800000,1741735800000,-6.731064269190173,0.8168394596292967,0.01570845114671381,3,false,2.308873570458948,21,2,97,72,-0.39206461224809847,19.08821824460142,0.5,0,true
ETHUSDT,1741754700000,1741762800000,-11.21059039186779,0.5452004225036557,0.3520863785248599,3,false,1.8302571073069935,4,3,136,56.99999999999999,-1.1677125109787163,17.743320929302588,0.5,1,true
SOLUSDT,1741754700000,1741763700000,-9.399677294857508,0.7372214941022327,0.22116644823066517,1,false,1.9890949061086323,4,3,105,50,-1.0813887307911199,0.9294451725644337,0.5,2,false
XRPUSDT,1741752900000,1741767300000,-5.034372459798577,1.0281832369411639,0.5140916184705616,1,false,2.330143246694055,4,3,102,59,-1.6654565256852303,8.034517580097313,0.55,0,false
SOLUSDT,1741772700000,1741779900000,-7.229735791266647,1.2278308321964537,0.3611267153519002,1,false,1.8488766676982096,9,3,110,49,-1.2308184143222556,2.9409089693176007,0.5,0,false
XRPUSDT,1741772700000,1741782600000,-3.2527488483890323,1.1791383219954557,0.04988662131519732,1,false,2.1037797410559076,9,3,108,50,-1.356039104383476,7.492491635348792,0.55,1,false
BTCUSDT,1741794300000,1741800600000,-3.2847981777610245,0.7156580328292026,0.3452885643252035,4,false,1.2894505801574838,15,3,120,64,-1.1995174827797666,0.5587197537688426,0.45,1,false
SOLUSDT,1741793400000,1741800600000,-6.683633635390803,0.8518845937474789,0.3616491199871436,1,false,2.0381604013688976,15,3,115,67,-1.5627491628129548,2.8005036298856134,0.45,0,false
BTCUSDT,1741803300000,1741806900000,-3.079358193738071,0.5484087891065997,0.03750737402257329,1,false,1.2651378281134795,18,3,122,62,-0.7341940791269647,0.2540548020363262,0.45,0,false
SOLUSDT,1741838400000,1741844700000,-5.934077331745499,0.7179896290386962,0.10370961308336295,1,false,1.6805436855798839,4,4,128,27,-0.15170871925902085,3.5138944289323155,0.45,0,true
XRPUSDT,1741855500000,1741857300000,-1.4903766170266821,0.6009238082425156,0.19731826539308503,1,false,1.5557524632432103,8,4,131,9,-0.506771907794415,5.050236617671157,0.5,0,false
ETHUSDT,1741874400000,1741878900000,-8.389195634327956,0.5783335971716551,0.6268798480291216,1,false,1.446076422149812,14,4,169,15,-0.8295144729972747,0.6757163210384765,0.5,0,true
SOLUSDT,1741875300000,1741878900000,-5.990512676446724,0.5480104836788164,0.6115479310618664,2,false,1.688191637592369,14,4,138,26,-1.0696458283812649,3.9430280888465243,0.5,1,true
XRPUSDT,1741888800000,1741891500000,-1.9873902678955522,0.946175131661157,0.39721503168794653,1,false,2.0053043515822604,18,4,0,35,-1.7886250495616536,6.29862875177518,0.45,0,false
ETHUSDT,1741889700000,1741903200000,-10.248589487150364,0.5175552806305707,0.3128021998800635,3,true,1.5426006200062254,18,4,173,21,-1.0037540077658045,0.1223993927639505,0.55,1,false
XRPUSDT,1741895100000,1741906800000,-1.271177534573089,0.9136286656564839,0.05348070237988537,1,false,1.992265681774953,19,4,2,34,-1.2007769733356928,6.120157800134828,0.4,1,false
SOLUSDT,1741909500000,1741913100000,-5.998844330180527,0.7211148922378874,0.016204829039050413,1,false,1.5448864284554233,23,4,148,3,0.4151404151404193,2.3699562469615922,0.5,0,false
BTCUSDT,1741962600000,1741965300000,-0.13760343222999183,0.7638761215712958,0.2346783176700912,1,true,0.7591262433061889,14,5,166,3,-0.40941142005731757,0.09629060858147759,0.4,0,false
SOLUSDT,1741993200000,1741996800000,3.5582662120472683,0.7231790054424804,0.14910907328712222,4,false,1.3741696801735719,23,5,8,14.000000000000002,0.9445985456181268,10.165511071348684,0.5,0,false
XRPUSDT,1742015700000,1742021100000,7.85642232346216,0.7778915046059236,0.04094165813715005,3,false,1.261906002018137,5,6,26,8,1.3291375098339715,1.7933413389856614,0.35,0,false
XRPUSDT,1742029200000,1742042700000,5.315117927485753,0.6581962091231008,0.28327431785045365,1,false,1.3566489108212538,9,6,30,17,0.815421928577396,0.06271569240069598,0.35,0,true
SOLUSDT,1742127300000,1742153400000,-1.4608120736570651,1.353211009174298,0.015290519877683663,2,false,1.0857681255498404,12,0,0,20,-2.176523566496552,6.708283472942448,0.45,0,true
XRPUSDT,1742166900000,1742171400000,-1.0189168833399316,0.5661281191481906,0.013064495057274266,1,false,1.238675357748902,23,0,3,25,-0.4047173506244677,1.918491952648214,0.35,0,false
SOLUSDT,1742217300000,1742238000000,-2.697799357663399,1.4832162373146023,0.2810304449648708,1,false,1.1443085680587113,13,1,25,33,-0.978716793537366,4.741947527407264,0.45,0,false
XRPUSDT,1742232600000,1742238000000,1.06014091924707,0.6357468959337762,0.14933651917906884,1,false,1.1699979376816942,17,1,16,34,0.35423157355638907,0.16424526784199167,0.35,1,true
XRPUSDT,1742269500000,1742276700000,-1.4217666928042252,0.5161854768153995,0.13560804899387055,1,false,1.1208301050443639,3,2,2,22,-0.9210583481774292,2.3556685764473895,0.35,0,false
XRPUSDT,1742281200000,1742283000000,-2.8081433526744313,0.7717750826901906,0.5380374862183015,1,false,1.1797060343513466,7,2,5,36,-1.4902543483961008,3.179268907634858,0.35,0,false
ETHUSDT,1742400000000,1742406300000,5.148456850565362,0.5344126372870752,0.29323928718784015,1,false,1.0552084605755763,16,3,5,100,0.7822737169824274,2.0067593015111735,0.55,0,false
BTCUSDT,1742411700000,1742415300000,2.5039802057290657,0.5627026733395842,0.6901226491073448,1,false,0.7869602068426745,19,3,9,98,1.3190562845496085,0.038195428052075694,0.35,0,true
XRPUSDT,1742416200000,1742418000000,7.147792339918545,0.7253927540878489,0.08416159025328594,1,false,2.0704587933313148,20,3,11,100,0.6177544225600737,2.318612507719044,0.3,1,false
XRPUSDT,1742419800000,1742422500000,7.14832735763173,0.5704644062349257,0.5262735015265995,1,false,2.0385893895933584,21,3,12,99,0.3676323676323626,2.08316002300359,0.3,1,true
ETHUSDT,1742411700000,1742427900000,4.84425214793065,0.7335926345330049,0.2299246713603502,1,false,1.2504170381812276,19,3,8,100,0.8527743526510463,5.154253531498279,0.5,1,true
XRPUSDT,1742430600000,1742432400000,9.34021373155188,0.5691768826619957,0.0756249004935525,9,false,1.9416284041786223,0,4,15,96,0.746477186539457,2.974388060859203,0.3,0,false
XRPUSDT,1742465700000,1742479200000,7.162796479956062,0.688342713689918,0.1255213183787456,8,false,1.6478966611036465,10,4,25,82,1.1281883584041885,1.2788866881298369,0.3,0,true
XRPUSDT,1742516100000,1742521500000,3.2938846973899003,0.5320245803604624,0.14434775436135755,2,false,1.4221323356400388,0,5,39,66,0.3592072667217055,0.7534503343262616,0.35,1,true
SOLUSDT,1742490000000,1742522400000,-2.169437098613091,0.5932864949258543,0.5230288836846116,1,false,1.3967786964354019,17,4,1,91,-1.1252522117026362,5.936768149882896,0.4,0,false
SOLUSDT,1742527800000,1742532300000,-0.9976152975759375,0.5154639175257706,0.1483911277725693,1,false,1.0710696720018615,3,5,11,21,-0.6539509536784658,4.572124451849543,0.4,0,false
SOLUSDT,1742601600000,1742634900000,-0.6409424652682764,0.7063023905619346,0.015523129462907662,7,false,1.1648652312119399,0,6,32,53,-0.6424645870423284,6.477025768394908,0.4,0,false
SOLUSDT,1742808600000,1742813100000,7.574106680865697,0.5670399081251738,0.21533161068045606,4,false,1.0817059413523036,9,1,30,78,1.4688856729377724,10.785235073081326,0.35,0,true
BTCUSDT,1742826600000,1742859000000,3.717108122110097,0.501889499901333,0.6368293358975358,1,true,0.5146324090132863,14,1,36,59,1.2260698020704155,0.18733405803135808,0.35,0,false
XRPUSDT,1742865300000,1742867100000,2.457536953842566,0.5941648910014734,0.008195377806915998,6,false,0.845304795299526,1,2,48,60,-0.298190433397341,1.6056418228561755,0.35,0,false
SOLUSDT,1743127200000,1743131700000,1.4340594449499782,0.5151647075895948,0.2539544333188175,1,false,1.0791972463768087,2,5,119,19,0.8491798519378628,11.854619618180088,0.35,0,false
XRPUSDT,1743182100000,1743185700000,-8.72336316946445,0.7363092498849523,0.10584445467096036,2,false,1.3290686137246268,17,5,50,100,-0.3719520595123395,4.910970299833649,0.3,0,false
XRPUSDT,1743197400000,1743201900000,-8.089113488379757,0.5541561712846449,0.3389054270666395,2,false,1.2332362755412842,21,5,54,90,-0.5677915655478716,5.3682337813320435,0.3,0,false
SOLUSDT,1743218100000,1743220800000,-5.929543566862458,0.6234413965087371,0.5610972568578545,1,false,1.1627496737253575,3,6,22,12,-1.8917458111342667,6.098036159600989,0.35,0,false
SOLUSDT,1743227100000,1743229800000,-5.301400103122387,0.5395683453237392,0.007819831091641308,1,false,1.1933405620667046,5,6,25,26,-0.5073368716828018,5.774945261182351,0.3,0,true
SOLUSDT,1743269400000,1743302700000,-6.521141339245684,0.9759999999999991,0.04800000000000182,1,false,1.110120397656293,17,6,36,3,-1.1350107151361162,3.603999999999996,0.3,0,false
XRPUSDT,1743316200000,1743318900000,-5.377065037079673,0.5381289669763714,0.2667647870481007,1,false,1.3222073255968938,6,0,87,76,-0.8008786783213413,7.012898578537873,0.25,0,false
ETHUSDT,1743382800000,1743384600000,-7.590746178940649,0.59954436850586,0.5528699227649079,1,false,1.202497001522717,1,1,74,88,-1.4205944692555061,9.706644874416755,0.5,0,false
SOLUSDT,1743382800000,1743384600000,-5.914193282546163,0.6854838709677373,0.13709677419354976,1,false,1.2833359343529147,1,1,68,77,-1.3469093241401482,2.8266129032258025,0.3,1,false
XRPUSDT,1743382800000,1743384600000,-8.107499057560624,0.64446326089002,0.7526578229372478,2,false,1.4879645676213697,1,1,106,93,-1.3423132687900552,6.282340765829337,0.25,2,true
SOLUSDT,1743395400000,1743399000000,-5.190438809273894,0.534119897959185,0.17538265306122358,3,false,1.4516901135154074,4,1,71,100,-1.1302560859943034,3.9421237244897904,0.3,0,false
SOLUSDT,1743417900000,1743426900000,-4.89163848851387,0.7829352081169642,0.4314132779420039,6,false,1.402762663026046,10,1,78,97,-1.6079207920792087,3.7349205081089694,0.3,0,false
XRPUSDT,1743444000000,1743446700000,-6.810816413022399,0.8552287736969753,0.3468427804437622,1,false,1.7612050499913336,18,1,123,97,-1.108636945089311,4.656245545683464,0.3,0,false
XRPUSDT,1743515100000,1743516900000,-3.1132042322281572,0.6645744877238412,0.31382684142512907,12,false,1.4713118698948608,13,2,143,74,-1.4513987454786796,7.055335056304202,0.3,0,true
ETHUSDT,1743517800000,1743519600000,-1.541766028609234,0.6630809986353108,0.5276818923764363,1,false,0.9620312489639102,14,2,111,21,-1.2632613071497645,1.5004973835139175,0.45,0,false
XRPUSDT,1743517800000,1743520500000,-3.1132042322281572,0.9054419863717019,0.9754503873798049,1,false,1.4713118698948608,14,2,143,74,-1.3052396046988637,6.0055539998132845,0.35,1,false
SOLUSDT,1743552900000,1743556500000,-2.258015427745878,0.5124162396531381,0.10248324793062315,1,false,1.2296240999930097,0,3,115,62,0.10279117577290699,21.128459539555376,0.25,0,true
SOLUSDT,1743557400000,1743560100000,-2.5801836786716494,0.6432144842372651,0.17470023028667755,1,false,1.2013562899997137,1,3,116,50,-0.5392117992228947,22.013381184726416,0.3,0,true
XRPUSDT,1743578100000,1743579900000,-6.14908011607702,0.5201560468140511,0.08187641477626503,1,false,1.239151307056534,7,3,160,1,-0.35148538687468367,3.004141983335713,0.35,0,false
BTCUSDT,1743615000000,1743624900000,3.1871091848328237,0.7924636131944613,0.07265213855272186,8,false,0.7929380684148594,17,3,9,94,1.1520769657101333,0.8979621236093402,0.3,0,true
XRPUSDT,1743618600000,1743624900000,-2.6212747749315257,0.5417920815003391,0.5186385737439267,4,false,1.4541421758461464,18,3,171,60,-0.9971838788606382,6.741143783283148,0.35,1,false
XRPUSDT,1743639300000,1743641100000,-7.761312039023157,0.7759363923747481,2.050004789730825,8,false,2.154479041489495,0,4,177,99,-2.224135457023962,12.304516650547892,0.35,0,true
XRPUSDT,1743687000000,1743689700000,-9.218376317885154,0.7600434310532072,0.22702595992497968,4,false,1.8158171146776136,13,4,190,81,-0.7674521572293038,14.004859691336986,0.35,0,true
SOLUSDT,1743692400000,1743694200000,-11.511356175519111,0.9376382131800108,0.08845643520565619,1,false,2.041339928794449,15,4,18,90,-1.6301978903321337,6.971693940734191,0.35,0,false
XRPUSDT,1743692400000,1743695100000,-9.318015605732906,1.0026704287801698,0.17131052552022208,1,false,1.9611385636143084,15,4,192,94,-1.3299462044231891,16.38869688445961,0.4,1,false
XRPUSDT,1743699600000,1743702300000,-7.902692028458095,0.7145355518912696,0.06995452955579212,1,false,1.9084923127064286,17,4,194,91,-0.28448792174086834,2.2601975382667994,0.35,0,false
XRPUSDT,1743713100000,1743714900000,-4.932804802565522,0.6444053895723432,0.205038078500292,1,false,1.7922497251833571,20,4,198,79,-0.7495376228949713,4.507583154331838,0.35,0,false
SOLUSDT,1743729300000,1743732000000,-8.053894882301407,0.6186630005155516,0.13748066678123097,1,false,1.594038586486227,1,5,28,67,-0.6001886307125,1.7281749441484826,0.35,0,true
SOLUSDT,1743929100000,1743939000000,-3.037956545240209,0.63486759669201,0.20048450421852382,7,false,0.9240139957575157,8,0,84,2,-0.6659452260051588,0.7142260462785216,0.35,0,true
BTCUSDT,1743987600000,1743989400000,-5.980382221964084,0.793318989690943,0.0005098451090484496,9,false,1.0611907864430397,1,1,45,80,-0.8021986654941875,16.982582199161538,0.35,0,false
SOLUSDT,1743987600000,1743989400000,-13.806889459956787,0.9382996872334327,0.22746659084447834,3,false,1.917874581163025,1,1,100,65,-0.22036983807607932,8.893977551213807,0.35,1,false
ETHUSDT,1743998400000,1744007400000,-14.878155133380949,0.9023779484190722,1.1162844315787492,1,false,2.228668580608284,4,1,103,100,-3.239499977824655,4.340934692279274,0.45,0,true
ETHUSDT,1744014600000,1744016400000,-18.913573066761167,0.9062481715760563,1.8196475123682727,8,false,2.832091131813909,8,1,107,100,-2.474510920194597,5.916009944393568,0.45,0,true
XRPUSDT,1744027200000,1744029000000,-15.43950430962494,0.9898762654668201,0.6411698537682833,1,false,3.4149074015911767,12,1,33,99,-1.4318602953562725,5.129358830146229,0.35,0,false
ETHUSDT,1744074900000,1744076700000,-12.244588107194092,0.520522174625963,0.4029439056323261,7,false,2.4160894038461653,1,2,124,82,-1.039269729688728,3.534580722248356,0.5,0,false
SOLUSDT,1744074900000,1744076700000,-9.23794528727722,0.5153216159013548,0.027606515137573513,9,false,2.6115576722888223,1,2,124,89,0.3421807084065519,4.578313393353209,0.35,1,false
XRPUSDT,1744075800000,1744078500000,-9.484359759819618,0.7555625032567327,0.2709603459955236,8,false,3.205603164810994,1,2,46,85,-1.4557844200092924,1.0571361575738636,0.35,0,false
ETHUSDT,1744085700000,1744093800000,-9.699998820952585,0.7493188010899189,0.38122140839436475,6,false,2.2872017666633746,4,2,127,79,0.083619399700726,1.806976976726762,0.5,0,true
ETHUSDT,1744101000000,1744103700000,-10.154314603699655,0.6810348141409293,0.022423535743110148,1,false,2.0167483899869576,8,2,131,69,-0.8041768807105715,4.3641906047074785,0.5,0,false
XRPUSDT,1744126200000,1744129800000,-6.998342605985498,1.0374850112090104,0.49528178927062416,2,false,2.532832032174591,15,2,60,74,-2.5515966731697337,1.0809307821976692,0.3,0,true
XRPUSDT,1744136100000,1744139700000,-8.514695022502048,1.1090375899760145,0.19728072513996464,6,false,2.5805685591267817,18,2,63,73,-1.986024273630014,0.6524320787184005,0.35,0,true
SOLUSDT,1744137000000,1744141500000,-9.769751525220432,1.1068380076915927,0.12193978050839083,9,false,2.385799023157757,18,2,141,75,-0.8021639772409285,2.6667998441117184,0.35,1,true
BTCUSDT,1744162200000,1744164000000,-5.956164182773048,0.5447684930430036,1.1347378350758666,1,true,1.175452846719871,1,3,93,56.99999999999999,-1.7755455689001085,0.5951117574614041,0.35,0,true
SOLUSDT,1744162200000,1744164900000,-9.542375328634177,1.0083549409392216,0.9603380389897245,1,true,2.2129623387095254,1,3,148,63,-3.4375588623092908,0.34867503486747276,0.35,1,false
ETHUSDT,1744171200000,1744173000000,-16.70321534036961,0.8474692108968044,2.0004374034636876,11,true,2.240512115144315,4,3,151,68,-3.310907597368652,1.0689047143892139,0.5,1,true
XRPUSDT,1744162200000,1744174800000,-11.794688399195593,1.4262359772253157,1.2796662720559187,1,false,2.4927516501800424,1,3,70,56.99999999999999,-3.5902558126630035,4.765394516789724,0.35,2,false
SOLUSDT,1744200000000,1744206300000,-9.80541832153001,1.440230436869899,0.1536245799327996,1,false,2.174762460072631,12,3,159,52,-3.5844642021525486,0.33910155915399254,0.35,0,false
ETHUSDT,1744239600000,1744241400000,-0.1525383690343673,0.5230319133056686,0.06448338657192747,1,false,2.2307649401814804,23,3,170,74,0.04667919424529155,2.7495147341405155,0.55,0,true
XRPUSDT,1744240500000,1744245000000,3.6191117447829457,0.8976485510781418,0.07317787101180881,9,false,2.581750722467277,23,3,5,73,1.451193803010261,5.238072007025052,0.3,0,false
ETHUSDT,1744246800000,1744254900000,-1.6044305823554452,0.7484649202485133,0.25009386089210894,1,false,2.183475234782594,1,4,172,71,-1.8931017744458316,1.3496966591369228,0.6,0,true
ETHUSDT,1744261200000,1744267500000,-3.128117137242919,0.6659178926307217,0.5302793172653713,7,true,2.0031541352780495,5,4,176,59,-1.6406501790850558,0.014645325971726766,0.6,0,true
ETHUSDT,1744286400000,1744288200000,-4.340340379841962,0.5018921769340479,0.2580805260872313,18,false,1.7048211067491266,12,4,183,13,-0.07334157908149391,0.7991810906383668,0.65,0,false
BTCUSDT,1744294500000,1744299000000,-0.11508951714108015,0.5597024087214799,0.05524590566454686,2,false,1.0348967132619384,14,4,0,20,-0.9786528066019002,0.4867471210744786,0.35,0,true
BTCUSDT,1744300800000,1744302600000,-2.7030337774074713,0.6524683305939272,1.1944460379259723,1,false,1.266484589300601,16,4,0,60,-2.534733804944155,0.14673508484287548,0.4,0,true
XRPUSDT,1744365600000,1744368300000,1.4534107998779233,0.5081705858907924,0.1743722598644797,2,false,1.4540312896631515,10,5,6,1,0.5041681225977137,0.07805234489172559,0.3,0,true
ETHUSDT,1744371900000,1744379100000,-4.9582208300172015,0.6803591068368334,0.031332327288539345,1,false,1.5660331355222954,11,5,207,5,-0.7038216560509525,3.895211178058945,0.6,0,false
SOLUSDT,1744390800000,1744392600000,4.462625189159755,0.5283461925528308,0.5535055350553596,1,false,1.5407462874699451,17,5,14,17,0.3921241448356406,1.400278688101585,0.35,0,true
SOLUSDT,1744395300000,1744398000000,5.691580007166359,0.8442310875682802,0.18208905810297393,2,true,1.5444773428662069,18,5,15,20,1.517931609674723,0.07423630830353542,0.4,0,false
SOLUSDT,1744416000000,1744426800000,5.321042316988212,0.5968664511315583,0.23211473099560734,1,false,1.426939352990757,0,6,21,11,-0.14863748967794602,0.38774213158696547,0.4,0,false
SOLUSDT,1744486200000,1744488900000,11.898156834665038,0.5553413035094477,0.11569610489780616,4,false,1.4321307493543152,19,6,40,43,0.48633626679017716,6.544253760123393,0.35,0,true
SOLUSDT,1744491600000,1744495200000,13.18090110424566,0.5028954587016127,0.03809814081071544,2,false,1.4903949225840751,21,6,42,50,0.5512594747722217,7.676489637305687,0.4,0,true
ETHUSDT,1744511400000,1744520400000,-0.6335035923650295,0.9073832730654721,0.7770578265631295,2,true,1.1984188663168844,2,0,0,17,-1.7357838994643666,0.6902873890245497,0.6,0,true
SOLUSDT,1744514100000,1744520400000,12.466335395831008,0.6002127336271023,0.5546269563895987,2,false,1.5312769825261556,3,0,48,62,1.096725057121095,7.9430367725269555,0.45,1,false
XRPUSDT,1744550100000,1744552800000,7.111022001671113,0.6748266393633341,0.24666077162936112,19,false,1.4412409535940889,13,0,57,55.00000000000001,0.7661045452422092,6.815346943425007,0.35,0,false
ETHUSDT,1744560900000,1744565400000,-2.345867213529976,0.6016591015808358,0.009391141023640066,11,false,1.1683823415860506,16,0,5,17,-0.6127045728226174,0.31671082137868206,0.6,0,false
XRPUSDT,1744562700000,1744565400000,5.784017899981386,0.609330666542635,0.08372482441042847,2,false,1.4450986631378713,16,0,61,55.00000000000001,0.8420658682634842,6.75572630231047,0.35,1,true
XRPUSDT,1744591500000,1744598700000,4.461822163964827,0.8500446156013715,0.15498051002676272,1,false,1.6232739271706704,0,1,69,70,1.5805413590762767,7.766630289628685,0.4,0,true
SOLUSDT,1744602300000,1744605900000,9.10922654663591,0.9221155311690352,1.7146776406035666,5,false,1.9015199242723584,3,1,73,98,2.0559461938245165,12.34098262768439,0.4,0,true
SOLUSDT,1744636500000,1744638300000,10.000335913419592,0.7499062617172854,0.10498687664043102,2,false,1.6703184832216138,13,1,82,89,0.23986207930439488,10.537986621965146,0.45,1,false
ETHUSDT,1744628400000,1744645500000,3.3826845722791057,1.3672284565656285,0.24864145901610427,1,false,1.4203012240241497,11,1,8,54,2.3065294777393173,2.662356997714176,0.55,0,false
XRPUSDT,1744642800000,1744645500000,4.881642675060712,0.8024633759447758,0.16795745077911745,2,false,1.4433826248193675,15,1,83,63,0.8104942609510467,7.004373498788606,0.4,1,false
SOLUSDT,1744683300000,1744695900000,6.117354069244188,1.1148962527098156,0.03096934035304432,3,false,1.65817310229056,2,2,95,75,0.13918960717600282,6.494066926374452,0.45,1,true
XRPUSDT,1744666200000,1744708500000,4.017035105004729,0.7424812030075205,0.0328947368420912,19,false,1.363507542608629,21,1,89,49,1.139857163127266,7.753812051136301,0.4,0,true
SOLUSDT,1744712100000,1744713900000,8.160183346589033,0.7076181872929823,0.02258355916892588,1,false,1.3641522778297164,10,2,103,27,0.6940777065258298,8.788486148750358,0.5,0,false
ETHUSDT,1744732800000,1744745400000,-0.4258629282720532,0.557360675244922,0.09679825886444937,1,false,1.2807263531639734,16,2,1,51,-0.24636168859635638,0.1658960438088456,0.5,0,true
XRPUSDT,1744791300000,1744793100000,-1.4573041667855138,0.6310373282850514,0.29124799767000553,3,false,1.1269258001365428,8,3,3,18,-0.8417182662538846,1.7054188308011,0.4,0,false
XRPUSDT,1744810200000,1744814700000,-0.44779965369123303,0.567198615650838,0.12016919823110683,3,false,1.121547093387299,13,3,0,16,-0.46464840007664504,2.664551688777815,0.4,0,false
SOLUSDT,1744821000000,1744824600000,3.153679034767107,1.3804527885146327,0.32342036759486537,7,false,1.455205739608176,16,3,5,36,2.3677662733766778,4.421097262759305,0.5,1,true
XRPUSDT,1744815600000,1744825500000,0.7674406248930278,0.8703969392635205,0.19129603060736505,1,false,1.1796972518654978,15,3,0,40,1.8825920727871042,3.631755141080828,0.4,0,true
ETHUSDT,1744837200000,1744839000000,-2.6920843254560687,0.5058309313722387,0.3159866541365233,1,false,1.655577940425596,21,3,30,95,-0.5377291960507877,2.517992523277282,0.5,0,false
SOLUSDT,1744894800000,1744897500000,6.497602956046824,0.5538922155688478,0.04491017964072026,2,false,1.4480270717632062,13,4,26,41,0.7426856714178398,9.307354041916145,0.5,0,false
ETHUSDT,1744902000000,1744907400000,-2.6768802050880023,0.7859577239473707,0.24343823308103704,2,false,1.0801769217434893,15,4,48,4,-1.1864970118085203,1.23424689007769,0.5,0,false
SOLUSDT,1744929900000,1745028900000,5.390396627089356,0.9211413165580692,0.02246686137946614,10,false,1.4938973075683404,22,4,36,41,1.0547728471332825,9.259810529469014,0.45,0,true
SOLUSDT,1745200800000,1745241300000,7.050029962294454,1.2987012987013002,1.3345770251847493,6,false,1.08774320650309,2,1,111,63,2.6830509706973005,3.2384478573301636,0.5,0,false
XRPUSDT,1745246700000,1745253000000,2.16359787561605,0.7267236090793299,0.2595441460997622,1,false,0.7804513386954586,14,1,15,70,0.8744150872051786,0.724802606549824,0.45,2,false
SOLUSDT,1745246700000,1745253900000,4.844356172020444,1.0857763300760044,0.528411147303648,1,false,1.1418993824358306,14,1,124,74,1.1216441131775174,4.3238136054757765,0.45,1,false
ETHUSDT,1745246700000,1745254800000,1.7064161806257916,0.7592920681757825,0.621631798904887,1,true,0.9140533489917009,14,1,14,84,0.8497344194816677,0.20653449752234426,0.5,0,false
BTCUSDT,1745253900000,1745255700000,2.837145875171327,0.5792794440380429,0.010630029261159142,10,false,0.6793224297530905,16,1,28,100,0.5013767217623091,1.7144221337367815,0.4,1,false
SOLUSDT,1745270100000,1745282700000,2.8007334914171325,0.67741697960387,0.24298652529267656,7,false,1.2339407280135,21,1,130,83,0.768775872264926,6.115708270200659,0.4,1,false
BTCUSDT,1745265600000,1745285400000,3.03630784578995,0.5044191201709202,0.08977145015330838,2,false,0.7061595701864644,20,1,31,99,0.39692404008600063,2.1556784303583965,0.4,0,true
ETHUSDT,1745290800000,1745307900000,-1.6884001174307333,0.5877822112227856,0.32324864892167016,2,false,1.1447087284238222,3,2,10,100,-0.7908256649120796,0.9773169748688072,0.45,0,false
BTCUSDT,1745328600000,1745330400000,4.2620360280632195,0.6573991031390068,0.2610986547085136,1,false,0.5948120836128402,13,2,48,79,1.0179728435404747,0.7161136023916428,0.45,1,true
ETHUSDT,1745319600000,1745330400000,1.520329874644246,0.700218009828911,0.11454753722795744,1,false,1.0634955791823133,11,2,3,94,0.14526205644292,0.03135555919802912,0.45,0,true
SOLUSDT,1745328600000,1745332200000,5.333096359934514,0.9162026922263606,0.12685883430827177,1,false,1.0513802571963613,13,2,146,68,1.3226196401905808,1.3867807170636095,0.4,2,true
ETHUSDT,1745335800000,1745357400000,4.342879801381104,1.1904761904761905,1.5476190476190477,1,false,1.1524970616857482,15,2,7,100,4.570885867877786,3.2889880952381016,0.5,0,true
ETHUSDT,1745385300000,1745392500000,11.920224990813228,0.5810448760884045,0.46885465505693746,1,false,1.4899093051705388,5,3,21,100,1.5635660041829325,3.2584778348341663,0.5,0,false
XRPUSDT,1745391600000,1745396100000,6.691702814627895,0.501028898631102,0.026840833855255347,1,false,1.2409428056894445,7,3,23,93,0.7778776978417108,1.8339618157350062,0.4,0,true
XRPUSDT,1745399700000,1745403300000,8.827923836067392,0.911800806593018,0.14904436261616996,2,false,1.3062274637741271,9,3,25,100,1.4492753623188481,0.21688937455599547,0.4,0,false
ETHUSDT,1745408700000,1745410500000,9.941925266556538,0.6192123484801872,0.14809681619788478,5,false,1.3631822500712287,11,3,28,88,0.1422427498033678,3.1379138405633777,0.45,0,true
ETHUSDT,1745424900000,1745468100000,9.333464195196447,1.4295701781369694,0.00391509829692868,1,false,1.574310782681821,16,3,32,100,0.807040812885684,8.950023396618393,0.5,1,false
BTCUSDT,1745424900000,1745483400000,6.985609926668119,0.8271233505772,0.18217626254078753,1,false,0.8965934793681659,16,3,75,96,0.6064016746796611,0.5400104881852128,0.5,0,false
ETHUSDT,1745487000000,1745502300000,4.290835046841971,0.6336405529953917,0.2027649769585243,1,false,1.2850735293822513,9,4,49,70,0.2799071583664092,0.1600742447516713,0.45,0,true
SOLUSDT,1745591400000,1745595900000,7.645628509694849,0.65661162397607,0.03900663112729312,1,false,1.2421101454159735,14,5,219,77,1.8780264363303263,2.5208577124777976,0.45,0,false
SOLUSDT,1745766000000,1745779500000,2.5764523535873862,0.5535678120569724,0.2497805981232732,5,false,0.883835585482716,15,0,268,12,0.676818950930626,2.6539448888340234,0.4,0,true
ETHUSDT,1745838000000,1745847900000,4.0592095033325375,1.0086910281336743,0.3916224914280741,1,false,0.8555780747408478,11,1,147,27,0.8033997661829646,0.6908785748708023,0.5,0,false
SOLUSDT,1745926200000,1745933400000,1.2848820995341628,0.5192528154292142,0.21579337784073208,1,false,0.9592342419928701,11,2,32,39,0.1413094677343244,2.727424210316,0.45,0,false
ETHUSDT,1746045000000,1746067500000,1.0633692296198383,0.6566651231038004,0.5194182069750414,1,false,1.0492528172919386,20,3,3,91,1.6196723524911094,1.5331484777308646,0.45,1,true
BTCUSDT,1746024300000,1746078300000,0.7752774831498478,0.7555983111538606,0.2725669392336059,1,false,0.6417520812602371,14,3,242,100,0.24594059490344902,1.7499622798187335,0.5,0,true
SOLUSDT,1746114300000,1746123300000,3.2999354425047596,0.6272697259821648,0.12545394519643296,6,false,1.033819299256223,15,4,19,72,-0.3154574132492046,4.046376628542949,0.45,0,false
ETHUSDT,1746128700000,1746141300000,3.5321990379808357,0.5360853829917747,0.03309838903086289,19,false,0.9437193284075369,19,4,27,74,0.5824936170676098,1.3386966535111553,0.45,1,false
BTCUSDT,1746120600000,1746198000000,3.7557803820902222,0.5735896366989788,0.0190334523269003,10,false,0.5825801990432343,17,4,268,81,0.6178385010501769,1.0653842710502053,0.5,1,true
XRPUSDT,1746460800000,1746462600000,-3.818315558165889,0.5231160752156033,0.2921909609312505,1,false,1.0046991353547008,16,1,31,100,-0.9287925696594446,5.513791548006174,0.4,0,false
SOLUSDT,1746673200000,1746675900000,2.2061833456809334,0.5979173664763092,0.49714477662076534,2,false,0.9920824477015255,3,4,5,95,0.9363422027618827,3.272398178881812,0.4,0,true
XRPUSDT,1746735300000,1746737100000,4.559537277842911,0.5181576616474677,0.044286979627984495,1,false,1.003387436303206,20,4,17,100,1.3418330955777469,0.2855249167223183,0.4,0,true
XRPUSDT,1746743400000,1746747000000,5.7382725180049166,0.7343241579456582,0.4309207633453438,7,false,1.1732657037039729,22,4,19,100,0.5894514582325386,0.4288473916282669,0.45,0,true
SOLUSDT,1746749700000,1746762300000,10.758756343344015,0.6318630758849157,0.10428808048586953,2,false,1.349907843290592,0,5,26,100,1.387770274456359,3.4389265335006516,0.45,1,false
XRPUSDT,1746748800000,1746763200000,6.752284614751836,0.5582965463516029,0.19042672898813984,1,false,1.197476255678357,0,5,21,100,1.115808743407588,0.7448301593568503,0.5,0,false
ETHUSDT,1746818100000,1746837000000,21.416854050733008,1.0642747795338339,0.22251450009704005,7,false,2.2500895359575326,19,5,44,92,0.7097563400433148,7.499667345634951,0.4,2,true
ETHUSDT,1746841500000,1746857700000,19.452172680344354,0.578140968899265,0.1629228617977937,1,false,1.8697977192428277,1,6,51,84,0.18138518531164108,8.274152391100479,0.4,3,true
XRPUSDT,1746814500000,1746857700000,7.112753019250688,0.8281750266808812,0.3201707577374721,3,false,1.594671875105846,18,5,39,98,0.538047655649498,0.8224119530415975,0.5,1,true
BTCUSDT,1746814500000,1746861300000,5.973754360331785,0.5508458098386212,0.0510402488819755,3,false,0.7607631517650857,18,5,67,95,0.2954408241961499,0.3940478777550851,0.55,0,true
SOLUSDT,1746818100000,1746918900000,13.14665655553753,1.3107080163838556,0.12873025160912746,7,false,1.729744495432971,19,5,45,95,1.0577657636481232,12.470081432625548,0.45,3,true
ETHUSDT,1746922500000,1746924300000,25.98300889236086,1.214346451200819,0.13832342603224151,6,false,1.6863693413760186,0,0,73,82,1.458940402580697,11.018247021429307,0.45,0,false
SOLUSDT,1746927900000,1746947700000,12.468269042588554,1.7861193014288985,0.7371286005896932,3,false,1.467813297567297,1,0,76,85,0.48805116122517933,15.151805410292887,0.45,0,false
ETHUSDT,1746952200000,1746963900000,18.512321731120423,1.0130321950510717,0.32691477210811226,1,false,1.8337207692136672,8,0,81,81,0.19603432207473626,8.61281010936137,0.45,0,true
XRPUSDT,1746952200000,1746979200000,3.9041961465236037,0.7421543681085696,0.04240882103477056,1,false,1.3411722139503663,8,0,77,83,0.1100156560741215,1.2033998840133424,0.5,1,false
ETHUSDT,1747035000000,1747036800000,15.859560169092246,0.5485809484143663,1.4156799746137363,1,false,1.3998037744347354,7,1,104,19,2.628755150804387,12.215395665791767,0.45,0,true
XRPUSDT,1747043100000,1747048500000,5.600599955725137,0.5353807843951083,0.352770284291354,4,false,1.2223716007766736,9,1,103,66,0.3108421750663248,3.2784142797462335,0.45,2,true
ETHUSDT,1747040400000,1747051200000,18.201105781517608,0.8130208598370819,0.40553182994281556,1,false,1.6082130719772603,9,1,106,55.00000000000001,0.73312864214549,10.872471520551837,0.5,0,false
SOLUSDT,1747043100000,1747051200000,8.491627746739274,0.7591324200913152,0.21118721461187476,4,false,1.4633015263164277,9,1,108,80,-0.10794841202204292,14.527546475303216,0.4,1,false
SOLUSDT,1747054800000,1747056600000,8.649526983462943,0.6214012884100127,0.25084088706459023,1,false,1.439413990701322,13,1,111,77,1.4424458364461923,9.425996485853362,0.4,0,true
ETHUSDT,1747085400000,1747089900000,12.07733287501065,0.5724161152783449,0.10182597089644252,4,false,1.782853344859242,21,1,118,76,0.7830457130492768,12.885914646278918,0.5,1,true
SOLUSDT,1747082700000,1747089900000,5.544244125839151,0.6242707117852936,0.21586931155192796,1,false,1.781819922698987,20,1,119,93,1.229556418402167,8.015182269930184,0.4,0,true
XRPUSDT,1747096200000,1747100700000,9.453842687396257,0.7301026957637906,0.34098202824134205,18,false,2.058859092894197,0,2,117,95,1.9772873711340264,5.498502353444605,0.5,0,false
SOLUSDT,1747154700000,1747164600000,7.075787177012232,0.8966065145840498,0.07944614686188559,2,false,1.3799992030970645,16,2,139,50,1.5906620129312816,9.824727368571155,0.45,1,true
XRPUSDT,1747153800000,1747164600000,8.176422840724921,0.644299520704014,0.3300070715801039,1,false,1.699788453734282,16,2,133,74,1.2161523929471003,7.419281655414353,0.5,0,true
XRPUSDT,1747165500000,1747167300000,9.372827631901233,0.5170671020915982,0.47041443122617904,1,false,1.5939017462192697,19,2,137,71,1.0874242127909095,8.042688914765348,0.5,0,false
SOLUSDT,1747166400000,1747168200000,10.1233990460543,0.5247292620296962,0.943396226415109,2,false,1.446712715801909,20,2,142,71,1.6185230976733707,16.386169791089905,0.45,1,true
SOLUSDT,1747187100000,1747188900000,9.938327536198145,0.6073871409028803,0.17510259917920282,2,false,1.3739444342297382,1,3,148,63,0.7011009475817501,13.035644816290775,0.5,0,false
XRPUSDT,1747187100000,1747188900000,8.113861262162406,0.5830450499475307,0.0699654059936954,2,false,1.460625809920173,1,3,143,63,0.3187065179369577,8.02343989101542,0.5,1,false
SOLUSDT,1747217700000,1747223100000,7.319689450217451,0.5015324602953343,0.022290331568693488,1,false,1.4585597795591894,10,3,156,75,0.5595970900951316,16.49185751581127,0.45,0,true
XRPUSDT,1747300500000,1747306800000,3.1469984992128137,0.8991858722508088,0.22277127465673216,4,false,1.3279816783967229,9,4,174,43,0.4217185028993223,4.100379235619441,0.45,0,false
SOLUSDT,1747333800000,1747337400000,2.1527036809094073,0.8057875544053668,0.15880484648863769,12,false,1.528601543291657,18,4,188,76,1.8074445239799577,11.816510329210397,0.5,1,false
ETHUSDT,1747333800000,1747348200000,7.273201655317287,0.7663444416179168,0.5703860340880147,12,false,1.6236562701587811,18,4,187,87,1.6235759601609765,12.533458920189991,0.5,0,true
ETHUSDT,1747356300000,1747361700000,5.732559893819684,0.7345250452911113,0.18116442546404896,4,false,1.5259554211127917,0,5,194,59,0.181876874867149,11.605200299095646,0.55,0,true
XRPUSDT,1747407600000,1747413900000,-0.3030564614474063,0.5695653968385099,0.2393825580915352,1,false,1.2321350223103569,15,5,0,2,-1.0801264939011865,3.5307428090869584,0.4,0,true
SOLUSDT,1747436400000,1747441800000,-1.437412311203721,0.5745424391399625,0.45608008055440985,3,false,1.3442321467214808,23,5,2,9,-0.8328411104548286,6.543302875355507,0.45,0,true
ETHUSDT,1747451700000,1747489500000,1.8572796050833067,0.8963250672243911,0.19945251495892244,3,false,1.3921594127995522,3,6,220,31,-0.2644184401723111,13.125650781093062,0.6,0,false
SOLUSDT,1747479600000,1747500300000,-1.203880881989482,0.6206731916925233,0.005968011458576572,1,false,1.2732797004031111,11,6,14,1,-0.3936068702290056,5.8233050212042805,0.5,1,true
ETHUSDT,1747497600000,1747546200000,1.0119598077085492,0.7827224280236555,0.22665236888282017,7,false,1.0740890995197034,16,6,233,1,0.02066040372860406,4.965516803228764,0.6,1,true
SOLUSDT,1747602900000,1747605600000,-1.3676323361007552,0.5312555339118149,0.8618145327902769,6,false,1.3266903927799145,21,0,1,40,-1.4281516309139035,6.825934425479064,0.55,1,true
XRPUSDT,1747602000000,1747606500000,-1.3149018767855147,0.5890708556149733,0.3175133689839593,5,false,1.109222053323141,21,0,3,31,-0.638404406242171,2.314663664508888,0.45,0,true
ETHUSDT,1747607400000,1747612800000,-2.143122240615013,0.5606289466934284,0.8619110240740694,11,false,1.5965045531061806,22,0,2,88,-1.2321304522686527,12.30969605273502,0.65,0,false
SOLUSDT,1747614600000,1747620900000,2.265235018910353,1.354321354321355,0.297000297000297,7,false,1.461906397291692,0,1,1,85,0.811891827353599,5.476033870310507,0.6,0,false
ETHUSDT,1747621800000,1747624500000,-1.2578686882854124,0.5971418077673747,0.5455573392318559,1,false,1.9069523877063126,2,1,1,99,-1.4072347405680747,11.013799390835732,0.6,1,true
XRPUSDT,1747615500000,1747625400000,-0.14756239071657587,1.0235328663115055,0.1635974663366665,8,false,1.27291628192825,0,1,0,57.99999999999999,0.6530715429341807,1.9171856820204158,0.45,1,false
SOLUSDT,1747627200000,1747629000000,-2.407138479198694,0.5733252866626537,0.00603500301749602,1,false,1.6352178969080242,4,1,3,87,-0.9295909799688205,9.419485135803585,0.55,0,false
ETHUSDT,1747676700000,1747678500000,2.102461003285568,0.5866440568475533,1.2047803617570934,3,false,1.656245435090119,17,1,2,82,2.1995926680244398,13.022087334237634,0.6,0,true
SOLUSDT,1747708200000,1747711800000,0.918189120845014,0.8848001875073193,0.4394702918082738,1,false,1.4251830781314057,2,2,0,70,1.8654942965779557,6.740668058039918,0.55,0,false
ETHUSDT,1747711800000,1747725300000,4.367655927024389,0.6457434287956075,0.22008630835622314,5,false,1.568844123471052,3,2,11,80,1.2296378301439335,10.997523369003638,0.65,0,false
XRPUSDT,1747841400000,1747845000000,0.839284006303652,0.6775809098943741,0.3787719372080256,2,false,0.9741304372221553,15,3,0,40,1.1723527179184245,1.3921194924668274,0.45,3,true
BTCUSDT,1747841400000,1747845900000,4.612584457470498,0.7580510440835294,0.6032482598607889,2,false,0.7703386377100603,15,3,49,96,1.4838423058976602,4.467419348330506,0.55,0,true
ETHUSDT,1747841400000,1747845900000,4.029381970732956,0.8801513531298762,0.11085128301548323,2,false,1.3011408464086436,15,3,19,51,1.2737052887824434,10.683001652668148,0.6,1,true
SOLUSDT,1747841400000,1747845900000,2.630743571767602,1.0832650193231024,0.3513291954561391,2,false,1.225264960952276,15,3,3,44,2.00803212851406,7.53709291406211,0.5,2,true
SOLUSDT,1747846800000,1747848600000,2.833679386936758,0.5382878972043796,0.1041847542976086,1,false,1.2989531350489267,17,3,5,59,1.5221938182663284,8.602099484074364,0.55,0,false
SOLUSDT,1747860300000,1747862100000,0.7253064801340865,0.517395182872438,0.9991079393398791,4,false,1.6605301938344357,20,3,1,97,1.3768850211599226,10.690769587919847,0.55,1,true
ETHUSDT,1747859400000,1747867500000,1.1948125474397255,0.7422391283324046,0.5605073982141255,3,false,1.7617592850633155,20,3,0,92,1.1101453376725772,13.111055080892871,0.65,0,true
ETHUSDT,1747877400000,1747885500000,4.072902965578511,0.8786091276001369,0.05510710959327918,2,false,1.7091708153122491,1,4,5,91,1.0948919380760402,9.786212194746566,0.65,0,true
ETHUSDT,1747972800000,1747975500000,7.841512843343984,0.614113566829042,0.03350379771069119,1,false,1.2876850811915042,4,5,32,32,0.5900555672630087,4.021860464242204,0.7,0,false
XRPUSDT,1747974600000,1747982700000,3.4464515800315003,0.5330927581399123,0.26244566554579424,12,false,0.8780366069118447,4,5,29,11,0.5918862263142647,3.753910323253425,0.5,0,false
SOLUSDT,1747986300000,1747988100000,6.4692530232343675,0.5469915464942864,0.4806895408586135,2,false,1.19154767532994,7,5,36,27,0.747094631986731,12.704904578217857,0.55,0,true
SOLUSDT,1747999800000,1748001600000,8.18107066687837,0.742844658072981,0.125628140703512,13,false,1.2129804004277929,11,5,39,41,0.7720527843180182,13.70144570467364,0.6,0,false
XRPUSDT,1748007000000,1748008800000,-1.9067971904308523,0.6911393452799617,2.2058519223606394,6,false,1.2832085802624156,13,5,1,96,-2.9978234980082936,3.1379501878304814,0.45,0,true
SOLUSDT,1748051100000,1748062800000,0.6130667600944845,0.6620610247553121,0.14968336211860642,1,false,1.5946606580708813,1,6,54,81,-0.01720578114246452,13.471326470320877,0.55,0,true
SOLUSDT,1748071800000,1748073600000,0.9957993346208208,0.5730659025787965,0.1489971346704819,1,false,1.4190253623479185,7,6,59,63,0.20029758498340067,8.70667006328072,0.6,0,false
SOLUSDT,1748150100000,1748157300000,0.5267391227945537,0.5240727942870287,0.1439760423865469,1,false,1.1259033848197653,5,0,1,7.000000000000001,0.8743485813549621,8.957005528494365,0.6,0,false
SOLUSDT,1748214900000,1748220300000,0.9820146664580284,0.5799598047660174,0.08613264427218242,1,false,0.9967601316053086,23,0,0,11,1.1050043390222717,9.202688667879702,0.55,0,true
SOLUSDT,1748221200000,1748243700000,2.506842867038727,0.6359300476947561,0.33499886441063104,1,false,1.0244258673581244,1,1,2,20,0.8141189866211254,10.218307015167216,0.55,0,true
SOLUSDT,1748293200000,1748308500000,0.8791405068681295,0.5215497478220981,0.06877579092159822,1,false,0.9807891078932586,21,1,22,22,0.5403851681517665,9.346302745111858,0.55,0,false
BTCUSDT,1748316600000,1748340000000,0.47606098259259444,0.5903470650856487,0.3303362812282483,1,true,0.6185027820950553,3,2,33,67,0.311013335986533,0.14369259554543198,0.6,0,true
ETHUSDT,1748369700000,1748378700000,5.65155320915298,0.8149287215944987,0.06202967023985862,2,false,1.0453238439493926,18,2,14,82,1.1207671561282617,12.597172947382324,0.65,0,false
ETHUSDT,1748401200000,1748427300000,3.0314029423752578,0.5782191458160717,0.0528071361816386,1,false,0.9732367125896372,3,3,23,70,0.04252669309398193,10.828618037747361,0.65,0,false
SOLUSDT,1748487600000,1748493900000,0.6034834132056575,0.6461289950386551,0.553824852890278,1,false,0.9491979380737856,3,4,0,43,0.809763433396961,8.691073530664726,0.5,0,false
ETHUSDT,1748531700000,1748546100000,2.9039873539751055,0.7156479540776759,0.4607337751845871,1,false,1.2315697131171415,15,4,59,98,0.8289764255110336,6.6027360074493116,0.6,0,false
ETHUSDT,1748567700000,1748574900000,-1.0561820759580893,0.6423639604428962,0.9202254953225417,1,false,1.3371085093279733,1,5,0,100,-2.592125542945225,7.73345353771885,0.55,0,false
ETHUSDT,1748610000000,1748613600000,0.2689730253095651,1.0018992257002894,0.285652772331274,1,false,1.1837739978116546,13,5,10,76,-0.21749997138159313,9.41190613990823,0.55,0,false
XRPUSDT,1748624400000,1748629800000,-6.463585416808221,0.5325009181050337,0.6518545721630449,2,false,1.2880686195406639,17,5,173,98,-1.2146673364080631,4.46061329416078,0.5,0,false
SOLUSDT,1748628000000,1748645100000,-7.549127815437242,0.6787471199950205,0.8904664051310833,6,false,1.3512601395102009,18,5,38,99,-1.3083648539716088,1.4066947575260824,0.5,1,true
SOLUSDT,1748689200000,1748696400000,-9.213809698397652,0.7029876977152982,0.09763718023823842,1,false,1.360126693508437,11,6,55,85,-0.6112230964301956,3.0602452864658196,0.5,0,false
SOLUSDT,1748771100000,1748788200000,-8.891272812114716,0.9458128078817719,0.3087027914614114,1,false,1.0192360383924917,9,0,78,23,-1.0561314296890125,3.991878536019714,0.5,0,false
ETHUSDT,1748803500000,1748814300000,-1.9931941144855394,0.5941316126372778,0.3198560449621747,1,false,0.8753014131355251,18,0,53,24,-0.9390300103592714,0.8889353743642036,0.5,0,false
SOLUSDT,1748873700000,1748889000000,-6.898511970607821,0.9875089922176384,0.06539794650447604,1,false,1.0406632605807682,14,1,106,34,-1.0149642160052066,3.541556993691946,0.45,0,false
SOLUSDT,1748894400000,1748898900000,-6.112748583475878,0.6300337750064945,0.24032216160041867,4,false,1.1022831989072899,20,1,112,54,-0.34482758620689735,2.835408417156627,0.4,1,false
ETHUSDT,1748890800000,1748902500000,-0.580808493319542,0.7718746931159812,0.04281645880389455,1,false,0.8931070875975052,19,1,77,47,-0.16713157492083863,1.768446599208964,0.45,0,false
SOLUSDT,1748967300000,1748981700000,-0.05297491472501057,0.9929870291069287,0.09309253397877844,6,false,1.0886246465851555,16,2,0,63,0.709793910715389,1.7377536271839773,0.35,0,false
BTCUSDT,1748969100000,1748997900000,-0.059062543752221044,0.5744447270701996,0.3086399323715387,8,false,0.5134389115799278,16,2,0,71,0.8820305493472975,2.186203406943309,0.65,1,false
XRPUSDT,1749004200000,1749023100000,1.2829678675323766,0.5889176407602337,0.2141518693673559,6,false,0.9771383014876517,2,3,11,76,0.2678451854828011,0.17320503137419285,0.45,0,false
SOLUSDT,1749093300000,1749121200000,-4.3493807062846805,0.6707475905183649,0.045584787705127104,1,false,0.9372428592856255,3,4,35,3,-0.3830920070125339,3.1080655751883266,0.35,0,true
HYPEUSDT,1749335400000,1749353400000,0.8868040919999919,0.72591098948582,0.19876134235919776,1,false,1.284415464119764,22,6,4,1,0.1783915983311685,0.8252916606654087,,0,true
HYPEUSDT,1749354300000,1749377700000,2.5635738655585736,0.6994803859989851,0.31976246217094373,1,true,1.2724743470111566,3,0,10,6,1.1428080426190093,0.24910066807511644,,0,false
HYPEUSDT,1749380400000,1749402000000,2.88517822829842,1.04486960482862,0.5751053410773208,1,false,1.2399662090536439,11,0,17,6,0.9870485536600573,0.030605853547456714,,0,true
HYPEUSDT,1749438000000,1749442500000,2.252008469462516,0.6485748421232335,0.15929908403025936,2,false,1.2603389420098243,3,1,33,27,0.6672179293433371,0.11591852989705248,,0,true
XRPUSDT,1749465900000,1749476700000,2.2616455027030167,0.5312320155828062,0.008853866926379121,1,false,0.7009536343538434,10,1,28,56.00000000000001,0.4393166185933002,0.392911052966896,0.45,0,false
XRPUSDT,1749490200000,1749503700000,2.986434996655185,0.5820059513390552,0.4375984596534127,1,false,0.7416530602309448,17,1,34,69,1.3584208906668978,1.680082168078081,0.45,0,true
SOLUSDT,1749505500000,1749512700000,3.1451542091142386,0.9059807399898675,0.4561581348200702,1,true,0.9921149335127241,21,1,7,73,1.9951400434838242,0.2697112880029076,0.4,0,true
SOLUSDT,1749562200000,1749566700000,4.234036098497102,0.6579779830444085,0.6832848285461116,8,true,1.0446531663758702,13,2,22,93,1.058972733037423,0.13186157272854498,0.45,1,false
XRPUSDT,1749562200000,1749567600000,3.8695177432018917,0.5391662648489789,0.3462937798623697,8,false,0.8093771001994092,13,2,54,98,0.5617484420258019,1.5097229120877411,0.45,2,false
ETHUSDT,1749562200000,1749582000000,8.006922432609649,0.7903314519433389,1.6412020716207902,8,false,1.0723403630172803,13,2,20,98,2.8447588309394223,12.76170019934665,0.45,0,true
ETHUSDT,1749584700000,1749586500000,7.818122737353786,0.5238496081966206,0.3103357334075205,1,false,1.2218546110457447,19,2,27,99,1.0303089835521706,1.81153938449438,0.45,0,false
HYPEUSDT,1749589200000,1749593700000,16.08280139531085,0.8314400348044694,0.4688935080001825,1,false,2.0561097676778277,21,2,75,100,2.32909051084232,7.576013921786635,,0,true
HYPEUSDT,1749631500000,1749636000000,15.696458566371643,0.696616434461198,0.35067766088521496,8,false,1.8450252603014257,8,3,87,78,1.9634572152867413,9.393659368780213,,0,false
ETHUSDT,1749646800000,1749648600000,7.64194326405814,0.614754835483825,0.559358554229009,1,false,1.0289723633420351,13,3,44,78,1.4939642545331173,14.93094495352722,0.4,0,true
SOLUSDT,1749654000000,1749664800000,6.393496281574898,0.6139770059591777,0.1143682658159259,3,false,1.2906525277812755,15,3,48,89,-0.29346589207642637,4.7186968231851125,0.4,0,false
ETHUSDT,1749674700000,1749678300000,7.315256458599972,0.9208299557717067,0.016710041668453385,1,false,1.1981523767777718,20,3,52,90,0.19020125781691297,0.19409461441143322,0.4,0,false
ETHUSDT,1749700800000,1749714300000,4.999595676570574,0.579137993480615,0.09923940601230646,1,false,1.2040526868924946,4,4,59,80,0.4860584648532608,2.0697337586376805,0.4,0,false
HYPEUSDT,1749700800000,1749716100000,11.42301617991179,1.0613773892997795,0.44424166746710764,1,false,2.0029766286733683,4,4,106,88,1.5364545586316927,1.8650145679249441,,1,false
HYPEUSDT,1749732300000,1749734100000,7.962345724984327,0.906210859795181,0.11051351948722146,1,false,1.889807138581176,12,4,115,53,0.9504009504009335,0.36428530497638306,,0,true
HYPEUSDT,1749743100000,1749744900000,11.614152770226667,1.0425861863294705,0.5463437910056047,6,false,2.0608983877102602,15,4,118,98,2.1804293173467437,0.6036025289275919,,0,true
HYPEUSDT,1749746700000,1749751200000,12.960377147777763,1.0008398656214887,0.1423105636431503,1,false,2.04301888082361,16,4,119,99,1.5272897634106373,1.6237402015677445,,0,true
SOLUSDT,1749751200000,1749753000000,1.398261364874075,0.5162752628596748,0.3840584272492509,2,false,1.1615998028517915,18,4,1,62,0.7710782454809751,0.3286813024384927,0.4,0,false
ETHUSDT,1749762900000,1749764700000,-0.4120036643036571,0.661299060357543,0.7860865666623064,2,false,1.4311103728913765,21,4,0,100,-1.6018536052845693,5.288532261920029,0.35,0,true
BTCUSDT,1749778200000,1749785400000,-3.0866202369795626,0.5956741856477493,0.03827470022984713,1,false,0.7722414715574766,1,5,5,100,-0.7855847513215207,0.15320185893838623,0.6,0,false
HYPEUSDT,1749790800000,1749792600000,3.6424025774810103,1.076152561962255,1.0504687299345035,1,false,2.8402474649220046,5,5,1,100,1.1558328645220635,1.7863105175292222,,1,true
XRPUSDT,1749789000000,1749802500000,-5.1570083027066875,0.6607825553405291,0.16519563883512703,1,false,1.2907344495005568,4,5,9,100,-0.36804605294201054,7.083138266410891,0.4,0,false
HYPEUSDT,1749803400000,1749805200000,2.6587915699954467,1.3729456384323622,0.03286978508218769,1,false,2.7984933687930935,8,5,4,98,2.735921830804834,0.5916561314791448,,0,false
HYPEUSDT,1749823200000,1749825000000,4.421795519667393,0.7338625131046802,0.1847136937746622,1,false,2.561674594477142,14,5,10,87,0.7662263352986537,0.6939244171534089,,0,false
HYPEUSDT,1749839400000,1749846600000,6.6408669619930025,1.7700005028410535,1.2897872982350231,14,true,2.6592706329297675,18,5,14,91,2.244691607684525,0.025142052597169035,,0,true
ETHUSDT,1749846600000,1749852900000,-3.8104751854026655,0.5742318372669349,0.03966991488643871,12,false,1.4348566095696413,20,5,23,79,-0.9199851426113893,10.671528682291283,0.4,0,false
HYPEUSDT,1749852900000,1749862800000,8.695922731573303,1.0362694300518185,0.688447514872383,1,false,2.510537236944097,22,5,18,82,1.878332525448373,1.1256236806755,,0,true
XRPUSDT,1749864600000,1749871800000,-3.658495265709747,0.5098938111053894,0.009355849745052063,1,false,0.971090681222612,1,6,30,76,-0.30841121495327856,4.884540849772905,0.4,1,false
HYPEUSDT,1749883500000,1749885300000,8.284330285432906,0.5295927860874406,0.1550609508814734,8,false,2.1042985157028937,6,6,27,63,0.8165122237387187,0.5683580238078386,,1,true
SOLUSDT,1749864600000,1749886200000,-4.609379752149656,0.6167400881057246,0.18976618095560902,1,false,1.2825800034299488,1,6,30,35,-0.5744795890781254,0.3981821845257071,0.35,0,true
HYPEUSDT,1749911400000,1749913200000,5.717089778668905,0.811132428297341,0.021856861840348595,3,false,1.885359879925459,14,6,34,9,0.6903280887913191,0.6910931553329097,,0,false
SOLUSDT,1749926700000,1749932100000,-6.074641724239695,0.5057152753723715,0.48493245583650063,1,false,0.9738169105443966,18,6,48,9,-0.22929405225123964,0.6675349206416706,0.35,1,true
ETHUSDT,1749926700000,1749938400000,-3.87544290581325,0.5076081456365318,0.2075854347540267,1,false,0.9274571114055293,18,6,46,10,-0.07625694197684561,5.674384610844373,0.35,0,false
XRPUSDT,1749926700000,1749938400000,-3.7570413539652794,0.5074234166510121,0.19733132869761233,1,false,0.8635768543452148,18,6,48,34,-0.15515539047439272,5.480906845601076,0.35,2,false
HYPEUSDT,1749976200000,1749978900000,3.251207050531988,0.6174837537036516,0.01991883076464077,12,false,1.7244535421929563,8,0,52,5,0.5582396675595138,0.5402982844906973,,0,false
ETHUSDT,1750075200000,1750085100000,1.0150781656159864,0.7160069110565432,0.01992100555106412,1,false,0.8309627891536608,12,1,6,37,-0.13492284935652676,3.742826323228279,0.3,1,true
SOLUSDT,1750040100000,1750118400000,2.947940970357333,2.3110193015299103,0.7488218965851118,1,false,1.3573807491654715,2,1,0,85,3.492063492063493,2.156743057731405,0.4,0,false
HYPEUSDT,1750137300000,1750149000000,5.707140964862032,1.1198340288092072,0.8463587712473815,9,false,2.199051135554068,5,2,97,70,1.7187241778218514,1.1049029084250914,,1,false
ETHUSDT,1750133700000,1750155300000,0.48459353215229917,0.6329359837122905,1.021867180579091,5,false,1.311841633751622,4,2,1,76,1.143759162872227,9.431018691101954,0.35,0,false
SOLUSDT,1750177800000,1750179600000,-3.3093862334654527,0.6282085922723635,0.12834369089435135,4,false,1.2210965254374058,16,2,8,63,-1.4766804757450274,0.059486694517681786,0.35,0,true
SOLUSDT,1750180500000,1750186800000,-4.29690738578852,0.8932224192008743,0.013636983499256943,1,false,1.2478452529053692,17,2,9,66,-1.0170870626525632,1.0009982971253046,0.4,0,false
XRPUSDT,1750180500000,1750187700000,-2.7149915868301235,0.5359205359205385,0.42966042966043366,1,false,1.1482666510971808,17,2,2,93,-1.4998623979451504,4.6556191819348305,0.35,1,false
ETHUSDT,1750186800000,1750188600000,-3.5041840227822183,1.300260450943084,0.10170748926089294,14,false,1.2381664653900437,19,2,14,82,-2.195932703012057,5.486062368567709,0.3,1,false
HYPEUSDT,1750226400000,1750230900000,0.7120751114447215,1.2071938901207242,0.25622074402562006,4,false,2.1145564319760046,6,3,1,62,1.7835791151853357,0.16440831074978776,,0,false
HYPEUSDT,1750257900000,1750259700000,-2.262855310273313,0.8690285149981403,1.1603505740032243,20,false,2.4362004837825726,14,3,8,91,-1.323554831222069,1.259338941106662,0.55,0,true
SOLUSDT,1750260600000,1750266900000,-4.145758273722915,0.5209047292666147,0.013708019191233881,2,false,1.1227451093801635,15,3,31,43,-0.7043698283525961,0.2505380219968325,0.4,0,true
HYPEUSDT,1750277700000,1750279500000,-6.35224091990726,0.6147434227663379,0.7554050533993205,1,true,2.5582113521057406,20,3,13,90,-2.5154798761609944,0.39202917426413375,0.55,0,false
SOLUSDT,1750309200000,1750313700000,-2.835549420384297,0.557785184681329,0.07482484184748332,16,false,1.1410422824848758,5,4,45,37,0.5546805450934755,1.005646402078095,0.4,0,true
HYPEUSDT,1750334400000,1750344300000,-6.447927511888432,1.242104145655299,0.14066564042676702,2,false,2.1913437208765294,12,4,29,40,-1.6421735264892008,0.6104357980784461,0.55,0,true
HYPEUSDT,1750367700000,1750374900000,-9.055292935888467,1.9239767691503067,0.2312075087391021,2,false,2.4778168938415273,21,4,38,60,-0.9856828193832515,1.3538221982800982,0.55,0,false
HYPEUSDT,1750401000000,1750403700000,-8.408052094694153,0.5874993200239381,0.04623837240928007,15,false,2.1391550617038737,6,5,47,11,-1.3034777435231741,0.8268508948485069,0.5,0,true
HYPEUSDT,1750419900000,1750423500000,-5.707528475262444,0.7005820219874919,0.3395128260401077,1,true,2.0328553291192866,11,5,53,4,-1.73778205539516,0.11317094201336922,0.5,0,false
BTCUSDT,1750433400000,1750440600000,-1.5297808483148556,0.6603452012782886,0.363877322451074,2,false,0.5420449037039852,15,5,0,47,-1.4945656039382182,0.9613126752145071,0.6,1,true
ETHUSDT,1750432500000,1750440600000,-2.517491503869342,0.7237900569690288,0.2143823831176824,1,false,0.8225576145152605,15,5,82,18,-1.6910588374711302,0.12367141036752263,0.25,0,true
XRPUSDT,1750443300000,1750451400000,-2.9528846341511046,0.6998262176506463,0.051665022779582966,8,false,0.7878681778840206,18,5,75,32,-0.45405607826616307,5.4229178946045415,0.3,0,false
HYPEUSDT,1750458600000,1750460400000,-12.51858937076165,0.8754089663100099,0.6130810269107154,1,false,2.380462153093363,22,5,63,18,-1.7413662128206524,1.405468604159907,0.5,0,true
SOLUSDT,1750462200000,1750476600000,-6.464301465241657,0.5073602972702644,0.35729598399313994,5,false,1.2560678045045333,23,5,87,61,-0.47836641439384253,5.83247059072462,0.4,0,false
HYPEUSDT,1750516200000,1750519800000,-11.04943377018554,1.1729696934677687,0.6876029237569686,3,true,1.9370763598665162,14,6,79,4,-1.719993131475013,0.15697377671202217,0.55,0,true
XRPUSDT,1750533300000,1750536000000,-3.9849445470260676,0.5300859598854026,0.3533906399235947,1,false,0.6606745160179742,19,6,100,30,-0.9140245644101735,7.069760473434752,0.3,1,true
SOLUSDT,1750533300000,1750541400000,-6.44854480939116,0.7579585649317919,0.27430881397530893,1,false,1.0628690020522893,19,6,107,45,-0.9712230215827298,4.891215552571461,0.4,0,true
ETHUSDT,1750553100000,1750557600000,-8.624524931590058,0.5780069448079708,0.06761590675112905,8,false,1.6769342023220692,0,0,116,100,0.002192645865774197,4.657714047852648,0.25,0,true
SOLUSDT,1750556700000,1750558500000,-7.7800277052953755,0.6756260556657238,0.19093779834030325,1,false,1.6301617126179981,1,0,114,100,-0.5490483162518301,8.746753076628972,0.45,0,true
HYPEUSDT,1750581000000,1750584600000,-9.619648260019266,0.5651371848554884,0.014640859711289735,5,false,2.693374476376117,8,0,97,76,-1.0180929664320246,1.1937180951265378,0.55,0,true
SOLUSDT,1750590900000,1750593600000,-8.402097196908626,0.669692685467673,0.3422873725723488,7,false,1.4725213168816467,11,0,123,90,-0.8902737591809398,10.180355338902784,0.45,1,true
ETHUSDT,1750589100000,1750594500000,-9.198848334151817,0.5049324625269475,0.20417793026199638,5,false,1.4239435630417294,10,0,126,90,-0.8000105553893885,3.6152994012491115,0.3,0,false
HYPEUSDT,1750593600000,1750596300000,-9.269928079530224,1.172253723888712,0.4436348679378213,1,false,2.5385703065705445,12,0,101,60,0.3028143925899652,1.5326458461869974,0.55,0,true
HYPEUSDT,1750607100000,1750611600000,-11.428478199298642,1.2101872478776383,0.8128123306641071,10,false,3.0292348977266177,15,0,105,95,-1.996429634037487,2.665054421632209,0.55,0,false
XRPUSDT,1750624200000,1750626000000,-8.121859844216724,0.6042914938290475,0.6094126081835418,1,false,1.4476938256561633,20,0,125,95,-1.169740001021603,1.5645004352947351,0.3,0,false
SOLUSDT,1750625100000,1750628700000,-10.02363934384306,0.5236811705814454,0.3003465537158155,7,false,1.794486233971993,20,0,133,98,-0.6374318408724464,14.015012671583083,0.5,1,true
HYPEUSDT,1750652100000,1750659300000,-4.371966181822831,0.8552298430203175,0.23350025319304116,3,false,2.705013081501463,4,1,117,78,-0.9265220433869925,0.20687245743803642,0.5,0,false
HYPEUSDT,1750662000000,1750666500000,-4.045038573698712,1.2650381765418477,0.047896768376871526,2,false,2.5330232853351404,7,1,120,70,-0.062206639144937126,0.8702811508998604,0.5,0,false
HYPEUSDT,1750671000000,1750673700000,-2.3200614145183804,0.6738808265525814,0.6571037105388234,1,false,2.3841990871902174,9,1,122,55.00000000000001,-2.163508092405598,0.10874056675584101,0.5,0,true
HYPEUSDT,1750681800000,1750683600000,-4.632014723771876,1.0372195639093285,0.2034325664021233,1,false,2.350859262420798,12,1,125,43,-0.34683406426463215,0.8254116589120872,0.5,0,false
SOLUSDT,1750685400000,1750687200000,-4.820162596662618,0.5565862708719851,0.11131725417440125,1,false,1.2293706450855162,13,1,149,55.00000000000001,0.3210153042179969,7.950078236452628,0.55,0,false
ETHUSDT,1750689900000,1750695300000,-6.262601176422773,1.1538612659730911,0.15585640255482974,1,false,1.3562308590976058,14,1,154,68,-0.37371004471406716,3.526026927034631,0.3,0,true
BTCUSDT,1750690800000,1750696200000,-2.0424880100012044,0.5553274089262127,0.09310996090361746,2,false,0.7377474651530573,15,1,72,84,-0.17842306964188281,1.625675914809319,0.65,2,true
XRPUSDT,1750689900000,1750696200000,-4.586815623865661,0.8008700810757361,0.01977456990310243,1,false,1.2741341950009148,14,1,144,81,-0.3905863739741046,0.032751631402006535,0.3,1,true
XRPUSDT,1750697100000,1750698900000,-6.680887664665297,0.5227969637560934,0.40717840446388154,1,false,1.3862013623339364,16,1,146,84,-1.5959303775372813,4.34682695276875,0.35,0,false
ETHUSDT,1750698000000,1750699800000,-8.274869088807733,0.5813875843034232,0.5012575956551635,3,false,1.5241859030694629,17,1,156,79,-1.5984457102485903,2.699713023739544,0.35,1,false
SOLUSDT,1750698900000,1750702500000,-6.734500241878017,0.8806693086746052,0.4403346543372922,11,false,1.5325333744944822,17,1,153,79,-0.42637653458796776,8.634861971748986,0.55,0,false
HYPEUSDT,1750761000000,1750767300000,-0.20687630237366536,1.15481579874758,0.15451760687468394,2,false,2.7073775375250806,10,2,0,70,-0.5257595056776677,1.5153568814551694,0.45,0,false
HYPEUSDT,1750779000000,1750783500000,2.9258073893522156,0.9704573481314726,0.7425875288188328,4,true,2.4920180228620357,15,2,4,56.99999999999999,2.2852512155591476,0.3913999249370029,0.4,1,true
XRPUSDT,1750776300000,1750798800000,2.99504468550883,0.7106180084357164,0.009169264624976067,2,false,1.2040526926407429,14,2,16,59,0.49739787224244203,3.547028740773845,0.35,0,true
HYPEUSDT,1750814100000,1750818600000,2.5768194654066923,1.2174375332270027,0.2791068580542371,1,false,2.3142303854129134,1,3,14,35,0.5367344227447995,1.4165259405197483,0.45,1,true
ETHUSDT,1750814100000,1750825800000,1.6054278205455592,0.6004081632653077,0.14040816326530836,1,false,1.1308154146023364,1,3,11,28.000000000000004,0.13734752183499105,3.201365028231614,0.35,0,false
HYPEUSDT,1750839300000,1750842900000,2.6715617182934586,0.6170212765957428,0.2978723404255369,3,false,2.1390163830317577,8,3,21,18,0.8141329218326092,2.8563829787233987,0.5,0,true
HYPEUSDT,1750850100000,1750859100000,3.8238002197453915,0.9513326519380444,0.2175223419032039,1,false,2.0699554282683987,11,3,24,15,1.3861020171084744,0.5669558228721817,0.55,0,true
HYPEUSDT,1750870800000,1750874400000,-0.21751841761076285,0.679322288752249,0.40276025024836504,1,false,2.2431103482560077,17,3,0,18,-1.1240454958081898,1.9783583492200127,0.6,0,true
ETHUSDT,1750950000000,1750951800000,0.78549833176504,0.5281191653501258,0.21009868893495337,1,false,0.999682914489902,15,4,14,17,0.658219313248247,2.6614283852212672,0.35,2,false
XRPUSDT,1750948200000,1750951800000,-1.0171648167558773,0.6030009816295112,0.21502360585237873,2,false,0.7855518691974603,14,4,0,8,-1.2284211995719025,4.57144222262584,0.35,1,true
HYPEUSDT,1750904100000,1750952700000,1.279942285103857,1.4270797076226784,0.44981123992611954,1,true,1.8799991590963585,2,4,0,3,1.5778078484438387,0.1617943490550583,0.6,0,false
HYPEUSDT,1750971600000,1750973400000,1.016274975383207,0.5766731643924653,1.0937838423218633,1,false,1.8921839175192128,21,4,0,22,2.5059925909784115,0.6312721103169322,0.6,0,true
SOLUSDT,1751004900000,1751009400000,-1.5893654950143534,0.708666997377932,0.07795336971158219,3,false,1.1551286998342623,6,5,17,39,-0.30431705590941743,3.056580451229069,0.55,0,false
SOLUSDT,1751011200000,1751014800000,-1.7843921752870509,0.601514400962419,0.4175217606680372,1,false,1.1536978582391073,8,5,19,40,-0.4390934844192466,2.910721587098826,0.55,0,false
HYPEUSDT,1751011200000,1751014800000,-1.9821832076922594,0.9016147099805969,0.587415644381291,1,false,1.7739764837977363,8,5,10,9,-1.093907317205913,0.2782255493930187,0.6,1,false
HYPEUSDT,1751017500000,1751038200000,-0.234981797930333,0.931236004150967,0.6171828062701379,3,true,1.794180399213299,9,5,0,13,2.4656026417170986,0.2316711271323823,0.6,0,false
XRPUSDT,1751030100000,1751041800000,-2.579458374946654,0.5504499329886964,0.08615738081561372,2,false,0.8228655211524055,13,5,23,13,-0.2966365245682123,2.5958899738336854,0.35,1,false
SOLUSDT,1751043600000,1751046300000,0.6121373458184909,0.5749544243444069,0.14023278642545828,5,false,1.1540616003024466,17,5,1,52,1.064955215459496,1.9592115032936026,0.5,0,false
ETHUSDT,1751047200000,1751049900000,-0.9979908502345058,0.5074565037282519,0.30240265120133314,1,false,0.9857414627680847,18,5,0,21,-1.1668016560525312,1.7238147920449858,0.35,0,true
SOLUSDT,1751047200000,1751049900000,-0.8987748610210857,0.5697003798002548,0.41496694331129796,1,false,1.2430592589991551,18,5,0,65,-1.5106160807518385,4.068610948992111,0.45,1,true
HYPEUSDT,1751118300000,1751127300000,-0.7949243477099527,0.7332097688617486,0.04633667684257253,1,false,1.1702758230746937,13,6,2,1,-0.1608593707399463,1.1547000753280885,0.55,0,false
HYPEUSDT,1751133600000,1751137200000,1.0048216273571033,0.6201466781708477,0.1132441760138093,1,true,1.1026295752582163,18,6,1,3,0.6247633472169678,0.06373048866579638,0.55,0,true
HYPEUSDT,1751183100000,1751184900000,3.83944392511518,0.5379589051880187,0.12333691972604548,1,false,0.9590142029625338,7,0,15,6,1.022511097019659,0.47066718150770875,0.55,0,true
HYPEUSDT,1751233500000,1751235300000,3.6154784662718322,0.6139296723966754,0.6034798056324825,1,true,1.050712758210867,21,0,29,25,1.123772514834859,0.24905515788007773,0.55,0,true
HYPEUSDT,1751269500000,1751272200000,6.712413409258458,0.5890869152813067,0.10982976386601777,1,false,1.5121504638883454,7,1,39,56.99999999999999,0.4714510214772134,0.5117068543757134,0.55,0,false
HYPEUSDT,1751308200000,1751313600000,7.50924248287774,0.8802772998179634,0.2119647889080094,7,false,1.5143534866019,18,1,49,69,0.9555338198781136,0.6134510361337501,0.5,0,true
HYPEUSDT,1751341500000,1751345100000,3.954286244907527,0.598680872653486,0.007610350076103788,1,false,1.5718270626462096,3,2,59,71,-0.03539375553028163,0.9404790515100437,0.55,0,false
HYPEUSDT,1751356800000,1751394600000,2.601852418662288,1.1258771817083395,0.09767884224867956,1,false,1.549686416595272,8,2,63,65,0.461566230886264,1.3160938745083939,0.55,0,false
HYPEUSDT,1751416200000,1751426100000,-3.0079884415662983,0.6713031336430278,0.21481700276576432,6,false,1.6664714014434108,0,3,5,81,-0.48492967180175345,2.34767406164522,0.55,0,false
HYPEUSDT,1751458500000,1751465700000,0.5745693191470848,0.7610069517590097,0.29228986728461187,18,false,1.3939172692819786,12,3,5,48,0.4155379638639617,0.8925715266562029,0.5,0,true
HYPEUSDT,1751491800000,1751493600000,3.508587252328453,0.5156984680721993,0.5409778047424001,1,false,1.4233653230454957,21,3,14,56.00000000000001,0.9238458237625254,0.024942278847938107,0.55,0,true
XRPUSDT,1751504400000,1751519700000,2.8405201359842933,0.5856319012919518,0.1162322857526111,1,false,0.8880175888176112,1,4,23,70,0.42995342171264017,0.1739758892514524,0.35,0,true
HYPEUSDT,1751522400000,1751526000000,5.2125398363539075,0.5352274716754587,0.6927944376359979,1,false,1.3414148184010313,6,4,23,39,1.295173905389434,0.9378986069079359,0.6,0,true
HYPEUSDT,1751553000000,1751555700000,6.854787824391397,0.8286746153465613,0.34383812397960667,3,false,1.4722287142578738,14,4,31,77,1.0500707494476622,0.6790184534705294,0.6,0,false
HYPEUSDT,1751561100000,1751567400000,4.535679665221179,0.7733625105684586,0.3158104142835889,2,false,1.570870863529868,16,4,34,90,0.8263845675171145,1.0622929233363205,0.55,0,false
HYPEUSDT,1751607900000,1751609700000,1.4131522626430932,0.8710712648362252,0.14772553614181608,1,false,1.3740106695957712,5,5,47,21,0.6088980991122356,0.32792522031481763,0.5,0,false
HYPEUSDT,1751648400000,1751652900000,-1.2688502198413028,0.5137164910816803,0.0495462605611723,8,false,1.3108336676740524,17,5,4,6,-0.33391594709519246,1.7638468759778894,0.45,0,false
ETHUSDT,1751685300000,1751733900000,1.0201987484275488,0.6418827499482717,0.17549305190773498,1,false,0.7286908653261794,3,6,5,14.000000000000002,0.2939758844172908,0.21797542391313918,0.4,0,false
HYPEUSDT,1751833800000,1751838300000,1.3233334198238502,0.574303720268345,0.31510469607644426,1,true,0.8977622313443665,20,0,9,9,0.6620492972092026,0.13709595446230813,0.4,0,true
HYPEUSDT,1751842800000,1751845500000,2.8523055470163654,0.5072572949625967,0.05775701873335376,3,false,0.8711616341322186,23,0,12,6,0.4758188363837771,0.3495098643509424,0.45,1,false
ETHUSDT,1751841900000,1751851800000,3.102886603426072,0.7310237446477307,0.506033476060724,4,false,0.7201495163255375,22,0,27,46,2.008497793010738,2.389789945648214,0.4,0,false
HYPEUSDT,1751917500000,1751919300000,-0.27669548751844725,0.6859873593340423,0.28004727403525453,3,true,1.0014601798065286,19,1,0,45,-0.1814232783952931,0.2132470068341771,0.4,0,false
HYPEUSDT,1751922000000,1751940900000,-1.2414759509252145,1.1412931212559394,0.2427184466019448,3,false,1.0342953759778188,21,1,1,50,-2.008746948738828,0.026983061350957287,0.4,0,true
HYPEUSDT,1751943600000,1751953500000,-4.4697063464547115,0.8423234309401078,0.7812084816920788,1,false,1.257423027593858,3,2,7,76,-1.9492818435313295,0.7399523946711076,0.45,1,true
SOLUSDT,1751943600000,1751954400000,-0.9654098169955314,0.6474674580157682,0.0539556215013236,1,false,0.8414172521389053,3,2,7,62,-0.3228627160825922,1.2850360955472857,0.5,0,false
HYPEUSDT,1751994000000,1751995800000,-2.632450824271016,0.6369426751592225,0.07863489816780984,11,false,1.1684449485571748,17,2,21,72,-0.5279389472583716,0.33273354950222794,0.5,0,false
HYPEUSDT,1752023700000,1752045300000,0.7819208053712272,0.5392773683264448,0.1206954110063867,2,false,1.1444707141111876,1,3,1,76,1.0256145956810887,0.559010324661192,0.45,0,true
XRPUSDT,1752138000000,1752142500000,7.295769135854292,0.5405405405405538,0.11056511056510747,3,false,0.8142034189198647,9,4,109,76,0.21314969667158026,5.046842693435376,0.35,0,false
XRPUSDT,1752173100000,1752178500000,8.217114476202902,0.6092148793673983,0.2178649237472706,6,false,0.92232066622167,18,4,119,95,0.9033094341151207,6.408808931265493,0.35,0,true
HYPEUSDT,1752206400000,1752209100000,12.007166437179098,0.5719194339579992,0.21927345886927524,1,false,1.2882824150163077,4,5,47,99,0.5461261302091587,0.46265946304376,0.45,0,true
ETHUSDT,1752219900000,1752223500000,12.484108171359726,0.5970280221801497,0.11036074802312451,11,false,1.1921373908530537,7,5,132,95,0.24070273043995294,5.343850324912341,0.35,0,true
XRPUSDT,1752219900000,1752227100000,10.681249731412334,0.7039240850931437,0.3033485007583724,1,false,1.109504141589194,7,5,132,100,0.1588593126428676,9.935137531910835,0.35,1,true
XRPUSDT,1752240600000,1752242400000,14.940069237849999,0.6367746797286998,0.8816880180859114,2,false,1.284248198934437,13,5,137,100,1.9211133381235177,12.005270713120684,0.4,1,true
HYPEUSDT,1752239700000,1752245100000,13.147192257040546,0.7126517684321619,0.12977300721450952,1,false,1.376518357851217,13,5,56,94,-0.2733495156246583,1.8718106633820146,0.45,0,true
SOLUSDT,1752245100000,1752246900000,8.168837453149468,0.7203313524221244,0.31814634731976776,1,false,1.080056662629393,14,5,79,98,1.318574971269569,5.291727757000039,0.5,0,false
XRPUSDT,1752263100000,1752266700000,20.279298126442878,1.376532399299471,0.6479859894921177,17,false,2.1092247253044936,19,5,144,97,5.40387206581094,15.804415153470359,0.45,0,false
XRPUSDT,1752276600000,1752283800000,13.256923627267808,1.382982657249561,0.8652886144288758,1,false,2.425799770341868,23,5,147,100,1.7633272571704963,11.09041652309897,0.45,0,true
HYPEUSDT,1752300000000,1752302700000,12.519810057489972,0.5468868682046104,0.14540246099090728,2,false,1.3170102376036974,6,6,73,77,0.27790442693067613,0.7210442934959413,0.5,1,true
XRPUSDT,1752288300000,1752333300000,16.28548335894476,2.008711616688853,0.7199683213938594,5,false,2.365941420402242,2,6,151,99,4.354605189887505,13.446061198537219,0.45,0,false
SOLUSDT,1752338700000,1752342300000,1.7995278906603278,0.5299684542586772,0.11987381703469889,2,false,1.0258543095814416,16,6,105,66,0.056667925953912235,0.44436024246577316,0.5,0,true
XRPUSDT,1752341400000,1752354000000,10.469717178769859,0.7235199059791328,0.15058028500074244,1,false,2.048064283779938,17,6,165,82,0.6756257845381372,11.65173619554767,0.45,0,false
XRPUSDT,1752357600000,1752375600000,10.686765241579435,1.1270303119590506,0.11417627343375494,2,false,1.856637678715979,22,6,170,72,0.6351550960118124,10.618761739899085,0.45,0,true
XRPUSDT,1752389100000,1752411600000,12.156165672855607,0.6069530239908109,0.31604654503662977,1,false,1.4832724686831833,6,0,179,60,0.4526024641689696,3.823558321172873,0.5,0,true
HYPEUSDT,1752420600000,1752427800000,12.555634999449705,0.6815928618638432,0.06196298744217023,1,false,1.1291353141729505,15,0,106,38,0.15697614375710114,1.581088896232642,0.5,0,false
ETHUSDT,1752429600000,1752443100000,7.558722113109581,0.6603450705643229,0.20635783455133566,2,false,0.7579942214931843,18,0,190,26,-0.09300178309174727,11.538303976169749,0.4,0,false
SOLUSDT,1752441300000,1752443100000,3.334453901936178,0.5083064716092197,0.23555665757500338,15,false,0.79387417946007,21,0,133,14.000000000000002,0.049480455220178174,2.178413321415125,0.5,2,false
XRPUSDT,1752430500000,1752443100000,13.319725884153657,0.7197022890043443,0.05617188597108089,1,false,1.4843351478409321,18,0,190,60,1.3825374880357384,4.13565510462015,0.55,1,false
SOLUSDT,1752447600000,1752453900000,2.134555115409243,0.5299251870324153,0.12468827930173854,1,false,0.8607050240222159,23,0,135,30,0.2554994703059741,1.6148214102014586,0.45,0,true
XRPUSDT,1752464700000,1752466500000,14.549594922719782,0.5971076519518204,0.5315293549166493,2,false,1.4776666702684793,3,1,200,60,1.3214025595671632,2.3780761398543535,0.55,0,true
XRPUSDT,1752479100000,1752486300000,15.07710155215076,1.0421248519708923,0.05413635594654941,1,false,1.5884860835294514,7,1,204,66,1.3145732771900918,1.5524215253533533,0.6,0,true
ETHUSDT,1752491700000,1752504300000,8.862900321837994,0.5800822029335704,0.32730161648261574,3,false,1.009869528253493,11,1,207,70,-0.05292526429961877,9.680859221834737,0.35,0,false
HYPEUSDT,1752502500000,1752505200000,10.478123656176567,0.6480148117671215,0.18720427895494976,1,false,1.3506347472758315,14,1,129,74,0.41618592385033415,1.591853528080645,0.5,1,false
HYPEUSDT,1752526800000,1752548400000,6.796011470235025,0.9626032881846948,0.700655933214059,1,false,1.6432530667217702,21,1,136,100,1.0482582294662774,0.9353437260414146,0.5,0,true
XRPUSDT,1752561900000,1752575400000,8.138437941865659,1.093164219894176,0.03153358326618279,9,false,1.802668403179829,6,2,227,52,1.0635675294946216,0.7556380878969615,0.6,0,true
HYPEUSDT,1752565500000,1752579000000,6.2861590991830125,1.236002535389818,0.7648425945489159,13,true,1.644578483464829,7,2,147,98,1.72666143435929,0.6430030283822781,0.55,1,false
XRPUSDT,1752578100000,1752583500000,9.838737928306951,0.6726457399103087,0.048292514660222344,3,false,1.6643147418490503,11,2,231,42,0.8268465663380126,0.8048752443371157,0.65,0,false
BTCUSDT,1752586200000,1752591600000,1.531026769270276,0.6546949077390113,0.21948224700705532,1,false,0.6869494102053586,13,2,176,88,0.9666398060561268,0.23764453085029935,0.7,0,false
ETHUSDT,1752589800000,1752591600000,6.680131643484399,0.97230220257572,0.35916264175939644,5,false,1.0058630912996664,14,2,234,71,1.3200367758085023,11.137486709030332,0.35,2,false
SOLUSDT,1752586200000,1752591600000,0.44964312750175167,0.8129064532266026,0.20635317658830196,1,false,1.0236003709259742,13,2,2,50,1.1507262780607512,1.3058719075850518,0.5,1,false
HYPEUSDT,1752604200000,1752609600000,6.417546609127838,0.7612179487179427,0.0674763832658645,4,false,1.5865696513106302,18,2,157,90,-0.4843524917012867,0.44351664417453407,0.5,0,false
XRPUSDT,1752616800000,1752621300000,8.27531426897791,0.5794587092297071,0.06592643997224194,3,false,1.773752701763849,22,2,242,49,0.30216726868575133,0.21975479990746288,0.6,0,true
HYPEUSDT,1752649200000,1752658200000,5.4215640710998345,0.7323232323232451,0.2693602693602696,1,true,1.3631342936493267,7,3,170,43,1.1105949917655424,0.24060044893376978,0.45,0,true
ETHUSDT,1752678900000,1752680700000,11.419114534942816,0.6375321658271463,1.0780828385345833,2,false,1.0906849706861899,15,3,259,84,1.250630010737583,4.428169603466026,0.35,0,true
HYPEUSDT,1752699600000,1752703200000,4.903960491926358,0.6324872245957938,0.16126329898635605,17,false,1.2596847503261146,21,3,184,30,-0.22092999020405105,0.1847197788389053,0.45,1,false
XRPUSDT,1752698700000,1752706800000,11.884113179720737,0.5410691003911325,0.21838331160364827,1,false,1.3127191533777172,20,3,265,24,1.6936357370269501,0.36584335313151156,0.65,0,false
SOLUSDT,1752739200000,1752743700000,7.339195385608248,0.5041724617524366,0.4288363467779376,1,false,1.2391930308804389,8,4,40,100,-0.2071227202117333,8.516566163907193,0.45,0,true
SOLUSDT,1752746400000,1752754500000,9.117233360081025,0.7840909090909065,0.4999999999999974,1,false,1.2951113034524306,10,4,42,100,2.1075665092709874,10.304651461612641,0.5,0,false
HYPEUSDT,1752746400000,1752754500000,2.374874618074709,0.9252669039145952,0.25881591717890096,2,true,1.526385278940681,10,4,197,76,1.312335958005258,0.09975196807935612,0.45,1,false
SOLUSDT,1752757200000,1752759900000,8.580829671579828,0.7892794276304667,0.35205269433875197,1,false,1.298449335131379,13,4,45,100,0.618825933916205,10.352533101582996,0.45,0,false
HYPEUSDT,1752758100000,1752760800000,1.642704005761087,0.5937290082125309,0.38787406010964925,2,false,1.59055019668337,13,4,200,81,0.9079653322327677,0.03747452306020599,0.45,1,false
HYPEUSDT,1752768000000,1752769800000,2.21851421922745,0.6325178498681397,0.05789146422520619,1,false,1.5652250171633413,16,4,203,77,0.06626763574176743,0.4883252213812634,0.45,0,false
XRPUSDT,1752768900000,1752776100000,15.819709503261755,1.2474140858986627,0.16055824868002197,2,false,1.662550626779478,16,4,284,87,0.5162606652652455,5.591584365861098,0.6,0,true
SOLUSDT,1752776100000,1752780600000,6.641875840417458,0.5428818943112894,0.21368755414380858,1,false,1.3982409357999286,18,4,50,98,0.6007046727892289,8.176166581670778,0.4,0,true
XRPUSDT,1752787800000,1752789600000,18.586627026088724,0.8257125099884524,1.7194945100476497,1,false,1.810254988156863,21,4,289,98,3.0502195799599567,9.349910856522401,0.6,0,true
HYPEUSDT,1752818400000,1752825600000,2.8142047469356246,0.8263930625912208,0.6396496952004848,3,true,1.8278310780870302,6,5,4,96,1.6573508384245432,0.5741821928393388,0.45,1,false
XRPUSDT,1752804000000,1752825600000,25.400368702626263,1.9415827012340088,0.5519076191554482,6,false,2.2713271671377178,2,5,294,100,0.8133998412878407,31.70357290148031,0.65,0,false
XRPUSDT,1752840000000,1752846300000,19.02844492265302,1.0393809908765457,0.35512183854949186,1,false,2.226646759653096,12,5,304,92,0.6047342049185023,30.33117674544123,0.6,0,true
ETHUSDT,1752844500000,1752848100000,16.589054846185864,0.5911351841560317,0.08930620415453618,1,false,1.2872340015269488,13,5,305,86,0.9002589596145065,7.638436583313305,0.35,1,true
HYPEUSDT,1752853500000,1752855300000,-2.9886119126304225,0.5550621669626998,0.7815275310834742,2,false,1.7460068944626088,15,5,2,78,-1.3462347496844698,2.2044954749217602,0.4,0,true
SOLUSDT,1752875100000,1752887700000,5.322433752718428,0.7680928538916673,0.19913518434229788,2,false,1.46580153472421,21,5,78,95,1.268656716417915,14.059423717418355,0.45,0,false
ETHUSDT,1752876000000,1752896700000,12.451989674266574,0.852307352178391,0.21626555028669087,3,false,1.5055577902434771,22,5,314,99,1.5073333600590983,5.30201735720811,0.4,1,true
XRPUSDT,1752886800000,1752896700000,14.64262707809343,1.02112883291154,0.1177093755517628,6,false,2.0776362969946205,1,6,317,74,-0.10862863685739746,1.318345006179754,0.65,1,true
HYPEUSDT,1752903900000,1752907500000,-1.9642805852246543,0.5578521580655147,0.27559230119572015,5,false,1.5081827567592925,5,6,16,24,-1.10079575596818,1.1297232793432368,0.45,1,true
HYPEUSDT,1752930900000,1752934500000,-1.7151145505984857,0.535103690217165,0.16652604467337745,5,false,1.2824445471200085,13,6,23,1,-0.08235765481013006,0.49957813402017975,0.5,1,true
SOLUSDT,1752890400000,1752954300000,5.502018850665681,0.758829234894741,0.41650025674672775,2,false,1.4411840185795517,2,6,82,92,-0.11328235627302012,13.810299090261966,0.4,2,true
HYPEUSDT,1752963300000,1752983100000,-2.9612431909492782,0.7236989055170829,1.0051373687737386,4,false,1.359497920965931,22,6,32,15,-1.5749082415749047,1.1224033951306627,0.5,0,false
XRPUSDT,1752988500000,1752996600000,10.463904958314252,0.6574699148811328,0.08511887290871448,8,false,1.2079640449219458,5,0,345,21,0.6337696026412002,0.1262107425887804,0.65,0,true
XRPUSDT,1752997500000,1753002000000,10.725205892989944,0.6887933038828131,0.14531504301326256,1,false,1.1314866402274715,7,0,348,14.000000000000002,1.1479106269583335,0.5767392596037323,0.65,0,true
XRPUSDT,1753002900000,1753006500000,12.41464688939137,0.5934547130675257,0.7547822078819941,1,false,1.1542005389937955,9,0,349,22,1.4169805853375752,0.30408952395583616,0.65,0,true
XRPUSDT,1753018200000,1753022700000,11.588753363882203,0.5346981957510062,0.028593486403794065,1,false,1.1399221329317784,13,0,353,14.000000000000002,0.720374250208067,1.0481101294013953,0.7,0,true
HYPEUSDT,1753020000000,1753028100000,1.8419515926324026,0.70561670900366,0.4081721270544354,1,false,1.082731152587536,14,0,5,9,1.7347903520151304,0.3267548144770858,0.45,1,true
XRPUSDT,1753038900000,1753042500000,12.185331956508644,0.5668291576918721,0.17571703888448603,1,false,1.1384827650401654,19,0,359,14.000000000000002,0.7609655997947942,0.43456902089710414,0.7,1,false
HYPEUSDT,1753029900000,1753046100000,3.341651743046409,0.8751845590910041,0.5863094601245392,2,true,1.151045297162474,16,0,8,15,1.768381001794334,0.02032824770503846,0.5,0,false
SOLUSDT,1753039800000,1753049700000,6.503571140268372,0.6450545815415082,0.36387694343367327,2,false,0.9859308335254131,19,0,123,19,0.9138742730545428,12.844420904625103,0.4,2,false
ETHUSDT,1753060500000,1753062300000,11.673246059622016,0.6075470788740178,0.04310933437581505,1,false,1.1616161442931268,1,1,365,50,0.38614901439551497,10.497788040845354,0.45,0,false
HYPEUSDT,1753064100000,1753067700000,1.242565558670733,0.7389806862275051,0.47521471857696385,1,false,1.3439832612809368,2,1,17,39,0.9474628563926387,1.6144766098443593,0.45,0,true
ETHUSDT,1753110000000,1753114500000,12.598304016598357,0.8072740966218415,0.19508470232584993,2,false,1.1132933523480988,15,1,379,52,0.7594504426406156,12.564732523965361,0.4,0,false
SOLUSDT,1753114500000,1753116300000,13.011142978653176,0.8135136535571902,0.1088139281827968,7,false,1.2973083805372538,16,1,144,93,0.3840365353676938,21.622396804980777,0.35,0,true
XRPUSDT,1753114500000,1753116300000,11.910133596300591,0.6068474978125286,0.39797905670495926,10,true,1.208930107296339,16,1,380,37,0.5085464048594501,0.13689350532049446,0.7,1,true
ETHUSDT,1753122600000,1753124400000,10.136816891721088,0.9466984884645934,0.2625298329355633,1,false,1.204699313192458,18,1,382,67,0.4431259751424975,11.323349953193446,0.4,0,false
SOLUSDT,1753144200000,1753146900000,11.32133567283024,0.5138380138380092,0.34595034595034946,1,false,1.3627124292993449,0,2,152,93,0.41215081666921194,23.017940926594807,0.35,1,false
HYPEUSDT,1753142400000,1753146900000,-2.9681215674059542,0.6202944151028281,0.3371165299471819,1,false,1.6927187579727654,0,2,5,70,-1.0233722125396578,1.3158781885605038,0.45,0,true
SOLUSDT,1753155000000,1753160400000,14.382675735632336,1.7683019249229524,0.414287879553374,8,false,1.5822588732826703,3,2,155,100,1.243591695853011,20.11246244207956,0.35,0,false
SOLUSDT,1753170300000,1753173000000,11.541959294019716,0.7057270511779117,0.5381803411860288,6,false,1.8910899041833504,7,2,160,100,0.237325792769137,19.78537066652628,0.35,0,false
SOLUSDT,1753192800000,1753194600000,11.285959490701906,1.0086602139582366,0.43301069791135727,17,false,1.9452654874710433,14,2,166,100,0.7310757983449245,19.50396507360693,0.35,1,true
XRPUSDT,1753192800000,1753196400000,6.056148151043854,0.80421198796575,0.30953482990048403,17,true,1.3961897290159118,14,2,402,54,0.24798154555939855,0.22274936357325453,0.75,2,true
ETHUSDT,1753191900000,1753198200000,5.01079718001283,0.8729902038713048,0.19323645015047025,16,false,1.3205926076513825,13,2,402,77,0.28552717029421554,8.302589404750258,0.4,0,true
HYPEUSDT,1753196400000,1753199100000,-1.9704303635544393,0.5943371026622808,0.11575104621137833,6,false,1.9384855146436606,15,2,20,98,-0.3867955985328431,1.25469479767852,0.45,1,true
SOLUSDT,1753199100000,1753200900000,12.568420455838888,0.6876276844885123,0.6178683541780902,3,false,1.967990067436811,15,2,168,99,1.2063873454472624,21.215781693137433,0.4,0,true
XRPUSDT,1753207200000,1753209000000,8.135423786336684,0.5691310133929774,0.6965484044511129,1,false,1.4090769933797922,18,2,406,63,1.0848629050532517,0.7432681145057778,0.75,1,true
HYPEUSDT,1753200000000,1753222500000,-2.6567326377239544,1.1140809954852817,0.5570404977426329,1,false,2.0226403715524635,16,2,21,100,-0.9867462043910156,2.171242988497781,0.45,0,false
SOLUSDT,1753232400000,1753243200000,12.723690442835109,0.6017262638717628,0.21701602959309382,7,false,1.7146287522249817,1,3,177,80,0.7177862482055428,21.975753380386998,0.45,0,false
ETHUSDT,1753271100000,1753275600000,4.2884168882712395,0.5073663594281466,0.03737053292563115,1,false,1.0398917480026793,11,3,424,28.999999999999996,0.22800564689434213,8.713631455290628,0.4,0,false
HYPEUSDT,1753303500000,1753307100000,-4.493511712924203,0.7663099758370693,0.5292831664940671,1,false,1.63566484100504,20,3,17,60,-1.3040102311135424,1.6131630422276093,0.45,0,true
HYPEUSDT,1753316100000,1753325100000,-3.1150747617123278,0.7944661324566951,0.004565897312958791,3,false,1.6368915481294803,0,4,20,59,-0.2529165147648494,0.503879382038399,0.5,0,false
SOLUSDT,1753323300000,1753330500000,3.999795616643719,0.6250984924095171,0.2941639964280098,1,false,1.5898255352089556,2,4,202,62,0.5407107984671117,16.888272611024195,0.4,1,false
SOLUSDT,1753337700000,1753339500000,-1.3201470647817806,0.7428292577129559,0.3144824594697243,1,false,1.7410272806661222,6,4,0,69,-1.484451186477413,14.201775221722732,0.4,0,true
SOLUSDT,1753340400000,1753344000000,-1.7317593460441154,0.9652297905012563,0.24679170779862733,1,false,1.796129407548136,7,4,1,74,-0.47844258688957575,13.218347066701345,0.45,0,false
SOLUSDT,1753347600000,1753351200000,0.9512147351403054,0.662216000861429,0.010767739851395397,1,false,1.8101391230058883,9,4,0,76,0.879717621504211,14.806898913224527,0.4,0,false
ETHUSDT,1753348500000,1753352100000,2.7278953115943216,0.7783573266569308,0.5619305932262276,4,false,1.2929195261057969,9,4,445,77,1.8500102249202306,6.885141130778175,0.35,1,true
HYPEUSDT,1753353900000,1753355700000,-5.973763484678822,1.0319328530327827,0.10224219511615013,1,false,1.7392889988004054,10,4,31,61,-1.9872683282046382,4.807760895926935,0.45,0,false
SOLUSDT,1753358400000,1753366500000,1.1319074504514133,0.9077646295996146,0.22153779650942704,3,false,1.7127608042456297,12,4,3,67,1.1758301578660997,14.498478435955706,0.4,1,false
ETHUSDT,1753356600000,1753368300000,2.3215300945296997,0.6772656674584117,0.47256867142821973,1,false,1.3097033864295244,11,4,447,81,1.202520042000699,7.653967164355146,0.4,0,true
ETHUSDT,1753374600000,1753379100000,5.231022455474159,0.8863567887370272,1.0213919855378115,7,false,1.3930824866904883,16,4,452,100,1.6369773369153364,8.312371183833044,0.4,1,true
SOLUSDT,1753371000000,1753381800000,2.7800173090262468,1.0347615198059907,1.0509296685529446,3,false,1.7846967394095716,15,4,6,77,1.652668653481432,14.71966264695405,0.35,0,true
HYPEUSDT,1753376400000,1753389900000,-5.671623585498624,0.9020618556700986,0.2717900656044978,2,false,1.854627734408919,17,4,37,72,-1.175731048612394,5.195336375860832,0.45,2,false
ETHUSDT,1753380000000,1753399800000,4.9495876553017535,0.549684012370581,0.010219174398281811,1,false,1.419691595994313,18,4,454,99,1.0962449338346683,9.971236123806582,0.45,2,false
XRPUSDT,1753412400000,1753414200000,-6.191375058715282,0.5731851804412573,0.9894649204265243,1,false,2.0140142960896705,3,5,37,75,-2.0653279105236524,1.822380195046663,0.75,0,true
HYPEUSDT,1753413300000,1753415100000,-7.00675064825654,0.6904268742708833,0.8380353784253428,2,false,1.7615871284403535,3,5,47,52,-1.7067108533554185,4.8229888341308875,0.45,1,true
XRPUSDT,1753416000000,1753419600000,-6.321073494002159,0.7884746422661268,0.22388786138420796,1,false,2.0191993331174545,4,5,38,75,-0.6797853309481262,0.5162760346251443,0.8,0,false
ETHUSDT,1753419600000,1753421400000,2.373967784881623,0.562678617100531,0.5977070290346614,1,false,1.414525048699501,5,5,465,96,0.6771927384016176,6.932301068192746,0.45,0,true
XRPUSDT,1753425000000,1753430400000,-5.992256582888351,0.772687594969442,0.3394652613882641,3,false,2.0023997756490877,6,5,40,71,-1.0921589412482815,0.8877117616630927,0.75,0,true
ETHUSDT,1753436700000,1753438500000,4.453265284233092,0.5164449825215837,0.7831203747634496,1,false,1.4312712600241795,9,5,470,100,1.6603191676178704,8.701894381125888,0.5,0,true
SOLUSDT,1753459200000,1753467300000,-3.090175068131023,0.8734839212195354,0.48403249137643517,6,false,1.6024574621044354,16,5,17,23,-0.7064975522919347,15.687843793692362,0.4,0,false
XRPUSDT,1753469100000,1753476300000,-5.522348080283428,0.6574282951981943,0.9216886883661103,18,false,1.745675783276777,18,5,53,50,-1.5928976635364276,1.4877051905734133,0.75,0,false
HYPEUSDT,1753561800000,1753568100000,-0.6869151492980538,0.5145836653840166,0.2436303194517164,1,false,0.9690458770420592,20,6,5,1,-0.1595296155336272,0.4629335583088972,0.45,0,false
XRPUSDT,1753663500000,1753667100000,1.2144849934872017,0.5708114779389065,0.48133292193767535,1,false,0.998846146932785,0,1,2,36,1.7723793883431944,0.495217525455117,0.7,1,false
HYPEUSDT,1753646400000,1753668000000,-0.7508271999664379,0.5236198064883415,0.1297666476949233,1,false,1.0855280586425682,20,0,0,34,-0.9644050953112446,0.36485636401761995,0.45,0,true
HYPEUSDT,1753671600000,1753676100000,0.5876404870861729,0.535295323568954,0.6605772078084762,1,false,1.05361791134512,3,1,0,38,1.6613125286828907,0.21856536514519054,0.5,0,true
HYPEUSDT,1753724700000,1753727400000,1.4559166499882563,0.8851351351351366,0.7725225225225305,11,true,1.553005427892674,17,1,15,82,-0.592162168156304,4.009313367421487,0.55,0,true
HYPEUSDT,1753751700000,1753755300000,-0.5179913395495961,0.5478517844964756,0.20004546487838365,2,false,1.8713463914702098,1,2,4,98,-0.3909286269489264,4.973618406097109,0.6,0,true
ETHUSDT,1753759800000,1753767900000,1.606975742246879,0.5255319148936228,0.3595744680851059,1,false,1.0502984938565127,3,2,559,71,0.6366392262384809,10.801561399182749,0.5,0,true
HYPEUSDT,1753764300000,1753776000000,-0.5673510472305,0.7480386790731524,0.49489144316730244,3,false,1.8019556381754664,4,2,0,94,1.458697050445661,5.313571284533208,0.65,1,true
HYPEUSDT,1753783200000,1753792200000,1.9570668240234381,0.8206885667260485,0.3697607828106362,8,false,1.605823749460929,10,2,2,82,1.2877583465818763,4.114478697815522,0.65,0,true
SOLUSDT,1753787700000,1753793100000,-1.778280763384209,0.5514304433282327,0.11465385455340028,1,false,1.143278395261084,11,2,2,57.99999999999999,-0.5889409968371601,12.859946373541026,0.35,1,false
ETHUSDT,1753810200000,1753843500000,0.9630098741494326,0.7860773304239059,0.02607839484818697,1,false,1.0971608397401966,17,2,573,88,0.620134758513172,10.727401235083848,0.55,0,true
HYPEUSDT,1753851600000,1753853400000,-2.4735231215720415,0.5417992345644842,0.7008807119472542,1,false,1.7510148750399162,5,3,9,75,-0.5565305745427667,6.354325171761895,0.65,0,true
HYPEUSDT,1753902900000,1753904700000,-4.992534950498347,0.8321188472568266,2.019181044614738,1,false,1.6387497477200776,19,3,23,57.99999999999999,-2.4228095226948283,3.0192851434212744,0.65,0,true
HYPEUSDT,1753911900000,1753923600000,-3.677490837962967,0.6159969673995572,0.42645943896891514,1,false,1.7106956543640182,21,3,26,64,-1.2226148409894122,4.4839278600891825,0.7,2,false
XRPUSDT,1753902900000,1753923600000,-4.266165283343885,0.9860338807707221,1.4289409026251139,1,true,1.3463042742195168,19,3,53,100,-2.432000000000002,0.7285888032057409,0.7,1,false
SOLUSDT,1753904700000,1753925400000,-4.349232740067511,0.989208633093536,1.197167266187048,3,false,1.3767099895894161,19,3,35,100,-1.913848900792326,10.175434250724019,0.35,1,false
HYPEUSDT,1753981200000,1753983000000,1.695894339606384,0.5400866861824031,0.7874373113667853,1,false,1.361176975923697,17,4,0,37,2.1376911105007723,0.49861378793890754,0.65,0,false
HYPEUSDT,1754022600000,1754024400000,-5.3823263394622,0.7659201984097982,0.8874948330780313,1,false,1.7194840385428087,4,5,10,53,-2.000914979172175,1.765263695382593,0.65,1,true
SOLUSDT,1754022600000,1754027100000,-6.081092652026622,0.6204635916647169,0.39803324748302904,1,false,1.3420188345776902,4,5,67,86,-1.1223540358222883,7.104530234169299,0.35,0,true
HYPEUSDT,1754031600000,1754037900000,-8.063662030130992,0.8123172286235668,0.21995051113499706,1,false,1.8229727624636527,7,5,13,63,-1.831800652625333,0.8681333992669359,0.65,0,true
XRPUSDT,1754056800000,1754058600000,-5.801543255575402,0.8052390657890269,0.7317317651775879,1,true,1.420991544251303,14,5,96,96,-0.8020586171172683,0.24581986892789065,0.65,1,false
HYPEUSDT,1754059500000,1754061300000,-8.312748205188521,0.6269906954580794,0.7498808717678617,5,false,2.138672090756129,14,5,21,95,-1.895652173913039,1.6983065618365105,0.65,2,true
ETHUSDT,1754056800000,1754062200000,-3.690222588493454,0.6410853775524152,0.5662601068932398,1,false,1.2076956718803342,14,5,18,97,-1.012412776010164,7.941122131248597,0.6,0,true
SOLUSDT,1754057700000,1754065800000,-8.40814057988878,0.9340234398238998,0.5056814801594349,2,false,1.4033628148806718,14,5,77,90,-1.0832248135432603,5.579286771871737,0.35,2,false
HYPEUSDT,1754062200000,1754067600000,-8.312748205188521,0.760833608997683,0.35369856739357974,1,false,2.138672090756129,15,5,21,95,-0.510891391098799,3.183708937634723,0.65,1,true
HYPEUSDT,1754069400000,1754071200000,-10.53625895366041,0.814340588988489,1.3265044814340607,2,false,2.249843252872606,17,5,23,100,-2.145017409205279,3.806944179584279,0.7,3,true
BTCUSDT,1754069400000,1754076600000,-2.1781164462326577,0.6194170561439905,0.0006099197345603957,1,false,0.7504180763297854,17,5,23,100,-0.8661492965133237,0.17906745513107417,0.65,1,true
SOLUSDT,1754069400000,1754079300000,-7.515538027273069,1.0260081126223022,0.36984013361964696,2,false,1.5439658178506752,17,5,80,100,-1.4877789585547183,9.35568961864887,0.35,2,true
XRPUSDT,1754068500000,1754081100000,-3.9839495828015195,0.7995753292856835,0.04976609933313615,1,false,1.5906436584008654,17,5,99,99,-1.132818913150549,0.954859240607004,0.65,0,true
SOLUSDT,1754082000000,1754083800000,-8.978416729892041,0.5787316132143766,1.1574632264287363,3,false,1.6508541659778904,21,5,84,100,-1.3804328169268747,8.387826812578279,0.35,0,true
SOLUSDT,1754090100000,1754091900000,-10.208024378869169,0.5194011610143564,0.8432630614115462,4,false,1.718732337843536,23,5,86,100,-1.6474164133738651,7.139460505166427,0.4,0,true
HYPEUSDT,1754118000000,1754119800000,-10.872356314718482,0.5115022427406035,0.902342417962894,2,false,1.7955424880652135,7,6,37,27,-1.5131716495923078,3.1612122240385543,0.7,0,true
XRPUSDT,1754128800000,1754131500000,-4.715221525206759,0.5052376300986939,0.04041901040790569,2,false,1.41457435559443,10,6,116,77,-0.6972846128058977,2.2790557646919383,0.65,0,true
HYPEUSDT,1754142300000,1754145000000,-9.734727067053171,0.6096599569033461,0.2916907552425611,2,false,1.6302624624218984,13,6,44,14.000000000000002,-1.2955528908816012,3.7793661638724156,0.75,0,true
HYPEUSDT,1754145900000,1754157600000,-10.61380419283807,1.2114449669243725,0.38787492362052234,1,false,1.6845055506547728,14,6,45,17,-1.0600893541650047,4.4654555013500365,0.8,0,true
HYPEUSDT,1754163000000,1754164800000,-14.674056225586144,0.6843616650116622,1.476074179436956,6,false,2.0526435401995506,19,6,49,69,-2.5461913776095084,8.156749648389669,0.85,0,true
HYPEUSDT,1754177400000,1754179200000,-10.264157748924987,0.5039674029594555,0.30559725498607204,1,false,1.9748751671967397,23,6,53,72,0.05130005130004685,7.962794499825889,0.85,0,true
SOLUSDT,1754229600000,1754241300000,-7.161552564727229,0.5017343904856307,0.018582755203172163,2,false,0.9690636112476949,14,0,125,2,-0.3649409290529938,1.669388370560156,0.4,1,false
HYPEUSDT,1754224200000,1754269200000,-6.395785133616909,1.3456992180396452,0.8547008547008563,1,false,1.56507149143435,12,0,66,14.000000000000002,-2.004230293025178,2.5386947762444696,0.9,0,false
HYPEUSDT,1754280000000,1754282700000,-6.112739172724642,0.6255191029900323,0.2465739202657778,2,false,1.381001782546243,4,1,82,7.000000000000001,-0.4174012236855785,1.1359350633941048,0.85,0,true
HYPEUSDT,1754289000000,1754293500000,-6.9711737242614955,0.6378287574150929,0.5249619402593201,7,true,1.3958822266529347,6,1,84,8,-1.3824282653007798,0.020087829346634865,0.85,0,false
HYPEUSDT,1754331300000,1754334000000,-4.637479035968291,1.042120087056724,0.8936115734220885,2,false,1.5252115105647146,18,1,96,28.000000000000004,-0.7145243786465127,0.6079848543041311,0.8,0,true
SOLUSDT,1754339400000,1754341200000,-3.2058927250700675,0.5093881419178968,0.32577148611029516,11,false,1.015194156180183,20,1,155,33,0.07146685724495536,5.96084425245796,0.4,0,true
HYPEUSDT,1754339400000,1754345700000,-6.668159088007274,0.7402212872058506,0.8389174588333083,6,false,1.5958394935342173,20,1,98,30,-0.8448941274642695,2.053006297980561,0.8,1,false
SOLUSDT,1754364600000,1754379900000,-0.9006592527023491,0.510325183954418,0.2136244956088379,1,false,0.9733791925030431,3,2,162,34,-0.023782626791124348,5.7878550625592045,0.45,0,true
ETHUSDT,1754381700000,1754387100000,-0.34461572697799664,0.5608983175801413,0.3400050615640143,2,false,0.8886587186632721,8,2,0,47,-1.1005272446261567,5.730879436340479,0.6,0,false
SOLUSDT,1754381700000,1754387100000,-2.689672235920337,0.6453926138400765,0.37647902474004746,2,false,1.030471353200704,8,2,167,45,-0.8889684386373182,5.118990059819383,0.5,1,false
HYPEUSDT,1754406000000,1754432100000,-2.9426691194206844,1.8053675850974202,0.06128546257756673,3,false,1.8634002898838697,15,2,117,78,-0.35663338088445223,2.555495855465258,0.75,0,true
HYPEUSDT,1754470800000,1754487000000,-5.675463892153763,0.5482806345150536,0.2049398488236061,1,false,1.66042260535779,9,3,135,51,-1.194787343712842,4.549820918759538,0.75,1,false
XRPUSDT,1754461800000,1754489700000,-2.371845169881398,0.7641624779241939,0.05434044287460345,1,false,1.109126820890854,6,3,15,48,-0.05788416357383754,0.25524333023314055,0.65,0,false
XRPUSDT,1754568900000,1754579700000,2.1847779390937347,0.5330629864608464,0.15697560337498723,6,false,0.8443079541518616,12,4,1,9,2.279306558413462,0.4041236073865413,0.65,0,false
XRPUSDT,1754619300000,1754622000000,9.515680014325474,0.5959403454638906,0.03932601264482799,1,false,1.365920600813176,2,5,15,100,0.6947183205412105,2.4427504008228245,0.6,0,true
HYPEUSDT,1754639100000,1754650800000,3.2197053919062606,0.5599684246879392,0.01726774877893582,1,false,1.2712797767469797,7,5,12,32,0.5692928392861485,2.7940787319641425,0.7,0,true
SOLUSDT,1754654400000,1754658900000,4.451032825498456,0.5090497737556593,0.11312217194569493,3,false,0.9381391312754188,12,5,18,48,0.7452497439981809,10.142355162539939,0.45,1,false
HYPEUSDT,1754653500000,1754660700000,4.762356599067547,0.5347983567105012,0.2819845880837194,1,true,1.2031446228586122,11,5,16,21,0.9302893419606892,0.596381197786245,0.7,0,true
SOLUSDT,1754676900000,1754696700000,5.21859070472016,0.6738544474393626,0.3706199460916422,1,false,1.1348685573220778,18,5,24,92,1.6037628924402039,10.78061977098614,0.4,0,false
HYPEUSDT,1754719200000,1754726400000,5.029236634772359,1.0092999783721475,0.07209285559801297,2,false,1.2219383641572574,6,6,34,30,1.845592705167174,0.511859274745875,0.75,1,true
SOLUSDT,1754718300000,1754796600000,5.563290120909204,1.3784322409211587,0.0885739592559926,1,false,1.022564606506131,5,6,36,67,2.0854412591343494,12.0298610161633,0.4,0,true
SOLUSDT,1754801100000,1754802900000,6.676943477234463,0.5235319516407594,0.04317789291883231,1,false,1.1016285582478347,4,0,59,98,0.1185472572475476,11.568586883515618,0.45,0,false
ETHUSDT,1754821800000,1754835300000,9.388631256215325,0.762699737657991,0.19079418077748628,8,false,1.054292650085759,10,0,91,92,0.6870918221943474,19.742235392573434,0.6,0,false
HYPEUSDT,1754821800000,1754837100000,7.263023710131784,0.8866561718677554,0.09260116677469939,8,false,1.2827481740934505,10,0,62,70,0.02081069207112711,0.4968139957054172,0.8,2,true
SOLUSDT,1754821800000,1754838000000,3.8057771314639686,0.8328209714381583,0.33536414957240757,8,false,1.2421804090270827,10,0,64,98,0.7066345129269199,11.133291172912779,0.4,1,true
SOLUSDT,1754859600000,1754874900000,4.658829715728175,0.6143045195261104,0.15906099166302132,1,false,1.0435486838383417,21,0,75,72,0.04378044108795081,12.795398879694082,0.45,1,false
XRPUSDT,1754821800000,1754879400000,2.3451671855605674,1.1326556224899536,0.0031375502008098343,8,false,1.0560781664528227,10,0,71,66,0.8715147304935448,0.3556841000365117,0.6,3,true
HYPEUSDT,1754886600000,1754895600000,10.890138473729175,0.6210640608034621,0.19978284473399752,1,false,1.189325456127796,4,1,80,60,0.35670008917502555,1.9763476831881133,0.8,0,true
SOLUSDT,1754903700000,1754908200000,4.9053812203683,0.5354898639418556,0.14753292169827345,3,false,1.0390186875911307,9,1,87,73,-0.146882820150137,12.95244947149213,0.45,1,false
XRPUSDT,1754901900000,1754911800000,4.526258071627052,0.9514163827762986,1.1723905103888466,1,true,1.0988032736671376,8,1,94,70,1.72816010804837,0.905380106190347,0.6,0,false
SOLUSDT,1754920800000,1754928900000,2.103425217350126,0.64501654607662,0.2748331370239549,1,false,1.1440788105669408,14,1,92,86,0.3301253357206823,10.804537262683265,0.45,0,true
HYPEUSDT,1754923500000,1754934300000,6.015423156903245,1.1654118389612798,0.34263558901762997,4,false,1.3970718226782064,14,1,91,100,0.7900245335253979,1.8033752611093075,0.8,1,false
XRPUSDT,1754943300000,1754948700000,-0.4211383132531022,0.5407104684061579,0.968248978308713,1,true,1.3445001472129776,20,1,0,80,-1.4528148287306586,0.8607749135491677,0.55,0,true
XRPUSDT,1754997300000,1755001800000,-0.9988789340017493,0.5243588521307952,0.1843200813550783,8,false,1.0236469274368938,11,2,5,35,-0.40090362404148855,0.9976516175128143,0.55,0,false
SOLUSDT,1755000000000,1755002700000,-0.4155576265165846,0.5127912939433683,0.11965130192010687,11,false,0.9598108883887039,12,2,6,4,-0.47887805712331305,9.369803809849422,0.45,1,false
ETHUSDT,1755003600000,1755005400000,9.490361873203195,0.8785350023180258,1.7301808066759465,1,true,1.1382426705598554,13,2,142,93,2.7412078753191023,0.626008344923491,0.6,0,true
SOLUSDT,1755003600000,1755006300000,1.1196518088057228,0.6485379451587295,0.9102286949596053,1,false,1.0386646908889698,13,2,0,37,1.6729473564005979,9.50901278112796,0.45,1,true
XRPUSDT,1755003600000,1755011700000,0.7913908593267828,0.7362932532785552,0.5119292147258648,1,true,1.0934356415845308,13,2,0,61,1.4609667788858482,0.4295498008619343,0.5,2,true
HYPEUSDT,1755024300000,1755030600000,3.5535651271022246,0.7716542623624514,0.29679010090864016,13,false,1.7533285063805522,18,2,119,100,0.8760463249627451,6.40005755675345,0.75,0,true
HYPEUSDT,1755034200000,1755036000000,6.0645066786476605,0.6082130965593647,0.590455049944518,1,false,1.7187703475245009,21,2,121,100,1.457830247741707,8.953775358683101,0.75,0,true
SOLUSDT,1755072900000,1755076500000,11.328238888332164,0.5618261881864581,0.313812825833884,1,false,1.3388646396245782,8,3,19,96,1.1602462978983263,22.842422110228576,0.5,0,true
ETHUSDT,1755083700000,1755092700000,13.564464048170437,0.6349594385079992,0.508439320737077,5,false,1.068315741371689,11,3,164,74,1.6732370635186373,0.5148725470643968,0.65,0,true
SOLUSDT,1755094500000,1755096300000,12.627157601646447,0.5376073958699659,0.23614530472792988,20,false,1.2887206903529873,14,3,25,93,1.2737565709664427,23.394263351752702,0.55,1,false
HYPEUSDT,1755102600000,1755104400000,6.0027358288970545,0.6493933875957228,0.6033215594216856,1,false,1.9347854779774294,16,3,140,100,1.3344527418143237,9.225249641212367,0.75,1,true
BTCUSDT,1755094500000,1755113400000,3.275040545589125,0.5630004828321197,0.8251211842389704,1,true,0.5270171219226416,14,3,147,79,1.0850825225512364,0.08530310345941354,0.7,0,true
HYPEUSDT,1755106200000,1755115200000,8.281857096141685,1.2887653283334541,1.2219564233529454,1,false,1.9277940213161668,17,3,141,100,2.968061315326654,10.829424018794874,0.75,1,true
HYPEUSDT,1755116100000,1755117900000,11.358805637501213,1.070014323026362,0.04212654815065112,1,false,1.9544128069402293,20,3,144,100,2.0931572321676266,13.271160236235671,0.75,1,false
SOLUSDT,1755115200000,1755126000000,11.694014852582905,0.5847076461769053,0.054972513743135255,2,false,1.4680807693250704,20,3,31,98,0.8196309146678712,23.789205173824538,0.5,0,true
SOLUSDT,1755135900000,1755139500000,11.27564205927529,0.6781842483045417,0.4009702489975755,1,false,1.4541257089435373,1,4,37,97,0.6134362323142422,24.496003710198586,0.55,0,true
XRPUSDT,1755144000000,1755147600000,4.219570642321528,0.5205512427032586,0.006017933441655472,5,false,1.0308053772438701,4,4,39,68,0.23183693132208058,1.071192152614781,0.55,0,false
HYPEUSDT,1755145800000,1755149400000,12.088855304705747,0.5110235070813205,0.8197234215631076,4,false,1.9062433971433705,4,4,152,94,1.6279802541749937,13.996065934992306,0.7,1,false
SOLUSDT,1755151200000,1755153900000,12.869299193446116,0.6644681793571858,0.9351774376138237,13,false,1.5430097669288516,6,4,41,98,1.2826204923289402,21.75385029455264,0.55,0,true
SOLUSDT,1755154800000,1755159300000,13.258665901888106,0.6616073165985666,0.8075501070247113,1,false,1.5683214852360967,7,4,42,100,0.2902195994969499,22.65086533936693,0.55,0,false
HYPEUSDT,1755166500000,1755168300000,8.37198773685974,0.6936317793995627,0.05744803080916833,1,false,1.9801827742555587,10,4,158,93,1.5059592960716037,12.200835833386481,0.65,0,false
ETHUSDT,1755173700000,1755175500000,10.682631290841233,0.518767423865003,0.005724037778658595,1,false,1.1269257907872174,12,4,189,73,0.13814352921704276,0.1155407625690291,0.65,0,false
XRPUSDT,1755189900000,1755191700000,-3.954045258425535,0.5469786710683786,0.5372689905168769,2,false,1.6635381521718677,16,4,4,97,-1.191860465116284,0.9854373830316623,0.5,0,true
SOLUSDT,1755193500000,1755196200000,4.732524772210776,0.9515436727517211,0.15514299012255414,1,false,2.2831951187712027,17,4,53,96,1.4389610389610443,17.183724689284325,0.5,0,false
HYPEUSDT,1755205200000,1755207000000,5.277071054510527,1.7642006034843556,0.19381979164372612,9,false,2.5456987885180573,21,4,169,93,0.6664459891868026,9.058443228978463,0.6,1,false
ETHUSDT,1755198900000,1755207900000,5.875635708504842,1.1629703188789544,0.024936555224541745,2,false,1.7671551895739022,19,4,196,98,0.10422530256121107,1.7213946816727177,0.6,0,false
XRPUSDT,1755207900000,1755212400000,-4.002372456140576,0.5487326887901727,0.3494904625032641,1,true,1.5449808919652537,21,4,9,92,-0.9280364702051511,0.08091756802888843,0.5,0,false
HYPEUSDT,1755215100000,1755217800000,3.735254697679633,0.6807983908401667,0.289560354545656,2,false,2.5387171474608428,23,4,172,90,0.8353142425521622,8.685303556106543,0.6,0,true
SOLUSDT,1755243900000,1755251100000,5.748387214226312,0.6025019147306647,0.17870819504722713,7,false,1.4941265585123138,7,5,67,67,0.9196937779376212,22.104789684672816,0.5,0,false
XRPUSDT,1755278100000,1755282600000,-4.252524481864588,0.6801156525167472,0.019713497174396567,7,false,1.189128674019014,17,5,28,67,-1.4920996905033483,0.17364044667237366,0.45,0,false
HYPEUSDT,1755290700000,1755297000000,5.592444195776652,1.3109337452797742,0.6737040851355992,1,false,2.3022993698441923,20,5,193,73,1.5743440233236137,11.096737640908792,0.6,0,true
ETHUSDT,1755306000000,1755313200000,2.886577252060997,0.5868510437261132,0.03761578609156961,1,false,1.4378736851086462,1,6,226,78,0.7876659845486711,0.10321950826317128,0.55,1,false
HYPEUSDT,1755304200000,1755322200000,7.085359241944652,0.686135051460135,0.09622625721696798,1,false,2.2335879155986915,0,6,196,70,0.9939109874244135,13.320992970619141,0.65,0,false
SOLUSDT,1755306000000,1755330300000,0.43984531171230146,0.6103110444884557,0.16060816960223318,1,false,1.5249218476674395,1,6,0,53,0.8781381316668437,18.300022987958727,0.45,2,true
HYPEUSDT,1755351900000,1755390600000,3.5750155432603723,0.8531029740415987,0.11818806945160674,4,false,1.5908289518352752,13,6,210,5,0.4956896551724224,2.8383043951636,0.6,0,false
HYPEUSDT,1755470700000,1755473400000,2.5407987411591124,0.581545064377684,0.1866952789699489,1,false,1.0646142893371264,22,0,243,1,0.5576848542267783,0.49078048005087566,0.6,0,false
SOLUSDT,1755471600000,1755475200000,2.7085808366303525,0.5353430353430358,0.2027027027026956,1,false,0.9349675614591513,23,0,33,19,1.0044467695527006,16.55334743446858,0.45,1,false
HYPEUSDT,1755490500000,1755495000000,-2.887299012651328,0.8145814581458188,0.5783078307830736,3,false,1.3172666525765149,4,1,2,30,-1.4283478999485948,3.1779276058446757,0.55,0,true
ETHUSDT,1755491400000,1755496800000,-1.6374823548588964,0.8959822415444664,0.17086065875764667,6,true,1.13533907572719,4,1,1,38,-1.284369278453719,0.03946835163217641,0.55,1,true
XRPUSDT,1755541800000,1755551700000,-1.59411253853814,0.5413337681395711,0.4402413174629078,1,false,1.0212424889926144,18,1,101,65,0.022980204195533465,0.46605586347416406,0.4,0,false
HYPEUSDT,1755564300000,1755566100000,-4.000385732586257,0.6192453092747711,0.2156921863765949,1,false,1.476782763489535,0,2,23,55.00000000000001,-0.6372969340223996,5.825880546546021,0.6,0,false
ETHUSDT,1755565200000,1755567900000,-0.8100171915909072,0.5844249712606153,0.2069695029749098,8,false,1.2631246816516402,1,2,22,62,-0.8142998552914813,0.16149128181124622,0.6,1,true
XRPUSDT,1755567900000,1755573300000,-2.0933837575446432,0.5583673469387792,0.22530612244897652,1,false,1.0128230213317415,1,2,109,68,0.15733062375036597,0.336052344601967,0.4,0,true
HYPEUSDT,1755570600000,1755574200000,-5.451102565995969,1.0207158930104108,0.5474748880692164,4,false,1.5594366739143264,2,2,24,56.99999999999999,-0.03733955659276135,5.804033950992297,0.55,1,true
XRPUSDT,1755616500000,1755618300000,-5.16093952444271,0.6461548762931574,0.8905554253573851,3,false,1.0829552164982037,15,2,122,87,-1.3880991403819811,1.1354342533826451,0.4,1,true
ETHUSDT,1755616500000,1755619200000,-3.9147983708087484,0.8487003616873644,1.0646820711755733,3,true,1.2833156760248974,15,2,36,65,-1.5747939439995406,0.6833759674668901,0.65,0,true
XRPUSDT,1755620100000,1755623700000,-5.537243806244171,0.6450517738923826,0.42437616703446535,1,false,1.1094567310138608,16,2,123,88,-0.5873764981495974,0.2541406988869004,0.45,0,true
HYPEUSDT,1755626400000,1755631800000,-4.126852480132339,1.0828069688346025,0.6917933411998786,14,false,1.6842628494653704,18,2,40,75,-1.4885760443110918,3.1346002072037757,0.55,0,false
ETHUSDT,1755699300000,1755701100000,-4.31175116613486,1.2505495931209003,0.1097984945352955,1,false,1.1943481986503326,14,3,59,52,-0.8383285240380767,1.043718380876639,0.65,0,false
SOLUSDT,1755699300000,1755701100000,-3.23939187324497,1.0737732279959822,0.2336708579058729,1,false,1.1659547945537336,14,3,60,57.99999999999999,-0.8873606566468828,10.593912361959164,0.45,1,false
XRPUSDT,1755699300000,1755701100000,-7.201281501155776,0.9927293064877107,0.4264541387024605,1,false,1.150593720897487,14,3,145,92,-1.1564317809746036,2.2917540548098425,0.5,2,false
XRPUSDT,1755714600000,1755718200000,-3.6060840134207877,0.8532423208191096,0.3412969283276529,1,false,1.2584330070972558,18,3,149,99,-0.03425244048639609,4.159572412904917,0.5,0,false
SOLUSDT,1755720900000,1755735300000,1.5567866622809068,0.5211131406468245,0.3330826259804473,1,false,1.3834657856513992,20,3,0,100,1.565207972270372,17.83183536827139,0.45,0,true
HYPEUSDT,1755744300000,1755765000000,-3.172493126004399,1.3836389938867972,0.6089878202435851,1,false,1.7727666408097937,2,4,73,92,-0.5395935529082029,2.254289539532164,0.5,0,true
HYPEUSDT,1755783000000,1755785700000,-6.163644150626534,0.5771763860615486,0.023949227637420942,20,false,1.5106179826939006,13,4,83,43,-0.6735132553140589,2.0599535880485185,0.5,0,false
ETHUSDT,1755790200000,1755795600000,-1.0160565707671727,0.5163042840823042,0.028149256742329168,1,false,1.1533155404225817,15,4,12,38,-1.8630948655358721,0.5447819488199634,0.65,0,true
HYPEUSDT,1755790200000,1755795600000,-4.910582724315958,0.6870118599942063,0.16150805129688595,1,false,1.5708027568342462,15,4,85,56.00000000000001,-2.22835263621013,2.0729892193053594,0.45,1,true
HYPEUSDT,1755866700000,1755872100000,-4.4481941876188875,0.6690251004741073,0.2575024667292357,1,false,1.3616804123223083,12,5,107,6,-1.3800196120638066,1.3585633035491989,0.5,0,false
SOLUSDT,1755880200000,1755892800000,4.904167053476841,0.8713033673312578,0.20501255701910576,1,false,1.4893532927653237,16,5,1,100,1.4901515932762786,21.54550458377297,0.5,0,true
HYPEUSDT,1755883800000,1755917100000,1.5808905061334657,1.3636875915699402,0.1961005296968245,1,false,1.599245422809969,17,5,2,70,0.37033691626772985,4.277616280423555,0.45,1,false
HYPEUSDT,1755925200000,1755928800000,1.7456683457861604,0.5718045880510888,0.058995711465597234,1,false,1.5220814980966775,5,6,14,57.99999999999999,1.5503697919059312,3.587662754326005,0.4,0,true
SOLUSDT,1755936900000,1755938700000,9.9174791767479,0.7894079440419748,1.6787409442917738,14,false,1.4256824569094113,8,6,17,94,3.1131742267521147,23.492203649460762,0.5,0,true
HYPEUSDT,1755944100000,1755946800000,1.032935871915225,0.5192725609058764,0.15555301383963818,1,false,1.484689735496523,10,6,19,38,0.8705639140921212,2.7817099160377907,0.4,0,false
SOLUSDT,1755964800000,1755976500000,7.817351372255884,0.5589355492901991,0.024731661473023383,6,false,1.2642575607986433,16,6,25,74,0.8798528607645326,24.256638276893558,0.55,0,true
HYPEUSDT,1755987300000,1755994500000,2.6485938841392196,0.569422250230695,0.04051225495712607,14,false,1.134050903257848,22,6,31,1,0.23901867051502132,2.616444366982988,0.35,0,true
HYPEUSDT,1756033200000,1756041300000,-0.20032725067432575,0.5789473684210529,0.17391304347826203,1,false,1.019380391385004,11,0,0,4,-1.2876314834965654,1.3678025851939188,0.4,0,false
HYPEUSDT,1756063800000,1756065600000,6.464741000481052,0.7847858560185581,0.6844581187434398,7,false,1.2283888607898035,19,0,7,33,1.2991958425733,4.871769321734445,0.4,0,true
HYPEUSDT,1756071900000,1756077300000,4.728992663684052,1.0762134856138854,0.9114869316933871,1,false,1.6628455870872836,21,0,10,95,1.1364382841752732,5.110549820631085,0.45,0,true
ETHUSDT,1756080900000,1756082700000,5.946837236499447,0.7048044908939137,0.342201404561133,5,false,1.224511736252034,0,1,57,76,0.10367816621599446,0.38656279336181026,0.65,0,false
SOLUSDT,1756081800000,1756085400000,6.8000148861083565,1.138594424813503,0.5054966627404796,6,false,1.5362973197371905,0,1,57,99,0.5341042728341704,21.68261705095118,0.55,0,true
XRPUSDT,1756083600000,1756088100000,-0.6716249454997232,0.5480453050785592,0.524794898196434,1,false,1.1765668758756038,1,1,0,79,-1.6,0.5388473419164095,0.5,1,false
SOLUSDT,1756092600000,1756094400000,9.954996902463126,0.7512279687951471,0.8908793219685999,5,false,1.766562671848534,3,1,60,100,1.0922914060244493,23.22563827495285,0.6,0,true
HYPEUSDT,1756116900000,1756118700000,4.181223061906011,1.0232722611443874,0.623245740049072,1,false,1.9990854583577027,10,1,22,100,1.600638481832091,7.5053598646008135,0.5,0,false
SOLUSDT,1756125000000,1756130400000,1.7667059344687888,0.5133157145761288,0.055905671884536316,2,false,1.8382069091461568,12,1,69,91,0.7137758743754491,18.882552708324354,0.65,0,false
HYPEUSDT,1756132200000,1756139400000,3.3454019256443055,1.211125711782736,0.976784932106888,1,false,2.027715357759675,14,1,26,97,1.1824619688756706,8.341984620972246,0.45,0,true
ETHUSDT,1756208700000,1756212300000,-1.9193574191096268,0.7057295132067719,0.3121539297789018,1,false,1.2545092961872375,11,2,16,41,-0.5184053015552306,0.49822834601271043,0.6,1,false
SOLUSDT,1756202400000,1756212300000,-2.8245043053665615,0.5685743131941088,0.11158935118763375,1,false,1.4538918634250604,10,2,14,45,-0.588453586386039,15.170003951839304,0.6,0,false
HYPEUSDT,1756222200000,1756224900000,5.5019291535695025,1.2368380727216954,1.4294783389155357,3,false,1.96761427011612,15,2,11,83,2.019536823619804,8.285828453349591,0.45,1,true
SOLUSDT,1756229400000,1756236600000,0.20565137423281885,0.7002074688796798,0.06224066390040255,2,false,1.4853286095423917,17,2,0,55.00000000000001,1.5101462954223666,17.181919654475355,0.6,1,true
ETHUSDT,1756222200000,1756250100000,0.847890854239999,1.1695854577699007,0.11749057858568349,3,false,1.4490114543474577,15,2,0,80,1.1135623724438504,0.1330082021724673,0.55,0,true
HYPEUSDT,1756264500000,1756267200000,11.00277676143083,0.7968858272530984,0.48098479598906996,2,false,1.9425186884011334,3,3,23,97,0.4629723637988132,14.556676613884184,0.5,1,true
HYPEUSDT,1756268100000,1756269900000,13.921291966621475,0.9069384806773911,1.6011878486295632,1,false,2.0310247351846806,4,3,24,100,3.2139893541662468,15.880209774405898,0.55,1,true
HYPEUSDT,1756294200000,1756296000000,8.17757390557109,0.6326272397045064,0.38773927594791585,1,false,1.9975796178232061,11,3,31,93,0.4951907401369314,14.445081725987539,0.6,1,true
XRPUSDT,1756245600000,1756305900000,1.470389884236021,0.6389669476783051,0.873143315937375,9,false,1.1705065833330335,22,2,2,78,1.275595837529366,1.108992372541134,0.45,1,true
HYPEUSDT,1756305900000,1756314000000,10.641866815752328,0.794903033813344,0.5492420459765496,1,false,1.9161275343751911,14,3,35,87,1.5259799086022496,16.26830763020714,0.6,0,false
HYPEUSDT,1756346400000,1756366200000,5.479752256965729,1.1534025374855914,0.4781377791758298,2,false,2.0082981691642385,2,4,46,86,2.245687091017256,6.981230995071812,0.6,0,true
SOLUSDT,1756358100000,1756368900000,8.023585354126785,0.7923704687796487,0.25621560068325133,1,false,1.5186212220426685,5,4,36,75,1.5422933231152405,24.19771596092185,0.6,1,true
SOLUSDT,1756369800000,1756395900000,8.29537659802463,1.002999625046876,0.4499437570303616,1,false,1.451342058403399,8,4,39,57.99999999999999,2.0836293034048428,25.121440832039234,0.6,0,false
SOLUSDT,1756398600000,1756400400000,6.570642829330225,0.5114120655365151,0.5492944407614341,1,false,1.5804046732969492,16,4,47,81,0.10369043691379502,24.32150704578545,0.6,1,false
HYPEUSDT,1756406700000,1756410300000,1.7397971721215626,0.7543792353918919,0.2045774197672858,1,false,1.7737584161673143,18,4,63,23,0.7131571080838622,10.167769258268821,0.6,2,false
SOLUSDT,1756406700000,1756414800000,6.880336125533838,0.5695301376364446,0.1945894636924656,1,false,1.6749729327282217,18,4,50,88,0.4799011688681892,24.14910231575211,0.55,1,true
HYPEUSDT,1756419300000,1756424700000,0.11066384009028453,0.5420703167519372,0.16762817024055335,1,false,1.7923887223652604,22,4,0,19,0.09992614154755045,8.229732017274905,0.6,1,false
ETHUSDT,1756429200000,1756431000000,-1.1329418846466683,0.5415210725237152,0.07576838051771279,1,false,0.9875793035288859,1,5,9,4,-0.5719544920272329,0.03788419025885639,0.6,1,true
XRPUSDT,1756396800000,1756440900000,-0.3490495014184208,0.9362669698388291,0.27084865913195405,1,false,0.8264901811139422,16,4,0,15,-1.0945273631840768,0.04301058348840097,0.45,0,true
HYPEUSDT,1756437300000,1756448100000,-0.9751642697663009,0.5521365283051811,0.3382654620051528,1,false,1.6159260542607028,3,5,4,1,-1.003715049208115,8.003420632305941,0.55,2,true
SOLUSDT,1756436400000,1756449000000,7.885454152308849,0.7259528130671385,0.05118898040858749,3,false,1.5854349810297128,3,5,58,80,1.6462841015992473,25.61454348736566,0.55,1,false
HYPEUSDT,1756452600000,1756454400000,-1.411706153516057,0.7082278762044214,0.7459704276009025,1,false,1.498319211530405,7,5,8,1,-1.108199342631241,5.086712597403762,0.6,0,true
HYPEUSDT,1756488600000,1756494000000,-2.627151156725878,0.762519904012208,0.14577586400232734,1,false,1.6713923961401576,17,5,18,13,-1.6810086051630984,5.401853615990307,0.6,0,true
XRPUSDT,1756493100000,1756495800000,-5.404125972839406,0.5337508451055092,0.16368359249901923,1,false,0.9896789028200617,18,5,27,48,-0.8243702236059962,4.387183690560226,0.5,0,false
XRPUSDT,1756506600000,1756510200000,-5.326634658965737,0.5421987586502142,0.06420774773488627,1,false,1.075546331287352,22,5,30,69,-0.4459666773698732,4.151852152950494,0.5,2,false
SOLUSDT,1756504800000,1756512000000,1.36772016854949,0.7776511961959449,0.5547575412353284,1,false,1.7602139230854925,22,5,77,91,1.3337314621280019,20.796753645086927,0.5,0,true
HYPEUSDT,1756505700000,1756532700000,-3.1637250907065533,0.8372532691139069,0.13729153068803301,1,false,1.7724975252652257,22,5,23,25,0.339566260696334,5.06545544514847,0.65,1,false
HYPEUSDT,1756539000000,1756544400000,-3.6477029986411384,0.9233880026960265,0.4111435632442144,6,false,1.4741198982595738,7,6,32,1,-0.6853162566003813,3.9118137249458047,0.65,0,true
HYPEUSDT,1756551600000,1756561500000,-4.634842368965657,0.5350663666008453,0.050521287833551795,1,false,1.4033660909554273,11,6,36,1,-0.16070157717119374,1.476821120416381,0.65,0,false
SOLUSDT,1756571400000,1756595700000,-0.15179415325276951,0.5486557933063965,0.17956007780937383,1,false,1.3275561000730098,16,6,3,10,-0.12985067172750883,20.220637830528815,0.55,0,false
HYPEUSDT,1756582200000,1756600200000,-2.5573507982944044,0.5011678799011192,0.05215774315713822,1,false,1.134821492813221,19,6,44,1,-0.3081384810585526,3.5425579171052086,0.65,1,false
SOLUSDT,1756602000000,1756604700000,2.012145779687063,0.5251533742331255,0.23067484662576632,1,false,1.0618415453660517,1,0,2,4,1.0020237918949608,17.716527999551737,0.55,0,true
SOLUSDT,1756687500000,1756689300000,-0.7428166032499325,0.578520569620247,0.5587420886075927,4,false,0.9666972908977058,0,1,1,12,-1.492830485169904,13.162340818972082,0.6,0,true
ETHUSDT,1756721700000,1756723500000,-0.5157601639660172,0.5462641279075019,0.29669727900317466,1,false,0.908437105574389,10,1,0,42,-0.9113859629150942,0.9311821560874002,0.6,1,true
SOLUSDT,1756714500000,1756723500000,0.5821167699605891,0.7554296506137916,0.7951891059092463,1,false,1.1689955991594672,8,1,0,37,2.470320788077805,16.521840141420327,0.6,0,false
ETHUSDT,1756735200000,1756746900000,-1.7005984535356555,0.5960004276644248,0.15855431224508482,1,false,0.9329199937963452,14,1,4,46,-0.3717125816529321,0.21925676331870653,0.6,0,true
HYPEUSDT,1756750500000,1756759500000,-3.1831492351392576,0.5512954308271587,0.32896229411498507,7,false,1.19221337674114,18,1,8,47,-0.5277104613502978,3.67154199800171,0.6,0,true
SOLUSDT,1756766700000,1756772100000,-2.7878078637041437,0.9047692071768186,0.0868987374124559,4,false,1.1618642521638949,22,1,13,41,-1.5483479228862027,14.226752786009268,0.6,0,false
SOLUSDT,1756783800000,1756788300000,0.474938878672408,0.5190138736400799,0.6687294141131866,2,false,1.149875824676403,3,2,0,50,1.3384800481251335,16.147282181994743,0.6,0,true
ETHUSDT,1756834200000,1756842300000,-3.1156805563317236,0.692773314575534,0.11014031320573604,7,false,1.1631315510886389,17,2,31,83,-0.8810380095765992,1.5477273726444654,0.6,2,true
XRPUSDT,1756838700000,1756845000000,-1.683980070667714,0.5034211365973061,0.3438862693657617,12,false,1.0423604960573767,18,2,123,88,-1.0504423842927078,4.204989263608008,0.45,3,false
HYPEUSDT,1756828800000,1756854000000,-1.7721859978965142,0.8181981657975121,0.37987771983455526,1,false,1.390515706962609,16,2,30,78,-1.0331689825190464,3.3614686758268326,0.65,1,false
SOLUSDT,1756825200000,1756864800000,1.445560051740939,2.0106708823238777,0.0889240193656787,4,false,1.2399713515224116,15,2,1,69,2.5539188577748795,16.972022446852836,0.6,0,true
ETHUSDT,1757060100000,1757075400000,0.3497686817801505,0.6131746919853469,0.36151044223939904,2,false,0.8493700093027388,8,5,0,34,1.5095289447614448,0.567496121620229,0.6,0,true
SOLUSDT,1757111400000,1757176200000,-0.5506097179831538,0.6193167854509802,0.009830425165879486,2,false,1.1231510755193432,22,5,0,66,-0.9561442021562067,17.39942489235818,0.6,0,true
HYPEUSDT,1757193300000,1757205000000,0.8240865002362849,0.5149577778262608,0.14183159135045,1,false,0.9329926146303621,21,6,0,13,0.7508756567425646,2.293288420961585,0.6,0,true
XRPUSDT,1757260800000,1757268000000,2.18419313212068,0.571408782379822,0.09004017176894853,1,false,0.5375385237689614,16,0,2,32,0.4715836194042732,0.14833541118343857,0.4,0,false
XRPUSDT,1757304000000,1757318400000,1.6332993020267534,0.5353914615491461,0.09386733416772246,5,false,0.6463860536809907,4,1,14,55.00000000000001,0.16671876628112656,0.8700643377918356,0.4,0,true
HYPEUSDT,1757320200000,1757322000000,8.43012722386851,0.5962470337208597,0.5164815442598767,1,false,1.0310748791441913,8,1,35,80,1.0320391256612498,4.449826600703041,0.6,0,true
HYPEUSDT,1757383200000,1757386800000,9.029378444584957,0.5009392611145903,0.16632748904195532,1,false,1.1648206034383888,2,2,53,84,0.7703163589321429,0.2768863494051359,0.65,0,false
XRPUSDT,1757403900000,1757405700000,5.2364815361857096,0.5005172011078155,0.3603723847976142,2,false,0.7642760826039031,7,2,42,87,0.64209751856062,0.2596135053841291,0.4,0,true
HYPEUSDT,1757410200000,1757418300000,14.872303537601065,0.6853571167483004,0.01827618977995104,1,false,1.4469254236451325,9,2,60,99,0.09303852889666306,6.3427516631332725,0.6,0,false
HYPEUSDT,1757471400000,1757473200000,10.170583919614488,0.5870217554388643,1.0840210052513184,1,false,1.602706111248247,2,3,77,87,1.7511416386760716,1.5932108027006735,0.55,1,true
HYPEUSDT,1757480400000,1757483100000,11.84574028164118,0.5480973983890368,0.33515415239329205,1,true,1.6171785118581945,5,3,80,90,0.9668123082643918,0.304601425793902,0.55,1,true
ETHUSDT,1757430000000,1757507400000,-0.9067006385713107,0.5490057823042487,0.14983427772224148,1,false,0.7282678281525188,15,2,0,81,-1.267203682393565,0.021251273156072007,0.6,0,false
SOLUSDT,1757514600000,1757516400000,7.06620819123093,0.5118680920456584,0.7383583982605524,7,false,1.0392066316602786,14,3,65,99,1.6443334090392934,23.581013599321746,0.6,0,true
HYPEUSDT,1757563200000,1757571300000,12.45993528132117,0.5133267522211278,0.188459122318939,1,false,1.3735861959662599,4,4,103,55.00000000000001,0.6086142322097395,0.28358610787042693,0.55,0,false
HYPEUSDT,1757593800000,1757595600000,6.656949813252323,0.8205740288319965,0.45504559780682896,1,false,1.3736277090776645,12,4,111,53,0.6971238979291363,0.463437832192611,0.5,0,true
HYPEUSDT,1757598300000,1757612700000,8.692337230499794,0.871041559016759,0.033217686572674175,1,false,1.4815849815409465,13,4,113,64,-0.1325991270557519,0.03414040008858616,0.55,0,true
HYPEUSDT,1757620800000,1757629800000,10.191372978463816,0.7716077269195316,0.31081154339616573,1,false,1.3762358127773244,20,4,119,49,1.3367281985996171,0.8590686495961265,0.55,0,true
SOLUSDT,1757728800000,1757736000000,10.023897068057474,0.5474679606818554,0.024884907303709448,10,false,0.9756119284695923,2,6,125,87,-0.2478519497686809,4.241898514965769,0.6,0,true
HYPEUSDT,1757764800000,1757768400000,7.382240308074152,0.536011006092666,0.4252353981668415,1,false,1.0841162443668977,12,6,159,3,0.7422378022606938,0.04824099054832839,0.6,0,true
XRPUSDT,1757821500000,1757824200000,3.263235726512106,0.5099735330191736,0.0742366535407646,8,false,0.7640536907442963,3,0,158,78,-0.22511657822801467,0.32490711346422196,0.45,0,false
SOLUSDT,1757872800000,1757876400000,8.97027889607214,0.8131396901169103,0.06472753752174303,1,false,0.9708443229266115,18,0,165,92,1.0284454964698242,0.57985085696564,0.6,0,false
HYPEUSDT,1757872800000,1757876400000,3.4045578986796206,0.6495288628670826,0.05488976305919154,1,false,1.1957555223823766,18,0,189,28.999999999999996,-0.15688849970812468,0.2860366541639905,0.65,1,false
HYPEUSDT,1757917800000,1757922300000,1.750986475926455,0.7425511669993772,0.24067613201739754,19,true,1.0185408704684895,6,1,201,1,0.08560847151658474,0.04539885694385754,0.6,0,false
HYPEUSDT,1757956500000,1757962800000,-1.4803836121457346,0.5583091209479938,0.5545110997170505,1,false,1.3212865104709388,17,1,4,72,-0.7231248102034623,0.6029358704115205,0.55,0,false
HYPEUSDT,1758078000000,1758081600000,2.8339292931580777,0.6136209145523619,0.21311385056309762,1,false,1.0204197658829322,3,3,13,12,1.1450593837431253,0.3646818908342724,0.5,0,false
SOLUSDT,1758142800000,1758148200000,2.5420831655172926,1.3816706806946304,0.14788524105295253,6,false,1.1917743359935662,21,3,240,88,1.9554030874785602,31.56866976751327,0.55,0,true
HYPEUSDT,1758168000000,1758176100000,9.598124472740201,0.7918667620312717,0.19413507714314435,4,false,1.4458595044997202,4,4,38,98,0.7005164391266577,2.1874254964068003,0.5,0,false
HYPEUSDT,1758314700000,1758324600000,2.0694429613129497,0.5146927871772066,0.008904719501340263,2,false,1.180376551350286,20,5,79,52,-0.1368621247400602,0.363312555654498,0.45,1,false
HYPEUSDT,1758384900000,1758386700000,0.8346327672132358,0.6183024786495277,0.46055375242515595,6,false,0.9318204165234786,16,6,98,5,0.09749404203076847,0.6146760711500997,0.45,1,true
HYPEUSDT,1758470400000,1758473100000,-5.136950176493421,0.6315789473684178,0.030622009569374616,2,false,1.0425614906184644,16,0,22,24,-0.811278095491421,0.024880382775102426,0.5,1,true
HYPEUSDT,1758499200000,1758501000000,-6.827740249615097,0.7026763990267584,0.10121654501216468,3,false,1.2278116521071378,0,1,30,46,-0.18672683420212505,0.2520681265206816,0.5,1,true
ETHUSDT,1758295800000,1758501900000,-0.7521497669118379,0.9116886651245042,0.332597944629486,1,false,0.6456119474204358,15,5,5,10,-1.549309762637795,0.634629050059729,0.6,0,true
HYPEUSDT,1758522600000,1758524400000,-10.661695939558294,0.551345282489271,1.092666105296928,3,false,1.6772008567857377,6,1,36,96,-2.027794947460762,1.201932715826615,0.55,0,true
HYPEUSDT,1758541500000,1758547800000,-9.535446481464959,0.8501009112592535,0.49334393411207744,1,false,2.007601600435569,11,1,42,95,-0.5443425076452516,2.495260228732181,0.55,0,false
HYPEUSDT,1758589200000,1758591000000,-12.761306357893723,0.5955430327868927,0.7257513661202107,1,false,1.8905450147390863,1,2,55,83,-1.6751977664029816,7.747395833333334,0.5,0,true
HYPEUSDT,1758636000000,1758637800000,-8.981136164612398,0.6084275436793409,0.22816032887974738,18,false,1.7225663119394667,14,2,68,69,-0.6269078691278551,3.756423432682427,0.55,2,true
SOLUSDT,1758627900000,1758640500000,-5.729398451969012,0.5420424524004727,0.09565455042360368,9,false,1.1632976972054427,11,2,36,74,-0.42255440955972867,6.219717687856641,0.6,1,true
ETHUSDT,1758622500000,1758649500000,-5.104731285166161,0.5426639128497893,0.09766997553487089,2,false,0.8831474483279028,10,2,96,78,-0.3339767238428522,0.8845617648779142,0.65,0,true
HYPEUSDT,1758687300000,1758693600000,-14.536018908267407,0.9749932292136909,0.09930486593842407,1,false,2.111128907125038,4,3,82,80,-1.327285321654417,3.9495358983787097,0.6,0,false
SOLUSDT,1758692700000,1758694500000,-8.70001428192514,0.756081525312301,1.3900629285244708,9,false,1.48298269250238,5,3,54,99,-2.7434330238417504,21.13553113553112,0.65,1,true
HYPEUSDT,1758708000000,1758709800000,-13.080460008743303,0.5964037742567222,0.487359800605308,11,false,2.2095352011701896,10,3,88,93,-0.2681744027532515,5.253026526615588,0.55,0,true
HYPEUSDT,1758723300000,1758725100000,-12.474626614751728,1.168492666548868,0.3379572362608206,1,false,2.306526940731716,14,3,92,100,-2.1200561255809847,5.956220180243813,0.55,0,false
HYPEUSDT,1758733200000,1758742200000,-11.560598707307644,1.0296377607025275,0.1931942919868142,4,false,2.4214469332542654,17,3,95,98,-1.543914584556507,6.502047814393361,0.55,0,false
HYPEUSDT,1758751200000,1758758400000,-9.875158731319447,0.649209657807885,0.2344971339239122,2,false,2.1125344648856292,22,3,100,76,-0.2931787087106609,7.5292747512944596,0.5,0,true
SOLUSDT,1758810600000,1758812400000,-10.327131344491075,0.5177803829620957,0.4249706916764383,19,false,1.4872378813308467,14,4,86,94,-0.1811860339846259,20.504794487330567,0.65,0,true
SOLUSDT,1758816000000,1758817800000,-10.008632185820032,0.6142262730334898,0.20804438280165816,2,false,1.4927633320606049,16,4,88,94,-0.9757059084413433,19.386474774352656,0.65,0,true
SOLUSDT,1758827700000,1758830400000,-10.446029353299362,0.6479266347687458,0.3837719298245524,11,false,1.6839026660299787,19,4,91,100,-0.8370285486522877,18.8784356186159,0.7,0,true
SOLUSDT,1758841200000,1758843900000,-12.229770001015478,0.7911392405063349,0.35728868926091706,1,false,1.7250161088070728,23,4,95,97,-0.5350318471337638,16.91483249223604,0.75,0,true
SOLUSDT,1758862800000,1758867300000,-11.103458670044773,0.5708460754332337,0.127420998980632,1,false,1.6048963224326271,5,5,101,89,-0.6008452568867959,17.02497961749897,0.75,0,true
HYPEUSDT,1758862800000,1758881700000,-12.677279696569915,1.2303597693367287,0.3338547381691702,1,false,2.7020659793442543,5,5,131,94,-1.0919419803962682,0.5286936640974002,0.5,1,true
HYPEUSDT,1758888900000,1758890700000,-14.301338218361415,0.8787557781201896,0.08426425269646498,6,true,2.370246095988751,12,5,138,59,-1.9656136029934121,0.02808036772544272,0.5,0,false
XRPUSDT,1758899700000,1758906900000,-6.351897557712919,0.7537413975166485,0.20026945344645744,4,false,1.3331826447522395,15,5,39,95,-0.06209365183724285,6.82405749222922,0.4,0,false
HYPEUSDT,1758937500000,1758939300000,-5.783269370098658,0.701637892872953,0.9008410801239408,1,false,2.047185479633096,1,6,152,22,-0.6681761676434069,5.783026811317166,0.45,0,true
HYPEUSDT,1758942900000,1758946500000,-6.856650128682206,0.5278830536004211,0.08121277747699278,1,false,2.0247136661752325,3,6,153,16,-0.5548691452319441,3.5993222181692714,0.5,0,true
HYPEUSDT,1759025700000,1759030200000,-4.068587007419948,0.7377302646110264,0.30260193488536563,1,false,1.7272098917556864,2,0,176,1,-1.196502531063045,5.566148143410674,0.55,0,true
HYPEUSDT,1759031100000,1759039200000,-4.644463640785737,0.5986430756950981,0.716154494257446,1,false,1.6932885219965512,3,0,178,2,-0.9634809634809737,5.206017272954069,0.6,0,true
HYPEUSDT,1759104000000,1759105800000,1.1930091103190397,0.5704190877551318,0.22561351978375507,1,false,1.5647542024607362,0,1,1,19,0.2969624978788405,7.43779664985208,0.65,1,false
HYPEUSDT,1759114800000,1759119300000,1.7361082370701588,0.7172065340726644,0.10918666638120025,8,false,1.554165678009829,3,1,4,19,0.09398496240600847,8.068038279560676,0.65,1,true
ETHUSDT,1759100400000,1759131000000,0.023886035018619616,0.6575109382596058,0.14851725814291863,1,false,0.64395351177629,23,0,0,28.999999999999996,1.8081708573249402,1.1910549343704424,0.65,0,false
HYPEUSDT,1759125600000,1759131900000,0.7206423583641395,0.5707349276998119,0.023425687330968302,1,false,1.5507479775622603,6,1,7,18,-0.03827588406660149,7.497284749877545,0.7,1,true
HYPEUSDT,1759160700000,1759162500000,-0.015548397992223817,0.5418879375745096,1.0404248401430671,8,false,1.8586251371017832,15,1,0,59,2.407781323954063,7.146271922227468,0.7,0,true
HYPEUSDT,1759176000000,1759178700000,-1.3171999569280946,1.4159292035398205,0.3000215842866302,12,false,1.8576815794707564,20,1,4,55.00000000000001,-1.8824180031480093,7.505355048892823,0.7,0,false
HYPEUSDT,1759197600000,1759204800000,-3.3889022626461873,0.8588498879760976,0.8127224003866023,1,false,1.8240664291769533,2,2,4,52,-1.1415425065731832,5.844665829630691,0.65,1,true
SOLUSDT,1759197600000,1759212000000,-0.24688074409092398,0.5479969765684035,0.5857898715041615,1,false,1.0465615098023089,2,2,0,61,-0.35516408580764314,17.308471007450596,0.8,0,true
HYPEUSDT,1759210200000,1759216500000,-4.426698621034666,0.6806503992704082,0.18684520764286583,6,false,1.7637739055306856,5,2,7,38,-0.7595948827292083,4.704423863374573,0.65,1,false
HYPEUSDT,1759226400000,1759228200000,-5.09712523013689,0.6293940408436638,0.25443588885168444,4,false,1.755554663455313,10,2,12,40,-1.3007698433766943,4.365037611964746,0.65,0,false
HYPEUSDT,1759253400000,1759255200000,-5.260519332722691,0.639730639730648,0.6576879910213228,9,false,1.8706475990015852,17,2,19,65,-1.1203041144901558,3.74752354462497,0.6,0,false
HYPEUSDT,1759260600000,1759262400000,-3.076748131327877,0.9160305343511483,0.024338975550398906,3,false,2.2119101533603946,19,2,21,93,0.32471865130553285,5.370984468624602,0.55,0,false
HYPEUSDT,1759276800000,1759279500000,-2.3109250702708124,0.6370126304228427,0.3822075782537056,5,false,2.1343264751054694,0,3,26,92,-0.44614404079030323,6.007248764415126,0.55,0,true
SOLUSDT,1759284900000,1759290300000,0.08047135510154454,0.7954274827339785,0.04286734936889898,1,false,1.112719071510335,2,3,0,92,1.2358740081750526,18.57154319391394,0.8,0,false
HYPEUSDT,1759291200000,1759302000000,-2.7619954534200035,0.5886779090868814,0.1327844907714829,1,false,2.0861030318634644,4,3,30,90,-0.6782945736434105,5.3020847165050835,0.55,0,true
HYPEUSDT,1759309200000,1759311000000,1.2227758042143755,0.9343154509701664,1.4405840557981806,1,false,1.936128811459708,9,3,0,88,2.481400437636762,6.760643915923092,0.6,0,true
HYPEUSDT,1759365000000,1759366800000,1.9313225141057222,0.5351213012119548,0.14805727701515087,1,false,1.5440067616841318,0,4,15,20,1.9344541391785461,6.765160007614364,0.65,0,false
SOLUSDT,1759370400000,1759376700000,5.185151037487278,0.6049934534290502,0.29798185019639556,1,false,1.008647400221923,2,4,17,76,1.1516227411352367,12.11276871577562,0.8,0,true
HYPEUSDT,1759370400000,1759377600000,4.940538992663183,1.3143642726212303,0.8852691218130253,1,false,1.6907974599167783,2,4,17,64,3.0883444691907855,5.143934344275946,0.6,1,true
ETHUSDT,1759422600000,1759426200000,5.679922571045697,0.5420932092235199,0.32394203476374167,2,true,0.9239434558670286,16,4,32,97,1.0136689303982305,0.2015373376854754,0.6,0,true
SOLUSDT,1759422600000,1759427100000,6.41644591578453,0.7109737248840738,0.10156767498344808,2,false,1.1102652883372917,16,4,31,97,0.9557679484329876,13.908589092514898,0.8,1,true
HYPEUSDT,1759439700000,1759441500000,8.173640612295971,0.7762837396281027,0.15644493732301054,1,false,1.4998929782970694,21,4,36,36,0.34214742005022386,0.03861615541517464,0.6,0,false
HYPEUSDT,1759510800000,1759512600000,5.662053254904696,0.9248624795986139,0.71530758226038,5,false,1.7053419967814656,17,5,56,73,1.4014805800628791,0.7347854413078335,0.6,2,true
ETHUSDT,1759510800000,1759514400000,6.180559613751,0.6162001215042606,0.024478878066265742,5,false,0.9295518854520093,17,5,57,100,0.415986002874417,1.5056939524084232,0.65,0,false
SOLUSDT,1759510800000,1759514400000,7.550435031802039,1.0168031021111528,0.3619129685480411,5,false,1.1333272486264157,17,5,56,97,1.2977993836538084,11.135717363205504,0.8,1,false
BTCUSDT,1759513500000,1759520700000,5.74510100802429,0.5519881452210422,0.09343870914629127,8,false,0.6233610149402307,17,5,115,100,0.669030807189066,9.67740398937947,0.7,2,true
SOLUSDT,1759521600000,1759544100000,7.008177631044704,0.810049815897771,0.5501407840589172,6,false,1.2888995624179196,20,5,59,99,0.3315963998105085,11.737491877842745,0.8,1,false
XRPUSDT,1759517100000,1759544100000,4.334500155008037,0.5763593847775276,0.12185884135295637,1,false,0.9489321343716198,18,5,58,92,0.1182848693937916,0.7127356717429909,0.4,1,false
HYPEUSDT,1759649400000,1759651200000,5.575216706160622,0.544636514326315,0.4676770068671457,1,false,1.2795144792315147,7,0,94,19,0.8336296471889634,0.39170415976004963,0.6,0,true
HYPEUSDT,1759766400000,1759768200000,1.297541313297642,0.5186892804215429,0.14613864646796879,2,false,1.2747797033364439,16,1,14,22,0.5343636961525773,2.3382183434875587,0.6,1,false
SOLUSDT,1759766400000,1759771800000,5.083778283302043,0.5459353407830765,0.3710654269384989,2,false,1.001837063258951,16,1,127,63,0.9788834743951407,8.291392988142954,0.8,0,true
ETHUSDT,1759872600000,1759880700000,1.125030921838459,0.6911898880655026,0.028929390034941847,5,false,1.0668150681650208,21,2,157,95,0.9354155222475142,0.4907632145764977,0.65,0,false
HYPEUSDT,1759896000000,1759907700000,-4.381654911517176,0.8281618739620614,0.2971768202080298,2,false,1.4375374878643843,4,3,28,55.00000000000001,-1.4662119599452552,4.612700245500566,0.55,0,false
HYPEUSDT,1759917600000,1759920300000,-2.9541509015957974,0.5035116153430667,0.0561858454889168,2,false,1.295274979726915,10,3,34,13,-0.6566341578936031,5.539988872493253,0.5,0,false
HYPEUSDT,1759924800000,1759932900000,-3.274764468295926,0.6188065255960756,0.4284045177203695,1,false,1.3292615364644758,12,3,36,20,-1.1176673270738184,5.423492688446617,0.5,0,false
HYPEUSDT,1759951800000,1759972500000,-1.0634268611195097,1.2898671629339544,0.07486791161309053,1,false,1.427569498730699,19,3,43,78,-0.030060980846866998,6.355216154356236,0.45,0,true
HYPEUSDT,1759983300000,1759990500000,-4.102514012837142,0.7983339118361725,0.4837729954876757,12,false,1.4401059849752509,4,4,52,56.99999999999999,-1.843546509120697,5.221585813371616,0.45,0,true
SOLUSDT,1760008500000,1760013900000,-1.2949810813521025,0.5129348795718134,0.3122212310437059,12,false,1.1762310547385402,11,4,3,92,-0.8445195128455762,15.051739518287235,0.8,0,false
SOLUSDT,1760021100000,1760029200000,-1.8716810008011497,0.8357426816046234,0.15359595229490577,1,false,1.2798263367962592,14,4,1,100,-1.2114980553444534,25.87141641035752,0.75,0,true
BTCUSDT,1760030100000,1760044500000,-1.079195067622038,0.5928912783751542,0.1746482145227665,1,false,0.7474509896010115,17,4,0,100,-1.176127872134465,1.0065192320456635,0.75,0,false
HYPEUSDT,1760052600000,1760067900000,-5.412983847695732,0.7561351082133551,0.04980530652901944,1,false,1.523252661860432,23,4,71,81,-0.9677709758732438,1.0703587127019492,0.45,0,false
HYPEUSDT,1760081400000,1760086800000,-5.569775823952069,0.9835691465084376,0.13007759014149284,1,false,1.3334676385909296,7,5,79,5,-0.8498454826395253,0.1486143473700087,0.45,0,false
HYPEUSDT,1760107500000,1760109300000,-4.510126479451351,0.9559591827660561,0.02223160890154758,1,false,1.3539568480422461,14,5,87,21,-0.7386867790594464,2.725868271086768,0.4,0,true
XRPUSDT,1760111100000,1760112900000,-5.381705736993621,0.784483068840182,0.8384612616503048,1,false,0.9403241940809767,15,5,74,99,-2.3872961739315834,5.097085095803076,0.35,0,true
HYPEUSDT,1760116500000,1760119200000,-7.867343622834952,1.0822757410740602,1.2964524140445273,7,true,1.726505162326756,17,5,89,100,-3.6264813329769225,1.5386200328933257,0.45,0,true
ETHUSDT,1760161500000,1760168700000,-13.084025010310334,0.7367867473047589,0.4433342098343447,1,false,2.5942291917144784,5,6,51,92,-0.7058680885946095,24.942234325133985,0.65,0,true
SOLUSDT,1760161500000,1760168700000,-17.286951673546145,0.7916282600444502,1.5886786314590937,1,false,4.039065046258325,5,6,40,92,-2.071583514099779,10.323530731951243,0.75,1,true
HYPEUSDT,1760170500000,1760174100000,-13.746535780305754,1.2801052418538763,0.8171422788909138,1,false,5.692156470975282,8,6,104,90,-0.8079221963326984,5.285981350772511,0.5,0,false
SOLUSDT,1760177700000,1760187600000,-15.728200572998066,1.0421166306695502,0.053995680345569286,1,false,3.5175576954835317,10,6,44,88,-1.3138842709282934,10.696375663573251,0.75,0,true
HYPEUSDT,1760183100000,1760187600000,-11.6449902990059,1.0920904660752158,0.3823566162688959,2,false,4.846979262961096,11,6,108,86,-2.3259816576922083,4.004605043941913,0.5,1,true
XRPUSDT,1760194800000,1760199300000,-12.485791495282596,0.7707598069043904,0.15415196138087808,9,false,3.571485087997978,15,6,97,83,-0.6018013651601581,1.8045091292627446,0.4,0,false
ETHUSDT,1760202000000,1760210100000,-11.233055242238645,0.5109201004591796,0.039985051340276585,1,false,1.8096101408264131,17,6,62,81,-0.3194177754291614,24.500499014602255,0.65,0,true
HYPEUSDT,1760202000000,1760211000000,-15.722881188524862,1.2898310872934555,0.0052538944492669356,2,false,4.414928355661517,17,6,113,81,0.8069225460529863,9.326825618865046,0.55,1,true
SOLUSDT,1760238000000,1760240700000,-17.780582221315704,0.57591327423634,0.24843317712157764,11,false,2.3819190475508463,3,0,61,71,-1.1132977228001069,6.757214144640446,0.75,0,false
HYPEUSDT,1760255100000,1760258700000,-13.792690734536063,0.8383327657121906,0.29603625789211585,2,false,3.3454318084951127,7,0,128,66,-1.772178097430976,10.299589437408073,0.55,0,true
HYPEUSDT,1760263200000,1760265000000,-15.019694490305435,0.8190835837566147,0.9600297848576023,5,false,3.267291065874122,10,0,130,64,-1.4957774071426808,11.9656843447412,0.55,0,true
SOLUSDT,1760295600000,1760297400000,-7.028343431851612,0.6287687471009632,0.1700767922486278,2,false,1.9740646187456463,19,0,77,63,-0.7952388281770986,15.438397118283035,0.75,0,false
XRPUSDT,1760295600000,1760297400000,-7.36756774593008,0.6259656907412559,0.47145517214055704,1,false,1.9834960492235827,19,0,125,61,-0.6332119677061901,1.2199468415418646,0.4,1,false
SOLUSDT,1760322600000,1760327100000,-3.896088107129271,0.803801627824682,0.5156463272837624,1,false,1.8319060814084833,2,1,84,53,-0.5814541409647112,16.97186677873882,0.7,0,true
HYPEUSDT,1760323500000,1760328900000,-7.550210060853892,1.1343058350100617,0.20372233400401402,1,false,2.599089884879763,2,1,147,47,-1.393954534099425,5.431664573073883,0.55,1,true
HYPEUSDT,1760330700000,1760335200000,-9.270747170513852,0.8589743589743613,0.2743589743589726,2,false,2.544588914039391,4,1,149,45,-1.20721271393644,7.486230344241471,0.6,0,true
XRPUSDT,1760336100000,1760337900000,-5.426404068753855,0.565302144249511,0.06627680311890974,4,true,1.666974387175759,6,1,136,43,-0.15211794991809957,0.030951775574172877,0.4,0,false
ETHUSDT,1760355900000,1760363100000,-2.627056076674367,1.0145456314458074,0.5399883245767615,1,false,1.4065732550127088,11,1,9,47,-2.5600744047977706,8.743867264247474,0.65,0,false
SOLUSDT,1760362200000,1760364000000,-6.964991994820805,0.5089058524173028,0.09669211195928637,13,false,1.7733537410115452,13,1,95,42,-0.5281064337581987,16.40162373068592,0.7,0,true
BTCUSDT,1760371200000,1760383800000,-2.3548430234650994,0.5348147877159837,0.053916995699713456,6,false,0.7913151680616382,16,1,73,40,-0.5634351966844953,7.127662126917403,0.7,0,false
HYPEUSDT,1760398200000,1760400000000,1.18550839408598,0.8119335347432052,0.3611216012084561,11,false,2.4043828655498434,23,1,2,31,1.2065395873491775,1.1132852915614235,0.6,0,false
HYPEUSDT,1760409000000,1760415300000,-1.248423116159581,0.9805788271134782,0.4331683168316714,1,true,2.4876646634914468,2,2,0,30,-1.5438164468543414,0.28483604419445,0.6,0,true
SOLUSDT,1760418000000,1760420700000,-1.8614199173130281,0.6676812803770502,0.29947469193381376,1,false,1.5829912732393425,5,2,1,25,-1.2644684369224757,19.34183917296126,0.7,0,true
XRPUSDT,1760421600000,1760423400000,-6.274661420607368,0.6064209274672956,0.6302021403091655,1,false,1.455162694998106,6,2,160,23,-0.9266225794955089,1.6664430728140132,0.35,1,true
ETHUSDT,1760421600000,1760424300000,-2.852520605694068,0.6024920596139716,0.4832641094551723,1,false,1.3293394182409723,6,2,3,30,-0.9597481667663083,8.161713284416898,0.6,0,true
HYPEUSDT,1760422500000,1760424300000,-6.099982262449913,1.2721197871550447,0.4232149486449681,2,false,2.532968084096003,6,2,4,24,-0.9991365486616358,3.6909374772212766,0.6,2,true
ETHUSDT,1760425200000,1760427900000,-4.408087221837446,0.7273716894073428,0.6667573819567243,1,false,1.479777792796982,7,2,4,42,-1.8616014590000292,12.15858436571184,0.65,0,true
HYPEUSDT,1760428800000,1760437800000,-8.787519605084535,1.1933786731682183,0.19504683690491598,1,false,2.7318297576560484,8,2,6,31,-0.7021216840707702,7.522964936920966,0.6,0,true
ETHUSDT,1760438700000,1760449500000,-5.6744323131183005,0.6910876228354531,0.42223305950934137,1,false,1.5531784592962081,10,2,8,48,-1.9513049570853043,10.284796344434284,0.65,0,true
SOLUSDT,1760473800000,1760475600000,-3.0616318267823144,0.5133520904289413,1.2142751369761626,3,false,2.2396633987191614,20,2,16,74,-1.782699374317213,18.43030560457794,0.7,2,true
HYPEUSDT,1760479200000,1760482800000,-6.105040221197173,0.5405405405405491,0.4575738529226777,9,false,2.5021558204613394,22,2,20,5,-1.9929542023150517,5.281184866509063,0.65,2,true
HYPEUSDT,1760492700000,1760494500000,-6.957741832254117,0.5712236481467224,0.2561541023079521,2,false,2.253326648701556,1,3,24,1,-0.8066374740723793,7.266044931104733,0.7,2,false
XRPUSDT,1760472000000,1760495400000,-6.16413330359984,0.760913095714863,0.44052863436122053,1,false,1.736085363618127,20,2,174,34,-1.3795033787836368,0.20926180415532963,0.35,0,false
ETHUSDT,1760473800000,1760499900000,-1.5638150195360907,0.519986133703119,0.10133063118315346,3,false,1.7652686681188103,20,2,17,82,-1.5441240737683513,15.485997814469075,0.7,1,true
HYPEUSDT,1760504400000,1760510700000,-6.84287675753636,0.7596296485753854,0.048595836104144335,5,false,2.1210190742300794,5,3,27,1,-0.9029116364005138,7.0811542122693485,0.7,0,false
SOLUSDT,1760524200000,1760527800000,0.6859922191362101,0.5383975331603907,0.014683569086193105,10,false,1.635439456989341,10,3,3,15,0.01955798943868181,19.560148929459086,0.7,1,false
HYPEUSDT,1760525100000,1760528700000,-3.4447832405129617,0.8185202534454298,0.4363797736742181,1,false,2.0267063068162225,10,3,33,2,-1.1320477322290639,3.1978800841237534,0.7,2,false
BTCUSDT,1760515200000,1760531400000,-2.7161791385643177,0.5695417367304051,0.099970867656807,20,false,0.7354927827281166,8,3,113,18,-0.12169997325081419,2.812905698003803,0.65,0,true
SOLUSDT,1760600700000,1760607900000,-4.9599253724910355,0.7274040445728418,0.38175815105241906,1,false,1.5330715436858227,7,4,21,5,-0.8853657281103612,15.18745102270603,0.65,0,true
HYPEUSDT,1760600700000,1760607900000,-8.34867948510099,0.6664198445020427,0.16924948431797762,1,false,1.9331462826008061,7,4,54,1,-0.8064942619916434,10.599384025146344,0.65,1,true
XRPUSDT,1760615100000,1760616900000,-5.044585980001619,0.5280176824526273,0.12688797020178794,1,false,1.2534774516963172,11,4,214,13,-0.31922730621265566,5.012973095712693,0.3,0,false
BTCUSDT,1760625000000,1760629500000,-3.245680143904618,0.7133106110603827,0.18524378226396487,1,false,0.7762704131560059,14,4,143,43,-0.8453308321166358,0.77090280226295,0.65,0,true
SOLUSDT,1760625000000,1760629500000,-3.317913173744121,1.4611638041527784,0.23071007433992158,1,false,1.6394996503730854,14,4,27,17,-1.4341656919086576,15.706223249074514,0.65,2,true
XRPUSDT,1760625000000,1760629500000,-5.495515828476007,0.9962127449366047,0.041165815906466736,1,false,1.219945213794396,14,4,216,9,-1.0713117435394266,4.469452729349447,0.3,3,true
ETHUSDT,1760625000000,1760631300000,-2.5613181004179735,1.4410100565807589,0.05947977687586493,1,false,1.2644251682384862,14,4,28,13,-1.4409713635689199,10.46589316700385,0.75,1,true
HYPEUSDT,1760639400000,1760641200000,-7.732015531402671,1.0625517259791124,0.0026697279547151917,1,false,2.353534812791243,18,4,64,38,-2.4194181875310923,11.618305344015267,0.65,1,false
HYPEUSDT,1760679000000,1760681700000,-8.419879122439271,0.7177805258347304,0.3951825366955171,2,false,2.2210532482259184,5,5,75,23,-0.7295354575689263,12.318196318798568,0.65,2,true
SOLUSDT,1760680800000,1760682600000,-7.246652161583257,0.5638492106111113,0.042959939856090916,1,false,1.6555926870865032,6,5,43,9,-0.5454837157067277,11.695145725133955,0.65,3,true
XRPUSDT,1760666400000,1760683500000,-7.724280785252388,0.9076642490562968,0.09755269966492637,1,false,1.6072182500534955,2,5,228,56.00000000000001,0.3593429158110867,4.1376690456146274,0.35,1,true
BTCUSDT,1760631300000,1760687100000,-5.189564608369573,1.221166518696611,0.040622834444484654,1,false,0.9491709964458602,16,4,145,97,-1.8643902191888915,5.93333281709736,0.7,0,true
HYPEUSDT,1760744700000,1760746500000,-10.194060295283867,0.517343736748367,0.0904644785570816,2,false,2.6605147148676194,23,5,94,56.99999999999999,-1.5552753257671281,8.182487502750199,0.7,0,false
HYPEUSDT,1760778900000,1760793300000,-8.117089990392017,0.7283502727851731,0.3018638012683867,1,false,2.2157783891538454,9,6,103,16,0.9917959091930815,9.37356337755133,0.65,0,true
HYPEUSDT,1760805900000,1760809500000,-9.414872774052908,0.6660833733171636,0.6632609861420774,1,false,1.965627925375028,16,6,111,2,-1.0488723918789653,7.025253724305909,0.65,0,false
HYPEUSDT,1760825700000,1760831100000,-6.2882497103369515,0.6210160588734274,0.3556479632314597,5,false,1.9197506683486847,22,6,116,3,-0.2064864269588757,9.879127970505367,0.65,0,false
XRPUSDT,1760880600000,1760882400000,-3.463547955692714,0.5494966442953066,0.1048657718120783,8,false,1.054139952386091,13,0,287,16,-0.2517940324814211,2.41600600174371,0.4,0,false
HYPEUSDT,1760931900000,1760933700000,-0.17848765220481877,0.5164554293694447,0.20025822771468607,19,false,1.780972051125584,3,1,146,30,-0.24503991779306913,9.730664579156592,0.6,0,false
ETHUSDT,1760933700000,1760936400000,0.8406667515733223,0.8191785633640173,0.9456306295004655,1,false,1.081085266511218,4,1,0,46,1.790617588608015,8.711919703102584,0.75,0,true
HYPEUSDT,1760979600000,1760981400000,-0.26574263775088947,0.6529316892981575,0.04942510795483677,1,false,1.8151264260681244,17,1,0,45,-2.0489587891580205,8.270198649948172,0.55,1,true
SOLUSDT,1760979600000,1760982300000,-2.7884189168921663,0.5998832085788584,0.2548176461220036,1,false,1.1215858636463591,17,1,6,35,-1.6596638655462168,8.785487683343238,0.65,0,true
HYPEUSDT,1760997600000,1761005700000,-1.8090406125369531,0.6938807572464731,0.9059726113482328,2,false,1.9369564741862761,22,1,5,56.00000000000001,-0.929781828658225,9.003787184510426,0.55,0,true
XRPUSDT,1761053400000,1761056100000,-1.0744204854980641,0.5190739062371239,0.05355524429430991,2,false,0.9645810031921056,13,2,10,31,-0.11952848075180722,4.111561420291967,0.35,0,false
SOLUSDT,1761065100000,1761066900000,0.4573663624377281,1.0057987376199558,0.2257915533432533,4,false,1.4575638179181594,16,2,2,84,2.081602990033233,15.519209501073137,0.7,0,false
XRPUSDT,1761066900000,1761068700000,1.4579960175348619,0.587755102040824,0.9428571428571387,9,false,1.2251116738463816,17,2,2,81,1.7482803799541418,5.20164106879861,0.3,0,true
HYPEUSDT,1761144300000,1761147900000,-3.9031390144319578,1.147031050380483,0.04999166805532601,1,false,1.9697754517800092,14,3,46,77,-0.8071450364740711,8.51001957190143,0.55,1,false
SOLUSDT,1761144300000,1761156900000,-2.8123054881266283,1.1330369727854295,0.2873251653475014,1,false,1.4104513691890705,14,3,18,88,-1.5434430652995217,10.732622132167123,0.65,0,true
HYPEUSDT,1761173100000,1761176700000,-6.35709868960967,1.1340987564214229,0.5333632765348166,7,false,2.1992543709401966,22,3,54,89,-1.6190157721674276,7.526366805319111,0.5,0,false
HYPEUSDT,1761190200000,1761192900000,2.574121420532429,0.6316234572795191,0.07135495124078603,3,false,2.255286814277136,3,4,1,100,0.8994946956268774,9.683057190142803,0.45,0,false
SOLUSDT,1761242400000,1761250500000,1.5506803905666935,0.6795964242772665,0.5175388154111605,1,false,1.2388277334886353,18,4,4,68,0.45864387345598345,9.855957209824636,0.65,0,false
HYPEUSDT,1761268500000,1761275700000,6.333946214752261,0.5527232345666578,0.38110140830852396,13,false,1.8758264566274714,1,5,19,61,1.5838604366455882,4.682660230083427,0.45,0,false
ETHUSDT,1761282000000,1761283800000,1.1294754466050154,0.6095476233000875,0.9550174776107936,1,false,0.9494502903599642,5,5,0,35,1.859655527930838,7.160732054922364,0.75,0,true
ETHUSDT,1761325200000,1761333300000,-1.0657585861200238,0.5571023512431797,0.14049113037781064,5,false,1.0757666459197097,17,5,2,62,0.04435340175208803,10.881306327130904,0.75,0,false
XRPUSDT,1761327900000,1761333300000,1.659904624219849,0.6222725068692452,0.10505899466622408,3,false,0.9694087276404787,17,5,12,47,-0.04839099927412968,5.893600081413231,0.35,1,true
HYPEUSDT,1761343200000,1761345900000,3.8911881481976986,0.6462035541195482,0.0025242326332736,1,false,1.48361914540179,22,5,40,1,0.6002279346587359,4.617749793483478,0.4,0,false
HYPEUSDT,1761389100000,1761393600000,5.775651874504056,0.6993352608298151,0.08154792794128858,1,false,1.2589122043584864,10,6,53,2,0.4537677601725801,2.3896881106069396,0.35,0,true
HYPEUSDT,1761399900000,1761401700000,7.390473275630267,0.6744669535367123,0.03867910844654605,1,false,1.312165708516981,13,6,56,7.000000000000001,0.028880866425993877,0.16447103350410777,0.35,0,false
HYPEUSDT,1761433200000,1761451200000,14.414527276479108,1.3352009579106727,0.04066601902266155,1,false,1.5242711349457874,23,6,65,38,1.6498855835240194,3.4367842431010183,0.3,0,false
HYPEUSDT,1761522300000,1761526800000,16.989864334277883,1.0973150801231095,0.3969011991934578,7,false,1.6786842692744854,23,0,90,71,1.1764202600958185,8.929724153419757,0.3,0,true
HYPEUSDT,1761544800000,1761548400000,18.990916146236767,0.6213389121338851,0.4707112970711327,8,false,1.7519219708316645,6,1,96,87,-0.0395002182906766,10.208520614703549,0.35,0,true
HYPEUSDT,1761588900000,1761597900000,13.501894707746043,0.7276171614319871,0.7147008804598058,8,false,1.9313729330043845,18,1,108,88,1.0889682778806014,7.5492430726251305,0.4,0,true
HYPEUSDT,1761604200000,1761606900000,15.779306346873993,0.8555234734253143,0.5539514490428837,7,false,2.080488427820726,22,1,112,100,0.9955350466790598,8.379478130681196,0.4,0,false
HYPEUSDT,1761619500000,1761626700000,12.173167727177121,1.215825024123513,0.12437010828776633,7,false,2.229432334707717,2,2,117,96,0.9028467752386696,8.114694932688753,0.4,0,true
HYPEUSDT,1761672600000,1761675300000,12.245895930436646,1.023028495692511,0.25886348575215373,1,false,1.9961167158875623,17,2,131,86,1.9760115546438268,11.183294377876845,0.4,0,false
XRPUSDT,1761688800000,1761701400000,1.7393963984625942,0.6033182503770761,0.2861894264609225,1,false,1.2390172754053306,22,2,112,100,0.38991622591977754,0.8952587732457709,0.4,0,true
HYPEUSDT,1761692400000,1761704100000,11.771726238171201,0.5776097458517089,0.4557865994538936,2,false,2.132590281545035,23,2,137,93,1.2313141748719054,9.890118448347854,0.4,1,true
SOLUSDT,1761752700000,1761754500000,0.756307640245568,0.5636806825106567,0.2640666260410371,18,false,1.1722114969396844,15,3,5,86,0.7591969835931973,12.552870155215775,0.65,0,false
HYPEUSDT,1761760800000,1761763500000,9.321980409254959,1.3800828472398465,0.6488291487023312,1,false,2.1194342618484128,18,3,156,91,1.1172002285182256,9.219283098933337,0.4,0,false
SOLUSDT,1761768900000,1761770700000,-1.3314488455487663,0.7641470466749224,0.020652622883116718,2,false,1.5643440435789235,20,3,1,100,-0.7550292185964771,14.787792898748405,0.65,0,false
HYPEUSDT,1761778800000,1761787800000,10.286771979780436,1.4651404786680555,0.9427679500520354,10,false,2.3682366189903665,23,3,161,98,1.210935874495445,10.60602703661039,0.4,0,false
HYPEUSDT,1761795900000,1761797700000,9.315939210752436,0.6354166666666661,0.24374999999999444,6,false,2.199848011133316,3,4,166,87,1.8333720120677646,10.48042129629625,0.4,0,false
HYPEUSDT,1761814800000,1761817500000,10.644049405819308,0.6521426073360903,0.28389804357217413,7,false,2.3881911162882097,9,4,171,98,1.0124433218078992,11.57528838084829,0.4,0,false
ETHUSDT,1761829200000,1761831900000,-4.523974490983958,0.8536458333333385,0.506510416666662,1,false,1.1711663612773024,13,4,28,83,-1.810275497999753,7.711578642787581,0.7,0,true
ETHUSDT,1761835500000,1761844500000,-4.846882696706283,0.6285356774831196,0.02129292759352972,4,false,1.2321362905125552,14,4,30,88,-0.9204174376123632,6.840145840335719,0.7,0,true
HYPEUSDT,1761876000000,1761877800000,2.706604363155009,0.6724051076505139,0.09199027531375603,4,false,2.596382828364694,2,5,3,86,1.0992400044057609,5.822939847159628,0.35,0,false
HYPEUSDT,1761885000000,1761895800000,0.4856211943036706,1.7436830312576288,0.9738891230561042,1,false,2.602589511646228,4,5,5,80,2.2726255983536845,4.595252048726384,0.3,0,false
HYPEUSDT,1761902100000,1761910200000,0.02638981815384307,1.0183161736544444,0.35145425462409896,1,false,2.4083915864881735,9,5,0,61,2.4112111011884254,3.0975007664365886,0.3,0,false
HYPEUSDT,1761930000000,1761931800000,-3.6301065701762982,0.6472640470069859,0.7872750642673441,1,false,2.5554246231892828,17,5,1,65,-2.028761614830635,1.2660163927147938,0.3,0,true
HYPEUSDT,1761957900000,1761959700000,-0.9232889293315095,0.5108673341391581,0.036490523867079246,4,false,2.215868089443647,0,6,9,28.000000000000004,-0.2936222515591519,1.883668249923205,0.35,0,false
HYPEUSDT,1762045200000,1762047000000,-3.997168545450241,0.5740981777612493,0.797229453328383,2,true,1.6450841808001302,1,0,33,2,-1.6764420634554085,0.020736158106302503,0.35,0,true
HYPEUSDT,1762083900000,1762085700000,-2.9588186705926263,0.5068271233510789,0.647998148576721,8,true,1.7217594849084699,11,0,44,16,-0.3252485828454453,0.44683666975233816,0.4,0,true
HYPEUSDT,1762112700000,1762119900000,-5.358282918894527,0.7842193889824404,0.04811161895598539,1,false,1.750806552115576,19,0,52,14.000000000000002,-1.2128316149558596,0.2749489927743627,0.4,0,false
HYPEUSDT,1762132500000,1762134300000,-4.631771655162461,0.5207716889572872,0.14202864244288121,1,false,1.6422681263293664,1,1,57,13,-1.7984430688426256,1.3696668025582441,0.4,0,false
HYPEUSDT,1762176600000,1762183800000,-5.426368092806258,1.0529105628373283,0.10842328450268553,3,false,1.9802647513111276,13,1,69,47,-0.2125552522885944,0.41511578443626534,0.4,0,true
SOLUSDT,1762190100000,1762191900000,-10.362523320312732,0.9889104835943694,2.9267177317937607,7,true,1.7361491798097282,17,1,103,91,-4.295248417089727,5.543224044528361,0.6,1,true
HYPEUSDT,1762191900000,1762200900000,-5.490622736349997,1.6592167913711005,2.711106792342823,9,false,2.601792213826571,17,1,74,73,-3.4068330506421267,1.2254350242797358,0.4,1,true
ETHUSDT,1762201800000,1762203600000,-6.438688706793197,0.5615778213978487,0.37548796894643766,1,false,1.3205548445782516,20,1,131,94,-0.4135197208603865,2.216674753534359,0.7,1,true
BTCUSDT,1762187400000,1762205400000,-4.178269421551498,0.5948210652070178,0.832265669994799,4,false,0.7716294131261466,16,1,27,65,-1.5301351092568527,2.0739417403701657,0.7,0,true
HYPEUSDT,1762216200000,1762223400000,-7.076383408386711,1.167901544643987,0.08539495165138496,1,false,2.542440448780518,0,2,80,66,-0.5488721804511308,4.640006942865948,0.4,0,false
HYPEUSDT,1762260300000,1762262100000,-11.26202155798877,0.7507152794183305,0.6404703782450055,2,false,2.721581755233183,12,2,93,75,-0.7845709787457347,9.314516242348187,0.35,0,true
BTCUSDT,1762293600000,1762295400000,-7.841966277468856,0.5304854987359914,0.1203296375181581,3,false,1.1984482770144849,22,2,57,100,-0.23912018102680213,1.61943559939677,0.7,0,false
BTCUSDT,1762307100000,1762308900000,-7.168584857152721,0.5456477014615264,0.2196068482453312,4,false,1.2810140340018161,1,3,61,100,-1.0863447422038237,1.1800348785499253,0.7,0,false
XRPUSDT,1762307100000,1762308900000,-11.069471543857986,1.3930301900857267,0.6522549385016675,1,false,2.51096479250629,1,3,60,99,-2.2719911156355423,16.00820394360048,0.45,2,false
ETHUSDT,1762307100000,1762310700000,-13.968587637924449,1.1669200327426952,0.04031290197502279,4,false,2.382623245989904,1,3,161,99,-1.7520576632737663,11.464231825589648,0.75,1,false
HYPEUSDT,1762333200000,1762342200000,-4.764591429996572,1.0103517612888724,0.07199066603779129,3,false,2.9899165110278725,9,3,113,87,-0.40099009900989857,2.5000031556399698,0.4,0,false
SOLUSDT,1762360200000,1762362000000,-9.428932315758315,0.6083030227016172,0.1191521384673258,1,false,1.8498498944270085,16,3,150,69,0.1638517771615773,0.5112019786163948,0.65,0,false
HYPEUSDT,1762377300000,1762389900000,-2.2961259077093272,0.6379122870605363,0.432523861302392,3,false,2.3477490387061004,21,3,3,47,-1.492859196779444,0.5307228214078655,0.35,0,true
HYPEUSDT,1762434900000,1762436700000,-5.313048034863701,0.7548956101450107,0.5879714983307517,3,false,1.9225671139869276,13,4,19,21,-1.2952532195230848,3.629764783532627,0.4,1,false
ETHUSDT,1762434900000,1762440300000,-8.389138755993516,0.5108307939432648,0.16683202229939087,3,false,1.2363009959390683,13,4,196,34,-0.7723109603429354,4.692923612189393,0.7,0,true
HYPEUSDT,1762444800000,1762446600000,-6.49655525818704,1.6462480857580477,0.3266972945380299,1,false,2.157907968272454,16,4,22,41,-1.867214653575879,6.1636421358201225,0.35,2,true
ETHUSDT,1762444800000,1762447500000,-9.468020644354112,0.9298140371925615,0.7522495500899797,1,false,1.4641547501639585,16,4,199,49,-0.8780074459358291,6.34590366586235,0.7,0,true
SOLUSDT,1762444800000,1762447500000,-10.175737917752617,1.0618681248807704,0.6485661601068291,1,false,1.5200514358728843,16,4,174,43,-1.3948769972102388,1.9093099533570128,0.6,1,true
XRPUSDT,1762444800000,1762447500000,-6.732881042310007,0.7858633396972006,0.5461084225014321,1,false,1.5186363769874096,16,4,98,36,-1.27569099929128,10.490331749523273,0.45,3,true
SOLUSDT,1762462800000,1762471800000,-10.095197362937324,0.7807999999999993,0.4415999999999985,1,false,1.6144971240084107,21,4,179,43,-1.2117346938775546,2.572691794409384,0.6,1,true
HYPEUSDT,1762451100000,1762477200000,-6.498931034043307,1.3929088277858215,1.049204052098405,5,false,2.32196900225778,17,4,24,45,-1.8432822315865511,7.491510721558627,0.4,0,false
XRPUSDT,1762463700000,1762477200000,-8.034529798917038,0.6881253112408938,0.38027977726470025,2,false,1.5881047277453448,21,4,103,41,-0.9184689168400941,12.649595292701255,0.45,2,false
HYPEUSDT,1762480800000,1762482600000,-6.051644813485694,0.843817121816522,0.5548736831338825,1,false,2.2584993388161214,2,5,32,39,-2.3714612161990543,6.336225279080641,0.4,0,true
SOLUSDT,1762509600000,1762514100000,-9.416444297933108,0.9307400988510285,0.32094486167276465,2,false,1.4543535424694223,10,5,192,21,-1.3747454175152727,2.872082076299303,0.6,0,true
SOLUSDT,1762515000000,1762526700000,-9.604618604657377,1.0943912448700455,0.31919744642041603,1,false,1.4546767441620343,11,5,193,20,-1.5546055188495955,4.3999848001216115,0.65,0,true
XRPUSDT,1762519500000,1762526700000,-8.145018193892545,0.6505703944655595,0.5635222430934256,1,false,1.3208664325335269,12,5,119,13,-0.5823016964695166,13.97636992153638,0.4,1,false
XRPUSDT,1762549200000,1762553700000,0.41148101956977773,0.7403625223385184,0.2425325504212424,1,false,1.645835556649971,21,5,0,63,0.6207219080821276,6.2248181293369695,0.4,0,false
XRPUSDT,1762558200000,1762582500000,-1.0265363319678165,0.5677419354838658,0.12043010752688754,1,false,1.60381143924739,23,5,1,49,-0.8078994614003555,7.37615809357752,0.4,0,true
HYPEUSDT,1762601400000,1762603200000,0.3689060239364398,0.5239920430837928,0.16981223618456232,2,false,1.8842371478338227,11,6,0,9,1.3457962219829624,0.8219694085211174,0.45,0,false
HYPEUSDT,1762604100000,1762611300000,-1.036007384309739,1.0872730802834687,0.14561693039511278,1,false,1.9436487528893227,12,6,0,12,-1.8649363133861963,0.8660135656260938,0.45,0,true
HYPEUSDT,1762638300000,1762640100000,-2.276713818893454,0.5309212466817449,1.1847409300953677,9,false,1.8230287170952553,21,6,8,1,-1.6985346456886188,2.1451461939166303,0.5,0,true
SOLUSDT,1762660800000,1762668000000,-6.490631235179782,0.5025125628140652,0.45798613319763304,5,true,1.0269275321640756,4,0,234,4,-1.2081725599342124,0.28112833169800283,0.7,0,false
SOLUSDT,1762686000000,1762691400000,-4.645587931978637,0.6234256926952019,0.012594458438293597,5,false,0.9565936243306818,11,0,241,1,-0.44553212851406115,1.2801006356060318,0.65,0,false
XRPUSDT,1762713900000,1762715700000,-0.17877213299080633,0.5653130798774484,0.02589220213178846,6,false,1.067916389907103,18,0,45,23,0.04752030412995079,7.121822889705998,0.45,0,false
HYPEUSDT,1762736400000,1762739100000,2.9714385160584467,0.7391211350619102,0.5109679872614574,1,false,1.7446127358077557,1,1,8,28.000000000000004,1.3010307799009804,1.269205893186646,0.55,1,false
XRPUSDT,1762736400000,1762744500000,3.543396229147138,1.0135276626041796,0.6701009339531773,1,false,1.2273370171587559,1,1,5,48,1.7379170366611754,4.1208931280057834,0.4,2,true
HYPEUSDT,1762744500000,1762748100000,3.8080945878643706,0.6415699594301313,0.5283517312953974,1,false,1.749153956554513,3,1,10,31,0.7721187221080924,1.2439356245127178,0.55,2,true
XRPUSDT,1762758900000,1762765200000,5.655576505003687,0.6822889168663415,0.25179710027211166,1,false,1.2765171236407749,7,1,11,60,0.6435058852278759,0.9663552458024739,0.45,2,true
XRPUSDT,1762768800000,1762770600000,8.281023308553246,0.7181328545780887,0.618392180331133,1,false,1.304391308504406,10,1,14,74,1.114139147162554,0.8141007294077679,0.5,2,true
ETHUSDT,1762736400000,1762785900000,3.2665641531849117,0.8183033658620479,0.46046901265457363,1,false,1.12497173998954,1,1,6,46,1.3316356305374306,1.6983863731579902,0.75,0,false
BTCUSDT,1762738200000,1762786800000,1.8511017250106898,0.7562538560241004,0.20931350469535714,3,false,0.7372904133446149,1,1,6,55.00000000000001,1.2661626091758222,2.4994078936389235,0.65,3,false
HYPEUSDT,1762797600000,1762803900000,1.0616118197947695,0.6238966943148082,0.4256039465093268,1,false,1.7416080612918592,18,1,0,40,1.319898506880072,0.45897833299558155,0.55,0,true
HYPEUSDT,1762806600000,1762811100000,1.083932596678975,0.688849692520383,0.1477809028936397,1,false,1.6527802214264316,20,1,2,28.999999999999996,1.5582541781892416,1.0225328926482753,0.6,0,false
ETHUSDT,1762825500000,1762829100000,1.3262477355083997,0.5589361171861664,0.1442144791336948,3,false,1.1153682452367162,1,2,8,62,0.462790365214765,0.7630316813144409,0.7,0,true
ETHUSDT,1762831800000,1762836300000,2.259965290380724,0.5505486002482812,0.3454149711365531,3,false,1.1806953115015468,3,2,9,78,1.367333713225841,1.3626883767421227,0.75,0,false
SOLUSDT,1762831800000,1762837200000,2.4544084192611217,0.8068343616516455,0.6407214048409967,3,false,1.4350675030026194,3,2,4,85,1.8649133293484614,2.5089240590975725,0.6,1,false
HYPEUSDT,1762875900000,1762892100000,-3.115732732807742,1.142871433215797,0.30009753169781317,1,false,1.6053453567394764,15,2,11,14.000000000000002,-1.0128476986403863,3.829992035914941,0.55,0,true
SOLUSDT,1762894800000,1762904700000,-5.295991100902463,0.5992986930188063,0.006375518010832582,1,false,1.319887737442841,21,2,15,50,-0.6285714285714343,2.176609561220402,0.55,0,true
HYPEUSDT,1762934400000,1762936200000,-3.918716178688554,0.5045127269039602,0.06591623567590343,1,false,1.364075416164282,8,3,27,2,-0.47614223482930396,5.225348324430986,0.55,0,false
HYPEUSDT,1762955100000,1762958700000,-1.752514714830939,0.870104115022308,0.07684680218147226,4,false,1.402710133991665,13,3,33,10,-0.6870813870146528,2.8881665669027208,0.55,0,true
SOLUSDT,1762975800000,1762979400000,-6.712174903177062,0.6004438062915987,0.2741156506983341,2,false,1.492895039897981,19,3,37,91,-0.3849667232154531,4.591311582211198,0.55,0,false
HYPEUSDT,1762975800000,1762980300000,-5.636104528129057,0.7854013841727294,0.35511547733222854,2,false,1.7768581480194854,19,3,38,55.00000000000001,-1.0019575520296615,7.5620077834019295,0.6,1,false
XRPUSDT,1762981200000,1762996500000,-1.456103636665843,1.1756308519125005,0.36528530041565727,20,false,1.224397120374116,21,3,5,59,-1.5099833610648827,4.369965128247156,0.55,0,false
HYPEUSDT,1762983000000,1762998300000,-5.176079782966192,0.7963800904977373,0.023270846800259447,2,false,1.769343420156999,21,3,40,55.00000000000001,-0.062169723344733474,7.295014822905324,0.55,1,false
ETHUSDT,1763024400000,1763040600000,0.36393654634660993,0.5625007174754023,0.6474498054206687,13,false,1.2740798629123558,9,4,3,89,0.8210072132579143,1.6799856443915195,0.75,1,false
HYPEUSDT,1763021700000,1763041500000,-3.1798773068393986,0.9482518191729297,0.23579523845745168,1,false,1.7302572391065463,8,4,51,57.99999999999999,-1.107578968614391,5.136678240808474,0.5,0,true
HYPEUSDT,1763049600000,1763055000000,-4.958709638814064,1.1410788381742678,0.39937759336100487,1,false,1.6622006039557702,16,4,59,41,-1.4492380560131857,7.523434251386821,0.55,0,true
XRPUSDT,1763056800000,1763058600000,-1.8213630833201957,0.5647826632640283,0.8952851106555606,1,false,1.7860081743389984,18,4,0,100,-1.5952351201632722,4.357531761919125,0.5,0,true
ETHUSDT,1763080200000,1763082000000,-7.318863532219121,0.6567689675124074,0.5167362213933093,2,false,1.7035830319894258,0,5,14,97,-0.22055689070387693,9.657432659840131,0.7,0,true
XRPUSDT,1763080200000,1763082000000,-3.048375260735877,0.5877305877305896,0.28743028743028437,2,false,1.8025686310119173,0,5,6,95,-0.18920662223177637,7.00403534476303,0.55,1,true
SOLUSDT,1763086500000,1763093700000,-10.407096522339756,0.5921233819884227,0.0550812448361419,9,false,1.786458859457264,2,5,68,94,0.01383125864454373,10.324109397896066,0.55,0,true
XRPUSDT,1763099100000,1763101800000,-3.2362270546193463,0.5176876617773948,0.0905953408110436,10,false,1.7838461806197388,5,5,12,91,-1.002441845521126,7.59625181282478,0.6,0,true
XRPUSDT,1763102700000,1763104500000,-2.9521065808970985,0.6047159140346309,0.10876185504219728,1,false,1.8147850734256146,6,5,13,95,-0.4644702001128589,8.494730531473897,0.6,0,false
SOLUSDT,1763116200000,1763120700000,-11.376554755639358,0.7035812284528249,0.06332231056075664,4,false,1.8960852505567942,10,5,76,95,-0.16890703075516159,12.725792355378035,0.55,1,true
XRPUSDT,1763116200000,1763120700000,-4.555770601816668,0.654221912072561,0.13084438241451996,4,false,1.7532519889558122,10,5,16,83,-0.16147333507898293,8.769185101031873,0.55,2,true
HYPEUSDT,1763110800000,1763122500000,-6.746964870005402,1.174680300077416,0.20823878046827815,3,false,1.8913219629967777,9,5,76,81,-1.45019751318965,10.633197687346756,0.55,0,true
SOLUSDT,1763124300000,1763127000000,-12.452607786005824,0.7870635374928612,0.47223812249570457,2,false,2.0110547356287425,12,5,79,99,-1.4819541941430925,14.637355949269324,0.55,0,true
SOLUSDT,1763143200000,1763145900000,-10.303331565644655,0.5519843487982058,0.4401900503074312,2,false,2.176986685328866,18,5,84,99,-0.48197820620284837,11.938387292448803,0.55,0,true
SOLUSDT,1763146800000,1763148600000,-10.286831140324198,0.8902706140040916,0.1554440754610322,1,false,2.136503770892916,19,5,85,96,-0.27593038064243297,13.195944247122682,0.55,1,false
HYPEUSDT,1763143200000,1763148600000,-7.192374489456567,1.286612277651469,0.13374348000534214,2,false,2.1557772560858877,18,5,85,100,-1.4608585190282104,10.85813266391851,0.6,1,false
ETHUSDT,1763147700000,1763150400000,-7.738226510998193,0.5999758149283876,0.28991079429356054,7,false,2.076591272682627,19,5,33,99,-0.6249478437444884,10.444627868385226,0.7,2,true
XRPUSDT,1763147700000,1763152200000,-3.649587673026211,0.7010559113726844,0.34187294443481897,2,false,1.9165002727777356,19,5,25,99,-0.536889504676133,7.558190777613152,0.6,1,true
XRPUSDT,1763154000000,1763155800000,-4.859258934712855,0.5996089506843475,0.9124484032152904,2,false,2.0050773708536354,21,5,27,100,-0.7974898679565948,7.992816532221804,0.65,1,true
HYPEUSDT,1763154000000,1763158500000,-5.582922551009484,0.6303133027887379,0.2807277735109554,2,false,2.126739983041096,21,5,88,100,-0.48232363385806476,9.733913159888248,0.55,0,false
HYPEUSDT,1763201700000,1763207100000,-1.4155902993416547,0.5270159639787043,0.3376995497339283,1,false,1.6513114327850849,10,6,101,44,-0.6836037139067459,5.938650169000929,0.55,0,true
XRPUSDT,1763212500000,1763223300000,-4.212637551436361,0.5676068112817413,0.18040216482596783,19,false,1.3276386627651684,13,6,43,41,-0.7197717796796124,9.291259041941817,0.65,0,true
XRPUSDT,1763319600000,1763322300000,-6.040457395323385,1.0782529572338413,0.2593266606005477,1,false,1.339841053627451,19,0,73,36,0.4276451924403405,12.95301153802032,0.65,3,false
BTCUSDT,1763319600000,1763327700000,-5.88061309389666,0.5636315650567371,0.5917128529955133,1,false,0.769527155405784,19,0,100,28.000000000000004,-0.20333305063184093,0.6014257955084245,0.6,0,true
HYPEUSDT,1763332200000,1763334000000,-3.5671059506300424,0.6939716126329036,0.14926936573613933,6,false,1.5338587986454226,22,0,10,26,-0.4996599173337585,8.322732161311825,0.55,2,false
ETHUSDT,1763319600000,1763334900000,-8.196774862460508,1.1314583636922848,0.6269328540664862,1,false,1.4381957626108166,19,0,81,37,-0.5958027418621172,6.416987541002285,0.75,1,true
XRPUSDT,1763333100000,1763334900000,-4.9988089799192394,0.6827018717786368,0.2622298580341915,7,false,1.4176912981615641,22,0,77,44,-0.7248660573589565,12.23508931244244,0.6,2,true
SOLUSDT,1763319600000,1763339400000,-10.09831033562508,1.1553085697572483,0.5849663644340326,1,false,1.4399523451297878,19,0,133,30,0.014734050390438933,14.190127139168107,0.55,2,false
BTCUSDT,1763388000000,1763390700000,-5.155969239306625,0.6101641079936505,0.40222339862360423,1,false,0.8112652022893266,14,1,119,37,-1.538043352777084,2.9268138552402534,0.6,0,false
ETHUSDT,1763388000000,1763390700000,-5.475777773984656,0.8132357620108159,0.631880369074137,1,false,1.3183724390053706,14,1,100,34,-1.9857478602938345,8.045121686387716,0.75,1,false
XRPUSDT,1763388900000,1763390700000,-4.445508720095296,0.6735959316590238,1.061694249899612,2,false,1.2534118813723596,14,1,92,31,-2.0575221238938046,10.706977676944883,0.65,2,false
SOLUSDT,1763389800000,1763391600000,-7.437211962123169,0.548589341692777,0.797948133371334,3,false,1.3165996254927763,14,1,152,30,-2.003810061384325,11.241831751730432,0.5,1,false
BTCUSDT,1763397000000,1763398800000,-5.064556978716754,0.530520933205497,0.3616703952274422,1,false,0.9562271533444333,16,1,121,56.00000000000001,-1.4250182572526213,8.279137169618096,0.55,0,false
ETHUSDT,1763397000000,1763398800000,-5.412578156595013,0.7987092087796915,0.506866970722566,1,false,1.5119646461253462,16,1,102,51,-2.3496267437396674,11.091648018211743,0.7,1,false
SOLUSDT,1763397000000,1763400600000,-7.912813074051682,0.8995831200175661,0.6801726029400852,1,false,1.672060659128664,16,1,154,60,-2.7025079273565873,17.10554185219065,0.5,2,true
SOLUSDT,1763402400000,1763404200000,-11.169154644025383,0.8518905993125204,1.0013450904199699,1,false,1.9261770126241986,18,1,156,67,-2.5405007363770373,19.652075455462768,0.55,1,true
XRPUSDT,1763397900000,1763404200000,-4.002226486975166,1.486199575371557,0.2213488729276633,3,false,1.677762415681771,16,1,95,62,-1.3139664804469218,12.494989087345868,0.6,1,true
SOLUSDT,1763426700000,1763428500000,-10.919871219325168,0.6128389765589178,0.23747510341657904,1,false,1.7564553013471471,0,2,163,59,-0.3369065849923413,22.64781372688557,0.6,1,false
HYPEUSDT,1763424900000,1763433000000,0.7125672387676388,1.2442159383033466,0.6889460154241663,1,false,1.8420870394133357,0,2,0,84,2.4642475709187472,6.256542627165142,0.55,0,true
HYPEUSDT,1763433900000,1763437500000,1.3605109392830466,1.1113949923352127,1.0475217169136346,1,false,2.0075080713956033,2,2,3,98,1.3532727365053423,5.6049950995586055,0.55,0,true
SOLUSDT,1763440200000,1763442000000,-8.476193919202526,0.7001862197392907,0.4245810055865871,1,false,1.8548418149585584,4,2,166,69,0.7488087134104686,19.248123544770877,0.55,1,false
ETHUSDT,1763441100000,1763448300000,-7.95043936697253,0.5510017004995115,0.31751514507386364,2,false,1.8027326549124687,4,2,115,74,1.021781590390057,4.132632210020908,0.65,2,true
HYPEUSDT,1763443800000,1763449200000,3.7508879138219107,2.105911330049271,0.5615763546798067,1,false,2.100617083094328,5,2,5,100,2.901334663839333,1.807377049180387,0.6,2,false
XRPUSDT,1763450100000,1763452800000,-6.51065582977053,0.6411745574501815,0.11615481113227463,2,false,1.7835245584380721,7,2,109,68,-0.7419429631347096,15.673293693933084,0.65,1,false
HYPEUSDT,1763452800000,1763454600000,2.90093690500281,0.9697333233360956,0.577341231161417,1,false,2.2591108543003844,8,2,8,100,1.330951542293555,3.3060785333214255,0.55,1,true
HYPEUSDT,1763460900000,1763465400000,5.429178440100787,0.566655268428507,0.19784084802892646,1,false,2.213431764664559,10,2,10,99,0.7883432588108962,0.9481466075157741,0.55,1,false
BTCUSDT,1763436600000,1763469900000,-7.517287364408805,1.1331554147309166,0.13426639467700172,1,false,1.0111361824170138,3,2,132,56.99999999999999,-1.4016238977692956,12.476166951966059,0.5,1,false
HYPEUSDT,1763488800000,1763499600000,-1.6649447058025089,0.7710358699295996,0.40743701487919043,2,false,2.4752941911870363,18,2,3,97,-1.5720770394686212,6.5629619650021604,0.55,0,false
SOLUSDT,1763503200000,1763505900000,-4.0129955154213,0.518576401221844,0.5469915464942887,1,false,1.5468119127530713,22,2,184,55.00000000000001,-0.7941572715025205,13.717589447668969,0.55,0,false
SOLUSDT,1763538300000,1763544600000,-3.118579685670006,0.7430472011888836,0.44582832071332207,17,false,1.527356481488207,7,3,194,56.99999999999999,-0.3400637619553795,13.262832085128387,0.5,0,true
HYPEUSDT,1763577900000,1763583300000,-3.5578261504546247,0.7246183765351479,0.08524922076883203,1,false,1.633111059754289,18,3,28,48,-1.1923056541783579,9.971294853851113,0.5,1,false
SOLUSDT,1763577900000,1763584200000,-8.838189958732661,0.760861294985924,0.015217225899726267,1,false,1.6355741468002938,18,3,205,62,-1.0065082488269899,21.77714982842191,0.5,0,false
HYPEUSDT,1763591400000,1763594100000,-1.7264110593522082,0.7605355003385987,0.1146012397770405,2,false,1.685811147897949,22,3,31,56.00000000000001,0.18831406601453057,7.495013875945207,0.45,0,false
ETHUSDT,1763617500000,1763621100000,-4.601194663666732,0.5518368847642446,0.23603255213890317,1,false,1.416532068308503,5,4,164,39,0.35694927354213263,5.097043896679639,0.65,0,true
HYPEUSDT,1763684100000,1763685900000,-3.531554688571877,0.949425347815788,0.3155984535675894,3,false,1.5745697067707236,0,5,10,32,-0.7164226106125104,8.498541415497238,0.45,0,false
HYPEUSDT,1763691300000,1763695800000,-2.437990960963069,0.7900884584088037,0.22573955954536712,1,false,1.6273840143615437,2,5,12,42,-1.3336799688028211,8.2678984831892,0.4,0,true
SOLUSDT,1763700300000,1763702100000,-6.738045478462669,0.5138668480314201,0.10579611577118926,1,false,1.817739362691334,4,5,20,86,-1.1839640314724498,20.908020854275936,0.45,1,false
HYPEUSDT,1763699400000,1763706600000,-5.151475698183386,1.0795746638166448,0.13257934467925697,2,false,1.7862690956115854,4,5,14,59,-1.9782498869951335,11.601561960931269,0.45,0,true
XRPUSDT,1763707500000,1763711100000,-10.317032470729155,0.7106598984771579,0.14720812182740622,1,false,1.675394030708751,6,5,181,64,-1.049815777519818,25.74510134535524,0.65,0,true
XRPUSDT,1763732700000,1763736300000,-11.269760091032857,1.1027698679782603,0.22262490292518614,17,false,2.3101394023344173,13,5,188,99,-0.589055960316234,28.27031718719077,0.7,0,false
HYPEUSDT,1763735400000,1763737200000,-13.524034851012773,1.8755456543336384,0.2589035734714108,1,false,3.0307099214572206,14,5,24,99,-0.08175624526873891,2.1878857211668805,0.45,1,false
BTCUSDT,1763743500000,1763745300000,-8.696209453059303,1.2647453426205062,0.19690218342379887,5,false,1.856791945488898,16,5,218,100,-1.5011547344110854,21.076994635720414,0.5,0,false
SOLUSDT,1763749800000,1763751600000,-7.999785828669204,1.1173184357541883,0.6052141527001872,1,false,2.4709536353016968,18,5,33,99,-2.0582793709528224,23.89364269459614,0.4,2,false
BTCUSDT,1763749800000,1763757000000,-8.660234627565014,0.7129826085109462,0.6941019038830666,1,false,1.8111864940696745,18,5,219,99,-1.7996099240396832,20.01756771794368,0.5,0,true
ETHUSDT,1763749800000,1763757000000,-9.686539204976768,0.87845622119816,1.0807891705069117,1,false,2.2807536736718084,18,5,200,99,-2.3068992181458907,1.672584593800832,0.65,1,true
XRPUSDT,1763749800000,1763757000000,-8.786125292755587,1.1422479439536992,0.979794903035846,1,false,2.402642261805741,18,5,192,100,-2.165156092648536,25.747851328484384,0.65,3,true
SOLUSDT,1763755200000,1763757900000,-8.633504970689904,0.933053417308132,0.35767047663479345,1,false,2.479376633723561,20,5,35,97,-1.0968638961841617,24.355990005979525,0.4,4,true
HYPEUSDT,1763750700000,1763761500000,-13.418427231685886,2.6859752433601685,0.25237351279893067,13,false,3.416004714666702,18,5,29,98,-2.1595520928992484,22.6581969886863,0.45,3,false
HYPEUSDT,1763767800000,1763775000000,-12.930568025246005,0.6353240152477654,0.47279926716114684,4,false,3.1681529254488674,23,5,33,93,-1.2955038396154526,4.1307426358104635,0.45,1,false
XRPUSDT,1763766900000,1763777700000,-11.462889756577152,0.5588310689566846,0.5126890540886957,3,false,2.426516712033981,23,5,197,96,-0.8585445625511114,26.966287967624307,0.7,0,false
HYPEUSDT,1763787600000,1763789400000,-11.208172295201383,0.5846053913608327,0.6643243083645854,3,false,2.6448896114398552,5,6,39,71,-0.8257638315441816,3.548352967807352,0.4,1,true
XRPUSDT,1763786700000,1763789400000,-9.671763756537528,0.5303537407960442,0.43252149734822937,2,false,2.0891828552053773,4,6,203,82,-1.1430035879036384,3.8008233084642713,0.65,0,true
SOLUSDT,1763802000000,1763810100000,-9.223051540007777,0.5909234163252443,0.5042546485975422,2,false,2.0485292918634608,9,6,48,75,-1.2364034744502796,25.987656752771326,0.45,0,true
HYPEUSDT,1763809200000,1763813700000,-12.445201184472332,0.7486566443277326,0.4316850812050978,2,false,2.5107910636388135,11,6,45,57.99999999999999,-0.7476410117271037,1.3204129686651083,0.4,0,true
HYPEUSDT,1763814600000,1763819100000,-12.25466094269166,0.7145897950495633,0.5503861825701042,1,false,2.438710393830272,12,6,46,56.99999999999999,-1.9510432661909591,0.6002554278416617,0.4,0,true
XRPUSDT,1763834400000,1763850600000,-8.818579863878458,0.5178932104200118,0.005178932104199543,1,false,1.6280569620987388,18,6,216,41,-0.6896196798929586,1.5866364719231338,0.65,0,false
SOLUSDT,1763840700000,1763852400000,-7.464324292609584,0.5181753945198999,0.06280913872968383,1,false,1.5677134868299136,19,6,59,11,-0.39166536111546296,25.530463349230963,0.5,1,false
XRPUSDT,1763876700000,1763883000000,-2.166784400303648,0.6092805615129525,0.06336517839735226,1,false,1.4640762635512063,5,0,228,42,-0.7898052136835063,7.3024306232533975,0.6,0,true
HYPEUSDT,1763889300000,1763901000000,-14.346553804907538,0.7717611336032382,0.6325910931174067,11,false,2.456056665350492,9,0,67,53,-0.292509220399346,0.848726383265849,0.45,0,false
HYPEUSDT,1763906400000,1763910000000,-13.283745014076137,1.3366618213992347,0.8026290842444584,4,false,2.2135805043041743,14,0,72,45,-1.1563789898225962,0.2275169057700789,0.45,0,true
SOLUSDT,1763919000000,1763923500000,-3.101426137845041,0.7356844899507008,0.03033750474022908,2,false,1.2974493866121006,17,0,80,10,-0.49112202493389173,18.233491390890656,0.45,2,false
BTCUSDT,1763918100000,1763926200000,-3.722492192680683,0.5744176411011944,0.11762268667709821,1,false,0.7734129974373329,17,0,266,8,-0.5768209101309254,1.6047373556168487,0.5,0,false
ETHUSDT,1763918100000,1763927100000,-5.587130926660739,0.5312500000000012,0.5007102272727241,1,false,1.0766420433318526,17,0,247,12,-1.1161597603030025,15.34799477226157,0.65,1,false
HYPEUSDT,1763926200000,1763929800000,-13.90370584454394,0.6598854052662134,0.15450975342817957,13,false,2.190460314370637,19,0,77,40,0.19803265915657547,1.5048606193265872,0.45,1,false
XRPUSDT,1763921700000,1763929800000,-2.3536559075547423,0.7413509060955455,0.39732532222114475,5,false,1.213636584678684,18,0,240,7.000000000000001,-0.6148632292423217,5.0222889814904335,0.65,3,false
HYPEUSDT,1763945100000,1763946900000,-10.407125054475049,0.6581806892269363,0.17696367587706352,6,false,2.2592600701386507,0,1,83,48,-2.0169460305765226,0.8677429369761016,0.45,0,true
ETHUSDT,1763960400000,1763962200000,-4.2138574330415715,0.6060924737967527,0.8108108108107988,2,false,1.2415169183069525,5,1,259,35,-1.528015959122259,1.3315018116699728,0.6,0,false
XRPUSDT,1763960400000,1763962200000,-1.6524121706418224,0.5058778184621292,0.02408941992677621,3,false,1.4358251302309697,5,1,251,43,-0.7366306323543307,8.374285347208842,0.6,1,false
XRPUSDT,1763978400000,1763990100000,-2.2717538958727244,0.7713204618220747,0.2862132531289423,2,false,1.4702999846319909,10,1,256,46,-1.181083305097051,7.743119562756695,0.55,0,false
HYPEUSDT,1763991000000,1763994600000,-13.055134103702274,0.6510292005744396,0.16275730014361556,6,false,2.3806272137669784,13,1,95,40,-1.4243754539999385,1.8133078027764624,0.45,0,false
XRPUSDT,1764040500000,1764054000000,7.007885559967775,0.5836229172235637,0.12474382963555605,1,false,1.4532475006233223,3,2,11,52,0.2539088600828562,10.264720353001891,0.5,0,false
HYPEUSDT,1764079200000,1764082800000,-6.251597070954945,1.175070198998895,0.549383469661823,1,false,2.7247398044683364,14,2,120,77,-0.9158627427036181,1.7875310299922726,0.4,0,true
XRPUSDT,1764086400000,1764099000000,3.332974889638695,0.808972237543679,0.32175032175030666,1,false,1.3628407974391565,16,2,24,48,0.6337834114080928,12.585800085800091,0.5,0,false
BTCUSDT,1764099900000,1764103500000,-2.36123165172878,0.6671894098383406,0.15382486566268555,1,false,0.8534843687466745,19,2,317,49,-1.3931665557712556,1.2917464432502113,0.45,0,false
XRPUSDT,1764107100000,1764110700000,3.0663078693525274,0.6157522286554682,0.3813987684955312,5,false,1.418391066248503,21,2,30,63,0.9660272706263064,12.609901050761268,0.45,0,true
HYPEUSDT,1764131400000,1764135000000,-1.342552310484969,0.8663984257981195,0.21439689858733119,3,false,2.142550082473401,4,3,134,24,-0.8713195520598866,4.048577050721006,0.45,0,false
HYPEUSDT,1764160200000,1764164700000,-1.937052140464668,0.7042253521126605,1.1231948653949013,1,true,1.8785448165585823,12,3,2,1,-1.9841504524217857,0.5953972781838743,0.4,0,false
XRPUSDT,1764174600000,1764178200000,1.9074750737631656,0.6124798526364306,0.6769514160718367,1,false,1.110402871065968,16,3,48,6,0.6255462030265321,9.732903522910407,0.45,1,true
SOLUSDT,1764174600000,1764179100000,0.5327968646548031,0.9203126141260617,0.35789934993792205,1,false,1.2038743311927238,16,3,2,28.999999999999996,0.16767514762704544,14.149275991418872,0.45,0,true
HYPEUSDT,1764245700000,1764261900000,0.719839984981877,0.5047591577733033,0.023074704355337657,2,false,1.5318132809748537,12,4,19,2,-0.8055531750792597,3.508436688779923,0.4,0,true
HYPEUSDT,1764314100000,1764321300000,0.595245620567015,0.6841801385681348,0.1587759815242486,13,false,1.4836506408719146,7,5,3,14.000000000000002,1.9709331227885472,3.4248700923787476,0.45,0,true
XRPUSDT,1764346500000,1764349200000,3.898134850168015,0.6909320809248496,0.4470736994219663,4,false,1.1680604511480353,16,5,96,55.00000000000001,-0.08085163724566527,11.48166546242772,0.45,0,false
HYPEUSDT,1764372600000,1764391500000,0.723988342459796,0.6913836314925301,0.700025926886187,2,false,1.6782178976086575,23,5,0,34,1.8025626092020959,3.6279635871287375,0.5,0,false
HYPEUSDT,1764424800000,1764428400000,3.4410212044777144,0.7763931474865573,0.2587977158288524,8,false,1.7125522218585685,14,6,6,49,0.8300160921487368,5.89432895440096,0.5,0,false
ETHUSDT,1764475200000,1764506700000,0.6749109485913973,0.5081644191235771,0.32483716324489365,1,false,0.6728327687595651,4,0,9,8,0.4210716423800797,2.91606310293648,0.6,0,true
HYPEUSDT,1764508500000,1764515700000,-4.367134642015136,0.8043691193493834,0.09794900715324939,12,false,1.469057563847531,13,0,19,7.000000000000001,-1.2546386287329974,0.0415541242468401,0.5,0,true
HYPEUSDT,1764574200000,1764597600000,-10.270746653191981,2.3892548107968437,0.03228722717293543,16,false,1.867205252463474,7,1,37,66,-1.9796631712742219,3.0290800292737554,0.5,0,true
SOLUSDT,1764597600000,1764602100000,-7.184703678106227,0.5672417868116275,0.22059402820452303,1,false,1.0460656792679064,14,1,14,69,-0.1817607080765007,19.909406582502907,0.45,0,true
BTCUSDT,1764619200000,1764624600000,-4.941590456862439,0.5593714529440418,0.12795621986095296,19,false,0.969183752243766,20,1,19,97,-0.7524964295285884,6.090622836805719,0.45,0,false
XRPUSDT,1764637200000,1764641700000,-5.699381870086889,0.5317315740239349,0.03938752400176811,4,false,1.1980767270139892,1,2,25,83,-0.12800315084679784,3.493181034907164,0.4,0,true
SOLUSDT,1764646200000,1764665100000,-5.944443090552628,0.5028679185982561,0.19643278070244366,2,false,1.1772640711822846,3,2,27,81,-0.369032663316582,22.641326302585636,0.45,0,true
HYPEUSDT,1764665100000,1764673200000,-6.554970983938892,0.8823716117564866,0.5078397765504987,1,false,1.9573775663024997,8,2,63,63,-1.0484762355913493,0.9414873357455685,0.5,0,false
HYPEUSDT,1764714600000,1764716400000,-1.2593815252684046,0.6220653766785463,0.6848700541316483,11,false,1.984125355335402,22,2,2,87,-0.5691349149293006,2.2923707270388896,0.5,1,false
HYPEUSDT,1764721800000,1764729000000,1.567388101461589,0.9856065386580213,1.0246702124462692,6,false,2.0116236085219534,0,3,1,94,2.3475461613216817,1.828480423089634,0.5,1,true
ETHUSDT,1764729000000,1764736200000,2.626043517303451,0.512664667098291,0.1450127505516388,1,false,1.0670379280884652,2,3,10,85,1.143546489601399,4.475838706437383,0.6,2,true
XRPUSDT,1764691200000,1764738900000,1.2576773857958208,1.2895116614682667,0.027931660537215866,1,false,1.2352097221360658,16,2,0,95,2.9314714743436534,8.749592663283805,0.45,0,true
BTCUSDT,1764729000000,1764740700000,3.3418695815009163,0.5817298541295451,0.09928016473151999,1,false,0.9203624891479868,2,3,11,93,1.0758517976588597,1.3121279887263977,0.4,1,true
HYPEUSDT,1764747000000,1764748800000,2.580614878488118,0.551866607643493,0.49579459938025466,17,false,1.982547422869041,7,3,8,92,0.583399628745692,3.584181791353088,0.55,0,true
HYPEUSDT,1764768600000,1764771300000,1.6948624474348293,0.5885658513501466,0.3785750199639174,2,false,1.8342843105440814,13,3,14,54,0.8967012084681836,3.373162580225358,0.55,0,false
ETHUSDT,1764787500000,1764795600000,5.264719677051775,0.5787781350482315,0.10192926045016311,4,false,1.1716161710444184,18,3,27,100,0.9073563568395174,7.009192040796014,0.6,1,true
SOLUSDT,1764785700000,1764798300000,4.485500216788163,0.608806456180083,0.0778705932323472,2,false,1.194869075085797,18,3,26,87,0.6398862424457914,10.453262435086936,0.45,0,true
ETHUSDT,1764864000000,1764867600000,6.860185124993875,0.7522430777631612,0.252944480883247,1,false,1.1271911100481629,16,4,48,88,2.2389365608127205,9.2274466502776,0.6,0,false
BTCUSDT,1764878400000,1764941400000,1.5944716162964496,0.7575741019583535,0.29000456751729664,1,false,0.852133233188126,20,4,53,57.99999999999999,-0.2143476079719005,0.19470750693889663,0.4,0,false
HYPEUSDT,1764943200000,1764947700000,-6.665933497661709,0.9556659599379754,0.30695231163570064,1,false,1.5514465341801262,14,5,10,9,-1.5827743997994077,0.6958288943036258,0.5,0,false
SOLUSDT,1764954000000,1764962100000,-3.8429088053908522,0.8193640532210805,0.30068405622792277,1,false,1.3392228483323765,17,5,5,83,-2.4525785417901615,16.877152895796108,0.45,0,true
BTCUSDT,1764956700000,1765117800000,-1.544654410979773,1.0078638208813566,0.976492784661679,6,false,0.9136001773661309,17,5,4,74,-2.020365991163915,1.2496540878861842,0.35,1,true
HYPEUSDT,1765127700000,1765145700000,-9.45700961892279,1.1549371876266457,0.19586654059165148,15,false,1.8082711024818103,17,0,61,60,-1.5797417407345298,1.3710657841415603,0.45,0,true
XRPUSDT,1765160100000,1765179900000,-1.1857135042409936,1.0198656290782382,0.07733578229978577,1,false,1.2140242593025736,2,1,6,100,0.6476116277937425,5.2564164531876685,0.45,0,false
ETHUSDT,1765212300000,1765220400000,1.8596653289004956,0.5467083267636166,0.16700507450872046,1,false,1.1263744722693032,16,1,17,62,0.9320698680349664,6.874944736619881,0.6,1,false
HYPEUSDT,1765168200000,1765220400000,-6.70627541771848,2.0575724601839904,0.2835756916279291,10,false,2.0486964421129663,4,1,72,87,-0.5948250223059375,1.0782471065387333,0.5,1,true
HYPEUSDT,1765234800000,1765236600000,-7.139345362361651,0.547186381138955,0.19590623522260142,1,false,1.910736913719756,23,1,91,77,-1.223764500771146,1.345447994775834,0.5,0,true
XRPUSDT,1765307700000,1765313100000,2.8238849752668234,0.8919301557338537,0.759792354884369,12,false,1.1218842112807235,19,2,3,97,3.108808290155439,7.49646059462009,0.45,0,false
XRPUSDT,1765363500000,1765377900000,-0.9623464456179774,0.6381651552228823,0.532604001727359,1,false,0.8973024174195932,10,3,10,49,-0.23588311750831012,4.067303232410462,0.4,0,true
HYPEUSDT,1765377000000,1765381500000,-6.327931536344372,0.5791638108293368,0.14050719671007667,11,true,1.6956029820791303,14,3,130,28.999999999999996,-0.43528927885933266,0.0017135023988871898,0.55,1,true
HYPEUSDT,1765391400000,1765393200000,-5.713578159944745,0.5305222543750858,0.05856414496348167,3,false,1.6128369477621043,18,3,134,25,-0.1033627342888683,0.5219098801157701,0.55,0,false
BTCUSDT,1765399500000,1765401300000,1.6046179325671477,0.6700889154379344,0.02019828701336408,2,false,0.8606905469062688,20,3,29,97,1.935660467994692,1.9185151340501378,0.4,0,false
SOLUSDT,1765399500000,1765401300000,1.7207826053507236,0.8643042350907642,0.504177470469597,2,false,1.4735624361424389,20,3,29,98,2.9050766213958896,14.654510874963494,0.5,1,false
HYPEUSDT,1765401300000,1765411200000,-4.632852885929016,1.2322754895340933,0.9655638082376818,1,false,1.9269543551399297,21,3,137,69,-2.0267096168042387,1.0145172180958795,0.55,0,true
HYPEUSDT,1765415700000,1765418400000,-6.191571317576699,0.5923272952682712,0.35126386114746305,5,false,2.0363098215191577,1,4,141,80,-1.1287998353118802,0.48729251325850326,0.55,0,true
HYPEUSDT,1765420200000,1765435500000,-6.273241760337904,1.214940294362682,0.5484587614551557,2,false,2.0786290820734195,2,4,142,90,-0.2231131253268261,0.9941682865870607,0.6,0,true
ETHUSDT,1765503900000,1765553400000,2.493145384593309,0.8618115770747556,0.4139556871477783,1,false,1.2406389112078076,1,5,98,78,0.08361229905951083,9.190499636489083,0.55,0,false
HYPEUSDT,1765558800000,1765560600000,-3.2884534755711834,0.6456410776459538,0.716627792989216,7,false,1.7800623664893391,17,5,181,28.999999999999996,-0.2004757050628646,0.8907142615691341,0.65,0,false
HYPEUSDT,1765584900000,1765591200000,-4.346124753749538,0.5115000521938775,0.1391836876718019,1,false,1.985197359201613,0,6,188,74,-0.8118798140309423,1.0073419395246888,0.6,1,true
HYPEUSDT,1765592100000,1765602000000,-4.828471102071823,0.6667830336882491,0.6423459591551791,1,false,1.907143707343071,2,6,190,51,-1.1547424437410898,0.6824925816023708,0.6,1,true
SOLUSDT,1765576800000,1765614600000,-2.665758813521623,0.5283417616423796,0.045286436712206404,11,false,1.3254380681610909,22,5,6,56.99999999999999,-0.1813921850200356,17.1665864013583,0.5,0,false
HYPEUSDT,1765732500000,1765734300000,-2.361433839693106,0.512820512820508,0.7384615384615422,10,false,1.6309336185551613,17,0,3,42,-1.667628978025336,1.318398560503799,0.65,0,true
HYPEUSDT,1765753200000,1765755900000,-2.8627964599617766,0.799059116538108,0.6814486838008896,1,false,1.6853514580453817,23,0,9,53,-1.7535398077651851,1.6374658410875411,0.7,0,true
HYPEUSDT,1765768500000,1765770300000,-1.270962378185045,0.5803830528148515,0.29701956232289695,1,false,1.7931636146574372,3,1,13,69,-0.7695188804521744,1.153596667918465,0.7,1,true
SOLUSDT,1765769400000,1765792800000,-1.904175292239977,0.7284868720594991,0.13659128851116015,2,false,0.92659620987268,3,1,59,45,-0.28072837632777276,19.54612548625049,0.5,3,false
XRPUSDT,1765768500000,1765804500000,-2.2099898099097444,0.7556801121008965,0.0750675608047271,2,false,0.7719218436142941,3,1,122,52,-0.030043563166599365,0.0750675608047271,0.45,2,true
BTCUSDT,1765768500000,1765810800000,-1.3462051952939855,0.5671491644777222,0.055664226233725946,2,false,0.6090283621322117,3,1,59,49,0.2363517515032536,2.001618180202413,0.4,0,true
HYPEUSDT,1765830600000,1765836000000,-6.2924264217251,0.9464644619038931,0.0986661794262652,1,false,1.804483873266935,20,1,30,71,-1.3468013468013464,3.6488214873013103,0.7,0,false
HYPEUSDT,1765908000000,1765917900000,-8.352735719054177,0.8509847640282394,0.4310665180230385,4,false,1.981978477303537,18,2,52,90,-1.6438154209052096,0.25455221107393783,0.7,0,false
SOLUSDT,1765913400000,1765918800000,-3.098471092313526,0.5159474671669878,0.5237648530331471,1,false,1.4221682118248231,19,2,99,94,-0.06297724946862811,21.225686256296335,0.45,2,false
HYPEUSDT,1765920600000,1765932300000,-7.531153529544414,0.925857068491122,0.4796608909050264,2,false,1.9768933796567991,21,2,55,88,-0.7702898820377357,0.3141964750501914,0.7,1,true
ETHUSDT,1765913400000,1765935000000,-4.416725006357227,0.6387056289537482,0.54542679307362,1,false,1.3598357999786437,19,2,29,100,-0.1379720162697682,1.7110150348914541,0.5,1,false
HYPEUSDT,1765939500000,1765941300000,-7.644446562304595,0.5313736574335717,0.30525720746184104,3,false,1.746536099053087,2,3,61,41,-0.42232277526394535,1.5250298348093874,0.7,0,false
XRPUSDT,1765939500000,1765963800000,-3.236956909764336,0.6226326985938884,0.05188605821616313,4,false,0.9706053846725589,2,3,170,84,0.05199667221297264,1.400923571836243,0.45,1,true
BTCUSDT,1765985400000,1765987200000,0.6669339792329059,0.6325671370050001,1.6984524351388322,2,false,0.8398871769427095,15,3,0,95,2.3914672539764497,3.7720250245472986,0.4,0,false
XRPUSDT,1766000700000,1766003400000,-5.91474100152896,0.5189663474399465,0.4815151677277779,4,false,1.3661891500260621,19,3,187,98,-0.7266509938020856,0.826303806347662,0.5,0,false
HYPEUSDT,1766044800000,1766052000000,-14.180614133520436,0.8552686207755671,0.17437515569209516,1,false,2.1466506135524255,8,4,90,69,-1.3188709478614487,0.10587063024163816,0.65,0,false
HYPEUSDT,1766057400000,1766063700000,-12.07816375347158,0.6575162324319888,0.20958329908768958,1,false,2.0701869688847734,11,4,93,64,-1.0269049086054631,0.9143585107257342,0.65,0,false
BTCUSDT,1766075400000,1766078100000,-0.08452887227900736,0.6809151535846949,0.08649951718570145,1,false,0.8912420686089603,16,4,1,90,-0.4660641402708579,3.094520478486516,0.35,0,true
ETHUSDT,1766075400000,1766078100000,-1.7134710476322237,0.6671357817532206,0.1089339359657993,1,false,1.2095290583679297,16,4,74,75,-0.8098923283983905,1.9653659931472782,0.5,1,true
HYPEUSDT,1766075400000,1766078100000,-10.8627465214181,1.4795754261820462,0.7357671276937915,2,false,2.2119640015601316,16,4,98,84,-0.044561474579701166,3.057655194596335,0.65,2,true
BTCUSDT,1766088000000,1766113200000,-4.539705725645789,0.9332591493861696,0.23972550371173226,1,false,1.1558916024755217,20,4,5,97,-1.5069804890705485,18.729882776678274,0.35,0,false
SOLUSDT,1766110500000,1766114100000,-8.142062088594678,0.5539236256819107,0.5287452790600164,6,false,1.6946624736941307,2,5,34,84,-1.154425296971733,33.3096059643899,0.4,1,false
HYPEUSDT,1766110500000,1766115000000,-17.016940405592074,0.5893909626718971,0.6461471294477175,12,false,2.450391443150107,2,5,108,77,-0.9446693657219918,5.267408862693728,0.65,2,false
HYPEUSDT,1766155500000,1766157300000,-10.328109997896293,0.7642055959571057,0.08628127696288773,1,false,2.025253753305242,14,5,121,26,-1.1544307957766828,0.9347138337647363,0.6,0,false
BTCUSDT,1766164500000,1766166300000,-0.26769748299537743,0.6297852299910484,0.06611443004039794,1,false,0.9182896889148187,17,5,5,74,-0.43907656956572755,3.1905274166685307,0.3,0,true
HYPEUSDT,1766167200000,1766172600000,-10.345773688318543,1.025010250102501,0.5371053710537114,1,false,2.328646531989841,18,5,124,77,-0.7105890084613564,1.1418614186141907,0.55,0,false
XRPUSDT,1766225700000,1766229300000,0.8852908536282446,0.53054496754919,0.21633872463170814,2,false,0.9030713371044475,10,6,0,15,1.368939590355197,0.6387143298650555,0.45,0,false
HYPEUSDT,1766286000000,1766297700000,-9.701047448244033,0.8885535856490202,0.02095645249173292,6,false,1.6297948134204023,3,0,157,10,-0.5880145126986039,0.760719225449515,0.5,0,false
HYPEUSDT,1766365200000,1766368800000,-4.848229884778437,1.3052819327901382,0.17836150634399645,2,true,1.4364238574594739,1,1,179,21,0.012192643771591601,0.030402529490469156,0.5,0,false
HYPEUSDT,1766412000000,1766413800000,-2.9536479935874835,0.5315983655333849,1.0750981870115477,2,false,1.4777609447948992,14,1,192,41,-1.4010369256342234,1.264671378131921,0.45,0,true
HYPEUSDT,1766459700000,1766464200000,-3.891948432305356,0.8734683974281253,0.578268429778805,1,false,1.449452612304838,3,2,205,32,-0.9470460224067035,1.1895260412343454,0.45,1,true
SOLUSDT,1766448900000,1766471400000,-0.81994930766117,0.7761146749029888,0.07127583749108198,20,false,0.9342270448534418,0,2,6,56.00000000000001,-0.9297927665274547,1.7345107045748556,0.4,0,true
HYPEUSDT,1766513700000,1766515500000,-4.8197414457543895,0.8481903899205316,0.0247045744637058,1,false,1.4981692946420084,18,2,220,49,-0.8372322088155653,0.6066345507198592,0.45,0,false
HYPEUSDT,1766534400000,1766536200000,-5.40302925785087,0.6527093596059069,1.038587848932677,5,false,1.5018130779975534,0,3,226,51,-1.7563971340839386,0.30514504652435065,0.45,0,true
HYPEUSDT,1766545200000,1766547900000,-5.947904640486685,0.7728620963362105,0.4678948907549061,1,false,1.5825643446906659,3,3,229,73,-1.6167813614128206,1.0271009017719175,0.45,0,false
XRPUSDT,1766600100000,1766608200000,-3.0487325690753053,0.6411292495016443,0.032325844512696295,1,false,0.7867647127731296,18,3,47,79,-0.7670439306978479,0.08053105124214414,0.45,0,false
HYPEUSDT,1766618100000,1766622600000,0.4457822237400023,0.8566510548016579,0.29622513109962795,2,false,1.2415784459676908,23,3,0,13,1.1117824773413891,0.43202064338131424,0.4,0,false
BTCUSDT,1766678400000,1766694600000,0.4123902746519705,0.5849749506948132,0.027202865368485478,1,false,0.3851492084259406,16,4,0,9,0.9133722117225853,1.8023354207102937,0.35,0,false
HYPEUSDT,1766743200000,1766749500000,1.308257069460029,0.6341656757827988,0.14665081252476828,3,true,1.1962324108976372,10,5,3,39,0.5810482747642011,1.1920013297022207,0.35,0,false
SOLUSDT,1766770200000,1766873700000,-2.6677837120754098,1.0370250344324612,0.9884144859434603,10,false,1.0098568383535491,17,5,2,92,-1.9419033862943362,27.118585661138457,0.45,0,false
HYPEUSDT,1767076200000,1767082500000,2.777016961220408,0.6055528049663041,0.011425524622005991,1,false,1.2312170572981722,6,2,30,87,1.3506753376688447,0.22406723286489683,0.3,0,true
HYPEUSDT,1767084300000,1767086100000,2.235975041006955,0.5826351865955912,0.0076161462300033955,2,false,1.3340505129984277,8,2,33,100,1.3129770992366459,0.23546585427774588,0.3,0,false
HYPEUSDT,1767474900000,1767477600000,-1.5650549444435602,0.9810595443078565,0.252272454250586,8,true,1.1863274727568631,21,6,55,49,-0.5551561626327955,0.2138098620193994,0.3,0,false
HYPEUSDT,1767559500000,1767561300000,4.852375620698054,0.772690577788031,0.5843232230038728,1,true,1.2337057389179023,20,0,7,72,1.4321656667311686,0.5180102256563903,0.3,0,true
HYPEUSDT,1767579300000,1767581100000,7.204591797156199,0.7831235011990394,0.09367505995204636,6,false,1.4113166587864192,2,1,12,100,-0.2121956667411161,2.000899280575549,0.3,0,false
XRPUSDT,1767586500000,1767601800000,9.699403859537867,0.6757076028918386,0.3449416434343102,12,false,0.9990515923840723,4,1,82,96,1.4820815859702798,11.436046526086999,0.4,0,true
HYPEUSDT,1767629700000,1767631500000,3.826396695096621,0.7110907214130059,0.7607906105440289,2,false,1.6661781097765636,16,1,26,100,1.0291135850644704,2.219291203119626,0.3,0,true
HYPEUSDT,1767636000000,1767638700000,4.808192627854962,1.0105597819915955,0.703985466106506,1,false,1.729583521009365,18,1,28,100,0.8815406151867146,1.1979107528102697,0.35,0,true
HYPEUSDT,1767639600000,1767641400000,6.350768881591602,0.5587840858292434,0.5550588585903641,1,true,1.7391367973635712,19,1,29,100,1.349224196087261,0.10058113544925298,0.4,1,true
ETHUSDT,1767636900000,1767644100000,4.8747002434203885,0.8109161058432441,0.09299928993785499,2,false,0.8785292421670279,18,1,153,100,0.10432181394267842,4.353785783221181,0.5,1,true
HYPEUSDT,1767645000000,1767646800000,6.155512835934031,0.5946445060018387,0.6315789473684188,1,false,1.7082170270368462,20,1,30,99,0.40136981257133786,1.167128347183745,0.4,0,false
XRPUSDT,1767645000000,1767646800000,14.816801698075711,0.7057379564283427,1.5955814667075785,1,false,1.1880213485373285,20,1,98,99,2.1671144782627807,7.25198104305404,0.45,1,true
XRPUSDT,1767656700000,1767658500000,17.533407921253932,0.5258882380606353,0.3847962717516737,2,false,1.2957736425027138,23,1,102,98,1.142611683848805,4.7425835597318695,0.45,0,false
XRPUSDT,1767663900000,1767666600000,18.42954614189783,1.085573742685111,0.39012806377745207,3,false,1.3974438716570912,1,2,104,100,1.9784946236559062,3.8853484385789514,0.45,1,true
HYPEUSDT,1767663900000,1767667500000,3.6413737014346235,0.6685047399629852,0.23038863919628336,1,false,1.7933038740780232,1,2,36,96,0.5699618767221524,0.9838727952562616,0.4,0,false
XRPUSDT,1767678300000,1767684600000,18.304474498927636,0.7430106624128976,0.07136260599446036,4,false,1.3577256035501786,5,2,108,96,0.2180202087962715,2.83416131640846,0.5,0,false
HYPEUSDT,1767685500000,1767687300000,2.997238907437821,0.5604697270093107,0.3469574500533686,16,false,1.8315622518634695,7,2,42,98,0.6468797564687905,1.9425804483757785,0.4,0,true
HYPEUSDT,1767689100000,1767691800000,3.5111936703006594,0.5217588566675552,0.2381942606525722,2,false,1.7797617314017804,8,2,43,92,0.23347768781774117,1.0907784793375896,0.45,0,true
HYPEUSDT,1767699000000,1767702600000,3.441024284537934,0.8444994933003094,0.7506662162669342,1,true,1.7236710817281125,11,2,45,84,1.6544883201453875,0.35468978718612776,0.5,0,true
SOLUSDT,1767715200000,1767717900000,7.708803980185112,0.509435316065156,1.0188706321302916,7,false,1.0573918387663348,16,2,118,100,1.3519344167985008,10.98778407262302,0.45,0,false
XRPUSDT,1767733200000,1767735000000,9.453308987933013,0.5235367818149196,0.6533023089314556,3,false,1.7427986680605443,21,2,123,98,0.5403715612718928,9.978748179196542,0.5,0,true
XRPUSDT,1767735900000,1767744000000,10.572861092866546,0.8250606662254747,0.4985660710346289,1,false,1.7323439885062981,21,2,124,99,0.716212034130598,8.440549936407853,0.55,0,true
HYPEUSDT,1767748500000,1767753000000,6.928564828660287,0.6063907044299129,0.26870007262164713,9,false,1.9535298783568178,1,3,59,100,0.6559766763848386,0.1506899055918764,0.55,0,true
HYPEUSDT,1767803400000,1767810600000,1.6073192415343038,0.657005556389851,0.21399609550984441,1,false,1.6756793674454853,16,3,74,54,0.08996176624934744,0.3810632227061176,0.55,0,true
HYPEUSDT,1767835800000,1767839400000,3.2678445382154746,0.5392940826421675,0.04091196489009273,3,false,1.6226546458396263,1,4,83,45,0.1302858844550333,0.5560307955517527,0.55,0,false
XRPUSDT,1767847500000,1767852000000,2.6384078732022886,0.6209740951851476,0.13902405116083552,1,false,1.285943955236517,4,4,155,51,0.7955338450802358,13.448852620495611,0.6,0,false
HYPEUSDT,1767860100000,1767866400000,2.1058883528468306,1.3149939540507822,0.08691051995163124,3,false,1.5514604846353792,8,4,90,32,0.8651438111861636,1.0334794437726802,0.55,0,false
XRPUSDT,1767888900000,1767892500000,0.9722156738323878,0.8079758079758134,0.3213003213003279,1,false,1.3607260396878267,16,4,0,56.99999999999999,1.2287469638519917,11.75169111215624,0.55,0,true
HYPEUSDT,1767904200000,1767915900000,-0.7430906287942386,0.5098493626882885,0.4982618771726587,1,true,1.4201024561357043,20,4,1,10,-1.2015250125158763,0.1912457068888128,0.5,0,true
XRPUSDT,1767925800000,1767941100000,0.056399961523582294,0.5567613475511952,0.35859205435498753,1,false,1.2867569834099286,2,5,10,25,-0.1917590383985882,11.876606147856696,0.55,0,true
SOLUSDT,1767973500000,1767975300000,3.0670243111644138,0.7944606413993989,1.0131195335277077,1,false,1.24195264618065,15,5,190,92,2.0659950357716546,12.33480414949225,0.4,0,true
HYPEUSDT,1767984300000,1767987000000,-2.151891282221478,1.1238585811285424,0.5268087099040099,1,false,1.338101355976052,18,5,11,20,-1.349616895492193,0.7148989307734168,0.55,0,true
HYPEUSDT,1768007700000,1768013100000,-5.107335528018033,0.7239091091896371,0.5791272873516926,1,false,1.3317855667863032,1,6,17,19,-1.0075465639049361,2.202580501874314,0.6,1,true
XRPUSDT,1767984300000,1768047300000,-0.7962909522505337,0.6297709923664064,0.019083969465646753,1,false,1.4251284035625156,18,5,1,60,-0.7768193299337656,10.892785815728756,0.6,1,false
SOLUSDT,1768178700000,1768180500000,4.125372125652507,0.5799799513103266,0.1646856651868751,1,false,0.8601385894690483,0,1,247,43,0.8608321377331338,11.812014102164941,0.45,0,true
XRPUSDT,1768204800000,1768207500000,-2.2111034969035255,0.5197707179636613,0.06800738365881132,1,false,0.942024039993594,8,1,16,47,-0.7731336071514865,8.95370895907799,0.55,0,true
XRPUSDT,1768240800000,1768254300000,-1.348036139816386,0.763285487974665,0.3552397868561314,2,false,1.046943832536638,18,1,26,63,-0.9165990356614364,10.340972142368326,0.55,0,true
HYPEUSDT,1768302000000,1768307400000,-3.108596652926222,0.5676209279368136,0.139848634419227,3,true,1.2136139902460186,11,2,99,57.99999999999999,-1.0076286052298922,0.09758200860085738,0.65,0,false
SOLUSDT,1768315500000,1768317300000,3.4188232512253225,0.589846218664422,0.21768134260234695,1,false,0.9754967553935548,14,2,285,71,0.2872154115586666,8.481076918295177,0.5,0,false
XRPUSDT,1768318200000,1768320000000,-0.5673280162412959,0.7688980729492052,0.009611225911863999,2,false,0.810195393732834,15,2,47,46,0.32368713464418225,8.171814734858877,0.6,0,false
BTCUSDT,1768320900000,1768342500000,2.5640712740168703,0.8642147651006743,0.12166442953020448,1,false,0.6346039427380807,16,2,24,92,0.9299028712885101,2.4189206850525125,0.35,0,true
HYPEUSDT,1768337100000,1768342500000,-0.35922120289386744,0.8094894606075105,0.09617696561673843,1,false,1.2618492001151025,20,2,109,74,-0.29607105705368514,0.24947864855646784,0.6,1,false
XRPUSDT,1768356900000,1768367700000,3.864377853177418,0.635329865107491,0.03222687721560449,1,false,1.1243260119398806,2,3,10,96,0.11051250172676612,12.223179458622408,0.6,1,false
HYPEUSDT,1768349700000,1768378500000,2.9725975943107548,1.0885680842762384,0.2458056964494826,1,false,1.4664125750975214,0,3,1,100,0.3116599789629448,1.3242694358573952,0.6,0,true
XRPUSDT,1768374900000,1768386600000,2.4696670974078625,0.53635558043001,0.1165990392239143,1,false,1.0688409612148488,7,3,15,92,0.11650123491308759,12.891786329820185,0.55,1,false
HYPEUSDT,1768394700000,1768401900000,3.3909152569440777,0.6600023157975969,0.2778957119147892,1,false,1.3507771756024316,12,3,14,85,0.06539970762483442,0.3851943340152144,0.65,0,true
HYPEUSDT,1768402800000,1768405500000,4.7093931270026985,0.6815223217704162,0.6011180029098707,1,false,1.438745362265402,15,3,16,100,2.0058083252662176,2.8724592834927734,0.65,0,true
ETHUSDT,1768409100000,1768415400000,6.691410506721914,0.5019720329867391,0.41801123461216033,2,false,0.9334212497715834,16,3,37,92,0.5707203440449208,3.5425237084195342,0.55,1,false
BTCUSDT,1768408200000,1768417200000,5.209423367466768,0.5567680174594544,0.27228725426979483,1,false,0.6851819429681885,16,3,48,93,0.663263300947566,4.542492953302896,0.4,0,false
XRPUSDT,1768414500000,1768419000000,1.7465742028231706,0.6450397853006283,0.31074909364848446,16,false,1.1272689617361753,18,3,26,94,0.2209165687426627,12.063317044007466,0.5,1,true
XRPUSDT,1768419900000,1768430700000,2.068693072771722,0.5176273083379913,0.19585898153329515,1,false,1.163402700465759,19,3,28,99,1.5605903920278223,12.903972705543495,0.5,0,false
ETHUSDT,1768420800000,1768437900000,6.440796176466221,0.5960517911401171,0.3089201821882864,2,false,1.0590923671233947,20,3,40,100,2.122685561761535,3.6826843339698936,0.55,1,false
HYPEUSDT,1768452300000,1768454100000,0.13704509498537015,0.5304087736789597,0.41475573280159206,5,false,1.7676461189705166,4,4,0,100,-1.5557578876529063,0.575353938185453,0.7,0,false
HYPEUSDT,1768491900000,1768500900000,-1.2871097004974903,0.729287052165942,0.749212927908177,1,true,1.616734101713712,15,4,1,85,-1.207411835026887,0.7324751922847211,0.65,0,true
HYPEUSDT,1768518900000,1768573800000,-2.2299932384160774,1.0882223025338347,0.9396458258041128,11,false,1.7053850606302507,23,4,8,93,-0.38056680161942363,0.06070154139811443,0.65,0,false
SOLUSDT,1768579200000,1768587300000,-0.046479726090900356,1.0712523786031505,0.648389597575578,1,false,0.8127187665699569,16,5,0,13,-1.496922216004487,9.970008065715977,0.5,0,false
XRPUSDT,1768580100000,1768596300000,-3.1101997296006907,0.795937301626066,0.2099711899994994,3,false,0.7375305037892809,16,5,25,9,-0.7000826486460299,5.124064372562838,0.5,1,false
SOLUSDT,1768610700000,1768648500000,2.302504049946608,0.527155441492676,0.0554900464729226,17,false,0.7745853889761758,0,6,8,12,0.2498958767180239,8.225339083570693,0.45,0,false
ETHUSDT,1768887000000,1768890600000,-2.238049011168414,0.525418377012942,0.011682980738866146,1,false,0.6054431515829326,5,2,28,59,-0.9080975168619647,4.698329870409941,0.5,0,true
HYPEUSDT,1768887900000,1768896900000,-5.792757092366722,0.9872760543001952,0.5702370313630382,1,false,1.2760142921536057,5,2,34,61,-1.962770672407243,0.7035760386966954,0.6,1,true
HYPEUSDT,1768903200000,1768907700000,-7.5803913125517415,0.5098073101183727,0.4709237017195272,2,false,1.353416928763382,10,2,38,74,-0.1171671584794351,0.16633543592845024,0.65,0,true
HYPEUSDT,1768928400000,1768930200000,-11.65514569416111,0.86889273041579,0.8825402602128973,1,false,1.84997930769802,17,2,45,98,-1.4089611742853256,3.154095775331324,0.7,1,true
SOLUSDT,1768928400000,1768949100000,-8.346089156438879,0.8791208791208825,0.04709576138147745,1,false,0.9573296157900446,17,2,41,89,-1.0173736108937215,22.380996009909655,0.4,0,true
HYPEUSDT,1768934700000,1768949100000,-12.341078896910783,1.2931830777757138,0.7712913356733863,5,false,2.030528348010061,18,2,47,99,-1.566951566951572,4.726276248537455,0.7,1,true
XRPUSDT,1768947300000,1768949100000,-7.148107967371012,0.5631875361861232,0.04737091425863998,4,false,0.9421641318525872,22,2,127,80,-0.5395495023572539,1.3415011046465743,0.5,2,true
HYPEUSDT,1768951800000,1768953600000,-12.839795725315788,0.5828985098481586,0.3055516382268664,1,false,1.9858724029738464,23,2,51,96,-0.4279734750505623,1.2692144972500332,0.7,0,true
ETHUSDT,1769022900000,1769024700000,-7.585359743229708,0.703619235161545,0.03851318993029569,12,false,1.364288067577438,19,3,66,100,-0.3236830313852108,2.592844740422054,0.5,0,false
SOLUSDT,1769022900000,1769024700000,-6.2160979839258275,0.6317411402157111,0.23112480739600258,12,false,1.1951417985983865,19,3,67,100,-0.23906840441117752,18.86984501042311,0.45,1,false
ETHUSDT,1769036400000,1769039100000,-4.807310178558246,0.5171149870886311,0.2119973318715888,2,false,1.531564402570484,23,3,70,97,-0.6138846555169004,7.748628445954794,0.45,0,true
HYPEUSDT,1769040000000,1769042700000,-9.325450491095799,0.6054723608800159,0.48992420040672074,1,false,2.1484006807497136,0,4,76,96,-0.867518803931516,0.3466444814198689,0.7,2,false
ETHUSDT,1769040000000,1769045400000,-5.64318129556843,0.5334211831102064,0.5733528998745485,1,false,1.5634271162807165,0,4,71,97,-0.861481602116482,7.036128709248099,0.5,0,false
HYPEUSDT,1769057100000,1769059800000,-7.781975713936898,0.5140335713960767,0.5868170859300429,5,false,1.9844967778321037,4,4,81,88,-0.947244379985495,0.7642269026065562,0.65,1,true
SOLUSDT,1769040000000,1769089500000,-4.61569794415345,0.5377583160482577,0.4455711761542476,1,false,1.302459507741799,0,4,72,97,-0.8503140799754751,18.522432351335887,0.45,1,false
HYPEUSDT,1769108400000,1769113800000,-9.447962066859567,0.6389184684476046,1.3009861567665113,1,true,1.7745021044329443,19,4,95,56.99999999999999,-1.884445263545885,0.49230674259611734,0.65,0,true
ETHUSDT,1769109300000,1769132700000,-6.107577358906171,0.5911340073323623,0.0885174847468477,1,false,1.186618802483148,19,4,90,81,-0.5927369425329349,1.3513828698086299,0.5,1,false
HYPEUSDT,1769152500000,1769157900000,-7.394269943420931,0.6089907489191587,0.032541490400250554,1,false,1.2931461765721104,7,5,107,5,-1.2282073692442128,0.08522771295306784,0.7,0,true
HYPEUSDT,1769201100000,1769215500000,-1.9769222609788448,1.0262762098557874,0.18136777846589563,5,false,1.6376076380692213,20,5,121,56.99999999999999,-1.07120906137501,0.30670323512929865,0.75,0,false
HYPEUSDT,1769254200000,1769265900000,1.3685346368067892,0.6947459834997834,0.7815892314372545,11,true,1.3079325876478305,11,6,2,17,1.9593232225826211,0.7859313938341335,0.7,0,true
HYPEUSDT,1769342400000,1769369400000,-2.2571542659494392,1.4488912448096094,0.2827104867921197,12,false,1.1927152130617806,12,0,8,3,-2.1449123724823322,0.7978840887004114,0.7,0,true
HYPEUSDT,1769371200000,1769386500000,-5.092401716356147,1.3738513329087418,0.2092621235556336,2,false,1.3840319651307684,20,0,16,42,-1.7331648311969685,0.8825402602128973,0.7,0,false
XRPUSDT,1769374800000,1769386500000,-6.446220051950058,0.5627800240410871,0.10381379084253156,6,false,0.8061880250845128,21,0,246,51,-0.7597289024923373,2.6214304095092165,0.55,1,false
HYPEUSDT,1769394600000,1769398200000,-2.5470882563943937,0.6188618323691721,0.15695771110812207,1,false,1.5517937882447872,2,1,22,71,-0.952551317025182,0.17713798825059562,0.7,0,true
HYPEUSDT,1769421600000,1769440500000,-2.8945111461567787,1.0769987040264544,0.1653483487509453,3,false,1.517846982024369,10,1,30,70,-0.432881113887903,0.5250927291415279,0.75,0,false
BTCUSDT,1769443200000,1769445000000,-2.593386732033827,0.5923384402849088,0.7009319337341894,1,false,0.6564623391331743,16,1,184,86,-0.7928565755585087,2.9646969032852377,0.35,0,true
SOLUSDT,1769443200000,1769453100000,-4.270191759882485,0.9599870926105292,0.20974507905775325,1,false,0.9787894775287801,16,1,184,74,-0.4283866795990956,25.490067693749648,0.4,1,false
XRPUSDT,1769443200000,1769461200000,-0.6059748779015925,0.9077234296384705,0.031121946159029718,1,false,0.8999462635438304,16,1,265,85,-0.10422637969670133,2.579105796211537,0.5,2,true
HYPEUSDT,1769454900000,1769463000000,5.881572931502468,0.8404759923441715,0.6574020138137691,1,false,1.7401184039101951,19,1,2,100,1.7913460325469994,2.9550803029042347,0.7,2,true
ETHUSDT,1769444100000,1769487300000,-3.51919878084143,1.1423947776238794,0.31131286256976864,2,true,1.044544502657725,16,1,183,82,-1.011159033340178,0.2628459225754936,0.45,2,false
HYPEUSDT,1769504400000,1769506200000,19.658704276209633,1.060376541874055,0.14426891726177288,1,false,2.0824678315259795,9,2,16,100,2.0537701090723335,2.329041333044794,0.7,0,false
ETHUSDT,1769533200000,1769535000000,0.1023572691607838,0.5126037452278939,0.11339009547579068,1,false,0.8481266363504145,17,2,0,61,1.8748914402095154,10.975197296385293,0.4,0,false
XRPUSDT,1769535000000,1769536800000,-0.7809848040550859,0.6092756972530099,0.5147329166447834,1,false,0.7360782185204414,17,2,290,52,-0.4572449676775189,0.619887642015125,0.5,0,true
SOLUSDT,1769538600000,1769545800000,-3.05592458504253,0.5553792446842182,0.9917486512218342,5,false,0.9059241764354732,18,2,210,64,-0.6923995224830916,23.343883366533955,0.35,0,false
HYPEUSDT,1769548500000,1769553900000,25.040842552975466,1.1088128581601104,0.24753314570547083,1,false,2.500125640185563,21,2,28,100,2.222527566899105,0.29232082104145407,0.65,0,true
HYPEUSDT,1769585400000,1769588100000,37.534516595850164,1.0120234426922659,0.7189897891366283,3,false,2.7998383055651916,7,3,38,100,1.9920683343502097,10.535743894854003,0.7,0,true
HYPEUSDT,1769607900000,1769610600000,36.160307356753385,1.9099151798771534,0.3217315004387231,1,false,2.7227949819962975,13,3,45,95,2.984628267240856,7.001922921346948,0.7,0,false
XRPUSDT,1769614200000,1769623200000,-0.35159224414257334,0.5328596802842028,0.17761989342805598,1,false,0.7840140685762708,15,3,0,60,-0.8437060569761987,0.1026384851296963,0.55,0,false
BTCUSDT,1769634900000,1769652900000,-0.42456752382512253,0.5076817618122673,0.22051727627617848,2,false,0.738154878185095,21,3,1,100,-0.17993903558048568,1.6507904291923916,0.4,0,true
HYPEUSDT,1769649300000,1769654700000,30.175386432389978,1.103964098728496,0.4128646222887217,8,false,2.6329075101321315,1,4,56,83,3.164749558760876,19.7890181311739,0.7,1,false
HYPEUSDT,1769662800000,1769667300000,21.068234359550196,1.1871885217280855,0.45075072215344403,1,false,2.9921740841679756,5,4,60,97,-0.08189492251480346,16.096446037601073,0.65,0,true
SOLUSDT,1769700600000,1769702400000,-5.232474885126042,1.1226611226611178,1.2474012474012475,1,false,0.8133776458003463,15,4,26,31,-3.8882535533409617,4.2686664686664555,0.3,0,true
ETHUSDT,1769755500000,1769757300000,-8.096435934631273,0.5096030729833487,0.38924455825863813,1,false,1.3474560140872112,6,5,29,96,-1.0848029432187145,6.430659469143244,0.35,0,false
HYPEUSDT,1769766300000,1769769000000,6.067468589938424,0.7064846416382278,0.1092150170648465,2,false,3.1206482181649617,9,5,89,59,0.35300906282883393,11.468430034129657,0.65,0,true
HYPEUSDT,1769769900000,1769772600000,7.831593468975233,1.3349104427171326,0.709699222710378,1,false,3.0412740925137562,10,5,90,56.00000000000001,1.0708234496780715,12.33609327475495,0.65,0,true
HYPEUSDT,1769792400000,1769796900000,5.604210854655385,1.5928837401737683,0.3413322300372369,1,false,3.1411368939146347,17,5,96,57.99999999999999,1.297267457907803,10.56492207971311,0.65,0,true
HYPEUSDT,1769857200000,1769859900000,7.211112691709408,0.6811493568759698,0.1124227093873044,1,false,2.709364177097803,11,6,114,20,1.0101681398285323,4.416855053017905,0.65,1,false
BTCUSDT,1769849100000,1769869800000,-4.905290666904236,0.5795493784011043,0.05823165853148989,1,false,0.7609247041752232,8,6,61,56.99999999999999,-0.4604368277556366,9.198861966232712,0.45,0,true
XRPUSDT,1769874300000,1769878800000,-11.65471758686673,1.3328508533864067,1.0373318858934855,5,false,1.4718994131768453,15,6,73,83,-2.3747016706443818,1.1911223689765489,0.5,0,true
XRPUSDT,1769898600000,1769902200000,-11.723984036846005,0.7311934564382224,0.012393109431154913,1,false,2.2190229099435324,22,6,79,98,0.2176752285589798,3.968893295327808,0.55,0,false
ETHUSDT,1769925600000,1769928300000,-13.885102522090476,0.5524589557909535,0.13513680033845663,1,false,1.7992510607761925,6,0,76,87,-0.8585848266279894,9.178523596097117,0.35,0,true
SOLUSDT,1769925600000,1769931900000,-13.090938350795438,0.6575812446392811,0.190603259315737,1,false,1.9388983286127637,6,0,89,88,-0.5707762557077707,49.624307550987325,0.3,1,false
ETHUSDT,1769931000000,1769932800000,-14.191057231767019,0.5107629495626751,0.10497402618955677,1,false,1.77679088204925,7,0,77,85,-1.4070959069664202,8.257164867869706,0.4,2,false
BTCUSDT,1769931000000,1769935500000,-8.801217079891167,0.5125299273575685,0.035096048312582,2,false,1.0986455300641513,7,0,83,78,-0.5278463411720183,1.188384101362496,0.5,1,false
HYPEUSDT,1769947200000,1769950800000,7.738840773635748,0.8281708509944615,0.6651450929246725,1,false,2.955719816681995,12,0,18,28.999999999999996,2.261207293792369,15.342818468348277,0.65,0,false
ETHUSDT,1769949000000,1769954400000,-13.825067872930594,0.5701519436243068,0.10879811305867584,1,false,1.797779397755725,12,0,82,85,0.811774714705397,8.176431349935129,0.35,1,true
ETHUSDT,1769957100000,1769958900000,-14.844155644972897,0.7250105440742326,0.22311261071277788,1,false,1.844168583714783,14,0,85,87,-1.368889334871966,6.733958101934248,0.35,0,true
SOLUSDT,1769957100000,1769958900000,-13.574776456618077,0.7114016535281764,0.5768121515093196,1,false,1.902191403124226,14,0,98,86,-1.7994858611825197,47.346746082044035,0.25,1,true
XRPUSDT,1769957100000,1769959800000,-10.524523026807591,0.7713668620796023,0.1912989817957484,1,false,1.6871163851569047,14,0,96,78,-1.6475469855992273,3.539031163221228,0.5,2,true
SOLUSDT,1769960700000,1769969700000,-14.508873337335961,1.619711396878366,0.04908216354178008,2,false,1.9815397706300415,15,0,99,87,-1.444638355633115,54.07712164238473,0.3,1,false
XRPUSDT,1769960700000,1769969700000,-11.617555981631929,1.2898378310688092,0.2942833886419089,1,false,1.7773605443292133,15,0,97,85,-1.5866102538576317,5.05603907081586,0.5,2,false
HYPEUSDT,1769972400000,1769976000000,3.9201185181782123,1.1581442600745082,0.2810700982052097,4,false,2.8282945607446437,19,0,25,10,0.16574772519703512,12.074644172849359,0.6,2,false
BTCUSDT,1769960700000,1769987700000,-8.934807949591093,0.9504776822284797,0.12358396057657675,2,false,1.1195363031437626,15,0,92,78,-0.28889811329482434,1.0586683024502168,0.5,0,true
ETHUSDT,1769968800000,1769987700000,-16.52783575065178,1.8427261595436513,0.07210482078325695,11,false,1.966786391275827,18,0,88,87,-0.9499868587270708,5.652000230260174,0.35,3,true
HYPEUSDT,1770002100000,1770004800000,7.959348270259167,2.6884397092502317,2.0544989876862814,15,false,3.0286641363376066,3,1,33,52,2.2448101182001814,13.73669526257973,0.55,0,true
XRPUSDT,1770003900000,1770005700000,-11.218158782327192,0.5549599545941803,1.3369489815223627,2,true,2.0611007224954427,3,1,109,91,-2.292890166187677,0.5455004099136197,0.5,0,true
BTCUSDT,1770006600000,1770009300000,-9.505093068960898,0.6469944215629975,0.24151504092592008,6,true,1.4593982426983638,4,1,104,99,-0.927004697877859,0.15149029217024154,0.5,0,true
ETHUSDT,1770007500000,1770009300000,-17.681096947572094,0.8548901488306248,1.073263642806521,6,false,2.568019749939181,4,1,99,96,-2.7354946795283026,2.0469334083740827,0.4,1,true
SOLUSDT,1770013800000,1770015600000,-15.726421236965377,0.9041769041769059,0.4226044226044294,15,false,2.5774937967341387,6,1,113,96,-0.8232872684504591,54.18976684822587,0.3,1,true
ETHUSDT,1770013800000,1770022800000,-19.106134140953294,0.8112249228308825,0.8885057111842868,5,false,2.6230694291919723,6,1,100,96,-1.981699230837235,1.2165263505407855,0.45,0,false
XRPUSDT,1770013800000,1770022800000,-12.798547951215053,0.8193621580738624,0.5987646539770619,6,false,2.2031780128099343,6,1,111,93,1.0709247146338439,0.6019160468927373,0.5,2,false
HYPEUSDT,1770047100000,1770048900000,12.064359794930983,2.1487497601841805,2.9641235531112096,5,false,3.3310277236937877,15,1,46,98,6.822656865318984,16.490562261170403,0.55,0,true
HYPEUSDT,1770049800000,1770056100000,12.064359794930983,1.625320786997423,0.5499205670292061,1,false,3.3310277236937877,16,1,46,98,5.343270384639666,11.301657220941081,0.6,0,false
SOLUSDT,1770057000000,1770068700000,-8.944379898162989,0.5269713519210474,0.06706908115359528,1,false,1.9340833579592092,18,1,125,69,-0.8755234107346801,50.27561248062822,0.35,0,false
ETHUSDT,1770131700000,1770133500000,-13.320213527526734,0.698542852666222,0.088351525913535,2,false,1.638198250009451,15,2,133,25,-1.2773359410833118,3.7482365850576875,0.45,0,false
XRPUSDT,1770131700000,1770133500000,-8.567314320174408,0.5477746654217192,0.10582010582010798,2,false,1.2365659978657442,15,2,144,4,-0.837572899863497,0.35792094615623543,0.45,1,false
SOLUSDT,1770146100000,1770150600000,-13.877048545935109,0.7016840417000687,0.050120288692874264,6,false,1.7518142457257553,19,2,150,39,-1.658885467368632,1.4323216298827939,0.35,0,true
BTCUSDT,1770152400000,1770157800000,-6.83512988184878,1.0218402178201174,0.571713134527205,18,true,1.501387696298777,21,2,145,99,-1.029185213307352,0.7927475213907119,0.55,0,true
HYPEUSDT,1770158700000,1770164100000,7.723588163869406,2.71438866202259,1.3031467691568506,14,false,4.027647889982439,22,2,77,99,2.5033890646181747,9.704029315618675,0.55,0,false
HYPEUSDT,1770165900000,1770167700000,7.278906547759391,1.0544009779951065,0.6693154034229866,1,false,3.9252980827866755,0,3,79,97,0.2309047821595689,11.66207189264562,0.5,0,true
HYPEUSDT,1770172200000,1770174000000,7.259160688566258,1.0132078885471278,0.08443399071225707,1,false,3.860522778698143,2,3,80,95,-0.08093525179856421,10.17378301451555,0.55,1,false
SOLUSDT,1770182100000,1770184800000,-11.760351195472806,0.5180294565769333,0.10157440325038956,1,false,1.8797262829240986,5,3,160,40,-1.099899091826427,2.778808371869285,0.4,1,true
HYPEUSDT,1770183000000,1770187500000,8.677253570568274,1.1688981995931567,0.5829310501867206,9,false,3.5352815428887734,5,3,83,91,-0.06320161314591655,10.91027101508971,0.5,2,true
ETHUSDT,1770168600000,1770203700000,-12.76009842110049,0.8927199870086046,0.10577459039776752,13,false,2.4881496497876867,1,3,143,85,-1.7203674638818551,2.939801848680905,0.45,0,true
HYPEUSDT,1770211800000,1770214500000,8.395875947584427,1.8829209414604777,0.0965600482800135,8,false,2.9095168284214523,13,3,91,34,-0.015052080197490991,9.86598171456299,0.55,0,false
ETHUSDT,1770215400000,1770217200000,-13.145787285072835,0.7515520695758434,0.3935203902859655,3,false,1.8662480663446723,14,3,156,26,-1.3953840872716978,0.6563892700869897,0.45,0,true
HYPEUSDT,1770219000000,1770222600000,6.255237046348619,2.161662542115154,0.7573272906168872,1,false,3.0325395933114496,15,3,93,41,3.1888798037612345,8.544009331152616,0.5,0,true
HYPEUSDT,1770252300000,1770255000000,10.585364715528007,2.0609471828983863,0.3354369208027804,9,false,3.3785016911021972,0,4,103,88,1.7259856731908225,3.8080560702046165,0.55,1,false
ETHUSDT,1770243300000,1770262200000,-14.881971146677781,1.0410486502521523,0.40093814891723945,3,false,2.427731974553778,22,3,164,67,-1.3686963087093842,2.4992056742242292,0.45,0,true
SOLUSDT,1770261300000,1770282900000,-15.609132298745351,1.1129296235679171,0.03273322422258716,1,false,2.345107502384449,3,4,182,77,-0.19769357495880574,70.90266816548325,0.4,0,false
HYPEUSDT,1770281100000,1770290100000,9.806424930970154,1.50788607083022,0.6990582933733818,1,false,2.970945537047303,8,4,111,39,1.260199192775625,5.127171872939932,0.5,1,false
SOLUSDT,1770329700000,1770335100000,-24.195136601251896,1.3303769401330354,1.478196600147823,7,false,3.260786142367499,22,4,201,98,-4.05075646656905,92.91181116087111,0.4,0,true
BTCUSDT,1770349500000,1770352200000,-17.065183292075456,1.0709324800039908,0.6624968945458067,16,true,2.7502868558175657,3,5,200,98,-0.6981983039729989,12.225573753522816,0.6,0,false
BTCUSDT,1770362100000,1770373800000,-15.63339534903789,0.9510148023805846,0.4636044559743673,2,false,2.694299497652702,7,5,203,97,-2.005415480680418,14.27453666866452,0.6,0,false
HYPEUSDT,1770372000000,1770374700000,3.207256996194552,1.3450166978154967,0.8885076135911,2,false,4.113893273241566,10,5,136,92,1.535443930246115,11.790432896759048,0.45,2,true
ETHUSDT,1770371100000,1770384600000,-18.2484669982581,0.8598643681731065,0.3649635036496327,12,false,3.136105564273904,9,5,200,89,-2.0167346063076486,46.747310165655335,0.5,1,false
HYPEUSDT,1770384600000,1770387300000,7.169561375553228,0.9755091214523474,0.6218502254575629,4,false,3.7110315476536497,13,5,139,83,0.5853087503658054,7.517804254564113,0.5,0,false
HYPEUSDT,1770432300000,1770434100000,0.2622903927953596,0.5868803836809388,1.7543306092828097,3,false,3.3257942321362943,2,6,1,23,1.6053028399095337,14.698113745390273,0.5,0,true
HYPEUSDT,1770435000000,1770438600000,0.2622903927953596,1.1101202373996653,0.23985977428581123,1,false,3.3257942321362943,3,6,1,23,0.5968230649159866,11.784720284530714,0.5,1,true
BTCUSDT,1770434100000,1770447600000,-6.844003106260422,0.9733452918838916,0.24794749877153463,15,false,1.8080956068566985,3,6,223,67,-0.8788003125122871,7.353476075624207,0.55,0,true
HYPEUSDT,1770442200000,1770449400000,1.0244821773364472,0.8995777492197663,0.7588274891377441,1,false,3.2592843024257125,5,6,3,17,0.7863655835016152,11.208388821117907,0.5,1,false
HYPEUSDT,1770456600000,1770461100000,2.556900723741996,0.9061352278884999,0.2859895237521791,1,false,2.931019194885499,9,6,7,1,2.360025546668277,9.41394916767341,0.45,0,false
XRPUSDT,1770472800000,1770478200000,-9.241620338911417,0.6827880512091077,0.09246088193455597,1,false,2.5171586418960747,14,6,239,56.00000000000001,-1.3263722308452044,1.166429587482217,0.45,0,false
HYPEUSDT,1770483600000,1770489900000,-2.2309729999509083,1.6821491338187227,0.7124027115239778,1,false,2.7872248718249684,17,6,2,3,-1.886968997567204,14.047355729531072,0.4,0,false
HYPEUSDT,1770519600000,1770522300000,-3.0188945554426665,0.7215874924834572,0.803873785485968,1,false,2.348408602164089,3,0,7,2,-1.582098959974784,6.239575018256538,0.4,0,true
SOLUSDT,1770547500000,1770551100000,-9.182556849213796,0.6055758683729446,0.6855575868372878,1,false,1.4429069833146109,10,0,262,6,-1.1422044545973729,1.4360527117611046,0.45,0,false
HYPEUSDT,1770556500000,1770564600000,-1.773721209049417,0.6307556452630341,0.12299735082628337,2,false,2.215954586540468,13,0,17,6,-2.234148776834751,6.567801559601727,0.45,0,true
HYPEUSDT,1770565500000,1770567300000,-1.5050248402895021,0.9257197391442672,0.06680451725782487,1,false,2.1061805108310563,15,0,20,1,-1.4588607594936773,5.756381480892368,0.5,0,false
XRPUSDT,1770567300000,1770569100000,-5.335507255022474,0.7231404958677654,0.661157024793392,3,false,1.5068330629323254,16,0,265,8,-1.8062397372742185,1.128328741965081,0.4,0,true
SOLUSDT,1770591600000,1770593400000,-8.032176274637512,0.6365082973403072,0.23869061150262327,11,false,1.426696906434745,23,0,274,10,-0.36413290851159896,0.9051299537773613,0.4,0,true
HYPEUSDT,1770598800000,1770600600000,2.573103194624694,0.8239149744249391,0.27565928512357596,1,false,1.9979003678640344,1,1,7,6,1.1744397521654701,9.260677259697136,0.45,2,true
ETHUSDT,1770619500000,1770625800000,-5.849126738630569,0.572355974685736,0.14741047334605972,1,false,1.3786569701671274,6,1,269,5,-0.8749282845668258,6.085880253275068,0.5,2,true
ETHUSDT,1770646500000,1770648300000,-8.018742478132244,0.5432967205706063,0.4421040221641483,1,false,1.3343444692791904,14,1,276,2,-1.1485541614918984,8.523708369169618,0.5,2,false
HYPEUSDT,1770647400000,1770653700000,-2.600843027648198,1.2239403994240334,0.2441620234145212,18,false,1.7846349552266203,14,1,4,1,-1.5205113883199852,3.255493645526846,0.45,2,true
HYPEUSDT,1770669900000,1770674400000,-0.8461312051727577,0.8339865182630561,0.018811725975859,1,false,1.9497039209767097,20,1,11,12,-0.2662907268170453,7.115593411251033,0.5,3,true
HYPEUSDT,1770684300000,1770686100000,-3.0764779273887806,0.5637411915438884,0.20179372197309045,1,false,1.8472150710783564,0,2,15,3,-1.171564101747802,5.107362327093261,0.55,3,false
ETHUSDT,1770696000000,1770697800000,-5.569267441293382,0.7126491646777965,1.181861575179008,2,false,1.5252609247119688,4,2,290,38,-1.597079625827076,5.443006945306566,0.5,3,true
XRPUSDT,1770658200000,1770706800000,-3.242764882997304,1.0075914423740473,0.6073153899240953,1,false,1.6335091081508768,17,1,290,37,-0.787945811445955,1.6968023924545723,0.4,2,true
HYPEUSDT,1770723000000,1770724800000,-7.340592064343733,0.5908271580212403,0.4940249682889368,3,false,1.836454569525877,11,2,25,2,-1.0906430804016856,1.109948990314826,0.5,2,true
BTCUSDT,1770594300000,1770734700000,-4.294661590991367,1.8314161890824934,0.7308481585133377,1,false,1.1182770129431883,23,0,268,20,-0.5646648484138691,2.4198693797297817,0.6,0,true
SOLUSDT,1770594300000,1770750000000,-8.115729572245199,2.355238970588232,0.24126838235295028,1,false,1.581004285847867,23,0,275,23,-0.2764340013821641,6.131280637254909,0.4,1,true
SOLUSDT,1770755400000,1770759900000,-9.05763185247764,0.6149023390402762,0.04822763443452139,1,false,1.4423330638987064,20,2,319,15,-0.1812469792170199,0.30069930069929385,0.45,0,true
HYPEUSDT,1770789600000,1770791400000,-7.809060145641371,0.5410773603643754,0.26368959967125005,1,false,1.6610056253802297,6,3,44,1,-0.037803285449169124,1.5913838567172374,0.55,0,false
HYPEUSDT,1770799500000,1770804000000,-8.105185451706404,0.9538187058258377,0.5043573732244632,7,false,1.638588162343992,8,3,47,1,-0.23777525069781547,1.6563736590498284,0.5,0,true
BTCUSDT,1770829200000,1770835500000,-7.331063282525734,0.9317479591714054,0.3782596150378284,1,false,1.2572514405665889,17,3,333,79,-0.581747739861907,2.114371043619316,0.6,0,false
ETHUSDT,1770830100000,1770837300000,-9.914809097875722,1.0786509878580584,0.49250635033135437,2,false,1.5527795867723588,17,3,327,54,-0.5783045045512234,14.243680074707566,0.5,1,false
SOLUSDT,1770830100000,1770845400000,-12.066397940094996,1.163227016885544,0.8380237648530353,2,true,1.6209720371696767,17,3,340,60,-0.677966101694923,0.2305607671461437,0.5,2,false
HYPEUSDT,1770853500000,1770858000000,-5.585694533235302,0.8270879751536054,0.23631085004388727,3,false,1.7105934861332204,23,3,62,14.000000000000002,-1.0786546965027441,0.1910946614207597,0.55,0,false
BTCUSDT,1770858900000,1770872400000,-4.930276610871417,0.620825263095878,0.07276101541383811,13,false,1.1990156306674746,1,4,341,76,0.1890537997744491,4.058165360257231,0.6,2,true
SOLUSDT,1770856200000,1770887700000,-10.759216010208798,1.0594540695500365,0.06232082762058725,10,false,1.6022627488497854,0,4,347,56.99999999999999,-0.024965672200719036,0.11550126719016991,0.5,1,false
XRPUSDT,1770856200000,1770891300000,-6.019718396959909,0.6702219659844397,0.26664744883251923,10,false,1.3869696508576757,0,4,345,37,0.19565217391305412,0.27565580859036953,0.45,2,false
HYPEUSDT,1770903000000,1770904800000,-0.20380539644021856,0.6851518270715306,0.31523417395780534,2,false,1.765227327187355,13,4,0,48,-2.412066630979002,0.5508556356150301,0.5,0,false
SOLUSDT,1770913800000,1770915600000,-8.639805525667306,1.087092340372366,0.8746719980007531,1,false,1.330754316195538,16,4,363,18,-2.8901734104046346,0.3656961972593729,0.45,0,true
XRPUSDT,1770913800000,1770915600000,-4.9395950821929695,0.873426013538104,0.8224761627483708,1,true,1.1432079930229193,16,4,361,15,-2.755255793929827,0.11888298517602268,0.45,1,true
ETHUSDT,1770923700000,1770930000000,-8.121000166801926,0.8412917301280157,0.5886469353311681,12,false,1.3356989940758675,19,4,353,25,-2.7609383236689524,13.581960313741433,0.5,0,true
HYPEUSDT,1770941700000,1770944400000,0.36890047058460185,0.84597432905484,0.009723842862699707,2,false,1.9423337332221364,0,5,0,78,1.5896475843268687,3.8032994275701513,0.5,0,false
SOLUSDT,1770943500000,1770945300000,-10.130594150211603,0.562300319488815,0.15335463258786525,1,false,1.4547649883410865,0,5,372,35,-0.4218869854257202,0.8996805111821004,0.5,1,false
BTCUSDT,1770944400000,1770948000000,-5.952259947187232,0.5449212253167531,0.040067737155644254,2,false,1.0956818850606733,1,5,365,35,-0.32153806654281514,1.6046205934153037,0.6,1,false
HYPEUSDT,1770945300000,1770948900000,-1.3736986784299068,0.818122555410695,0.2803129074315467,1,false,2.026295294582388,1,5,0,85,-2.324689028874749,3.263995891114545,0.5,3,false
XRPUSDT,1770944400000,1770951600000,-5.973511486582121,0.5440376415232945,0.2720188207616554,2,false,1.2597539010835619,1,5,370,34,-0.4843325750348528,0.2257021026319753,0.5,2,false
ETHUSDT,1770944400000,1770954300000,-7.009294034252968,0.5987530697035122,0.18379608416521756,2,false,1.2621478291740136,1,5,359,19,-0.5619017263183902,13.644529596388777,0.55,2,false
HYPEUSDT,1770956100000,1770972300000,-0.7187534338294044,0.7943170810461808,0.21310946076848225,2,false,1.9990267016444372,4,5,0,85,-1.4260647631201122,4.1698222130898985,0.45,0,true
HYPEUSDT,1770975000000,1770980400000,-1.0147950343546823,0.7029761513698135,0.18395637605939472,1,false,1.7354651444268319,9,5,5,41,-1.1934263727664005,1.559523027396361,0.5,0,false
SOLUSDT,1771011900000,1771014600000,-1.3466229124380436,0.552161654135337,0.30545112781955486,1,false,1.4642959060448884,19,5,391,78,-0.4698144233028021,0.4493656015037513,0.5,0,true
XRPUSDT,1771063200000,1771071300000,1.7040910900473976,0.9699993071433528,0.13164276311231293,4,true,0.9175223403805542,10,6,1,8,0.8580397628182754,0.07541478129712652,0.45,0,true
HYPEUSDT,1771068600000,1771072200000,2.3529242085967454,0.6139581506076869,0.10963538403708853,1,false,1.4739094905027772,11,6,19,2,1.2073324905183247,3.173161257987715,0.45,1,false
HYPEUSDT,1771082100000,1771087500000,0.9135440843369286,0.8369537439304784,0.025555839509336417,2,false,1.5841717134765585,15,6,0,21,1.0406598363296615,1.2554306158957231,0.4,0,false
HYPEUSDT,1771096500000,1771100100000,-0.20038983150245765,0.5356972035330482,0.733394981027392,6,false,1.5918337730382532,19,6,1,23,-0.6197291081011982,1.4349032237492403,0.4,0,false
SOLUSDT,1771107300000,1771128900000,2.5045147770324476,0.6379585326953774,0.14809751651856398,1,false,0.9871307292767492,22,6,13,14.000000000000002,-0.17016449234260428,1.0039521881627025,0.55,0,true
HYPEUSDT,1771159500000,1771161300000,-0.1977566899490588,0.5236100533130209,0.04760091393754941,1,false,1.473203359847974,12,0,0,7.000000000000001,0.23780835817109294,1.9072099517644043,0.4,0,false
ETHUSDT,1771161300000,1771163100000,-2.6202313136615616,0.5250364608653467,1.5726786582401513,1,false,1.0958698217543472,13,0,2,49,-2.380998639984467,12.809796369091595,0.55,0,true
XRPUSDT,1771168500000,1771172100000,5.594300553654299,0.5375639176609404,0.2425593287006565,2,false,1.8808419631606101,15,0,30,98,0.9350102060973194,0.38678379441458083,0.5,0,false
SOLUSDT,1771186500000,1771190100000,-1.1742822404795825,0.607051132383855,0.16343684333411226,2,true,1.3888815337419513,20,0,1,79,-1.0444470233259902,0.06670891564656764,0.6,0,false
SOLUSDT,1771223400000,1771233300000,-1.8494746912812197,0.7043907020427264,0.04695938013618954,5,false,1.2809909135367215,6,1,6,56.99999999999999,-0.4565675485834706,0.3422616359925798,0.55,0,false
HYPEUSDT,1771256700000,1771258500000,-3.6489002633160177,0.6234948701877084,1.2601853990037208,1,false,1.5394125126324116,15,1,27,28.000000000000004,-1.5303603751851236,1.428450536667848,0.4,0,true
HYPEUSDT,1771287300000,1771298100000,1.1362299463233958,0.6802501773164036,0.3804242697788334,1,false,1.4136875193539615,0,2,0,25,1.7089287458090512,0.9004926649520089,0.4,1,false
ETHUSDT,1771263000000,1771326000000,-3.3695138057154637,1.0160013979380367,0.802815846626234,16,false,1.3308631602509817,17,1,30,99,-1.0517090271691498,10.112864359983565,0.6,0,true
HYPEUSDT,1771329600000,1771336800000,-4.781409820346211,0.7537944382194076,0.2716376353943901,1,false,1.4279366040176102,12,2,8,14.000000000000002,-1.1772245834176625,0.6822773420257203,0.35,0,false
SOLUSDT,1771334100000,1771339500000,-1.6931627875411164,0.5289139633286353,0.12929007992477604,1,false,1.1423154211105544,13,2,4,33,-0.7742843735335484,0.7936250778282111,0.55,1,true
HYPEUSDT,1771351200000,1771353900000,-4.535906296803875,0.6531744957357567,0.41288750507648536,1,false,1.6862959244025386,18,2,14,77,-1.8749162983795322,22.554927783097618,0.35,0,false
HYPEUSDT,1771420500000,1771425000000,-4.540835252327681,0.5773829859924855,0.2528185855825011,11,false,1.2463842714151745,13,3,33,5,-0.951765865597067,0.4531699936551249,0.3,0,true
BTCUSDT,1771434000000,1771440300000,-2.4399353055244757,0.767221798865074,0.34358515274150037,3,false,0.8383313995118099,17,3,51,78,-0.37953371148009035,3.6030177348731436,0.6,1,true
SOLUSDT,1771434000000,1771440300000,-3.931858367613335,1.136088953347851,0.2658931592941732,3,false,1.211739313999978,17,3,32,43,-0.7008216529724484,1.686810087825321,0.55,2,true
ETHUSDT,1771432200000,1771443900000,-1.7961720992948196,1.029127487646942,0.18321396665808043,1,false,1.0751903490461896,16,3,77,52,-0.6905080382606094,16.956619081824222,0.65,0,true
HYPEUSDT,1771436700000,1771453800000,-5.400201086627844,0.8517295324178723,0.13905788284373075,1,false,1.4882294774076181,17,3,38,41,-1.372792494481235,3.140828991689422,0.3,3,true
BTCUSDT,1771441200000,1771482600000,-3.5136875049837784,0.8240141259564493,0.13843677553422343,1,false,0.8903821133555361,19,3,53,86,-1.2600455951265883,2.1782047538668436,0.6,2,false
HYPEUSDT,1771477200000,1771485300000,-5.2058456831061966,0.5324146570623317,0.010439503079641442,2,false,1.3103671673692245,5,4,49,9,0.2128030699459269,3.176630897632446,0.3,1,false
SOLUSDT,1771604100000,1771608600000,0.007325147482546639,1.1421772754312836,0.2022605591909598,1,false,1.1925157066247687,16,5,0,63,1.4313206639403389,0.8995095013076295,0.6,0,false
BTCUSDT,1771608600000,1771613100000,-0.5040398550203854,0.6493699036323203,0.3312083024462478,1,false,0.8559396830307587,17,5,6,79,-0.38282290279628023,3.3891562008317986,0.6,0,false
ETHUSDT,1771608600000,1771613100000,-1.3235409208570628,0.7467836167635236,0.3986935120298193,1,false,1.0019344615498367,17,5,126,43,-0.4724699337314902,18.355314264440736,0.65,1,false
XRPUSDT,1771608600000,1771613100000,-0.8631824533416278,0.9276829011174277,0.5973715651134972,1,true,1.0938617376268822,17,5,48,60,-1.2178051511758177,0.12650221378875856,0.5,2,false
BTCUSDT,1771868700000,1771875900000,-4.192463816391663,0.6308711620210091,0.532134134712986,1,false,0.8826389764816158,17,1,29,94,-1.5287543420986478,0.2787177172915581,0.55,0,true
XRPUSDT,1771875000000,1771895700000,-4.122174351469279,0.6019674056673018,0.07341065922772808,1,false,1.2625183795026602,19,1,46,99,-0.2566170540362077,0.6729310429207565,0.45,0,true
HYPEUSDT,1771888500000,1771896600000,-10.511632020274833,0.7065669160432162,0.5705433386231384,1,false,1.6595909221733534,23,1,55,90,-1.342180666566135,3.239681336431629,0.3,1,true
HYPEUSDT,1771914600000,1771922700000,-9.347718534381656,0.5566570077779367,0.11438157694067842,1,false,1.6642885095725868,6,2,62,89,-0.2932439637443757,2.303586302366228,0.3,1,false
ETHUSDT,1771911900000,1771940700000,-6.582632668098206,0.7060948575494602,0.10947207093790197,1,false,1.1711736285021135,5,2,58,100,-0.6053248905001688,26.52460797934495,0.65,0,true
BTCUSDT,1771969500000,1771982100000,-4.03825209958052,0.5479114290485221,0.05680426094378436,1,false,0.902228009597012,21,2,57,81,-0.8973722582446562,0.12329287543165499,0.6,0,false
HYPEUSDT,1771978500000,1771982100000,-5.531794553362097,0.7051305593301267,0.17995519482904068,1,false,1.4120529913749964,0,3,80,57.99999999999999,-0.6202062461007761,0.8176681374374929,0.3,1,false
HYPEUSDT,1772038800000,1772045100000,0.24314518352087144,1.2914411067473444,0.08137848069914619,1,false,1.5701786042264279,17,3,0,95,1.4264264264264168,5.136257217416727,0.25,0,true
XRPUSDT,1772046000000,1772048700000,4.932991115387193,0.7433169667212159,0.05455537370431901,2,false,1.1904112420994943,19,3,5,100,0.4295942720763856,0.8973659546490844,0.5,0,false
XRPUSDT,1772050500000,1772055900000,4.493546307675162,0.5542251111871362,0.07526513855626951,1,false,1.2016228119793566,20,3,6,100,0.22562559824969788,0.5651025904190399,0.45,0,true
HYPEUSDT,1772066700000,1772068500000,-0.5958451060796548,0.7534007673526247,0.7289850017439943,8,false,1.7924418609114035,0,4,2,100,-1.04536901526239,10.411089149840445,0.3,0,true
HYPEUSDT,1772078400000,1772087400000,-1.5083486019057293,0.8226366924331583,0.2801219771647423,8,false,1.7215742652461188,4,4,5,96,-1.5269849052638949,27.64467503893443,0.35,0,false
HYPEUSDT,1772089200000,1772091000000,-0.9477911860861447,0.6477188263193283,0.19113014547127205,1,false,1.607623133926663,7,4,8,87,-0.14536945114168334,4.952650165677592,0.35,0,false
HYPEUSDT,1772092800000,1772097300000,-0.743542475884671,0.6169357681731675,0.282027779736298,1,false,1.5975937295631242,8,4,9,84,0.13484262446329176,5.331284817418351,0.35,0,false
ETHUSDT,1772098200000,1772100900000,5.086900895943577,0.5025882810411412,0.2964979220842302,1,false,1.2743171466363976,9,4,20,87,1.0237924280390192,6.912615728505194,0.65,0,true
BTCUSDT,1772130600000,1772133300000,-0.11897483910531509,0.7143762252252881,0.0661901176961578,7,false,0.9974268132515509,18,4,1,85,-0.5141537027083835,2.767804393035311,0.55,0,false
XRPUSDT,1772132400000,1772140500000,-1.1761310954544806,0.7216640724494118,0.4881845195981256,9,false,1.4107496129694375,19,4,2,88,-1.0558918766718375,0.9552268622179391,0.45,0,true
HYPEUSDT,1772152200000,1772160300000,-1.2299837305557904,0.6732575032777055,0.21969455370114865,2,false,1.7844415672684883,0,5,3,86,-0.8676024546801111,27.455905008259627,0.3,0,false
SOLUSDT,1772161200000,1772164800000,3.443075665094286,0.567260940032409,0.11576753878213537,1,false,1.2396415554353482,3,5,43,64,0.6272505517481612,0.5161302770703337,0.55,0,true
HYPEUSDT,1772172900000,1772177400000,2.135817827601433,0.7250418293363023,0.32766313441160483,9,false,1.6363613578995877,6,5,3,78,1.1118515660622224,25.347529167796836,0.3,1,true
XRPUSDT,1772168400000,1772180100000,-0.11389879824254623,0.5164119977362822,0.24759479343520507,1,false,1.1183820269025928,5,5,12,40,0.17056357046407203,0.36513429976928846,0.5,0,false
ETHUSDT,1772194500000,1772208900000,-0.5288348853268997,0.7967762615624067,0.034598202928639354,2,false,1.266952695323576,12,5,0,69,-1.212366134572641,11.894997636451857,0.65,1,true
BTCUSDT,1772193600000,1772211600000,-1.2835981220261565,0.5098425849712472,0.24210738955168115,1,false,0.8806460735410871,12,5,1,39,-0.9155074494818634,1.6575145640922162,0.55,0,true
SOLUSDT,1772211600000,1772229600000,-3.0172642777179197,0.524902343749991,0.21972656250000833,1,false,1.4297815948525485,17,5,5,70,-1.3310745401742428,2.5088915412808594,0.6,0,true
BTCUSDT,1772214300000,1772232300000,-1.8193901137428081,0.54408322813577,0.03654631255320153,3,false,0.899095679332714,17,5,7,43,-0.6373246332498894,0.6630095370253245,0.55,1,true
HYPEUSDT,1772286300000,1772288100000,-2.1728400533127785,0.6017465326190574,0.007338372349021957,1,false,1.7332559543755055,13,6,26,65,-0.9358045370134415,31.714257643062115,0.35,0,false
HYPEUSDT,1772331300000,1772344800000,8.510441663443045,1.0855349202197253,0.6277792309704426,1,false,2.0176258565858305,2,0,9,100,1.928547800198473,16.879893830015575,0.35,0,true
SOLUSDT,1772336700000,1772355600000,5.650896339396675,2.6177411979881184,0.14860539551897056,6,false,1.6481968384556525,3,0,7,98,3.940537989617731,10.337580516965755,0.6,1,false
XRPUSDT,1772336700000,1772355600000,2.11508203887633,2.009054895302772,0.056593095642341114,6,false,1.5765760024560271,3,0,2,99,3.4671134095709877,1.1194052803819146,0.45,2,false
HYPEUSDT,1772357400000,1772373600000,6.803472707545128,0.8797940630193214,0.1694418195444609,1,false,1.9496547945753975,9,0,16,90,-0.5144798576282235,16.575015258719876,0.4,0,true
HYPEUSDT,1772379000000,1772380800000,7.642082115530384,0.7707936917470273,0.5256877479278881,1,false,1.811527670861148,15,0,22,80,1.4383827912401277,15.696038275987048,0.45,0,true
SOLUSDT,1772415900000,1772417700000,1.2137191961483198,0.5832638971551114,0.6070705868348897,4,false,1.7035203333858349,1,1,2,96,1.6157989228007283,14.826719041383999,0.55,0,false
ETHUSDT,1772416800000,1772422200000,0.16338991828039487,0.565730962358117,0.2369607476060241,5,false,1.6387407231239202,2,1,1,96,1.186441552278226,12.718056390115928,0.65,2,true
HYPEUSDT,1772415900000,1772426700000,11.149937062743536,1.7901138312802063,0.3336971776079817,5,false,2.0952800660360786,1,1,33,100,2.796099346735252,11.423645254918222,0.45,1,false
XRPUSDT,1772436600000,1772442000000,-2.5365228516867226,0.5198663200891122,0.014853323431116077,1,false,1.3732186182797523,7,1,22,43,-0.8948380417098062,3.661034781532334,0.45,0,false
HYPEUSDT,1772453700000,1772458200000,5.1576282515833425,0.6315789473684217,0.08552631578947303,5,false,1.9616897073846142,12,1,43,78,0.1610041401064582,17.62086323763956,0.45,0,true
HYPEUSDT,1772485200000,1772489700000,10.689465817441372,0.7503177998945751,0.3968623073822594,1,false,2.2149146936538635,21,1,52,97,-0.10176076968146179,10.78096801801132,0.5,0,true
HYPEUSDT,1772515800000,1772517600000,11.173763928694967,0.5762906194369927,0.5249977370787179,1,false,1.944233510005438,5,2,60,76,1.7386546703547088,7.734313567783755,0.55,0,false
HYPEUSDT,1772524800000,1772527500000,10.883703447539668,1.0807997305655108,0.33985487278404547,2,false,2.0090080205834,8,2,63,78,0.21333658417652165,9.32422015789648,0.5,0,false
ETHUSDT,1772528400000,1772530200000,-0.8522859918983167,0.5215143605769437,1.0193005750289057,1,false,1.4341599962368683,9,2,0,53,-1.7386118169470826,10.913673945574887,0.65,0,true
XRPUSDT,1772528400000,1772540100000,-2.4368247549951225,0.6931642209276493,0.265467148440384,1,false,1.1825709162553912,9,2,7,31,-0.8878127522195318,2.6214880908487714,0.4,1,false
SOLUSDT,1772555400000,1772558100000,1.0321940857331435,0.7052186177715025,1.081335213916316,1,false,1.542088294372517,16,2,0,54,3.4176759803333665,13.160693050139688,0.55,2,false
ETHUSDT,1772555400000,1772559900000,0.0023727929673074506,0.5908209568863177,0.8557767468301694,1,false,1.4896275452731287,16,2,0,65,2.7245570663370464,11.504066490411532,0.7,1,false
BTCUSDT,1772555400000,1772562600000,1.2952542616182425,0.5123893805309648,0.6101769911504381,1,false,1.223073448354568,16,2,0,92,2.4642467870018936,3.641325902454936,0.55,0,true
HYPEUSDT,1772555400000,1772569800000,6.5606481837605255,1.2627291242362484,1.2439291869027056,1,false,2.1006148946387966,16,2,71,79,2.804421012513495,11.864519325059058,0.45,3,false
XRPUSDT,1772596800000,1772609400000,-1.8642087752556342,0.5539143279172704,0.08862629246677177,1,false,1.121801734149752,4,3,26,13,-0.992501102779008,2.470457902511093,0.4,0,false
BTCUSDT,1772630100000,1772635500000,6.038918173970471,0.6787543689006025,0.27884952401330176,1,false,1.2027354491206947,13,3,21,87,0.6330864587802372,8.018076629415386,0.55,0,true
BTCUSDT,1772640900000,1772644500000,8.826963106523008,0.9313019390581637,0.4322714681440524,3,false,1.2830072087486648,16,3,24,100,2.1740257302207344,9.742021787105946,0.6,2,true
HYPEUSDT,1772640000000,1772645400000,9.128402530593423,1.038167938931308,0.26564885496184215,3,false,1.7650972561225775,16,3,95,18,0.9634857318195766,9.369568613527452,0.45,1,false
SOLUSDT,1772640000000,1772652600000,9.483138933053258,1.1195258478761894,0.713423334430914,2,false,1.7327605842050742,16,3,24,100,3.290941543953595,5.593217629814829,0.5,0,true
HYPEUSDT,1772671500000,1772675100000,4.7493637150417385,0.5490023842389281,0.2384238925837637,6,false,1.7889347063674934,0,4,104,5,0.7036722897622083,12.338210798864182,0.4,0,false
XRPUSDT,1772677800000,1772689500000,2.383030540468145,0.5132892701448364,0.09140767824497813,1,false,1.3990308677489758,2,4,17,62,-0.02803869339690018,1.2283592160485253,0.35,0,false
HYPEUSDT,1772733600000,1772740800000,-0.6819341809525269,0.6775244299674331,0.5407166123778514,1,false,1.8310168012166537,18,4,0,15,-1.6726827381719684,16.607559717698162,0.4,0,true
BTCUSDT,1772763300000,1772772300000,3.565326812431073,0.73636704891519,0.2432918344825374,2,false,0.9721524662131997,2,5,58,7.000000000000001,0.23607342940699766,7.726346606120699,0.6,1,false
ETHUSDT,1772763300000,1772772300000,3.4764058204174377,0.8206387023801016,0.13236108102904723,2,false,1.2807257045675777,2,5,44,11,0.4999132262480905,5.690210132730158,0.7,2,false
SOLUSDT,1772763300000,1772772300000,3.04811680280308,0.8678990081154149,0.169071235347166,2,false,1.3181657002486569,2,5,58,4,0.29272686331907805,2.3460437330928343,0.55,3,false
XRPUSDT,1772762400000,1772772300000,1.3459438129857038,0.5481597494126889,0.3345910158752706,1,false,1.1034649917818002,2,5,41,17,0.47703809184762747,0.7286422791512911,0.35,0,false
HYPEUSDT,1772771400000,1772780400000,0.016338489404086533,0.506602170218333,0.022878807687284123,2,false,1.424059136730022,4,5,0,1,-0.042392225917960207,0.33568870791331423,0.45,1,true
ETHUSDT,1772784000000,1772788500000,3.0551884028807366,0.5393442228583819,0.05917871490774463,2,false,1.1332358223105319,8,5,50,1,0.41794814936223484,5.637501017713953,0.65,0,false
SOLUSDT,1772784000000,1772788500000,2.438615082663995,0.5328194082303581,0.2720779956921088,2,false,1.211021016571594,8,5,64,2,0.5218377765172929,2.4020087078428034,0.5,1,false
HYPEUSDT,1772823600000,1772828100000,-2.285248701810598,1.6470665744309383,0.3952959778634285,20,false,1.4314913178980795,19,5,9,11,-0.8471515350517128,0.42803043142485764,0.45,1,false
SOLUSDT,1772827200000,1772851500000,-1.5128224857518986,0.5623901581722367,0.08201523140010919,1,false,1.3050996971993156,20,5,7,10,0.058685446009386334,6.366980459030026,0.45,2,true
BTCUSDT,1772820000000,1772911800000,-1.4531668874697592,0.5770195684896968,0.18749834948636443,1,false,1.0124715117060725,18,5,3,18,-0.8779392546725362,4.051969232783382,0.55,0,true
HYPEUSDT,1773000000000,1773002700000,0.7097524047529867,0.7051954867488843,0.4493571241144072,1,false,1.1962420438229064,20,0,0,28.999999999999996,1.4206238823763113,0.05789009679307534,0.4,0,true
SOLUSDT,1773028800000,1773036000000,-2.234065373545805,1.4289145052833785,0.04803073967339848,1,false,1.26043760033293,4,1,63,57.99999999999999,0.5688695231178877,0.8268273513230097,0.45,1,false
ETHUSDT,1773037800000,1773040500000,0.7714301524667789,0.5551644372925658,0.35552650105602757,3,false,1.1823220796813294,6,1,0,64,1.3406995922249543,10.328457099728217,0.6,1,false
HYPEUSDT,1773018000000,1773047700000,0.37962895986102,1.0033773813817783,0.10492835360855175,8,false,1.4484593233329435,1,1,2,65,0.6881111513515281,0.09335268204038186,0.45,0,true
ETHUSDT,1773052200000,1773055800000,0.4606593871350709,0.5554442552338935,0.07262345988180134,4,false,1.237617307821492,10,1,1,72,0.5355861078902361,9.879383417994115,0.55,1,false
HYPEUSDT,1773051300000,1773057600000,2.103132949447483,0.545284419062359,0.18713903139418525,4,false,1.3749299240845798,10,1,5,60,0.9419609620302345,1.6969789967438542,0.5,0,true
SOLUSDT,1773081900000,1773084600000,0.30380277373872006,0.7523216174914615,0.17632537909957177,1,false,1.251930463763154,18,1,5,69,1.0657193605683735,1.0452610083731055,0.45,0,true
SOLUSDT,1773091800000,1773099000000,1.0116986866904072,0.7220216606498248,0.023291021311279865,1,false,1.2981274998164354,21,1,7,82,0.4777997902342344,5.343878807958915,0.5,0,false
HYPEUSDT,1773099900000,1773102600000,11.997059930814743,1.1679595572212846,0.48229175745955416,10,false,1.9591215624185243,23,1,19,94,1.894428152492671,3.3368443460526516,0.55,0,false
HYPEUSDT,1773154800000,1773163800000,10.464817002490975,0.9373904917649747,1.1009227893937696,1,false,1.8345663331147355,15,2,34,83,0.5744458628292713,3.8522722330541277,0.55,0,false
XRPUSDT,1773166500000,1773171900000,2.5907963753544534,1.0242819282286355,0.06446529618223071,15,false,1.2513902788887459,18,2,15,100,0.5902677800172751,0.6133298769929303,0.35,3,false
HYPEUSDT,1773185400000,1773194400000,7.492743393725222,0.6870027303954721,0.0645900002935864,1,false,1.6756289657435914,23,2,42,70,1.3496315150797735,4.796473260825036,0.5,3,true
ETHUSDT,1773166500000,1773215100000,3.235777169478348,0.9648157921995899,0.6422240089181328,14,false,1.234454211971278,18,2,17,96,0.58103208222023,8.19021475156442,0.55,1,false
SOLUSDT,1773166500000,1773223200000,3.1207447221382933,1.245199581054355,0.7680670313045461,14,false,1.3219443829895001,18,2,17,99,0.7440995233112435,5.198647918866472,0.45,2,false
BTCUSDT,1773165600000,1773230400000,3.2418357374021274,1.022184771521317,0.6503641667369935,13,false,1.1340087847228886,18,2,28,100,0.7531083786347931,6.365080323993423,0.55,0,false
HYPEUSDT,1773235800000,1773237600000,10.892758999979572,0.6296556570625544,0.5003513703443352,1,true,1.4891319230701143,13,3,56,65,1.319379975806682,0.32002096311204314,0.55,0,true
ETHUSDT,1773236700000,1773240300000,1.9923480445314754,0.8138341996887957,0.38924639345791495,1,false,1.1225480606837326,13,3,37,61,1.1799161937932023,7.65156442072611,0.5,1,true
HYPEUSDT,1773263700000,1773267300000,11.916337311980989,0.7303323984338264,0.26380828080308477,1,false,1.6890891451629708,21,3,64,71,0.2574180690876783,1.1697167853157437,0.55,1,true
ETHUSDT,1773250200000,1773273600000,2.7202622540429893,0.633850630455876,0.04122211445198395,3,false,1.2049456377127168,17,3,40,90,0.9117354210187146,6.3551794549366285,0.55,0,false
HYPEUSDT,1773279000000,1773280800000,12.97618531419328,0.756454530504841,0.31244861042592864,2,false,1.542506462475898,1,4,68,59,0.9368131868131898,2.1846345962315374,0.55,0,false
SOLUSDT,1773285300000,1773303300000,-0.38373040714747064,0.5502224303441804,0.12877546242097804,1,false,1.1512132942044304,3,4,0,37,-0.999883734449482,0.7646578455950497,0.45,0,false
ETHUSDT,1773331200000,1773357300000,2.5584405397097325,0.6683240713658982,0.592278443989475,2,false,1.1496011792288636,16,4,63,68,1.1135944599042409,6.899556693458828,0.5,2,true
ETHUSDT,1773358200000,1773360900000,2.07214970293033,0.546548610875783,0.6501459560727814,1,false,1.0262529097475022,23,4,70,30,0.7763847223770353,11.20151598858281,0.55,2,true
XRPUSDT,1773328500000,1773360900000,-0.7533579639781361,1.0383386581469634,0.23235550392098966,2,false,0.8663860676182614,15,4,0,28.000000000000004,-0.8759229766903142,0.8174420926517748,0.35,1,false
SOLUSDT,1773328500000,1773361800000,-0.07030124861024328,1.470588235294113,0.6137100509495149,2,true,1.2032794082707343,15,4,0,50,-1.2687427912341505,0.3321320846372236,0.4,0,false
SOLUSDT,1773369000000,1773372600000,5.5410443003196495,1.073059360730591,2.4200913242009183,8,true,1.351915411716573,2,5,10,99,3.2091097308488683,8.931358244846145,0.35,0,true
HYPEUSDT,1773375300000,1773386100000,13.185644001674751,0.9623031652616498,0.4188537193149919,11,false,1.4801952873890805,4,5,95,38,1.42682212639087,1.049806551940331,0.5,0,false
ETHUSDT,1773401400000,1773406800000,4.611716762848624,0.5196032120925839,0.19650448748227936,5,false,1.0723497575391034,11,5,82,42,1.0403337440122487,3.571496416470926,0.55,0,true
XRPUSDT,1773402300000,1773406800000,2.673253328502521,0.5424827391855741,0.140904607580668,13,false,0.9495358854251232,11,5,12,63,0.6015995470309259,0.5439421083355465,0.3,1,true
ETHUSDT,1773422100000,1773423900000,4.624335653712688,0.8694181802809859,0.05025810118316536,2,false,1.4001247589372978,17,5,88,100,0.2496473906911117,2.987237219960887,0.6,0,false
HYPEUSDT,1773428400000,1773440100000,7.135317450297644,0.7084019769357569,0.05766062602965622,6,false,1.475878976420321,19,5,110,22,0.4786531690141027,1.995299261453402,0.5,0,false
HYPEUSDT,1773463500000,1773470700000,8.149821319085838,0.5623419254156921,0.14260345477050096,1,false,1.1969473046311119,4,6,120,1,0.9133407193233739,0.4098686897568626,0.45,0,false
HYPEUSDT,1773473400000,1773477900000,8.062001010002229,0.5830825451418711,0.20152622527943825,1,false,1.1635839486209891,7,6,122,1,0.7872529724191896,1.6654321499238345,0.4,0,false
XRPUSDT,1773481500000,1773533700000,0.19796994104670815,0.6040558032503928,0.028764562059539475,11,false,0.745392662585433,9,6,34,3,-0.10766580534022803,0.16432292728789344,0.3,0,true
XRPUSDT,1773615600000,1773617400000,4.4133201547084555,0.5245855773938631,1.489823039798566,1,false,0.8052011562147329,23,0,71,56.99999999999999,1.7171292402579172,0.4724225608248046,0.35,0,true
SOLUSDT,1773616500000,1773618300000,6.499068178871921,0.6189897203492896,1.635901403780263,2,true,0.9574073651633241,23,0,79,46,2.234078026008675,0.827530304705057,0.4,1,true
ETHUSDT,1773617400000,1773619200000,5.85893150692507,0.542216062331432,1.6542740485466167,3,false,0.8812840994668664,23,0,142,46,1.5478790316169662,7.484374602968193,0.55,2,true
HYPEUSDT,1773616500000,1773629100000,5.802796099863623,0.7511105128550368,0.3176739803472742,2,false,1.1109770210276608,23,0,162,16,0.18277113291225627,1.8415143464228318,0.4,2,true
XRPUSDT,1773675900000,1773680400000,6.1813413561077075,0.8363121332703829,0.8430565859580617,3,false,1.0901319390904505,15,1,88,99,1.4592159236096987,3.6351718358708442,0.35,0,true
HYPEUSDT,1773676800000,1773691200000,8.633800052285588,0.796935653872856,0.14910409007943604,2,false,1.4242918672432119,16,1,179,85,1.8950437317784299,3.8891720486061003,0.45,1,true
HYPEUSDT,1773699300000,1773708300000,13.672506894847086,0.9026466187544336,0.38264367534155563,2,false,1.6101710016583597,22,1,185,100,1.9471522588945493,8.796480503483828,0.5,1,false
XRPUSDT,1773687600000,1773710100000,8.942218846359888,0.8245533669262447,0.202866304561212,2,false,1.1207004621195442,19,1,91,100,1.7771024641606608,6.531921059766062,0.4,1,true
XRPUSDT,1773716400000,1773718200000,12.218316579158401,0.8803597441256586,0.8486921274304946,1,false,1.2927717468095699,3,2,99,100,1.7643312101910724,2.3155361327506587,0.4,0,false
HYPEUSDT,1773736200000,1773760500000,13.301184038460997,1.1397617530271176,0.11275062503063721,9,false,1.5916593737392348,8,2,195,93,0.12005684324006344,8.849639633446808,0.5,0,false
HYPEUSDT,1773765000000,1773772200000,8.03534473104935,0.7717944220312223,0.6715613802089877,1,false,1.7454482077383249,16,2,203,100,0.06972806056379792,6.789483989517545,0.5,1,true
BTCUSDT,1773759600000,1773783900000,4.018275134952016,0.5580635034046667,0.21042404165719422,1,false,0.8743819880230821,15,2,193,77,0.8403030146533031,0.4329367528029488,0.55,1,true
HYPEUSDT,1773829800000,1773834300000,9.953100355031202,0.6847823456820027,0.019357804824939318,2,false,1.5512126486461204,10,3,221,64,0.6296035199455486,9.965000647458263,0.5,0,false
BTCUSDT,1773861300000,1773864900000,-1.2103392020808157,0.5287213119343712,0.062153101005780205,1,false,0.888772864141929,19,3,4,74,-1.081930521492464,2.9338876718017457,0.6,1,true
HYPEUSDT,1773854100000,1773882000000,12.324382027828884,2.124896706410102,0.2597095974501394,1,false,2.033633848684712,17,3,228,100,1.2197151620342976,11.88219955833488,0.45,0,false
HYPEUSDT,1773935100000,1773936900000,2.797668134234611,0.7484567901234669,0.18775720164609155,8,false,1.9874190557024158,15,4,251,78,1.0139221287217848,3.947539898722969,0.45,1,true
XRPUSDT,1773935100000,1773939600000,-1.2994770742525161,0.5899090845998994,0.6940106877645922,1,false,1.1141010443589354,15,4,1,49,-1.0259965337954888,0.6996413405143166,0.4,2,true
ETHUSDT,1773931500000,1773947700000,-2.5745638937144637,1.0383912937056328,0.35256349908682927,1,false,1.2596270962106753,14,4,4,64,-1.3313491784943736,3.2045183607832493,0.55,0,false
HYPEUSDT,1773945000000,1773947700000,4.067056053420102,0.8224185196466597,0.5838156157985502,4,false,2.0011292769130247,18,4,253,81,1.1630269172168572,5.205613546104906,0.45,1,true
HYPEUSDT,1773960300000,1773966600000,2.078614370400119,0.596284687715011,0.0535127283846821,1,false,1.939979232551238,22,4,258,67,1.0352496101837916,4.827028599580402,0.45,0,true
HYPEUSDT,1773981900000,1773985500000,2.4039411605690164,0.5681244318755717,0.0025249974749966403,4,false,1.790574320400092,4,5,264,61,-0.03531964276703112,5.95399699854162,0.45,0,false
HYPEUSDT,1773995400000,1773999000000,4.280160987001076,0.9278996865203698,0.5266457680250805,2,false,1.8314223457354843,8,5,267,63,2.175564785735999,6.585248139686793,0.45,0,false
HYPEUSDT,1774054800000,1774062900000,1.7085441871531042,0.7654037504783701,0.39545860441383124,14,false,1.7251679772916144,1,6,284,31,1.1660686827268023,4.939175634927608,0.45,0,true
HYPEUSDT,1774145700000,1774151100000,-0.5101089417105763,0.7019245494920765,0.31139925468375085,2,false,1.2706400894130676,2,0,0,16,-0.8623101772950569,4.49652098963314,0.45,0,false
HYPEUSDT,1774161000000,1774179000000,-1.4258302039696524,0.7288629737609359,0.3592253227821693,1,false,1.2853060662250715,6,0,1,18,-1.6906279844100895,2.596187790682279,0.4,0,true
HYPEUSDT,1774228500000,1774242900000,-3.1873610359324798,0.9215017064846391,0.4253084799160045,3,false,1.2779857568285184,1,1,20,30,-1.4623611147250855,1.759613196814546,0.4,0,false
HYPEUSDT,1774263600000,1774265400000,-4.4519470434954735,0.6973684210526331,0.15000000000000568,19,false,1.2987139238347303,11,1,30,33,-0.9620915032679793,1.5201569611389456,0.4,0,false
HYPEUSDT,1774278000000,1774283400000,-1.320177218364999,1.0860789165255746,0.37504883448367093,1,false,1.8484993272483177,15,1,0,70,-2.189105858170616,2.9031822441289217,0.4,0,true
ETHUSDT,1774280700000,1774293300000,-0.3972466146929176,0.8822715915110736,0.24658600272837394,12,false,1.5996200360309587,15,1,0,100,0.48221792126116925,2.7461447744941876,0.5,1,true
XRPUSDT,1774288800000,1774305900000,0.938156785045696,0.634102153160066,0.3484077764615632,1,true,1.286265088662227,18,1,4,99,0.5999720943211903,0.11774299559131178,0.45,1,false
SOLUSDT,1774366200000,1774382400000,0.09494187716247551,1.1489124372559967,0.0446179587283793,1,false,1.1460893009029578,15,2,26,84,0.3689624329159194,1.1196902190394136,0.45,0,false
HYPEUSDT,1774369800000,1774384200000,2.0890980153959715,1.8105741663868598,0.7309450628922728,5,false,1.484130623703054,16,2,1,66,1.6810445932914673,3.3048996225712184,0.45,1,true
HYPEUSDT,1774403100000,1774409400000,3.9262096935178654,0.5991894781333127,0.009945053578988311,9,false,1.5144281406741253,1,3,11,74,0.6765359362907876,7.282168720521811,0.5,0,false
XRPUSDT,1774539900000,1774548900000,-4.097372642388537,0.542482222710934,0.3225569972876022,2,false,0.7636018424641705,15,4,27,34,-1.224132905858361,0.17882015352874744,0.4,0,true
HYPEUSDT,1774598400000,1774601100000,0.6723684679087256,0.735161812713676,0.4498367735136217,1,false,1.1194309462961782,8,5,0,8,1.1252231045810868,2.620257013234394,0.5,0,false
SOLUSDT,1774630800000,1774633500000,-6.602701479301901,0.6595515049766125,0.1319103009953225,4,false,1.0995441041728897,17,5,35,54,0.1805271392465898,4.437154163740095,0.4,1,true
BTCUSDT,1774629900000,1774636200000,-5.636789576302532,0.5386511234098083,0.2506863311806493,3,false,0.8700813918729499,16,5,35,65,-0.17791928083154293,0.7185573371775336,0.6,0,true
ETHUSDT,1774634400000,1774640700000,-6.568740975529436,0.6626861754478108,0.08226797151407801,1,false,1.0484340145347713,18,5,36,59,-0.5030490107709897,15.639259494180758,0.55,1,false
HYPEUSDT,1774682100000,1774686600000,0.524867028633559,0.7628702352609933,0.13055832885337743,1,false,1.1521625795748958,7,6,0,19,1.3178334714167366,3.018159505923093,0.45,0,true
HYPEUSDT,1774828800000,1774830600000,-3.168120829359507,0.7257046697517968,0.19720235591080076,1,false,1.0021864384737666,0,1,10,25,-1.1032391310031033,7.747497029279095,0.45,0,false
HYPEUSDT,1774832400000,1774847700000,-3.57873964390085,2.2489388067178,0.284742545281985,1,true,1.161528811078814,1,1,11,41,-0.24049896929013445,0.10044425110073882,0.45,0,false
HYPEUSDT,1774856700000,1774863000000,-1.484665040096766,0.5981016772851488,0.20543492393707094,8,false,1.184454609743014,7,1,18,67,-0.89481987224249,1.4682888100964508,0.45,0,true
ETHUSDT,1774883700000,1774891800000,0.2858069838965873,0.7684461067663919,0.25744401806966444,1,false,0.9471002083460084,15,1,0,85,0.16544918001064646,11.18426642590921,0.5,1,false
HYPEUSDT,1774881900000,1774891800000,-2.0646637192015254,0.8448420171584025,0.3452605147520347,3,false,1.16443652395872,14,1,25,59,-0.9790391876057745,0.8937232666398361,0.45,0,true
ETHUSDT,1774899900000,1774905300000,-1.9886756077695567,0.6000404632549275,0.2807755128224134,2,false,1.0134522099216696,19,1,2,91,-0.8221372620322966,12.941059517564138,0.45,0,false
HYPEUSDT,1774899900000,1774918800000,-4.601716311780994,0.5880766118154745,0.5152414351227476,2,false,1.2842904383030374,19,1,30,83,-0.9857112161581364,1.11238836145512,0.5,1,false
BTCUSDT,1774969200000,1774975500000,-2.153711316162673,0.714272975334852,0.14995868333599988,1,false,0.9116953510773412,15,2,129,100,-0.1060134769446751,2.15371523637703,0.6,0,false
ETHUSDT,1774969200000,1774975500000,-0.7580944867440907,0.6496662640339944,0.4937463606658244,1,false,1.1916599912919026,15,2,0,100,-0.32491949324130026,5.354846914133468,0.4,1,false
SOLUSDT,1774969200000,1774975500000,-5.320681212173945,0.7936507936507832,0.4151404151404193,1,false,1.299560693846199,15,2,129,100,-0.3056234718826406,10.305077725572495,0.4,2,false
XRPUSDT,1774969200000,1774977300000,-3.388646043255895,0.7984332630310459,0.21843928894244524,1,false,0.9174125675507911,15,2,146,100,-0.1357773251866956,0.3389575173245082,0.45,3,false
HYPEUSDT,1774992600000,1774997100000,-4.411209535201475,0.5239602663464692,0.3438489247898638,1,false,1.420416078360999,21,2,55,96,-0.9048913043478218,2.1193428320644943,0.5,1,true
ETHUSDT,1774978200000,1775010600000,1.4246731531827534,0.8897617949315458,0.16454173225351015,1,false,1.2964645676825635,17,2,0,100,2.328441459718309,4.111316923117251,0.35,0,false
SOLUSDT,1775063700000,1775074500000,0.6112072902114416,1.5867377146240418,0.47365304914149375,2,false,1.107645052011584,17,3,0,86,1.9143335726250401,2.8969368358729737,0.4,0,false
HYPEUSDT,1775065500000,1775079000000,-4.410076973694439,0.9380965366784869,0.42814289610036427,1,false,1.4547747610708404,17,3,76,97,-1.2984548658172925,2.1838380616056403,0.5,1,true
BTCUSDT,1775097000000,1775105100000,-1.1143203725717103,0.5438781617395656,0.027014804411332215,1,false,0.8349918144464311,2,4,0,80,-1.0571685354662277,1.766922298336,0.6,0,true
HYPEUSDT,1775102400000,1775111400000,-7.088980884993772,0.6461303029444315,0.13319352736134285,1,false,1.3521048351343605,4,4,86,69,-1.2640804516980695,1.649807405750046,0.5,1,false
XRPUSDT,1775106000000,1775133000000,-3.5024684276542,0.6713457430576855,0.07628928898381827,1,false,0.9206254223402608,5,4,3,92,-0.3201219512195108,0.7171193164479595,0.4,1,true
HYPEUSDT,1775157300000,1775162700000,-7.13335093535782,0.5653266331658303,0.1627455459113812,6,false,1.1267952419734077,19,4,101,12,-0.21134403381506014,0.25040757520814977,0.45,0,false
HYPEUSDT,1775225700000,1775320200000,-4.160558756475153,1.1728481455563244,0.12036389083274811,5,false,0.9082337274920588,14,5,120,9,-0.8899271372156413,6.057643528859158,0.45,0,false
HYPEUSDT,1775493900000,1775495700000,1.4618711676535228,0.770981127024486,0.005354035604343312,9,false,0.9977959862389043,16,1,17,91,0.6896737519868537,5.575247164854462,0.45,0,false
HYPEUSDT,1775571300000,1775575800000,-1.8861154844653345,0.5722540141119037,0.01388966053668385,1,false,1.0738762813358333,14,2,3,98,-0.882661223589122,2.4111244911490526,0.4,0,false
HYPEUSDT,1775655000000,1775657700000,7.320637846899094,0.5143220878421342,0.626352641629541,3,false,1.2071990606423788,13,3,17,92,0.7920741646291767,4.626153930733296,0.4,1,false
ETHUSDT,1775671200000,1775673000000,5.674379077011673,0.5753326141675738,0.18878101402372427,1,false,1.0450076040557799,18,3,25,91,0.5910602142593433,1.6795430418262685,0.3,1,false
SOLUSDT,1775671200000,1775673000000,2.4983372720255566,0.5495161868354961,0.13140604467805453,1,false,0.9949179261656329,18,3,22,86,0.6351108448172572,2.9860352308483122,0.35,2,false
HYPEUSDT,1775679300000,1775682900000,2.7203058290034097,0.50338665893576,0.23192683762486088,1,false,1.345446279324978,20,3,24,98,0.3876684511722503,1.2716278707370214,0.35,1,true
HYPEUSDT,1775686500000,1775688300000,6.585921398037592,0.8265327474367088,1.9852479598242319,4,false,1.4401858545346837,22,3,26,100,2.516103588799792,1.999373333324656,0.4,1,true
XRPUSDT,1775603700000,1775690100000,3.460634928615031,1.7224950524078335,0.285860881037896,1,false,0.9089454237532718,23,2,1,100,2.401909592719678,0.9883373345982965,0.4,0,false
ETHUSDT,1775746800000,1775749500000,2.433826376701554,0.6373771217099924,0.04608655977657236,1,false,0.8207284565286844,15,4,46,52,0.30588528839622264,5.270313471586551,0.3,0,true
SOLUSDT,1775752200000,1775754000000,2.067735551222448,0.5444646098003664,0.7501512401693772,3,false,0.8725536448033526,16,4,1,59,1.436571706841968,2.2047710142084087,0.3,1,true
ETHUSDT,1775751300000,1775754900000,4.2758975077499,0.5537906170093319,0.6868826829902034,2,false,0.9312896804312392,16,4,47,73,1.6123845835821538,4.112036299517614,0.35,0,true
ETHUSDT,1775755800000,1775773800000,3.777891184731069,0.7003524412673405,0.1676134561894584,1,false,0.9915602763525636,17,4,48,80,0.6447085455574322,3.471964657257666,0.4,0,true
BTCUSDT,1775786400000,1775807100000,3.904551621650688,0.5415869330348587,0.12984199548399816,1,false,0.8090235528216491,2,5,58,89,0.46015489564493284,8.4133414755327,0.6,0,false
HYPEUSDT,1775835000000,1775837700000,10.583850642375031,0.6895557531054012,0.2642896614689686,5,false,1.23952778738155,15,5,67,80,1.1420982735723748,9.959642214147678,0.45,0,true
HYPEUSDT,1775838600000,1775850300000,9.614875506036688,0.5562186679398522,0.2673669133444781,1,false,1.2610948855023796,16,5,68,83,0.7306939204355447,10.537843604560523,0.45,0,false
HYPEUSDT,1776005100000,1776009600000,2.798383435466892,0.5126427103197225,0.1287798112880448,1,false,1.0951638505409897,14,0,115,21,1.327872921320436,6.260316205375825,0.4,0,true
HYPEUSDT,1776035700000,1776042900000,3.6057557330115717,0.8144840783082301,0.10303714243658699,1,false,1.0457975637210448,23,0,123,18,0.23992557410763868,7.13435677561387,0.45,0,true
SOLUSDT,1776050100000,1776062700000,-1.119057704340493,0.5123825789923163,0.024399170428200587,2,false,0.7693340607533075,3,1,25,43,-0.4739912493923196,1.700976360352117,0.35,0,false
HYPEUSDT,1776055500000,1776074400000,4.204209428061791,0.6224772649905176,0.6078879540923017,14,false,1.0365627645143596,4,1,129,21,0.858034321372847,7.948892344796536,0.5,1,true
BTCUSDT,1776089700000,1776092400000,1.1548292228909127,0.5734096381141778,0.3143779446593718,1,false,0.5167843992836638,14,1,2,45,0.6329691945625067,7.318535563234153,0.6,0,true
SOLUSDT,1776089700000,1776093300000,1.0216557111534177,0.6402512684223256,0.3261657405170283,1,false,0.7687029173049699,14,1,0,56.99999999999999,1.1252268602540745,1.5318521706821786,0.35,1,true
XRPUSDT,1776092400000,1776095100000,0.561333940321127,0.5380361679868552,0.022418173666116196,1,false,0.6053673928391259,15,1,1,56.00000000000001,0.12696041822255674,0.8060795487773791,0.4,0,false
SOLUSDT,1776096000000,1776097800000,-0.14913429357248004,0.5436752446538635,0.10873504893075898,1,false,0.8973925422632663,16,1,0,77,-1.5167801265974084,3.967831012218918,0.4,1,false
ETHUSDT,1776094200000,1776102300000,2.3079069116195243,0.808998170881535,0.17654178307199328,6,false,0.7524135973909679,15,1,142,44,0.6711409395973253,3.8976000566576565,0.45,1,true
HYPEUSDT,1776139200000,1776156300000,10.670938516563778,0.5549190087843451,0.20219720967849814,1,false,1.2675079112692345,4,2,152,94,-0.04252366777824657,15.665804149968965,0.5,0,true
HYPEUSDT,1776242700000,1776250800000,5.525666714019693,0.5157131345689047,0.07597559571774203,1,false,1.1163380012690587,8,3,181,56.99999999999999,0.9690731209718534,13.490168809335811,0.55,0,true
HYPEUSDT,1776263400000,1776270600000,6.910163929571148,0.6236160694111874,0.3050295991685074,1,false,1.1047120255525102,14,3,186,59,-0.11688545225678745,15.098863080878056,0.6,0,true
SOLUSDT,1776270600000,1776273300000,0.654908670784268,0.5115393766357444,0.3093028788960158,1,false,0.8406392001118489,16,3,4,60,0.6195639223162112,2.354305169664356,0.35,0,true
HYPEUSDT,1776288600000,1776293100000,6.950594541451814,0.5009884974838223,0.05616462976275741,1,false,1.1875137552702093,21,3,193,73,0.6017603736303231,15.566354101198199,0.6,0,true
XRPUSDT,1776353400000,1776356100000,3.795695212842018,0.7009842101536514,0.19825816044749087,1,false,0.9227945713518593,15,4,68,100,1.6077170418006406,0.5131823563411038,0.4,0,true
ETHUSDT,1776369600000,1776375000000,4.11919439177983,0.5109106481619481,0.27612185155041646,1,false,0.9835861938398132,20,4,219,85,0.6447095391394156,0.3649643534190889,0.5,0,false
SOLUSDT,1776370500000,1776375000000,7.324816289557995,0.6045678459471474,0.459023734885816,2,false,1.2037114913432183,20,4,32,100,0.9667266187050353,0.3570944607414153,0.4,1,false
HYPEUSDT,1776386700000,1776392100000,3.8285560105122207,0.5311630875849108,0.36930652441526246,1,false,1.2801732974276345,0,5,221,85,0.3349740224227474,14.24048738565123,0.6,0,false
ETHUSDT,1776432600000,1776434400000,4.116192289372749,1.1408680170647347,0.5924787530652745,1,true,0.8592886823998552,13,5,236,56.99999999999999,2.0193025307008767,0.012825347609548454,0.5,0,true
HYPEUSDT,1776503700000,1776510900000,4.92149005209218,0.6726608219915182,0.11883674521851247,1,false,1.0313133369290433,9,6,253,3,0.915105977346644,14.895585618433474,0.6,0,false
XRPUSDT,1776582000000,1776583800000,1.9436101798142276,0.5194440544714357,0.14039028499227865,1,false,0.7257172164778241,7,0,132,28.999999999999996,-0.03498215909885573,1.46726893010635,0.45,0,false
SOLUSDT,1776610800000,1776613500000,1.0913558942288681,0.5441704295472952,0.011578094245676629,2,false,0.7860565493276119,15,0,3,35,0.6362795002313711,0.26831825735007775,0.4,0,false
ETHUSDT,1776622500000,1776631500000,-0.777461676366494,0.5311963863009541,0.13464503659304228,1,false,0.7783139712466293,18,0,1,34,-0.4843528447599298,0.7906951651898222,0.5,0,true
SOLUSDT,1776645900000,1776670200000,-1.807145772411619,0.8405351012193772,0.5564105599621154,10,false,0.9131083814682077,0,1,7,61,-1.2812977547901603,1.9435293225405703,0.35,0,false
BTCUSDT,1776700800000,1776708000000,1.6814850022600858,0.5414027167409806,0.5637890461558025,2,false,0.7334548636857544,16,1,9,82,0.553851057895366,0.7112924666686448,0.6,1,true
XRPUSDT,1776700800000,1776753900000,1.9154299960881143,0.6702412868632753,0.7337378298292624,2,false,0.8915778352267214,16,1,9,53,0.6175871991016857,0.9290024416794942,0.45,2,true
HYPEUSDT,1776698100000,1776779100000,-4.139675319011101,1.2330725066014032,0.3900288282177411,1,false,1.2029691537302831,15,1,21,57.99999999999999,-0.3576120274412457,8.692627100748943,0.55,0,true
HYPEUSDT,1776780000000,1776786300000,-4.566385290719707,0.7638871721341809,0.0568589157252064,1,false,1.173558214369317,14,2,44,50,-1.1913827409172577,6.78568327003685,0.55,0,true
SOLUSDT,1776788100000,1776791700000,0.6645725880584041,0.6056370836245004,0.0116468669927849,1,false,0.8011862050964574,16,2,10,41,-0.1972844377393544,0.28550382924095574,0.35,1,false
ETHUSDT,1776784500000,1776792600000,-0.531118303784439,0.604959892759066,0.2486432725778902,1,false,0.8292345050080828,15,2,0,62,-0.30715701884158336,1.2288119128466806,0.55,1,true
HYPEUSDT,1776801600000,1776803400000,-7.705754036137126,0.6650977182032078,0.12790340734676445,1,false,1.266773437429529,20,2,50,73,-0.904228222109009,3.545167143053834,0.6,2,false
SOLUSDT,1776801600000,1776804300000,-1.0436466858732827,0.6814710374809051,0.5639760310186864,1,false,0.9043249346064862,20,2,2,77,-1.0210069240699335,1.1726493068911834,0.3,1,false
ETHUSDT,1776801600000,1776824100000,-0.5603674483958693,0.817356162190457,0.5490868024455804,1,false,0.9462273485587684,20,2,0,85,-1.0279172993809034,1.1673620848433477,0.55,0,false
XRPUSDT,1776829500000,1776835800000,2.124199293197275,0.6617903169627352,0.404040404040406,5,false,0.7377940027123522,3,3,45,37,1.099824868651492,2.1260677535514163,0.5,1,true
SOLUSDT,1776831300000,1776836700000,2.026748857868728,0.7830492860433058,0.24182404421924658,7,false,0.8899742306857827,4,3,4,87,1.1598237067965669,0.8445739639601598,0.3,2,true
HYPEUSDT,1776829500000,1776836700000,-4.602292836876147,0.7640025797489702,0.36463759488018666,1,false,1.2927613878294204,3,3,58,90,-0.5350242742494825,6.46394275641278,0.6,0,false
HYPEUSDT,1777246200000,1777250700000,1.926315121922532,0.5553841406973198,0.2254764673771126,2,false,0.6506091584265286,23,0,4,40,0.8828231251938571,5.356878251046683,0.6,0,true
SOLUSDT,1777252500000,1777258800000,1.4282034436035662,0.5404162354834987,0.39093940439232316,1,false,0.5914716763010315,1,1,20,48,0.5875576036866418,0.5689504878880001,0.35,1,true
ETHUSDT,1777252500000,1777267800000,2.7050274441247386,0.6054401132514237,0.48999780912415986,1,true,0.6145585813706748,1,1,19,50,1.0272582772498302,0.24539161487662536,0.5,0,false
ETHUSDT,1777320000000,1777358700000,-1.640553182517632,0.765895578575686,0.7520488788500362,19,false,0.7259683664121503,20,1,14,73,-0.8031312170227364,1.1470487916213385,0.45,0,true
ETHUSDT,1777495500000,1777497300000,-3.1690441411910757,0.5090156535523191,1.0752735518812915,10,false,0.9361295511028087,20,3,8,98,-1.2939922104929196,0.5889190470354472,0.5,0,true
HYPEUSDT,1777639500000,1777694400000,0.1072442959906113,0.7773418342324673,0.07111329082882874,1,false,0.9200508956868427,12,5,1,37,0.5513303305520779,2.7394045511194784,0.65,0,true
HYPEUSDT,1777820400000,1777835700000,-0.14664021699398253,0.5293974140034124,0.036594291290560056,1,false,0.6243611013230161,15,0,0,7.000000000000001,-0.17802272838121347,0.8999074771480868,0.7,0,false
SOLUSDT,1777860900000,1777890600000,0.5028033093333104,1.0663507109004806,0.3909952606635051,1,false,0.5999386979826927,2,1,0,73,1.2910938433950965,0.4824384860091639,0.4,0,false
HYPEUSDT,1777892400000,1777900500000,0.8900138076079376,0.6026575017547313,0.04598591378850921,1,false,0.9611430128772019,11,1,18,100,-1.0760898093579263,4.785607664439759,0.7,0,false
BTCUSDT,1777894200000,1777906800000,1.5014981295742966,0.7764825113633836,0.058293338684308846,3,false,0.6484303290053646,11,1,79,100,-1.1428557107071293,2.212907038808086,0.65,1,true
ETHUSDT,1777894200000,1777906800000,1.199723814814965,0.648156897781048,0.26372984442517755,3,false,0.8313929688726934,11,1,57,100,-1.1472356099229908,1.880006925948558,0.5,2,true
HYPEUSDT,1778040900000,1778051700000,5.864986275532915,0.5951702278065417,0.08893348231592246,5,false,0.9728057256461311,4,3,37,83,-0.10910826722433527,12.981703861446418,0.65,0,true
ETHUSDT,1778116500000,1778139900000,-0.3392681028175596,0.5215721736745369,0.19414313449018122,1,false,0.7111353656119861,1,4,0,53,-0.8851780574620624,1.9874519024488453,0.55,0,false
SOLUSDT,1778211900000,1778250600000,2.3171387026915116,0.5225491309780848,0.14767692831988577,1,false,0.8119901555707933,3,5,74,63,0.07946418435689996,1.0641822186444236,0.4,0,true
ETHUSDT,1778249700000,1778262300000,-2.1110868728211893,0.6026939852975868,0.08784734666047934,5,false,0.6031991350128357,14,5,29,9,-0.38474289403431117,0.16767311358908674,0.5,1,false
HYPEUSDT,1778256900000,1778262300000,2.077222870218183,0.5165167985349846,0.7536449651351113,2,false,0.9047340563554205,16,5,10,33,0.5939992048829489,7.496645844608977,0.65,1,true
HYPEUSDT,1778266800000,1778291100000,2.547833935506858,0.7016162645301656,0.08336034826101367,2,false,0.9348868146744351,19,5,13,44,0.7710225949219731,8.757706566699218,0.65,0,true
HYPEUSDT,1778292000000,1778300100000,3.733908697242453,0.5216078332685172,0.24478964105145,1,false,0.8600968187065431,2,6,20,27,1.699421965317918,9.064832660723829,0.7,0,true
HYPEUSDT,1778452200000,1778469300000,-1.0301580353633424,0.897695295239414,0.5558268796948866,7,false,0.9607776129716977,22,0,1,89,-1.5926352128883776,8.28757821711144,0.7,0,true
SOLUSDT,1778514300000,1778516100000,7.0539313297014195,0.649554740701943,0.4400209533787341,1,false,1.0152235234994023,15,1,158,96,1.6701902748414508,6.614989632857775,0.4,0,true
SOLUSDT,1778517000000,1778550300000,7.0539313297014195,0.9919404835709941,0.38231039470965544,1,false,1.0152235234994023,16,1,158,96,1.7987107506758053,7.8983339580106895,0.4,0,false
HYPEUSDT,1778606100000,1778611500000,-5.604084556397511,0.5006226650062279,0.08717310087172252,1,false,0.9799530762427936,17,2,40,75,-1.2244088633321761,1.744088566006346,0.7,0,false
HYPEUSDT,1778772600000,1778777100000,1.6166725353460882,0.9552096946655603,0.40869668527978387,1,false,1.2917272016416714,15,4,0,100,1.5138065878175762,9.613867910093997,0.65,0,true
XRPUSDT,1778787000000,1778803200000,7.054523582977254,1.7525295946035295,0.5885854110177837,4,false,1.1248550836620466,19,4,8,100,3.01564913694675,6.613943816179157,0.55,0,false
XRPUSDT,1778805000000,1778811300000,3.284544260475953,0.5768714784008546,0.02012342366515891,1,false,1.2395427772209173,0,5,13,96,-0.1537947174857886,4.996415289762892,0.55,0,false
HYPEUSDT,1778915700000,1778922900000,-1.6717950640119026,0.8945990958838869,0.302165120152278,2,false,1.8464542718932115,7,6,0,75,-1.7916265527038888,9.612540057372279,0.65,0,true
HYPEUSDT,1778994000000,1779012900000,0.6577145878523358,0.8257423399976429,0.22713829409676217,1,false,1.4295771050878354,5,0,1,47,0.42222956078690865,10.295257922322277,0.65,0,true
HYPEUSDT,1779032700000,1779040800000,3.2983782816690144,0.8519701810436683,0.45376672686020736,3,false,1.3569194855131175,15,0,12,44,1.2927011386970202,12.202472532141945,0.65,0,true
HYPEUSDT,1779080400000,1779085800000,7.517417293244389,0.8480534317602506,0.606380174004753,1,false,2.032223299581458,5,1,25,92,0.8002110446711159,16.469552716296935,0.65,0,false
HYPEUSDT,1779136200000,1779138900000,7.823521548218521,0.7675606921204288,1.0482686023816346,2,false,1.9204922853196944,20,1,40,85,2.077419070883113,16.589963934365777,0.65,0,true
HYPEUSDT,1779164100000,1779168600000,10.165685032096665,0.6657006657006661,0.1155001155001149,2,false,1.9426821027926668,4,2,48,84,1.0527426160337603,20.08982116220709,0.7,0,false
HYPEUSDT,1779211800000,1779228000000,9.919124970011309,1.0521093863039757,0.2501085181587098,1,false,1.7333111810575286,17,2,61,57.99999999999999,0.8562247330776487,21.28747689947663,0.65,0,false
HYPEUSDT,1779309900000,1779312600000,14.700571766536665,0.5535555297487599,0.5496845120582318,6,false,1.7929869104501437,20,3,89,91,0.3494748223663836,26.258268445571364,0.6,0,true
HYPEUSDT,1779317100000,1779318900000,19.235886245742442,0.8919479539883066,1.3256647180840955,1,false,1.9005335428484185,22,3,91,100,2.1434945226025666,28.131745971881628,0.65,0,true
HYPEUSDT,1779345000000,1779349500000,21.899983150720153,0.9315670161518778,0.04427599886653191,1,false,1.9344313345560238,6,4,98,95,1.4471754141175583,1.6036007772335505,0.7,0,true
HYPEUSDT,1779351300000,1779356700000,25.883986743236516,1.0634991885639302,0.718207244224999,1,false,1.9685812584539528,8,4,100,100,2.161358067903394,4.08041356109449,0.7,0,true
HYPEUSDT,1779408000000,1779409800000,21.651947155639313,0.7274224540214101,0.01029371397200149,4,false,2.4925458800099083,0,5,116,92,0.8497948770986227,1.822416277793038,0.7,0,false
HYPEUSDT,1779474600000,1779476400000,16.038556912282232,0.5726309979647465,0.06899168650177506,1,false,2.4304266272931274,18,5,134,84,0.5313551280945396,0.6174755941908948,0.7,0,false
HYPEUSDT,1779487200000,1779492600000,11.995642623081345,0.670983568117458,0.7683844086506283,2,true,2.6908879613326353,22,5,138,93,1.5255128879537105,0.2120143163774897,0.7,0,false
HYPEUSDT,1779511500000,1779515100000,9.315932259593549,0.6678191247384174,0.1473933218087582,8,false,2.3626867562151186,4,6,145,65,0.4735969689793949,0.9738877263215416,0.65,0,true
HYPEUSDT,1779526800000,1779530400000,10.950759681703136,0.6514482610100131,0.15972147446250787,1,false,2.1324279897195777,9,6,149,56.00000000000001,0.8378733121168007,0.2723340870751481,0.65,0,false
SOLUSDT,1779551100000,1779560100000,-2.800576078051584,0.655229926137714,0.04765308553727906,1,false,0.8873778949252148,15,6,25,91,-0.0238350613752783,5.758519503438646,0.4,1,false
HYPEUSDT,1779550200000,1779569100000,11.028841301582148,1.870586995468433,0.22833456282713768,1,false,2.020522999807425,15,6,155,49,2.563642882753675,0.20769663118698178,0.6,0,true
HYPEUSDT,1779570000000,1779572700000,15.816298968663192,1.0525423728813597,0.001694915254233338,1,false,1.9465097378808909,21,6,161,51,2.286018075491757,0.7819209039548065,0.6,0,false
HYPEUSDT,1779587100000,1779588900000,16.50859350756621,0.8304393779254071,0.3623735467310904,3,false,2.0563561570756224,1,0,166,59,1.871161991596784,0.689516331974423,0.55,1,true
HYPEUSDT,1779606000000,1779612300000,18.460739749064288,1.5994118608070564,0.5113543538637516,1,false,1.9969760164261885,7,0,171,56.99999999999999,0.6459505749938843,0.8813919294232916,0.6,1,true
HYPEUSDT,1779616800000,1779619500000,21.448461260802365,0.8041109577960778,0.01903221201884261,3,false,2.035187057381547,10,0,174,64,1.4163172550651428,2.0642019952102335,0.6,1,false
HYPEUSDT,1779628500000,1779633000000,21.270667433938545,0.8891842288462718,0.49838617808999075,2,false,2.035410635963372,13,0,177,65,1.3199955470029825,2.301278400101264,0.55,1,false
XRPUSDT,1779573600000,1779633000000,-1.2857989466921627,0.8060970247691557,0.3370951194489182,2,false,0.8000494785062358,22,6,195,100,-0.593711060617166,1.3672325909919225,0.55,0,true
HYPEUSDT,1779650100000,1779654600000,19.776943019141317,0.7251999049956431,0.6982820045918698,1,false,2.058189900771286,19,0,183,62,1.7273984140353047,1.8805584144828948,0.5,0,false
HYPEUSDT,1779661800000,1779666300000,14.764699122188388,1.1369492398866208,0.14815769131668038,1,false,2.1764016990638306,22,0,186,63,0.9138993578441643,0.5580069569698514,0.45,0,true
HYPEUSDT,1779687000000,1779696000000,15.624383392377734,1.310467561883194,0.5371299142533582,3,false,2.0534681120368714,5,1,193,46,1.47819299443848,0.0978806018443693,0.5,0,true
HYPEUSDT,1779696900000,1779701400000,16.43489731025765,1.0595688320806829,0.7787192621315836,1,false,2.104914031438244,8,1,196,59,2.2867548708362273,1.4640879569789587,0.5,0,true
HYPEUSDT,1779710400000,1779714000000,15.582774204102554,0.6339144215530881,0.32171156893818675,1,false,1.9058404289004196,12,1,200,25,-0.08041246866279099,1.8840464870575717,0.55,0,false
HYPEUSDT,1779718500000,1779725700000,15.139138210710856,0.7448789571694656,0.43451272501551214,1,false,1.9115123526731743,14,1,202,24,0.7714453864384664,1.7181556287701585,0.55,0,false
HYPEUSDT,1779777900000,1779779700000,8.173461105953336,0.6314153952957983,0.08760475379757891,1,false,1.6706574714451385,6,2,219,4,0.7147606382978837,1.1285310501000112,0.5,0,false
ETHUSDT,1779793200000,1779808500000,0.03228440067162188,1.0778228637946667,0.19275450428160754,1,false,0.6451314498268506,11,2,0,63,1.8018103995380836,7.461931952083241,0.5,0,false
HYPEUSDT,1779813900000,1779816600000,11.156615372743591,1.006235149659539,0.2089014336060218,1,false,2.04185592021974,16,2,229,61,1.128005488456692,0.5166722480026759,0.45,0,false
HYPEUSDT,1779837300000,1779843600000,5.331995192436337,0.7787770687836061,0.013398315161860968,1,false,2.204437108648686,23,2,235,73,0.7554806070826314,0.6137341865624022,0.4,0,true
HYPEUSDT,1779844500000,1779846300000,7.013445028383564,0.6621201085876955,0.031450705157912914,1,false,2.113022247845813,1,3,237,63,0.8663469038886006,1.274167383963466,0.4,0,false
HYPEUSDT,1779858900000,1779861600000,6.756200105277925,1.1844724618447222,0.6768414067684162,1,false,2.0600090843026044,5,3,241,59,1.389537599252683,0.9082614465826135,0.4,0,true
HYPEUSDT,1779867000000,1779874200000,9.434634299466763,0.6720408394048625,0.31825010904508105,3,true,1.9899741619307127,7,3,243,56.00000000000001,0.5025775278356845,0.2394953231773272,0.45,0,true
HYPEUSDT,1779876000000,1779883200000,9.968905541259716,0.7754900555741363,0.06369528177200139,1,false,1.8836385748015974,10,3,246,37,1.2779347546879118,0.6592461663402194,0.5,0,false
HYPEUSDT,1779958800000,1779977700000,-1.390063388795235,1.4964695963747565,0.09835950398706816,1,false,2.0339741282764097,9,4,0,35,-2.824197573358572,0.007376962799025744,0.45,0,false
HYPEUSDT,1779993000000,1779994800000,3.179653561607956,0.7426115171687143,0.6288782217464711,1,false,2.0218852106320058,18,4,2,54,2.243421387057963,0.6297702475929259,0.45,0,true
HYPEUSDT,1780025400000,1780031700000,4.373507340056824,0.8182042224595492,1.4063911936252271,1,true,2.1022800343857044,3,5,11,80,2.103026909522086,0.5204140310523389,0.45,0,true
HYPEUSDT,1780044300000,1780047000000,8.286989837303265,0.7017375597436022,0.2637510190380268,3,false,1.8921947940320163,8,5,17,52,0.8553043310814085,0.27813743825827203,0.5,0,true
HYPEUSDT,1780107300000,1780114500000,10.929629411356922,0.9665450214533227,0.03970011146569185,2,false,2.0428875873144277,2,6,34,86,0.9864630230020988,2.0732619749278705,0.5,0,false
HYPEUSDT,1780120800000,1780122600000,10.773605167473763,0.7359648715927042,1.0853935711303835,3,false,1.9746594572376355,6,6,38,81,2.0284386790981754,0.8407934814540232,0.45,0,true
HYPEUSDT,1780139700000,1780141500000,12.049962812605603,0.7861965491372855,0.058514628657145185,1,false,1.669476258658173,11,6,43,14.000000000000002,0.8361833878233508,3.7761440360090286,0.5,0,true
HYPEUSDT,1780287300000,1780299900000,16.838256466272863,0.9749208133938467,0.16317240055396312,1,false,1.7970918074163782,4,1,84,88,1.0429692330946922,5.373719645134324,0.55,0,false
HYPEUSDT,1780310700000,1780313400000,14.339104451559873,0.5069778334963687,0.18873903040489406,1,false,1.8324530544899484,10,1,91,88,1.4748852094058749,2.2993097937647193,0.55,0,true
HYPEUSDT,1780314300000,1780317000000,14.876183640298235,0.6346676923922346,0.7953952248811822,1,false,1.8613161634906843,11,1,92,91,0.8965044551062321,1.6979421380883097,0.55,0,true
HYPEUSDT,1780317900000,1780322400000,16.121060855513154,1.3251617296561105,0.5379639087504202,1,false,1.9269809589830453,12,1,93,93,0.5319582032840222,1.1317671092952035,0.55,0,false
HYPEUSDT,1780332300000,1780334100000,12.684295275589369,1.055246060367946,0.36344245962140287,1,false,2.2125835680537507,16,1,97,100,1.1301100628930913,0.41395955825601993,0.5,0,true
HYPEUSDT,1780335000000,1780342200000,12.684295275589369,1.0653310827637872,0.1425053266554061,1,false,2.2125835680537507,17,1,97,100,1.5769673917570077,0.9961537397271826,0.55,0,true
HYPEUSDT,1780363800000,1780367400000,14.353263980891326,0.8837215724720737,0.41838693196724325,15,false,2.192034941797551,1,2,105,100,0.6448856981438915,1.0890027294109046,0.6,0,true
ETHUSDT,1780366500000,1780368300000,-2.8219798713671316,0.5717861630776492,0.037849922533825214,1,false,0.7820656027365319,2,2,158,85,-0.9304816581493548,14.84238014980006,0.5,2,false
HYPEUSDT,1780374600000,1780381800000,14.64123145923663,0.8053508053508099,1.135681135681127,8,false,2.1951740727529927,4,2,108,99,1.4795367217732474,1.4312039312039369,0.65,1,false
BTCUSDT,1780366500000,1780384500000,-4.86878382573026,0.6463384987647104,0.07406109192054854,1,false,0.6601247984956793,2,2,155,94,-1.023749187055696,4.235547853057862,0.7,1,true
HYPEUSDT,1780396200000,1780399800000,8.12934906226924,0.9495490693857982,0.06592142726902542,1,false,2.1543453298529744,10,2,114,82,-0.1799966512251003,0.47033302008967864,0.65,0,true
HYPEUSDT,1780405200000,1780411500000,12.092217212968137,0.8990024767039264,0.25998549554603484,1,false,2.030686450094208,13,2,117,77,1.1088307001473747,1.6796431356987538,0.65,0,false
BTCUSDT,1780411500000,1780415100000,-7.724005675263551,0.8057912676893833,0.026805999270529526,1,false,0.774731935085142,14,2,168,100,-1.4563995027707877,0.7471980040517324,0.7,0,true
SOLUSDT,1780433100000,1780435800000,-8.150547359744778,0.7300238916909969,0.10618529333687057,1,false,1.3578709344286102,20,2,195,100,-0.4522479382814623,1.3814043005043648,0.35,2,false
HYPEUSDT,1780431300000,1780437600000,7.153798057970826,1.6916329669077694,0.24776442444609928,1,false,2.2429106151076885,20,2,124,90,-0.1928843960747328,0.3744945036167985,0.65,0,false
ETHUSDT,1780433100000,1780439400000,-5.810655775639778,0.6227277258109305,0.07974272478793204,1,false,1.1438460875846106,20,2,177,100,-0.30553379014403453,19.418588779734293,0.5,1,true
ETHUSDT,1780442100000,1780443900000,-7.550813778166019,0.7167870141291263,0.8200933465424175,1,false,1.2451959054116648,23,2,179,100,-1.075149223297369,16.013637768443985,0.55,0,true
HYPEUSDT,1780457400000,1780459200000,5.665274686967209,0.8538545433671989,0.06744733367774101,3,false,2.260102285059433,3,3,131,83,0.8496618692561242,1.1580850697434162,0.6,0,true
BTCUSDT,1780459200000,1780463700000,-9.671868273188894,0.8507699786323212,0.12251208841467046,1,false,1.039135847505213,4,3,181,100,-1.2951282513365685,14.619713112312516,0.75,0,false
ETHUSDT,1780459200000,1780463700000,-9.194757251189174,0.7714959414967046,0.33304719164610513,1,false,1.3231479222900344,4,3,184,100,-1.614312999751814,18.966930138265322,0.6,1,false
SOLUSDT,1780459200000,1780463700000,-10.902808622308209,0.9903676570343292,0.9632342965676215,1,false,1.6094904033076975,4,3,202,100,-2.1382463690156044,1.5544806570447494,0.35,2,false
HYPEUSDT,1780461000000,1780493400000,6.3312129283458765,2.0679551473488527,0.967769200428238,1,true,2.2595587286305934,4,3,132,85,2.6362487755710444,0.37259818560883273,0.6,3,true
BTCUSDT,1780470900000,1780500600000,-7.896766441800337,0.5082461561371548,0.04244071330181304,1,false,1.0470046824354324,7,3,184,99,-0.26457351672726026,12.703735376074926,0.75,1,true
HYPEUSDT,1780510500000,1780512300000,9.675841333304703,0.6832736275743783,1.213018160693779,2,false,2.112466455996276,18,3,146,74,0.8480167129387894,0.9664725653190278,0.65,0,true
SOLUSDT,1780515900000,1780517700000,-10.592672935071047,0.6053102214885098,0.27514100976750977,1,true,1.514012677784696,19,3,218,91,-1.1256005490734293,0.12101460619257978,0.35,0,true
XRPUSDT,1780520400000,1780522200000,-8.018625990350799,0.5924071756362208,0.07509386733415944,1,false,1.221900002972497,21,3,78,88,-0.5900440455414366,0.6591572799332329,0.6,1,false
ETHUSDT,1780520400000,1780523100000,-10.402465979082166,0.8281077709588613,0.03675528774935577,1,false,1.3168104140964574,21,3,201,93,-0.5304009631548966,21.921577780495674,0.6,0,false
HYPEUSDT,1780533900000,1780535700000,9.563747501969639,0.6808440260760502,1.3658227324724004,14,false,2.2352546352750013,0,4,153,98,0.20981498133465568,1.592265391347488,0.7,0,true
XRPUSDT,1780542000000,1780544700000,-8.546833595458821,0.5666194483793133,0.1666527789350889,10,false,1.646261458385775,3,4,84,100,-1.264664281554196,0.8221537094131065,0.55,0,false
HYPEUSDT,1780547400000,1780549200000,9.05645105793091,1.0945166334178003,0.41920526230656285,1,true,2.4387057081341075,4,4,156,99,2.108520339006246,0.40224384896030096,0.7,2,false
ETHUSDT,1780543800000,1780550100000,-10.635502067938713,0.6025428413488165,0.2996130458817066,12,false,1.7772626737127737,3,4,207,100,-1.8163593505606601,21.010608522015623,0.55,1,true
SOLUSDT,1780544700000,1780550100000,-10.431831485742329,0.6569751188146475,0.4193458205200047,13,false,2.0795400386391014,3,4,226,100,-1.6473544604216006,1.4024322057589902,0.4,1,true
XRPUSDT,1780551000000,1780557300000,-6.843334519278528,0.5585195065021614,0.7002334111370425,1,false,1.6312273400702282,5,4,86,99,-1.3426156141223267,0.8641769478715101,0.5,0,true
BTCUSDT,1780566300000,1780577100000,-10.805630145604374,0.7719114828367357,0.2448953729664632,1,false,1.3439242968984477,9,4,211,94,-0.8683798657040463,19.853111305516055,0.75,0,false
ETHUSDT,1780585200000,1780595100000,-9.215582866925539,0.6396816206766747,0.22540626528237562,1,false,1.6806318882026388,15,4,219,94,-0.7529791418054722,23.02372975071086,0.55,0,true
SOLUSDT,1780613100000,1780619400000,-12.176470660631168,0.5976676384839807,0.4373177842565556,5,true,1.8188710410439246,22,4,245,79,-0.828006972690307,0.1166180758017468,0.4,0,false
ETHUSDT,1780614000000,1780622100000,-8.86562315206879,0.5892146626407458,0.11118322657108673,6,false,1.4340620125610108,23,4,227,75,-0.1450616935529483,23.50833162612352,0.55,1,true
HYPEUSDT,1780623000000,1780624800000,-5.3887136476317306,0.8360205422190409,1.6257613758509475,16,false,3.2067835783621437,1,5,7,96,-2.3816589998516156,0.36814761734147716,0.65,0,true
HYPEUSDT,1780630200000,1780632000000,-5.9089239970622875,1.3207576487406099,0.637071336451352,2,false,3.3031912675457824,3,5,9,100,-3.2096776644731873,4.465093152260065,0.65,0,true
ETHUSDT,1780634700000,1780638300000,-9.581426261384058,0.6991963260620013,0.02985074626865567,9,false,1.379032415495114,4,5,233,67,-1.2259533295389848,25.611939129356927,0.55,0,true
SOLUSDT,1780635600000,1780638300000,-12.201883584832265,0.6605989430416744,0.13211978860834322,10,false,1.8043730066260872,5,5,251,78,-1.2405137186222919,0.5871990604814907,0.4,1,true
XRPUSDT,1780648200000,1780650000000,-9.771220781272111,0.5743064145608917,0.13253224951403383,1,false,1.8142778408211573,8,5,113,100,0.5168419176617185,0.677387053071807,0.5,0,true
SOLUSDT,1780668900000,1780676100000,-15.805435452350542,1.6590563165905685,0.5936073059360738,1,false,2.2017307729246913,14,5,260,91,-3.0028670590010487,1.9364112971418959,0.4,0,true
BTCUSDT,1780676100000,1780684200000,-12.207975537515342,1.0789213706243315,0.6928391480884851,9,false,1.5699980609120054,16,5,241,100,-2.034663684150212,36.29673132619505,0.7,1,true
XRPUSDT,1780668900000,1780686900000,-11.908349897182331,1.7898693395382155,0.11634150706997107,1,false,1.9074193315352463,14,5,119,100,-2.132006751354715,1.9748225046238304,0.5,1,true
BTCUSDT,1780688700000,1780690500000,-11.981960397775794,0.5954867158750734,0.4236259808526435,5,false,1.7919797703508142,19,5,245,100,-0.9838727206262535,38.82804230325745,0.7,0,false
SOLUSDT,1780689600000,1780691400000,-16.221858070220556,0.7398273736128298,0.9710234278668242,6,true,2.656910322368828,20,5,266,100,-1.569472226496378,0.2795063964242278,0.45,0,true
ETHUSDT,1780698600000,1780702200000,-14.479828752590764,0.6666127738428982,0.3246006230839563,1,false,2.1611499965372634,22,5,250,98,-1.084621593096171,1.2720613383245973,0.6,0,true
SOLUSDT,1780703100000,1780707600000,-15.435597136363766,1.1716919231370098,0.7342602718325354,1,false,2.6081506576116333,23,5,270,97,-1.5341701534170185,1.64632706372192,0.45,2,false
ETHUSDT,1780703100000,1780713000000,-15.63291366157775,0.7414388941250364,1.0593779453345837,1,false,2.182248468792722,23,5,252,97,-1.5534089913789964,2.3278422596137323,0.6,1,true
HYPEUSDT,1780713000000,1780717500000,-9.950469709193435,1.1525367433363705,0.9582329984223287,2,false,3.353967370974652,2,6,32,64,-1.4596971500363611,3.14101522683815,0.7,2,true
BTCUSDT,1780703100000,1780719300000,-10.520469571570992,0.7736123125132608,0.5922867261836782,1,false,1.7872735992659174,23,5,249,98,-1.3164162370424137,37.23026278393496,0.65,0,true
XRPUSDT,1780703100000,1780719300000,-11.296184272772628,1.0237361840913288,0.7791266533792301,1,false,2.113723311628178,23,5,129,97,-1.0841087722468163,1.819774113667928,0.5,3,true
SOLUSDT,1780728300000,1780731000000,-16.40997658330637,0.6869009584664532,1.0063897763578316,10,false,2.623310671530052,6,6,277,95,-2.1580450650587215,3.9328090439912167,0.45,0,false
XRPUSDT,1780729200000,1780734600000,-11.785253822073951,0.6861220382398739,0.3384868721983384,1,false,2.1371342939426654,7,6,136,95,-0.18367159518780438,0.843358338669843,0.55,1,false
XRPUSDT,1780743600000,1780750800000,-11.595253811061045,0.8362433376217502,0.3124425657048401,3,false,1.9913001277666948,11,6,140,84,-1.8602540834845902,0.585424392142459,0.5,1,false
HYPEUSDT,1780749900000,1780758900000,-9.459748023864863,0.9363422027618683,0.08588750421017503,1,false,2.7214261160957713,12,6,43,31,-0.8532652512765431,3.5051413627087724,0.7,3,true
XRPUSDT,1780759800000,1780764300000,-9.37113274185101,0.6260206859009169,0.5988023952095954,1,false,1.7477824104161834,15,6,144,59,-1.060935799782376,0.08165487207402475,0.5,3,true
HYPEUSDT,1780759800000,1780767000000,-10.639906381556214,0.7768555357387896,0.4887501714912824,1,false,2.566028853728949,15,6,45,3,-1.1467497347071538,3.4274197676728297,0.7,2,true
ETHUSDT,1780744500000,1780794900000,-16.064298046572592,0.9527704468627496,0.2594398399908092,4,false,2.110201043418312,11,6,263,86,-1.939018009669875,4.057470012221384,0.6,2,false
SOLUSDT,1780743600000,1780795800000,-16.414506556706687,1.217168481742481,0.592568866111463,3,true,2.4700688800827075,11,6,281,84,-2.535033852936545,0.04577727952164616,0.45,0,false
SOLUSDT,1780832700000,1780834500000,-9.183992599128024,0.9164502825721618,0.5345959981670908,8,true,1.489363475967513,11,0,306,5,-1.1984223300970969,0.2720329922101952,0.45,1,true
HYPEUSDT,1780827300000,1780834500000,-7.929242801077888,0.6806282722513067,0.2685357203175121,1,false,1.9330895112143234,10,0,64,3,-2.1436867429898814,1.553791589258574,0.75,0,true
SOLUSDT,1780862400000,1780870500000,-10.030669701096128,0.7094386181369429,0.8636644046884674,3,false,1.4212801096316754,20,0,314,3,-1.6523867809057502,0.7362996092946575,0.5,0,false
XRPUSDT,1780882200000,1780892100000,-2.2499233368496485,0.6129143646408739,0.46616022099448123,1,true,1.366303358969214,1,1,178,24,-0.4232164449818539,0.194233425414372,0.5,0,true
ETHUSDT,1780883100000,1780893000000,-4.5827326904595465,0.8412297076963072,0.5476263616815131,2,false,1.4074681456396498,1,1,302,30,-0.883032116685125,2.4016721481217385,0.55,1,true
SOLUSDT,1780883100000,1780893000000,-6.4839875233852915,0.6466165413533937,0.7819548872180391,2,false,1.656714184203982,1,1,320,28.000000000000004,-0.8720493158923444,1.0972431077694345,0.5,2,true
HYPEUSDT,1780893900000,1780896600000,-4.160513202936808,1.0168822193701288,0.3389607397900468,1,false,2.1930599795595427,4,1,83,28.999999999999996,-0.5454963688344134,0.4539065107729316,0.75,0,false
SOLUSDT,1780938900000,1780942500000,-4.548645807557127,0.7460459564309162,0.05968367651446142,1,false,1.3885787537178669,17,1,335,9,-0.6385506385506486,0.3128419377300474,0.5,0,false
HYPEUSDT,1780956000000,1780957800000,1.3467444955079517,0.6287133381534667,0.08487630065072152,5,false,1.9389962019650993,22,1,8,21,0.1868249183622202,0.7162495798502134,0.7,0,false
XRPUSDT,1780979400000,1780982100000,-2.3673384070732735,0.5020422055820299,0.2808032675289381,20,false,1.1318460107413821,4,2,205,1,-0.3490549974459384,0.3942591331971996,0.55,1,true
HYPEUSDT,1780967700000,1781014500000,-1.657411951522527,1.8626420861591393,0.5540166204986133,2,false,2.0457817837062726,1,2,0,31,-2.156165285112114,0.5290752592309645,0.7,0,true
ETHUSDT,1781017200000,1781021700000,-5.431932052163514,0.8775585391337943,0.6263098452042373,2,false,1.1285684315972029,15,2,339,12,-2.0294066646336755,1.5312855581902711,0.6,0,true
SOLUSDT,1781028900000,1781041500000,-6.477734481145063,0.5775075987842092,0.5319148936170127,16,false,1.3392469005495948,18,2,360,19,-0.5630802008826515,1.0569908814589815,0.45,1,true
HYPEUSDT,1781060400000,1781062200000,-10.738970811354408,0.734653218777245,0.4073500898304769,1,false,2.2113468859108916,3,3,26,39,-2.6435638381406075,1.1145517682686317,0.7,1,false
BTCUSDT,1781025300000,1781083800000,-5.21273234262547,0.7618739903069444,0.3350565428109878,11,false,0.9037071729854252,17,2,338,39,-1.336247578361733,22.306582446141228,0.65,0,true
XRPUSDT,1781103600000,1781110800000,-3.754188530124167,0.7622086324559019,0.04431445537535823,3,false,1.0794753655885059,15,3,240,21,0.5184125849124086,0.7238027711306084,0.55,0,true
ETHUSDT,1781113500000,1781126100000,-4.88517758485894,0.6206854419940041,0.3586046795772569,1,false,1.2564330571298754,17,3,366,68,-1.026149475976417,0.37612203390762833,0.65,0,true
HYPEUSDT,1781145900000,1781149500000,-11.144334888220273,0.8369051138043211,0.1810523204256558,1,false,2.2270297587397203,2,4,50,38,-1.2981512852618367,0.3627366709709634,0.65,0,false
HYPEUSDT,1781174700000,1781176500000,-7.620204340736268,0.5345585869059954,0.24671934780276422,1,false,1.8665382815729128,10,4,58,1,-0.27739995704775067,0.5482193757661441,0.6,0,false
HYPEUSDT,1781181900000,1781186400000,-6.92900279964183,0.8098025001326068,0.2952773308343823,1,false,1.9197246672266541,12,4,60,4,-1.366902682853978,1.6437240759606053,0.6,0,false
XRPUSDT,1781210700000,1781216100000,-1.6462289469037372,0.5362165963431782,0.22855133614626721,1,true,1.13869753248743,20,4,270,51,-0.9349060725207649,0.11720581340835168,0.6,0,false
HYPEUSDT,1781211600000,1781223300000,-3.1347513606892203,0.8066425406703364,0.05411438427977742,4,false,2.0964312803509326,21,4,68,51,0.4967880085653091,3.2032709138942255,0.55,1,false
HYPEUSDT,1781230500000,1781244000000,-2.884598238768469,0.6748756807956444,0.2841581813876379,4,false,1.9429808315880075,2,5,73,16,-0.6439540803425396,3.2242180951629034,0.55,0,true
HYPEUSDT,1781252100000,1781256600000,-5.104086585259459,0.6339307130863815,0.21245245519652253,9,false,1.863052755572998,8,5,79,4,-0.6043796120327948,0.11038716278069186,0.6,0,false
HYPEUSDT,1781272800000,1781277300000,-0.5264980379277316,0.8450797761949833,0.5329481496239562,1,false,1.8818223655668769,14,5,0,24,-1.4621141873095818,1.3236078136212417,0.55,0,false
SOLUSDT,1781278200000,1781280900000,0.7618405016662981,0.7257109004739262,0.14810426540285623,2,false,0.9913189344192738,15,5,0,11,1.4798206278026829,0.7396573854660482,0.5,0,false
HYPEUSDT,1781280900000,1781282700000,-0.3866343685461173,0.7621399176954748,0.6469135802469147,2,false,1.9307567738014106,16,5,0,35,-0.34410879131786787,0.45797896662092463,0.5,1,false
HYPEUSDT,1781287200000,1781293500000,3.1530433793834716,0.871623275932423,0.47008895780624615,3,false,2.0082459978844227,18,5,1,75,1.354969041010401,0.1148453439974246,0.45,1,false
ETHUSDT,1781280000000,1781298000000,-2.0988602723065157,0.5562033027173735,0.5716699186217996,1,false,0.986291009344098,16,5,412,28.999999999999996,-0.8510941367092301,2.932002324045342,0.65,1,true
HYPEUSDT,1781322300000,1781324100000,-2.4104479299724173,0.5031425231665742,0.7589489911738304,1,false,1.760528581461484,3,6,4,1,-1.7651702188407903,1.01402942379411,0.4,0,true
HYPEUSDT,1781328600000,1781334000000,-3.4185120227509724,1.1848956081022681,0.394388611163968,1,false,1.7558158731867206,5,6,5,1,-1.1872444245902125,1.0714718157938425,0.45,0,false
HYPEUSDT,1781388000000,1781400600000,1.0357230813573066,0.6064936359708917,0.47356352397726326,1,false,1.4428920342082894,22,6,1,2,1.1700298766544832,0.6529703038039504,0.4,0,true
HYPEUSDT,1781445600000,1781448300000,1.7697406046773057,0.5841741901221401,0.12778810408921631,17,false,1.2430994227975314,14,0,6,6,0.3717410425344836,0.18281374468933026,0.4,0,false
HYPEUSDT,1781493300000,1781496000000,7.58190050453176,0.6675899845940694,0.4372792206781811,2,false,1.555817995251358,3,1,8,46,2.1948456527895828,0.5111965266646817,0.35,1,true
XRPUSDT,1781474400000,1781523000000,1.7351604472551716,2.053970436576146,0.2750085940185709,1,false,0.735732774810677,22,0,0,42,2.5936346052400285,0.7047095221725476,0.6,0,true
SOLUSDT,1781525700000,1781529300000,6.628055665041001,0.748440748440757,0.29106029106028236,3,false,0.9460135132038068,12,1,15,70,1.6655003498950283,0.4510279510279544,0.45,0,true
HYPEUSDT,1781536500000,1781543700000,11.598501276814066,0.7386093972472778,0.3070123398196393,1,true,1.5722279787968523,15,1,20,66,1.1455776240422466,0.09788799240626853,0.35,0,true
ETHUSDT,1781540100000,1781551800000,8.803688213221013,1.1254834996372107,0.2416816240132278,1,false,0.9830618379382174,16,1,18,96,1.6225001377334607,10.857631153809837,0.65,1,false
XRPUSDT,1781542800000,1781558100000,10.486740726413203,1.0467495671336273,0.3856445773650343,2,false,1.182600890231475,17,1,19,100,1.697323754638042,0.10231386746419636,0.6,2,false
SOLUSDT,1781542800000,1781562600000,10.361020053704822,1.2709030100334486,0.21404682274247036,4,false,1.10151693959785,17,1,20,97,1.8277822908204635,0.6724080267558649,0.45,2,false
HYPEUSDT,1781561700000,1781563500000,10.910046247676863,0.5846744426398949,0.5182341650671771,1,false,1.4672454532582482,22,1,27,50,0.6028457867285292,0.8762734386534857,0.35,0,false
BTCUSDT,1781583300000,1781600400000,2.618666025701413,0.5630613562579381,0.1124607069564936,2,false,0.5782945094498015,4,2,31,67,0.5800885959025491,0.4706579307737813,0.7,0,true
HYPEUSDT,1781600400000,1781603100000,18.42880168992712,0.6301369863013613,0.4315068493150654,1,false,1.6757276517361264,9,2,38,98,0.641420994202546,1.654794520547943,0.3,0,true
HYPEUSDT,1781619300000,1781624700000,20.49688830393808,0.589161598609901,1.3955256298870433,15,true,1.9305301339985734,14,2,43,100,1.4519868223044672,1.3615877497827977,0.35,0,true
HYPEUSDT,1781643600000,1781661600000,15.422651416390726,1.0984501320055229,0.10533083457588935,1,false,2.244443111308442,21,2,50,98,1.038319934915404,1.953723881688549,0.4,0,true
SOLUSDT,1781663400000,1781678700000,5.636120678899636,0.5700325732899045,0.09500542888164111,2,false,1.0025715819302803,2,3,53,66,0.3803831001222675,0.6679032452647747,0.45,1,false
XRPUSDT,1781663400000,1781682300000,3.614892604002263,0.6417640283034416,0.36202073391475725,2,false,0.9575723901605502,2,3,52,64,0.5020162949551472,0.47885469804180997,0.6,2,false
ETHUSDT,1781663400000,1781683200000,4.248450338817445,0.6990628989369095,0.05072944481919033,2,false,0.8958610750822463,2,3,52,66,0.20744689749781273,8.911618898458542,0.6,0,false
SOLUSDT,1781702100000,1781712000000,2.8872202264575533,0.8454608454608445,0.04158004158004316,1,false,0.9568731843749521,13,3,64,51,0.08306797729475603,0.3146736480069993,0.45,0,true
XRPUSDT,1781719200000,1781721900000,2.9433737292832296,0.5088846250104274,0.20855927254525292,10,false,0.9447882255475635,18,3,68,61,0.6446211804102169,0.8609326770668313,0.55,0,true
XRPUSDT,1781722800000,1781724600000,2.126741259826485,0.638262599469481,0.06631299734749121,1,false,1.0408099873386831,19,3,69,69,-0.13963039014374,0.23624005305039947,0.55,0,false
ETHUSDT,1781736300000,1781759700000,0.4334564366391797,0.9336558515803203,0.028153314909191717,1,false,1.1975455909406905,22,3,73,98,0.22023898517555446,6.118996207129049,0.6,0,false
SOLUSDT,1781736300000,1781759700000,1.6591591168030089,1.1593798016482724,0.13968431345159144,1,false,1.364103011991811,22,3,74,99,0.32131880413523883,1.2148382493402459,0.5,1,false
HYPEUSDT,1781838900000,1781840700000,2.159229189496177,0.549124369249021,0.1335707925200407,1,false,2.004462467768106,3,5,8,39,1.1257787006822906,0.6726773523300639,0.4,1,false
HYPEUSDT,1781856000000,1781857800000,-0.29993873623980605,0.5702204951836402,0.4421814283800036,1,false,2.1194772583696073,8,5,0,48,-1.652233026926366,0.575017824560001,0.4,1,false
HYPEUSDT,1781869500000,1781872200000,0.9448964427505221,0.684707213241654,0.08930963650978278,1,false,1.9323596244710546,11,5,1,27,1.3529155329735667,0.5972168471052013,0.4,1,false
HYPEUSDT,1781877600000,1781883000000,3.0195597069618048,0.933439172105611,0.5630034691597512,1,false,2.024763386652581,14,5,3,42,0.8751006073022803,0.7491663096707979,0.4,1,true
HYPEUSDT,1781910000000,1781919000000,4.289973838880057,0.9160327298350572,0.48174405729158276,2,false,1.9121702948857973,23,5,12,20,0.5540445250327258,1.1374911919929778,0.45,1,false
SOLUSDT,1781918100000,1781929800000,-0.8305770947707989,0.5739704405223213,0.043047783039175114,1,false,0.9326249878186063,1,6,33,1,-0.08613264427218242,0.16868353502016753,0.5,2,false
SOLUSDT,1781931600000,1781933400000,0.9296519600143835,0.6250887910214487,0.4261969029691677,1,false,0.9151200465459108,5,6,0,4,1.257681863655846,0.7873277454183755,0.45,1,true
ETHUSDT,1781811000000,1781967600000,-2.7342393385344588,1.0553613053612996,0.9714452214452256,15,false,1.0730501561967354,19,4,3,77,-2.3715324101761976,4.731746615957141,0.6,0,false
HYPEUSDT,1781974800000,1781993700000,3.334433842600198,0.652283714553717,0.5325059528104478,9,false,1.6643036158529172,17,6,30,10,0.21133442594667953,0.9358539577170049,0.45,0,true
SOLUSDT,1782093600000,1782133200000,4.4070450175332825,0.5839217816404221,0.5703422053231962,2,false,1.0866709858073615,2,1,45,83,1.8296013107591529,0.7225843442573225,0.45,0,true
HYPEUSDT,1782136800000,1782140400000,2.167030082479095,0.9962042436846502,0.2341443550850066,2,true,1.3912098631474692,14,1,2,34,0.5604728352646671,0.08580445310570194,0.45,0,false
HYPEUSDT,1782144900000,1782152100000,-1.263956253228113,0.8584006949659119,1.2559447560993693,1,false,1.5642715712595618,16,1,0,47,-2.027887105505722,1.0227925261716655,0.45,0,false
HYPEUSDT,1782153000000,1782156600000,0.2713001069402865,0.78305199288934,1.2311399062688353,1,true,1.5416966193255615,18,1,0,48,2.2413741952710056,0.8001674820397823,0.45,0,false
HYPEUSDT,1782165600000,1782169200000,-1.5677496115543557,0.7118289217885435,0.18244354718109748,1,false,1.6437338492458382,22,1,2,56.00000000000001,-1.1922813903012022,1.4460894272469162,0.45,0,true
ETHUSDT,1782197100000,1782202500000,-2.131716547237838,0.6255984304234739,0.6273606795232433,1,false,0.8426637620112193,6,2,2,91,-1.5826515248777349,3.619287426724908,0.6,0,true
ETHUSDT,1782206100000,1782207900000,-4.60430161609509,0.659955524736388,1.2750771143683752,3,false,1.0241646566317513,9,2,4,100,-2.6952356107856876,10.116030224050114,0.65,0,true
HYPEUSDT,1782307800000,1782309600000,-6.485081935128653,0.5483573542970813,0.7958460717231965,1,true,1.512964134526426,13,3,41,39,-1.9384264538198415,0.29999763585440675,0.5,0,true
HYPEUSDT,1782316800000,1782319500000,-9.294820522942054,0.5887022092869454,0.2629316047096159,1,false,1.6876532615357973,16,3,44,66,-1.3930413641291832,1.107569173781617,0.5,0,true
HYPEUSDT,1782320400000,1782325800000,-9.725391383602052,1.1606577060334153,0.4485875329353272,1,false,1.7628512440742163,17,3,45,79,-0.9236720130714628,1.9607264629443677,0.55,0,false
HYPEUSDT,1782353700000,1782361800000,-3.6477747118581796,0.6667817191986136,0.22749023360893023,7,false,1.7388208023358775,2,4,54,90,-0.5551286675343807,0.5242935834881162,0.5,1,true
ETHUSDT,1782342900000,1782363600000,-5.105330020466966,0.6412275987323776,0.08833867689666003,3,false,1.3268630214051955,23,3,42,98,-0.14776893637280433,7.1137345021219796,0.65,0,false
HYPEUSDT,1782406800000,1782408600000,-6.111295338775697,1.1901109370710705,0.49574499006895567,1,false,2.315495509913144,17,4,69,100,-0.7001261197167155,0.7985080231435224,0.55,0,false
HYPEUSDT,1782415800000,1782418500000,-2.4653829910794083,1.0347399660376664,0.1904429385345488,1,false,2.264995809720156,19,4,71,99,-0.6044112528084521,2.505105558540719,0.5,0,false
HYPEUSDT,1782422100000,1782423900000,-3.229994304957788,0.7072956527194035,0.42343642180541236,2,false,2.251494345184797,21,4,73,97,-0.13686561998553204,2.489329866846958,0.45,1,false
HYPEUSDT,1782428400000,1782430200000,-2.2216593065588333,0.6455033054758662,0.33054758637893883,3,false,2.276437275240971,23,4,75,98,-0.35200250312891335,2.7550829487339343,0.45,1,false
XRPUSDT,1782417600000,1782430200000,-7.592283907903752,0.6645478185495431,0.21188481171144946,5,false,1.3787577722774098,20,4,77,95,-0.9565716472163772,1.1332627050627664,0.55,0,false
XRPUSDT,1782438300000,1782440100000,-7.419733957526266,0.5207831034815383,0.5304272350274702,1,true,1.2201070568181835,1,5,83,89,-1.1700393209935733,0.5111389719355638,0.55,0,true
SOLUSDT,1782468900000,1782470700000,-1.2031373183380278,0.5034522439585853,0.5034522439585649,1,false,1.686085211410062,10,5,0,90,-1.1607910576096334,2.494224130300037,0.5,0,true
HYPEUSDT,1782480600000,1782482400000,-5.238390068047076,0.6021805273833711,0.7162778904665286,14,false,2.302088361303763,13,5,89,81,-1.419243175202582,2.003427448565662,0.4,0,false
HYPEUSDT,1782509400000,1782521100000,-1.7435405757271927,0.7305737335426591,0.12901621251923337,3,false,2.2574380641804948,21,5,3,81,-1.23353737710999,3.795502406821226,0.35,0,true
SOLUSDT,1782678600000,1782687600000,0.20397712974476664,0.805539853024318,0.2543810062181919,1,false,1.04013109976559,20,0,12,28.000000000000004,0.05633009435289683,0.9165154264972694,0.5,1,false
XRPUSDT,1782666000000,1782687600000,-3.4440456408415807,0.5062082139446115,0.028653295128936676,1,false,0.6945494686664727,17,0,146,15,-0.7415153531704562,0.06208213944604007,0.55,0,true
SOLUSDT,1782716400000,1782723600000,2.4026108157170474,0.7660167130919181,0.5153203342618448,4,false,1.3848901044254227,7,1,7,59,1.4738910724312346,2.881024731999702,0.45,0,true
HYPEUSDT,1782738000000,1782739800000,-0.1432387470856224,0.7277203808455249,0.46281146276472057,1,true,1.3698138208457953,13,1,67,41,0.302949019360336,0.1376487515517804,0.35,2,false
BTCUSDT,1782738000000,1782740700000,-2.0456402372676714,0.5933710697239916,0.59270864039693,1,false,0.8017967546933366,13,1,158,57.99999999999999,-0.012181446822136918,11.77078036982912,0.7,0,true
ETHUSDT,1782738000000,1782740700000,-2.735603010818793,0.5942178756868518,0.5110399758028007,1,false,0.9508358083313388,13,1,152,52,0.05018549575646463,0.873036619416052,0.6,1,true
XRPUSDT,1782738000000,1782740700000,-2.080655953766614,0.5192598187311236,0.2454682779456133,1,false,0.9605579261402554,13,1,166,56.99999999999999,0.16144349477683143,0.4023355798280133,0.6,3,true
SOLUSDT,1782748800000,1782754200000,4.231108335368658,1.302401302401294,0.040700040700042246,2,false,1.5669522646084761,16,1,16,79,1.2467461296068103,0.49284734469925995,0.45,0,true
HYPEUSDT,1782759600000,1782761400000,2.8924453844968987,0.8567968977514792,0.6268871756357096,7,false,1.6120239994041232,19,1,5,59,2.1480640999735625,1.5034636082104864,0.35,0,true
HYPEUSDT,1782764100000,1782765900000,4.647928479812079,0.6486305843751525,1.114976227005506,3,true,1.6624566746071139,20,1,6,63,0.9119644288501516,3.4462172005332103,0.4,0,true
HYPEUSDT,1782770400000,1782779400000,5.474654717329273,0.7319988048999028,0.596056169704214,1,false,1.6503178117704205,22,1,8,65,1.4950341356080425,2.4677458782627735,0.45,0,false
XRPUSDT,1782826200000,1782828900000,-4.145854717317138,0.5113362276893471,0.17366136034732502,5,false,0.7485474783851584,13,2,190,28.999999999999996,-0.6247597078046857,0.5180477778476886,0.65,0,false
XRPUSDT,1782834300000,1782844200000,-3.4488999227316164,0.7133905331148028,0.14460618914490087,3,false,0.808550001256566,15,2,193,43,-0.5769785556303496,0.37959124650534337,0.6,0,false
HYPEUSDT,1782850500000,1782852300000,1.8056128904077076,0.5695687550854278,0.14124076945514646,2,false,1.4472462638622396,20,2,30,56.99999999999999,0.38310639279943876,1.0584528677164244,0.4,0,false
SOLUSDT,1782871200000,1782877500000,3.0063357211141293,1.048046821832035,0.3947189328977899,1,false,1.166397880898752,2,3,50,52,0.760766200244535,0.6206242040829961,0.5,0,true
SOLUSDT,1782879300000,1782888300000,5.02780644938346,1.0902805477994857,0.1329610424145839,1,false,1.2258831318286485,4,3,52,66,1.071811361200425,1.7072562122858899,0.55,0,false
XRPUSDT,1782918000000,1782919800000,-1.2359135763971703,0.5881794896119896,0.08538089365336524,1,true,0.8250852952290327,15,3,216,65,0.08579599618685634,0.00948676596150375,0.55,0,false
HYPEUSDT,1782942300000,1782945000000,-1.3628239882230473,0.5250125376128398,0.11597291875626578,9,false,1.7267566490140238,21,3,3,97,-1.1648314100672497,0.29149949849550866,0.4,0,false
BTCUSDT,1782968400000,1782975600000,0.631803028753284,0.7114740430608261,0.01977232171544663,5,false,0.8674596279827638,5,4,2,93,0.6437885499027246,11.115762943470214,0.75,0,false
HYPEUSDT,1782978300000,1782984600000,-1.6151237726567254,0.6260151063594911,0.0772663481400878,3,false,1.5107498083819868,7,4,13,54,0.44958457114714623,1.073046386868658,0.35,0,false
HYPEUSDT,1783019700000,1783028700000,3.9325659483364093,0.6395427949380895,0.28877700669779455,4,false,1.4386721467074437,19,4,8,57.99999999999999,0.3383839146789186,0.39147567458299154,0.35,1,false
HYPEUSDT,1783045800000,1783055700000,3.7868955501755335,0.5101193800087442,0.4633332830257054,5,true,1.3899091439741458,2,5,15,36,0.5563093622795112,0.11326077143549702,0.35,1,true
SOLUSDT,1783013400000,1783091700000,9.186216547393412,0.6813676907829499,0.1486620416253773,1,false,1.385003219744287,17,4,89,89,0.5095066484404084,8.332800845026275,0.55,0,true
HYPEUSDT,1783102500000,1783111500000,8.765964109043187,0.5032197535076112,0.09808520619216543,1,false,1.338505686989261,18,5,31,47,0.6860819312779334,0.11798655237607633,0.4,0,true
HYPEUSDT,1783122300000,1783128600000,8.133368032191903,0.5975926763110332,0.04379520795658864,1,false,1.17553149589312,23,5,37,2,-0.19165727170236146,0.4116396360759323,0.4,0,false
SOLUSDT,1783300500000,1783304100000,5.366511541976518,0.6731946144430809,0.1346389228886162,2,false,0.7818392870522545,1,1,169,28.000000000000004,0.3556100551808783,3.4623623011015905,0.55,0,false
HYPEUSDT,1783300500000,1783310400000,7.921645053975106,0.8938981733385032,0.3261895508300475,2,false,0.9662293298705946,1,1,86,22,1.4138781458438432,0.45289783227710456,0.35,1,false
HYPEUSDT,1783439100000,1783450800000,5.216194129066336,1.1722020653084055,0.526095450739617,3,true,1.2122063013135753,15,2,125,88,1.822634445679866,0.08053905346676413,0.3,1,false
SOLUSDT,1783449900000,1783462500000,2.706535430583625,1.0698475159862153,0.15986227250370103,15,false,0.9998592021322018,18,2,211,94,1.1757425742574292,4.436792916871606,0.55,2,false
XRPUSDT,1783437300000,1783462500000,0.9782855021784205,0.8060904612628856,0.32243618450515427,1,false,0.8266566132652075,15,2,125,43,0.7166532294186156,0.19368562472013337,0.5,0,false
ETHUSDT,1783450800000,1783475100000,3.6404959997995525,0.9410546340749594,0.31068310885728173,16,false,0.9593508839598992,19,2,137,98,1.2675713468865584,21.573500052925645,0.65,2,false
XRPUSDT,1783503000000,1783511100000,-2.9220839648293433,0.6579557038272734,0.06486887220831461,1,false,0.9231242702771293,9,3,9,56.99999999999999,-0.15743656232635994,0.8774673338893649,0.45,0,false
XRPUSDT,1783524600000,1783528200000,-2.988770330438039,0.530923994038731,0.009314456035787167,1,false,0.8778654851794935,15,3,15,44,-0.7409465592294161,1.3388668101782872,0.45,0,false
HYPEUSDT,1783571400000,1783581300000,-1.7524092249170424,0.5648720211827013,0.5766401882906885,11,false,1.1737175152467911,4,4,15,40,-0.42630398867123176,2.188358095518308,0.3,0,false
HYPEUSDT,1783612800000,1783672200000,-1.2172637081405644,1.1595055915244423,0.40023543260740346,1,false,1.1556897065537501,16,4,27,34,-0.7008315947224646,0.7973900088287389,0.25,0,false
SOLUSDT,1783813500000,1783816200000,-2.222738604193817,0.6461617989144481,0.465236495218402,1,false,0.6190875164058995,23,6,33,17,-1.2321909896033805,0.3851124321530135,0.5,0,true
ETHUSDT,1783967400000,1783972800000,-0.9933995453785245,0.5339007092198628,0.15035460992908317,2,false,0.7932561292373599,18,1,0,96,-1.185086626336886,3.6444639961649026,0.65,0,false
HYPEUSDT,1783994400000,1783999800000,-5.784693803536669,0.5376683169877977,0.18605531203682477,1,false,1.0342036445522418,2,2,28,80,-0.5051617776658661,1.012168490429207,0.25,0,true
XRPUSDT,1784123100000,1784124900000,2.2295606652362165,0.5303370786516868,0.5932584269662866,3,false,0.6600533396723036,13,3,24,79,1.2652507907817454,0.35121951219512026,0.45,2,true
SOLUSDT,1784123100000,1784133000000,0.8509053982667754,0.6167287678273211,0.44969805987409556,3,false,0.8282245029611243,13,3,2,95,1.0981912144702768,3.4782479382890243,0.55,1,false
BTCUSDT,1784123100000,1784161800000,2.624416214775577,0.5832764358165188,0.14993264564226533,3,true,0.5786760854997075,13,3,25,89,0.6746814390730975,1.4408899589133188,0.7,0,false
HYPEUSDT,1784190600000,1784205900000,-0.3495935023224456,0.5805778563976963,0.11792987708078642,1,false,0.9656131032541214,8,4,0,41,-1.1534475767087704,0.43294502149450914,0.3,0,true
ETHUSDT,1784250900000,1784254500000,2.111537838547498,0.7858229372147961,0.20801195396861497,1,false,0.7624394013407475,1,5,73,47,0.1648826755033721,15.717904694807554,0.6,0,false
HYPEUSDT,1784316600000,1784349000000,-7.563002701140604,0.6291611185086554,0.14813581890812025,1,false,1.4844055080850456,19,5,35,87,-0.4967932741833641,3.4856857523302276,0.35,0,true
HYPEUSDT,1784378700000,1784385000000,-8.433381275548781,0.6138516213504808,0.006801680014959927,1,false,1.089165736030135,12,6,53,12,-0.005121551488664494,0.16284791574287674,0.4,0,false
HYPEUSDT,1784388600000,1784395800000,-7.374398422297481,0.5440458143843698,0.17517264611756647,1,false,1.1385649716804527,15,6,55,36,-0.14493974888345584,0.7836125471294789,0.4,0,false
ETHUSDT,1784536200000,1784547900000,1.1359312510097097,0.5820552683533088,0.07961569289860394,3,false,0.7277928297130734,8,1,64,61,0.7118477208431746,15.734136039705495,0.55,0,true
SOLUSDT,1784558700000,1784561400000,-0.22313773226144748,0.6133368132585135,0.2740441080516688,3,false,0.8362459869846184,14,1,1,100,-0.5478022694665472,1.732365914132789,0.5,0,false
XRPUSDT,1784564100000,1784603700000,1.5370069383575418,0.6670272219217461,0.054083288263940515,1,false,0.7697610025804811,16,1,0,98,0.5879160636758477,1.8582643244622499,0.45,2,true
SOLUSDT,1784564100000,1784613600000,1.881343667672718,0.7238883143743566,0.21975180972078814,1,false,0.9303328985886957,16,1,0,100,0.9218384835107868,9.666805327693602,0.5,1,true
BTCUSDT,1784564100000,1784636100000,2.388652213658426,0.8115143163374675,0.13213902924514304,1,false,0.6855892093828514,16,1,8,100,0.9548898458658202,0.9647973883201926,0.65,0,true
HYPEUSDT,1784691900000,1784698200000,-3.8613800732170667,0.8284317786430289,0.026509816916574003,1,false,0.9264680753488377,3,3,15,46,-0.8585808743708648,0.04922725724647856,0.35,0,true
HYPEUSDT,1784737800000,1784742300000,-6.509060919060629,0.8865035408700354,0.4063855690255352,2,false,1.131351351920719,16,3,27,97,-0.9957034713223815,1.9443219035118544,0.4,0,false
HYPEUSDT,1784764800000,1784772900000,-4.078761798110659,0.7683403512892322,0.17950309517019128,13,false,1.260571807732309,0,4,35,94,0.3177446887623088,1.922276837390308,0.35,0,true
HYPEUSDT,1784787300000,1784792700000,-4.649832398181526,0.5198279657286095,0.22012259135087975,1,false,1.134548619771195,6,4,41,86,-0.5173113335136673,0.605373936012778,0.35,0,true
SOLUSDT,1785120300000,1785159900000,0.7160878961782022,0.5240403511070241,0.06550504388837568,3,false,0.5368564899104389,2,1,4,49,0.31475409836064905,0.3518826149613124,0.5,0,true
HYPEUSDT,1785163500000,1785165300000,-2.587919299539082,0.7613826709304025,1.7258007207756003,1,true,0.9870234092196886,14,1,1,59,-3.2011076266097236,0.29544723925717514,0.4,0,true
XRPUSDT,1785164400000,1785192300000,-1.48750698953321,1.0404307748471369,0.4289495299808275,1,false,0.6035286608856595,15,1,0,89,-1.9510432661909554,0.5448872565783781,0.45,1,true
HYPEUSDT,1785178800000,1785193200000,-4.926889155209597,0.803810657933902,0.514859114232184,3,true,1.1499570653291034,19,1,5,83,-1.2327218986351443,0.44557165579515046,0.45,3,true
BTCUSDT,1785164400000,1785194100000,-0.17685695684800865,0.8059168422123983,0.25260080129045837,1,true,0.5078285121870403,15,1,0,94,-1.1415966399445376,0.15716989251799016,0.65,1,true
SOLUSDT,1785168900000,1785201300000,-0.9040528003741005,1.6107736994982822,0.18484288354898412,6,false,0.7481205460374185,16,1,1,99,-2.354318418314259,0.24914269906523184,0.55,2,true
HYPEUSDT,1785339900000,1785348900000,-5.639399407954667,0.5448945747453201,0.0965866637508379,1,false,1.0995050516143372,15,3,50,56.99999999999999,-0.4005826656955551,0.49193806875984286,0.5,0,false
ETHUSDT,1785348900000,1785350700000,0.93706217309399,0.5394332536701937,0.5551907975943569,1,false,0.8126985327329223,18,3,0,66,0.7950874017322433,12.772070458956033,0.55,0,false
SOLUSDT,1785356100000,1785359700000,-3.1164078550579455,0.5600327824067899,0.35514274006282054,1,false,0.9331593544592728,20,3,46,100,-1.6235962657285927,16.51646988435889,0.6,0,true
XRPUSDT,1785360600000,1785413700000,-2.3979903870253176,0.7430800668772066,0.17648151588333763,7,false,0.8646184747002855,21,3,54,99,-1.1136677404509894,0.014790151331101044,0.45,0,false
HYPEUSDT,1785366900000,1785442500000,-6.8261145730527755,1.6751278338800917,1.0959807928449663,15,false,1.2978473062702411,23,3,57,97,-2.613587035161325,0.9269101772263628,0.5,1,false
HYPEUSDT,1785445200000,1785447900000,-3.552146566446776,0.5635180923734802,0.018119552809433056,2,false,1.0659058937196213,21,4,79,31,-0.6103286384976543,0.43318372763024277,0.5,0,false
ETHUSDT,1785451500000,1785457800000,1.2326226134314773,0.6433136880551222,0.0010376027226686006,1,false,0.664667618519913,22,4,21,20,0.53357903997418,2.637013599101903,0.5,0,false
HYPEUSDT,1785830400000,1785845700000,0.5268708232309288,0.7291533414959409,0.06213336744578138,1,false,0.8805928308105818,8,2,0,37,1.1103949912531104,0.3477781698209062,0.45,0,true
HYPEUSDT,1785948300000,1785960900000,4.684623675692101,0.7000069652434247,0.14627011214042485,2,false,1.0811656839642916,16,3,33,100,0.06601118715908123,1.0790099710138823,0.45,0,false
HYPEUSDT,1786021200000,1786025700000,-0.3934538322413451,0.5148845135791706,0.17767141665759992,1,false,0.8694708444579653,13,4,0,35,-0.5922822730637892,0.5776412934032856,0.45,0,false
XRPUSDT,1786033800000,1786040100000,-2.145673718833919,0.5341472720335797,0.29568866844716735,1,false,0.6074985446162464,16,4,43,96,-0.609756097560993,0.4692865318580728,0.4,0,true
HYPEUSDT,1786039200000,1786070700000,1.7672410443847226,0.8082686599191699,0.059010764994101156,5,false,1.02848400341144,18,4,3,85,0.6978542779546489,0.7964389960741953,0.45,1,false
SOLUSDT,1786203000000,1786230900000,3.6220527715607234,0.5121470781352601,0.30203545633616513,2,false,0.5407480029726821,15,6,14,53,1.1238926351976841,1.1856923990869996,0.6,0,false
HYPEUSDT,1786634100000,1786639500000,5.064851034701253,0.8295391832229609,0.12244757174392581,3,false,0.884727970417588,15,4,31,96,0.10851404654046073,0.9240480132450485,0.45,0,false
HYPEUSDT,1786979700000,1786987800000,5.147908660506281,0.5505454791096709,0.11483770729894592,1,false,0.8006955035094662,15,1,65,87,0.6170335057646057,1.1643388605789506,0.45,0,false
HYPEUSDT,1787038200000,1787062500000,5.219809285120109,0.5394197865920474,0.5663907759216468,4,false,0.8440512375984808,7,2,81,100,0.8326155612977355,1.0433939664881287,0.45,0,false
HYPEUSDT,1787202900000,1787207400000,20.35671895403536,0.9758865248226984,0.42695035460993186,1,false,2.171789814353795,5,4,127,93,1.2416236837217274,11.400509408690604,0.4,1,true
BTCUSDT,1787209200000,1787213700000,8.02505527083495,0.514429865344216,0.09642869442435095,1,false,0.8281096627442383,7,4,68,89,0.5082965581926123,6.7439354185361315,0.7,1,true
ETHUSDT,1787198400000,1787213700000,16.426409671220146,0.6568239685009885,0.30633948836399955,1,false,1.5143114498753987,4,4,74,95,-0.04397478778832499,4.596249202697127,0.45,0,true
HYPEUSDT,1787210100000,1787213700000,21.736139648711447,0.6332741531880433,0.42637663735617487,3,false,2.072380219706403,7,4,129,91,1.3924442319052504,12.679964678018365,0.4,2,true
XRPUSDT,1787250600000,1787252400000,25.87703427891385,0.904000000000007,0.11200000000000543,10,false,1.9272067282080148,18,4,29,100,-0.08717704866065151,12.215971014492766,0.45,1,false
HYPEUSDT,1787219100000,1787260500000,22.953136863067694,1.6518494889113917,1.0721071829794264,3,false,2.1144558103403805,9,4,132,94,1.0095290705703754,13.367857773299782,0.4,0,true
HYPEUSDT,1787277600000,1787280300000,21.261839431883818,0.5748996637379222,0.2982969953357182,3,false,1.9193740595994473,2,5,148,73,0.5687062272653196,15.154065490248458,0.45,0,true
SOLUSDT,1787292900000,1787297400000,13.976113772366567,0.6334037115234951,0.12223580397821919,2,false,1.073721747700564,6,5,73,90,0.7601162530740072,6.287559656323996,0.6,1,true
XRPUSDT,1787285700000,1787300100000,23.175126681955682,1.344809037116718,0.1306385921770564,3,false,2.061547907314277,4,5,39,95,1.0208816705336505,8.254518946120891,0.4,0,true
HYPEUSDT,1787302800000,1787305500000,21.592228141915854,0.7450873362445504,0.20469432314411257,6,false,1.9526907932053534,9,5,155,81,1.2070030895983395,14.55508927259851,0.5,2,true
ETHUSDT,1787302800000,1787310900000,20.38321452366132,0.5385268280853494,0.7375476123777495,1,false,1.2651238111915275,9,5,103,82,1.6242815758735984,10.260756764408747,0.45,0,false
SOLUSDT,1787302800000,1787312700000,17.083764544733825,0.7361019556141527,0.241705119753899,2,false,1.2647838221308272,9,5,76,100,0.8944346289752676,4.338450662433058,0.65,1,false
HYPEUSDT,1787319000000,1787320800000,18.140785737931132,0.7202238316443282,1.7416565148127845,1,false,2.0977996374502297,13,5,159,90,3.6072849295050426,16.007755570132492,0.5,0,true
BTCUSDT,1787327100000,1787328900000,14.598622984045583,0.5035021168062691,0.10603451624178742,3,false,1.3291972970391137,15,5,101,95,0.8181376425389886,6.534239960581707,0.7,0,false
ETHUSDT,1787337900000,1787343300000,17.132857716957695,0.5569949807867985,0.05465643631690492,9,false,1.3345776703389283,18,5,113,80,0.13588145801637094,10.024827771122458,0.45,0,true
ETHUSDT,1787345100000,1787347800000,17.707374162659917,0.9332488416686489,0.07283291224662714,1,false,1.295821529396482,20,5,115,77,1.162439426105027,8.511331053792915,0.45,1,true
BTCUSDT,1787345100000,1787348700000,14.166428001851722,0.5923132569723268,0.047881998051073266,1,false,1.1946413355869379,20,5,106,88,0.40651671177758486,6.3962962763674955,0.7,0,true
SOLUSDT,1787345100000,1787349600000,13.40747097430163,0.9962776439675898,0.3503393912853002,1,false,1.3568020738777065,20,5,88,90,1.0678115367679424,4.6531635061148515,0.6,2,true
HYPEUSDT,1787348700000,1787350500000,20.38566973245186,0.6336185931563926,0.06309894703632372,1,false,2.121198792461284,21,5,168,89,1.6362767736284791,17.52262141069957,0.55,0,true
XRPUSDT,1787349600000,1787351400000,26.308169723853638,1.0241352144954667,0.2864713886700568,1,false,2.439536738018464,22,5,57,89,2.2844670789377863,0.8144887871606499,0.45,0,true
SOLUSDT,1787350500000,1787352300000,15.559810142036575,0.5369992482010525,0.49403930834496157,1,false,1.4036311623491653,22,5,89,97,1.592977893368009,6.465685260965848,0.6,1,true
ETHUSDT,1787351400000,1787375700000,20.994712660468956,1.642702336472669,0.1834469806528854,1,false,1.4260490157811747,22,5,116,96,2.5576499624942564,4.484112601400461,0.45,1,false
HYPEUSDT,1787374800000,1787376600000,25.13425919175893,0.7657446476011797,2.664478824816386,11,false,2.3185170398945725,5,6,175,99,3.4368318182414317,42.961167299546,0.55,0,false
XRPUSDT,1787401800000,1787403600000,27.610108689700212,0.8255587623330409,1.5772870662460619,1,false,4.410145184091244,12,6,71,94,1.9565655886505682,12.947133095467873,0.5,1,true
HYPEUSDT,1787402700000,1787413500000,17.598855161937927,0.6764740252152134,0.6492073178648871,4,false,3.0976010871109274,12,6,183,93,0.9806468372516037,43.13076482591555,0.5,2,true
HYPEUSDT,1787421600000,1787424300000,18.89356959854426,0.7171843495571804,0.6929379035757209,1,false,2.587323124020241,18,6,188,88,1.1097742051098312,44.076513129850994,0.5,1,true
HYPEUSDT,1787437800000,1787443200000,16.635522811422508,0.6064003261312667,0.8701080309824792,1,false,2.2887294035484165,22,6,192,81,0.3002204149882306,19.896210927600986,0.5,3,true
XRPUSDT,1787434200000,1787445000000,25.738937495054902,1.2258108945664925,0.6955443839955925,20,false,3.289479450686704,21,6,80,85,2.04095800069421,4.5361981091773265,0.5,1,true
SOLUSDT,1787396400000,1787445900000,12.212923254507038,1.2758136014704213,0.21623959346956734,1,false,2.614729351940849,11,6,102,96,-0.6708550740070233,48.01827108928648,0.6,0,true
ETHUSDT,1787437800000,1787458500000,11.579340853258659,0.5729710036928538,0.03808766787553913,1,false,1.0992895813714738,22,6,140,28.000000000000004,-0.07766156083213986,9.17959594367304,0.4,2,false
ETHUSDT,1787467500000,1787472900000,9.698310039642632,0.5156587246264918,0.23431398073418072,1,false,1.0492560478132738,6,0,149,24,0.5735976736258742,8.194024584974196,0.35,0,true
XRPUSDT,1787495400000,1787497200000,22.765665430200578,0.9445719908166592,0.05903574942604939,1,false,2.3531156157151067,14,0,97,53,2.977139819245094,7.233966427144531,0.55,0,false
HYPEUSDT,1787539500000,1787542200000,15.117276844124023,1.0848003967270023,0.33101909248699496,1,false,1.84872037218703,2,1,221,33,0.8685711445506145,0.8696999752045748,0.55,1,false
SOLUSDT,1787539500000,1787543100000,9.208645631522108,0.9414004654114665,0.08462026655383784,1,false,1.424809921852464,2,1,142,56.99999999999999,0.6157112526539259,7.7880428710991305,0.65,0,false
HYPEUSDT,1787556600000,1787559300000,12.807227849039801,0.5387146193836829,0.010045960268221571,2,false,1.7896769163864081,7,1,225,10,-0.11649755730928665,1.938870331767834,0.55,2,false
XRPUSDT,1787539500000,1787560200000,17.038413197026237,1.202865252061092,0.26354912826057675,1,false,2.27042936468333,2,1,110,39,0.7730385841188091,4.672253007163189,0.55,2,false
ETHUSDT,1787549400000,1787566500000,9.29039572467529,0.6398211939235452,0.13958990859113704,1,false,1.0914748371288603,5,1,171,21,0.49487538138123033,7.947117425007424,0.4,1,true
HYPEUSDT,1787572800000,1787574600000,12.804357747989807,0.5113636363636378,0.7247474747474723,1,false,1.797499072147409,12,1,230,18,2.1499617444529364,2.1654040404040447,0.55,0,true
HYPEUSDT,1787582700000,1787587200000,11.308622060670311,0.9689456707355706,0.41237113402061015,2,false,1.9517171731669163,14,1,233,50,-0.5954679655674939,1.985959142369246,0.55,0,false
ETHUSDT,1787585400000,1787590800000,11.628569748332653,0.7952381906727736,0.2561276229031754,5,false,1.2231358399934074,15,1,181,62,0.16199178071260206,5.683610112898757,0.45,1,false
XRPUSDT,1787596200000,1787598000000,13.496953711133855,0.7295818415186057,0.03377693710733939,1,false,2.2045405998636887,18,1,125,33,1.4812286689419678,4.6723251726137995,0.5,3,false
SOLUSDT,1787590800000,1787606100000,9.504594534139123,0.8938899989483736,0.1787779997896747,11,false,1.587329502039947,17,1,156,63,-0.4268610098906784,11.321790895648173,0.6,1,true
ETHUSDT,1787596200000,1787619600000,9.217810271381332,0.5126045656627765,0.11863596977820708,1,false,1.3271056651976783,18,1,184,76,0.9746271389912008,6.7569062525594346,0.45,2,true
XRPUSDT,1787619600000,1787621400000,14.790192803147843,0.8672268907563115,0.9747899159663836,1,false,1.8362593868345731,1,2,132,13,1.8429757645311469,5.122088835534271,0.45,1,true
BTCUSDT,1787586300000,1787625000000,9.006931595041017,1.005342912147975,0.32128728682111357,6,false,0.9754375922511587,15,1,173,72,0.2338306190244656,5.519802270525075,0.7,2,true
HYPEUSDT,1787643000000,1787644800000,11.471972642427824,0.5308904143414399,0.3259420218282508,1,true,1.4562184182488724,7,2,249,1,0.1281198413285032,0.29548784302107356,0.55,0,false
HYPEUSDT,1787670000000,1787686200000,10.612016192152888,1.5744500635260654,0.42101591888593715,3,false,1.555000575483058,15,2,257,11,2.5823946071288244,1.7585511073466202,0.55,0,true
XRPUSDT,1787683500000,1787688900000,9.971428935782376,0.6259355014287724,0.14287658184786983,4,false,1.5207033170920765,18,2,150,1,0.10195065588255671,3.947551443129116,0.45,1,false
