symbol,entryTimestampUtc,closeTime,distanceFromEma200H1Pct,slPct,fvgGapSizePct,waitedCandlesCount,breaksKeyZone,atrH1Pct,hourOfDayUtc,dayOfWeekUtc,trendAgeH1Candles,atrPercentileH1,momentumM15Pct3Candles,keyZoneDistancePct,rollingWinRateSameSymbol20,concurrentOpenPositionsCount,won
ETHUSDT,1756911600000,1756955700000,0.815953397692566,0.7340859999955015,0.22027075321359707,1,false,0.973445271548978,15,3,0,76,1.3206714280863427,0.15512070098758546,,0,false
HYPEUSDT,1757004300000,1757007000000,-1.0973820246867119,0.5383848454636139,0.18167719065027305,1,true,0.9668675025650825,16,4,3,19,-0.5154525142136674,0.06785199955688617,,0,false
ETHUSDT,1757060100000,1757075400000,0.12172654977453824,0.6131746919853469,0.36151044223939904,2,false,0.8493700100995933,8,5,0,34,1.5095289447614448,1.1534640724953387,,0,true
SOLUSDT,1757111400000,1757176200000,-0.7260945508505402,0.6193167854509802,0.009830425165879486,2,false,1.1231510750445397,22,5,0,66,-0.9561442021562067,0.799541246825605,,0,true
HYPEUSDT,1757193300000,1757205000000,0.21585044483707733,0.5149577778262608,0.14183159135045,1,false,0.9329926146773326,21,6,0,13,0.7508756567425646,0.46695323921535653,,0,true
XRPUSDT,1757260800000,1757268000000,2.0104189956446845,0.571408782379822,0.09004017176894853,1,false,0.5375385237700926,16,0,2,32,0.4715836194042732,0.09696633882808185,,0,false
XRPUSDT,1757304000000,1757318400000,1.4801959850154645,0.5353914615491461,0.09386733416772246,5,false,0.6463860536814575,4,1,14,55.00000000000001,0.16671876628112656,0.36156306494231094,,0,true
HYPEUSDT,1757320200000,1757322000000,7.973654462353921,0.5962470337208597,0.5164815442598767,1,false,1.0310748791474178,8,1,35,80,1.0320391256612498,2.3550760763355822,,0,true
HYPEUSDT,1757383200000,1757386800000,8.652040275374276,0.5009392611145903,0.16632748904195532,1,false,1.1648206034392197,2,2,53,84,0.7703163589321429,0.2768863494051359,,0,false
XRPUSDT,1757403900000,1757405700000,5.117785259018199,0.5005172011078155,0.3603723847976142,2,false,0.7642760826039586,7,2,42,87,0.64209751856062,0.441789849511181,,0,true
HYPEUSDT,1757410200000,1757418300000,14.504865251405032,0.6853571167483004,0.01827618977995104,1,false,1.4469254236455975,9,2,60,99,0.09303852889666306,6.3427516631332725,,0,false
HYPEUSDT,1757471400000,1757473200000,9.8789226026581,0.5870217554388643,1.0840210052513184,1,false,1.6027061112483816,2,3,77,87,1.7511416386760716,1.5932108027006735,,1,true
HYPEUSDT,1757480400000,1757483100000,11.55936882888651,0.5480973983890368,0.33515415239329205,1,true,1.6171785118583002,5,3,80,90,0.9668123082643918,0.304601425793902,,1,true
ETHUSDT,1757430000000,1757507400000,-0.9882604397911187,0.5490057823042487,0.14983427772224148,1,false,0.7282678281529148,15,2,4,81,-1.267203682393565,0.20383279116463804,,0,false
SOLUSDT,1757514600000,1757516400000,7.006004163040501,0.5118680920456584,0.7383583982605524,7,false,1.0392066316601718,14,3,65,99,1.6443334090392934,1.5020082140484374,,0,true
HYPEUSDT,1757563200000,1757571300000,12.237280777478619,0.5133267522211278,0.188459122318939,1,false,1.3735861959662776,4,4,103,55.00000000000001,0.6086142322097395,0.28358610787042693,,0,false
HYPEUSDT,1757593800000,1757595600000,6.463519302934344,0.8205740288319965,0.45504559780682896,1,false,1.3736277090776745,12,4,111,53,0.6971238979291363,0.463437832192611,,0,true
HYPEUSDT,1757598300000,1757612700000,8.499429697340002,0.871041559016759,0.033217686572674175,1,false,1.481584981540955,13,4,113,64,-0.1325991270557519,0.03414040008858616,,0,true
HYPEUSDT,1757620800000,1757629800000,10.008152697078142,0.7716077269195316,0.31081154339616573,1,false,1.3762358127773302,20,4,119,49,1.3367281985996171,0.8590686495961265,,0,true
SOLUSDT,1757728800000,1757736000000,9.991514082404155,0.5474679606818554,0.024884907303709448,10,false,0.9756119284695911,2,6,125,87,-0.2478519497686809,0.19493177387913005,,0,true
HYPEUSDT,1757764800000,1757768400000,7.266536313099962,0.536011006092666,0.4252353981668415,1,false,1.0841162443668977,12,6,159,3,0.7422378022606938,0.04824099054832839,,0,true
XRPUSDT,1757821500000,1757824200000,3.2282461235343654,0.5099735330191736,0.0742366535407646,8,false,0.7640536907442963,3,0,158,78,-0.22511657822801467,0.2832289716609637,,0,false
SOLUSDT,1757872800000,1757876400000,8.949525809428994,0.8131396901169103,0.06472753752174303,1,false,0.970844322926611,18,0,165,92,1.0284454964698242,0.3762288118451421,,0,false
HYPEUSDT,1757872800000,1757876400000,3.322927263719149,0.6495288628670826,0.05488976305919154,1,false,1.1957555223823766,18,0,189,28.999999999999996,-0.15688849970812468,0.2860366541639905,,1,false
HYPEUSDT,1757917800000,1757922300000,1.67990539512354,0.7425511669993772,0.24067613201739754,19,true,1.0185408704684895,6,1,201,1,0.08560847151658474,0.04539885694385754,,0,false
HYPEUSDT,1757956500000,1757962800000,-1.5420499401024501,0.5583091209479938,0.5545110997170505,1,false,1.3212865104709388,17,1,4,72,-0.7231248102034623,0.6029358704115205,,0,false
HYPEUSDT,1758078000000,1758081600000,2.7882459615623345,0.6136209145523619,0.21311385056309762,1,false,1.0204197658829322,3,3,13,12,1.1450593837431253,0.3646818908342724,,0,false
SOLUSDT,1758142800000,1758148200000,2.533040456656559,1.3816706806946304,0.14788524105295253,6,false,1.1917743359935662,21,3,240,88,1.9554030874785602,0.22273328142259208,,0,true
HYPEUSDT,1758168000000,1758176100000,9.56062987791916,0.7918667620312717,0.19413507714314435,4,false,1.4458595044997202,4,4,38,98,0.7005164391266577,2.1874254964068003,,0,false
HYPEUSDT,1758314700000,1758324600000,2.046754547181056,0.5146927871772066,0.008904719501340263,2,false,1.180376551350286,20,5,79,52,-0.1368621247400602,0.363312555654498,,1,false
HYPEUSDT,1758384900000,1758386700000,0.8161534240510717,0.6183024786495277,0.46055375242515595,6,false,0.9318204165234786,16,6,98,5,0.09749404203076847,0.6146760711500997,,1,true
HYPEUSDT,1758470400000,1758473100000,-5.1507061148871935,0.6315789473684178,0.030622009569374616,2,false,1.0425614906184644,16,0,22,24,-0.811278095491421,0.024880382775102426,,1,true
HYPEUSDT,1758499200000,1758501000000,-6.840269545566588,0.7026763990267584,0.10121654501216468,3,false,1.2278116521071378,0,1,30,46,-0.18672683420212505,0.2520681265206816,0.5,1,true
ETHUSDT,1758295800000,1758501900000,-0.759263831595907,0.9116886651245042,0.332597944629486,1,false,0.6456119474204358,15,5,5,10,-1.549309762637795,0.3488313849487209,,0,true
HYPEUSDT,1758522600000,1758524400000,-10.67307047218208,0.551345282489271,1.092666105296928,3,false,1.6772008567857377,6,1,36,96,-2.027794947460762,1.201932715826615,0.55,0,true
HYPEUSDT,1758541500000,1758547800000,-9.546355625321688,0.8501009112592535,0.49334393411207744,1,false,2.007601600435569,11,1,42,95,-0.5443425076452516,2.495260228732181,0.55,0,false
HYPEUSDT,1758589200000,1758591000000,-12.770671403665764,0.5955430327868927,0.7257513661202107,1,true,1.8905450147390863,1,2,55,83,-1.6751977664029816,0.28389685792348784,0.5,0,true
HYPEUSDT,1758636000000,1758637800000,-8.989829693782813,0.6084275436793409,0.22816032887974738,18,false,1.7225663119394667,14,2,68,69,-0.6269078691278551,0.6358341897910127,0.55,2,true
SOLUSDT,1758627900000,1758640500000,-5.731548692577407,0.5420424524004727,0.09565455042360368,9,false,1.1632976972054427,11,2,36,74,-0.42255440955972867,0.387173180286063,,1,true
ETHUSDT,1758622500000,1758649500000,-5.107538772955781,0.5426639128497893,0.09766997553487089,2,false,0.8831474483279028,10,2,96,78,-0.3339767238428522,0.35578075234466283,,0,true
HYPEUSDT,1758687300000,1758693600000,-14.543241940557856,0.9749932292136909,0.09930486593842407,1,false,2.111128907125038,4,3,82,80,-1.327285321654417,1.2272941087032003,0.6,0,false
SOLUSDT,1758692700000,1758694500000,-8.701775724068638,0.756081525312301,1.3900629285244708,9,true,1.48298269250238,5,3,54,99,-2.7434330238417504,0.056823518361970936,,1,true
HYPEUSDT,1758708000000,1758709800000,-13.087435609846645,0.5964037742567222,0.487359800605308,11,true,2.2095352011701896,10,3,88,93,-0.2681744027532515,0.2590578965868233,0.55,0,true
HYPEUSDT,1758723300000,1758725100000,-12.481406789961786,1.168492666548868,0.3379572362608206,1,false,2.306526940731716,14,3,92,100,-2.1200561255809847,1.0846660187312118,0.55,0,false
HYPEUSDT,1758733200000,1758742200000,-11.567268399054528,1.0296377607025275,0.1931942919868142,4,false,2.4214469332542654,17,3,95,98,-1.543914584556507,0.8468166849615825,0.55,0,false
HYPEUSDT,1758751200000,1758758400000,-9.881655679794068,0.649209657807885,0.2344971339239122,2,false,2.1125344648856292,22,3,100,76,-0.2931787087106609,0.26114947021017776,0.5,0,true
SOLUSDT,1758810600000,1758812400000,-10.32842018971837,0.5177803829620957,0.4249706916764383,19,false,1.4872378813308467,14,4,86,94,-0.1811860339846259,1.1790630020407227,,0,true
SOLUSDT,1758816000000,1758817800000,-10.009902475206346,0.6142262730334898,0.20804438280165816,2,false,1.4927633320606049,16,4,88,94,-0.9757059084413433,0.1475262962931325,,0,true
SOLUSDT,1758827700000,1758830400000,-10.447260309947247,0.6479266347687458,0.3837719298245524,11,true,1.6839026660299787,19,4,91,100,-0.8370285486522877,0.7664603702933538,,0,true
SOLUSDT,1758841200000,1758843900000,-12.23093455012442,0.7911392405063349,0.35728868926091706,1,false,1.7250161088070728,23,4,95,97,-0.5350318471337638,1.1161018102626783,,0,true
SOLUSDT,1758862800000,1758867300000,-11.104577173748915,0.5708460754332337,0.127420998980632,1,false,1.6048963224326271,5,5,101,89,-0.6008452568867959,1.2572205232755558,,0,true
HYPEUSDT,1758862800000,1758881700000,-12.682100265810547,1.2303597693367287,0.3338547381691702,1,false,2.7020659793442543,5,5,131,94,-1.0919419803962682,1.0476735227511424,0.5,1,true
HYPEUSDT,1758888900000,1758890700000,-14.305789706624013,0.8787557781201896,0.08426425269646498,6,false,2.370246095988751,12,5,138,59,-1.9656136029934121,1.729102465331269,0.5,0,false
XRPUSDT,1758899700000,1758906900000,-6.3535523595019345,0.7537413975166485,0.20026945344645744,4,false,1.3331826447522395,15,5,39,95,-0.06209365183724285,1.0836398062848036,,0,false
HYPEUSDT,1758937500000,1758939300000,-5.787565442460245,0.701637892872953,0.9008410801239408,1,false,2.047185479633096,1,6,152,22,-0.6681761676434069,0.9153629384899248,0.45,0,true
HYPEUSDT,1758942900000,1758946500000,-6.860857896691542,0.5278830536004211,0.08121277747699278,1,false,2.0247136661752325,3,6,153,16,-0.5548691452319441,0.23551705468328227,0.5,0,true
HYPEUSDT,1759025700000,1759030200000,-4.072068966146338,0.7377302646110264,0.30260193488536563,1,false,1.7272098917556864,2,0,176,1,-1.196502531063045,1.4327419147150173,0.55,0,true
HYPEUSDT,1759031100000,1759039200000,-4.647859070515432,0.5986430756950981,0.716154494257446,1,false,1.6932885219965512,3,0,178,2,-0.9634809634809737,1.8195635991044325,0.6,0,true
HYPEUSDT,1759104000000,1759105800000,1.1900371935700342,0.5704190877551318,0.22561351978375507,1,false,1.5647542024607362,0,1,1,19,0.2969624978788405,0.5704190877551318,0.65,1,false
HYPEUSDT,1759114800000,1759119300000,1.7332095798925664,0.7172065340726644,0.10918666638120025,8,true,1.554165678009829,3,1,4,19,0.09398496240600847,0.012845490162495936,0.65,1,true
ETHUSDT,1759100400000,1759131000000,0.023049208946631712,0.6575109382596058,0.14851725814291863,1,false,0.64395351177629,23,0,0,28.999999999999996,1.8081708573249402,0.545589585696548,,0,false
HYPEUSDT,1759125600000,1759131900000,0.7178583051803861,0.5707349276998119,0.023425687330968302,1,false,1.5507479775622603,6,1,7,18,-0.03827588406660149,0.5247962421546812,0.7,1,true
HYPEUSDT,1759160700000,1759162500000,-0.01804731620911923,0.5418879375745096,1.0404248401430671,8,false,1.8586251371017832,15,1,0,59,2.407781323954063,0.2597727405357507,0.7,0,true
HYPEUSDT,1759176000000,1759178700000,-1.3195712022313617,1.4159292035398205,0.3000215842866302,12,false,1.8576815794707564,20,1,4,55.00000000000001,-1.8824180031480093,0.6041971256246595,0.7,0,false
HYPEUSDT,1759197600000,1759204800000,-3.3910899270287946,0.8588498879760976,0.8127224003866023,1,false,1.8240664291769533,2,2,4,52,-1.1415425065731832,1.1939453401474658,0.65,1,true
SOLUSDT,1759197600000,1759212000000,-0.24739737055355415,0.5479969765684035,0.5857898715041615,1,false,1.0465615098023089,2,2,0,61,-0.35516408580764314,0.32196639339497357,,0,true
HYPEUSDT,1759210200000,1759216500000,-4.42880133702576,0.6806503992704082,0.18684520764286583,6,false,1.7637739055306856,5,2,7,38,-0.7595948827292083,1.6729934372277118,0.65,1,false
HYPEUSDT,1759226400000,1759228200000,-5.099115186714304,0.6293940408436638,0.25443588885168444,4,false,1.755554663455313,10,2,12,40,-1.3007698433766943,1.3335100249227965,0.65,0,false
HYPEUSDT,1759253400000,1759255200000,-5.262376120548485,0.639730639730648,0.6576879910213228,9,false,1.8706475990015852,17,2,19,65,-1.1203041144901558,0.9066217732884404,0.6,0,false
HYPEUSDT,1759260600000,1759262400000,-3.0786112385493256,0.9160305343511483,0.024338975550398906,3,false,2.2119101533603946,19,2,21,93,0.32471865130553285,1.5763705674656334,0.55,0,false
HYPEUSDT,1759276800000,1759279500000,-2.312712849372826,0.6370126304228427,0.3822075782537056,5,false,2.1343264751054694,0,3,26,92,-0.44614404079030323,1.20759718987293,0.55,0,true
SOLUSDT,1759284900000,1759290300000,0.08006246595132363,0.7954274827339785,0.04286734936889898,1,false,1.112719071510335,2,3,0,92,1.2358740081750526,1.758202502427305,,0,false
HYPEUSDT,1759291200000,1759302000000,-2.7637066163445945,0.5886779090868814,0.1327844907714829,1,false,2.0861030318634644,4,3,30,90,-0.6782945736434105,1.553357234541645,0.55,0,true
HYPEUSDT,1759309200000,1759311000000,1.221079906451226,0.9343154509701664,1.4405840557981806,1,true,1.936128811459708,9,3,0,88,2.481400437636762,0.10565829833792496,0.6,0,true
HYPEUSDT,1759365000000,1759366800000,1.92985665453866,0.5351213012119548,0.14805727701515087,1,false,1.5440067616841318,0,4,15,20,1.9344541391785461,2.4820039904961244,0.65,0,false
SOLUSDT,1759370400000,1759376700000,5.184815147727089,0.6049934534290502,0.29798185019639556,1,true,1.008647400221923,2,4,17,76,1.1516227411352367,0.13770373380288356,,0,true
HYPEUSDT,1759370400000,1759377600000,4.939060731318836,1.3143642726212303,0.8852691218130253,1,false,1.6907974599167783,2,4,17,64,3.0883444691907855,1.8085527412097906,0.6,1,true
ETHUSDT,1759422600000,1759426200000,5.6795653414336975,0.5420932092235199,0.32394203476374167,2,false,0.9239434558670286,16,4,32,97,1.0136689303982305,0.40892962453684645,,0,true
SOLUSDT,1759422600000,1759427100000,6.416152848101936,0.7109737248840738,0.10156767498344808,2,false,1.1102652883372917,16,4,31,97,0.9557679484329876,0.3120630013984004,,1,true
HYPEUSDT,1759439700000,1759441500000,8.172394813551367,0.7762837396281027,0.15644493732301054,1,false,1.4998929782970694,21,4,36,36,0.34214742005022386,0.03861615541517464,0.6,0,false
HYPEUSDT,1759510800000,1759512600000,5.661068212506129,0.9248624795986139,0.71530758226038,5,false,1.7053419967814656,17,5,56,73,1.4014805800628791,0.7347854413078335,0.6,2,true
ETHUSDT,1759510800000,1759514400000,6.1802842103318225,0.6162001215042606,0.024478878066265742,5,false,0.9295518854520093,17,5,57,100,0.415986002874417,1.2884104435850252,,0,false
SOLUSDT,1759510800000,1759514400000,7.550208591053904,1.0168031021111528,0.3619129685480411,5,false,1.1333272486264157,17,5,56,97,1.2977993836538084,0.1658767772511809,,1,false
BTCUSDT,1759513500000,1759520700000,5.745253699444179,0.5519881452210422,0.09343870914629127,8,false,0.6233610149402307,17,5,115,100,0.669030807189066,0.8268296698773406,,2,true
SOLUSDT,1759521600000,1759544100000,7.007959430380424,0.810049815897771,0.5501407840589172,6,false,1.2888995624179196,20,5,59,99,0.3315963998105085,1.5031405674680525,,1,false
XRPUSDT,1759517100000,1759544100000,4.334173248211905,0.5763593847775276,0.12185884135295637,1,false,0.9489321343716198,18,5,58,92,0.1182848693937916,0.06062790470055779,,1,false
HYPEUSDT,1759649400000,1759651200000,5.5745509544189575,0.544636514326315,0.4676770068671457,1,false,1.2795144792315147,7,0,94,19,0.8336296471889634,0.39170415976004963,0.6,0,true
HYPEUSDT,1759766400000,1759768200000,1.297084101238658,0.5186892804215429,0.14613864646796879,2,false,1.2747797033364439,16,1,14,22,0.5343636961525773,1.0155092211427783,0.6,1,false
SOLUSDT,1759766400000,1759771800000,5.083672793139927,0.5459353407830765,0.3710654269384989,2,false,1.001837063258951,16,1,127,63,0.9788834743951407,1.2326196366118072,,0,true
ETHUSDT,1759872600000,1759880700000,1.1249387015122088,0.6911898880655026,0.028929390034941847,5,false,1.0668150681650208,21,2,157,95,0.9354155222475142,0.29602911966662715,,0,false
HYPEUSDT,1759896000000,1759907700000,-4.381959512969321,0.8281618739620614,0.2971768202080298,2,false,1.4375374878643843,4,3,28,55.00000000000001,-1.4662119599452552,0.7615329440344719,0.55,0,false
HYPEUSDT,1759917600000,1759920300000,-2.954442607234199,0.5035116153430667,0.0561858454889168,2,false,1.295274979726915,10,3,34,13,-0.6566341578936031,0.2174238859552863,0.5,0,false
HYPEUSDT,1759924800000,1759932900000,-3.2750496120361383,0.6188065255960756,0.4284045177203695,1,true,1.3292615364644758,12,3,36,20,-1.1176673270738184,0.09436345844868597,0.5,0,false
HYPEUSDT,1759951800000,1759972500000,-1.0636992657420556,1.2898671629339544,0.07486791161309053,1,false,1.427569498730699,19,3,43,78,-0.030060980846866998,1.3387369865583318,0.45,0,true
HYPEUSDT,1759983300000,1759990500000,-4.102755924743725,0.7983339118361725,0.4837729954876757,12,false,1.4401059849752509,4,4,52,56.99999999999999,-1.843546509120697,0.12074088080942871,0.45,0,true
SOLUSDT,1760008500000,1760013900000,-1.2950315817484652,0.5129348795718134,0.3122212310437059,12,false,1.1762310547385402,11,4,3,92,-0.8445195128455762,2.197880044078283,,0,false
SOLUSDT,1760021100000,1760029200000,-1.8717292554742335,0.8357426816046234,0.15359595229490577,1,false,1.2798263367962592,14,4,1,100,-1.2114980553444534,3.551586760403971,0.75,0,true
BTCUSDT,1760030100000,1760044500000,-1.0791624820250127,0.5928912783751542,0.1746482145227665,1,true,0.7474509896010115,17,4,0,100,-1.176127872134465,0.05173071817337533,,0,false
HYPEUSDT,1760052600000,1760067900000,-5.413183440558951,0.7561351082133551,0.04980530652901944,1,false,1.523252661860432,23,4,71,81,-0.9677709758732438,1.3788386445273233,0.45,0,false
HYPEUSDT,1760081400000,1760086800000,-5.569960597207551,0.9835691465084376,0.13007759014149284,1,false,1.3334676385909296,7,5,79,5,-0.8498454826395253,0.9510497489730726,0.45,0,false
HYPEUSDT,1760107500000,1760109300000,-4.510299557455119,0.9559591827660561,0.02223160890154758,1,false,1.3539568480422461,14,5,87,21,-0.7386867790594464,0.48886312529301335,0.4,0,true
XRPUSDT,1760111100000,1760112900000,-5.38176311936953,0.784483068840182,0.8384612616503048,1,true,0.9403241940809767,15,5,74,99,-2.3872961739315834,0.10219871172047923,,0,true
HYPEUSDT,1760116500000,1760119200000,-7.867507571865485,1.0822757410740602,1.2964524140445273,7,true,1.726505162326756,17,5,89,100,-3.6264813329769225,1.691008377193972,0.45,0,true
ETHUSDT,1760161500000,1760168700000,-13.084061082204832,0.7367867473047589,0.4433342098343447,1,false,2.5942291917144784,5,6,51,92,-0.7058680885946095,1.5802655798054128,,0,true
SOLUSDT,1760161500000,1760168700000,-17.28697986493537,0.7916282600444502,1.5886786314590937,1,false,4.039065046258325,5,6,40,92,-2.071583514099779,3.3318874369679454,0.75,1,true
HYPEUSDT,1760170500000,1760174100000,-13.7466705385555,1.2801052418538763,0.8171422788909138,1,false,5.692156470975282,8,6,104,90,-0.8079221963326984,14.890239135524732,0.5,0,false
SOLUSDT,1760177700000,1760187600000,-15.728228347233497,1.0421166306695502,0.053995680345569286,1,false,3.5175576954835317,10,6,44,88,-1.3138842709282934,0.6522678185744979,0.75,0,true
HYPEUSDT,1760183100000,1760187600000,-11.645123536449901,1.0920904660752158,0.3823566162688959,2,false,4.846979262961096,11,6,108,86,-2.3259816576922083,13.632857975289026,0.5,1,true
XRPUSDT,1760194800000,1760199300000,-12.48583498350227,0.7707598069043904,0.15415196138087808,9,false,3.571485087997978,15,6,97,83,-0.6018013651601581,0.6301299473990264,,0,false
ETHUSDT,1760202000000,1760210100000,-11.233088678692363,0.5109201004591796,0.039985051340276585,1,false,1.8096101408264131,17,6,62,81,-0.3194177754291614,0.5375768013527013,,0,true
HYPEUSDT,1760202000000,1760211000000,-15.723002966535732,1.2898310872934555,0.0052538944492669356,2,false,4.414928355661517,17,6,113,81,0.8069225460529863,7.092757506501683,0.55,1,true
SOLUSDT,1760238000000,1760240700000,-17.780605740136128,0.57591327423634,0.24843317712157764,11,false,2.3819190475508463,3,0,61,71,-1.1132977228001069,1.893361940790088,0.75,0,false
HYPEUSDT,1760255100000,1760258700000,-13.792800527796292,0.8383327657121906,0.29603625789211585,2,false,3.3454318084951127,7,0,128,66,-1.772178097430976,5.720311231039277,0.55,0,true
HYPEUSDT,1760263200000,1760265000000,-15.01980090172507,0.8190835837566147,0.9600297848576023,5,false,3.267291065874122,10,0,130,64,-1.4957774071426808,4.048879078796907,0.55,0,true
SOLUSDT,1760295600000,1760297400000,-7.028366544219204,0.6287687471009632,0.1700767922486278,2,false,1.9740646187456463,19,0,77,63,-0.7952388281770986,1.602844920888515,0.75,0,false
XRPUSDT,1760295600000,1760297400000,-7.367603778660098,0.6259656907412559,0.47145517214055704,1,false,1.9834960492235827,19,0,125,61,-0.6332119677061901,1.21099269706694,,1,false
SOLUSDT,1760322600000,1760327100000,-3.8961104644641384,0.803801627824682,0.5156463272837624,1,false,1.8319060814084833,2,1,84,53,-0.5814541409647112,3.938122440725959,0.7,0,true
HYPEUSDT,1760323500000,1760328900000,-7.5503092947242765,1.1343058350100617,0.20372233400401402,1,false,2.599089884879763,2,1,147,47,-1.393954534099425,0.8291415157612378,0.55,1,true
HYPEUSDT,1760330700000,1760335200000,-9.270842803960857,0.8589743589743613,0.2743589743589726,2,false,2.544588914039391,4,1,149,45,-1.20721271393644,0.3217948717948779,0.6,0,true
XRPUSDT,1760336100000,1760337900000,-5.426437234411983,0.565302144249511,0.06627680311890974,4,false,1.666974387175759,6,1,136,43,-0.15211794991809957,2.7862248213125453,,0,false
ETHUSDT,1760355900000,1760363100000,-2.627080574154811,1.0145456314458074,0.5399883245767615,1,false,1.4065732550127088,11,1,9,47,-2.5600744047977706,0.20234227603069732,,0,false
SOLUSDT,1760362200000,1760364000000,-6.9650115015926275,0.5089058524173028,0.09669211195928637,13,false,1.7733537410115452,13,1,95,42,-0.5281064337581987,1.8899491094147607,0.7,0,true
BTCUSDT,1760371200000,1760383800000,-2.3548301541690773,0.5348147877159837,0.053916995699713456,6,false,0.7913151680616382,16,1,73,40,-0.5634351966844953,1.5206283689404267,,0,false
HYPEUSDT,1760398200000,1760400000000,1.1854187381765489,0.8119335347432052,0.3611216012084561,11,false,2.4043828655498434,23,1,2,31,1.2065395873491775,1.6542134225291394,0.6,0,false
HYPEUSDT,1760409000000,1760415300000,-1.2485080418318546,0.9805788271134782,0.4331683168316714,1,false,2.4876646634914468,2,2,0,30,-1.5438164468543414,2.6713037890327618,0.6,0,true
SOLUSDT,1760418000000,1760420700000,-1.8614374733553707,0.6676812803770502,0.29947469193381376,1,false,1.5829912732393425,5,2,1,25,-1.2644684369224757,3.0358405929126047,0.7,0,true
XRPUSDT,1760421600000,1760423400000,-6.274687486682026,0.6064209274672956,0.6302021403091655,1,false,1.455162694998106,6,2,160,23,-0.9266225794955089,0.40229885057470793,,1,true
ETHUSDT,1760421600000,1760424300000,-2.8525410221907,0.6024920596139716,0.4832641094551723,1,false,1.3293394182409723,6,2,3,30,-0.9597481667663083,0.6479036318635193,,0,true
HYPEUSDT,1760422500000,1760424300000,-6.100059978546442,1.2721197871550447,0.4232149486449681,2,false,2.532968084096003,6,2,4,24,-0.9991365486616358,0.8959287216928468,0.6,2,true
ETHUSDT,1760425200000,1760427900000,-4.408107120331827,0.7273716894073428,0.6667573819567243,1,true,1.479777792796982,7,2,4,42,-1.8616014590000292,0.12152550130506963,,0,true
HYPEUSDT,1760428800000,1760437800000,-8.787593726219349,1.1933786731682183,0.19504683690491598,1,false,2.7318297576560484,8,2,6,31,-0.7021216840707702,0.41190812267419213,0.6,0,true
ETHUSDT,1760438700000,1760449500000,-5.674451215585885,0.6910876228354531,0.42223305950934137,1,false,1.5531784592962081,10,2,8,48,-1.9513049570853043,0.2971550436762149,,0,true
SOLUSDT,1760473800000,1760475600000,-3.0616468390427785,0.5133520904289413,1.2142751369761626,3,false,2.2396633987191614,20,2,16,74,-1.782699374317213,6.204649785280627,0.7,2,true
HYPEUSDT,1760479200000,1760482800000,-6.1051072628664285,0.5405405405405491,0.4575738529226777,9,false,2.5021558204613394,22,2,20,5,-1.9929542023150517,1.026188979677351,0.65,2,true
HYPEUSDT,1760492700000,1760494500000,-6.957805827870995,0.5712236481467224,0.2561541023079521,2,false,2.253326648701556,1,3,24,1,-0.8066374740723793,0.8397585320662179,0.7,2,false
XRPUSDT,1760472000000,1760495400000,-6.164156222795912,0.760913095714863,0.44052863436122053,1,true,1.736085363618127,20,2,174,34,-1.3795033787836368,0.13883326658657305,,0,false
ETHUSDT,1760473800000,1760499900000,-1.563833100007151,0.519986133703119,0.10133063118315346,3,false,1.7652686681188103,20,2,17,82,-1.5441240737683513,1.6953341850277956,,1,true
HYPEUSDT,1760504400000,1760510700000,-6.8429390631262255,0.7596296485753854,0.048595836104144335,5,false,2.1210190742300794,5,3,27,1,-0.9029116364005138,0.050194383344429105,0.7,0,false
SOLUSDT,1760524200000,1760527800000,0.6859786523437195,0.5383975331603907,0.014683569086193105,10,false,1.635439456989341,10,3,3,15,0.01955798943868181,2.6232863607441272,0.7,1,false
HYPEUSDT,1760525100000,1760528700000,-3.4448442060454254,0.8185202534454298,0.4363797736742181,1,false,2.0267063068162225,10,3,33,2,-1.1320477322290639,0.16000591701388406,0.7,2,false
BTCUSDT,1760515200000,1760531400000,-2.7161704436378504,0.5695417367304051,0.099970867656807,20,false,0.7354927827281166,8,3,113,18,-0.12169997325081419,0.1416585016891316,,0,true
SOLUSDT,1760600700000,1760607900000,-4.959935733450537,0.7274040445728418,0.38175815105241906,1,false,1.5330715436858227,7,4,21,5,-0.8853657281103612,0.889172218619187,0.65,0,true
HYPEUSDT,1760600700000,1760607900000,-8.348727156248174,0.6664198445020427,0.16924948431797762,1,false,1.9331462826008061,7,4,54,1,-0.8064942619916434,1.651504733696527,0.65,1,true
XRPUSDT,1760615100000,1760616900000,-5.044601910895354,0.5280176824526273,0.12688797020178794,1,false,1.2534774516963172,11,4,214,13,-0.31922730621265566,0.4072694527444419,,0,false
BTCUSDT,1760625000000,1760629500000,-3.2456736730253586,0.7133106110603827,0.18524378226396487,1,false,0.7762704131560059,14,4,143,43,-0.8453308321166358,1.136905690775034,,0,true
SOLUSDT,1760625000000,1760629500000,-3.317923121759688,1.4611638041527784,0.23071007433992158,1,false,1.6394996503730854,14,4,27,17,-1.4341656919086576,1.5040099608159139,0.65,2,true
XRPUSDT,1760625000000,1760629500000,-5.495531386085677,0.9962127449366047,0.041165815906466736,1,false,1.219945213794396,14,4,216,9,-1.0713117435394266,0.16260497283058473,,3,true
ETHUSDT,1760625000000,1760631300000,-2.561329977441119,1.4410100565807589,0.05947977687586493,1,false,1.2644251682384862,14,4,28,13,-1.4409713635689199,0.5214477077793609,,1,true
HYPEUSDT,1760639400000,1760641200000,-7.732059249571482,1.0625517259791124,0.0026697279547151917,1,false,2.353534812791243,18,4,64,38,-2.4194181875310923,1.7086258910217065,0.65,1,false
HYPEUSDT,1760679000000,1760681700000,-8.419918368894805,0.7177805258347304,0.3951825366955171,2,false,2.2210532482259184,5,5,75,23,-0.7295354575689263,0.8629496209473573,0.65,2,true
SOLUSDT,1760680800000,1760682600000,-7.2466603874786815,0.5638492106111113,0.042959939856090916,1,false,1.6555926870865032,6,5,43,9,-0.5454837157067277,0.14176780152508325,0.65,3,true
XRPUSDT,1760666400000,1760683500000,-7.7242943985202785,0.9076642490562968,0.09755269966492637,1,false,1.6072182500534955,2,5,228,56.00000000000001,0.3593429158110867,1.21116153690273,,1,true
BTCUSDT,1760631300000,1760687100000,-5.189558387627182,1.221166518696611,0.040622834444484654,1,false,0.9491709964458602,16,4,145,97,-1.8643902191888915,2.8148708558028797,,0,true
HYPEUSDT,1760744700000,1760746500000,-10.194092869266173,0.517343736748367,0.0904644785570816,2,false,2.6605147148676194,23,5,94,56.99999999999999,-1.5552753257671281,1.7032765103327372,0.7,0,false
HYPEUSDT,1760778900000,1760793300000,-8.11712073494168,0.7283502727851731,0.3018638012683867,1,false,2.2157783891538454,9,6,103,16,0.9917959091930815,0.38633027777009965,0.65,0,true
HYPEUSDT,1760805900000,1760809500000,-9.414900945000285,0.6660833733171636,0.6632609861420774,1,false,1.965627925375028,16,6,111,2,-1.0488723918789653,1.7470576613699864,0.65,0,false
HYPEUSDT,1760825700000,1760831100000,-6.2882775261336095,0.6210160588734274,0.3556479632314597,5,false,1.9197506683486847,22,6,116,3,-0.2064864269588757,0.3657702514157651,0.65,0,false
XRPUSDT,1760880600000,1760882400000,-3.4635561622017077,0.5494966442953066,0.1048657718120783,8,false,1.054139952386091,13,0,287,16,-0.2517940324814211,0.3166946308724903,,0,false
HYPEUSDT,1760931900000,1760933700000,-0.1785098188211962,0.5164554293694447,0.20025822771468607,19,false,1.780972051125584,3,1,146,30,-0.24503991779306913,0.6284419382888324,0.6,0,false
ETHUSDT,1760933700000,1760936400000,0.8406613779886194,0.8191785633640173,0.9456306295004655,1,false,1.081085266511218,4,1,0,46,1.790617588608015,0.089620392904637,,0,true
HYPEUSDT,1760979600000,1760981400000,-0.2657620676141588,0.6529316892981575,0.04942510795483677,1,false,1.8151264260681244,17,1,0,45,-2.0489587891580205,0.48592685084022186,0.55,1,true
SOLUSDT,1760979600000,1760982300000,-2.788422818393019,0.5998832085788584,0.2548176461220036,1,false,1.1215858636463591,17,1,6,35,-1.6596638655462168,0.5338562403779693,0.65,0,true
HYPEUSDT,1760997600000,1761005700000,-1.8090588187826995,0.6938807572464731,0.9059726113482328,2,true,1.9369564741862761,22,1,5,56.00000000000001,-0.929781828658225,0.1681024325102762,0.55,0,true
XRPUSDT,1761053400000,1761056100000,-1.0744257006993945,0.5190739062371239,0.05355524429430991,2,false,0.9645810031921056,13,2,10,31,-0.11952848075180722,0.23687896514790996,,0,false
SOLUSDT,1761065100000,1761066900000,0.45736317235923446,1.0057987376199558,0.2257915533432533,4,false,1.4575638179181594,16,2,2,84,2.081602990033233,1.4549870854073754,0.7,0,false
XRPUSDT,1761066900000,1761068700000,1.457990880758069,0.587755102040824,0.9428571428571387,9,true,1.2251116738463816,17,2,2,81,1.7482803799541418,0.12857142857141893,,0,true
HYPEUSDT,1761144300000,1761147900000,-3.903151078773151,1.147031050380483,0.04999166805532601,1,false,1.9697754517800092,14,3,46,77,-0.8071450364740711,0.13953230017218013,0.55,1,false
SOLUSDT,1761144300000,1761156900000,-2.812307977081949,1.1330369727854295,0.2873251653475014,1,false,1.4104513691890705,14,3,18,88,-1.5434430652995217,0.645960349961207,0.65,0,true
HYPEUSDT,1761173100000,1761176700000,-6.357109585442555,1.1340987564214229,0.5333632765348166,7,false,2.1992543709401966,22,3,54,89,-1.6190157721674276,2.058680168328424,0.5,0,false
HYPEUSDT,1761190200000,1761192900000,2.5741099518391737,0.6316234572795191,0.07135495124078603,3,false,2.255286814277136,3,4,1,100,0.8994946956268774,0.8932582784957346,0.45,0,false
SOLUSDT,1761242400000,1761250500000,1.5506783917131863,0.6795964242772665,0.5175388154111605,1,true,1.2388277334886353,18,4,4,68,0.45864387345598345,0.3892867722654923,0.65,0,false
HYPEUSDT,1761268500000,1761275700000,6.333936769698685,0.5527232345666578,0.38110140830852396,13,false,1.8758264566274714,1,5,19,61,1.5838604366455882,0.621147622813367,0.45,0,false
ETHUSDT,1761282000000,1761283800000,1.1294733705555455,0.6095476233000875,0.9550174776107936,1,false,0.9494502903599642,5,5,0,35,1.859655527930838,1.229671722234153,,0,true
ETHUSDT,1761325200000,1761333300000,-1.0657603868377652,0.5571023512431797,0.14049113037781064,5,false,1.0757666459197097,17,5,2,62,0.04435340175208803,1.4568054719344885,,0,false
XRPUSDT,1761327900000,1761333300000,1.6599021257498792,0.6222725068692452,0.10505899466622408,3,false,0.9694087276404787,17,5,12,47,-0.04839099927412968,0.12728301276869905,,1,true
HYPEUSDT,1761343200000,1761345900000,3.891180738026292,0.6462035541195482,0.0025242326332736,1,false,1.48361914540179,22,5,40,1,0.6002279346587359,0.6060963022796649,0.4,0,false
HYPEUSDT,1761389100000,1761393600000,5.775645284324239,0.6993352608298151,0.08154792794128858,1,false,1.2589122043584864,10,6,53,2,0.4537677601725801,0.5220864587756157,0.35,0,true
HYPEUSDT,1761399900000,1761401700000,7.390466796922773,0.6744669535367123,0.03867910844654605,1,false,1.312165708516981,13,6,56,7.000000000000001,0.028880866425993877,1.506672146207027,0.35,0,false
HYPEUSDT,1761433200000,1761451200000,14.414521023820152,1.3352009579106727,0.04066601902266155,1,false,1.5242711349457874,23,6,65,38,1.6498855835240194,1.1253292312133232,0.3,0,false
HYPEUSDT,1761522300000,1761526800000,16.989859554348993,1.0973150801231095,0.3969011991934578,7,false,1.6786842692744854,23,0,90,71,1.1764202600958185,2.188121263574918,0.3,0,true
HYPEUSDT,1761544800000,1761548400000,18.990911619156932,0.6213389121338851,0.4707112970711327,8,false,1.7519219708316645,6,1,96,87,-0.0395002182906766,1.483608888166698,0.35,0,true
HYPEUSDT,1761588900000,1761597900000,13.501890943372027,0.7276171614319871,0.7147008804598058,8,false,1.9313729330043845,18,1,108,88,1.0889682778806014,1.4313084500155355,0.4,0,true
HYPEUSDT,1761604200000,1761606900000,15.779302677240036,0.8555234734253143,0.5539514490428837,7,false,2.080488427820726,22,1,112,100,0.9955350466790598,0.8741068960438183,0.4,0,false
HYPEUSDT,1761619500000,1761626700000,12.173164365170983,1.215825024123513,0.12437010828776633,7,false,2.229432334707717,2,2,117,96,0.9028467752386696,1.1666060447560216,0.4,0,true
HYPEUSDT,1761672600000,1761675300000,12.245893056000643,1.023028495692511,0.25886348575215373,1,false,1.9961167158875623,17,2,131,86,1.9760115546438268,2.2308949334297066,0.4,0,false
XRPUSDT,1761688800000,1761701400000,1.739395521711123,0.6033182503770761,0.2861894264609225,1,false,1.2390172754053306,22,2,112,100,0.38991622591977754,0.8331537743302342,,0,true
HYPEUSDT,1761692400000,1761704100000,11.771723559639819,0.5776097458517089,0.4557865994538936,2,false,2.132590281545035,23,2,137,93,1.2313141748719054,0.8066857027159419,0.4,1,true
SOLUSDT,1761752700000,1761754500000,0.7563071750505519,0.5636806825106567,0.2640666260410371,18,false,1.1722114969396844,15,3,5,86,0.7591969835931973,1.5993405888703196,0.65,0,false
HYPEUSDT,1761760800000,1761763500000,9.321978283720458,1.3800828472398465,0.6488291487023312,1,false,2.1194342618484128,18,3,156,91,1.1172002285182256,0.07512855289321713,0.4,0,false
SOLUSDT,1761768900000,1761770700000,-1.3314492832736045,0.7641470466749224,0.020652622883116718,2,false,1.5643440435789235,20,3,1,100,-0.7550292185964771,3.456778045899562,0.65,0,false
HYPEUSDT,1761778800000,1761787800000,10.286769950392205,1.4651404786680555,0.9427679500520354,10,false,2.3682366189903665,23,3,161,98,1.210935874495445,2.162229385040998,0.4,0,false
HYPEUSDT,1761795900000,1761797700000,9.315937305760812,0.6354166666666661,0.24374999999999444,6,false,2.199848011133316,3,4,166,87,1.8333720120677646,1.4507363505747182,0.4,0,false
HYPEUSDT,1761814800000,1761817500000,10.644047580033044,0.6521426073360903,0.28389804357217413,7,false,2.3881911162882097,9,4,171,98,1.0124433218078992,3.2088872431031366,0.4,0,false
ETHUSDT,1761829200000,1761831900000,-4.523974912360403,0.8536458333333385,0.506510416666662,1,false,1.1711663612773024,13,4,28,83,-1.810275497999753,0.5016431051587015,0.65,0,true
ETHUSDT,1761835500000,1761844500000,-4.846883108780263,0.6285356774831196,0.02129292759352972,4,false,1.2321362905125552,14,4,30,88,-0.9204174376123632,1.4506291991255236,0.7,0,true
HYPEUSDT,1761876000000,1761877800000,2.706602938988507,0.6724051076505139,0.09199027531375603,4,false,2.596382828364694,2,5,3,86,1.0992400044057609,0.005541131764918183,0.35,0,false
HYPEUSDT,1761885000000,1761895800000,0.4856198287046319,1.7436830312576288,0.9738891230561042,1,false,2.602589511646228,4,5,5,80,2.2726255983536845,1.2810747952838246,0.3,0,false
HYPEUSDT,1761902100000,1761910200000,0.02638852510255455,1.0183161736544444,0.35145425462409896,1,false,2.4083915864881735,9,5,0,61,2.4112111011884254,2.2194632508463203,0.3,0,false
HYPEUSDT,1761930000000,1761931800000,-3.6301077216509747,0.6472640470069859,0.7872750642673441,1,false,2.5554246231892828,17,5,1,65,-2.028761614830635,0.9861021850899614,0.3,0,true
HYPEUSDT,1761957900000,1761959700000,-0.9232900241541171,0.5108673341391581,0.036490523867079246,4,false,2.215868089443647,0,6,9,28.000000000000004,-0.2936222515591519,1.6161310922069874,0.35,0,false
HYPEUSDT,1762045200000,1762047000000,-3.9971693841589864,0.5740981777612493,0.797229453328383,2,false,1.6450841808001302,1,0,33,2,-1.6764420634554085,0.26583999628115135,0.35,0,true
HYPEUSDT,1762083900000,1762085700000,-2.958819432656298,0.5068271233510789,0.647998148576721,8,true,1.7217594849084699,11,0,44,16,-0.3252485828454453,0.03170562369821811,0.4,0,true
HYPEUSDT,1762112700000,1762119900000,-5.3582836077975715,0.7842193889824404,0.04811161895598539,1,false,1.750806552115576,19,0,52,14.000000000000002,-1.2128316149558596,1.5424585037286451,0.4,0,false
HYPEUSDT,1762132500000,1762134300000,-4.63177231702347,0.5207716889572872,0.14202864244288121,1,false,1.6422681263293664,1,1,57,13,-1.7984430688426256,2.2186595508882347,0.4,0,false
HYPEUSDT,1762176600000,1762183800000,-5.42636867921168,1.0529105628373283,0.10842328450268553,3,false,1.9802647513111276,13,1,69,47,-0.2125552522885944,1.8590443759102058,0.4,0,true
SOLUSDT,1762190100000,1762191900000,-10.362523448691258,0.9889104835943694,2.9267177317937607,7,true,1.7361491798097282,17,1,103,91,-4.295248417089727,0.9820509889104776,0.6,1,true
HYPEUSDT,1762191900000,1762200900000,-5.490623295609194,1.6592167913711005,2.711106792342823,9,true,2.601792213826571,17,1,74,73,-3.4068330506421267,4.001344952783029,0.4,1,true
ETHUSDT,1762201800000,1762203600000,-6.438688858658362,0.5615778213978487,0.37548796894643766,1,false,1.3205548445782516,20,1,131,94,-0.4135197208603865,1.6982697779051976,0.7,1,true
BTCUSDT,1762187400000,1762205400000,-4.178269334842635,0.5948210652070178,0.832265669994799,4,true,0.7716294131261466,16,1,27,65,-1.5301351092568527,0.9939085038105542,,0,true
HYPEUSDT,1762216200000,1762223400000,-7.076383928687455,1.167901544643987,0.08539495165138496,1,false,2.542440448780518,0,2,80,66,-0.5488721804511308,7.4715474322980535,0.4,0,false
HYPEUSDT,1762260300000,1762262100000,-11.262022000098337,0.7507152794183305,0.6404703782450055,2,false,2.721581755233183,12,2,93,75,-0.7845709787457347,3.925130962692981,0.35,0,true
BTCUSDT,1762293600000,1762295400000,-7.841966214825391,0.5304854987359914,0.1203296375181581,3,false,1.1984482770144849,22,2,57,100,-0.23912018102680213,3.0216772498357787,,0,false
BTCUSDT,1762307100000,1762308900000,-7.168584796354432,0.5456477014615264,0.2196068482453312,4,false,1.2810140340018161,1,3,61,100,-1.0863447422038237,2.5789930589965415,,0,false
XRPUSDT,1762307100000,1762308900000,-11.069471687348377,1.3930301900857267,0.6522549385016675,1,false,2.51096479250629,1,3,60,99,-2.2719911156355423,14.10891422566896,0.45,2,false
ETHUSDT,1762307100000,1762310700000,-13.968587744424058,1.1669200327426952,0.04031290197502279,4,false,2.382623245989904,1,3,161,99,-1.7520576632737663,9.52600028311352,0.75,1,false
HYPEUSDT,1762333200000,1762342200000,-4.764591824633575,1.0103517612888724,0.07199066603779129,3,false,2.9899165110278725,9,3,113,87,-0.40099009900989857,6.511313410005102,0.4,0,false
SOLUSDT,1762360200000,1762362000000,-9.428932401695098,0.6083030227016172,0.1191521384673258,1,false,1.8498498944270085,16,3,150,69,0.1638517771615773,2.571177724821268,0.65,0,false
HYPEUSDT,1762377300000,1762389900000,-2.296126267468015,0.6379122870605363,0.432523861302392,3,false,2.3477490387061004,21,3,3,47,-1.492859196779444,2.953929432529043,0.35,0,true
HYPEUSDT,1762434900000,1762436700000,-5.31304833352717,0.7548956101450107,0.5879714983307517,3,false,1.9225671139869276,13,4,19,21,-1.2952532195230848,1.8175929407181344,0.4,1,false
ETHUSDT,1762434900000,1762440300000,-8.389138838398704,0.5108307939432648,0.16683202229939087,3,false,1.2363009959390683,13,4,196,34,-0.7723109603429354,0.614768620225361,0.7,0,true
HYPEUSDT,1762444800000,1762446600000,-6.496555544836853,1.6462480857580477,0.3266972945380299,1,false,2.157907968272454,16,4,22,41,-1.867214653575879,4.051857726245204,0.35,2,true
ETHUSDT,1762444800000,1762447500000,-9.46802072358425,0.9298140371925615,0.7522495500899797,1,false,1.4641547501639585,16,4,199,49,-0.8780074459358291,0.954409118176356,0.7,0,true
SOLUSDT,1762444800000,1762447500000,-10.175737986175427,1.0618681248807704,0.6485661601068291,1,false,1.5200514358728843,16,4,174,43,-1.3948769972102388,0.19711324473833144,0.6,1,true
XRPUSDT,1762444800000,1762447500000,-6.732881147234419,0.7858633396972006,0.5461084225014321,1,false,1.5186363769874096,16,4,98,36,-1.27569099929128,0.8213825866891604,0.45,3,true
SOLUSDT,1762462800000,1762471800000,-10.095197428396096,0.7807999999999993,0.4415999999999985,1,false,1.6144971240084107,21,4,179,43,-1.2117346938775546,0.4736000000000058,0.6,1,true
HYPEUSDT,1762451100000,1762477200000,-6.498931315421823,1.3929088277858215,1.049204052098405,5,false,2.32196900225778,17,4,24,45,-1.8432822315865511,3.0881744883192073,0.4,0,false
XRPUSDT,1762463700000,1762477200000,-8.034529897682674,0.6881253112408938,0.38027977726470025,2,false,1.5881047277453448,21,4,103,41,-0.9184689168400941,0.411969758703432,0.45,2,false
HYPEUSDT,1762480800000,1762482600000,-6.051645075816138,0.843817121816522,0.5548736831338825,1,false,2.2584993388161214,2,5,32,39,-2.3714612161990543,4.233351097904349,0.4,0,true
SOLUSDT,1762509600000,1762514100000,-9.416444356509702,0.9307400988510285,0.32094486167276465,2,true,1.4543535424694223,10,5,192,21,-1.3747454175152727,0.1893574683869231,0.6,0,true
SOLUSDT,1762515000000,1762526700000,-9.6046186625865,1.0943912448700455,0.31919744642041603,1,false,1.4546767441620343,11,5,193,20,-1.5546055188495955,0.036913990402384474,0.65,0,true
XRPUSDT,1762519500000,1762526700000,-8.145018278871456,0.6505703944655595,0.5635222430934256,1,false,1.3208664325335269,12,5,119,13,-0.5823016964695166,0.5002977963073276,0.4,1,false
XRPUSDT,1762549200000,1762553700000,0.4114809335908405,0.7403625223385184,0.2425325504212424,1,false,1.645835556649971,21,5,0,63,0.6207219080821276,1.3099189126761492,0.4,0,false
XRPUSDT,1762558200000,1762582500000,-1.0265364150498568,0.5677419354838658,0.12043010752688754,1,false,1.60381143924739,23,5,1,49,-0.8078994614003555,0.24024577572967615,0.4,0,true
HYPEUSDT,1762601400000,1762603200000,0.3689058219147342,0.5239920430837928,0.16981223618456232,2,false,1.8842371478338227,11,6,0,9,1.3457962219829624,1.4391587016641367,0.45,0,false
HYPEUSDT,1762604100000,1762611300000,-1.036007581542154,1.0872730802834687,0.14561693039511278,1,false,1.9436487528893227,12,6,0,12,-1.8649363133861963,1.4834724784001339,0.45,0,true
HYPEUSDT,1762638300000,1762640100000,-2.2767139954566633,0.5309212466817449,1.1847409300953677,9,false,1.8230287170952553,21,6,8,1,-1.6985346456886188,0.045472421590787446,0.5,0,true
SOLUSDT,1762660800000,1762668000000,-6.490631275877854,0.5025125628140652,0.45798613319763304,5,false,1.0269275321640756,4,0,234,4,-1.2081725599342124,0.7734876916226574,0.7,0,false
SOLUSDT,1762686000000,1762691400000,-4.645587970804578,0.6234256926952019,0.012594458438293597,5,false,0.9565936243306818,11,0,241,1,-0.44553212851406115,0.23551637279598464,0.65,0,false
XRPUSDT,1762713900000,1762715700000,-0.17877218748691848,0.5653130798774484,0.02589220213178846,6,false,1.067916389907103,18,0,45,23,0.04752030412995079,0.3060828180579655,0.45,0,false
HYPEUSDT,1762736400000,1762739100000,2.971438373702052,0.7391211350619102,0.5109679872614574,1,false,1.7446127358077557,1,1,8,28.000000000000004,1.3010307799009804,0.8211136725527208,0.55,1,false
XRPUSDT,1762736400000,1762744500000,3.543396175949529,1.0135276626041796,0.6701009339531773,1,false,1.2273370171587559,1,1,5,48,1.7379170366611754,0.7103069899903522,0.4,2,true
HYPEUSDT,1762744500000,1762748100000,3.8080944472829117,0.6415699594301313,0.5283517312953974,1,false,1.749153956554513,3,1,10,31,0.7721187221080924,1.5143941720716445,0.55,2,true
XRPUSDT,1762758900000,1762765200000,5.655576454025671,0.6822889168663415,0.25179710027211166,1,false,1.2765171236407749,7,1,11,60,0.6435058852278759,2.2953761775189063,0.45,2,true
XRPUSDT,1762768800000,1762770600000,8.281023257958347,0.7181328545780887,0.618392180331133,1,true,1.304391308504406,10,1,14,74,1.114139147162554,0.5448536507782359,0.5,2,true
ETHUSDT,1762736400000,1762785900000,3.266564111542331,0.8183033658620479,0.46046901265457363,1,false,1.12497173998954,1,1,6,46,1.3316356305374306,0.3674043417234952,0.75,0,false
BTCUSDT,1762738200000,1762786800000,1.8511017461134947,0.7562538560241004,0.20931350469535714,3,false,0.7372904133446149,1,1,6,55.00000000000001,1.2661626091758222,0.6346847927183875,,3,false
HYPEUSDT,1762797600000,1762803900000,1.0616117024376779,0.6238966943148082,0.4256039465093268,1,false,1.7416080612918592,18,1,0,40,1.319898506880072,1.045671817441671,0.55,0,true
HYPEUSDT,1762806600000,1762811100000,1.083932481639035,0.688849692520383,0.1477809028936397,1,false,1.6527802214264316,20,1,2,28.999999999999996,1.5582541781892416,0.40182898730358213,0.6,0,false
ETHUSDT,1762825500000,1762829100000,1.326247703811896,0.5589361171861664,0.1442144791336948,3,false,1.1153682452367162,1,2,8,62,0.462790365214765,0.3160817346061519,0.7,0,true
ETHUSDT,1762831800000,1762836300000,2.2599652587176267,0.5505486002482812,0.3454149711365531,3,false,1.1806953115015468,3,2,9,78,1.367333713225841,0.175073341534979,0.75,0,false
SOLUSDT,1762831800000,1762837200000,2.45440839130063,0.8068343616516455,0.6407214048409967,3,true,1.4350675030026194,3,2,4,85,1.8649133293484614,0.19916604515562258,0.6,1,false
HYPEUSDT,1762875900000,1762892100000,-3.1157328233067596,1.142871433215797,0.30009753169781317,1,false,1.6053453567394764,15,2,11,14.000000000000002,-1.0128476986403863,1.43067330215653,0.55,0,true
SOLUSDT,1762894800000,1762904700000,-5.295991122567003,0.5992986930188063,0.006375518010832582,1,false,1.319887737442841,21,2,15,50,-0.6285714285714343,0.3782807353097442,0.55,0,true
HYPEUSDT,1762934400000,1762936200000,-3.9187162557291257,0.5045127269039602,0.06591623567590343,1,false,1.364075416164282,8,3,27,2,-0.47614223482930396,0.08619815434541635,0.55,0,false
HYPEUSDT,1762955100000,1762958700000,-1.7525147890953336,0.870104115022308,0.07684680218147226,4,false,1.402710133991665,13,3,33,10,-0.6870813870146528,1.3736021594226697,0.55,0,true
SOLUSDT,1762975800000,1762979400000,-6.712174920496829,0.6004438062915987,0.2741156506983341,2,false,1.492895039897981,19,3,37,91,-0.3849667232154531,0.8390259467142417,0.55,0,false
HYPEUSDT,1762975800000,1762980300000,-5.636104596143903,0.7854013841727294,0.35511547733222854,2,false,1.7768581480194854,19,3,38,55.00000000000001,-1.0019575520296615,0.6647254839276302,0.6,1,false
XRPUSDT,1762981200000,1762996500000,-1.4561036617253618,1.1756308519125005,0.36528530041565727,20,false,1.224397120374116,21,3,5,59,-1.5099833610648827,1.8963506997264463,0.55,0,false
HYPEUSDT,1762983000000,1762998300000,-5.176079850032806,0.7963800904977373,0.023270846800259447,2,false,1.769343420156999,21,3,40,55.00000000000001,-0.062169723344733474,0.911297852474304,0.55,1,false
ETHUSDT,1763024400000,1763040600000,0.36393652811426186,0.5625007174754023,0.6474498054206687,13,false,1.2740798629123558,9,4,3,89,0.8210072132579143,1.005535257524105,0.75,1,false
HYPEUSDT,1763021700000,1763041500000,-3.179877368490157,0.9482518191729297,0.23579523845745168,1,true,1.7302572391065463,8,4,51,57.99999999999999,-1.107578968614391,0.13220470358982145,0.5,0,true
HYPEUSDT,1763049600000,1763055000000,-4.958709694853805,1.1410788381742678,0.39937759336100487,1,false,1.6622006039557702,16,4,59,41,-1.4492380560131857,0.6157791609036362,0.55,0,true
XRPUSDT,1763056800000,1763058600000,-1.821363103457897,0.5647826632640283,0.8952851106555606,1,true,1.7860081743389984,18,4,0,100,-1.5952351201632722,0.11408468778545146,0.5,0,true
ETHUSDT,1763080200000,1763082000000,-7.318863546814022,0.6567689675124074,0.5167362213933093,2,false,1.7035830319894258,0,5,14,97,-0.22055689070387693,0.6100657384495994,0.7,0,true
XRPUSDT,1763080200000,1763082000000,-3.048375279502264,0.5877305877305896,0.28743028743028437,2,false,1.8025686310119173,0,5,6,95,-0.18920662223177637,0.5215930215929998,0.55,1,true
SOLUSDT,1763086500000,1763093700000,-10.40709653479746,0.5921233819884227,0.0550812448361419,9,false,1.786458859457264,2,5,68,94,0.01383125864454373,2.843569264665378,0.55,0,true
XRPUSDT,1763099100000,1763101800000,-3.236227072296047,0.5176876617773948,0.0905953408110436,10,false,1.7838461806197388,5,5,12,91,-1.002441845521126,3.3818247486806716,0.6,0,true
XRPUSDT,1763102700000,1763104500000,-2.952106598454514,0.6047159140346309,0.10876185504219728,1,false,1.8147850734256146,6,5,13,95,-0.4644702001128589,2.63203689202124,0.6,0,false
SOLUSDT,1763116200000,1763120700000,-11.376554767109784,0.7035812284528249,0.06332231056075664,4,false,1.8960852505567942,10,5,76,95,-0.16890703075516159,0.7176528530218687,0.55,1,true
XRPUSDT,1763116200000,1763120700000,-4.555770618593505,0.654221912072561,0.13084438241451996,4,false,1.7532519889558122,10,5,16,83,-0.16147333507898293,2.695394277739022,0.55,2,true
HYPEUSDT,1763110800000,1763122500000,-6.746964916881866,1.174680300077416,0.20823878046827815,3,false,1.8913219629967777,9,5,76,81,-1.45019751318965,0.12811086442179645,0.55,0,true
SOLUSDT,1763124300000,1763127000000,-12.452607797040109,0.7870635374928612,0.47223812249570457,2,false,2.0110547356287425,12,5,79,99,-1.4819541941430925,1.3260828086243226,0.55,0,true
SOLUSDT,1763143200000,1763145900000,-10.30333157645434,0.5519843487982058,0.4401900503074312,2,false,2.176986685328866,18,5,84,99,-0.48197820620284837,1.0527296441214788,0.55,0,true
SOLUSDT,1763146800000,1763148600000,-10.286831151039362,0.8902706140040916,0.1554440754610322,1,false,2.136503770892916,19,5,85,96,-0.27593038064243297,0.058880331614034345,0.55,1,false
HYPEUSDT,1763143200000,1763148600000,-7.192374532346149,1.286612277651469,0.13374348000534214,2,false,2.1557772560858877,18,5,85,100,-1.4608585190282104,0.2672729704426648,0.6,1,false
ETHUSDT,1763147700000,1763150400000,-7.738226523194107,0.5999758149283876,0.28991079429356054,7,false,2.076591272682627,19,5,33,99,-0.6249478437444884,0.8967080396759081,0.7,2,true
XRPUSDT,1763147700000,1763152200000,-3.6495876885554375,0.7010559113726844,0.34187294443481897,2,false,1.9165002727777356,19,5,25,99,-0.536889504676133,3.0817889256804074,0.6,1,true
XRPUSDT,1763154000000,1763155800000,-4.859258949755019,0.5996089506843475,0.9124484032152904,2,false,2.0050773708536354,21,5,27,100,-0.7974898679565948,2.7547251792309417,0.65,1,true
HYPEUSDT,1763154000000,1763158500000,-5.582922593420063,0.6303133027887379,0.2807277735109554,2,false,2.126739983041096,21,5,88,100,-0.48232363385806476,0.7511628458046523,0.55,0,false
HYPEUSDT,1763201700000,1763207100000,-1.4155903383696578,0.5270159639787043,0.3376995497339283,1,false,1.6513114327850849,10,6,101,44,-0.6836037139067459,0.8492193438979966,0.55,0,true
XRPUSDT,1763212500000,1763223300000,-4.212637564426956,0.5676068112817413,0.18040216482596783,19,false,1.3276386627651684,13,6,43,41,-0.7197717796796124,0.38209490771955684,0.65,0,true
XRPUSDT,1763319600000,1763322300000,-6.040457404893982,1.0782529572338413,0.2593266606005477,1,false,1.339841053627451,19,0,73,36,0.4276451924403405,1.5013648771610517,0.65,3,false
BTCUSDT,1763319600000,1763327700000,-5.88061308986533,0.5636315650567371,0.5917128529955133,1,true,0.769527155405784,19,0,100,28.000000000000004,-0.20333305063184093,0.24232251253628248,,0,true
HYPEUSDT,1763332200000,1763334000000,-3.5671059774308675,0.6939716126329036,0.14926936573613933,6,false,1.5338587986454226,22,0,10,26,-0.4996599173337585,0.18377539042643073,0.55,2,false
ETHUSDT,1763319600000,1763334900000,-8.196774870197032,1.1314583636922848,0.6269328540664862,1,false,1.4381957626108166,19,0,81,37,-0.5958027418621172,1.4533906047968113,0.75,1,true
XRPUSDT,1763333100000,1763334900000,-4.998808989235678,0.6827018717786368,0.2622298580341915,7,false,1.4176912981615641,22,0,77,44,-0.7248660573589565,0.8714621575187598,0.6,2,true
SOLUSDT,1763319600000,1763339400000,-10.098310342550585,1.1553085697572483,0.5849663644340326,1,false,1.4399523451297878,19,0,133,30,0.014734050390438933,0.32538754021643257,0.55,2,false
BTCUSDT,1763388000000,1763390700000,-5.155969235918025,0.6101641079936505,0.40222339862360423,1,true,0.8112652022893266,14,1,119,37,-1.538043352777084,0.09622375154404017,,0,false
ETHUSDT,1763388000000,1763390700000,-5.475777780634369,0.8132357620108159,0.631880369074137,1,true,1.3183724390053706,14,1,100,34,-1.9857478602938345,0.22432919715772953,0.75,1,false
XRPUSDT,1763388900000,1763390700000,-4.445508728196036,0.6735959316590238,1.061694249899612,2,false,1.2534118813723596,14,1,92,31,-2.0575221238938046,1.2886753488030211,0.65,2,false
SOLUSDT,1763389800000,1763391600000,-7.437211968098005,0.548589341692777,0.797948133371334,3,false,1.3165996254927763,14,1,152,30,-2.003810061384325,0.2719198252113367,0.5,1,false
BTCUSDT,1763397000000,1763398800000,-5.064556975388926,0.530520933205497,0.3616703952274422,1,false,0.9562271533444333,16,1,121,56.00000000000001,-1.4250182572526213,0.3921076260481888,,0,false
ETHUSDT,1763397000000,1763398800000,-5.412578163123921,0.7987092087796915,0.506866970722566,1,false,1.5119646461253462,16,1,102,51,-2.3496267437396674,0.7078098332835115,0.7,1,false
SOLUSDT,1763397000000,1763400600000,-7.912813079886237,0.8995831200175661,0.6801726029400852,1,false,1.672060659128664,16,1,154,60,-2.7025079273565873,0.34739998537262806,0.5,2,true
SOLUSDT,1763402400000,1763404200000,-11.169154649553183,0.8518905993125204,1.0013450904199699,1,false,1.9261770126241986,18,1,156,67,-2.5405007363770373,0.8095451601654033,0.55,1,true
XRPUSDT,1763397900000,1763404200000,-4.0022264948817075,1.486199575371557,0.2213488729276633,3,false,1.677762415681771,16,1,95,62,-1.3139664804469218,3.7350480471920298,0.6,1,true
SOLUSDT,1763426700000,1763428500000,-10.91987122453625,0.6128389765589178,0.23747510341657904,1,false,1.7564553013471471,0,2,163,59,-0.3369065849923413,3.342525917981725,0.6,1,false
HYPEUSDT,1763424900000,1763433000000,0.7125672170788797,1.2442159383033466,0.6889460154241663,1,false,1.8420870394133357,0,2,0,84,2.4642475709187472,0.23142673521850166,0.55,0,true
HYPEUSDT,1763433900000,1763437500000,1.3605109181041046,1.1113949923352127,1.0475217169136346,1,false,2.0075080713956033,2,2,3,98,1.3532727365053423,3.4145294034507834,0.55,0,true
SOLUSDT,1763440200000,1763442000000,-8.476193924413405,0.7001862197392907,0.4245810055865871,1,false,1.8548418149585584,4,2,166,69,0.7488087134104686,0.4866542520173825,0.55,1,false
ETHUSDT,1763441100000,1763448300000,-7.95043937260883,0.5510017004995115,0.31751514507386364,2,false,1.8027326549124687,4,2,115,74,1.021781590390057,0.07057737272823891,0.65,2,true
HYPEUSDT,1763443800000,1763449200000,3.750887892588074,2.105911330049271,0.5615763546798067,1,false,2.100617083094328,5,2,5,100,2.901334663839333,0.304318205638828,0.6,2,false
XRPUSDT,1763450100000,1763452800000,-6.510655836525594,0.6411745574501815,0.11615481113227463,2,false,1.7835245584380721,7,2,109,68,-0.7419429631347096,2.13724852483389,0.65,1,false
HYPEUSDT,1763452800000,1763454600000,2.9009368845832495,0.9697333233360956,0.577341231161417,1,false,2.2591108543003844,8,2,8,100,1.330951542293555,4.556871860238438,0.55,1,true
HYPEUSDT,1763460900000,1763465400000,5.429178419615543,0.566655268428507,0.19784084802892646,1,false,2.213431764664559,10,2,10,99,0.7883432588108962,2.155162943254057,0.55,1,false
BTCUSDT,1763436600000,1763469900000,-7.517287361483854,1.1331554147309166,0.13426639467700172,1,false,1.0111361824170138,3,2,132,56.99999999999999,-1.4016238977692956,3.9688257356479353,,1,false
HYPEUSDT,1763488800000,1763499600000,-1.6649447234171606,0.7710358699295996,0.40743701487919043,2,false,2.4752941911870363,18,2,3,97,-1.5720770394686212,7.81386608843648,0.55,0,false
SOLUSDT,1763503200000,1763505900000,-4.012995520029042,0.518576401221844,0.5469915464942887,1,true,1.5468119127530713,22,2,184,55.00000000000001,-0.7941572715025205,0.020127394567993468,0.55,0,false
SOLUSDT,1763538300000,1763544600000,-3.118579689893172,0.7430472011888836,0.44582832071332207,17,false,1.527356481488207,7,3,194,56.99999999999999,-0.3400637619553795,0.9114712334583617,0.5,0,true
HYPEUSDT,1763577900000,1763583300000,-3.557826163982704,0.7246183765351479,0.08524922076883203,1,false,1.633111059754289,18,3,28,48,-1.1923056541783579,3.064947549623361,0.5,1,false
SOLUSDT,1763577900000,1763584200000,-8.838189962314697,0.760861294985924,0.015217225899726267,1,false,1.6355741468002938,18,3,205,62,-1.0065082488269899,2.001065205812977,0.5,0,false
HYPEUSDT,1763591400000,1763594100000,-1.7264110727389586,0.7605355003385987,0.1146012397770405,2,false,1.685811147897949,22,3,31,56.00000000000001,0.18831406601453057,1.0850074953841276,0.45,0,false
ETHUSDT,1763617500000,1763621100000,-4.601194667339999,0.5518368847642446,0.23603255213890317,1,false,1.416532068308503,5,4,164,39,0.35694927354213263,0.4501798421415978,0.65,0,true
HYPEUSDT,1763684100000,1763685900000,-3.531554698720693,0.949425347815788,0.3155984535675894,3,false,1.5745697067707236,0,5,10,32,-0.7164226106125104,1.8953440461474873,0.45,0,false
HYPEUSDT,1763691300000,1763695800000,-2.4379909710275576,0.7900884584088037,0.22573955954536712,1,false,1.6273840143615437,2,5,12,42,-1.3336799688028211,1.697421494255876,0.4,0,true
SOLUSDT,1763700300000,1763702100000,-6.738045481106688,0.5138668480314201,0.10579611577118926,1,false,1.817739362691334,4,5,20,86,-1.1839640314724498,1.2053200332502068,0.45,1,false
HYPEUSDT,1763699400000,1763706600000,-5.151475707782372,1.0795746638166448,0.13257934467925697,2,false,1.7862690956115854,4,5,14,59,-1.9782498869951335,1.7478559999185777,0.45,0,true
XRPUSDT,1763707500000,1763711100000,-10.317032474021227,0.7106598984771579,0.14720812182740622,1,false,1.675394030708751,6,5,181,64,-1.049815777519818,7.368020304568522,0.65,0,true
XRPUSDT,1763732700000,1763736300000,-11.269760094096675,1.1027698679782603,0.22262490292518614,17,false,2.3101394023344173,13,5,188,99,-0.589055960316234,2.741392699974116,0.7,0,false
HYPEUSDT,1763735400000,1763737200000,-13.524034859021578,1.8755456543336384,0.2589035734714108,1,false,3.0307099214572206,14,5,24,99,-0.08175624526873891,25.423653235986116,0.45,1,false
BTCUSDT,1763743500000,1763745300000,-8.6962094517683,1.2647453426205062,0.19690218342379887,5,false,1.856791945488898,16,5,218,100,-1.5011547344110854,1.9954500595825493,,0,false
SOLUSDT,1763749800000,1763751600000,-7.99978583098868,1.1173184357541883,0.6052141527001872,1,false,2.4709536353016968,18,5,33,99,-2.0582793709528224,0.7836747361887176,0.4,2,false
BTCUSDT,1763749800000,1763757000000,-8.660234626285227,0.7129826085109462,0.6941019038830666,1,false,1.8111864940696745,18,5,219,99,-1.7996099240396832,4.586949184943589,,0,true
ETHUSDT,1763749800000,1763757000000,-9.686539207483994,0.87845622119816,1.0807891705069117,1,false,2.2807536736718084,18,5,200,99,-2.3068992181458907,0.03006192396315132,0.65,1,true
XRPUSDT,1763749800000,1763757000000,-8.786125295794092,1.1422479439536992,0.979794903035846,1,false,2.402642261805741,18,5,192,100,-2.165156092648536,0.7437303279520789,0.65,3,true
SOLUSDT,1763755200000,1763757900000,-8.633504972951478,0.933053417308132,0.35767047663479345,1,false,2.479376633723561,20,5,35,97,-1.0968638961841617,0.9952569784620178,0.4,4,true
HYPEUSDT,1763750700000,1763761500000,-13.418427239361277,2.6859752433601685,0.25237351279893067,13,false,3.416004714666702,18,5,29,98,-2.1595520928992484,0.2223290469895387,0.45,3,false
HYPEUSDT,1763767800000,1763775000000,-12.930568032697229,0.6353240152477654,0.47279926716114684,4,false,3.1681529254488674,23,5,33,93,-1.2955038396154526,1.8646021098667303,0.45,1,false
XRPUSDT,1763766900000,1763777700000,-11.462889759396823,0.5588310689566846,0.5126890540886957,3,false,2.426516712033981,23,5,197,96,-0.8585445625511114,1.7405793386311277,0.7,0,false
HYPEUSDT,1763787600000,1763789400000,-11.208172302402406,0.5846053913608327,0.6643243083645854,3,false,2.6448896114398552,5,6,39,71,-0.8257638315441816,1.6435875481020163,0.4,1,true
XRPUSDT,1763786700000,1763789400000,-9.671763759261957,0.5303537407960442,0.43252149734822937,2,false,2.0891828552053773,4,6,203,82,-1.1430035879036384,1.1019000051490697,0.65,0,true
SOLUSDT,1763802000000,1763810100000,-9.223051542002882,0.5909234163252443,0.5042546485975422,2,false,2.0485292918634608,9,6,48,75,-1.2364034744502796,1.4221556886227487,0.45,0,true
HYPEUSDT,1763809200000,1763813700000,-12.445201191203006,0.7486566443277326,0.4316850812050978,2,false,2.5107910636388135,11,6,45,57.99999999999999,-0.7476410117271037,0.13041115739903975,0.4,0,true
HYPEUSDT,1763814600000,1763819100000,-12.254660949378088,0.7145897950495633,0.5503861825701042,1,false,2.438710393830272,12,6,46,56.99999999999999,-1.9510432661909591,0.861156723225691,0.4,0,true
XRPUSDT,1763834400000,1763850600000,-8.818579866323816,0.5178932104200118,0.005178932104199543,1,false,1.6280569620987388,18,6,216,41,-0.6896196798929586,1.5743953596768452,0.65,0,false
SOLUSDT,1763840700000,1763852400000,-7.464324294447769,0.5181753945198999,0.06280913872968383,1,false,1.5677134868299136,19,6,59,11,-0.39166536111546296,1.1227133547931276,0.5,1,false
XRPUSDT,1763876700000,1763883000000,-2.16678440264756,0.6092805615129525,0.06336517839735226,1,false,1.4640762635512063,5,0,228,42,-0.7898052136835063,3.097582374731905,0.6,0,true
HYPEUSDT,1763889300000,1763901000000,-14.346553810373615,0.7717611336032382,0.6325910931174067,11,false,2.456056665350492,9,0,67,53,-0.292509220399346,0.3226214574898795,0.45,0,false
HYPEUSDT,1763906400000,1763910000000,-13.283745019374765,1.3366618213992347,0.8026290842444584,4,false,2.2135805043041743,14,0,72,45,-1.1563789898225962,0.2275169057700789,0.45,0,true
SOLUSDT,1763919000000,1763923500000,-3.101426139422033,0.7356844899507008,0.03033750474022908,2,false,1.2974493866121006,17,0,80,10,-0.49112202493389173,0.9354063961572394,0.45,2,false
BTCUSDT,1763918100000,1763926200000,-3.7224921918105154,0.5744176411011944,0.11762268667709821,1,false,0.7734129974373329,17,0,266,8,-0.5768209101309254,0.5894369763373472,,0,false
ETHUSDT,1763918100000,1763927100000,-5.587130928361432,0.5312500000000012,0.5007102272727241,1,false,1.0766420433318526,17,0,247,12,-1.1161597603030025,0.40820312499999617,0.65,1,false
HYPEUSDT,1763926200000,1763929800000,-13.903705849584435,0.6598854052662134,0.15450975342817957,13,false,2.190460314370637,19,0,77,40,0.19803265915657547,2.475375008047378,0.45,1,false
XRPUSDT,1763921700000,1763929800000,-2.353655909636297,0.7413509060955455,0.39732532222114475,5,false,1.213636584678684,18,0,240,7.000000000000001,-0.6148632292423217,0.6153697063669035,0.65,3,false
HYPEUSDT,1763945100000,1763946900000,-10.407125059446454,0.6581806892269363,0.17696367587706352,6,false,2.2592600701386507,0,1,83,48,-2.0169460305765226,1.16423470971749,0.45,0,true
ETHUSDT,1763960400000,1763962200000,-4.213857434580368,0.6060924737967527,0.8108108108107988,2,true,1.2415169183069525,5,1,259,35,-1.528015959122259,1.719394491768033,0.6,0,false
XRPUSDT,1763960400000,1763962200000,-1.6524121725224907,0.5058778184621292,0.02408941992677621,3,false,1.4358251302309697,5,1,251,43,-0.7366306323543307,0.184685552771901,0.6,1,false
XRPUSDT,1763978400000,1763990100000,-2.2717538976514176,0.7713204618220747,0.2862132531289423,2,false,1.4702999846319909,10,1,256,46,-1.181083305097051,0.49966042495391366,0.55,0,false
HYPEUSDT,1763991000000,1763994600000,-13.055134108032657,0.6510292005744396,0.16275730014361556,6,false,2.3806272137669784,13,1,95,40,-1.4243754539999385,0.0023934897079943463,0.45,0,false
XRPUSDT,1764040500000,1764054000000,7.007885558335049,0.5836229172235637,0.12474382963555605,1,false,1.4532475006233223,3,2,11,52,0.2539088600828562,1.9847634322373735,0.5,0,false
HYPEUSDT,1764079200000,1764082800000,-6.251597074651915,1.175070198998895,0.549383469661823,1,false,2.7247398044683364,14,2,120,77,-0.9158627427036181,1.2367232328165079,0.4,0,true
XRPUSDT,1764086400000,1764099000000,3.3329748882630135,0.808972237543679,0.32175032175030666,1,false,1.3628407974391565,16,2,24,48,0.6337834114080928,0.04366611509470723,0.5,0,false
BTCUSDT,1764099900000,1764103500000,-2.3612316511924476,0.6671894098383406,0.15382486566268555,1,false,0.8534843687466745,19,2,317,49,-1.3931665557712556,0.39914900486611726,,0,false
XRPUSDT,1764107100000,1764110700000,3.0663078680627724,0.6157522286554682,0.3813987684955312,5,false,1.418391066248503,21,2,30,63,0.9660272706263064,0.07122507122508888,0.45,0,true
HYPEUSDT,1764131400000,1764135000000,-1.3425523138864404,0.8663984257981195,0.21439689858733119,3,false,2.142550082473401,4,3,134,24,-0.8713195520598866,1.303513563785537,0.45,0,false
HYPEUSDT,1764160200000,1764164700000,-1.937052143586699,0.7042253521126605,1.1231948653949013,1,false,1.8785448165585823,12,3,2,1,-1.9841504524217857,1.227194389968514,0.4,0,false
XRPUSDT,1764174600000,1764178200000,1.9074750727029726,0.6124798526364306,0.6769514160718367,1,true,1.110402871065968,16,3,48,6,0.6255462030265321,0.14506101772966906,0.45,1,true
SOLUSDT,1764174600000,1764179100000,0.5327968638501183,0.9203126141260617,0.35789934993792205,1,false,1.2038743311927238,16,3,2,28.999999999999996,0.16767514762704544,0.12051712804031264,0.45,0,true
HYPEUSDT,1764245700000,1764261900000,0.7198399824736602,0.5047591577733033,0.023074704355337657,2,false,1.5318132809748537,12,4,19,2,-0.8055531750792597,0.4450121554246121,0.4,0,true
HYPEUSDT,1764314100000,1764321300000,0.5952456184996089,0.6841801385681348,0.1587759815242486,13,false,1.4836506408719146,7,5,3,14.000000000000002,1.9709331227885472,0.03496279189119664,0.45,0,true
XRPUSDT,1764346500000,1764349200000,3.8981348495082924,0.6909320809248496,0.4470736994219663,4,false,1.1680604511480353,16,5,96,55.00000000000001,-0.08085163724566527,1.0018005314189244,0.45,0,false
HYPEUSDT,1764372600000,1764391500000,0.7239883407004637,0.6913836314925301,0.700025926886187,2,false,1.6782178976086575,23,5,0,34,1.8025626092020959,0.5683338066018848,0.5,0,false
HYPEUSDT,1764424800000,1764428400000,3.4410212029260228,0.7763931474865573,0.2587977158288524,8,false,1.7125522218585685,14,6,6,49,0.8300160921487368,1.7193742130103593,0.5,0,false
ETHUSDT,1764475200000,1764506700000,0.6749109482085786,0.5081644191235771,0.32483716324489365,1,false,0.6728327687595651,4,0,9,8,0.4210716423800797,0.12712473947790964,0.6,0,true
HYPEUSDT,1764508500000,1764515700000,-4.367134643159401,0.8043691193493834,0.09794900715324939,12,false,1.469057563847531,13,0,19,7.000000000000001,-1.2546386287329974,1.11899320293252,0.5,0,true
HYPEUSDT,1764574200000,1764597600000,-10.270746654098993,2.3892548107968437,0.03228722717293543,16,false,1.867205252463474,7,1,37,66,-1.9796631712742219,0.4084334237375696,0.5,0,true
SOLUSDT,1764597600000,1764602100000,-7.18470367833393,0.5672417868116275,0.22059402820452303,1,false,1.0460656792679064,14,1,14,69,-0.1817607080765007,1.2101158118648083,0.45,0,true
BTCUSDT,1764619200000,1764624600000,-4.9415904567393865,0.5593714529440418,0.12795621986095296,19,false,0.969183752243766,20,1,19,97,-0.7524964295285884,0.19870117056245734,,0,false
XRPUSDT,1764637200000,1764641700000,-5.699381870355551,0.5317315740239349,0.03938752400176811,4,false,1.1980767270139892,1,2,25,83,-0.12800315084679784,0.26305239244039547,0.4,0,true
SOLUSDT,1764646200000,1764665100000,-5.9444430907572166,0.5028679185982561,0.19643278070244366,2,false,1.1772640711822846,3,2,27,81,-0.369032663316582,1.0798190573471398,0.45,0,true
HYPEUSDT,1764665100000,1764673200000,-6.55497098468532,0.8823716117564866,0.5078397765504987,1,false,1.9573775663024997,8,2,63,63,-1.0484762355913493,0.7535979541311919,0.5,0,false
HYPEUSDT,1764714600000,1764716400000,-1.2593815259632901,0.6220653766785463,0.6848700541316483,11,false,1.984125355335402,22,2,2,87,-0.5691349149293006,2.2923707270388896,0.5,1,false
HYPEUSDT,1764721800000,1764729000000,1.5673881007611672,0.9856065386580213,1.0246702124462692,6,false,2.0116236085219534,0,3,1,94,2.3475461613216817,1.828480423089634,0.5,1,true
ETHUSDT,1764729000000,1764736200000,2.6260435171068535,0.512664667098291,0.1450127505516388,1,false,1.0670379280884652,2,3,10,85,1.143546489601399,0.5970863432248236,0.6,2,true
XRPUSDT,1764691200000,1764738900000,1.257677385545772,1.2895116614682667,0.027931660537215866,1,false,1.2352097221360658,16,2,0,95,2.9314714743436534,0.04034573188711025,0.45,0,true
BTCUSDT,1764729000000,1764740700000,3.3418695816002457,0.5817298541295451,0.09928016473151999,1,false,0.9203624891479868,2,3,11,93,1.0758517976588597,0.9194564815249983,,1,true
HYPEUSDT,1764747000000,1764748800000,2.5806148778295115,0.551866607643493,0.49579459938025466,17,false,1.982547422869041,7,3,8,92,0.583399628745692,3.584181791353088,0.55,0,true
HYPEUSDT,1764768600000,1764771300000,1.6948624468206417,0.5885658513501466,0.3785750199639174,2,false,1.8342843105440814,13,3,14,54,0.8967012084681836,3.373162580225358,0.55,0,false
ETHUSDT,1764787500000,1764795600000,5.2647196768828755,0.5787781350482315,0.10192926045016311,4,false,1.1716161710444184,18,3,27,100,0.9073563568395174,1.5250689021589203,0.6,1,true
SOLUSDT,1764785700000,1764798300000,4.485500216635186,0.608806456180083,0.0778705932323472,2,false,1.194869075085797,18,3,26,87,0.6398862424457914,0.039874366849909436,0.45,0,true
ETHUSDT,1764864000000,1764867600000,6.860185124856873,0.7522430777631612,0.252944480883247,1,false,1.1271911100481629,16,4,48,88,2.2389365608127205,0.5643862958069564,0.6,0,false
BTCUSDT,1764878400000,1764941400000,1.5944716163596704,0.7575741019583535,0.29000456751729664,1,true,0.852133233188126,20,4,53,57.99999999999999,-0.2143476079719005,0.10885447935659641,0.4,0,false
HYPEUSDT,1764943200000,1764947700000,-6.66593349800494,0.9556659599379754,0.30695231163570064,1,false,1.5514465341801262,14,5,10,9,-1.5827743997994077,0.21518306382708724,0.5,0,false
SOLUSDT,1764954000000,1764962100000,-3.842908805477727,0.8193640532210805,0.30068405622792277,1,false,1.3392228483323765,17,5,5,83,-2.4525785417901615,0.04886115913703505,0.45,0,true
BTCUSDT,1764956700000,1765117800000,-1.5446544109306837,1.0078638208813566,0.976492784661679,6,false,0.9136001773661309,17,5,4,74,-2.020365991163915,1.0573036871498502,0.35,1,true
HYPEUSDT,1765127700000,1765145700000,-9.457009619130059,1.1549371876266457,0.19586654059165148,15,false,1.8082711024818103,17,0,61,60,-1.5797417407345298,1.3710657841415603,0.45,0,true
XRPUSDT,1765160100000,1765179900000,-1.1857135043086275,1.0198656290782382,0.07733578229978577,1,false,1.2140242593025736,2,1,6,100,0.6476116277937425,0.030612080493667433,0.45,0,false
ETHUSDT,1765212300000,1765220400000,1.8596653288518352,0.5467083267636166,0.16700507450872046,1,false,1.1263744722693032,16,1,17,62,0.9320698680349664,0.4094490370552072,0.6,1,false
HYPEUSDT,1765168200000,1765220400000,-6.706275417911494,2.0575724601839904,0.2835756916279291,10,false,2.0486964421129663,4,1,72,87,-0.5948250223059375,1.0061166617205801,0.5,1,true
HYPEUSDT,1765234800000,1765236600000,-7.139345362522438,0.547186381138955,0.19590623522260142,1,false,1.910736913719756,23,1,91,77,-1.223764500771146,1.345447994775834,0.5,0,true
XRPUSDT,1765307700000,1765313100000,2.8238849752200044,0.8919301557338537,0.759792354884369,12,false,1.1218842112807235,19,2,3,97,3.108808290155439,0.19139006869067857,0.45,0,false
XRPUSDT,1765363500000,1765377900000,-0.9623464456563853,0.6381651552228823,0.532604001727359,1,true,0.8973024174195932,10,3,10,49,-0.23588311750831012,0.3464656041059385,0.4,0,true
HYPEUSDT,1765377000000,1765381500000,-6.327931536457908,0.5791638108293368,0.14050719671007667,11,true,1.6956029820791303,14,3,130,28.999999999999996,-0.43528927885933266,0.0017135023988871898,0.55,1,true
HYPEUSDT,1765391400000,1765393200000,-5.713578160054776,0.5305222543750858,0.05856414496348167,3,false,1.6128369477621043,18,3,134,25,-0.1033627342888683,0.5219098801157701,0.55,0,false
BTCUSDT,1765399500000,1765401300000,1.604617932581925,0.6700889154379344,0.02019828701336408,2,false,0.8606905469062688,20,3,29,97,1.935660467994692,0.5877839655069687,0.4,0,false
SOLUSDT,1765399500000,1765401300000,1.7207826053239057,0.8643042350907642,0.504177470469597,2,false,1.4735624361424389,20,3,29,98,2.9050766213958896,1.7524322407641963,0.5,1,false
HYPEUSDT,1765401300000,1765411200000,-4.632852886037168,1.2322754895340933,0.9655638082376818,1,false,1.9269543551399297,21,3,137,69,-2.0267096168042387,1.0145172180958795,0.55,0,true
HYPEUSDT,1765415700000,1765418400000,-6.191571317679094,0.5923272952682712,0.35126386114746305,5,false,2.0363098215191577,1,4,141,80,-1.1287998353118802,0.48729251325850326,0.55,0,true
HYPEUSDT,1765420200000,1765435500000,-6.2732417604392605,1.214940294362682,0.5484587614551557,2,false,2.0786290820734195,2,4,142,90,-0.2231131253268261,0.9941682865870607,0.6,0,true
ETHUSDT,1765503900000,1765553400000,2.4931453845722085,0.8618115770747556,0.4139556871477783,1,false,1.2406389112078076,1,5,98,78,0.08361229905951083,2.281849085005539,0.55,0,false
HYPEUSDT,1765558800000,1765560600000,-3.288453475643343,0.6456410776459538,0.716627792989216,7,false,1.7800623664893391,17,5,181,28.999999999999996,-0.2004757050628646,0.8907142615691341,0.65,0,false
HYPEUSDT,1765584900000,1765591200000,-4.346124753816261,0.5115000521938775,0.1391836876718019,1,false,1.985197359201613,0,6,188,74,-0.8118798140309423,1.0073419395246888,0.6,1,true
HYPEUSDT,1765592100000,1765602000000,-4.8284711021369535,0.6667830336882491,0.6423459591551791,1,false,1.907143707343071,2,6,190,51,-1.1547424437410898,0.6824925816023708,0.6,1,true
SOLUSDT,1765576800000,1765614600000,-2.665758813537379,0.5283417616423796,0.045286436712206404,11,false,1.3254380681610909,22,5,6,56.99999999999999,-0.1813921850200356,0.8039740245944708,0.5,0,false
HYPEUSDT,1765732500000,1765734300000,-2.3614338397388344,0.512820512820508,0.7384615384615422,10,false,1.6309336185551613,17,0,3,42,-1.667628978025336,1.318398560503799,0.65,0,true
HYPEUSDT,1765753200000,1765755900000,-2.8627964600046676,0.799059116538108,0.6814486838008896,1,false,1.6853514580453817,23,0,9,53,-1.7535398077651851,1.6374658410875411,0.7,0,true
HYPEUSDT,1765768500000,1765770300000,-1.2709623782269672,0.5803830528148515,0.29701956232289695,1,false,1.7931636146574372,3,1,13,69,-0.7695188804521744,1.153596667918465,0.7,1,true
SOLUSDT,1765769400000,1765792800000,-1.9041752922494035,0.7284868720594991,0.13659128851116015,2,false,0.92659620987268,3,1,59,45,-0.28072837632777276,0.3555709732671183,0.5,3,false
XRPUSDT,1765768500000,1765804500000,-2.2099898099224555,0.7556801121008965,0.0750675608047271,2,false,0.7719218436142941,3,1,122,52,-0.030043563166599365,0.13011710539485216,0.45,2,true
BTCUSDT,1765768500000,1765810800000,-1.3462051952888294,0.5671491644777222,0.055664226233725946,2,false,0.6090283621322117,3,1,59,49,0.2363517515032536,0.2734775237988839,0.4,0,true
HYPEUSDT,1765830600000,1765836000000,-6.292426421758796,0.9464644619038931,0.0986661794262652,1,false,1.804483873266935,20,1,30,71,-1.3468013468013464,3.6488214873013103,0.7,0,false
HYPEUSDT,1765908000000,1765917900000,-8.352735719081092,0.8509847640282394,0.4310665180230385,4,false,1.981978477303537,18,2,52,90,-1.6438154209052096,0.25455221107393783,0.7,0,false
SOLUSDT,1765913400000,1765918800000,-3.0984710923198864,0.5159474671669878,0.5237648530331471,1,false,1.4221682118248231,19,2,99,94,-0.06297724946862811,1.9045994655750762,0.45,2,false
HYPEUSDT,1765920600000,1765932300000,-7.531153529570809,0.925857068491122,0.4796608909050264,2,false,1.9768933796567991,21,2,55,88,-0.7702898820377357,0.3141964750501914,0.7,1,true
ETHUSDT,1765913400000,1765935000000,-4.416725006363661,0.6387056289537482,0.54542679307362,1,false,1.3598357999786437,19,2,29,100,-0.1379720162697682,0.49956752539726984,0.5,1,false
HYPEUSDT,1765939500000,1765941300000,-7.644446562329524,0.5313736574335717,0.30525720746184104,3,false,1.746536099053087,2,3,61,41,-0.42232277526394535,1.5250298348093874,0.7,0,false
XRPUSDT,1765939500000,1765963800000,-3.2369569097723603,0.6226326985938884,0.05188605821616313,4,false,0.9706053846725589,2,3,170,84,0.05199667221297264,0.6606824746190777,0.45,1,true
BTCUSDT,1765985400000,1765987200000,0.6669339792358344,0.6325671370050001,1.6984524351388322,2,false,0.8398871769427095,15,3,0,95,2.3914672539764497,0.5203380483876694,0.4,0,false
XRPUSDT,1766000700000,1766003400000,-5.914741001535572,0.5189663474399465,0.4815151677277779,4,false,1.3661891500260621,19,3,187,98,-0.7266509938020856,1.2412390990316253,0.5,0,false
HYPEUSDT,1766044800000,1766052000000,-14.180614133538255,0.8552686207755671,0.17437515569209516,1,false,2.1466506135524255,8,4,90,69,-1.3188709478614487,0.10587063024163816,0.65,0,false
HYPEUSDT,1766057400000,1766063700000,-12.078163753489356,0.6575162324319888,0.20958329908768958,1,false,2.0701869688847734,11,4,93,64,-1.0269049086054631,0.9143585107257342,0.65,0,false
BTCUSDT,1766075400000,1766078100000,-0.08452887227674159,0.6809151535846949,0.08649951718570145,1,false,0.8912420686089603,16,4,1,90,-0.4660641402708579,1.211250575201315,0.35,0,true
ETHUSDT,1766075400000,1766078100000,-1.7134710476365513,0.6671357817532206,0.1089339359657993,1,false,1.2095290583679297,16,4,74,75,-0.8098923283983905,0.2483672921302933,0.5,1,true
HYPEUSDT,1766075400000,1766078100000,-10.86274652143534,1.4795754261820462,0.7357671276937915,2,false,2.2119640015601316,16,4,98,84,-0.044561474579701166,3.057655194596335,0.65,2,true
BTCUSDT,1766088000000,1766113200000,-4.539705725643717,0.9332591493861696,0.23972550371173226,1,false,1.1558916024755217,20,4,5,97,-1.5069804890705485,1.3559429693261817,0.35,0,false
SOLUSDT,1766110500000,1766114100000,-8.142062088598285,0.5539236256819107,0.5287452790600164,6,false,1.6946624736941307,2,5,34,84,-1.154425296971733,2.728703315148971,0.4,1,false
HYPEUSDT,1766110500000,1766115000000,-17.01694040560685,0.5893909626718971,0.6461471294477175,12,false,2.450391443150107,2,5,108,77,-0.9446693657219918,5.267408862693728,0.65,2,false
HYPEUSDT,1766155500000,1766157300000,-10.32810999791053,0.7642055959571057,0.08628127696288773,1,false,2.025253753305242,14,5,121,26,-1.1544307957766828,0.9347138337647363,0.6,0,false
BTCUSDT,1766164500000,1766166300000,-0.2676974829936002,0.6297852299910484,0.06611443004039794,1,false,0.9182896889148187,17,5,5,74,-0.43907656956572755,1.0141001192097416,0.3,0,true
HYPEUSDT,1766167200000,1766172600000,-10.345773688332391,1.025010250102501,0.5371053710537114,1,false,2.328646531989841,18,5,124,77,-0.7105890084613564,1.1418614186141907,0.55,0,false
XRPUSDT,1766225700000,1766229300000,0.8852908536243929,0.53054496754919,0.21633872463170814,2,false,0.9030713371044475,10,6,0,15,1.368939590355197,0.586174925311628,0.45,0,false
HYPEUSDT,1766286000000,1766297700000,-9.701047448254311,0.8885535856490202,0.02095645249173292,6,false,1.6297948134204023,3,0,157,10,-0.5880145126986039,0.760719225449515,0.5,0,false
HYPEUSDT,1766365200000,1766368800000,-4.8482298847872505,1.3052819327901382,0.17836150634399645,2,true,1.4364238574594739,1,1,179,21,0.012192643771591601,0.030402529490469156,0.5,0,false
HYPEUSDT,1766412000000,1766413800000,-2.953647993595377,0.5315983655333849,1.0750981870115477,2,false,1.4777609447948992,14,1,192,41,-1.4010369256342234,1.264671378131921,0.45,0,true
HYPEUSDT,1766459700000,1766464200000,-3.891948432312232,0.8734683974281253,0.578268429778805,1,false,1.449452612304838,3,2,205,32,-0.9470460224067035,1.1895260412343454,0.45,1,true
SOLUSDT,1766448900000,1766471400000,-0.8199493076626583,0.7761146749029888,0.07127583749108198,20,false,0.9342270448534418,0,2,6,56.00000000000001,-0.9297927665274547,1.0053012904046266,0.4,0,true
HYPEUSDT,1766513700000,1766515500000,-4.8197414457602905,0.8481903899205316,0.0247045744637058,1,false,1.4981692946420084,18,2,220,49,-0.8372322088155653,0.6066345507198592,0.45,0,false
HYPEUSDT,1766534400000,1766536200000,-5.403029257856404,0.6527093596059069,1.038587848932677,5,false,1.5018130779975534,0,3,226,51,-1.7563971340839386,0.30514504652435065,0.45,0,true
HYPEUSDT,1766545200000,1766547900000,-5.9479046404920375,0.7728620963362105,0.4678948907549061,1,false,1.5825643446906659,3,3,229,73,-1.6167813614128206,1.0271009017719175,0.45,0,false
XRPUSDT,1766600100000,1766608200000,-3.0487325690766025,0.6411292495016443,0.032325844512696295,1,false,0.7867647127731296,18,3,47,79,-0.7670439306978479,0.49335396030079653,0.45,0,false
HYPEUSDT,1766618100000,1766622600000,0.4457822237352946,0.8566510548016579,0.29622513109962795,2,false,1.2415784459676908,23,3,0,13,1.1117824773413891,0.43202064338131424,0.4,0,false
BTCUSDT,1766678400000,1766694600000,0.41239027465241895,0.5849749506948132,0.027202865368485478,1,false,0.3851492084259406,16,4,0,9,0.9133722117225853,0.2686742462998971,0.35,0,false
HYPEUSDT,1766743200000,1766749500000,1.308257069456635,0.6341656757827988,0.14665081252476828,3,true,1.1962324108976372,10,5,3,39,0.5810482747642011,1.1920013297022207,0.35,0,false
SOLUSDT,1766770200000,1766873700000,-2.667783712076032,1.0370250344324612,0.9884144859434603,10,true,1.0098568383535491,17,5,2,92,-1.9419033862943362,0.3451348942720701,0.45,0,false
HYPEUSDT,1767076200000,1767082500000,2.777016961219016,0.6055528049663041,0.011425524622005991,1,false,1.2312170572981722,6,2,30,87,1.3506753376688447,0.22406723286489683,0.3,0,true
HYPEUSDT,1767084300000,1767086100000,2.2359750410056143,0.5826351865955912,0.0076161462300033955,2,false,1.3340505129984277,8,2,33,100,1.3129770992366459,0.23546585427774588,0.3,0,false
HYPEUSDT,1767474900000,1767477600000,-1.5650549444439912,0.9810595443078565,0.252272454250586,8,true,1.1863274727568631,21,6,55,49,-0.5551561626327955,0.2138098620193994,0.3,0,false
HYPEUSDT,1767559500000,1767561300000,4.852375620697715,0.772690577788031,0.5843232230038728,1,true,1.2337057389179023,20,0,7,72,1.4321656667311686,0.5180102256563903,0.3,0,true
HYPEUSDT,1767579300000,1767581100000,7.204591797155882,0.7831235011990394,0.09367505995204636,6,false,1.4113166587864192,2,1,12,100,-0.2121956667411161,2.000899280575549,0.3,0,false
XRPUSDT,1767586500000,1767601800000,9.699403859537743,0.6757076028918386,0.3449416434343102,12,false,0.9990515923840723,4,1,82,96,1.4820815859702798,2.774013684869962,0.4,0,true
HYPEUSDT,1767629700000,1767631500000,3.826396695096331,0.7110907214130059,0.7607906105440289,2,false,1.6661781097765636,16,1,26,100,1.0291135850644704,2.219291203119626,0.3,0,true
HYPEUSDT,1767636000000,1767638700000,4.80819262785467,1.0105597819915955,0.703985466106506,1,false,1.729583521009365,18,1,28,100,0.8815406151867146,1.1979107528102697,0.35,0,true
HYPEUSDT,1767639600000,1767641400000,6.350768881591305,0.5587840858292434,0.5550588585903641,1,true,1.7391367973635712,19,1,29,100,1.349224196087261,0.10058113544925298,0.4,1,true
ETHUSDT,1767636900000,1767644100000,4.8747002434203575,0.8109161058432441,0.09299928993785499,2,false,0.8785292421670279,18,1,153,100,0.10432181394267842,3.5474604733263746,0.5,1,true
HYPEUSDT,1767645000000,1767646800000,6.155512835933735,0.5946445060018387,0.6315789473684188,1,false,1.7082170270368462,20,1,30,99,0.40136981257133786,1.167128347183745,0.4,0,false
XRPUSDT,1767645000000,1767646800000,14.816801698075583,0.7057379564283427,1.5955814667075785,1,false,1.1880213485373285,20,1,98,99,2.1671144782627807,2.3041913488528047,0.45,1,true
XRPUSDT,1767656700000,1767658500000,17.5334079212538,0.5258882380606353,0.3847962717516737,2,false,1.2957736425027138,23,1,102,98,1.142611683848805,4.710142256675332,0.45,0,false
XRPUSDT,1767663900000,1767666600000,18.429546141897703,1.085573742685111,0.39012806377745207,3,false,1.3974438716570912,1,2,104,100,1.9784946236559062,0.317557988392415,0.45,1,true
HYPEUSDT,1767663900000,1767667500000,3.64137370143435,0.6685047399629852,0.23038863919628336,1,false,1.7933038740780232,1,2,36,96,0.5699618767221524,0.9838727952562616,0.4,0,false
XRPUSDT,1767678300000,1767684600000,18.304474498927505,0.7430106624128976,0.07136260599446036,4,false,1.3577256035501786,5,2,108,96,0.2180202087962715,3.2753477177958867,0.5,0,false
HYPEUSDT,1767685500000,1767687300000,2.9972389074375787,0.5604697270093107,0.3469574500533686,16,false,1.8315622518634695,7,2,42,98,0.6468797564687905,1.9425804483757785,0.4,0,true
HYPEUSDT,1767689100000,1767691800000,3.51119367030043,0.5217588566675552,0.2381942606525722,2,false,1.7797617314017804,8,2,43,92,0.23347768781774117,1.0907784793375896,0.45,0,true
HYPEUSDT,1767699000000,1767702600000,3.4410242845377046,0.8444994933003094,0.7506662162669342,1,true,1.7236710817281125,11,2,45,84,1.6544883201453875,0.35468978718612776,0.5,0,true
SOLUSDT,1767715200000,1767717900000,7.708803980185067,0.509435316065156,1.0188706321302916,7,false,1.0573918387663348,16,2,118,100,1.3519344167985008,4.040372688333439,0.45,0,false
XRPUSDT,1767733200000,1767735000000,9.45330898793292,0.5235367818149196,0.6533023089314556,3,false,1.7427986680605443,21,2,123,98,0.5403715612718928,0.31181407967746366,0.5,0,true
XRPUSDT,1767735900000,1767744000000,10.57286109286645,0.8250606662254747,0.4985660710346289,1,false,1.7323439885062981,21,2,124,99,0.716212034130598,1.7060851997631694,0.55,0,true
HYPEUSDT,1767748500000,1767753000000,6.928564828660082,0.6063907044299129,0.26870007262164713,9,false,1.9535298783568178,1,3,59,100,0.6559766763848386,0.1506899055918764,0.55,0,true
HYPEUSDT,1767803400000,1767810600000,1.6073192415341375,0.657005556389851,0.21399609550984441,1,false,1.6756793674454853,16,3,74,54,0.08996176624934744,0.3810632227061176,0.55,0,true
HYPEUSDT,1767835800000,1767839400000,3.2678445382153343,0.5392940826421675,0.04091196489009273,3,false,1.6226546458396263,1,4,83,45,0.1302858844550333,0.5560307955517527,0.55,0,false
XRPUSDT,1767847500000,1767852000000,2.638407873202245,0.6209740951851476,0.13902405116083552,1,false,1.285943955236517,4,4,155,51,0.7955338450802358,2.5042005806523346,0.6,0,false
HYPEUSDT,1767860100000,1767866400000,2.105888352846706,1.3149939540507822,0.08691051995163124,3,false,1.5514604846353792,8,4,90,32,0.8651438111861636,1.0334794437726802,0.55,0,false
XRPUSDT,1767888900000,1767892500000,0.9722156738323665,0.8079758079758134,0.3213003213003279,1,false,1.3607260396878267,16,4,0,56.99999999999999,1.2287469638519917,2.7786076173172938,0.55,0,true
HYPEUSDT,1767904200000,1767915900000,-0.7430906287943331,0.5098493626882885,0.4982618771726587,1,true,1.4201024561357043,20,4,1,10,-1.2015250125158763,0.1912457068888128,0.5,0,true
XRPUSDT,1767925800000,1767941100000,0.056399961523561214,0.5567613475511952,0.35859205435498753,1,false,1.2867569834099286,2,5,10,25,-0.1917590383985882,2.916224007403195,0.55,0,true
SOLUSDT,1767973500000,1767975300000,3.0670243111643924,0.7944606413993989,1.0131195335277077,1,false,1.24195264618065,15,5,190,92,2.0659950357716546,2.23989671856582,0.4,0,true
HYPEUSDT,1767984300000,1767987000000,-2.151891282221558,1.1238585811285424,0.5268087099040099,1,false,1.338101355976052,18,5,11,20,-1.349616895492193,0.7148989307734168,0.55,0,true
HYPEUSDT,1768007700000,1768013100000,-5.107335528018098,0.7239091091896371,0.5791272873516926,1,false,1.3317855667863032,1,6,17,19,-1.0075465639049361,2.202580501874314,0.6,1,true
XRPUSDT,1767984300000,1768047300000,-0.7962909522505337,0.6297709923664064,0.019083969465646753,1,false,1.4251284035625156,18,5,1,60,-0.7768193299337656,1.832368874661414,0.6,1,false
SOLUSDT,1768178700000,1768180500000,4.125372125652485,0.5799799513103266,0.1646856651868751,1,false,0.8601385894690483,0,1,247,43,0.8608321377331338,3.564268325116081,0.45,0,true
XRPUSDT,1768204800000,1768207500000,-2.2111034969035255,0.5197707179636613,0.06800738365881132,1,false,0.942024039993594,8,1,16,47,-0.7731336071514865,0.25340846530004113,0.55,0,true
XRPUSDT,1768240800000,1768254300000,-1.348036139816386,0.763285487974665,0.3552397868561314,2,false,1.046943832536638,18,1,26,63,-0.9165990356614364,0.9257036788120155,0.55,0,true
HYPEUSDT,1768302000000,1768307400000,-3.1085966529262494,0.5676209279368136,0.139848634419227,3,true,1.2136139902460186,11,2,99,57.99999999999999,-1.0076286052298922,0.09758200860085738,0.65,0,false
SOLUSDT,1768315500000,1768317300000,3.418823251225301,0.589846218664422,0.21768134260234695,1,false,0.9754967553935548,14,2,285,71,0.2872154115586666,5.718656972080155,0.5,0,false
XRPUSDT,1768318200000,1768320000000,-0.5673280162412959,0.7688980729492052,0.009611225911863999,2,false,0.810195393732834,15,2,47,46,0.32368713464418225,0.7770549686244246,0.6,0,false
BTCUSDT,1768320900000,1768342500000,2.5640712740168703,0.8642147651006743,0.12166442953020448,1,false,0.6346039427380807,16,2,24,92,0.9299028712885101,0.674612975391503,0.35,0,true
HYPEUSDT,1768337100000,1768342500000,-0.35922120289389575,0.8094894606075105,0.09617696561673843,1,false,1.2618492001151025,20,2,109,74,-0.29607105705368514,0.24947864855646784,0.6,1,false
XRPUSDT,1768356900000,1768367700000,3.864377853177418,0.635329865107491,0.03222687721560449,1,false,1.1243260119398806,2,3,10,96,0.11051250172676612,2.4110200930832297,0.6,1,false
HYPEUSDT,1768349700000,1768378500000,2.9725975943107255,1.0885680842762384,0.2458056964494826,1,false,1.4664125750975214,0,3,1,100,0.3116599789629448,1.3242694358573952,0.6,0,true
XRPUSDT,1768374900000,1768386600000,2.4696670974078625,0.53635558043001,0.1165990392239143,1,false,1.0688409612148488,7,3,15,92,0.11650123491308759,1.455822289738625,0.55,1,false
HYPEUSDT,1768394700000,1768401900000,3.390915256944063,0.6600023157975969,0.2778957119147892,1,false,1.3507771756024316,12,3,14,85,0.06539970762483442,0.3851943340152144,0.65,0,true
HYPEUSDT,1768402800000,1768405500000,4.709393127002684,0.6815223217704162,0.6011180029098707,1,false,1.438745362265402,15,3,16,100,2.0058083252662176,2.8724592834927734,0.65,0,true
ETHUSDT,1768409100000,1768415400000,6.691410506721914,0.5019720329867391,0.41801123461216033,2,false,0.9334212497715834,16,3,37,92,0.5707203440449208,0.8658519580893231,0.55,1,false
BTCUSDT,1768408200000,1768417200000,5.209423367466768,0.5567680174594544,0.27228725426979483,1,false,0.6851819429681885,16,3,48,93,0.663263300947566,0.6834326619431693,0.4,0,false
XRPUSDT,1768414500000,1768419000000,1.7465742028231706,0.6450397853006283,0.31074909364848446,16,false,1.1272689617361753,18,3,26,94,0.2209165687426627,2.755834494616928,0.5,1,true
XRPUSDT,1768419900000,1768430700000,2.068693072771722,0.5176273083379913,0.19585898153329515,1,false,1.163402700465759,19,3,28,99,1.5605903920278223,2.925449232108426,0.5,0,false
ETHUSDT,1768420800000,1768437900000,6.440796176466221,0.5960517911401171,0.3089201821882864,2,false,1.0590923671233947,20,3,40,100,2.122685561761535,0.8223407034885074,0.55,1,false
HYPEUSDT,1768452300000,1768454100000,0.13704509498537015,0.5304087736789597,0.41475573280159206,5,false,1.7676461189705166,4,4,0,100,-1.5557578876529063,0.575353938185453,0.7,0,false
HYPEUSDT,1768491900000,1768500900000,-1.2871097004974903,0.729287052165942,0.749212927908177,1,true,1.616734101713712,15,4,1,85,-1.207411835026887,0.7324751922847211,0.65,0,true
HYPEUSDT,1768518900000,1768573800000,-2.2299932384160774,1.0882223025338347,0.9396458258041128,11,false,1.7053850606302507,23,4,8,93,-0.38056680161942363,0.06070154139811443,0.65,0,false
SOLUSDT,1768579200000,1768587300000,-0.046479726090900356,1.0712523786031505,0.648389597575578,1,false,0.8127187665699569,16,5,0,13,-1.496922216004487,1.0142548548821544,0.5,0,false
XRPUSDT,1768580100000,1768596300000,-3.1101997296006907,0.795937301626066,0.2099711899994994,3,false,0.7375305037892809,16,5,25,9,-0.7000826486460299,0.6738610283704951,0.5,1,false
SOLUSDT,1768610700000,1768648500000,2.302504049946608,0.527155441492676,0.0554900464729226,17,false,0.7745853889761758,0,6,8,12,0.2498958767180239,0.16647013941872837,0.45,0,false
ETHUSDT,1768887000000,1768890600000,-2.238049011168414,0.525418377012942,0.011682980738866146,1,false,0.6054431515829326,5,2,28,59,-0.9080975168619647,1.5959471758390846,0.5,0,true
HYPEUSDT,1768887900000,1768896900000,-5.792757092366722,0.9872760543001952,0.5702370313630382,1,false,1.2760142921536057,5,2,34,61,-1.962770672407243,0.7035760386966954,0.6,1,true
HYPEUSDT,1768903200000,1768907700000,-7.5803913125517415,0.5098073101183727,0.4709237017195272,2,false,1.353416928763382,10,2,38,74,-0.1171671584794351,0.16633543592845024,0.65,0,true
HYPEUSDT,1768928400000,1768930200000,-11.65514569416111,0.86889273041579,0.8825402602128973,1,false,1.84997930769802,17,2,45,98,-1.4089611742853256,3.154095775331324,0.7,1,true
SOLUSDT,1768928400000,1768949100000,-8.346089156438879,0.8791208791208825,0.04709576138147745,1,false,0.9573296157900446,17,2,41,89,-1.0173736108937215,2.7813048296241596,0.4,0,true
HYPEUSDT,1768934700000,1768949100000,-12.341078896910783,1.2931830777757138,0.7712913356733863,5,false,2.030528348010061,18,2,47,99,-1.566951566951572,4.726276248537455,0.7,1,true
XRPUSDT,1768947300000,1768949100000,-7.148107967371012,0.5631875361861232,0.04737091425863998,4,false,0.9421641318525872,22,2,127,80,-0.5395495023572539,0.2708475884695607,0.5,2,true
HYPEUSDT,1768951800000,1768953600000,-12.839795725315788,0.5828985098481586,0.3055516382268664,1,false,1.9858724029738464,23,2,51,96,-0.4279734750505623,1.2692144972500332,0.7,0,true
ETHUSDT,1769022900000,1769024700000,-7.585359743229708,0.703619235161545,0.03851318993029569,12,false,1.364288067577438,19,3,66,100,-0.3236830313852108,2.4557901257905588,0.5,0,false
SOLUSDT,1769022900000,1769024700000,-6.2160979839258275,0.6317411402157111,0.23112480739600258,12,false,1.1951417985983865,19,3,67,100,-0.23906840441117752,1.8122708676478294,0.45,1,false
ETHUSDT,1769036400000,1769039100000,-4.807310178558246,0.5171149870886311,0.2119973318715888,2,false,1.531564402570484,23,3,70,97,-0.6138846555169004,0.9947447904120985,0.45,0,true
HYPEUSDT,1769040000000,1769042700000,-9.325450491095799,0.6054723608800159,0.48992420040672074,1,false,2.1484006807497136,0,4,76,96,-0.867518803931516,0.3466444814198689,0.7,2,false
ETHUSDT,1769040000000,1769045400000,-5.64318129556843,0.5334211831102064,0.5733528998745485,1,false,1.5634271162807165,0,4,71,97,-0.861481602116482,1.7747736166477248,0.5,0,false
HYPEUSDT,1769057100000,1769059800000,-7.781975713936898,0.5140335713960767,0.5868170859300429,5,false,1.9844967778321037,4,4,81,88,-0.947244379985495,0.7642269026065562,0.65,1,true
SOLUSDT,1769040000000,1769089500000,-4.61569794415345,0.5377583160482577,0.4455711761542476,1,false,1.302459507741799,0,4,72,97,-0.8503140799754751,1.4998544326814471,0.45,1,false
HYPEUSDT,1769108400000,1769113800000,-9.447962066859567,0.6389184684476046,1.3009861567665113,1,true,1.7745021044329443,19,4,95,56.99999999999999,-1.884445263545885,0.49230674259611734,0.65,0,true
ETHUSDT,1769109300000,1769132700000,-6.107577358906171,0.5911340073323623,0.0885174847468477,1,false,1.186618802483148,19,4,90,81,-0.5927369425329349,3.6729435063379343,0.5,1,false
HYPEUSDT,1769152500000,1769157900000,-7.394269943420931,0.6089907489191587,0.032541490400250554,1,false,1.2931461765721104,7,5,107,5,-1.2282073692442128,0.08522771295306784,0.7,0,true
HYPEUSDT,1769201100000,1769215500000,-1.9769222609788448,1.0262762098557874,0.18136777846589563,5,false,1.6376076380692213,20,5,121,56.99999999999999,-1.07120906137501,0.30670323512929865,0.75,0,false
HYPEUSDT,1769254200000,1769265900000,1.3685346368067892,0.6947459834997834,0.7815892314372545,11,true,1.3079325876478305,11,6,2,17,1.9593232225826211,0.7859313938341335,0.7,0,true
HYPEUSDT,1769342400000,1769369400000,-2.2571542659494392,1.4488912448096094,0.2827104867921197,12,false,1.1927152130617806,12,0,8,3,-2.1449123724823322,0.7978840887004114,0.7,0,true
HYPEUSDT,1769371200000,1769386500000,-5.092401716356147,1.3738513329087418,0.2092621235556336,2,false,1.3840319651307684,20,0,16,42,-1.7331648311969685,0.8825402602128973,0.7,0,false
XRPUSDT,1769374800000,1769386500000,-6.446220051950058,0.5627800240410871,0.10381379084253156,6,false,0.8061880250845128,21,0,246,51,-0.7597289024923373,2.6139902742869054,0.55,1,false
HYPEUSDT,1769394600000,1769398200000,-2.5470882563943937,0.6188618323691721,0.15695771110812207,1,false,1.5517937882447872,2,1,22,71,-0.952551317025182,0.17713798825059562,0.7,0,true
HYPEUSDT,1769421600000,1769440500000,-2.8945111461567787,1.0769987040264544,0.1653483487509453,3,false,1.517846982024369,10,1,30,70,-0.432881113887903,0.5250927291415279,0.75,0,false
BTCUSDT,1769443200000,1769445000000,-2.593386732033827,0.5923384402849088,0.7009319337341894,1,false,0.6564623391331743,16,1,184,86,-0.7928565755585087,0.867422569617082,0.35,0,true
SOLUSDT,1769443200000,1769453100000,-4.270191759882485,0.9599870926105292,0.20974507905775325,1,false,0.9787894775287801,16,1,184,74,-0.4283866795990956,5.469506292352373,0.4,1,false
XRPUSDT,1769443200000,1769461200000,-0.6059748779015925,0.9077234296384705,0.031121946159029718,1,false,0.8999462635438304,16,1,265,85,-0.10422637969670133,0.7513546269857764,0.5,2,true
HYPEUSDT,1769454900000,1769463000000,5.881572931502468,0.8404759923441715,0.6574020138137691,1,false,1.7401184039101951,19,1,2,100,1.7913460325469994,2.9550803029042347,0.7,2,true
ETHUSDT,1769444100000,1769487300000,-3.51919878084143,1.1423947776238794,0.31131286256976864,2,false,1.044544502657725,16,1,183,82,-1.011159033340178,0.7130253118842871,0.45,2,false
HYPEUSDT,1769504400000,1769506200000,19.658704276209633,1.060376541874055,0.14426891726177288,1,false,2.0824678315259795,9,2,16,100,2.0537701090723335,2.329041333044794,0.7,0,false
ETHUSDT,1769533200000,1769535000000,0.1023572691607838,0.5126037452278939,0.11339009547579068,1,false,0.8481266363504145,17,2,0,61,1.8748914402095154,1.175253468812956,0.4,0,false
XRPUSDT,1769535000000,1769536800000,-0.7809848040550859,0.6092756972530099,0.5147329166447834,1,false,0.7360782185204414,17,2,290,52,-0.4572449676775189,0.513450359543496,0.5,0,true
SOLUSDT,1769538600000,1769545800000,-3.05592458504253,0.5553792446842182,0.9917486512218342,5,false,0.9059241764354732,18,2,210,64,-0.6923995224830916,4.389138616708922,0.35,0,false
HYPEUSDT,1769548500000,1769553900000,25.040842552975466,1.1088128581601104,0.24753314570547083,1,false,2.500125640185563,21,2,28,100,2.222527566899105,0.29232082104145407,0.65,0,true
HYPEUSDT,1769585400000,1769588100000,37.534516595850164,1.0120234426922659,0.7189897891366283,3,false,2.7998383055651916,7,3,38,100,1.9920683343502097,3.9078888336117044,0.7,0,true
HYPEUSDT,1769607900000,1769610600000,36.160307356753385,1.9099151798771534,0.3217315004387231,1,false,2.7227949819962975,13,3,45,95,2.984628267240856,0.588859930362971,0.7,0,false
XRPUSDT,1769614200000,1769623200000,-0.35159224414257334,0.5328596802842028,0.17761989342805598,1,false,0.7840140685762708,15,3,0,60,-0.8437060569761987,0.004701703061327106,0.55,0,false
BTCUSDT,1769634900000,1769652900000,-0.42456752382512253,0.5076817618122673,0.22051727627617848,2,false,0.738154878185095,21,3,1,100,-0.17993903558048568,0.42793092657065535,0.4,0,true
HYPEUSDT,1769649300000,1769654700000,30.175386432389978,1.103964098728496,0.4128646222887217,8,false,2.6329075101321315,1,4,56,83,3.164749558760876,5.388304611298553,0.7,1,false
HYPEUSDT,1769662800000,1769667300000,21.068234359550196,1.1871885217280855,0.45075072215344403,1,false,2.9921740841679756,5,4,60,97,-0.08189492251480346,9.146784839243844,0.65,0,true
SOLUSDT,1769700600000,1769702400000,-5.232474885126042,1.1226611226611178,1.2474012474012475,1,false,0.8133776458003463,15,4,26,31,-3.8882535533409617,2.553014553014559,0.3,0,true
ETHUSDT,1769755500000,1769757300000,-8.096435934631273,0.5096030729833487,0.38924455825863813,1,false,1.3474560140872112,6,5,29,96,-1.0848029432187145,1.9762209621364708,0.35,0,false
HYPEUSDT,1769766300000,1769769000000,6.067468589938424,0.7064846416382278,0.1092150170648465,2,false,3.1206482181649617,9,5,89,59,0.35300906282883393,11.468430034129657,0.65,0,true
HYPEUSDT,1769769900000,1769772600000,7.831593468975233,1.3349104427171326,0.709699222710378,1,false,3.0412740925137562,10,5,90,56.00000000000001,1.0708234496780715,11.30280500168976,0.65,0,true
HYPEUSDT,1769792400000,1769796900000,5.604210854655385,1.5928837401737683,0.3413322300372369,1,false,3.1411368939146347,17,5,96,57.99999999999999,1.297267457907803,8.632075089034345,0.65,0,true
HYPEUSDT,1769857200000,1769859900000,7.211112691709408,0.6811493568759698,0.1124227093873044,1,false,2.709364177097803,11,6,114,20,1.0101681398285323,4.2996175423513785,0.65,1,false
BTCUSDT,1769849100000,1769869800000,-4.905290666904236,0.5795493784011043,0.05823165853148989,1,false,0.7609247041752232,8,6,61,56.99999999999999,-0.4604368277556366,0.3379000268298652,0.45,0,true
XRPUSDT,1769874300000,1769878800000,-11.65471758686673,1.3328508533864067,1.0373318858934855,5,false,1.4718994131768453,15,6,73,83,-2.3747016706443818,3.156222986148806,0.5,0,true
XRPUSDT,1769898600000,1769902200000,-11.723984036846005,0.7311934564382224,0.012393109431154913,1,false,2.2190229099435324,22,6,79,98,0.2176752285589798,6.7015739248977555,0.55,0,false
ETHUSDT,1769925600000,1769928300000,-13.885102522090476,0.5524589557909535,0.13513680033845663,1,false,1.7992510607761925,6,0,76,87,-0.8585848266279894,7.8495381114529446,0.35,0,true
SOLUSDT,1769925600000,1769931900000,-13.090938350795438,0.6575812446392811,0.190603259315737,1,false,1.9388983286127637,6,0,89,88,-0.5707762557077707,7.153975666317221,0.3,1,false
ETHUSDT,1769931000000,1769932800000,-14.191057231767019,0.5107629495626751,0.10497402618955677,1,false,1.77679088204925,7,0,77,85,-1.4070959069664202,8.943641810366298,0.4,2,false
BTCUSDT,1769931000000,1769935500000,-8.801217079891167,0.5125299273575685,0.035096048312582,2,false,1.0986455300641513,7,0,83,78,-0.5278463411720183,1.1351338244227807,0.5,1,false
HYPEUSDT,1769947200000,1769950800000,7.738840773635748,0.8281708509944615,0.6651450929246725,1,false,2.955719816681995,12,0,18,28.999999999999996,2.261207293792369,11.293137473615568,0.65,0,false
ETHUSDT,1769949000000,1769954400000,-13.825067872930594,0.5701519436243068,0.10879811305867584,1,false,1.797779397755725,12,0,82,85,0.811774714705397,9.0336692786519,0.35,1,true
ETHUSDT,1769957100000,1769958900000,-14.844155644972897,0.7250105440742326,0.22311261071277788,1,false,1.844168583714783,14,0,85,87,-1.368889334871966,0.5206663854913646,0.35,0,true
SOLUSDT,1769957100000,1769958900000,-13.574776456618077,0.7114016535281764,0.5768121515093196,1,true,1.902191403124226,14,0,98,86,-1.7994858611825197,0.35089405883483454,0.25,1,true
XRPUSDT,1769957100000,1769959800000,-10.524523026807591,0.7713668620796023,0.1912989817957484,1,false,1.6871163851569047,14,0,96,78,-1.6475469855992273,3.5698858377044096,0.5,2,true
SOLUSDT,1769960700000,1769969700000,-14.508873337335961,1.619711396878366,0.04908216354178008,2,false,1.9815397706300415,15,0,99,87,-1.444638355633115,1.752233238441147,0.3,1,false
XRPUSDT,1769960700000,1769969700000,-11.617555981631929,1.2898378310688092,0.2942833886419089,1,false,1.7773605443292133,15,0,97,85,-1.5866102538576317,5.0873458142884,0.5,2,false
HYPEUSDT,1769972400000,1769976000000,3.9201185181782123,1.1581442600745082,0.2810700982052097,4,false,2.8282945607446437,19,0,25,10,0.16574772519703512,6.821430481045117,0.6,2,false
BTCUSDT,1769960700000,1769987700000,-8.934807949591093,0.9504776822284797,0.12358396057657675,2,false,1.1195363031437626,15,0,92,78,-0.28889811329482434,0.3072881100913334,0.5,0,true
ETHUSDT,1769968800000,1769987700000,-16.52783575065178,1.8427261595436513,0.07210482078325695,11,false,1.966786391275827,18,0,88,87,-0.9499868587270708,1.6867834850094636,0.35,3,true
HYPEUSDT,1770002100000,1770004800000,7.959348270259167,2.6884397092502317,2.0544989876862814,15,false,3.0286641363376066,3,1,33,52,2.2448101182001814,13.084207991108315,0.55,0,true
XRPUSDT,1770003900000,1770005700000,-11.218158782327192,0.5549599545941803,1.3369489815223627,2,true,2.0611007224954427,3,1,109,91,-2.292890166187677,0.5455004099136197,0.5,0,true
BTCUSDT,1770006600000,1770009300000,-9.505093068960898,0.6469944215629975,0.24151504092592008,6,false,1.4593982426983638,4,1,104,99,-0.927004697877859,1.501485845367812,0.5,0,true
ETHUSDT,1770007500000,1770009300000,-17.681096947572094,0.8548901488306248,1.073263642806521,6,false,2.568019749939181,4,1,99,96,-2.7354946795283026,2.099574769666907,0.4,1,true
SOLUSDT,1770013800000,1770015600000,-15.726421236965377,0.9041769041769059,0.4226044226044294,15,false,2.5774937967341387,6,1,113,96,-0.8232872684504591,1.8427518427518428,0.3,1,true
ETHUSDT,1770013800000,1770022800000,-19.106134140953294,0.8112249228308825,0.8885057111842868,5,false,2.6230694291919723,6,1,100,96,-1.981699230837235,1.268209006562181,0.45,0,false
XRPUSDT,1770013800000,1770022800000,-12.798547951215053,0.8193621580738624,0.5987646539770619,6,false,2.2031780128099343,6,1,111,93,1.0709247146338439,0.6019160468927373,0.5,2,false
HYPEUSDT,1770047100000,1770048900000,12.064359794930983,2.1487497601841805,2.9641235531112096,5,false,3.3310277236937877,15,1,46,98,6.822656865318984,9.457041286770266,0.55,0,true
HYPEUSDT,1770049800000,1770056100000,12.064359794930983,1.625320786997423,0.5499205670292061,1,false,3.3310277236937877,16,1,46,98,5.343270384639666,4.58143435177971,0.6,0,false
SOLUSDT,1770057000000,1770068700000,-8.944379898162989,0.5269713519210474,0.06706908115359528,1,false,1.9340833579592092,18,1,125,69,-0.8755234107346801,0.6850627574973683,0.35,0,false
ETHUSDT,1770131700000,1770133500000,-13.320213527526734,0.698542852666222,0.088351525913535,2,false,1.638198250009451,15,2,133,25,-1.2773359410833118,0.2020551522431681,0.45,0,false
XRPUSDT,1770131700000,1770133500000,-8.567314320174408,0.5477746654217192,0.10582010582010798,2,false,1.2365659978657442,15,2,144,4,-0.837572899863497,1.159041394335517,0.45,1,false
SOLUSDT,1770146100000,1770150600000,-13.877048545935109,0.7016840417000687,0.050120288692874264,6,false,1.7518142457257553,19,2,150,39,-1.658885467368632,3.131802039179736,0.35,0,true
BTCUSDT,1770152400000,1770157800000,-6.83512988184878,1.0218402178201174,0.571713134527205,18,false,1.501387696298777,21,2,145,99,-1.029185213307352,0.654975558062414,0.55,0,true
HYPEUSDT,1770158700000,1770164100000,7.723588163869406,2.71438866202259,1.3031467691568506,14,false,4.027647889982439,22,2,77,99,2.5033890646181747,3.4335364821641505,0.55,0,false
HYPEUSDT,1770165900000,1770167700000,7.278906547759391,1.0544009779951065,0.6693154034229866,1,false,3.9252980827866755,0,3,79,97,0.2309047821595689,5.279660727444841,0.5,0,true
HYPEUSDT,1770172200000,1770174000000,7.259160688566258,1.0132078885471278,0.08443399071225707,1,false,3.860522778698143,2,3,80,95,-0.08093525179856421,3.876439870996779,0.55,1,false
SOLUSDT,1770182100000,1770184800000,-11.760351195472806,0.5180294565769333,0.10157440325038956,1,false,1.8797262829240986,5,3,160,40,-1.099899091826427,1.818181818181839,0.4,1,true
HYPEUSDT,1770183000000,1770187500000,8.677253570568274,1.1688981995931567,0.5829310501867206,9,false,3.5352815428887734,5,3,83,91,-0.06320161314591655,4.5735084981142915,0.5,2,true
ETHUSDT,1770168600000,1770203700000,-12.76009842110049,0.8927199870086046,0.10577459039776752,13,false,2.4881496497876867,1,3,143,85,-1.7203674638818551,0.3476955622950903,0.45,0,true
HYPEUSDT,1770211800000,1770214500000,8.395875947584427,1.8829209414604777,0.0965600482800135,8,false,2.9095168284214523,13,3,91,34,-0.015052080197490991,3.2718250702559555,0.55,0,false
ETHUSDT,1770215400000,1770217200000,-13.145787285072835,0.7515520695758434,0.3935203902859655,3,false,1.8662480663446723,14,3,156,26,-1.3953840872716978,0.7004902533324909,0.45,0,true
HYPEUSDT,1770219000000,1770222600000,6.255237046348619,2.161662542115154,0.7573272906168872,1,false,3.0325395933114496,15,3,93,41,3.1888798037612345,2.0329726875500387,0.5,0,true
HYPEUSDT,1770252300000,1770255000000,10.585364715528007,2.0609471828983863,0.3354369208027804,9,false,3.3785016911021972,0,4,103,88,1.7259856731908225,2.1102128974623513,0.55,1,false
ETHUSDT,1770243300000,1770262200000,-14.881971146677781,1.0410486502521523,0.40093814891723945,3,false,2.427731974553778,22,3,164,67,-1.3686963087093842,0.10035041530702887,0.45,0,true
SOLUSDT,1770261300000,1770282900000,-15.609132298745351,1.1129296235679171,0.03273322422258716,1,false,2.345107502384449,3,4,182,77,-0.19769357495880574,2.2858701582105825,0.4,0,false
HYPEUSDT,1770281100000,1770290100000,9.806424930970154,1.50788607083022,0.6990582933733818,1,false,2.970945537047303,8,4,111,39,1.260199192775625,1.1619518429081874,0.5,1,false
SOLUSDT,1770329700000,1770335100000,-24.195136601251896,1.3303769401330354,1.478196600147823,7,false,3.260786142367499,22,4,201,98,-4.05075646656905,10.343270099367654,0.4,0,true
BTCUSDT,1770349500000,1770352200000,-17.065183292075456,1.0709324800039908,0.6624968945458067,16,false,2.7502868558175657,3,5,200,98,-0.6981983039729989,12.930824803425395,0.6,0,false
BTCUSDT,1770362100000,1770373800000,-15.63339534903789,0.9510148023805846,0.4636044559743673,2,false,2.694299497652702,7,5,203,97,-2.005415480680418,10.29462332773793,0.6,0,false
HYPEUSDT,1770372000000,1770374700000,3.207256996194552,1.3450166978154967,0.8885076135911,2,false,4.113893273241566,10,5,136,92,1.535443930246115,5.423134479442079,0.45,2,true
ETHUSDT,1770371100000,1770384600000,-18.2484669982581,0.8598643681731065,0.3649635036496327,12,false,3.136105564273904,9,5,200,89,-2.0167346063076486,1.5253403737640379,0.5,1,false
HYPEUSDT,1770384600000,1770387300000,7.169561375553228,0.9755091214523474,0.6218502254575629,4,false,3.7110315476536497,13,5,139,83,0.5853087503658054,1.3961682685034913,0.5,0,false
HYPEUSDT,1770432300000,1770434100000,0.2622903927953596,0.5868803836809388,1.7543306092828097,3,false,3.3257942321362943,2,6,1,23,1.6053028399095337,7.850607027973046,0.5,0,true
HYPEUSDT,1770435000000,1770438600000,0.2622903927953596,1.1101202373996653,0.23985977428581123,1,false,3.3257942321362943,3,6,1,23,0.5968230649159866,5.111143901643656,0.5,1,true
BTCUSDT,1770434100000,1770447600000,-6.844003106260422,0.9733452918838916,0.24794749877153463,15,false,1.8080956068566985,3,6,223,67,-0.8788003125122871,0.657039751855374,0.55,0,true
HYPEUSDT,1770442200000,1770449400000,1.0244821773364472,0.8995777492197663,0.7588274891377441,1,false,3.2592843024257125,5,6,3,17,0.7863655835016152,4.570768436551988,0.5,1,false
HYPEUSDT,1770456600000,1770461100000,2.556900723741996,0.9061352278884999,0.2859895237521791,1,false,2.931019194885499,9,6,7,1,2.360025546668277,2.7003431874284765,0.45,0,false
XRPUSDT,1770472800000,1770478200000,-9.241620338911417,0.6827880512091077,0.09246088193455597,1,false,2.5171586418960747,14,6,239,56.00000000000001,-1.3263722308452044,1.3762446657183485,0.45,0,false
HYPEUSDT,1770483600000,1770489900000,-2.2309729999509083,1.6821491338187227,0.7124027115239778,1,false,2.7872248718249684,17,6,2,3,-1.886968997567204,0.8713167324766657,0.4,0,false
HYPEUSDT,1770519600000,1770522300000,-3.0188945554426665,0.7215874924834572,0.803873785485968,1,true,2.348408602164089,3,0,7,2,-1.582098959974784,0.03366257441011909,0.4,0,true
SOLUSDT,1770547500000,1770551100000,-9.182556849213796,0.6055758683729446,0.6855575868372878,1,true,1.4429069833146109,10,0,262,6,-1.1422044545973729,0.2342321755027403,0.45,0,false
HYPEUSDT,1770556500000,1770564600000,-1.773721209049417,0.6307556452630341,0.12299735082628337,2,false,2.215954586540468,13,0,17,6,-2.234148776834751,0.29435263445609083,0.45,0,true
HYPEUSDT,1770565500000,1770567300000,-1.5050248402895021,0.9257197391442672,0.06680451725782487,1,false,2.1061805108310563,15,0,20,1,-1.4588607594936773,3.672305816234573,0.5,0,false
XRPUSDT,1770567300000,1770569100000,-5.335507255022474,0.7231404958677654,0.661157024793392,3,true,1.5068330629323254,16,0,265,8,-1.8062397372742185,0.6404958677685857,0.4,0,true
SOLUSDT,1770591600000,1770593400000,-8.032176274637512,0.6365082973403072,0.23869061150262327,11,false,1.426696906434745,23,0,274,10,-0.36413290851159896,0.7558536030916189,0.4,0,true
HYPEUSDT,1770598800000,1770600600000,2.573103194624694,0.8239149744249391,0.27565928512357596,1,false,1.9979003678640344,1,1,7,6,1.1744397521654701,4.210490882773809,0.45,2,true
ETHUSDT,1770619500000,1770625800000,-5.849126738630569,0.572355974685736,0.14741047334605972,1,false,1.3786569701671274,6,1,269,5,-0.8749282845668258,0.9897628948151765,0.5,2,true
ETHUSDT,1770646500000,1770648300000,-8.018742478132244,0.5432967205706063,0.4421040221641483,1,true,1.3343444692791904,14,1,276,2,-1.1485541614918984,0.013263120664923557,0.5,2,false
HYPEUSDT,1770647400000,1770653700000,-2.600843027648198,1.2239403994240334,0.2441620234145212,18,false,1.7846349552266203,14,1,4,1,-1.5205113883199852,3.255493645526846,0.45,2,true
HYPEUSDT,1770669900000,1770674400000,-0.8461312051727577,0.8339865182630561,0.018811725975859,1,false,1.9497039209767097,20,1,11,12,-0.2662907268170453,6.549043134322931,0.5,3,true
HYPEUSDT,1770684300000,1770686100000,-3.0764779273887806,0.5637411915438884,0.20179372197309045,1,false,1.8472150710783564,0,2,15,3,-1.171564101747802,5.107362327093261,0.55,3,false
ETHUSDT,1770696000000,1770697800000,-5.569267441293382,0.7126491646777965,1.181861575179008,2,false,1.5252609247119688,4,2,290,38,-1.597079625827076,1.0673592587393013,0.5,3,true
XRPUSDT,1770658200000,1770706800000,-3.242764882997304,1.0075914423740473,0.6073153899240953,1,false,1.6335091081508768,17,1,290,37,-0.787945811445955,0.314393068016278,0.4,2,true
HYPEUSDT,1770723000000,1770724800000,-7.340592064343733,0.5908271580212403,0.4940249682889368,3,false,1.836454569525877,11,2,25,2,-1.0906430804016856,1.109948990314826,0.5,2,true
BTCUSDT,1770594300000,1770734700000,-4.294661590991367,1.8314161890824934,0.7308481585133377,1,true,1.1182770129431883,23,0,268,20,-0.5646648484138691,0.2540855806432903,0.6,0,true
SOLUSDT,1770594300000,1770750000000,-8.115729572245199,2.355238970588232,0.24126838235295028,1,false,1.581004285847867,23,0,275,23,-0.2764340013821641,0.8540134803921637,0.4,1,true
SOLUSDT,1770755400000,1770759900000,-9.05763185247764,0.6149023390402762,0.04822763443452139,1,false,1.4423330638987064,20,2,319,15,-0.1812469792170199,0.04822763443452139,0.45,0,true
HYPEUSDT,1770789600000,1770791400000,-7.809060145641371,0.5410773603643754,0.26368959967125005,1,false,1.6610056253802297,6,3,44,1,-0.037803285449169124,1.5913838567172374,0.55,0,false
HYPEUSDT,1770799500000,1770804000000,-8.105185451706404,0.9538187058258377,0.5043573732244632,7,false,1.638588162343992,8,3,47,1,-0.23777525069781547,1.6563736590498284,0.5,0,true
BTCUSDT,1770829200000,1770835500000,-7.331063282525734,0.9317479591714054,0.3782596150378284,1,true,1.2572514405665889,17,3,333,79,-0.581747739861907,0.17252365437561298,0.6,0,false
ETHUSDT,1770830100000,1770837300000,-9.914809097875722,1.0786509878580584,0.49250635033135437,2,true,1.5527795867723588,17,3,327,54,-0.5783045045512234,0.26229067186764077,0.5,1,false
SOLUSDT,1770830100000,1770845400000,-12.066397940094996,1.163227016885544,0.8380237648530353,2,false,1.6209720371696767,17,3,340,60,-0.677966101694923,0.4127579737335813,0.5,2,false
HYPEUSDT,1770853500000,1770858000000,-5.585694533235302,0.8270879751536054,0.23631085004388727,3,false,1.7105934861332204,23,3,62,14.000000000000002,-1.0786546965027441,0.1910946614207597,0.55,0,false
BTCUSDT,1770858900000,1770872400000,-4.930276610871417,0.620825263095878,0.07276101541383811,13,false,1.1990156306674746,1,4,341,76,0.1890537997744491,0.7515050438158011,0.6,2,true
SOLUSDT,1770856200000,1770887700000,-10.759216010208798,1.0594540695500365,0.06232082762058725,10,false,1.6022627488497854,0,4,347,56.99999999999999,-0.024965672200719036,0.06232082762058725,0.5,1,false
XRPUSDT,1770856200000,1770891300000,-6.019718396959909,0.6702219659844397,0.26664744883251923,10,true,1.3869696508576757,0,4,345,37,0.19565217391305412,0.06846353415970066,0.45,2,false
HYPEUSDT,1770903000000,1770904800000,-0.20380539644021856,0.6851518270715306,0.31523417395780534,2,false,1.765227327187355,13,4,0,48,-2.412066630979002,0.5508556356150301,0.5,0,false
SOLUSDT,1770913800000,1770915600000,-8.639805525667306,1.087092340372366,0.8746719980007531,1,false,1.330754316195538,16,4,363,18,-2.8901734104046346,0.3123828564288392,0.45,0,true
XRPUSDT,1770913800000,1770915600000,-4.9395950821929695,0.873426013538104,0.8224761627483708,1,true,1.1432079930229193,16,4,361,15,-2.755255793929827,0.19652085304606776,0.45,1,true
ETHUSDT,1770923700000,1770930000000,-8.121000166801926,0.8412917301280157,0.5886469353311681,12,false,1.3356989940758675,19,4,353,25,-2.7609383236689524,0.5544292594574616,0.5,0,true
HYPEUSDT,1770941700000,1770944400000,0.36890047058460185,0.84597432905484,0.009723842862699707,2,false,1.9423337332221364,0,5,0,78,1.5896475843268687,3.8032994275701513,0.5,0,false
SOLUSDT,1770943500000,1770945300000,-10.130594150211603,0.562300319488815,0.15335463258786525,1,false,1.4547649883410865,0,5,372,35,-0.4218869854257202,0.40894568690094973,0.5,1,false
BTCUSDT,1770944400000,1770948000000,-5.952259947187232,0.5449212253167531,0.040067737155644254,2,false,1.0956818850606733,1,5,365,35,-0.32153806654281514,0.7321055973872768,0.6,1,false
HYPEUSDT,1770945300000,1770948900000,-1.3736986784299068,0.818122555410695,0.2803129074315467,1,false,2.026295294582388,1,5,0,85,-2.324689028874749,3.263995891114545,0.5,3,false
XRPUSDT,1770944400000,1770951600000,-5.973511486582121,0.5440376415232945,0.2720188207616554,2,false,1.2597539010835619,1,5,370,34,-0.4843325750348528,0.7561913164030459,0.5,2,false
ETHUSDT,1770944400000,1770954300000,-7.009294034252968,0.5987530697035122,0.18379608416521756,2,false,1.2621478291740136,1,5,359,19,-0.5619017263183902,0.07799749790205265,0.55,2,false
HYPEUSDT,1770956100000,1770972300000,-0.7187534338294044,0.7943170810461808,0.21310946076848225,2,false,1.9990267016444372,4,5,0,85,-1.4260647631201122,4.1698222130898985,0.45,0,true
HYPEUSDT,1770975000000,1770980400000,-1.0147950343546823,0.7029761513698135,0.18395637605939472,1,false,1.7354651444268319,9,5,5,41,-1.1934263727664005,1.559523027396361,0.5,0,false
SOLUSDT,1771011900000,1771014600000,-1.3466229124380436,0.552161654135337,0.30545112781955486,1,false,1.4642959060448884,19,5,391,78,-0.4698144233028021,0.02349624060149908,0.5,0,true
XRPUSDT,1771063200000,1771071300000,1.7040910900473976,0.9699993071433528,0.13164276311231293,4,false,0.9175223403805542,10,6,1,8,0.8580397628182754,0.67603012936623,0.45,0,true
HYPEUSDT,1771068600000,1771072200000,2.3529242085967454,0.6139581506076869,0.10963538403708853,1,false,1.4739094905027772,11,6,19,2,1.2073324905183247,3.173161257987715,0.45,1,false
HYPEUSDT,1771082100000,1771087500000,0.9135440843369286,0.8369537439304784,0.025555839509336417,2,false,1.5841717134765585,15,6,0,21,1.0406598363296615,1.2554306158957231,0.4,0,false
HYPEUSDT,1771096500000,1771100100000,-0.20038983150245765,0.5356972035330482,0.733394981027392,6,false,1.5918337730382532,19,6,1,23,-0.6197291081011982,1.4349032237492403,0.4,0,false
SOLUSDT,1771107300000,1771128900000,2.5045147770324476,0.6379585326953774,0.14809751651856398,1,false,0.9871307292767492,22,6,13,14.000000000000002,-0.17016449234260428,0.5041011619958936,0.55,0,true
HYPEUSDT,1771159500000,1771161300000,-0.1977566899490588,0.5236100533130209,0.04760091393754941,1,false,1.473203359847974,12,0,0,7.000000000000001,0.23780835817109294,1.9072099517644043,0.4,0,false
ETHUSDT,1771161300000,1771163100000,-2.6202313136615616,0.5250364608653467,1.5726786582401513,1,true,1.0958698217543472,13,0,2,49,-2.380998639984467,0.10364608653379008,0.55,0,true
XRPUSDT,1771168500000,1771172100000,5.594300553654299,0.5375639176609404,0.2425593287006565,2,true,1.8808419631606101,15,0,30,98,0.9350102060973194,0.2032253835059578,0.5,0,false
SOLUSDT,1771186500000,1771190100000,-1.1742822404795825,0.607051132383855,0.16343684333411226,2,false,1.3888815337419513,20,0,1,79,-1.0444470233259902,0.4436142890497262,0.6,0,false
SOLUSDT,1771223400000,1771233300000,-1.8494746912812197,0.7043907020427264,0.04695938013618954,5,false,1.2809909135367215,6,1,6,56.99999999999999,-0.4565675485834706,0.11739845034044884,0.55,0,false
HYPEUSDT,1771256700000,1771258500000,-3.6489002633160177,0.6234948701877084,1.2601853990037208,1,false,1.5394125126324116,15,1,27,28.000000000000004,-1.5303603751851236,0.6162136942659611,0.4,0,true
HYPEUSDT,1771287300000,1771298100000,1.1362299463233958,0.6802501773164036,0.3804242697788334,1,false,1.4136875193539615,0,2,0,25,1.7089287458090512,1.4362628151396049,0.4,1,false
ETHUSDT,1771263000000,1771326000000,-3.3695138057154637,1.0160013979380367,0.802815846626234,16,true,1.3308631602509817,17,1,30,99,-1.0517090271691498,0.27963299587652074,0.6,0,true
HYPEUSDT,1771329600000,1771336800000,-4.781409820346211,0.7537944382194076,0.2716376353943901,1,false,1.4279366040176102,12,2,8,14.000000000000002,-1.1772245834176625,0.6822773420257203,0.35,0,false
SOLUSDT,1771334100000,1771339500000,-1.6931627875411164,0.5289139633286353,0.12929007992477604,1,false,1.1423154211105544,13,2,4,33,-0.7742843735335484,0.6147666646225433,0.55,1,true
HYPEUSDT,1771351200000,1771353900000,-4.535906296803875,0.6531744957357567,0.41288750507648536,1,false,1.6862959244025386,18,2,14,77,-1.8749162983795322,5.090443214680594,0.35,0,false
HYPEUSDT,1771420500000,1771425000000,-4.540835252327681,0.5773829859924855,0.2528185855825011,11,false,1.2463842714151745,13,3,33,5,-0.951765865597067,0.4531699936551249,0.3,0,true
BTCUSDT,1771434000000,1771440300000,-2.4399353055244757,0.767221798865074,0.34358515274150037,3,false,0.8383313995118099,17,3,51,78,-0.37953371148009035,0.49051885501209647,0.6,1,true
SOLUSDT,1771434000000,1771440300000,-3.931858367613335,1.136088953347851,0.2658931592941732,3,false,1.211739313999978,17,3,32,43,-0.7008216529724484,0.11179598743050659,0.55,2,true
ETHUSDT,1771432200000,1771443900000,-1.7961720992948196,1.029127487646942,0.18321396665808043,1,false,1.0751903490461896,16,3,77,52,-0.6905080382606094,0.7567136717841684,0.65,0,true
HYPEUSDT,1771436700000,1771453800000,-5.400201086627844,0.8517295324178723,0.13905788284373075,1,false,1.4882294774076181,17,3,38,41,-1.372792494481235,3.140828991689422,0.3,3,true
BTCUSDT,1771441200000,1771482600000,-3.5136875049837784,0.8240141259564493,0.13843677553422343,1,false,0.8903821133555361,19,3,53,86,-1.2600455951265883,0.10538745613998458,0.6,2,false
HYPEUSDT,1771477200000,1771485300000,-5.2058456831061966,0.5324146570623317,0.010439503079641442,2,false,1.3103671673692245,5,4,49,9,0.2128030699459269,3.176630897632446,0.3,1,false
SOLUSDT,1771604100000,1771608600000,0.007325147482546639,1.1421772754312836,0.2022605591909598,1,false,1.1925157066247687,16,5,0,63,1.4313206639403389,1.5747589597387233,0.6,0,false
BTCUSDT,1771608600000,1771613100000,-0.5040398550203854,0.6493699036323203,0.3312083024462478,1,true,0.8559396830307587,17,5,6,79,-0.38282290279628023,0.191055102545098,0.6,0,false
ETHUSDT,1771608600000,1771613100000,-1.3235409208570628,0.7467836167635236,0.3986935120298193,1,false,1.0019344615498367,17,5,126,43,-0.4724699337314902,0.773772100654785,0.65,1,false
XRPUSDT,1771608600000,1771613100000,-0.8631824533416278,0.9276829011174277,0.5973715651134972,1,false,1.0938617376268822,17,5,48,60,-1.2178051511758177,1.3317871951648057,0.5,2,false
BTCUSDT,1771868700000,1771875900000,-4.192463816391663,0.6308711620210091,0.532134134712986,1,false,0.8826389764816158,17,1,29,94,-1.5287543420986478,1.054040835911966,0.55,0,true
XRPUSDT,1771875000000,1771895700000,-4.122174351469279,0.6019674056673018,0.07341065922772808,1,false,1.2625183795026602,19,1,46,99,-0.2566170540362077,0.6729310429207565,0.45,0,true
HYPEUSDT,1771888500000,1771896600000,-10.511632020274833,0.7065669160432162,0.5705433386231384,1,false,1.6595909221733534,23,1,55,90,-1.342180666566135,3.239681336431629,0.3,1,true
HYPEUSDT,1771914600000,1771922700000,-9.347718534381656,0.5566570077779367,0.11438157694067842,1,false,1.6642885095725868,6,2,62,89,-0.2932439637443757,2.303586302366228,0.3,1,false
ETHUSDT,1771911900000,1771940700000,-6.582632668098206,0.7060948575494602,0.10947207093790197,1,false,1.1711736285021135,5,2,58,100,-0.6053248905001688,0.7285366320917346,0.65,0,true
BTCUSDT,1771969500000,1771982100000,-4.03825209958052,0.5479114290485221,0.05680426094378436,1,false,0.902228009597012,21,2,57,81,-0.8973722582446562,0.39973657804266993,0.6,0,false
HYPEUSDT,1771978500000,1771982100000,-5.531794553362097,0.7051305593301267,0.17995519482904068,1,false,1.4120529913749964,0,3,80,57.99999999999999,-0.6202062461007761,0.8176681374374929,0.3,1,false
HYPEUSDT,1772038800000,1772045100000,0.24314518352087144,1.2914411067473444,0.08137848069914619,1,false,1.5701786042264279,17,3,0,95,1.4264264264264168,5.136257217416727,0.25,0,true
XRPUSDT,1772046000000,1772048700000,4.932991115387193,0.7433169667212159,0.05455537370431901,2,false,1.1904112420994943,19,3,5,100,0.4295942720763856,1.4125562936576432,0.5,0,false
XRPUSDT,1772050500000,1772055900000,4.493546307675162,0.5542251111871362,0.07526513855626951,1,false,1.2016228119793566,20,3,6,100,0.22562559824969788,1.082020218282297,0.45,0,true
HYPEUSDT,1772066700000,1772068500000,-0.5958451060796548,0.7534007673526247,0.7289850017439943,8,false,1.7924418609114035,0,4,2,100,-1.04536901526239,2.17412934779403,0.3,0,true
HYPEUSDT,1772078400000,1772087400000,-1.5083486019057293,0.8226366924331583,0.2801219771647423,8,false,1.7215742652461188,4,4,5,96,-1.5269849052638949,0.5557784022410052,0.35,0,false
HYPEUSDT,1772089200000,1772091000000,-0.9477911860861447,0.6477188263193283,0.19113014547127205,1,false,1.607623133926663,7,4,8,87,-0.14536945114168334,4.952650165677592,0.35,0,false
HYPEUSDT,1772092800000,1772097300000,-0.743542475884671,0.6169357681731675,0.282027779736298,1,false,1.5975937295631242,8,4,9,84,0.13484262446329176,5.331284817418351,0.35,0,false
ETHUSDT,1772098200000,1772100900000,5.086900895943577,0.5025882810411412,0.2964979220842302,1,false,1.2743171466363976,9,4,20,87,1.0237924280390192,0.05819954898546616,0.65,0,true
BTCUSDT,1772130600000,1772133300000,-0.11897483910531509,0.7143762252252881,0.0661901176961578,7,false,0.9974268132515509,18,4,1,85,-0.5141537027083835,1.0967831702184123,0.55,0,false
XRPUSDT,1772132400000,1772140500000,-1.1761310954544806,0.7216640724494118,0.4881845195981256,9,false,1.4107496129694375,19,4,2,88,-1.0558918766718375,0.4141121568197119,0.45,0,true
HYPEUSDT,1772152200000,1772160300000,-1.2299837305557904,0.6732575032777055,0.21969455370114865,2,false,1.7844415672684883,0,5,3,86,-0.8676024546801111,0.6284102379461148,0.3,0,false
SOLUSDT,1772161200000,1772164800000,3.443075665094286,0.567260940032409,0.11576753878213537,1,false,1.2396415554353482,3,5,43,64,0.6272505517481612,1.0837884586573703,0.55,0,true
HYPEUSDT,1772172900000,1772177400000,2.135817827601433,0.7250418293363023,0.32766313441160483,9,false,1.6363613578995877,6,5,3,78,1.1118515660622224,2.247918000729842,0.3,1,true
XRPUSDT,1772168400000,1772180100000,-0.11389879824254623,0.5164119977362822,0.24759479343520507,1,false,1.1183820269025928,5,5,12,40,0.17056357046407203,0.2688172043011085,0.5,0,false
ETHUSDT,1772194500000,1772208900000,-0.5288348853268997,0.7967762615624067,0.034598202928639354,2,false,1.266952695323576,12,5,0,69,-1.212366134572641,0.40256234373959154,0.65,1,true
BTCUSDT,1772193600000,1772211600000,-1.2835981220261565,0.5098425849712472,0.24210738955168115,1,false,0.8806460735410871,12,5,1,39,-0.9155074494818634,0.5695402974634546,0.55,0,true
SOLUSDT,1772211600000,1772229600000,-3.0172642777179197,0.524902343749991,0.21972656250000833,1,false,1.4297815948525485,17,5,5,70,-1.3310745401742428,0.6323242187499835,0.6,0,true
BTCUSDT,1772214300000,1772232300000,-1.8193901137428081,0.54408322813577,0.03654631255320153,3,false,0.899095679332714,17,5,7,43,-0.6373246332498894,0.11576044501227206,0.55,1,true
HYPEUSDT,1772286300000,1772288100000,-2.1728400533127785,0.6017465326190574,0.007338372349021957,1,false,1.7332559543755055,13,6,26,65,-0.9358045370134415,2.836881325176639,0.35,0,false
HYPEUSDT,1772331300000,1772344800000,8.510441663443045,1.0855349202197253,0.6277792309704426,1,false,2.0176258565858305,2,0,9,100,1.928547800198473,4.475568296520373,0.35,0,true
SOLUSDT,1772336700000,1772355600000,5.650896339396675,2.6177411979881184,0.14860539551897056,6,false,1.6481968384556525,3,0,7,98,3.940537989617731,2.288553986084849,0.6,1,false
XRPUSDT,1772336700000,1772355600000,2.11508203887633,2.009054895302772,0.056593095642341114,6,false,1.5765760024560271,3,0,2,99,3.4671134095709877,1.2286055155325228,0.45,2,false
HYPEUSDT,1772357400000,1772373600000,6.803472707545128,0.8797940630193214,0.1694418195444609,1,false,1.9496547945753975,9,0,16,90,-0.5144798576282235,4.7797461221451805,0.4,0,true
HYPEUSDT,1772379000000,1772380800000,7.642082115530384,0.7707936917470273,0.5256877479278881,1,false,1.811527670861148,15,0,22,80,1.4383827912401277,5.101190550024676,0.45,0,true
SOLUSDT,1772415900000,1772417700000,1.2137191961483198,0.5832638971551114,0.6070705868348897,4,false,1.7035203333858349,1,1,2,96,1.6157989228007283,1.6383885923226773,0.55,0,false
ETHUSDT,1772416800000,1772422200000,0.16338991828039487,0.565730962358117,0.2369607476060241,5,true,1.6387407231239202,2,1,1,96,1.186441552278226,0.05123804557891397,0.65,2,true
HYPEUSDT,1772415900000,1772426700000,11.149937062743536,1.7901138312802063,0.3336971776079817,5,false,2.0952800660360786,1,1,33,100,2.796099346735252,6.175586508838178,0.45,1,false
XRPUSDT,1772436600000,1772442000000,-2.5365228516867226,0.5198663200891122,0.014853323431116077,1,false,1.3732186182797523,7,1,22,43,-0.8948380417098062,3.5183333809401027,0.45,0,false
HYPEUSDT,1772453700000,1772458200000,5.1576282515833425,0.6315789473684217,0.08552631578947303,5,false,1.9616897073846142,12,1,43,78,0.1610041401064582,3.787999765734769,0.45,0,true
HYPEUSDT,1772485200000,1772489700000,10.689465817441372,0.7503177998945751,0.3968623073822594,1,false,2.2149146936538635,21,1,52,97,-0.10176076968146179,6.722989143607087,0.5,0,true
HYPEUSDT,1772515800000,1772517600000,11.173763928694967,0.5762906194369927,0.5249977370787179,1,false,1.944233510005438,5,2,60,76,1.7386546703547088,9.200681961415444,0.55,0,false
HYPEUSDT,1772524800000,1772527500000,10.883703447539668,1.0807997305655108,0.33985487278404547,2,false,2.0090080205834,8,2,63,78,0.21333658417652165,7.860696312029397,0.5,0,false
ETHUSDT,1772528400000,1772530200000,-0.8522859918983167,0.5215143605769437,1.0193005750289057,1,false,1.4341599962368683,9,2,0,53,-1.7386118169470826,1.4559126627523593,0.65,0,true
XRPUSDT,1772528400000,1772540100000,-2.4368247549951225,0.6931642209276493,0.265467148440384,1,false,1.1825709162553912,9,2,7,31,-0.8878127522195318,2.6214880908487714,0.4,1,false
SOLUSDT,1772555400000,1772558100000,1.0321940857331435,0.7052186177715025,1.081335213916316,1,true,1.542088294372517,16,2,0,54,3.4176759803333665,0.6544772782001339,0.55,2,false
ETHUSDT,1772555400000,1772559900000,0.0023727929673074506,0.5908209568863177,0.8557767468301694,1,false,1.4896275452731287,16,2,0,65,2.7245570663370464,0.9350838792401389,0.7,1,false
BTCUSDT,1772555400000,1772562600000,1.2952542616182425,0.5123893805309648,0.6101769911504381,1,false,1.223073448354568,16,2,0,92,2.4642467870018936,0.7451741132455915,0.55,0,true
HYPEUSDT,1772555400000,1772569800000,6.5606481837605255,1.2627291242362484,1.2439291869027056,1,false,2.1006148946387966,16,2,71,79,2.804421012513495,5.69681658609721,0.45,3,false
XRPUSDT,1772596800000,1772609400000,-1.8642087752556342,0.5539143279172704,0.08862629246677177,1,false,1.121801734149752,4,3,26,13,-0.992501102779008,1.5258977649708052,0.4,0,false
BTCUSDT,1772630100000,1772635500000,6.038918173970471,0.6787543689006025,0.27884952401330176,1,false,1.2027354491206947,13,3,21,87,0.6330864587802372,3.2508607678200083,0.55,0,true
BTCUSDT,1772640900000,1772644500000,8.826963106523008,0.9313019390581637,0.4322714681440524,3,false,1.2830072087486648,16,3,24,100,2.1740257302207344,4.802733041293529,0.6,2,true
HYPEUSDT,1772640000000,1772645400000,9.128402530593423,1.038167938931308,0.26564885496184215,3,false,1.7650972561225775,16,3,95,18,0.9634857318195766,9.85352626182065,0.45,1,false
SOLUSDT,1772640000000,1772652600000,9.483138933053258,1.1195258478761894,0.713423334430914,2,true,1.7327605842050742,16,3,24,100,3.290941543953595,0.5948853034793125,0.5,0,true
HYPEUSDT,1772671500000,1772675100000,4.7493637150417385,0.5490023842389281,0.2384238925837637,6,false,1.7889347063674934,0,4,104,5,0.7036722897622083,7.316444695003202,0.4,0,false
XRPUSDT,1772677800000,1772689500000,2.383030540468145,0.5132892701448364,0.09140767824497813,1,false,1.3990308677489758,2,4,17,62,-0.02803869339690018,0.441095191530961,0.35,0,false
HYPEUSDT,1772733600000,1772740800000,-0.6819341809525269,0.6775244299674331,0.5407166123778514,1,false,1.8310168012166537,18,4,0,15,-1.6726827381719684,3.712355750290647,0.4,0,true
BTCUSDT,1772763300000,1772772300000,3.565326812431073,0.73636704891519,0.2432918344825374,2,false,0.9721524662131997,2,5,58,7.000000000000001,0.23607342940699766,1.0828493682346658,0.6,1,false
ETHUSDT,1772763300000,1772772300000,3.4764058204174377,0.8206387023801016,0.13236108102904723,2,false,1.2807257045675777,2,5,44,11,0.4999132262480905,0.8475537265660881,0.7,2,false
SOLUSDT,1772763300000,1772772300000,3.04811680280308,0.8678990081154149,0.169071235347166,2,false,1.3181657002486569,2,5,58,4,0.29272686331907805,0.7946348061316482,0.55,3,false
XRPUSDT,1772762400000,1772772300000,1.3459438129857038,0.5481597494126889,0.3345910158752706,1,false,1.1034649917818002,2,5,41,17,0.47703809184762747,0.8708858356470093,0.35,0,false
HYPEUSDT,1772771400000,1772780400000,0.016338489404086533,0.506602170218333,0.022878807687284123,2,false,1.424059136730022,4,5,0,1,-0.042392225917960207,1.0422469262818672,0.45,1,true
ETHUSDT,1772784000000,1772788500000,3.0551884028807366,0.5393442228583819,0.05917871490774463,2,false,1.1332358223105319,8,5,50,1,0.41794814936223484,0.7964588996608093,0.65,0,false
SOLUSDT,1772784000000,1772788500000,2.438615082663995,0.5328194082303581,0.2720779956921088,2,false,1.211021016571594,8,5,64,2,0.5218377765172929,1.377394853191252,0.5,1,false
HYPEUSDT,1772823600000,1772828100000,-2.285248701810598,1.6470665744309383,0.3952959778634285,20,true,1.4314913178980795,19,5,9,11,-0.8471515350517128,0.27879701091061265,0.45,1,false
SOLUSDT,1772827200000,1772851500000,-1.5128224857518986,0.5623901581722367,0.08201523140010919,1,false,1.3050996971993156,20,5,7,10,0.058685446009386334,0.5397652667515296,0.45,2,true
BTCUSDT,1772820000000,1772911800000,-1.4531668874697592,0.5770195684896968,0.18749834948636443,1,false,1.0124715117060725,18,5,3,18,-0.8779392546725362,0.9393413117803247,0.55,0,true
HYPEUSDT,1773000000000,1773002700000,0.7097524047529867,0.7051954867488843,0.4493571241144072,1,false,1.1962420438229064,20,0,0,28.999999999999996,1.4206238823763113,0.742074007203022,0.4,0,true
SOLUSDT,1773028800000,1773036000000,-2.234065373545805,1.4289145052833785,0.04803073967339848,1,false,1.26043760033293,4,1,63,57.99999999999999,0.5688695231178877,1.2254329257211403,0.45,1,false
ETHUSDT,1773037800000,1773040500000,0.7714301524667789,0.5551644372925658,0.35552650105602757,3,false,1.1823220796813294,6,1,0,64,1.3406995922249543,1.6816101780146802,0.6,1,false
HYPEUSDT,1773018000000,1773047700000,0.37962895986102,1.0033773813817783,0.10492835360855175,8,false,1.4484593233329435,1,1,2,65,0.6881111513515281,0.7744550841404041,0.45,0,true
ETHUSDT,1773052200000,1773055800000,0.4606593871350709,0.5554442552338935,0.07262345988180134,4,false,1.237617307821492,10,1,1,72,0.5355861078902361,1.269871653097385,0.55,1,false
HYPEUSDT,1773051300000,1773057600000,2.103132949447483,0.545284419062359,0.18713903139418525,4,false,1.3749299240845798,10,1,5,60,0.9419609620302345,2.360852384705663,0.5,0,true
SOLUSDT,1773081900000,1773084600000,0.30380277373872006,0.7523216174914615,0.17632537909957177,1,false,1.251930463763154,18,1,5,69,1.0657193605683735,0.6954656789247134,0.45,0,true
SOLUSDT,1773091800000,1773099000000,1.0116986866904072,0.7220216606498248,0.023291021311279865,1,false,1.2981274998164354,21,1,7,82,0.4777997902342344,0.2426544159063208,0.5,0,false
HYPEUSDT,1773099900000,1773102600000,11.997059930814743,1.1679595572212846,0.48229175745955416,10,false,1.9591215624185243,23,1,19,94,1.894428152492671,12.495453774199055,0.55,0,false
HYPEUSDT,1773154800000,1773163800000,10.464817002490975,0.9373904917649747,1.1009227893937696,1,false,1.8345663331147355,15,2,34,83,0.5744458628292713,12.004601174883092,0.55,0,false
XRPUSDT,1773166500000,1773171900000,2.5907963753544534,1.0242819282286355,0.06446529618223071,15,false,1.2513902788887459,18,2,15,100,0.5902677800172751,0.8113209549353122,0.35,3,false
HYPEUSDT,1773185400000,1773194400000,7.492743393725222,0.6870027303954721,0.0645900002935864,1,false,1.6756289657435914,23,2,42,70,1.3496315150797735,12.874027397639837,0.5,3,true
ETHUSDT,1773166500000,1773215100000,3.235777169478348,0.9648157921995899,0.6422240089181328,14,true,1.234454211971278,18,2,17,96,0.58103208222023,0.29853167576183093,0.55,1,false
SOLUSDT,1773166500000,1773223200000,3.1207447221382933,1.245199581054355,0.7680670313045461,14,false,1.3219443829895001,18,2,17,99,0.7440995233112435,0.24586815990214608,0.45,2,false
BTCUSDT,1773165600000,1773230400000,3.2418357374021274,1.022184771521317,0.6503641667369935,13,false,1.1340087847228886,18,2,28,100,0.7531083786347931,1.5169617307583145,0.55,0,false
HYPEUSDT,1773235800000,1773237600000,10.892758999979572,0.6296556570625544,0.5003513703443352,1,false,1.4891319230701143,13,3,56,65,1.319379975806682,16.371547339709597,0.55,0,true
ETHUSDT,1773236700000,1773240300000,1.9923480445314754,0.8138341996887957,0.38924639345791495,1,false,1.1225480606837326,13,3,37,61,1.1799161937932023,0.6347487301410998,0.5,1,true
HYPEUSDT,1773263700000,1773267300000,11.916337311980989,0.7303323984338264,0.26380828080308477,1,false,1.6890891451629708,21,3,64,71,0.2574180690876783,18.026674713456035,0.55,1,true
ETHUSDT,1773250200000,1773273600000,2.7202622540429893,0.633850630455876,0.04122211445198395,3,false,1.2049456377127168,17,3,40,90,0.9117354210187146,0.1275293488076627,0.55,0,false
HYPEUSDT,1773279000000,1773280800000,12.97618531419328,0.756454530504841,0.31244861042592864,2,false,1.542506462475898,1,4,68,59,0.9368131868131898,18.567962242807113,0.55,0,false
SOLUSDT,1773285300000,1773303300000,-0.38373040714747064,0.5502224303441804,0.12877546242097804,1,false,1.1512132942044304,3,4,0,37,-0.999883734449482,0.4178364409394315,0.45,0,false
ETHUSDT,1773331200000,1773357300000,2.5584405397097325,0.6683240713658982,0.592278443989475,2,true,1.1496011792288636,16,4,63,68,1.1135944599042409,0.02664846771308226,0.5,2,true
ETHUSDT,1773358200000,1773360900000,2.07214970293033,0.546548610875783,0.6501459560727814,1,false,1.0262529097475022,23,4,70,30,0.7763847223770353,0.7094667939228403,0.55,2,true
XRPUSDT,1773328500000,1773360900000,-0.7533579639781361,1.0383386581469634,0.23235550392098966,2,false,0.8663860676182614,15,4,0,28.000000000000004,-0.8759229766903142,0.38255440936991586,0.35,1,false
SOLUSDT,1773328500000,1773361800000,-0.07030124861024328,1.470588235294113,0.6137100509495149,2,false,1.2032794082707343,15,4,0,50,-1.2687427912341505,0.6264688727634634,0.4,0,false
SOLUSDT,1773369000000,1773372600000,5.5410443003196495,1.073059360730591,2.4200913242009183,8,true,1.351915411716573,2,5,10,99,3.2091097308488683,2.002594437525937,0.35,0,true
HYPEUSDT,1773375300000,1773386100000,13.185644001674751,0.9623031652616498,0.4188537193149919,11,false,1.4801952873890805,4,5,95,38,1.42682212639087,2.655280738030906,0.5,0,false
ETHUSDT,1773401400000,1773406800000,4.611716762848624,0.5196032120925839,0.19650448748227936,5,false,1.0723497575391034,11,5,82,42,1.0403337440122487,1.090064556762722,0.55,0,true
XRPUSDT,1773402300000,1773406800000,2.673253328502521,0.5424827391855741,0.140904607580668,13,false,0.9495358854251232,11,5,12,63,0.6015995470309259,0.5580598081887207,0.3,1,true
ETHUSDT,1773422100000,1773423900000,4.624335653712688,0.8694181802809859,0.05025810118316536,2,false,1.4001247589372978,17,5,88,100,0.2496473906911117,3.291457275703482,0.6,0,false
HYPEUSDT,1773428400000,1773440100000,7.135317450297644,0.7084019769357569,0.05766062602965622,6,false,1.475878976420321,19,5,110,22,0.4786531690141027,6.266308773125839,0.5,0,false
HYPEUSDT,1773463500000,1773470700000,8.149821319085838,0.5623419254156921,0.14260345477050096,1,false,1.1969473046311119,4,6,120,1,0.9133407193233739,1.6041543346068883,0.45,0,false
HYPEUSDT,1773473400000,1773477900000,8.062001010002229,0.5830825451418711,0.20152622527943825,1,false,1.1635839486209891,7,6,122,1,0.7872529724191896,1.7363499570077396,0.4,0,false
XRPUSDT,1773481500000,1773533700000,0.19796994104670815,0.6040558032503928,0.028764562059539475,11,false,0.745392662585433,9,6,34,3,-0.10766580534022803,1.2819154170482783,0.3,0,true
XRPUSDT,1773615600000,1773617400000,4.4133201547084555,0.5245855773938631,1.489823039798566,1,true,0.8052011562147329,23,0,71,56.99999999999999,1.7171292402579172,0.13219556550324876,0.35,0,true
SOLUSDT,1773616500000,1773618300000,6.499068178871921,0.6189897203492896,1.635901403780263,2,true,0.9574073651633241,23,0,79,46,2.234078026008675,0.7682104565049112,0.4,1,true
ETHUSDT,1773617400000,1773619200000,5.85893150692507,0.542216062331432,1.6542740485466167,3,true,0.8812840994668664,23,0,142,46,1.5478790316169662,0.5395237114174638,0.55,2,true
HYPEUSDT,1773616500000,1773629100000,5.802796099863623,0.7511105128550368,0.3176739803472742,2,false,1.1109770210276608,23,0,162,16,0.18277113291225627,1.38559003729932,0.4,2,true
XRPUSDT,1773675900000,1773680400000,6.1813413561077075,0.8363121332703829,0.8430565859580617,3,true,1.0901319390904505,15,1,88,99,1.4592159236096987,0.5642858748679339,0.35,0,true
HYPEUSDT,1773676800000,1773691200000,8.633800052285588,0.796935653872856,0.14910409007943604,2,false,1.4242918672432119,16,1,179,85,1.8950437317784299,0.6854337275293627,0.45,1,true
HYPEUSDT,1773699300000,1773708300000,13.672506894847086,0.9026466187544336,0.38264367534155563,2,false,1.6101710016583597,22,1,185,100,1.9471522588945493,5.2146743560923685,0.5,1,false
XRPUSDT,1773687600000,1773710100000,8.942218846359888,0.8245533669262447,0.202866304561212,2,false,1.1207004621195442,19,1,91,100,1.7771024641606608,7.14373135126138,0.4,1,true
XRPUSDT,1773716400000,1773718200000,12.218316579158401,0.8803597441256586,0.8486921274304946,1,false,1.2927717468095699,3,2,99,100,1.7643312101910724,2.278485021217309,0.4,0,false
HYPEUSDT,1773736200000,1773760500000,13.301184038460997,1.1397617530271176,0.11275062503063721,9,false,1.5916593737392348,8,2,195,93,0.12005684324006344,2.2147806434054504,0.5,0,false
HYPEUSDT,1773765000000,1773772200000,8.03534473104935,0.7717944220312223,0.6715613802089877,1,false,1.7454482077383249,16,2,203,100,0.06972806056379792,4.494366067774287,0.5,1,true
BTCUSDT,1773759600000,1773783900000,4.018275134952016,0.5580635034046667,0.21042404165719422,1,false,0.8743819880230821,15,2,193,77,0.8403030146533031,0.37984584239983155,0.55,1,true
HYPEUSDT,1773829800000,1773834300000,9.953100355031202,0.6847823456820027,0.019357804824939318,2,false,1.5512126486461204,10,3,221,64,0.6296035199455486,0.9469322952971044,0.5,0,false
BTCUSDT,1773861300000,1773864900000,-1.2103392020808157,0.5287213119343712,0.062153101005780205,1,false,0.888772864141929,19,3,4,74,-1.081930521492464,0.8970437614758081,0.6,1,true
HYPEUSDT,1773854100000,1773882000000,12.324382027828884,2.124896706410102,0.2597095974501394,1,false,2.033633848684712,17,3,228,100,1.2197151620342976,20.72254667847781,0.45,0,false
HYPEUSDT,1773935100000,1773936900000,2.797668134234611,0.7484567901234669,0.18775720164609155,8,false,1.9874190557024158,15,4,251,78,1.0139221287217848,9.103907829397983,0.45,1,true
XRPUSDT,1773935100000,1773939600000,-1.2994770742525161,0.5899090845998994,0.6940106877645922,1,false,1.1141010443589354,15,4,1,49,-1.0259965337954888,1.3486426950233574,0.4,2,true
ETHUSDT,1773931500000,1773947700000,-2.5745638937144637,1.0383912937056328,0.35256349908682927,1,false,1.2596270962106753,14,4,4,64,-1.3313491784943736,1.4359548869349033,0.55,0,false
HYPEUSDT,1773945000000,1773947700000,4.067056053420102,0.8224185196466597,0.5838156157985502,4,false,2.0011292769130247,18,4,253,81,1.1630269172168572,10.294444522464042,0.45,1,true
HYPEUSDT,1773960300000,1773966600000,2.078614370400119,0.596284687715011,0.0535127283846821,1,false,1.939979232551238,22,4,258,67,1.0352496101837916,9.92356133476839,0.45,0,true
HYPEUSDT,1773981900000,1773985500000,2.4039411605690164,0.5681244318755717,0.0025249974749966403,4,false,1.790574320400092,4,5,264,61,-0.03531964276703112,13.65371455484157,0.45,0,false
HYPEUSDT,1773995400000,1773999000000,4.280160987001076,0.9278996865203698,0.5266457680250805,2,false,1.8314223457354843,8,5,267,63,2.175564785735999,11.75382670846393,0.45,0,false
HYPEUSDT,1774054800000,1774062900000,1.7085441871531042,0.7654037504783701,0.39545860441383124,14,false,1.7251679772916144,1,6,284,31,1.1660686827268023,10.160897293704583,0.45,0,true
HYPEUSDT,1774145700000,1774151100000,-0.5101089417105763,0.7019245494920765,0.31139925468375085,2,false,1.2706400894130676,2,0,0,16,-0.8623101772950569,2.6182533828802304,0.45,0,false
HYPEUSDT,1774161000000,1774179000000,-1.4258302039696524,0.7288629737609359,0.3592253227821693,1,false,1.2853060662250715,6,0,1,18,-1.6906279844100895,1.7894949524999648,0.4,0,true
HYPEUSDT,1774228500000,1774242900000,-3.1873610359324798,0.9215017064846391,0.4253084799160045,3,false,1.2779857568285184,1,1,20,30,-1.4623611147250855,0.9555506189793533,0.4,0,false
HYPEUSDT,1774263600000,1774265400000,-4.4519470434954735,0.6973684210526331,0.15000000000000568,19,false,1.2987139238347303,11,1,30,33,-0.9620915032679793,0.72533145841702,0.4,0,false
HYPEUSDT,1774278000000,1774283400000,-1.320177218364999,1.0860789165255746,0.37504883448367093,1,false,1.8484993272483177,15,1,0,70,-2.189105858170616,8.133908396219317,0.4,0,true
ETHUSDT,1774280700000,1774293300000,-0.3972466146929176,0.8822715915110736,0.24658600272837394,12,false,1.5996200360309587,15,1,0,100,0.48221792126116925,3.410115710615917,0.5,1,true
XRPUSDT,1774288800000,1774305900000,0.938156785045696,0.634102153160066,0.3484077764615632,1,false,1.286265088662227,18,1,4,99,0.5999720943211903,0.8800180525988678,0.45,1,false
SOLUSDT,1774366200000,1774382400000,0.09494187716247551,1.1489124372559967,0.0446179587283793,1,false,1.1460893009029578,15,2,26,84,0.3689624329159194,3.093002467739824,0.45,0,false
HYPEUSDT,1774369800000,1774384200000,2.0890980153959715,1.8105741663868598,0.7309450628922728,5,false,1.484130623703054,16,2,1,66,1.6810445932914673,3.6221881793594335,0.45,1,true
HYPEUSDT,1774403100000,1774409400000,3.9262096935178654,0.5991894781333127,0.009945053578988311,9,false,1.5144281406741253,1,3,11,74,0.6765359362907876,0.2511126028691457,0.5,0,false
XRPUSDT,1774539900000,1774548900000,-4.097372642388537,0.542482222710934,0.3225569972876022,2,false,0.7636018424641705,15,4,27,34,-1.224132905858361,0.17882015352874744,0.4,0,true
HYPEUSDT,1774598400000,1774601100000,0.6723684679087256,0.735161812713676,0.4498367735136217,1,false,1.1194309462961782,8,5,0,8,1.1252231045810868,1.846529629300408,0.5,0,false
SOLUSDT,1774630800000,1774633500000,-6.602701479301901,0.6595515049766125,0.1319103009953225,4,false,1.0995441041728897,17,5,35,54,0.1805271392465898,2.5429565038631323,0.4,1,true
BTCUSDT,1774629900000,1774636200000,-5.636789576302532,0.5386511234098083,0.2506863311806493,3,false,0.8700813918729499,16,5,35,65,-0.17791928083154293,2.9748143757079077,0.6,0,true
ETHUSDT,1774634400000,1774640700000,-6.568740975529436,0.6626861754478108,0.08226797151407801,1,false,1.0484340145347713,18,5,36,59,-0.5030490107709897,1.7390252113913836,0.55,1,false
HYPEUSDT,1774682100000,1774686600000,0.524867028633559,0.7628702352609933,0.13055832885337743,1,false,1.1521625795748958,7,6,0,19,1.3178334714167366,2.257724473907796,0.45,0,true
HYPEUSDT,1774828800000,1774830600000,-3.168120829359507,0.7257046697517968,0.19720235591080076,1,false,1.0021864384737666,0,1,10,25,-1.1032391310031033,0.35243600530724717,0.45,0,false
HYPEUSDT,1774832400000,1774847700000,-3.57873964390085,2.2489388067178,0.284742545281985,1,false,1.161528811078814,1,1,11,41,-0.24049896929013445,0.7255389152690858,0.45,0,false
HYPEUSDT,1774856700000,1774863000000,-1.484665040096766,0.5981016772851488,0.20543492393707094,8,false,1.184454609743014,7,1,18,67,-0.89481987224249,0.6632167468469482,0.45,0,true
ETHUSDT,1774883700000,1774891800000,0.2858069838965873,0.7684461067663919,0.25744401806966444,1,false,0.9471002083460084,15,1,0,85,0.16544918001064646,1.141287921719764,0.5,1,false
HYPEUSDT,1774881900000,1774891800000,-2.0646637192015254,0.8448420171584025,0.3452605147520347,3,true,1.16443652395872,14,1,25,59,-0.9790391876057745,0.08909421427076125,0.45,0,true
ETHUSDT,1774899900000,1774905300000,-1.9886756077695567,0.6000404632549275,0.2807755128224134,2,false,1.0134522099216696,19,1,2,91,-0.8221372620322966,0.428037362168587,0.45,0,false
HYPEUSDT,1774899900000,1774918800000,-4.601716311780994,0.5880766118154745,0.5152414351227476,2,false,1.2842904383030374,19,1,30,83,-0.9857112161581364,3.0353324524224496,0.5,1,false
BTCUSDT,1774969200000,1774975500000,-2.153711316162673,0.714272975334852,0.14995868333599988,1,false,0.9116953510773412,15,2,129,100,-0.1060134769446751,1.1622600424503793,0.6,0,false
ETHUSDT,1774969200000,1774975500000,-0.7580944867440907,0.6496662640339944,0.4937463606658244,1,false,1.1916599912919026,15,2,0,100,-0.32491949324130026,2.035327605502877,0.4,1,false
SOLUSDT,1774969200000,1774975500000,-5.320681212173945,0.7936507936507832,0.4151404151404193,1,false,1.299560693846199,15,2,129,100,-0.3056234718826406,2.351648351648354,0.4,2,false
XRPUSDT,1774969200000,1774977300000,-3.388646043255895,0.7984332630310459,0.21843928894244524,1,false,0.9174125675507911,15,2,146,100,-0.1357773251866956,0.3389575173245082,0.45,3,false
HYPEUSDT,1774992600000,1774997100000,-4.411209535201475,0.5239602663464692,0.3438489247898638,1,false,1.420416078360999,21,2,55,96,-0.9048913043478218,4.145183689310986,0.5,1,true
ETHUSDT,1774978200000,1775010600000,1.4246731531827534,0.8897617949315458,0.16454173225351015,1,false,1.2964645676825635,17,2,0,100,2.328441459718309,1.7663892374398793,0.35,0,false
SOLUSDT,1775063700000,1775074500000,0.6112072902114416,1.5867377146240418,0.47365304914149375,2,false,1.107645052011584,17,3,0,86,1.9143335726250401,0.88932179758978,0.4,0,false
HYPEUSDT,1775065500000,1775079000000,-4.410076973694439,0.9380965366784869,0.42814289610036427,1,false,1.4547747610708404,17,3,76,97,-1.2984548658172925,9.322753487056733,0.5,1,true
BTCUSDT,1775097000000,1775105100000,-1.1143203725717103,0.5438781617395656,0.027014804411332215,1,false,0.8349918144464311,2,4,0,80,-1.0571685354662277,1.637373786143026,0.6,0,true
HYPEUSDT,1775102400000,1775111400000,-7.088980884993772,0.6461303029444315,0.13319352736134285,1,false,1.3521048351343605,4,4,86,69,-1.2640804516980695,8.034951903706407,0.5,1,false
XRPUSDT,1775106000000,1775133000000,-3.5024684276542,0.6713457430576855,0.07628928898381827,1,false,0.9206254223402608,5,4,3,92,-0.3201219512195108,5.485594477707729,0.4,1,true
HYPEUSDT,1775157300000,1775162700000,-7.13335093535782,0.5653266331658303,0.1627455459113812,6,false,1.1267952419734077,19,4,101,12,-0.21134403381506014,0.1912973960712456,0.45,0,false
HYPEUSDT,1775225700000,1775320200000,-4.160558756475153,1.1728481455563244,0.12036389083274811,5,false,0.9082337274920588,14,5,120,9,-0.8899271372156413,1.1208637408777526,0.45,0,false
HYPEUSDT,1775493900000,1775495700000,1.4618711676535228,0.770981127024486,0.005354035604343312,9,false,0.9977959862389043,16,1,17,91,0.6896737519868537,0.876181910879407,0.45,0,false
HYPEUSDT,1775571300000,1775575800000,-1.8861154844653345,0.5722540141119037,0.01388966053668385,1,false,1.0738762813358333,14,2,3,98,-0.882661223589122,5.153579215538028,0.4,0,false
HYPEUSDT,1775655000000,1775657700000,7.320637846899094,0.5143220878421342,0.626352641629541,3,false,1.2071990606423788,13,3,17,92,0.7920741646291767,6.263526416295375,0.4,1,false
ETHUSDT,1775671200000,1775673000000,5.674379077011673,0.5753326141675738,0.18878101402372427,1,false,1.0450076040557799,18,3,25,91,0.5910602142593433,1.7406058971593112,0.3,1,false
SOLUSDT,1775671200000,1775673000000,2.4983372720255566,0.5495161868354961,0.13140604467805453,1,false,0.9949179261656329,18,3,22,86,0.6351108448172572,0.36644519058127695,0.35,2,false
HYPEUSDT,1775679300000,1775682900000,2.7203058290034097,0.50338665893576,0.23192683762486088,1,false,1.345446279324978,20,3,24,98,0.3876684511722503,11.94961495618915,0.35,1,true
HYPEUSDT,1775686500000,1775688300000,6.585921398037592,0.8265327474367088,1.9852479598242319,4,false,1.4401858545346837,22,3,26,100,2.516103588799792,12.764020312946444,0.4,1,true
XRPUSDT,1775603700000,1775690100000,3.460634928615031,1.7224950524078335,0.285860881037896,1,false,0.9089454237532718,23,2,1,100,2.401909592719678,0.9635133596684936,0.4,0,false
ETHUSDT,1775746800000,1775749500000,2.433826376701554,0.6373771217099924,0.04608655977657236,1,false,0.8207284565286844,15,4,46,52,0.30588528839622264,0.4998387972289578,0.3,0,true
SOLUSDT,1775752200000,1775754000000,2.067735551222448,0.5444646098003664,0.7501512401693772,3,false,0.8725536448033526,16,4,1,59,1.436571706841968,1.6176043557168975,0.3,1,true
ETHUSDT,1775751300000,1775754900000,4.2758975077499,0.5537906170093319,0.6868826829902034,2,true,0.9312896804312392,16,4,47,73,1.6123845835821538,0.27340088211477137,0.35,0,true
ETHUSDT,1775755800000,1775773800000,3.777891184731069,0.7003524412673405,0.1676134561894584,1,false,0.9915602763525636,17,4,48,80,0.6447085455574322,0.33937949800525435,0.4,0,true
BTCUSDT,1775786400000,1775807100000,3.904551621650688,0.5415869330348587,0.12984199548399816,1,false,0.8090235528216491,2,5,58,89,0.46015489564493284,1.3188027565077372,0.6,0,false
HYPEUSDT,1775835000000,1775837700000,10.583850642375031,0.6895557531054012,0.2642896614689686,5,false,1.23952778738155,15,5,67,80,1.1420982735723748,19.566650643510876,0.45,0,true
HYPEUSDT,1775838600000,1775850300000,9.614875506036688,0.5562186679398522,0.2673669133444781,1,false,1.2610948855023796,16,5,68,83,0.7306939204355447,20.083159857569015,0.45,0,false
HYPEUSDT,1776005100000,1776009600000,2.798383435466892,0.5126427103197225,0.1287798112880448,1,false,1.0951638505409897,14,0,115,21,1.327872921320436,14.885775966411915,0.4,0,true
HYPEUSDT,1776035700000,1776042900000,3.6057557330115717,0.8144840783082301,0.10303714243658699,1,false,1.0457975637210448,23,0,123,18,0.23992557410763868,15.653514040671258,0.45,0,true
SOLUSDT,1776050100000,1776062700000,-1.119057704340493,0.5123825789923163,0.024399170428200587,2,false,0.7693340607533075,3,1,25,43,-0.4739912493923196,1.6137106510792247,0.35,0,false
HYPEUSDT,1776055500000,1776074400000,4.204209428061791,0.6224772649905176,0.6078879540923017,14,false,1.0365627645143596,4,1,129,21,0.858034321372847,16.36707513102573,0.5,1,true
BTCUSDT,1776089700000,1776092400000,1.1548292228909127,0.5734096381141778,0.3143779446593718,1,false,0.5167843992836638,14,1,2,45,0.6329691945625067,1.636050637605675,0.6,0,true
SOLUSDT,1776089700000,1776093300000,1.0216557111534177,0.6402512684223256,0.3261657405170283,1,false,0.7687029173049699,14,1,0,56.99999999999999,1.1252268602540745,1.3421631481377432,0.35,1,true
XRPUSDT,1776092400000,1776095100000,0.561333940321127,0.5380361679868552,0.022418173666116196,1,false,0.6053673928391259,15,1,1,56.00000000000001,0.12696041822255674,0.8060795487773791,0.4,0,false
SOLUSDT,1776096000000,1776097800000,-0.14913429357248004,0.5436752446538635,0.10873504893075898,1,false,0.8973925422632663,16,1,0,77,-1.5167801265974084,1.3544069759918194,0.4,1,false
ETHUSDT,1776094200000,1776102300000,2.3079069116195243,0.808998170881535,0.17654178307199328,6,false,0.7524135973909679,15,1,142,44,0.6711409395973253,0.40571243102887977,0.45,1,true
HYPEUSDT,1776139200000,1776156300000,10.670938516563778,0.5549190087843451,0.20219720967849814,1,false,1.2675079112692345,4,2,152,94,-0.04252366777824657,1.4189938067743213,0.5,0,true
HYPEUSDT,1776242700000,1776250800000,5.525666714019693,0.5157131345689047,0.07597559571774203,1,false,1.1163380012690587,8,3,181,56.99999999999999,0.9690731209718534,3.8196860715120704,0.55,0,true
HYPEUSDT,1776263400000,1776270600000,6.910163929571148,0.6236160694111874,0.3050295991685074,1,false,1.1047120255525102,14,3,186,59,-0.11688545225678745,1.8532062000089868,0.6,0,true
SOLUSDT,1776270600000,1776273300000,0.654908670784268,0.5115393766357444,0.3093028788960158,1,false,0.8406392001118489,16,3,4,60,0.6195639223162112,0.197707185998717,0.35,0,true
HYPEUSDT,1776288600000,1776293100000,6.950594541451814,0.5009884974838223,0.05616462976275741,1,false,1.1875137552702093,21,3,193,73,0.6017603736303231,1.25612640215439,0.6,0,true
XRPUSDT,1776353400000,1776356100000,3.795695212842018,0.7009842101536514,0.19825816044749087,1,false,0.9227945713518593,15,4,68,100,1.6077170418006406,0.9677483925882758,0.4,0,true
ETHUSDT,1776369600000,1776375000000,4.11919439177983,0.5109106481619481,0.27612185155041646,1,true,0.9835861938398132,20,4,219,85,0.6447095391394156,0.039948184541437455,0.5,0,false
SOLUSDT,1776370500000,1776375000000,7.324816289557995,0.6045678459471474,0.459023734885816,2,false,1.2037114913432183,20,4,32,100,0.9667266187050353,3.9594964422550616,0.4,1,false
HYPEUSDT,1776386700000,1776392100000,3.8285560105122207,0.5311630875849108,0.36930652441526246,1,false,1.2801732974276345,0,5,221,85,0.3349740224227474,2.6957891846097315,0.6,0,false
ETHUSDT,1776432600000,1776434400000,4.116192289372749,1.1408680170647347,0.5924787530652745,1,false,0.8592886823998552,13,5,236,56.99999999999999,2.0193025307008767,0.457061036648853,0.5,0,true
HYPEUSDT,1776503700000,1776510900000,4.92149005209218,0.6726608219915182,0.11883674521851247,1,false,1.0313133369290433,9,6,253,3,0.915105977346644,1.2059510420932296,0.6,0,false
XRPUSDT,1776582000000,1776583800000,1.9436101798142276,0.5194440544714357,0.14039028499227865,1,false,0.7257172164778241,7,0,132,28.999999999999996,-0.03498215909885573,1.7304113666445908,0.45,0,false
SOLUSDT,1776610800000,1776613500000,1.0913558942288681,0.5441704295472952,0.011578094245676629,2,false,0.7860565493276119,15,0,3,35,0.6362795002313711,0.40913602699651574,0.4,0,false
ETHUSDT,1776622500000,1776631500000,-0.777461676366494,0.5311963863009541,0.13464503659304228,1,false,0.7783139712466293,18,0,1,34,-0.4843528447599298,0.5446930632067497,0.5,0,true
SOLUSDT,1776645900000,1776670200000,-1.807145772411619,0.8405351012193772,0.5564105599621154,10,true,0.9131083814682077,0,1,7,61,-1.2812977547901603,0.5534509293241227,0.35,0,false
BTCUSDT,1776700800000,1776708000000,1.6814850022600858,0.5414027167409806,0.5637890461558025,2,false,0.7334548636857544,16,1,9,82,0.553851057895366,0.6224199089089479,0.6,1,true
XRPUSDT,1776700800000,1776753900000,1.9154299960881143,0.6702412868632753,0.7337378298292624,2,false,0.8915778352267214,16,1,9,53,0.6175871991016857,1.1858662157426278,0.45,2,true
HYPEUSDT,1776698100000,1776779100000,-4.139675319011101,1.2330725066014032,0.3900288282177411,1,false,1.2029691537302831,15,1,21,57.99999999999999,-0.3576120274412457,8.904148545897046,0.55,0,true
HYPEUSDT,1776780000000,1776786300000,-4.566385290719707,0.7638871721341809,0.0568589157252064,1,false,1.173558214369317,14,2,44,50,-1.1913827409172577,9.856599887120128,0.55,0,true
SOLUSDT,1776788100000,1776791700000,0.6645725880584041,0.6056370836245004,0.0116468669927849,1,false,0.8011862050964574,16,2,10,41,-0.1972844377393544,0.6655041569519039,0.35,1,false
ETHUSDT,1776784500000,1776792600000,-0.531118303784439,0.604959892759066,0.2486432725778902,1,true,0.8292345050080828,15,2,0,62,-0.30715701884158336,0.019849614411138385,0.55,1,true
HYPEUSDT,1776801600000,1776803400000,-7.705754036137126,0.6650977182032078,0.12790340734676445,1,false,1.266773437429529,20,2,50,73,-0.904228222109009,8.889737587652286,0.6,2,false
SOLUSDT,1776801600000,1776804300000,-1.0436466858732827,0.6814710374809051,0.5639760310186864,1,false,0.9043249346064862,20,2,2,77,-1.0210069240699335,0.21848606317950697,0.3,1,false
ETHUSDT,1776801600000,1776824100000,-0.5603674483958693,0.817356162190457,0.5490868024455804,1,false,0.9462273485587684,20,2,0,85,-1.0279172993809034,0.00016225969336811026,0.55,0,false
XRPUSDT,1776829500000,1776835800000,2.124199293197275,0.6617903169627352,0.404040404040406,5,false,0.7377940027123522,3,3,45,37,1.099824868651492,2.370624518330216,0.5,1,true
SOLUSDT,1776831300000,1776836700000,2.026748857868728,0.7830492860433058,0.24182404421924658,7,false,0.8899742306857827,4,3,4,87,1.1598237067965669,1.7757753723322962,0.3,2,true
HYPEUSDT,1776829500000,1776836700000,-4.602292836876147,0.7640025797489702,0.36463759488018666,1,false,1.2927613878294204,3,3,58,90,-0.5350242742494825,11.51099736632645,0.6,0,false
HYPEUSDT,1777246200000,1777250700000,1.926315121922532,0.5553841406973198,0.2254764673771126,2,false,0.6506091584265286,23,0,4,40,0.8828231251938571,0.7354032649636187,0.6,0,true
SOLUSDT,1777252500000,1777258800000,1.4282034436035662,0.5404162354834987,0.39093940439232316,1,false,0.5914716763010315,1,1,20,48,0.5875576036866418,0.9848279341944596,0.35,1,true
ETHUSDT,1777252500000,1777267800000,2.7050274441247386,0.6054401132514237,0.48999780912415986,1,false,0.6145585813706748,1,1,19,50,1.0272582772498302,0.8864620725685476,0.5,0,false
ETHUSDT,1777320000000,1777358700000,-1.640553182517632,0.765895578575686,0.7520488788500362,19,false,0.7259683664121503,20,1,14,73,-0.8031312170227364,0.010588652731379159,0.45,0,true
ETHUSDT,1777495500000,1777497300000,-3.1690441411910757,0.5090156535523191,1.0752735518812915,10,false,0.9361295511028087,20,3,8,98,-1.2939922104929196,1.4167952723303274,0.5,0,true
HYPEUSDT,1777639500000,1777694400000,0.1072442959906113,0.7773418342324673,0.07111329082882874,1,false,0.9200508956868427,12,5,1,37,0.5513303305520779,1.9431901099294813,0.65,0,true
HYPEUSDT,1777820400000,1777835700000,-0.14664021699398253,0.5293974140034124,0.036594291290560056,1,false,0.6243611013230161,15,0,0,7.000000000000001,-0.17802272838121347,0.3346199421461475,0.7,0,false
SOLUSDT,1777860900000,1777890600000,0.5028033093333104,1.0663507109004806,0.3909952606635051,1,false,0.5999386979826927,2,1,0,73,1.2910938433950965,0.5568278276862056,0.4,0,false
HYPEUSDT,1777892400000,1777900500000,0.8900138076079376,0.6026575017547313,0.04598591378850921,1,false,0.9611430128772019,11,1,18,100,-1.0760898093579263,2.052592665339898,0.7,0,false
BTCUSDT,1777894200000,1777906800000,1.5014981295742966,0.7764825113633836,0.058293338684308846,3,false,0.6484303290053646,11,1,79,100,-1.1428557107071293,0.6431901569348255,0.65,1,true
ETHUSDT,1777894200000,1777906800000,1.199723814814965,0.648156897781048,0.26372984442517755,3,false,0.8313929688726934,11,1,57,100,-1.1472356099229908,1.2171189776489035,0.5,2,true
HYPEUSDT,1778040900000,1778051700000,5.864986275532915,0.5951702278065417,0.08893348231592246,5,false,0.9728057256461311,4,3,37,83,-0.10910826722433527,16.535902265668984,0.65,0,true
ETHUSDT,1778116500000,1778139900000,-0.3392681028175596,0.5215721736745369,0.19414313449018122,1,false,0.7111353656119861,1,4,0,53,-0.8851780574620624,0.7548748325454535,0.55,0,false
SOLUSDT,1778211900000,1778250600000,2.3171387026915116,0.5225491309780848,0.14767692831988577,1,false,0.8119901555707933,3,5,74,63,0.07946418435689996,2.356334132062704,0.4,0,true
ETHUSDT,1778249700000,1778262300000,-2.1110868728211893,0.6026939852975868,0.08784734666047934,5,false,0.6031991350128357,14,5,29,9,-0.38474289403431117,0.14659434921577735,0.5,1,false
HYPEUSDT,1778256900000,1778262300000,2.077222870218183,0.5165167985349846,0.7536449651351113,2,false,0.9047340563554205,16,5,10,33,0.5939992048829489,2.7466563363307075,0.65,1,true
HYPEUSDT,1778266800000,1778291100000,2.547833935506858,0.7016162645301656,0.08336034826101367,2,false,0.9348868146744351,19,5,13,44,0.7710225949219731,6.055052643918859,0.65,0,true
HYPEUSDT,1778292000000,1778300100000,3.733908697242453,0.5216078332685172,0.24478964105145,1,true,0.8600968187065431,2,6,20,27,1.699421965317918,0.104480385915695,0.7,0,true
HYPEUSDT,1778452200000,1778469300000,-1.0301580353633424,0.897695295239414,0.5558268796948866,7,false,0.9607776129716977,22,0,1,89,-1.5926352128883776,5.5296709140841624,0.7,0,true
SOLUSDT,1778514300000,1778516100000,7.0539313297014195,0.649554740701943,0.4400209533787341,1,false,1.0152235234994023,15,1,158,96,1.6701902748414508,1.4719748559455075,0.4,0,true
SOLUSDT,1778517000000,1778550300000,7.0539313297014195,0.9919404835709941,0.38231039470965544,1,true,1.0152235234994023,16,1,158,96,1.7987107506758053,0.07749535027897152,0.4,0,false
HYPEUSDT,1778606100000,1778611500000,-5.604084556397511,0.5006226650062279,0.08717310087172252,1,false,0.9799530762427936,17,2,40,75,-1.2244088633321761,1.2179777302384183,0.7,0,false
HYPEUSDT,1778772600000,1778777100000,1.6166725353460882,0.9552096946655603,0.40869668527978387,1,false,1.2917272016416714,15,4,0,100,1.5138065878175762,12.770295954304572,0.65,0,true
XRPUSDT,1778787000000,1778803200000,7.054523582977254,1.7525295946035295,0.5885854110177837,4,false,1.1248550836620466,19,4,8,100,3.01564913694675,0.10449044375371436,0.55,0,false
XRPUSDT,1778805000000,1778811300000,3.284544260475953,0.5768714784008546,0.02012342366515891,1,false,1.2395427772209173,0,5,13,96,-0.1537947174857886,1.3227797155889578,0.55,0,false
HYPEUSDT,1778915700000,1778922900000,-1.6717950640119026,0.8945990958838869,0.302165120152278,2,false,1.8464542718932115,7,6,0,75,-1.7916265527038888,12.717434802860048,0.65,0,true
HYPEUSDT,1778994000000,1779012900000,0.6577145878523358,0.8257423399976429,0.22713829409676217,1,false,1.4295771050878354,5,0,1,47,0.42222956078690865,13.463473282783314,0.65,0,true
HYPEUSDT,1779032700000,1779040800000,3.2983782816690144,0.8519701810436683,0.45376672686020736,3,false,1.3569194855131175,15,0,12,44,1.2927011386970202,15.28745227559924,0.65,0,true
HYPEUSDT,1779080400000,1779085800000,7.517417293244389,0.8480534317602506,0.606380174004753,1,false,2.032223299581458,5,1,25,92,0.8002110446711159,19.293781314265726,0.65,0,false
HYPEUSDT,1779136200000,1779138900000,7.823521548218521,0.7675606921204288,1.0482686023816346,2,false,1.9204922853196944,20,1,40,85,2.077419070883113,19.391616556356343,0.65,0,true
HYPEUSDT,1779164100000,1779168600000,10.165685032096665,0.6657006657006661,0.1155001155001149,2,false,1.9426821027926668,4,2,48,84,1.0527426160337603,22.753279384103752,0.7,0,false
HYPEUSDT,1779211800000,1779228000000,9.919124970011309,1.0521093863039757,0.2501085181587098,1,false,1.7333111810575286,17,2,61,57.99999999999999,0.8562247330776487,23.880368203834983,0.65,0,false
HYPEUSDT,1779309900000,1779312600000,14.700571766536665,0.5535555297487599,0.5496845120582318,6,false,1.7929869104501437,20,3,89,91,0.3494748223663836,28.668069703696116,0.6,0,true
HYPEUSDT,1779317100000,1779318900000,19.235886245742442,0.8919479539883066,1.3256647180840955,1,false,1.9005335428484185,22,3,91,100,2.1434945226025666,30.468999731345686,0.65,0,true
HYPEUSDT,1779345000000,1779349500000,21.899983150720153,0.9315670161518778,0.04427599886653191,1,false,1.9344313345560238,6,4,98,95,1.4471754141175583,1.6036007772335505,0.7,0,true
HYPEUSDT,1779351300000,1779356700000,25.883986743236516,1.0634991885639302,0.718207244224999,1,false,1.9685812584539528,8,4,100,100,2.161358067903394,4.08041356109449,0.7,0,true
HYPEUSDT,1779408000000,1779409800000,21.651947155639313,0.7274224540214101,0.01029371397200149,4,false,2.4925458800099083,0,5,116,92,0.8497948770986227,1.822416277793038,0.7,0,false
HYPEUSDT,1779474600000,1779476400000,16.038556912282232,0.5726309979647465,0.06899168650177506,1,false,2.4304266272931274,18,5,134,84,0.5313551280945396,0.6174755941908948,0.7,0,false
HYPEUSDT,1779487200000,1779492600000,11.995642623081345,0.670983568117458,0.7683844086506283,2,true,2.6908879613326353,22,5,138,93,1.5255128879537105,0.2120143163774897,0.7,0,false
HYPEUSDT,1779511500000,1779515100000,9.315932259593549,0.6678191247384174,0.1473933218087582,8,false,2.3626867562151186,4,6,145,65,0.4735969689793949,0.9738877263215416,0.65,0,true
HYPEUSDT,1779526800000,1779530400000,10.950759681703136,0.6514482610100131,0.15972147446250787,1,false,2.1324279897195777,9,6,149,56.00000000000001,0.8378733121168007,0.2723340870751481,0.65,0,false
SOLUSDT,1779551100000,1779560100000,-2.800576078051584,0.655229926137714,0.04765308553727906,1,false,0.8873778949252148,15,6,25,91,-0.0238350613752783,0.6897922657932977,0.4,1,false
HYPEUSDT,1779550200000,1779569100000,11.028841301582148,1.870586995468433,0.22833456282713768,1,false,2.020522999807425,15,6,155,49,2.563642882753675,0.20769663118698178,0.6,0,true
HYPEUSDT,1779570000000,1779572700000,15.816298968663192,1.0525423728813597,0.001694915254233338,1,false,1.9465097378808909,21,6,161,51,2.286018075491757,0.7819209039548065,0.6,0,false
HYPEUSDT,1779587100000,1779588900000,16.50859350756621,0.8304393779254071,0.3623735467310904,3,false,2.0563561570756224,1,0,166,59,1.871161991596784,0.689516331974423,0.55,1,true
HYPEUSDT,1779606000000,1779612300000,18.460739749064288,1.5994118608070564,0.5113543538637516,1,false,1.9969760164261885,7,0,171,56.99999999999999,0.6459505749938843,0.8813919294232916,0.6,1,true
HYPEUSDT,1779616800000,1779619500000,21.448461260802365,0.8041109577960778,0.01903221201884261,3,false,2.035187057381547,10,0,174,64,1.4163172550651428,2.0642019952102335,0.6,1,false
HYPEUSDT,1779628500000,1779633000000,21.270667433938545,0.8891842288462718,0.49838617808999075,2,false,2.035410635963372,13,0,177,65,1.3199955470029825,2.301278400101264,0.55,1,false
XRPUSDT,1779573600000,1779633000000,-1.2857989466921627,0.8060970247691557,0.3370951194489182,2,false,0.8000494785062358,22,6,195,100,-0.593711060617166,1.398273858304433,0.55,0,true
HYPEUSDT,1779650100000,1779654600000,19.776943019141317,0.7251999049956431,0.6982820045918698,1,false,2.058189900771286,19,0,183,62,1.7273984140353047,1.8805584144828948,0.5,0,false
HYPEUSDT,1779661800000,1779666300000,14.764699122188388,1.1369492398866208,0.14815769131668038,1,false,2.1764016990638306,22,0,186,63,0.9138993578441643,0.5580069569698514,0.45,0,true
HYPEUSDT,1779687000000,1779696000000,15.624383392377734,1.310467561883194,0.5371299142533582,3,false,2.0534681120368714,5,1,193,46,1.47819299443848,0.0978806018443693,0.5,0,true
HYPEUSDT,1779696900000,1779701400000,16.43489731025765,1.0595688320806829,0.7787192621315836,1,false,2.104914031438244,8,1,196,59,2.2867548708362273,1.4640879569789587,0.5,0,true
HYPEUSDT,1779710400000,1779714000000,15.582774204102554,0.6339144215530881,0.32171156893818675,1,false,1.9058404289004196,12,1,200,25,-0.08041246866279099,1.8840464870575717,0.55,0,false
HYPEUSDT,1779718500000,1779725700000,15.139138210710856,0.7448789571694656,0.43451272501551214,1,false,1.9115123526731743,14,1,202,24,0.7714453864384664,1.7181556287701585,0.55,0,false
HYPEUSDT,1779777900000,1779779700000,8.173461105953336,0.6314153952957983,0.08760475379757891,1,false,1.6706574714451385,6,2,219,4,0.7147606382978837,1.1285310501000112,0.5,0,false
ETHUSDT,1779793200000,1779808500000,0.03228440067162188,1.0778228637946667,0.19275450428160754,1,true,0.6451314498268506,11,2,0,63,1.8018103995380836,0.003127601425358676,0.5,0,false
HYPEUSDT,1779813900000,1779816600000,11.156615372743591,1.006235149659539,0.2089014336060218,1,false,2.04185592021974,16,2,229,61,1.128005488456692,0.5166722480026759,0.45,0,false
HYPEUSDT,1779837300000,1779843600000,5.331995192436337,0.7787770687836061,0.013398315161860968,1,false,2.204437108648686,23,2,235,73,0.7554806070826314,0.6137341865624022,0.4,0,true
HYPEUSDT,1779844500000,1779846300000,7.013445028383564,0.6621201085876955,0.031450705157912914,1,false,2.113022247845813,1,3,237,63,0.8663469038886006,1.274167383963466,0.4,0,false
HYPEUSDT,1779858900000,1779861600000,6.756200105277925,1.1844724618447222,0.6768414067684162,1,false,2.0600090843026044,5,3,241,59,1.389537599252683,0.9082614465826135,0.4,0,true
HYPEUSDT,1779867000000,1779874200000,9.434634299466763,0.6720408394048625,0.31825010904508105,3,true,1.9899741619307127,7,3,243,56.00000000000001,0.5025775278356845,0.2394953231773272,0.45,0,true
HYPEUSDT,1779876000000,1779883200000,9.968905541259716,0.7754900555741363,0.06369528177200139,1,false,1.8836385748015974,10,3,246,37,1.2779347546879118,0.6592461663402194,0.5,0,false
HYPEUSDT,1779958800000,1779977700000,-1.390063388795235,1.4964695963747565,0.09835950398706816,1,false,2.0339741282764097,9,4,0,35,-2.824197573358572,0.007376962799025744,0.45,0,false
HYPEUSDT,1779993000000,1779994800000,3.179653561607956,0.7426115171687143,0.6288782217464711,1,false,2.0218852106320058,18,4,2,54,2.243421387057963,0.6297702475929259,0.45,0,true
HYPEUSDT,1780025400000,1780031700000,4.373507340056824,0.8182042224595492,1.4063911936252271,1,true,2.1022800343857044,3,5,11,80,2.103026909522086,0.5204140310523389,0.45,0,true
HYPEUSDT,1780044300000,1780047000000,8.286989837303265,0.7017375597436022,0.2637510190380268,3,false,1.8921947940320163,8,5,17,52,0.8553043310814085,0.27813743825827203,0.5,0,true
HYPEUSDT,1780107300000,1780114500000,10.929629411356922,0.9665450214533227,0.03970011146569185,2,false,2.0428875873144277,2,6,34,86,0.9864630230020988,2.0732619749278705,0.5,0,false
HYPEUSDT,1780120800000,1780122600000,10.773605167473763,0.7359648715927042,1.0853935711303835,3,false,1.9746594572376355,6,6,38,81,2.0284386790981754,0.8407934814540232,0.45,0,true
HYPEUSDT,1780139700000,1780141500000,12.049962812605603,0.7861965491372855,0.058514628657145185,1,false,1.669476258658173,11,6,43,14.000000000000002,0.8361833878233508,3.7761440360090286,0.5,0,true
HYPEUSDT,1780287300000,1780299900000,16.838256466272863,0.9749208133938467,0.16317240055396312,1,false,1.7970918074163782,4,1,84,88,1.0429692330946922,5.373719645134324,0.55,0,false
HYPEUSDT,1780310700000,1780313400000,14.339104451559873,0.5069778334963687,0.18873903040489406,1,false,1.8324530544899484,10,1,91,88,1.4748852094058749,2.2993097937647193,0.55,0,true
HYPEUSDT,1780314300000,1780317000000,14.876183640298235,0.6346676923922346,0.7953952248811822,1,false,1.8613161634906843,11,1,92,91,0.8965044551062321,1.6979421380883097,0.55,0,true
HYPEUSDT,1780317900000,1780322400000,16.121060855513154,1.3251617296561105,0.5379639087504202,1,false,1.9269809589830453,12,1,93,93,0.5319582032840222,1.1317671092952035,0.55,0,false
HYPEUSDT,1780332300000,1780334100000,12.684295275589369,1.055246060367946,0.36344245962140287,1,false,2.2125835680537507,16,1,97,100,1.1301100628930913,0.41395955825601993,0.5,0,true
HYPEUSDT,1780335000000,1780342200000,12.684295275589369,1.0653310827637872,0.1425053266554061,1,false,2.2125835680537507,17,1,97,100,1.5769673917570077,0.9961537397271826,0.55,0,true
HYPEUSDT,1780363800000,1780367400000,14.353263980891326,0.8837215724720737,0.41838693196724325,15,false,2.192034941797551,1,2,105,100,0.6448856981438915,1.0890027294109046,0.6,0,true
ETHUSDT,1780366500000,1780368300000,-2.8219798713671316,0.5717861630776492,0.037849922533825214,1,false,0.7820656027365319,2,2,158,85,-0.9304816581493548,2.8490648795366424,0.5,2,false
HYPEUSDT,1780374600000,1780381800000,14.64123145923663,0.8053508053508099,1.135681135681127,8,false,2.1951740727529927,4,2,108,99,1.4795367217732474,1.4312039312039369,0.65,1,false
BTCUSDT,1780366500000,1780384500000,-4.86878382573026,0.6463384987647104,0.07406109192054854,1,false,0.6601247984956793,2,2,155,94,-1.023749187055696,1.9110172600734776,0.7,1,true
HYPEUSDT,1780396200000,1780399800000,8.12934906226924,0.9495490693857982,0.06592142726902542,1,false,2.1543453298529744,10,2,114,82,-0.1799966512251003,0.47033302008967864,0.65,0,true
HYPEUSDT,1780405200000,1780411500000,12.092217212968137,0.8990024767039264,0.25998549554603484,1,false,2.030686450094208,13,2,117,77,1.1088307001473747,1.6796431356987538,0.65,0,false
BTCUSDT,1780411500000,1780415100000,-7.724005675263551,0.8057912676893833,0.026805999270529526,1,false,0.774731935085142,14,2,168,100,-1.4563995027707877,1.8060908901639396,0.7,0,true
SOLUSDT,1780433100000,1780435800000,-8.150547359744778,0.7300238916909969,0.10618529333687057,1,false,1.3578709344286102,20,2,195,100,-0.4522479382814623,1.3804088133793175,0.35,2,false
HYPEUSDT,1780431300000,1780437600000,7.153798057970826,1.6916329669077694,0.24776442444609928,1,false,2.2429106151076885,20,2,124,90,-0.1928843960747328,0.3744945036167985,0.65,0,false
ETHUSDT,1780433100000,1780439400000,-5.810655775639778,0.6227277258109305,0.07974272478793204,1,false,1.1438460875846106,20,2,177,100,-0.30553379014403453,11.30009288095023,0.5,1,true
ETHUSDT,1780442100000,1780443900000,-7.550813778166019,0.7167870141291263,0.8200933465424175,1,false,1.2451959054116648,23,2,179,100,-1.075149223297369,12.435770328453707,0.55,0,true
HYPEUSDT,1780457400000,1780459200000,5.665274686967209,0.8538545433671989,0.06744733367774101,3,false,2.260102285059433,3,3,131,83,0.8496618692561242,1.1580850697434162,0.6,0,true
BTCUSDT,1780459200000,1780463700000,-9.671868273188894,0.8507699786323212,0.12251208841467046,1,false,1.039135847505213,4,3,181,100,-1.2951282513365685,9.394416317931507,0.75,0,false
ETHUSDT,1780459200000,1780463700000,-9.194757251189174,0.7714959414967046,0.33304719164610513,1,true,1.3231479222900344,4,3,184,100,-1.614312999751814,0.0213700753747842,0.6,1,false
SOLUSDT,1780459200000,1780463700000,-10.902808622308209,0.9903676570343292,0.9632342965676215,1,false,1.6094904033076975,4,3,202,100,-2.1382463690156044,14.151600920048626,0.35,2,false
HYPEUSDT,1780461000000,1780493400000,6.3312129283458765,2.0679551473488527,0.967769200428238,1,true,2.2595587286305934,4,3,132,85,2.6362487755710444,0.37259818560883273,0.6,3,true
BTCUSDT,1780470900000,1780500600000,-7.896766441800337,0.5082461561371548,0.04244071330181304,1,false,1.0470046824354324,7,3,184,99,-0.26457351672726026,7.548545072570417,0.75,1,true
HYPEUSDT,1780510500000,1780512300000,9.675841333304703,0.6832736275743783,1.213018160693779,2,false,2.112466455996276,18,3,146,74,0.8480167129387894,0.9664725653190278,0.65,0,true
SOLUSDT,1780515900000,1780517700000,-10.592672935071047,0.6053102214885098,0.27514100976750977,1,false,1.514012677784696,19,3,218,91,-1.1256005490734293,0.5823818040078855,0.35,0,true
XRPUSDT,1780520400000,1780522200000,-8.018625990350799,0.5924071756362208,0.07509386733415944,1,false,1.221900002972497,21,3,78,88,-0.5900440455414366,0.6591572799332329,0.6,1,false
ETHUSDT,1780520400000,1780523100000,-10.402465979082166,0.8281077709588613,0.03675528774935577,1,false,1.3168104140964574,21,3,201,93,-0.5304009631548966,0.9348094850918232,0.6,0,false
HYPEUSDT,1780533900000,1780535700000,9.563747501969639,0.6808440260760502,1.3658227324724004,14,false,2.2352546352750013,0,4,153,98,0.20981498133465568,1.592265391347488,0.7,0,true
XRPUSDT,1780542000000,1780544700000,-8.546833595458821,0.5666194483793133,0.1666527789350889,10,false,1.646261458385775,3,4,84,100,-1.264664281554196,0.8221537094131065,0.55,0,false
HYPEUSDT,1780547400000,1780549200000,9.05645105793091,1.0945166334178003,0.41920526230656285,1,true,2.4387057081341075,4,4,156,99,2.108520339006246,0.40224384896030096,0.7,2,false
ETHUSDT,1780543800000,1780550100000,-10.635502067938713,0.6025428413488165,0.2996130458817066,12,false,1.7772626737127737,3,4,207,100,-1.8163593505606601,0.038971807628520025,0.55,1,true
SOLUSDT,1780544700000,1780550100000,-10.431831485742329,0.6569751188146475,0.4193458205200047,13,false,2.0795400386391014,3,4,226,100,-1.6473544604216006,1.0157487652595183,0.4,1,true
XRPUSDT,1780551000000,1780557300000,-6.843334519278528,0.5585195065021614,0.7002334111370425,1,false,1.6312273400702282,5,4,86,99,-1.3426156141223267,0.8641769478715101,0.5,0,true
BTCUSDT,1780566300000,1780577100000,-10.805630145604374,0.7719114828367357,0.2448953729664632,1,false,1.3439242968984477,9,4,211,94,-0.8683798657040463,14.267184516385436,0.75,0,false
ETHUSDT,1780585200000,1780595100000,-9.215582866925539,0.6396816206766747,0.22540626528237562,1,false,1.6806318882026388,15,4,219,94,-0.7529791418054722,1.725397833626564,0.55,0,true
SOLUSDT,1780613100000,1780619400000,-12.176470660631168,0.5976676384839807,0.4373177842565556,5,false,1.8188710410439246,22,4,245,79,-0.828006972690307,1.8877551020407983,0.4,0,false
ETHUSDT,1780614000000,1780622100000,-8.86562315206879,0.5892146626407458,0.11118322657108673,6,false,1.4340620125610108,23,4,227,75,-0.1450616935529483,1.0537009340519838,0.55,1,true
HYPEUSDT,1780623000000,1780624800000,-5.3887136476317306,0.8360205422190409,1.6257613758509475,16,false,3.2067835783621437,1,5,7,96,-2.3816589998516156,0.36814761734147716,0.65,0,true
HYPEUSDT,1780630200000,1780632000000,-5.9089239970622875,1.3207576487406099,0.637071336451352,2,false,3.3031912675457824,3,5,9,100,-3.2096776644731873,4.465093152260065,0.65,0,true
ETHUSDT,1780634700000,1780638300000,-9.581426261384058,0.6991963260620013,0.02985074626865567,9,false,1.379032415495114,4,5,233,67,-1.2259533295389848,0.5482204362801352,0.55,0,true
SOLUSDT,1780635600000,1780638300000,-12.201883584832265,0.6605989430416744,0.13211978860834322,10,false,1.8043730066260872,5,5,251,78,-1.2405137186222919,1.0961049128988103,0.4,1,true
XRPUSDT,1780648200000,1780650000000,-9.771220781272111,0.5743064145608917,0.13253224951403383,1,false,1.8142778408211573,8,5,113,100,0.5168419176617185,0.677387053071807,0.5,0,true
SOLUSDT,1780668900000,1780676100000,-15.805435452350542,1.6590563165905685,0.5936073059360738,1,false,2.2017307729246913,14,5,260,91,-3.0028670590010487,2.248858447488572,0.4,0,true
BTCUSDT,1780676100000,1780684200000,-12.207975537515342,1.0789213706243315,0.6928391480884851,9,false,1.5699980609120054,16,5,241,100,-2.034663684150212,0.7116566009515861,0.7,1,true
XRPUSDT,1780668900000,1780686900000,-11.908349897182331,1.7898693395382155,0.11634150706997107,1,false,1.9074193315352463,14,5,119,100,-2.132006751354715,1.9748225046238304,0.5,1,true
BTCUSDT,1780688700000,1780690500000,-11.981960397775794,0.5954867158750734,0.4236259808526435,5,false,1.7919797703508142,19,5,245,100,-0.9838727206262535,1.0465179628311854,0.7,0,false
SOLUSDT,1780689600000,1780691400000,-16.221858070220556,0.7398273736128298,0.9710234278668242,6,false,2.656910322368828,20,5,266,100,-1.569472226496378,2.3659062885326922,0.45,0,true
ETHUSDT,1780698600000,1780702200000,-14.479828752590764,0.6666127738428982,0.3246006230839563,1,false,2.1611499965372634,22,5,250,98,-1.084621593096171,8.29752569754931,0.6,0,true
SOLUSDT,1780703100000,1780707600000,-15.435597136363766,1.1716919231370098,0.7342602718325354,1,false,2.6081506576116333,23,5,270,97,-1.5341701534170185,3.2182471488829902,0.45,2,false
ETHUSDT,1780703100000,1780713000000,-15.63291366157775,0.7414388941250364,1.0593779453345837,1,false,2.182248468792722,23,5,252,97,-1.5534089913789964,1.5076971410618845,0.6,1,true
HYPEUSDT,1780713000000,1780717500000,-9.950469709193435,1.1525367433363705,0.9582329984223287,2,false,3.353967370974652,2,6,32,64,-1.4596971500363611,3.14101522683815,0.7,2,true
BTCUSDT,1780703100000,1780719300000,-10.520469571570992,0.7736123125132608,0.5922867261836782,1,true,1.7872735992659174,23,5,249,98,-1.3164162370424137,0.10575965791321001,0.65,0,true
XRPUSDT,1780703100000,1780719300000,-11.296184272772628,1.0237361840913288,0.7791266533792301,1,false,2.113723311628178,23,5,129,97,-1.0841087722468163,1.5899619496285722,0.5,3,true
SOLUSDT,1780728300000,1780731000000,-16.40997658330637,0.6869009584664532,1.0063897763578316,10,false,2.623310671530052,6,6,277,95,-2.1580450650587215,5.0439297124600735,0.45,0,false
XRPUSDT,1780729200000,1780734600000,-11.785253822073951,0.6861220382398739,0.3384868721983384,1,false,2.1371342939426654,7,6,136,95,-0.18367159518780438,0.4253956637087223,0.55,1,false
XRPUSDT,1780743600000,1780750800000,-11.595253811061045,0.8362433376217502,0.3124425657048401,3,false,1.9913001277666948,11,6,140,84,-1.8602540834845902,0.022973718066519152,0.5,1,false
HYPEUSDT,1780749900000,1780758900000,-9.459748023864863,0.9363422027618683,0.08588750421017503,1,false,2.7214261160957713,12,6,43,31,-0.8532652512765431,3.5051413627087724,0.7,3,true
XRPUSDT,1780759800000,1780764300000,-9.37113274185101,0.6260206859009169,0.5988023952095954,1,false,1.7477824104161834,15,6,144,59,-1.060935799782376,1.2475049900199737,0.5,3,true
HYPEUSDT,1780759800000,1780767000000,-10.639906381556214,0.7768555357387896,0.4887501714912824,1,false,2.566028853728949,15,6,45,3,-1.1467497347071538,3.4274197676728297,0.7,2,true
ETHUSDT,1780744500000,1780794900000,-16.064298046572592,0.9527704468627496,0.2594398399908092,4,false,2.110201043418312,11,6,263,86,-1.939018009669875,3.2324542625454376,0.6,2,false
SOLUSDT,1780743600000,1780795800000,-16.414506556706687,1.217168481742481,0.592568866111463,3,false,2.4700688800827075,11,6,281,84,-2.535033852936545,5.313100576553507,0.45,0,false
SOLUSDT,1780832700000,1780834500000,-9.183992599128024,0.9164502825721618,0.5345959981670908,8,false,1.489363475967513,11,0,306,5,-1.1984223300970969,0.8935390255078784,0.45,1,true
HYPEUSDT,1780827300000,1780834500000,-7.929242801077888,0.6806282722513067,0.2685357203175121,1,false,1.9330895112143234,10,0,64,3,-2.1436867429898814,1.553791589258574,0.75,0,true
SOLUSDT,1780862400000,1780870500000,-10.030669701096128,0.7094386181369429,0.8636644046884674,3,false,1.4212801096316754,20,0,314,3,-1.6523867809057502,0.8996504215504759,0.5,0,false
XRPUSDT,1780882200000,1780892100000,-2.2499233368496485,0.6129143646408739,0.46616022099448123,1,true,1.366303358969214,1,1,178,24,-0.4232164449818539,0.194233425414372,0.5,0,true
ETHUSDT,1780883100000,1780893000000,-4.5827326904595465,0.8412297076963072,0.5476263616815131,2,false,1.4074681456396498,1,1,302,30,-0.883032116685125,2.3446915097237677,0.55,1,true
SOLUSDT,1780883100000,1780893000000,-6.4839875233852915,0.6466165413533937,0.7819548872180391,2,false,1.656714184203982,1,1,320,28.000000000000004,-0.8720493158923444,1.3132832080200525,0.5,2,true
HYPEUSDT,1780893900000,1780896600000,-4.160513202936808,1.0168822193701288,0.3389607397900468,1,false,2.1930599795595427,4,1,83,28.999999999999996,-0.5454963688344134,0.4539065107729316,0.75,0,false
SOLUSDT,1780938900000,1780942500000,-4.548645807557127,0.7460459564309162,0.05968367651446142,1,false,1.3885787537178669,17,1,335,9,-0.6385506385506486,0.527205809211189,0.5,0,false
HYPEUSDT,1780956000000,1780957800000,1.3467444955079517,0.6287133381534667,0.08487630065072152,5,false,1.9389962019650993,22,1,8,21,0.1868249183622202,0.7162495798502134,0.7,0,false
XRPUSDT,1780979400000,1780982100000,-2.3673384070732735,0.5020422055820299,0.2808032675289381,20,true,1.1318460107413821,4,2,205,1,-0.3490549974459384,0.2751304742455071,0.55,1,true
HYPEUSDT,1780967700000,1781014500000,-1.657411951522527,1.8626420861591393,0.5540166204986133,2,false,2.0457817837062726,1,2,0,31,-2.156165285112114,0.5290752592309645,0.7,0,true
ETHUSDT,1781017200000,1781021700000,-5.431932052163514,0.8775585391337943,0.6263098452042373,2,false,1.1285684315972029,15,2,339,12,-2.0294066646336755,0.11515565138437572,0.6,0,true
SOLUSDT,1781028900000,1781041500000,-6.477734481145063,0.5775075987842092,0.5319148936170127,16,false,1.3392469005495948,18,2,360,19,-0.5630802008826515,0.5724417426545063,0.45,1,true
HYPEUSDT,1781060400000,1781062200000,-10.738970811354408,0.734653218777245,0.4073500898304769,1,false,2.2113468859108916,3,3,26,39,-2.6435638381406075,1.1145517682686317,0.7,1,false
BTCUSDT,1781025300000,1781083800000,-5.21273234262547,0.7618739903069444,0.3350565428109878,11,false,0.9037071729854252,17,2,338,39,-1.336247578361733,0.6260096930533118,0.65,0,true
XRPUSDT,1781103600000,1781110800000,-3.754188530124167,0.7622086324559019,0.04431445537535823,3,false,1.0794753655885059,15,3,240,21,0.5184125849124086,0.6765340187302473,0.55,0,true
ETHUSDT,1781113500000,1781126100000,-4.88517758485894,0.6206854419940041,0.3586046795772569,1,false,1.2564330571298754,17,3,366,68,-1.026149475976417,0.358482497403625,0.65,0,true
HYPEUSDT,1781145900000,1781149500000,-11.144334888220273,0.8369051138043211,0.1810523204256558,1,false,2.2270297587397203,2,4,50,38,-1.2981512852618367,0.3627366709709634,0.65,0,false
HYPEUSDT,1781174700000,1781176500000,-7.620204340736268,0.5345585869059954,0.24671934780276422,1,false,1.8665382815729128,10,4,58,1,-0.27739995704775067,0.5482193757661441,0.6,0,false
HYPEUSDT,1781181900000,1781186400000,-6.92900279964183,0.8098025001326068,0.2952773308343823,1,false,1.9197246672266541,12,4,60,4,-1.366902682853978,1.6437240759606053,0.6,0,false
XRPUSDT,1781210700000,1781216100000,-1.6462289469037372,0.5362165963431782,0.22855133614626721,1,true,1.13869753248743,20,4,270,51,-0.9349060725207649,0.039556962025302345,0.6,0,false
HYPEUSDT,1781211600000,1781223300000,-3.1347513606892203,0.8066425406703364,0.05411438427977742,4,false,2.0964312803509326,21,4,68,51,0.4967880085653091,3.2032709138942255,0.55,1,false
HYPEUSDT,1781230500000,1781244000000,-2.884598238768469,0.6748756807956444,0.2841581813876379,4,false,1.9429808315880075,2,5,73,16,-0.6439540803425396,3.2242180951629034,0.55,0,true
HYPEUSDT,1781252100000,1781256600000,-5.104086585259459,0.6339307130863815,0.21245245519652253,9,false,1.863052755572998,8,5,79,4,-0.6043796120327948,0.11038716278069186,0.6,0,false
HYPEUSDT,1781272800000,1781277300000,-0.5264980379277316,0.8450797761949833,0.5329481496239562,1,false,1.8818223655668769,14,5,0,24,-1.4621141873095818,1.3236078136212417,0.55,0,false
SOLUSDT,1781278200000,1781280900000,0.7618405016662981,0.7257109004739262,0.14810426540285623,2,false,0.9913189344192738,15,5,0,11,1.4798206278026829,0.21721958925749585,0.5,0,false
HYPEUSDT,1781280900000,1781282700000,-0.3866343685461173,0.7621399176954748,0.6469135802469147,2,false,1.9307567738014106,16,5,0,35,-0.34410879131786787,0.45797896662092463,0.5,1,false
HYPEUSDT,1781287200000,1781293500000,3.1530433793834716,0.871623275932423,0.47008895780624615,3,false,2.0082459978844227,18,5,1,75,1.354969041010401,0.1148453439974246,0.45,1,false
ETHUSDT,1781280000000,1781298000000,-2.0988602723065157,0.5562033027173735,0.5716699186217996,1,false,0.986291009344098,16,5,412,28.999999999999996,-0.8510941367092301,0.03084825040282825,0.65,1,true
HYPEUSDT,1781322300000,1781324100000,-2.4104479299724173,0.5031425231665742,0.7589489911738304,1,false,1.760528581461484,3,6,4,1,-1.7651702188407903,1.01402942379411,0.4,0,true
HYPEUSDT,1781328600000,1781334000000,-3.4185120227509724,1.1848956081022681,0.394388611163968,1,false,1.7558158731867206,5,6,5,1,-1.1872444245902125,1.0714718157938425,0.45,0,false
HYPEUSDT,1781388000000,1781400600000,1.0357230813573066,0.6064936359708917,0.47356352397726326,1,false,1.4428920342082894,22,6,1,2,1.1700298766544832,0.6529703038039504,0.4,0,true
HYPEUSDT,1781445600000,1781448300000,1.7697406046773057,0.5841741901221401,0.12778810408921631,17,false,1.2430994227975314,14,0,6,6,0.3717410425344836,0.18281374468933026,0.4,0,false
HYPEUSDT,1781493300000,1781496000000,7.58190050453176,0.6675899845940694,0.4372792206781811,2,false,1.555817995251358,3,1,8,46,2.1948456527895828,0.5111965266646817,0.35,1,true
XRPUSDT,1781474400000,1781523000000,1.7351604472551716,2.053970436576146,0.2750085940185709,1,false,0.735732774810677,22,0,0,42,2.5936346052400285,0.5263836369886504,0.6,0,true
SOLUSDT,1781525700000,1781529300000,6.628055665041001,0.748440748440757,0.29106029106028236,3,false,0.9460135132038068,12,1,15,70,1.6655003498950283,0.11781011781012883,0.45,0,true
HYPEUSDT,1781536500000,1781543700000,11.598501276814066,0.7386093972472778,0.3070123398196393,1,true,1.5722279787968523,15,1,20,66,1.1455776240422466,0.09788799240626853,0.35,0,true
ETHUSDT,1781540100000,1781551800000,8.803688213221013,1.1254834996372107,0.2416816240132278,1,false,0.9830618379382174,16,1,18,96,1.6225001377334607,0.3926189813728779,0.65,1,false
XRPUSDT,1781542800000,1781558100000,10.486740726413203,1.0467495671336273,0.3856445773650343,2,false,1.182600890231475,17,1,19,100,1.697323754638042,0.2229917624219458,0.6,2,false
SOLUSDT,1781542800000,1781562600000,10.361020053704822,1.2709030100334486,0.21404682274247036,4,false,1.10151693959785,17,1,20,97,1.8277822908204635,0.31438127090300927,0.45,2,false
HYPEUSDT,1781561700000,1781563500000,10.910046247676863,0.5846744426398949,0.5182341650671771,1,false,1.4672454532582482,22,1,27,50,0.6028457867285292,0.8762734386534857,0.35,0,false
BTCUSDT,1781583300000,1781600400000,2.618666025701413,0.5630613562579381,0.1124607069564936,2,false,0.5782945094498015,4,2,31,67,0.5800885959025491,0.022401202814266122,0.7,0,true
HYPEUSDT,1781600400000,1781603100000,18.42880168992712,0.6301369863013613,0.4315068493150654,1,false,1.6757276517361264,9,2,38,98,0.641420994202546,1.654794520547943,0.3,0,true
HYPEUSDT,1781619300000,1781624700000,20.49688830393808,0.589161598609901,1.3955256298870433,15,true,1.9305301339985734,14,2,43,100,1.4519868223044672,1.3615877497827977,0.35,0,true
HYPEUSDT,1781643600000,1781661600000,15.422651416390726,1.0984501320055229,0.10533083457588935,1,false,2.244443111308442,21,2,50,98,1.038319934915404,1.953723881688549,0.4,0,true
SOLUSDT,1781663400000,1781678700000,5.636120678899636,0.5700325732899045,0.09500542888164111,2,false,1.0025715819302803,2,3,53,66,0.3803831001222675,1.133279044516821,0.45,1,false
XRPUSDT,1781663400000,1781682300000,3.614892604002263,0.6417640283034416,0.36202073391475725,2,false,0.9575723901605502,2,3,52,64,0.5020162949551472,0.47885469804180997,0.6,2,false
ETHUSDT,1781663400000,1781683200000,4.248450338817445,0.6990628989369095,0.05072944481919033,2,false,0.8958610750822463,2,3,52,66,0.20744689749781273,0.18452138719945288,0.6,0,false
SOLUSDT,1781702100000,1781712000000,2.8872202264575533,0.8454608454608445,0.04158004158004316,1,false,0.9568731843749521,13,3,64,51,0.08306797729475603,0.01386001386002095,0.45,0,true
XRPUSDT,1781719200000,1781721900000,2.9433737292832296,0.5088846250104274,0.20855927254525292,10,false,0.9447882255475635,18,3,68,61,0.6446211804102169,0.8609326770668313,0.55,0,true
XRPUSDT,1781722800000,1781724600000,2.126741259826485,0.638262599469481,0.06631299734749121,1,false,1.0408099873386831,19,3,69,69,-0.13963039014374,0.23624005305039947,0.55,0,false
ETHUSDT,1781736300000,1781759700000,0.4334564366391797,0.9336558515803203,0.028153314909191717,1,false,1.1975455909406905,22,3,73,98,0.22023898517555446,0.4076485087361606,0.6,0,false
SOLUSDT,1781736300000,1781759700000,1.6591591168030089,1.1593798016482724,0.13968431345159144,1,false,1.364103011991811,22,3,74,99,0.32131880413523883,0.17460539181449924,0.5,1,false
HYPEUSDT,1781838900000,1781840700000,2.159229189496177,0.549124369249021,0.1335707925200407,1,false,2.004462467768106,3,5,8,39,1.1257787006822906,0.6726773523300639,0.4,1,false
HYPEUSDT,1781856000000,1781857800000,-0.29993873623980605,0.5702204951836402,0.4421814283800036,1,false,2.1194772583696073,8,5,0,48,-1.652233026926366,0.575017824560001,0.4,1,false
HYPEUSDT,1781869500000,1781872200000,0.9448964427505221,0.684707213241654,0.08930963650978278,1,false,1.9323596244710546,11,5,1,27,1.3529155329735667,0.5972168471052013,0.4,1,false
HYPEUSDT,1781877600000,1781883000000,3.0195597069618048,0.933439172105611,0.5630034691597512,1,false,2.024763386652581,14,5,3,42,0.8751006073022803,0.7491663096707979,0.4,1,true
HYPEUSDT,1781910000000,1781919000000,4.289973838880057,0.9160327298350572,0.48174405729158276,2,false,1.9121702948857973,23,5,12,20,0.5540445250327258,1.1374911919929778,0.45,1,false
SOLUSDT,1781918100000,1781929800000,-0.8305770947707989,0.5739704405223213,0.043047783039175114,1,false,0.9326249878186063,1,6,33,1,-0.08613264427218242,0.0837040225761761,0.5,2,false
SOLUSDT,1781931600000,1781933400000,0.9296519600143835,0.6250887910214487,0.4261969029691677,1,false,0.9151200465459108,5,6,0,4,1.257681863655846,0.4711843538381555,0.45,1,true
ETHUSDT,1781811000000,1781967600000,-2.7342393385344588,1.0553613053612996,0.9714452214452256,15,false,1.0730501561967354,19,4,3,77,-2.3715324101761976,0.43291893291893224,0.6,0,false
HYPEUSDT,1781974800000,1781993700000,3.334433842600198,0.652283714553717,0.5325059528104478,9,false,1.6643036158529172,17,6,30,10,0.21133442594667953,0.9358539577170049,0.45,0,true
SOLUSDT,1782093600000,1782133200000,4.4070450175332825,0.5839217816404221,0.5703422053231962,2,false,1.0866709858073615,2,1,45,83,1.8296013107591529,1.1523240474896848,0.45,0,true
HYPEUSDT,1782136800000,1782140400000,2.167030082479095,0.9962042436846502,0.2341443550850066,2,true,1.3912098631474692,14,1,2,34,0.5604728352646671,0.08580445310570194,0.45,0,false
HYPEUSDT,1782144900000,1782152100000,-1.263956253228113,0.8584006949659119,1.2559447560993693,1,false,1.5642715712595618,16,1,0,47,-2.027887105505722,1.0227925261716655,0.45,0,false
HYPEUSDT,1782153000000,1782156600000,0.2713001069402865,0.78305199288934,1.2311399062688353,1,true,1.5416966193255615,18,1,0,48,2.2413741952710056,0.8001674820397823,0.45,0,false
HYPEUSDT,1782165600000,1782169200000,-1.5677496115543557,0.7118289217885435,0.18244354718109748,1,false,1.6437338492458382,22,1,2,56.00000000000001,-1.1922813903012022,1.4460894272469162,0.45,0,true
ETHUSDT,1782197100000,1782202500000,-2.131716547237838,0.6255984304234739,0.6273606795232433,1,false,0.8426637620112193,6,2,2,91,-1.5826515248777349,0.6921587814796916,0.6,0,true
ETHUSDT,1782206100000,1782207900000,-4.60430161609509,0.659955524736388,1.2750771143683752,3,true,1.0241646566317513,9,2,4,100,-2.6952356107856876,0.6316603301371684,0.65,0,true
HYPEUSDT,1782307800000,1782309600000,-6.485081935128653,0.5483573542970813,0.7958460717231965,1,true,1.512964134526426,13,3,41,39,-1.9384264538198415,0.29999763585440675,0.5,0,true
HYPEUSDT,1782316800000,1782319500000,-9.294820522942054,0.5887022092869454,0.2629316047096159,1,false,1.6876532615357973,16,3,44,66,-1.3930413641291832,1.107569173781617,0.5,0,true
HYPEUSDT,1782320400000,1782325800000,-9.725391383602052,1.1606577060334153,0.4485875329353272,1,false,1.7628512440742163,17,3,45,79,-0.9236720130714628,1.9607264629443677,0.55,0,false
HYPEUSDT,1782353700000,1782361800000,-3.6477747118581796,0.6667817191986136,0.22749023360893023,7,false,1.7388208023358775,2,4,54,90,-0.5551286675343807,0.5242935834881162,0.5,1,true
ETHUSDT,1782342900000,1782363600000,-5.105330020466966,0.6412275987323776,0.08833867689666003,3,false,1.3268630214051955,23,3,42,98,-0.14776893637280433,0.20231410268290684,0.65,0,false
HYPEUSDT,1782406800000,1782408600000,-6.111295338775697,1.1901109370710705,0.49574499006895567,1,false,2.315495509913144,17,4,69,100,-0.7001261197167155,0.7985080231435224,0.55,0,false
HYPEUSDT,1782415800000,1782418500000,-2.4653829910794083,1.0347399660376664,0.1904429385345488,1,false,2.264995809720156,19,4,71,99,-0.6044112528084521,2.505105558540719,0.5,0,false
HYPEUSDT,1782422100000,1782423900000,-3.229994304957788,0.7072956527194035,0.42343642180541236,2,false,2.251494345184797,21,4,73,97,-0.13686561998553204,2.489329866846958,0.45,1,false
HYPEUSDT,1782428400000,1782430200000,-2.2216593065588333,0.6455033054758662,0.33054758637893883,3,false,2.276437275240971,23,4,75,98,-0.35200250312891335,2.7550829487339343,0.45,1,false
XRPUSDT,1782417600000,1782430200000,-7.592283907903752,0.6645478185495431,0.21188481171144946,5,false,1.3787577722774098,20,4,77,95,-0.9565716472163772,0.8427236829432762,0.55,0,false
XRPUSDT,1782438300000,1782440100000,-7.419733957526266,0.5207831034815383,0.5304272350274702,1,false,1.2201070568181835,1,5,83,89,-1.1700393209935733,0.97887935191437,0.55,0,true
SOLUSDT,1782468900000,1782470700000,-1.2031373183380278,0.5034522439585853,0.5034522439585649,1,false,1.686085211410062,10,5,0,90,-1.1607910576096334,2.2928054276946477,0.5,0,true
HYPEUSDT,1782480600000,1782482400000,-5.238390068047076,0.6021805273833711,0.7162778904665286,14,false,2.302088361303763,13,5,89,81,-1.419243175202582,2.003427448565662,0.4,0,false
HYPEUSDT,1782509400000,1782521100000,-1.7435405757271927,0.7305737335426591,0.12901621251923337,3,false,2.2574380641804948,21,5,3,81,-1.23353737710999,3.795502406821226,0.35,0,true
SOLUSDT,1782678600000,1782687600000,0.20397712974476664,0.805539853024318,0.2543810062181919,1,false,1.04013109976559,20,0,12,28.000000000000004,0.05633009435289683,0.2819017583529069,0.5,1,false
XRPUSDT,1782666000000,1782687600000,-3.4440456408415807,0.5062082139446115,0.028653295128936676,1,false,0.6945494686664727,17,0,146,15,-0.7415153531704562,0.06208213944604007,0.55,0,true
SOLUSDT,1782716400000,1782723600000,2.4026108157170474,0.7660167130919181,0.5153203342618448,4,false,1.3848901044254227,7,1,7,59,1.4738910724312346,2.4894650382115775,0.45,0,true
HYPEUSDT,1782738000000,1782739800000,-0.1432387470856224,0.7277203808455249,0.46281146276472057,1,true,1.3698138208457953,13,1,67,41,0.302949019360336,0.1376487515517804,0.35,2,false
BTCUSDT,1782738000000,1782740700000,-2.0456402372676714,0.5933710697239916,0.59270864039693,1,false,0.8017967546933366,13,1,158,57.99999999999999,-0.012181446822136918,0.8815410755865178,0.7,0,true
ETHUSDT,1782738000000,1782740700000,-2.735603010818793,0.5942178756868518,0.5110399758028007,1,true,0.9508358083313388,13,1,152,52,0.05018549575646463,0.06975116429670988,0.6,1,true
XRPUSDT,1782738000000,1782740700000,-2.080655953766614,0.5192598187311236,0.2454682779456133,1,false,0.9605579261402554,13,1,166,56.99999999999999,0.16144349477683143,0.4023355798280133,0.6,3,true
SOLUSDT,1782748800000,1782754200000,4.231108335368658,1.302401302401294,0.040700040700042246,2,false,1.5669522646084761,16,1,16,79,1.2467461296068103,0.15088795576598302,0.45,0,true
HYPEUSDT,1782759600000,1782761400000,2.8924453844968987,0.8567968977514792,0.6268871756357096,7,false,1.6120239994041232,19,1,5,59,2.1480640999735625,1.5034636082104864,0.35,0,true
HYPEUSDT,1782764100000,1782765900000,4.647928479812079,0.6486305843751525,1.114976227005506,3,true,1.6624566746071139,20,1,6,63,0.9119644288501516,3.4462172005332103,0.4,0,true
HYPEUSDT,1782770400000,1782779400000,5.474654717329273,0.7319988048999028,0.596056169704214,1,false,1.6503178117704205,22,1,8,65,1.4950341356080425,2.4677458782627735,0.45,0,false
XRPUSDT,1782826200000,1782828900000,-4.145854717317138,0.5113362276893471,0.17366136034732502,5,false,0.7485474783851584,13,2,190,28.999999999999996,-0.6247597078046857,0.5287023637240645,0.65,0,false
XRPUSDT,1782834300000,1782844200000,-3.4488999227316164,0.7133905331148028,0.14460618914490087,3,false,0.808550001256566,15,2,193,43,-0.5769785556303496,0.3810258317150976,0.6,0,false
HYPEUSDT,1782850500000,1782852300000,1.8056128904077076,0.5695687550854278,0.14124076945514646,2,false,1.4472462638622396,20,2,30,56.99999999999999,0.38310639279943876,1.0584528677164244,0.4,0,false
SOLUSDT,1782871200000,1782877500000,3.0063357211141293,1.048046821832035,0.3947189328977899,1,true,1.166397880898752,2,3,50,52,0.760766200244535,0.3420502896775647,0.5,0,true
SOLUSDT,1782879300000,1782888300000,5.02780644938346,1.0902805477994857,0.1329610424145839,1,false,1.2258831318286485,4,3,52,66,1.071811361200425,1.9793852575108208,0.55,0,false
XRPUSDT,1782918000000,1782919800000,-1.2359135763971703,0.5881794896119896,0.08538089365336524,1,true,0.8250852952290327,15,3,216,65,0.08579599618685634,0.00948676596150375,0.55,0,false
HYPEUSDT,1782942300000,1782945000000,-1.3628239882230473,0.5250125376128398,0.11597291875626578,9,false,1.7267566490140238,21,3,3,97,-1.1648314100672497,0.29149949849550866,0.4,0,false
BTCUSDT,1782968400000,1782975600000,0.631803028753284,0.7114740430608261,0.01977232171544663,5,false,0.8674596279827638,5,4,2,93,0.6437885499027246,0.47802224056653386,0.75,0,false
HYPEUSDT,1782978300000,1782984600000,-1.6151237726567254,0.6260151063594911,0.0772663481400878,3,false,1.5107498083819868,7,4,13,54,0.44958457114714623,1.073046386868658,0.35,0,false
HYPEUSDT,1783019700000,1783028700000,3.9325659483364093,0.6395427949380895,0.28877700669779455,4,false,1.4386721467074437,19,4,8,57.99999999999999,0.3383839146789186,0.39147567458299154,0.35,1,false
HYPEUSDT,1783045800000,1783055700000,3.7868955501755335,0.5101193800087442,0.4633332830257054,5,true,1.3899091439741458,2,5,15,36,0.5563093622795112,0.11326077143549702,0.35,1,true
SOLUSDT,1783013400000,1783091700000,9.186216547393412,0.6813676907829499,0.1486620416253773,1,false,1.385003219744287,17,4,89,89,0.5095066484404084,4.086319570565317,0.55,0,true
HYPEUSDT,1783102500000,1783111500000,8.765964109043187,0.5032197535076112,0.09808520619216543,1,false,1.338505686989261,18,5,31,47,0.6860819312779334,0.11798655237607633,0.4,0,true
HYPEUSDT,1783122300000,1783128600000,8.133368032191903,0.5975926763110332,0.04379520795658864,1,false,1.17553149589312,23,5,37,2,-0.19165727170236146,0.4116396360759323,0.4,0,false
SOLUSDT,1783300500000,1783304100000,5.366511541976518,0.6731946144430809,0.1346389228886162,2,false,0.7818392870522545,1,1,169,28.000000000000004,0.3556100551808783,2.8423738694877194,0.55,0,false
HYPEUSDT,1783300500000,1783310400000,7.921645053975106,0.8938981733385032,0.3261895508300475,2,false,0.9662293298705946,1,1,86,22,1.4138781458438432,0.45289783227710456,0.35,1,false
HYPEUSDT,1783439100000,1783450800000,5.216194129066336,1.1722020653084055,0.526095450739617,3,true,1.2122063013135753,15,2,125,88,1.822634445679866,0.08053905346676413,0.3,1,false
SOLUSDT,1783449900000,1783462500000,2.706535430583625,1.0698475159862153,0.15986227250370103,15,false,0.9998592021322018,18,2,211,94,1.1757425742574292,3.262516991802648,0.55,2,false
XRPUSDT,1783437300000,1783462500000,0.9782855021784205,0.8060904612628856,0.32243618450515427,1,false,0.8266566132652075,15,2,125,43,0.7166532294186156,0.5866547245857641,0.5,0,false
ETHUSDT,1783450800000,1783475100000,3.6404959997995525,0.9410546340749594,0.31068310885728173,16,false,0.9593508839598992,19,2,137,98,1.2675713468865584,1.8382083940722482,0.65,2,false
XRPUSDT,1783503000000,1783511100000,-2.9220839648293433,0.6579557038272734,0.06486887220831461,1,false,0.9231242702771293,9,3,9,56.99999999999999,-0.15743656232635994,0.13900472616069473,0.45,0,false
XRPUSDT,1783524600000,1783528200000,-2.988770330438039,0.530923994038731,0.009314456035787167,1,false,0.8778654851794935,15,3,15,44,-0.7409465592294161,0.04967709885744194,0.45,0,false
HYPEUSDT,1783571400000,1783581300000,-1.7524092249170424,0.5648720211827013,0.5766401882906885,11,false,1.1737175152467911,4,4,15,40,-0.42630398867123176,2.188358095518308,0.3,0,false
HYPEUSDT,1783612800000,1783672200000,-1.2172637081405644,1.1595055915244423,0.40023543260740346,1,false,1.1556897065537501,16,4,27,34,-0.7008315947224646,0.7973900088287389,0.25,0,false
SOLUSDT,1783813500000,1783816200000,-2.222738604193817,0.6461617989144481,0.465236495218402,1,true,0.6190875164058995,23,6,33,17,-1.2321909896033805,0.36185060739209246,0.5,0,true
ETHUSDT,1783967400000,1783972800000,-0.9933995453785245,0.5339007092198628,0.15035460992908317,2,false,0.7932561292373599,18,1,0,96,-1.185086626336886,0.911205673758888,0.65,0,false
HYPEUSDT,1783994400000,1783999800000,-5.784693803536669,0.5376683169877977,0.18605531203682477,1,false,1.0342036445522418,2,2,28,80,-0.5051617776658661,1.012168490429207,0.25,0,true
XRPUSDT,1784123100000,1784124900000,2.2295606652362165,0.5303370786516868,0.5932584269662866,3,false,0.6600533396723036,13,3,24,79,1.2652507907817454,0.7330836454431884,0.45,2,true
SOLUSDT,1784123100000,1784133000000,0.8509053982667754,0.6167287678273211,0.44969805987409556,3,false,0.8282245029611243,13,3,2,95,1.0981912144702768,0.6002092472605174,0.55,1,false
BTCUSDT,1784123100000,1784161800000,2.624416214775577,0.5832764358165188,0.14993264564226533,3,false,0.5786760854997075,13,3,25,89,0.6746814390730975,1.8411664811089938,0.7,0,false
HYPEUSDT,1784190600000,1784205900000,-0.3495935023224456,0.5805778563976963,0.11792987708078642,1,false,0.9656131032541214,8,4,0,41,-1.1534475767087704,0.43294502149450914,0.3,0,true
ETHUSDT,1784250900000,1784254500000,2.111537838547498,0.7858229372147961,0.20801195396861497,1,false,0.7624394013407475,1,5,73,47,0.1648826755033721,0.5921442789546124,0.6,0,false
HYPEUSDT,1784316600000,1784349000000,-7.563002701140604,0.6291611185086554,0.14813581890812025,1,false,1.4844055080850456,19,5,35,87,-0.4967932741833641,3.4856857523302276,0.35,0,true
HYPEUSDT,1784378700000,1784385000000,-8.433381275548781,0.6138516213504808,0.006801680014959927,1,false,1.089165736030135,12,6,53,12,-0.005121551488664494,0.16284791574287674,0.4,0,false
HYPEUSDT,1784388600000,1784395800000,-7.374398422297481,0.5440458143843698,0.17517264611756647,1,false,1.1385649716804527,15,6,55,36,-0.14493974888345584,0.7836125471294789,0.4,0,false
ETHUSDT,1784536200000,1784547900000,1.1359312510097097,0.5820552683533088,0.07961569289860394,3,false,0.7277928297130734,8,1,64,61,0.7118477208431746,0.04367307278124795,0.55,0,true
SOLUSDT,1784558700000,1784561400000,-0.22313773226144748,0.6133368132585135,0.2740441080516688,3,false,0.8362459869846184,14,1,1,100,-0.5478022694665472,1.5186786387318392,0.5,0,false
XRPUSDT,1784564100000,1784603700000,1.5370069383575418,0.6670272219217461,0.054083288263940515,1,false,0.7697610025804811,16,1,0,98,0.5879160636758477,1.7443470086790636,0.45,2,true
SOLUSDT,1784564100000,1784613600000,1.881343667672718,0.7238883143743566,0.21975180972078814,1,false,0.9303328985886957,16,1,0,100,0.9218384835107868,6.035693638088405,0.5,1,true
BTCUSDT,1784564100000,1784636100000,2.388652213658426,0.8115143163374675,0.13213902924514304,1,false,0.6855892093828514,16,1,8,100,0.9548898458658202,1.5460917378143058,0.65,0,true
HYPEUSDT,1784691900000,1784698200000,-3.8613800732170667,0.8284317786430289,0.026509816916574003,1,false,0.9264680753488377,3,3,15,46,-0.8585808743708648,0.04922725724647856,0.35,0,true
HYPEUSDT,1784737800000,1784742300000,-6.509060919060629,0.8865035408700354,0.4063855690255352,2,false,1.131351351920719,16,3,27,97,-0.9957034713223815,1.9443219035118544,0.4,0,false
HYPEUSDT,1784764800000,1784772900000,-4.078761798110659,0.7683403512892322,0.17950309517019128,13,false,1.260571807732309,0,4,35,94,0.3177446887623088,1.922276837390308,0.35,0,true
HYPEUSDT,1784787300000,1784792700000,-4.649832398181526,0.5198279657286095,0.22012259135087975,1,false,1.134548619771195,6,4,41,86,-0.5173113335136673,0.605373936012778,0.35,0,true
SOLUSDT,1785120300000,1785159900000,0.7160878961782022,0.5240403511070241,0.06550504388837568,3,false,0.5368564899104389,2,1,4,49,0.31475409836064905,0.22574045893838462,0.5,0,true
HYPEUSDT,1785163500000,1785165300000,-2.587919299539082,0.7613826709304025,1.7258007207756003,1,true,0.9870234092196886,14,1,1,59,-3.2011076266097236,0.29544723925717514,0.4,0,true
XRPUSDT,1785164400000,1785192300000,-1.48750698953321,1.0404307748471369,0.4289495299808275,1,false,0.6035286608856595,15,1,0,89,-1.9510432661909554,0.4719585653006871,0.45,1,true
HYPEUSDT,1785178800000,1785193200000,-4.926889155209597,0.803810657933902,0.514859114232184,3,true,1.1499570653291034,19,1,5,83,-1.2327218986351443,0.44557165579515046,0.45,3,true
BTCUSDT,1785164400000,1785194100000,-0.17685695684800865,0.8059168422123983,0.25260080129045837,1,false,0.5078285121870403,15,1,0,94,-1.1415966399445376,2.672914501964094,0.65,1,true
SOLUSDT,1785168900000,1785201300000,-0.9040528003741005,1.6107736994982822,0.18484288354898412,6,false,0.7481205460374185,16,1,1,99,-2.354318418314259,1.0268575857985816,0.55,2,true
HYPEUSDT,1785339900000,1785348900000,-5.639399407954667,0.5448945747453201,0.0965866637508379,1,false,1.0995050516143372,15,3,50,56.99999999999999,-0.4005826656955551,0.49193806875984286,0.5,0,false
ETHUSDT,1785348900000,1785350700000,0.93706217309399,0.5394332536701937,0.5551907975943569,1,true,0.8126985327329223,18,3,0,66,0.7950874017322433,0.4410799170102706,0.55,0,false
SOLUSDT,1785356100000,1785359700000,-3.1164078550579455,0.5600327824067899,0.35514274006282054,1,false,0.9331593544592728,20,3,46,100,-1.6235962657285927,11.491718175324825,0.6,0,true
XRPUSDT,1785360600000,1785413700000,-2.3979903870253176,0.7430800668772066,0.17648151588333763,7,false,0.8646184747002855,21,3,54,99,-1.1136677404509894,0.03731414990997823,0.45,0,false
HYPEUSDT,1785366900000,1785442500000,-6.8261145730527755,1.6751278338800917,1.0959807928449663,15,false,1.2978473062702411,23,3,57,97,-2.613587035161325,0.9269101772263628,0.5,1,false
HYPEUSDT,1785445200000,1785447900000,-3.552146566446776,0.5635180923734802,0.018119552809433056,2,false,1.0659058937196213,21,4,79,31,-0.6103286384976543,0.43318372763024277,0.5,0,false
ETHUSDT,1785451500000,1785457800000,1.2326226134314773,0.6433136880551222,0.0010376027226686006,1,false,0.664667618519913,22,4,21,20,0.53357903997418,4.101062383475188,0.5,0,false
HYPEUSDT,1785830400000,1785845700000,0.5268708232309288,0.7291533414959409,0.06213336744578138,1,false,0.8805928308105818,8,2,0,37,1.1103949912531104,0.3477781698209062,0.45,0,true
HYPEUSDT,1785948300000,1785960900000,4.684623675692101,0.7000069652434247,0.14627011214042485,2,false,1.0811656839642916,16,3,33,100,0.06601118715908123,1.0790099710138823,0.45,0,false
HYPEUSDT,1786021200000,1786025700000,-0.3934538322413451,0.5148845135791706,0.17767141665759992,1,false,0.8694708444579653,13,4,0,35,-0.5922822730637892,0.5776412934032856,0.45,0,false
XRPUSDT,1786033800000,1786040100000,-2.145673718833919,0.5341472720335797,0.29568866844716735,1,false,0.6074985446162464,16,4,43,96,-0.609756097560993,0.4692865318580728,0.4,0,true
HYPEUSDT,1786039200000,1786070700000,1.7672410443847226,0.8082686599191699,0.059010764994101156,5,false,1.02848400341144,18,4,3,85,0.6978542779546489,0.7964389960741953,0.45,1,false
SOLUSDT,1786203000000,1786230900000,3.6220527715607234,0.5121470781352601,0.30203545633616513,2,false,0.5407480029726821,15,6,14,53,1.1238926351976841,0.9496221338173714,0.6,0,false
HYPEUSDT,1786634100000,1786639500000,5.064851034701253,0.8295391832229609,0.12244757174392581,3,false,0.884727970417588,15,4,31,96,0.10851404654046073,0.9240480132450485,0.45,0,false
HYPEUSDT,1786979700000,1786987800000,5.147908660506281,0.5505454791096709,0.11483770729894592,1,false,0.8006955035094662,15,1,65,87,0.6170335057646057,1.1643388605789506,0.45,0,false
HYPEUSDT,1787038200000,1787062500000,5.219809285120109,0.5394197865920474,0.5663907759216468,4,false,0.8440512375984808,7,2,81,100,0.8326155612977355,1.0433939664881287,0.45,0,false
HYPEUSDT,1787202900000,1787207400000,20.35671895403536,0.9758865248226984,0.42695035460993186,1,false,2.171789814353795,5,4,127,93,1.2416236837217274,11.400509408690604,0.4,1,true
BTCUSDT,1787209200000,1787213700000,8.02505527083495,0.514429865344216,0.09642869442435095,1,false,0.8281096627442383,7,4,68,89,0.5082965581926123,0.11099279289433625,0.7,1,true
ETHUSDT,1787198400000,1787213700000,16.426409671220146,0.6568239685009885,0.30633948836399955,1,false,1.5143114498753987,4,4,74,95,-0.04397478778832499,9.613094043696318,0.45,0,true
HYPEUSDT,1787210100000,1787213700000,21.736139648711447,0.6332741531880433,0.42637663735617487,3,false,2.072380219706403,7,4,129,91,1.3924442319052504,12.679964678018365,0.4,2,true
XRPUSDT,1787250600000,1787252400000,25.87703427891385,0.904000000000007,0.11200000000000543,10,false,1.9272067282080148,18,4,29,100,-0.08717704866065151,12.453034749034746,0.45,1,false
HYPEUSDT,1787219100000,1787260500000,22.953136863067694,1.6518494889113917,1.0721071829794264,3,false,2.1144558103403805,9,4,132,94,1.0095290705703754,13.367857773299782,0.4,0,true
HYPEUSDT,1787277600000,1787280300000,21.261839431883818,0.5748996637379222,0.2982969953357182,3,false,1.9193740595994473,2,5,148,73,0.5687062272653196,15.154065490248458,0.45,0,true
SOLUSDT,1787292900000,1787297400000,13.976113772366567,0.6334037115234951,0.12223580397821919,2,false,1.073721747700564,6,5,73,90,0.7601162530740072,7.826529724284477,0.6,1,true
XRPUSDT,1787285700000,1787300100000,23.175126681955682,1.344809037116718,0.1306385921770564,3,false,2.061547907314277,4,5,39,95,1.0208816705336505,7.977379432430373,0.4,0,true
HYPEUSDT,1787302800000,1787305500000,21.592228141915854,0.7450873362445504,0.20469432314411257,6,false,1.9526907932053534,9,5,155,81,1.2070030895983395,14.55508927259851,0.5,2,true
ETHUSDT,1787302800000,1787310900000,20.38321452366132,0.5385268280853494,0.7375476123777495,1,false,1.2651238111915275,9,5,103,82,1.6242815758735984,15.191234003868312,0.45,0,false
SOLUSDT,1787302800000,1787312700000,17.083764544733825,0.7361019556141527,0.241705119753899,2,false,1.2647838221308272,9,5,76,100,0.8944346289752676,8.869582617978027,0.65,1,false
HYPEUSDT,1787319000000,1787320800000,18.140785737931132,0.7202238316443282,1.7416565148127845,1,false,2.0977996374502297,13,5,159,90,3.6072849295050426,16.007755570132492,0.5,0,true
BTCUSDT,1787327100000,1787328900000,14.598622984045583,0.5035021168062691,0.10603451624178742,3,false,1.3291972970391137,15,5,101,95,0.8181376425389886,9.840213900768793,0.7,0,false
ETHUSDT,1787337900000,1787343300000,17.132857716957695,0.5569949807867985,0.05465643631690492,9,false,1.3345776703389283,18,5,113,80,0.13588145801637094,15.296094430800919,0.45,0,true
ETHUSDT,1787345100000,1787347800000,17.707374162659917,0.9332488416686489,0.07283291224662714,1,false,1.295821529396482,20,5,115,77,1.162439426105027,16.461277650089013,0.45,1,true
BTCUSDT,1787345100000,1787348700000,14.166428001851722,0.5923132569723268,0.047881998051073266,1,false,1.1946413355869379,20,5,106,88,0.40651671177758486,9.917807395716926,0.7,0,true
SOLUSDT,1787345100000,1787349600000,13.40747097430163,0.9962776439675898,0.3503393912853002,1,false,1.3568020738777065,20,5,88,90,1.0678115367679424,9.13874899642367,0.6,2,true
HYPEUSDT,1787348700000,1787350500000,20.38566973245186,0.6336185931563926,0.06309894703632372,1,false,2.121198792461284,21,5,168,89,1.6362767736284791,17.52262141069957,0.55,0,true
XRPUSDT,1787349600000,1787351400000,26.308169723853638,1.0241352144954667,0.2864713886700568,1,false,2.439536738018464,22,5,57,89,2.2844670789377863,0.6382232178877021,0.45,0,true
SOLUSDT,1787350500000,1787352300000,15.559810142036575,0.5369992482010525,0.49403930834496157,1,false,1.4036311623491653,22,5,89,97,1.592977893368009,10.866000787598946,0.6,1,true
ETHUSDT,1787351400000,1787375700000,20.994712660468956,1.642702336472669,0.1834469806528854,1,false,1.4260490157811747,22,5,116,96,2.5576499624942564,19.56167906319187,0.45,1,false
HYPEUSDT,1787374800000,1787376600000,25.13425919175893,0.7657446476011797,2.664478824816386,11,false,2.3185170398945725,5,6,175,99,3.4368318182414317,42.34637569179585,0.55,0,false
XRPUSDT,1787401800000,1787403600000,27.610108689700212,0.8255587623330409,1.5772870662460619,1,false,4.410145184091244,12,6,71,94,1.9565655886505682,10.081213504262038,0.5,1,true
HYPEUSDT,1787402700000,1787413500000,17.598855161937927,0.6764740252152134,0.6492073178648871,4,false,3.0976010871109274,12,6,183,93,0.9806468372516037,42.517801220790474,0.5,2,true
HYPEUSDT,1787421600000,1787424300000,18.89356959854426,0.7171843495571804,0.6929379035757209,1,false,2.587323124020241,18,6,188,88,1.1097742051098312,43.46735592695027,0.5,1,true
HYPEUSDT,1787437800000,1787443200000,16.635522811422508,0.6064003261312667,0.8701080309824792,1,false,2.2887294035484165,22,6,192,81,0.3002204149882306,19.896210927600986,0.5,3,true
XRPUSDT,1787434200000,1787445000000,25.738937495054902,1.2258108945664925,0.6955443839955925,20,false,3.289479450686704,21,6,80,85,2.04095800069421,4.640134364072961,0.5,1,true
SOLUSDT,1787396400000,1787445900000,12.212923254507038,1.2758136014704213,0.21623959346956734,1,false,2.614729351940849,11,6,102,96,-0.6708550740070233,11.386538959585883,0.6,0,true
ETHUSDT,1787437800000,1787458500000,11.579340853258659,0.5729710036928538,0.03808766787553913,1,false,1.0992895813714738,22,6,140,28.000000000000004,-0.07766156083213986,1.1059499561163801,0.4,2,false
ETHUSDT,1787467500000,1787472900000,9.698310039642632,0.5156587246264918,0.23431398073418072,1,false,1.0492560478132738,6,0,149,24,0.5735976736258742,14.729328727926056,0.35,0,true
XRPUSDT,1787495400000,1787497200000,22.765665430200578,0.9445719908166592,0.05903574942604939,1,false,2.3531156157151067,14,0,97,53,2.977139819245094,7.754841936416246,0.55,0,false
HYPEUSDT,1787539500000,1787542200000,15.117276844124023,1.0848003967270023,0.33101909248699496,1,false,1.84872037218703,2,1,221,33,0.8685711445506145,0.8696999752045748,0.55,1,false
SOLUSDT,1787539500000,1787543100000,9.208645631522108,0.9414004654114665,0.08462026655383784,1,false,1.424809921852464,2,1,142,56.99999999999999,0.6157112526539259,9.390205204146374,0.65,0,false
HYPEUSDT,1787556600000,1787559300000,12.807227849039801,0.5387146193836829,0.010045960268221571,2,false,1.7896769163864081,7,1,225,10,-0.11649755730928665,1.938870331767834,0.55,2,false
XRPUSDT,1787539500000,1787560200000,17.038413197026237,1.202865252061092,0.26354912826057675,1,false,2.27042936468333,2,1,110,39,0.7730385841188091,4.904283342726128,0.55,2,false
ETHUSDT,1787549400000,1787566500000,9.29039572467529,0.6398211939235452,0.13958990859113704,1,false,1.0914748371288603,5,1,171,21,0.49487538138123033,1.4074633525320694,0.4,1,true
HYPEUSDT,1787572800000,1787574600000,12.804357747989807,0.5113636363636378,0.7247474747474723,1,false,1.797499072147409,12,1,230,18,2.1499617444529364,2.1654040404040447,0.55,0,true
HYPEUSDT,1787582700000,1787587200000,11.308622060670311,0.9689456707355706,0.41237113402061015,2,false,1.9517171731669163,14,1,233,50,-0.5954679655674939,1.985959142369246,0.55,0,false
ETHUSDT,1787585400000,1787590800000,11.628569748332653,0.7952381906727736,0.2561276229031754,5,false,1.2231358399934074,15,1,181,62,0.16199178071260206,18.462552366743328,0.45,1,false
XRPUSDT,1787596200000,1787598000000,13.496953711133855,0.7295818415186057,0.03377693710733939,1,false,2.2045405998636887,18,1,125,33,1.4812286689419678,4.901604452085798,0.5,3,false
SOLUSDT,1787590800000,1787606100000,9.504594534139123,0.8938899989483736,0.1787779997896747,11,false,1.587329502039947,17,1,156,63,-0.4268610098906784,8.484593542959285,0.6,1,true
ETHUSDT,1787596200000,1787619600000,9.217810271381332,0.5126045656627765,0.11863596977820708,1,false,1.3271056651976783,18,1,184,76,0.9746271389912008,2.49479702316844,0.45,2,true
XRPUSDT,1787619600000,1787621400000,14.790192803147843,0.8672268907563115,0.9747899159663836,1,false,1.8362593868345731,1,2,132,13,1.8429757645311469,5.349150807864196,0.45,1,true
BTCUSDT,1787586300000,1787625000000,9.006931595041017,1.005342912147975,0.32128728682111357,6,false,0.9754375922511587,15,1,173,72,0.2338306190244656,11.288150561019304,0.7,2,true
HYPEUSDT,1787643000000,1787644800000,11.471972642427824,0.5308904143414399,0.3259420218282508,1,true,1.4562184182488724,7,2,249,1,0.1281198413285032,0.29548784302107356,0.55,0,false
