openTime,open,high,low,close,volume
1779721200000,1.3610,1.3653,1.3569,1.3583,12787002.2
1779724800000,1.3583,1.3634,1.3568,1.3621,6794002.0
1779728400000,1.3621,1.3635,1.3595,1.3605,8683019.2
1779732000000,1.3606,1.3627,1.3578,1.3581,4774673.6
1779735600000,1.3580,1.3581,1.3534,1.3562,8080078.9
1779739200000,1.3561,1.3588,1.3512,1.3537,7372122.6
1779742800000,1.3536,1.3559,1.3531,1.3539,4650155.6
1779746400000,1.3539,1.3552,1.3459,1.3481,16867663.9
1779750000000,1.3481,1.3510,1.3463,1.3494,13607633.7
1779753600000,1.3495,1.3506,1.3340,1.3412,28834416.1
1779757200000,1.3412,1.3440,1.3364,1.3387,21143278.4
1779760800000,1.3387,1.3397,1.3350,1.3365,11379868.3
1779764400000,1.3366,1.3402,1.3334,1.3392,9992500.4
1779768000000,1.3392,1.3457,1.3390,1.3446,10244286.1
1779771600000,1.3446,1.3501,1.3436,1.3471,8131746.6
1779775200000,1.3472,1.3491,1.3441,1.3478,6496667.4
1779778800000,1.3477,1.3483,1.3384,1.3398,12975667.0
1779782400000,1.3398,1.3434,1.3389,1.3400,6428228.3
1779786000000,1.3400,1.3428,1.3387,1.3412,12611558.9
1779789600000,1.3413,1.3590,1.3394,1.3562,25566980.1
1779793200000,1.3562,1.3572,1.3508,1.3515,17614127.2
1779796800000,1.3516,1.3553,1.3471,1.3547,15160741.4
1779800400000,1.3547,1.3597,1.3474,1.3553,19277387.6
1779804000000,1.3553,1.3651,1.3463,1.3516,38074403.7
1779807600000,1.3517,1.3533,1.3390,1.3443,30484249.1
1779811200000,1.3443,1.3450,1.3375,1.3402,22037589.6
1779814800000,1.3403,1.3429,1.3264,1.3322,42914023.7
1779818400000,1.3321,1.3380,1.3280,1.3293,16011625.7
1779822000000,1.3293,1.3338,1.3262,1.3316,11093791.4
1779825600000,1.3317,1.3334,1.3302,1.3327,7353981.2
1779829200000,1.3326,1.3339,1.3276,1.3307,7586586.1
1779832800000,1.3308,1.3330,1.3279,1.3292,9979970.8
1779836400000,1.3292,1.3310,1.3280,1.3283,5410866.5
1779840000000,1.3284,1.3321,1.3279,1.3315,9541402.6
1779843600000,1.3316,1.3322,1.3285,1.3296,6604078.1
1779847200000,1.3297,1.3304,1.3254,1.3304,11134232.1
1779850800000,1.3304,1.3323,1.3256,1.3268,9305510.0
1779854400000,1.3269,1.3308,1.3207,1.3302,18592008.0
1779858000000,1.3302,1.3323,1.3289,1.3306,8639258.4
1779861600000,1.3307,1.3362,1.3296,1.3351,10460338.1
1779865200000,1.3352,1.3365,1.3295,1.3312,9792092.9
1779868800000,1.3312,1.3372,1.3292,1.3347,17464198.3
1779872400000,1.3348,1.3366,1.3274,1.3285,23059199.3
1779876000000,1.3285,1.3341,1.3284,1.3298,12651288.5
1779879600000,1.3298,1.3335,1.3285,1.3292,6592612.4
1779883200000,1.3291,1.3404,1.3242,1.3315,23884550.1
1779886800000,1.3314,1.3327,1.3179,1.3233,39384251.8
1779890400000,1.3234,1.3305,1.3181,1.3299,28645318.7
1779894000000,1.3298,1.3428,1.3293,1.3358,33596871.9
1779897600000,1.3359,1.3384,1.3274,1.3315,16006163.2
1779901200000,1.3315,1.3319,1.3163,1.3197,24856236.4
1779904800000,1.3197,1.3266,1.3168,1.3260,12506334.4
1779908400000,1.3260,1.3334,1.3260,1.3301,20796886.9
1779912000000,1.3302,1.3342,1.3269,1.3302,13152503.3
1779915600000,1.3302,1.3322,1.3103,1.3154,25024747.6
1779919200000,1.3154,1.3202,1.3091,1.3101,26461603.1
1779922800000,1.3100,1.3116,1.3026,1.3069,33882885.4
1779926400000,1.3068,1.3106,1.3054,1.3091,14157737.8
1779930000000,1.3091,1.3097,1.2970,1.3025,31336869.4
1779933600000,1.3024,1.3052,1.2995,1.3007,15492356.7
1779937200000,1.3006,1.3029,1.2743,1.2785,89148817.6
1779940800000,1.2785,1.2837,1.2668,1.2836,67226421.3
1779944400000,1.2837,1.2851,1.2770,1.2827,23019421.0
1779948000000,1.2827,1.2890,1.2800,1.2867,17771045.9
1779951600000,1.2868,1.2927,1.2863,1.2924,19024644.5
1779955200000,1.2925,1.2928,1.2861,1.2881,12089675.8
1779958800000,1.2881,1.2931,1.2865,1.2922,9325880.3
1779962400000,1.2923,1.2955,1.2877,1.2878,16890807.9
1779966000000,1.2878,1.2900,1.2851,1.2871,13428155.8
1779969600000,1.2870,1.2947,1.2832,1.2942,19834843.5
1779973200000,1.2943,1.2990,1.2888,1.2959,33118902.8
1779976800000,1.2958,1.3100,1.2854,1.3013,54938415.3
1779980400000,1.3013,1.3141,1.2938,1.3115,29013341.9
1779984000000,1.3115,1.3285,1.3058,1.3227,38978957.8
1779987600000,1.3228,1.3294,1.3181,1.3254,22957568.8
1779991200000,1.3253,1.3379,1.3247,1.3338,24728010.6
1779994800000,1.3338,1.3338,1.3150,1.3155,25634974.2
1779998400000,1.3154,1.3242,1.3103,1.3199,20128762.8
1780002000000,1.3199,1.3228,1.3162,1.3194,9277673.2
1780005600000,1.3193,1.3213,1.3116,1.3138,13375400.6
1780009200000,1.3138,1.3180,1.3130,1.3146,8425582.0
1780012800000,1.3147,1.3199,1.3136,1.3144,12835834.5
1780016400000,1.3144,1.3169,1.3078,1.3097,13228171.6
1780020000000,1.3097,1.3113,1.3034,1.3038,13684053.1
1780023600000,1.3039,1.3145,1.3039,1.3117,17146166.5
1780027200000,1.3117,1.3125,1.3022,1.3102,15441199.8
1780030800000,1.3102,1.3149,1.3081,1.3145,16164925.6
1780034400000,1.3144,1.3205,1.3135,1.3154,17712797.2
1780038000000,1.3155,1.3188,1.3090,1.3163,20112166.8
1780041600000,1.3162,1.3230,1.3160,1.3207,19269183.7
1780045200000,1.3207,1.3268,1.3195,1.3229,16362934.5
1780048800000,1.3229,1.3232,1.3167,1.3181,11470295.5
1780052400000,1.3180,1.3183,1.3065,1.3109,21041155.5
1780056000000,1.3110,1.3120,1.3021,1.3040,27037201.1
1780059600000,1.3040,1.3052,1.2970,1.3022,32758813.5
1780063200000,1.3021,1.3079,1.2935,1.3068,56388552.4
1780066800000,1.3069,1.3335,1.3041,1.3220,66693363.8
1780070400000,1.3221,1.3303,1.3157,1.3266,36282169.7
1780074000000,1.3266,1.3322,1.3231,1.3243,24220289.2
1780077600000,1.3242,1.3297,1.3158,1.3182,25005925.1
1780081200000,1.3181,1.3230,1.3102,1.3203,23287660.9
1780084800000,1.3204,1.3248,1.3196,1.3221,10394657.1
1780088400000,1.3221,1.3264,1.3156,1.3156,12492928.4
1780092000000,1.3157,1.3205,1.3137,1.3201,11319353.9
1780095600000,1.3202,1.3303,1.3192,1.3290,16174059.8
1780099200000,1.3290,1.3493,1.3270,1.3478,34586312.0
1780102800000,1.3479,1.3654,1.3433,1.3560,61668229.0
1780106400000,1.3560,1.3631,1.3542,1.3597,28068607.8
1780110000000,1.3596,1.3618,1.3495,1.3499,22511750.5
1780113600000,1.3500,1.3524,1.3365,1.3431,35041964.3
1780117200000,1.3432,1.3502,1.3414,1.3480,19783682.2
1780120800000,1.3480,1.3489,1.3419,1.3449,12945964.2
1780124400000,1.3449,1.3454,1.3396,1.3421,12656059.1
1780128000000,1.3421,1.3422,1.3393,1.3400,6179492.5
1780131600000,1.3400,1.3450,1.3387,1.3438,10769490.6
1780135200000,1.3439,1.3440,1.3400,1.3418,6487831.3
1780138800000,1.3418,1.3438,1.3362,1.3400,18744319.4
1780142400000,1.3401,1.3418,1.3362,1.3389,10905014.6
1780146000000,1.3389,1.3411,1.3365,1.3404,9122780.1
1780149600000,1.3405,1.3464,1.3388,1.3421,15439001.3
1780153200000,1.3421,1.3450,1.3393,1.3417,9306509.3
1780156800000,1.3418,1.3478,1.3406,1.3472,12442999.3
1780160400000,1.3472,1.3528,1.3438,1.3517,12708482.1
1780164000000,1.3517,1.3534,1.3481,1.3512,8865793.9
1780167600000,1.3513,1.3513,1.3451,1.3471,12037002.0
1780171200000,1.3472,1.3491,1.3459,1.3473,5419029.9
1780174800000,1.3474,1.3513,1.3462,1.3495,5800776.6
1780178400000,1.3495,1.3495,1.3371,1.3419,17021636.2
1780182000000,1.3418,1.3432,1.3379,1.3402,6727819.4
1780185600000,1.3401,1.3412,1.3371,1.3396,11264341.1
1780189200000,1.3396,1.3434,1.3394,1.3410,8845639.9
1780192800000,1.3410,1.3455,1.3354,1.3415,16304792.2
1780196400000,1.3416,1.3448,1.3407,1.3441,7696145.4
1780200000000,1.3441,1.3462,1.3422,1.3453,5596581.2
1780203600000,1.3454,1.3454,1.3417,1.3424,4783879.5
1780207200000,1.3425,1.3425,1.3393,1.3393,7039396.3
1780210800000,1.3394,1.3394,1.3321,1.3347,15949039.9
1780214400000,1.3347,1.3390,1.3343,1.3378,10104668.8
1780218000000,1.3379,1.3422,1.3357,1.3385,8808056.9
1780221600000,1.3384,1.3388,1.3334,1.3363,8946967.1
1780225200000,1.3364,1.3427,1.3363,1.3412,11189132.2
1780228800000,1.3412,1.3433,1.3383,1.3416,10004963.5
1780232400000,1.3416,1.3476,1.3408,1.3418,14705464.1
1780236000000,1.3419,1.3432,1.3262,1.3296,51708851.9
1780239600000,1.3296,1.3342,1.3283,1.3299,12298280.6
1780243200000,1.3299,1.3321,1.3180,1.3272,45733211.3
1780246800000,1.3272,1.3315,1.3271,1.3304,8443393.6
1780250400000,1.3304,1.3305,1.3252,1.3268,7551898.6
1780254000000,1.3268,1.3275,1.3201,1.3257,9547493.7
1780257600000,1.3257,1.3308,1.3257,1.3301,7177019.1
1780261200000,1.3301,1.3344,1.3286,1.3338,7909983.6
1780264800000,1.3338,1.3396,1.3307,1.3367,13965740.2
1780268400000,1.3366,1.3420,1.3272,1.3327,19653992.9
1780272000000,1.3326,1.3406,1.3304,1.3373,20612673.1
1780275600000,1.3374,1.3386,1.3210,1.3211,19829325.2
1780279200000,1.3210,1.3347,1.3183,1.3303,22609595.3
1780282800000,1.3303,1.3355,1.3292,1.3304,12358714.9
1780286400000,1.3305,1.3329,1.3162,1.3217,22779634.2
1780290000000,1.3217,1.3224,1.3146,1.3160,13203164.1
1780293600000,1.3159,1.3166,1.3085,1.3135,22202045.0
1780297200000,1.3134,1.3142,1.3024,1.3030,22994904.0
1780300800000,1.3029,1.3071,1.2980,1.3023,24814152.9
1780304400000,1.3023,1.3090,1.3023,1.3039,19560413.0
1780308000000,1.3040,1.3069,1.3009,1.3053,11957909.8
1780311600000,1.3053,1.3073,1.3002,1.3030,13287667.2
1780315200000,1.3030,1.3059,1.2953,1.3019,27063161.3
1780318800000,1.3020,1.3024,1.2846,1.2897,63851467.6
1780322400000,1.2897,1.2920,1.2811,1.2852,46973374.2
1780326000000,1.2851,1.2895,1.2781,1.2813,41311855.1
1780329600000,1.2813,1.2934,1.2788,1.2929,34060207.1
1780333200000,1.2929,1.3044,1.2924,1.2997,28233808.4
1780336800000,1.2996,1.3026,1.2943,1.2956,16945511.1
1780340400000,1.2956,1.3009,1.2935,1.2992,12586739.8
1780344000000,1.2992,1.3000,1.2951,1.2984,10277591.9
1780347600000,1.2983,1.2984,1.2906,1.2913,12983815.6
1780351200000,1.2913,1.3007,1.2862,1.2998,22338707.5
1780354800000,1.2998,1.3005,1.2923,1.2967,11777491.6
1780358400000,1.2966,1.2968,1.2877,1.2885,14434597.1
1780362000000,1.2885,1.2902,1.2784,1.2791,22205852.4
1780365600000,1.2790,1.2844,1.2672,1.2839,38652962.0
1780369200000,1.2838,1.2883,1.2813,1.2875,12884878.4
1780372800000,1.2874,1.2893,1.2794,1.2796,17821444.0
1780376400000,1.2795,1.2804,1.2646,1.2670,34559606.9
1780380000000,1.2670,1.2717,1.2619,1.2650,30713831.2
1780383600000,1.2650,1.2715,1.2574,1.2673,33344313.4
1780387200000,1.2673,1.2687,1.2615,1.2641,16065217.6
1780390800000,1.2640,1.2646,1.2566,1.2591,24171575.9
1780394400000,1.2591,1.2675,1.2568,1.2664,14856917.2
1780398000000,1.2664,1.2664,1.2586,1.2602,11420267.8
1780401600000,1.2603,1.2655,1.2582,1.2633,14114637.5
1780405200000,1.2633,1.2686,1.2593,1.2609,22068294.4
1780408800000,1.2609,1.2613,1.2265,1.2344,126332730.3
1780412400000,1.2344,1.2366,1.2162,1.2213,89994475.3
1780416000000,1.2212,1.2425,1.2191,1.2317,45704269.1
1780419600000,1.2318,1.2430,1.2307,1.2357,22434240.7
1780423200000,1.2357,1.2397,1.2174,1.2234,27978304.2
1780426800000,1.2234,1.2300,1.2055,1.2208,61968560.9
1780430400000,1.2209,1.2270,1.2121,1.2224,27356847.1
1780434000000,1.2223,1.2315,1.2192,1.2256,17567328.6
1780437600000,1.2255,1.2255,1.1926,1.2002,61826622.4
1780441200000,1.2002,1.2120,1.1964,1.2110,36092363.4
1780444800000,1.2111,1.2249,1.2111,1.2235,26330300.2
1780448400000,1.2235,1.2312,1.2175,1.2229,21260693.8
1780452000000,1.2229,1.2235,1.2164,1.2199,11277640.7
1780455600000,1.2198,1.2224,1.1886,1.1973,47278983.2
1780459200000,1.1973,1.2183,1.1969,1.2178,32108933.9
1780462800000,1.2178,1.2342,1.2178,1.2316,35846758.0
1780466400000,1.2316,1.2458,1.2309,1.2383,34968581.4
1780470000000,1.2382,1.2485,1.2369,1.2426,17128039.4
1780473600000,1.2425,1.2453,1.2381,1.2420,12754564.1
1780477200000,1.2419,1.2447,1.2347,1.2378,23792870.7
1780480800000,1.2379,1.2442,1.2374,1.2413,12811456.9
1780484400000,1.2412,1.2444,1.2335,1.2366,15929835.2
1780488000000,1.2366,1.2373,1.2306,1.2352,16401101.8
1780491600000,1.2351,1.2373,1.2254,1.2307,22615755.3
1780495200000,1.2307,1.2333,1.2215,1.2303,22878206.2
1780498800000,1.2303,1.2314,1.2201,1.2247,27896300.1
1780502400000,1.2246,1.2281,1.2082,1.2221,41328740.8
1780506000000,1.2222,1.2282,1.2125,1.2207,23907577.9
1780509600000,1.2207,1.2241,1.2122,1.2179,15767905.7
1780513200000,1.2178,1.2189,1.2010,1.2033,34604941.4
1780516800000,1.2033,1.2074,1.1858,1.1930,52290168.7
1780520400000,1.1930,1.2197,1.1907,1.2179,25834320.2
1780524000000,1.2178,1.2199,1.2035,1.2058,21759000.7
1780527600000,1.2057,1.2070,1.1973,1.2005,17349381.3
1780531200000,1.2005,1.2073,1.1860,1.1929,46172946.9
1780534800000,1.1929,1.1959,1.1557,1.1608,85240583.8
1780538400000,1.1607,1.1863,1.1407,1.1806,94781027.7
1780542000000,1.1807,1.2106,1.1806,1.2084,47573651.4
1780545600000,1.2084,1.2114,1.1996,1.2010,32602231.4
1780549200000,1.2010,1.2010,1.1835,1.1873,34756438.3
1780552800000,1.1873,1.1997,1.1859,1.1887,16789985.3
1780556400000,1.1887,1.1895,1.1668,1.1672,30065832.2
1780560000000,1.1671,1.1716,1.1604,1.1672,29936718.6
1780563600000,1.1672,1.1677,1.1443,1.1610,51734818.1
1780567200000,1.1610,1.1617,1.1413,1.1475,47177047.3
1780570800000,1.1475,1.1580,1.1407,1.1550,31946516.8
1780574400000,1.1550,1.1818,1.1495,1.1792,41412215.0
1780578000000,1.1791,1.1832,1.1622,1.1787,43022308.9
1780581600000,1.1788,1.1825,1.1671,1.1723,26197793.8
1780585200000,1.1722,1.1821,1.1652,1.1681,24638511.6
1780588800000,1.1681,1.1728,1.1598,1.1694,17393838.3
1780592400000,1.1693,1.1749,1.1587,1.1691,21996129.1
1780596000000,1.1690,1.1826,1.1624,1.1786,28117777.7
1780599600000,1.1787,1.1841,1.1722,1.1746,25043920.9
1780603200000,1.1745,1.1774,1.1658,1.1751,16756381.0
1780606800000,1.1751,1.1781,1.1556,1.1582,21399545.7
1780610400000,1.1582,1.1694,1.1536,1.1686,28213283.3
1780614000000,1.1686,1.1715,1.1577,1.1679,20030086.3
1780617600000,1.1679,1.1742,1.1600,1.1607,18801553.0
1780621200000,1.1607,1.1614,1.1503,1.1566,29970461.6
1780624800000,1.1565,1.1576,1.1336,1.1345,43954890.8
1780628400000,1.1345,1.1471,1.1322,1.1338,28243531.2
1780632000000,1.1338,1.1485,1.1297,1.1471,46894001.5
1780635600000,1.1471,1.1485,1.1190,1.1200,52028864.5
1780639200000,1.1201,1.1258,1.0905,1.1182,124616154.8
1780642800000,1.1182,1.1383,1.1040,1.1356,56622701.8
1780646400000,1.1356,1.1358,1.1159,1.1187,28565778.8
1780650000000,1.1187,1.1400,1.1183,1.1398,48792004.1
1780653600000,1.1398,1.1456,1.1303,1.1355,21286324.1
1780657200000,1.1355,1.1355,1.1176,1.1184,41003520.9
1780660800000,1.1184,1.1255,1.1092,1.1192,43689917.3
1780664400000,1.1193,1.1374,1.1008,1.1017,81078158.0
1780668000000,1.1017,1.1179,1.0969,1.1063,65856268.9
1780671600000,1.1063,1.1092,1.0917,1.0993,65401754.2
1780675200000,1.0993,1.1230,1.0835,1.1197,97200780.8
1780678800000,1.1197,1.1216,1.0997,1.1082,32651523.8
1780682400000,1.1082,1.1130,1.0796,1.0830,57065142.8
1780686000000,1.0831,1.1036,1.0686,1.0981,73984429.4
1780689600000,1.0980,1.1179,1.0846,1.1146,57124580.2
1780693200000,1.1145,1.1197,1.1107,1.1111,24945867.7
1780696800000,1.1111,1.1113,1.0960,1.1055,37360077.6
1780700400000,1.1055,1.1151,1.0864,1.0970,41583749.7
1780704000000,1.0970,1.1121,1.0970,1.1104,29736776.4
1780707600000,1.1104,1.1136,1.0995,1.1004,19412594.7
1780711200000,1.1004,1.1026,1.0907,1.0949,21324127.1
1780714800000,1.0949,1.0951,1.0829,1.0853,33495559.3
1780718400000,1.0852,1.0897,1.0511,1.0574,84455947.3
1780722000000,1.0574,1.0908,1.0490,1.0889,77621421.5
1780725600000,1.0889,1.1006,1.0802,1.0821,55669159.6
1780729200000,1.0821,1.1000,1.0809,1.0919,29350401.2
1780732800000,1.0918,1.1037,1.0894,1.0984,25837297.0
1780736400000,1.0984,1.1026,1.0882,1.0910,20828248.7
1780740000000,1.0911,1.0911,1.0718,1.0797,38504086.7
1780743600000,1.0796,1.0887,1.0788,1.0870,15475090.6
1780747200000,1.0870,1.0983,1.0802,1.0955,28476596.0
1780750800000,1.0955,1.1021,1.0913,1.0977,21520534.8
1780754400000,1.0977,1.1094,1.0970,1.1024,33675056.4
1780758000000,1.1025,1.1036,1.0860,1.0955,40659998.6
1780761600000,1.0954,1.1009,1.0870,1.0948,33385964.2
1780765200000,1.0949,1.0973,1.0796,1.0820,33398951.9
1780768800000,1.0820,1.0889,1.0783,1.0841,20182155.2
1780772400000,1.0840,1.0892,1.0795,1.0799,12576461.8
1780776000000,1.0799,1.0851,1.0770,1.0843,14850644.9
1780779600000,1.0843,1.0962,1.0840,1.0872,20874542.0
1780783200000,1.0872,1.0891,1.0809,1.0857,12866886.0
1780786800000,1.0858,1.0943,1.0853,1.0926,8777755.1
1780790400000,1.0927,1.0972,1.0884,1.0884,13283252.6
1780794000000,1.0885,1.1194,1.0878,1.1155,50011156.0
1780797600000,1.1155,1.1227,1.1064,1.1184,26801455.6
1780801200000,1.1184,1.1239,1.1144,1.1176,20887560.9
1780804800000,1.1176,1.1215,1.1096,1.1208,18903295.9
1780808400000,1.1207,1.1259,1.1182,1.1192,18491467.9
1780812000000,1.1193,1.1288,1.1152,1.1250,22420863.4
1780815600000,1.1249,1.1364,1.1218,1.1363,23554472.6
1780819200000,1.1363,1.1571,1.1293,1.1548,38073462.3
1780822800000,1.1548,1.1704,1.1450,1.1453,67061717.3
1780826400000,1.1453,1.1467,1.1318,1.1345,27110032.7
1780830000000,1.1345,1.1405,1.1321,1.1394,21595786.1
1780833600000,1.1395,1.1399,1.1175,1.1229,49686127.7
1780837200000,1.1228,1.1245,1.1201,1.1215,12381468.0
1780840800000,1.1216,1.1365,1.1214,1.1325,24625969.0
1780844400000,1.1325,1.1363,1.1278,1.1334,15888427.8
1780848000000,1.1333,1.1387,1.1300,1.1373,12111695.8
1780851600000,1.1373,1.1453,1.1356,1.1435,16896457.7
1780855200000,1.1435,1.1504,1.1400,1.1405,15752619.7
1780858800000,1.1406,1.1406,1.1195,1.1240,47038333.0
1780862400000,1.1239,1.1358,1.1208,1.1316,17667409.4
1780866000000,1.1316,1.1336,1.1249,1.1297,8329167.1
1780869600000,1.1298,1.1713,1.1276,1.1529,75960005.2
1780873200000,1.1529,1.1598,1.1500,1.1548,23808085.3
1780876800000,1.1548,1.1671,1.1481,1.1625,32690363.1
1780880400000,1.1626,1.1644,1.1416,1.1566,29624751.0
1780884000000,1.1566,1.1613,1.1516,1.1558,19459143.6
1780887600000,1.1557,1.1606,1.1485,1.1513,13632466.9
1780891200000,1.1513,1.1522,1.1387,1.1397,23252421.5
1780894800000,1.1397,1.1428,1.1311,1.1360,24223897.0
1780898400000,1.1360,1.1429,1.1354,1.1403,14256561.4
1780902000000,1.1403,1.1502,1.1373,1.1473,13870330.4
1780905600000,1.1472,1.1473,1.1356,1.1392,12282597.6
1780909200000,1.1391,1.1495,1.1390,1.1494,16694236.8
1780912800000,1.1494,1.1519,1.1426,1.1444,16255978.2
1780916400000,1.1444,1.1647,1.1424,1.1571,27882173.4
1780920000000,1.1572,1.1697,1.1457,1.1693,37576713.6
1780923600000,1.1694,1.1700,1.1549,1.1616,34722289.7
1780927200000,1.1617,1.1747,1.1563,1.1722,31452856.0
1780930800000,1.1722,1.1844,1.1684,1.1704,37354384.4
1780934400000,1.1704,1.1768,1.1635,1.1640,20573810.5
1780938000000,1.1640,1.1722,1.1573,1.1719,24293341.7
1780941600000,1.1719,1.1793,1.1706,1.1738,19123611.3
1780945200000,1.1739,1.1861,1.1729,1.1793,30504769.1
1780948800000,1.1793,1.1810,1.1682,1.1767,19990021.7
1780952400000,1.1767,1.1859,1.1767,1.1799,18932202.5
1780956000000,1.1799,1.1799,1.1711,1.1769,19358025.9
1780959600000,1.1769,1.1811,1.1657,1.1677,17090685.1
1780963200000,1.1677,1.1708,1.1512,1.1522,42536449.5
1780966800000,1.1521,1.1567,1.1487,1.1504,18407051.1
1780970400000,1.1504,1.1540,1.1425,1.1521,16609995.6
1780974000000,1.1521,1.1557,1.1500,1.1542,10968598.7
1780977600000,1.1542,1.1721,1.1502,1.1659,29893916.0
1780981200000,1.1659,1.1759,1.1617,1.1726,19445933.4
1780984800000,1.1726,1.1763,1.1706,1.1721,16903454.3
1780988400000,1.1721,1.1760,1.1658,1.1707,13752097.2
1780992000000,1.1708,1.1719,1.1640,1.1669,14404789.5
1780995600000,1.1669,1.1699,1.1580,1.1591,16548434.2
1780999200000,1.1592,1.1606,1.1542,1.1585,16394352.8
1781002800000,1.1584,1.1587,1.1520,1.1547,12726224.8
1781006400000,1.1548,1.1633,1.1539,1.1624,18408777.2
1781010000000,1.1624,1.1659,1.1535,1.1570,25488128.8
1781013600000,1.1570,1.1595,1.1298,1.1365,80948751.5
1781017200000,1.1365,1.1416,1.1263,1.1271,52660126.3
1781020800000,1.1270,1.1313,1.1181,1.1273,48482677.9
1781024400000,1.1274,1.1465,1.1273,1.1376,35223268.9
1781028000000,1.1376,1.1457,1.1351,1.1383,17016296.7
1781031600000,1.1382,1.1447,1.1353,1.1396,21876101.7
1781035200000,1.1395,1.1450,1.1383,1.1433,12037349.5
1781038800000,1.1433,1.1441,1.1342,1.1365,14740510.2
1781042400000,1.1364,1.1409,1.1333,1.1350,13406164.0
1781046000000,1.1349,1.1388,1.1333,1.1367,9884796.4
1781049600000,1.1368,1.1405,1.1265,1.1364,18541624.9
1781053200000,1.1364,1.1369,1.1268,1.1287,14448827.8
1781056800000,1.1287,1.1308,1.1131,1.1168,29782379.0
1781060400000,1.1169,1.1233,1.1161,1.1187,10894529.6
1781064000000,1.1187,1.1219,1.1127,1.1154,12879944.5
1781067600000,1.1155,1.1170,1.1088,1.1116,14854019.0
1781071200000,1.1117,1.1145,1.1060,1.1113,16789534.8
1781074800000,1.1112,1.1193,1.1111,1.1161,15790664.1
1781078400000,1.1160,1.1162,1.1034,1.1069,27730959.9
1781082000000,1.1070,1.1099,1.1002,1.1092,22821326.4
1781085600000,1.1092,1.1110,1.1048,1.1103,11727109.2
1781089200000,1.1104,1.1107,1.1012,1.1038,29147415.3
1781092800000,1.1038,1.1240,1.1017,1.1173,43085747.2
1781096400000,1.1173,1.1369,1.1153,1.1294,46307801.9
1781100000000,1.1295,1.1300,1.1173,1.1241,30631403.9
1781103600000,1.1242,1.1331,1.1176,1.1281,35744735.3
1781107200000,1.1281,1.1296,1.1074,1.1134,38268327.8
1781110800000,1.1134,1.1178,1.1031,1.1096,26757953.3
1781114400000,1.1095,1.1107,1.0978,1.1066,33117739.2
1781118000000,1.1066,1.1067,1.0950,1.0974,27263694.3
1781121600000,1.0973,1.1032,1.0931,1.0987,18702145.4
1781125200000,1.0986,1.0987,1.0873,1.0919,23071115.9
1781128800000,1.0919,1.0993,1.0897,1.0940,23061795.1
1781132400000,1.0940,1.0989,1.0888,1.0962,17066046.5
1781136000000,1.0962,1.1035,1.0958,1.1014,16737417.8
1781139600000,1.1013,1.1192,1.1012,1.1150,28803301.8
1781143200000,1.1151,1.1173,1.1043,1.1086,21690593.0
1781146800000,1.1086,1.1235,1.1051,1.1192,24233917.0
1781150400000,1.1192,1.1209,1.1141,1.1192,15193238.8
1781154000000,1.1192,1.1192,1.1138,1.1142,8794866.7
1781157600000,1.1142,1.1205,1.1114,1.1143,13931440.0
1781161200000,1.1143,1.1169,1.1111,1.1147,8098463.8
1781164800000,1.1147,1.1231,1.1147,1.1206,13827642.9
1781168400000,1.1205,1.1213,1.1158,1.1166,11064525.4
1781172000000,1.1166,1.1249,1.1140,1.1211,24654598.1
1781175600000,1.1211,1.1255,1.1182,1.1215,15292720.9
1781179200000,1.1216,1.1216,1.1082,1.1131,35391367.8
1781182800000,1.1131,1.1198,1.1073,1.1159,20487734.0
1781186400000,1.1160,1.1184,1.1101,1.1124,13955426.2
1781190000000,1.1125,1.1175,1.1063,1.1125,23254711.0
1781193600000,1.1125,1.1149,1.1058,1.1075,16285438.4
1781197200000,1.1074,1.1446,1.1034,1.1389,76934032.2
1781200800000,1.1388,1.1457,1.1333,1.1372,39044154.7
1781204400000,1.1372,1.1496,1.1335,1.1429,29525002.8
1781208000000,1.1430,1.1437,1.1314,1.1353,23809195.7
1781211600000,1.1353,1.1423,1.1346,1.1405,11299234.8
1781215200000,1.1406,1.1462,1.1393,1.1425,12588030.7
1781218800000,1.1425,1.1437,1.1381,1.1420,10793246.7
1781222400000,1.1420,1.1446,1.1383,1.1417,9344948.1
1781226000000,1.1417,1.1417,1.1351,1.1392,8771189.4
1781229600000,1.1392,1.1495,1.1392,1.1455,14504141.7
1781233200000,1.1455,1.1459,1.1399,1.1436,12168298.8
1781236800000,1.1436,1.1506,1.1415,1.1457,13164308.4
1781240400000,1.1457,1.1461,1.1382,1.1392,13070086.4
1781244000000,1.1392,1.1408,1.1269,1.1294,23354315.5
1781247600000,1.1295,1.1357,1.1293,1.1329,12693848.8
1781251200000,1.1330,1.1444,1.1330,1.1421,16534301.1
1781254800000,1.1420,1.1514,1.1389,1.1462,16374843.4
1781258400000,1.1462,1.1485,1.1397,1.1426,13354793.3
1781262000000,1.1426,1.1448,1.1398,1.1408,7998505.3
1781265600000,1.1408,1.1418,1.1336,1.1353,14578696.6
1781269200000,1.1354,1.1368,1.1252,1.1295,28283273.2
1781272800000,1.1296,1.1504,1.1284,1.1481,35284829.9
1781276400000,1.1482,1.1572,1.1267,1.1281,55331806.6
1781280000000,1.1280,1.1362,1.1255,1.1351,28368457.9
1781283600000,1.1352,1.1384,1.1297,1.1316,12098903.7
1781287200000,1.1317,1.1342,1.1271,1.1297,10264597.8
1781290800000,1.1296,1.1363,1.1294,1.1308,10861721.4
1781294400000,1.1307,1.1346,1.1293,1.1323,8473498.1
1781298000000,1.1323,1.1345,1.1292,1.1292,5060034.8
1781301600000,1.1293,1.1319,1.1276,1.1302,6043009.8
1781305200000,1.1301,1.1325,1.1277,1.1318,5208898.5
1781308800000,1.1318,1.1352,1.1307,1.1338,5233069.4
1781312400000,1.1339,1.1404,1.1338,1.1392,9337825.2
1781316000000,1.1391,1.1393,1.1325,1.1339,6570655.6
1781319600000,1.1339,1.1365,1.1300,1.1330,6334083.4
1781323200000,1.1330,1.1364,1.1321,1.1326,4608877.6
1781326800000,1.1327,1.1332,1.1291,1.1320,5556938.4
1781330400000,1.1319,1.1379,1.1305,1.1367,6824438.1
1781334000000,1.1368,1.1441,1.1343,1.1409,19380307.9
1781337600000,1.1409,1.1459,1.1398,1.1426,11854338.4
1781341200000,1.1426,1.1447,1.1414,1.1426,5521814.8
1781344800000,1.1426,1.1457,1.1417,1.1440,6627041.3
1781348400000,1.1439,1.1490,1.1435,1.1477,10834283.8
1781352000000,1.1478,1.1554,1.1461,1.1533,10763854.6
1781355600000,1.1534,1.1540,1.1495,1.1506,12065203.2
1781359200000,1.1505,1.1570,1.1504,1.1546,9456335.0
1781362800000,1.1546,1.1606,1.1516,1.1560,17772756.0
1781366400000,1.1560,1.1563,1.1431,1.1466,26284811.8
1781370000000,1.1467,1.1487,1.1422,1.1436,13525679.1
1781373600000,1.1436,1.1475,1.1432,1.1454,8536938.9
1781377200000,1.1454,1.1482,1.1438,1.1468,6248658.8
1781380800000,1.1468,1.1469,1.1443,1.1462,4196032.0
1781384400000,1.1462,1.1560,1.1444,1.1522,10485965.8
1781388000000,1.1523,1.1526,1.1486,1.1494,7498218.8
1781391600000,1.1495,1.1525,1.1483,1.1499,4339251.2
1781395200000,1.1500,1.1504,1.1476,1.1487,5115785.1
1781398800000,1.1487,1.1561,1.1478,1.1513,8443062.1
1781402400000,1.1513,1.1554,1.1504,1.1511,5111640.1
1781406000000,1.1511,1.1539,1.1499,1.1530,4922149.1
1781409600000,1.1530,1.1537,1.1460,1.1475,7269024.1
1781413200000,1.1476,1.1504,1.1436,1.1474,9006995.3
1781416800000,1.1475,1.1529,1.1451,1.1460,13273063.3
1781420400000,1.1460,1.1462,1.1416,1.1455,11553726.7
1781424000000,1.1456,1.1473,1.1436,1.1446,6216666.9
1781427600000,1.1446,1.1488,1.1402,1.1481,9422823.3
1781431200000,1.1481,1.1484,1.1424,1.1425,6047288.2
1781434800000,1.1426,1.1452,1.1411,1.1432,6691852.1
1781438400000,1.1433,1.1438,1.1367,1.1369,11503669.8
1781442000000,1.1369,1.1390,1.1325,1.1344,15934016.3
1781445600000,1.1344,1.1365,1.1259,1.1310,22308778.3
1781449200000,1.1311,1.1354,1.1309,1.1343,8517933.3
1781452800000,1.1342,1.1387,1.1337,1.1361,9098380.7
1781456400000,1.1361,1.1384,1.1319,1.1324,10233624.5
1781460000000,1.1324,1.1349,1.1299,1.1319,7820982.0
1781463600000,1.1318,1.1348,1.1300,1.1324,5236856.9
1781467200000,1.1324,1.1397,1.1310,1.1374,8112411.5
1781470800000,1.1375,1.1752,1.1372,1.1676,58038662.7
1781474400000,1.1677,1.1770,1.1619,1.1732,46606743.1
1781478000000,1.1732,1.1872,1.1680,1.1852,34854716.0
1781481600000,1.1852,1.1880,1.1802,1.1842,24122758.2
1781485200000,1.1842,1.1914,1.1772,1.1818,21468884.4
1781488800000,1.1818,1.1932,1.1797,1.1818,17360955.5
1781492400000,1.1819,1.1906,1.1804,1.1865,12807528.0
1781496000000,1.1864,1.1880,1.1818,1.1834,7969112.9
1781499600000,1.1833,1.1876,1.1809,1.1834,9628874.2
1781503200000,1.1835,1.1868,1.1808,1.1822,11124970.2
1781506800000,1.1823,1.1862,1.1793,1.1806,10817121.6
1781510400000,1.1806,1.1829,1.1783,1.1803,9068912.7
1781514000000,1.1803,1.1875,1.1784,1.1846,16260244.2
1781517600000,1.1847,1.1994,1.1834,1.1989,25320192.6
1781521200000,1.1989,1.2325,1.1948,1.2315,84263945.1
1781524800000,1.2315,1.2476,1.2255,1.2379,61344099.2
1781528400000,1.2379,1.2493,1.2330,1.2393,62603433.6
1781532000000,1.2393,1.2471,1.2336,1.2438,32858601.8
1781535600000,1.2437,1.2697,1.2436,1.2680,65636784.1
1781539200000,1.2679,1.2930,1.2573,1.2792,76049361.3
1781542800000,1.2792,1.2868,1.2686,1.2815,48474199.3
1781546400000,1.2815,1.2881,1.2737,1.2811,24327737.5
1781550000000,1.2812,1.2912,1.2664,1.2753,54600746.2
1781553600000,1.2753,1.2779,1.2623,1.2638,26528903.6
1781557200000,1.2637,1.2645,1.2481,1.2494,30966103.1
1781560800000,1.2495,1.2548,1.2372,1.2396,33911199.8
1781564400000,1.2396,1.2419,1.2326,1.2373,19612091.5
1781568000000,1.2374,1.2422,1.2322,1.2341,18941077.7
1781571600000,1.2340,1.2377,1.2275,1.2280,14616790.3
1781575200000,1.2281,1.2285,1.2134,1.2174,27824096.1
1781578800000,1.2173,1.2270,1.2158,1.2266,18865509.3
1781582400000,1.2266,1.2295,1.2201,1.2218,12545706.3
1781586000000,1.2218,1.2271,1.2218,1.2246,11771027.3
1781589600000,1.2246,1.2362,1.2246,1.2348,20764927.5
1781593200000,1.2349,1.2381,1.2294,1.2346,14956586.6
1781596800000,1.2345,1.2515,1.2323,1.2471,26911159.4
1781600400000,1.2470,1.2471,1.2361,1.2380,18339289.7
1781604000000,1.2380,1.2427,1.2358,1.2390,14069909.9
1781607600000,1.2389,1.2417,1.2321,1.2374,14570888.1
1781611200000,1.2373,1.2551,1.2360,1.2438,28219930.9
1781614800000,1.2438,1.2452,1.2237,1.2251,43178469.4
1781618400000,1.2252,1.2297,1.2046,1.2091,55334376.0
1781622000000,1.2091,1.2172,1.2065,1.2092,26262469.5
1781625600000,1.2093,1.2141,1.2079,1.2125,14709004.1
1781629200000,1.2125,1.2216,1.2111,1.2204,23363188.4
1781632800000,1.2205,1.2303,1.2200,1.2261,19237698.2
1781636400000,1.2261,1.2261,1.2165,1.2198,19246221.0
1781640000000,1.2198,1.2239,1.2153,1.2225,14238135.9
1781643600000,1.2225,1.2253,1.2147,1.2194,14444869.9
1781647200000,1.2193,1.2215,1.2153,1.2212,14812715.9
1781650800000,1.2213,1.2235,1.2145,1.2166,9635591.2
1781654400000,1.2167,1.2194,1.2130,1.2145,8556393.3
1781658000000,1.2146,1.2224,1.2076,1.2212,15860813.7
1781661600000,1.2212,1.2278,1.2148,1.2185,15169869.6
1781665200000,1.2186,1.2188,1.2118,1.2156,9811682.2
1781668800000,1.2156,1.2208,1.2136,1.2164,7815720.9
1781672400000,1.2165,1.2222,1.2135,1.2174,7115956.8
1781676000000,1.2174,1.2199,1.2089,1.2112,13296216.5
1781679600000,1.2113,1.2153,1.2046,1.2088,17617957.2
1781683200000,1.2089,1.2101,1.1942,1.1957,28008407.2
1781686800000,1.1958,1.1987,1.1937,1.1971,13678690.9
1781690400000,1.1972,1.1983,1.1938,1.1957,11401162.1
1781694000000,1.1957,1.1970,1.1870,1.1923,28060428.8
1781697600000,1.1924,1.1979,1.1885,1.1969,19406570.2
1781701200000,1.1969,1.2065,1.1958,1.2003,27508391.8
1781704800000,1.2002,1.2034,1.1879,1.1945,27264779.9
1781708400000,1.1945,1.2130,1.1926,1.2128,24888734.1
1781712000000,1.2128,1.2247,1.2109,1.2120,27816845.5
1781715600000,1.2120,1.2185,1.2078,1.2175,15985810.2
1781719200000,1.2175,1.2189,1.1924,1.2081,62033361.6
1781722800000,1.2081,1.2123,1.1765,1.1800,73264137.8
1781726400000,1.1801,1.1905,1.1771,1.1895,21040391.4
1781730000000,1.1896,1.1900,1.1782,1.1815,12616140.3
1781733600000,1.1814,1.1883,1.1705,1.1836,20205116.8
1781737200000,1.1836,1.1884,1.1832,1.1859,7205306.3
1781740800000,1.1860,1.1907,1.1852,1.1865,8897319.2
1781744400000,1.1864,1.1915,1.1843,1.1881,15745863.3
1781748000000,1.1881,1.1904,1.1878,1.1889,10949875.9
1781751600000,1.1888,1.1891,1.1774,1.1781,13314432.3
1781755200000,1.1780,1.1786,1.1664,1.1688,26871840.1
1781758800000,1.1688,1.1688,1.1621,1.1671,24444475.4
1781762400000,1.1670,1.1710,1.1631,1.1701,30069701.5
1781766000000,1.1702,1.1808,1.1678,1.1781,35514831.0
1781769600000,1.1782,1.1811,1.1759,1.1778,24514881.9
1781773200000,1.1778,1.1819,1.1757,1.1781,10965272.3
1781776800000,1.1781,1.1782,1.1668,1.1686,27730815.0
1781780400000,1.1686,1.1706,1.1608,1.1641,21422383.7
1781784000000,1.1640,1.1702,1.1627,1.1682,14925412.4
1781787600000,1.1683,1.1720,1.1547,1.1604,37394355.4
1781791200000,1.1605,1.1694,1.1551,1.1592,25178141.0
1781794800000,1.1593,1.1599,1.1322,1.1374,89062090.0
1781798400000,1.1373,1.1477,1.1363,1.1468,29094767.3
1781802000000,1.1469,1.1482,1.1371,1.1425,23963220.7
1781805600000,1.1424,1.1463,1.1357,1.1378,18379431.4
1781809200000,1.1378,1.1460,1.1348,1.1432,19198528.0
1781812800000,1.1433,1.1544,1.1431,1.1518,21456107.2
1781816400000,1.1517,1.1518,1.1418,1.1444,9897902.6
1781820000000,1.1444,1.1478,1.1416,1.1467,12999838.4
1781823600000,1.1467,1.1473,1.1423,1.1460,5847543.6
1781827200000,1.1460,1.1496,1.1429,1.1483,10114325.3
1781830800000,1.1484,1.1518,1.1440,1.1508,10691222.0
1781834400000,1.1508,1.1525,1.1445,1.1479,6249142.5
1781838000000,1.1480,1.1496,1.1356,1.1387,27696300.0
1781841600000,1.1386,1.1399,1.1248,1.1268,30074979.0
1781845200000,1.1268,1.1332,1.1267,1.1330,12599049.3
1781848800000,1.1329,1.1358,1.1276,1.1337,9362277.7
1781852400000,1.1336,1.1337,1.1202,1.1249,27233672.0
1781856000000,1.1248,1.1306,1.1237,1.1262,15703198.1
1781859600000,1.1262,1.1278,1.1216,1.1243,11539870.5
1781863200000,1.1243,1.1266,1.1205,1.1247,11922964.2
1781866800000,1.1246,1.1286,1.1215,1.1266,10232680.7
1781870400000,1.1266,1.1315,1.1184,1.1305,21762883.1
1781874000000,1.1305,1.1433,1.1281,1.1389,27761214.0
1781877600000,1.1389,1.1411,1.1331,1.1360,17736521.6
1781881200000,1.1359,1.1376,1.1320,1.1363,11581543.7
1781884800000,1.1362,1.1385,1.1284,1.1296,14676664.7
1781888400000,1.1296,1.1383,1.1277,1.1355,11416612.2
1781892000000,1.1354,1.1356,1.1289,1.1320,8840316.2
1781895600000,1.1320,1.1334,1.1275,1.1309,7984335.1
1781899200000,1.1310,1.1348,1.1266,1.1341,9892318.5
1781902800000,1.1341,1.1342,1.1284,1.1294,4586039.9
1781906400000,1.1295,1.1354,1.1289,1.1336,5506797.6
1781910000000,1.1336,1.1380,1.1321,1.1351,7716458.3
1781913600000,1.1352,1.1423,1.1346,1.1367,14310132.2
1781917200000,1.1366,1.1417,1.1358,1.1411,6793511.7
1781920800000,1.1412,1.1415,1.1355,1.1385,8506530.9
1781924400000,1.1385,1.1403,1.1369,1.1392,4320108.3
1781928000000,1.1393,1.1450,1.1381,1.1437,13945962.0
1781931600000,1.1438,1.1543,1.1422,1.1472,19919854.1
1781935200000,1.1472,1.1508,1.1467,1.1491,9595856.2
1781938800000,1.1491,1.1495,1.1444,1.1467,8692964.9
1781942400000,1.1467,1.1471,1.1438,1.1463,7429190.3
1781946000000,1.1464,1.1524,1.1463,1.1516,8032800.3
1781949600000,1.1516,1.1517,1.1469,1.1487,7058333.4
1781953200000,1.1488,1.1496,1.1458,1.1466,5349804.5
1781956800000,1.1467,1.1491,1.1442,1.1454,6669797.9
1781960400000,1.1454,1.1467,1.1374,1.1405,14686241.9
1781964000000,1.1405,1.1517,1.1336,1.1456,25143793.5
1781967600000,1.1456,1.1550,1.1439,1.1501,21276748.8
1781971200000,1.1502,1.1502,1.1434,1.1483,9612002.2
1781974800000,1.1483,1.1483,1.1379,1.1427,12341023.5
1781978400000,1.1427,1.1456,1.1405,1.1411,6544991.4
1781982000000,1.1410,1.1438,1.1389,1.1432,6318580.8
1781985600000,1.1432,1.1458,1.1429,1.1446,4943972.4
1781989200000,1.1447,1.1490,1.1439,1.1467,6076334.6
1781992800000,1.1467,1.1550,1.1461,1.1519,13162460.3
1781996400000,1.1520,1.1538,1.1490,1.1494,7123522.1
1782000000000,1.1495,1.1500,1.1475,1.1486,6431897.1
1782003600000,1.1486,1.1494,1.1460,1.1491,5443649.9
1782007200000,1.1490,1.1495,1.1463,1.1467,4216576.4
1782010800000,1.1467,1.1510,1.1456,1.1490,7467863.9
1782014400000,1.1490,1.1516,1.1442,1.1448,8656056.1
1782018000000,1.1448,1.1457,1.1423,1.1439,7444715.6
1782021600000,1.1438,1.1471,1.1433,1.1466,4805627.7
1782025200000,1.1465,1.1498,1.1456,1.1468,7327561.6
1782028800000,1.1468,1.1472,1.1404,1.1440,9107917.8
1782032400000,1.1440,1.1498,1.1433,1.1486,8011283.3
1782036000000,1.1485,1.1529,1.1474,1.1479,11632277.8
1782039600000,1.1479,1.1499,1.1410,1.1420,16642075.3
1782043200000,1.1419,1.1441,1.1391,1.1437,16607200.5
1782046800000,1.1437,1.1464,1.1410,1.1444,9075575.5
1782050400000,1.1445,1.1470,1.1412,1.1470,6847005.0
1782054000000,1.1470,1.1512,1.1465,1.1492,13102863.8
1782057600000,1.1491,1.1491,1.1415,1.1443,14384105.2
1782061200000,1.1443,1.1466,1.1403,1.1419,11706619.7
1782064800000,1.1419,1.1461,1.1382,1.1449,11275648.7
1782068400000,1.1450,1.1475,1.1439,1.1449,6619290.3
1782072000000,1.1449,1.1466,1.1358,1.1388,14974986.8
1782075600000,1.1389,1.1392,1.1193,1.1342,49273456.0
1782079200000,1.1342,1.1367,1.1266,1.1312,18133708.3
1782082800000,1.1312,1.1314,1.1229,1.1243,21940380.5
1782086400000,1.1243,1.1402,1.1243,1.1387,20864409.1
1782090000000,1.1387,1.1518,1.1336,1.1446,33764475.0
1782093600000,1.1447,1.1457,1.1356,1.1356,14470365.8
1782097200000,1.1357,1.1380,1.1274,1.1294,17828756.1
1782100800000,1.1295,1.1338,1.1285,1.1335,11197348.2
1782104400000,1.1336,1.1381,1.1331,1.1349,9491699.7
1782108000000,1.1348,1.1373,1.1286,1.1306,9250601.1
1782111600000,1.1307,1.1395,1.1299,1.1368,21714365.6
1782115200000,1.1368,1.1376,1.1315,1.1343,12007117.9
1782118800000,1.1343,1.1371,1.1321,1.1341,9247141.1
1782122400000,1.1342,1.1385,1.1338,1.1368,7272881.7
1782126000000,1.1369,1.1495,1.1358,1.1474,23130142.0
1782129600000,1.1473,1.1587,1.1456,1.1571,29435499.8
1782133200000,1.1571,1.1634,1.1517,1.1631,34601012.3
1782136800000,1.1631,1.1632,1.1395,1.1423,45648151.3
1782140400000,1.1424,1.1474,1.1370,1.1391,22871754.5
1782144000000,1.1391,1.1425,1.1343,1.1380,19644200.8
1782147600000,1.1379,1.1397,1.1319,1.1387,13812039.2
1782151200000,1.1387,1.1433,1.1313,1.1323,17866007.8
1782154800000,1.1323,1.1349,1.1292,1.1339,19802037.0
1782158400000,1.1339,1.1370,1.1288,1.1312,11534825.5
1782162000000,1.1313,1.1326,1.1252,1.1308,9227363.5
1782165600000,1.1308,1.1338,1.1206,1.1268,21927129.7
1782169200000,1.1267,1.1300,1.1255,1.1288,8113978.1
1782172800000,1.1287,1.1315,1.1258,1.1306,11619380.0
1782176400000,1.1306,1.1333,1.1213,1.1282,15893326.2
1782180000000,1.1282,1.1300,1.1246,1.1291,5191137.8
1782183600000,1.1291,1.1292,1.1251,1.1269,7968294.1
1782187200000,1.1268,1.1274,1.1160,1.1170,21734313.0
1782190800000,1.1169,1.1189,1.1131,1.1152,21749586.7
1782194400000,1.1152,1.1158,1.1068,1.1125,55523296.2
1782198000000,1.1125,1.1167,1.1121,1.1123,11599687.4
1782201600000,1.1122,1.1149,1.0936,1.0997,65508829.2
1782205200000,1.0997,1.1049,1.0997,1.1032,14325634.3
1782208800000,1.1032,1.1071,1.1008,1.1036,16693556.1
1782212400000,1.1037,1.1100,1.1035,1.1087,16101313.4
1782216000000,1.1088,1.1091,1.0989,1.1003,19583576.9
1782219600000,1.1004,1.1056,1.0957,1.1022,41486189.6
1782223200000,1.1021,1.1078,1.0997,1.1008,27465644.0
1782226800000,1.1009,1.1009,1.0911,1.0985,31424114.4
1782230400000,1.0985,1.1037,1.0965,1.1003,20083897.1
1782234000000,1.1003,1.1043,1.0957,1.0972,13337527.6
1782237600000,1.0972,1.1012,1.0951,1.0981,11506801.1
1782241200000,1.0982,1.1045,1.0964,1.1015,15825066.6
1782244800000,1.1014,1.1049,1.1014,1.1037,7487445.3
1782248400000,1.1038,1.1063,1.1027,1.1042,5732732.6
1782252000000,1.1043,1.1122,1.1041,1.1083,14849544.7
1782255600000,1.1083,1.1114,1.1053,1.1094,6642596.7
1782259200000,1.1093,1.1128,1.1080,1.1106,17164078.1
1782262800000,1.1106,1.1135,1.1067,1.1083,9917242.4
1782266400000,1.1083,1.1091,1.1043,1.1051,11679220.6
1782270000000,1.1051,1.1057,1.0984,1.1033,11895114.9
1782273600000,1.1033,1.1036,1.0936,1.1012,19404112.7
1782277200000,1.1012,1.1065,1.1008,1.1046,7583159.6
1782280800000,1.1046,1.1062,1.1018,1.1020,6041533.4
1782284400000,1.1020,1.1024,1.0964,1.0982,7880456.7
1782288000000,1.0982,1.1031,1.0973,1.1017,9306128.8
1782291600000,1.1017,1.1018,1.0965,1.0979,7825829.3
1782295200000,1.0979,1.0982,1.0833,1.0859,48324215.8
1782298800000,1.0859,1.1020,1.0812,1.0953,27984871.0
1782302400000,1.0953,1.0954,1.0894,1.0896,14472199.6
1782306000000,1.0897,1.0904,1.0742,1.0753,63429582.8
1782309600000,1.0753,1.0818,1.0726,1.0749,30321457.4
1782313200000,1.0749,1.0750,1.0558,1.0578,61001406.5
1782316800000,1.0578,1.0667,1.0506,1.0560,61724953.9
1782320400000,1.0561,1.0603,1.0451,1.0503,63753763.3
1782324000000,1.0503,1.0699,1.0485,1.0595,34012263.6
1782327600000,1.0595,1.0614,1.0522,1.0567,30063291.3
1782331200000,1.0568,1.0781,1.0536,1.0739,40347521.3
1782334800000,1.0740,1.0767,1.0664,1.0756,16932906.0
1782338400000,1.0757,1.0800,1.0693,1.0707,13728744.2
1782342000000,1.0708,1.0755,1.0691,1.0729,8495466.7
1782345600000,1.0729,1.0765,1.0713,1.0734,13682881.3
1782349200000,1.0734,1.0775,1.0721,1.0748,14331986.5
1782352800000,1.0749,1.0770,1.0686,1.0710,12793145.6
1782356400000,1.0711,1.0732,1.0683,1.0715,8507468.9
1782360000000,1.0715,1.0840,1.0692,1.0797,16296015.6
1782363600000,1.0797,1.0879,1.0781,1.0841,18784890.5
1782367200000,1.0841,1.0891,1.0832,1.0875,13181049.2
1782370800000,1.0874,1.0879,1.0838,1.0865,9402661.1
1782374400000,1.0864,1.0865,1.0819,1.0826,7903011.4
1782378000000,1.0826,1.0833,1.0795,1.0810,8316486.8
1782381600000,1.0810,1.0815,1.0723,1.0732,18278946.0
1782385200000,1.0732,1.0740,1.0671,1.0713,18826914.0
1782388800000,1.0713,1.0794,1.0665,1.0742,27289468.9
1782392400000,1.0743,1.0760,1.0113,1.0146,135917224.1
1782396000000,1.0146,1.0489,1.0144,1.0327,114374562.4
1782399600000,1.0328,1.0369,1.0228,1.0342,33360259.5
1782403200000,1.0342,1.0440,1.0257,1.0299,29862720.9
1782406800000,1.0300,1.0454,1.0294,1.0454,22574159.7
1782410400000,1.0453,1.0472,1.0328,1.0339,22047589.3
1782414000000,1.0339,1.0343,1.0275,1.0339,16405538.8
1782417600000,1.0338,1.0397,1.0308,1.0327,12423639.5
1782421200000,1.0326,1.0432,1.0322,1.0431,12692573.5
1782424800000,1.0432,1.0438,1.0379,1.0403,10765932.6
1782428400000,1.0403,1.0481,1.0367,1.0430,16894640.4
1782432000000,1.0430,1.0457,1.0399,1.0406,11790322.5
1782435600000,1.0405,1.0423,1.0283,1.0315,16092032.9
1782439200000,1.0314,1.0319,1.0107,1.0138,65412812.8
1782442800000,1.0138,1.0354,1.0081,1.0338,55527123.4
1782446400000,1.0338,1.0352,1.0265,1.0277,16932764.3
1782450000000,1.0276,1.0349,1.0263,1.0328,18917816.5
1782453600000,1.0327,1.0456,1.0291,1.0439,24235771.7
1782457200000,1.0439,1.0524,1.0435,1.0492,36126302.7
1782460800000,1.0493,1.0506,1.0368,1.0389,24074634.9
1782464400000,1.0389,1.0390,1.0282,1.0310,18161554.3
1782468000000,1.0310,1.0335,1.0252,1.0270,13959506.2
1782471600000,1.0271,1.0308,1.0191,1.0221,17656235.8
1782475200000,1.0220,1.0335,1.0155,1.0192,31443759.1
1782478800000,1.0192,1.0387,1.0106,1.0385,53395106.3
1782482400000,1.0384,1.0476,1.0338,1.0359,81708221.3
1782486000000,1.0360,1.0488,1.0341,1.0444,31800779.4
1782489600000,1.0445,1.0533,1.0393,1.0441,28821053.0
1782493200000,1.0441,1.0507,1.0437,1.0469,14692772.7
1782496800000,1.0469,1.0494,1.0389,1.0402,15031370.3
1782500400000,1.0401,1.0532,1.0385,1.0470,27056393.7
1782504000000,1.0470,1.0554,1.0425,1.0441,24217260.7
1782507600000,1.0440,1.0465,1.0398,1.0417,11161207.5
1782511200000,1.0417,1.0476,1.0373,1.0474,8709384.4
1782514800000,1.0473,1.0493,1.0448,1.0483,7018950.2
1782518400000,1.0483,1.0518,1.0434,1.0472,12888256.6
1782522000000,1.0472,1.0519,1.0453,1.0515,8839410.4
1782525600000,1.0515,1.0663,1.0504,1.0610,29867292.4
1782529200000,1.0611,1.0621,1.0558,1.0582,12767586.6
1782532800000,1.0583,1.0634,1.0583,1.0594,9584190.0
1782536400000,1.0595,1.0600,1.0523,1.0572,10827613.5
1782540000000,1.0572,1.0609,1.0534,1.0591,10519648.2
1782543600000,1.0592,1.0618,1.0571,1.0595,9485841.1
1782547200000,1.0596,1.0597,1.0546,1.0565,7561115.1
1782550800000,1.0565,1.0579,1.0536,1.0575,6143720.3
1782554400000,1.0575,1.0591,1.0559,1.0587,5920310.6
1782558000000,1.0587,1.0599,1.0536,1.0587,8058680.2
1782561600000,1.0586,1.0611,1.0568,1.0602,5819969.9
1782565200000,1.0602,1.0644,1.0593,1.0640,12503295.2
1782568800000,1.0640,1.0684,1.0623,1.0681,14374249.4
1782572400000,1.0681,1.0754,1.0674,1.0745,21875712.4
1782576000000,1.0745,1.0767,1.0686,1.0696,19684530.0
1782579600000,1.0696,1.0701,1.0596,1.0599,23820920.3
1782583200000,1.0598,1.0602,1.0562,1.0582,11254345.5
1782586800000,1.0583,1.0595,1.0517,1.0539,17362937.3
1782590400000,1.0538,1.0561,1.0534,1.0545,6683547.4
1782594000000,1.0545,1.0572,1.0507,1.0526,9924084.6
1782597600000,1.0525,1.0534,1.0445,1.0530,16395032.5
1782601200000,1.0530,1.0549,1.0464,1.0469,11428731.0
1782604800000,1.0469,1.0507,1.0464,1.0493,10872276.7
1782608400000,1.0493,1.0507,1.0452,1.0504,9032688.6
1782612000000,1.0504,1.0527,1.0446,1.0457,10933981.0
1782615600000,1.0457,1.0503,1.0457,1.0492,7845380.2
1782619200000,1.0493,1.0499,1.0456,1.0480,7006090.8
1782622800000,1.0479,1.0480,1.0418,1.0470,12342034.0
1782626400000,1.0470,1.0481,1.0412,1.0442,10393396.7
1782630000000,1.0442,1.0510,1.0441,1.0503,13614629.8
1782633600000,1.0504,1.0583,1.0496,1.0538,15093969.6
1782637200000,1.0538,1.0547,1.0477,1.0491,11099459.8
1782640800000,1.0492,1.0506,1.0451,1.0479,8748191.3
1782644400000,1.0480,1.0529,1.0460,1.0520,7982455.8
1782648000000,1.0520,1.0554,1.0483,1.0513,9198601.6
1782651600000,1.0513,1.0520,1.0454,1.0488,10125983.3
1782655200000,1.0489,1.0569,1.0481,1.0518,12910434.1
1782658800000,1.0518,1.0570,1.0491,1.0519,11132483.9
1782662400000,1.0519,1.0528,1.0432,1.0466,15521795.5
1782666000000,1.0465,1.0491,1.0404,1.0466,12867471.1
1782669600000,1.0465,1.0480,1.0425,1.0461,6371596.7
1782673200000,1.0460,1.0487,1.0386,1.0438,13915006.0
1782676800000,1.0438,1.0498,1.0432,1.0463,8618499.3
1782680400000,1.0463,1.0463,1.0374,1.0403,10371804.5
1782684000000,1.0403,1.0517,1.0324,1.0374,29086651.7
1782687600000,1.0373,1.0518,1.0364,1.0480,17917009.1
1782691200000,1.0480,1.0488,1.0330,1.0470,23581855.8
1782694800000,1.0470,1.0481,1.0387,1.0428,11004625.6
1782698400000,1.0429,1.0480,1.0313,1.0460,23994548.6
1782702000000,1.0460,1.0555,1.0456,1.0502,18787783.3
1782705600000,1.0502,1.0503,1.0413,1.0428,8864728.7
1782709200000,1.0429,1.0481,1.0351,1.0480,19630243.8
1782712800000,1.0481,1.0544,1.0471,1.0489,24420413.1
1782716400000,1.0490,1.0520,1.0451,1.0487,8881447.2
1782720000000,1.0486,1.0505,1.0413,1.0434,14479657.6
1782723600000,1.0434,1.0500,1.0428,1.0489,10738363.3
1782727200000,1.0489,1.0551,1.0489,1.0515,15901494.7
1782730800000,1.0514,1.0609,1.0473,1.0530,21922771.9
1782734400000,1.0530,1.0658,1.0476,1.0548,41289908.5
1782738000000,1.0549,1.0620,1.0438,1.0500,35654562.2
1782741600000,1.0500,1.0507,1.0393,1.0491,30804231.2
1782745200000,1.0491,1.0517,1.0404,1.0490,20498772.3
1782748800000,1.0490,1.0532,1.0425,1.0505,14158357.9
1782752400000,1.0504,1.0686,1.0503,1.0651,37911077.0
1782756000000,1.0651,1.0690,1.0622,1.0645,15675383.3
1782759600000,1.0646,1.0762,1.0631,1.0747,26151703.1
1782763200000,1.0748,1.0750,1.0623,1.0632,10531673.9
1782766800000,1.0633,1.0652,1.0594,1.0641,13024480.8
1782770400000,1.0642,1.0650,1.0586,1.0588,7350581.2
1782774000000,1.0588,1.0595,1.0547,1.0583,10890802.3
1782777600000,1.0583,1.0585,1.0478,1.0481,17964308.6
1782781200000,1.0480,1.0515,1.0467,1.0494,10661373.7
1782784800000,1.0495,1.0519,1.0455,1.0501,7917694.9
1782788400000,1.0500,1.0523,1.0434,1.0447,21827811.1
1782792000000,1.0447,1.0473,1.0420,1.0459,10677230.3
1782795600000,1.0459,1.0489,1.0447,1.0487,6905113.9
1782799200000,1.0487,1.0506,1.0470,1.0490,5714260.9
1782802800000,1.0490,1.0500,1.0461,1.0468,6266595.4
1782806400000,1.0468,1.0477,1.0405,1.0442,14524238.3
1782810000000,1.0442,1.0455,1.0416,1.0434,7665330.2
1782813600000,1.0434,1.0440,1.0410,1.0414,6939193.3
1782817200000,1.0415,1.0432,1.0365,1.0383,14870886.7
1782820800000,1.0384,1.0384,1.0268,1.0271,33028173.6
1782824400000,1.0272,1.0355,1.0267,1.0349,32684246.5
1782828000000,1.0349,1.0447,1.0324,1.0339,32252775.7
1782831600000,1.0340,1.0406,1.0288,1.0335,21730472.3
1782835200000,1.0335,1.0434,1.0316,1.0409,20744776.0
1782838800000,1.0408,1.0440,1.0375,1.0382,12707862.8
1782842400000,1.0382,1.0474,1.0371,1.0427,13428856.9
1782846000000,1.0428,1.0496,1.0380,1.0441,22290443.5
1782849600000,1.0440,1.0462,1.0404,1.0413,8275242.6
1782853200000,1.0412,1.0423,1.0380,1.0409,6374622.1
1782856800000,1.0409,1.0439,1.0383,1.0400,7833703.0
1782860400000,1.0400,1.0404,1.0373,1.0395,5111078.6
1782864000000,1.0396,1.0408,1.0347,1.0368,12164055.4
1782867600000,1.0368,1.0429,1.0212,1.0409,44703938.2
1782871200000,1.0410,1.0474,1.0378,1.0455,23301343.0
1782874800000,1.0456,1.0527,1.0419,1.0504,22028628.6
1782878400000,1.0503,1.0540,1.0482,1.0511,12175714.8
1782882000000,1.0511,1.0529,1.0480,1.0504,7638086.0
1782885600000,1.0504,1.0504,1.0387,1.0417,24880524.3
1782889200000,1.0417,1.0436,1.0384,1.0433,12492662.9
1782892800000,1.0433,1.0475,1.0373,1.0471,15068480.2
1782896400000,1.0471,1.0488,1.0440,1.0454,10769347.2
1782900000000,1.0454,1.0462,1.0389,1.0398,8721731.6
1782903600000,1.0398,1.0423,1.0360,1.0381,15439332.0
1782907200000,1.0381,1.0396,1.0337,1.0365,16984839.3
1782910800000,1.0366,1.0492,1.0359,1.0490,30861062.3
1782914400000,1.0489,1.0603,1.0462,1.0517,39408224.8
1782918000000,1.0516,1.0652,1.0511,1.0601,29076738.7
1782921600000,1.0602,1.0644,1.0552,1.0568,17236977.9
1782925200000,1.0568,1.0622,1.0542,1.0612,11703218.4
1782928800000,1.0612,1.0637,1.0574,1.0597,9283357.2
1782932400000,1.0596,1.0650,1.0583,1.0608,16754644.3
1782936000000,1.0609,1.0611,1.0555,1.0577,9561946.3
1782939600000,1.0576,1.0688,1.0573,1.0660,18181628.9
1782943200000,1.0659,1.0735,1.0596,1.0609,25147021.1
1782946800000,1.0609,1.0609,1.0514,1.0526,17112034.8
1782950400000,1.0526,1.0526,1.0442,1.0471,18289260.5
1782954000000,1.0472,1.0594,1.0461,1.0568,13900729.6
1782957600000,1.0567,1.0608,1.0543,1.0595,9675221.2
1782961200000,1.0595,1.0700,1.0558,1.0673,26538937.0
1782964800000,1.0674,1.0676,1.0610,1.0642,9547404.5
1782968400000,1.0643,1.0661,1.0581,1.0594,9547225.9
1782972000000,1.0594,1.0614,1.0552,1.0559,13553382.7
1782975600000,1.0559,1.0593,1.0551,1.0580,8712738.8
1782979200000,1.0581,1.0644,1.0579,1.0636,10260175.5
1782982800000,1.0637,1.0813,1.0616,1.0732,59640987.5
1782986400000,1.0731,1.0819,1.0721,1.0811,23268816.2
1782990000000,1.0811,1.0857,1.0766,1.0836,30773157.5
1782993600000,1.0836,1.0978,1.0829,1.0923,50856655.8
1782997200000,1.0924,1.1120,1.0913,1.1037,55989416.3
1783000800000,1.1038,1.1072,1.0876,1.0917,40165923.5
1783004400000,1.0917,1.0961,1.0859,1.0933,19277864.8
1783008000000,1.0933,1.0960,1.0860,1.0904,17900265.4
1783011600000,1.0904,1.0937,1.0875,1.0880,9975098.0
1783015200000,1.0879,1.0912,1.0866,1.0889,8933305.8
1783018800000,1.0889,1.0892,1.0831,1.0848,13133936.5
1783022400000,1.0849,1.0853,1.0809,1.0828,9724975.6
1783026000000,1.0828,1.0840,1.0787,1.0810,8844404.6
1783029600000,1.0809,1.0842,1.0782,1.0833,9792232.9
1783033200000,1.0832,1.0876,1.0816,1.0873,11526194.3
1783036800000,1.0873,1.0880,1.0821,1.0835,9456080.9
1783040400000,1.0834,1.0953,1.0830,1.0934,13622064.6
1783044000000,1.0935,1.0948,1.0866,1.0907,14338158.9
1783047600000,1.0907,1.0924,1.0858,1.0901,8095769.1
1783051200000,1.0902,1.0936,1.0880,1.0920,6963925.4
1783054800000,1.0921,1.1011,1.0909,1.0993,12941840.3
1783058400000,1.0993,1.1063,1.0987,1.1006,16651451.9
1783062000000,1.1006,1.1045,1.0972,1.1019,13372592.4
1783065600000,1.1020,1.1070,1.0984,1.0994,15726945.9
1783069200000,1.0994,1.1038,1.0976,1.1006,9532541.9
1783072800000,1.1007,1.1123,1.0989,1.1086,22564148.8
1783076400000,1.1087,1.1119,1.1061,1.1095,18512415.4
1783080000000,1.1094,1.1136,1.1031,1.1071,19810081.3
1783083600000,1.1072,1.1149,1.1072,1.1107,20162641.1
1783087200000,1.1107,1.1135,1.1051,1.1117,27055762.7
1783090800000,1.1118,1.1235,1.1115,1.1196,46379554.0
1783094400000,1.1196,1.1212,1.1136,1.1147,24775539.9
1783098000000,1.1148,1.1239,1.1141,1.1229,17125254.0
1783101600000,1.1230,1.1290,1.1197,1.1262,19607245.6
1783105200000,1.1262,1.1448,1.1254,1.1313,46160443.9
1783108800000,1.1312,1.1436,1.1274,1.1389,34821467.2
1783112400000,1.1388,1.1408,1.1268,1.1328,19497624.8
1783116000000,1.1329,1.1350,1.1272,1.1298,10756486.4
1783119600000,1.1298,1.1376,1.1281,1.1341,14960104.4
1783123200000,1.1341,1.1430,1.1329,1.1409,20420738.3
1783126800000,1.1409,1.1410,1.1307,1.1328,18325308.1
1783130400000,1.1328,1.1385,1.1316,1.1351,9293690.0
1783134000000,1.1351,1.1409,1.1315,1.1374,10511644.8
1783137600000,1.1375,1.1492,1.1359,1.1474,21479494.1
1783141200000,1.1473,1.1474,1.1368,1.1386,18215647.0
1783144800000,1.1386,1.1464,1.1330,1.1371,18527932.2
1783148400000,1.1371,1.1424,1.1325,1.1389,13898449.4
1783152000000,1.1389,1.1486,1.1389,1.1411,22069159.4
1783155600000,1.1412,1.1435,1.1343,1.1364,16175248.3
1783159200000,1.1364,1.1419,1.1348,1.1409,10315605.4
1783162800000,1.1409,1.1442,1.1375,1.1395,11495623.7
1783166400000,1.1395,1.1542,1.1395,1.1472,24171517.1
1783170000000,1.1473,1.1616,1.1468,1.1524,35216049.2
1783173600000,1.1523,1.1739,1.1521,1.1730,67838829.5
1783177200000,1.1730,1.1799,1.1664,1.1718,45554004.1
1783180800000,1.1719,1.1767,1.1630,1.1735,26435138.5
1783184400000,1.1734,1.1838,1.1673,1.1807,30388689.2
1783188000000,1.1807,1.1820,1.1727,1.1742,21093793.4
1783191600000,1.1742,1.1778,1.1661,1.1678,24570017.2
1783195200000,1.1678,1.1694,1.1592,1.1624,20679980.0
1783198800000,1.1623,1.1680,1.1611,1.1655,10285563.2
1783202400000,1.1655,1.1663,1.1596,1.1617,9143329.3
1783206000000,1.1618,1.1620,1.1533,1.1568,21031515.4
1783209600000,1.1569,1.1570,1.1463,1.1492,29621291.6
1783213200000,1.1491,1.1507,1.1420,1.1449,27676360.0
1783216800000,1.1450,1.1450,1.1331,1.1369,24600685.8
1783220400000,1.1369,1.1405,1.1351,1.1377,14643323.6
1783224000000,1.1377,1.1420,1.1360,1.1374,14550878.6
1783227600000,1.1374,1.1374,1.1321,1.1358,14408401.3
1783231200000,1.1359,1.1391,1.1334,1.1378,10925985.8
1783234800000,1.1379,1.1407,1.1350,1.1396,11213754.4
1783238400000,1.1395,1.1411,1.1369,1.1381,12088256.1
1783242000000,1.1382,1.1389,1.1254,1.1273,30864294.4
1783245600000,1.1273,1.1296,1.1241,1.1290,14385715.8
1783249200000,1.1290,1.1328,1.1275,1.1315,14044575.3
1783252800000,1.1315,1.1362,1.1281,1.1350,14175513.5
1783256400000,1.1351,1.1364,1.1301,1.1349,10788675.9
1783260000000,1.1348,1.1375,1.1329,1.1366,7538768.3
1783263600000,1.1366,1.1407,1.1340,1.1363,13693005.2
1783267200000,1.1363,1.1384,1.1335,1.1345,9086590.4
1783270800000,1.1345,1.1386,1.1314,1.1342,10608933.2
1783274400000,1.1342,1.1397,1.1341,1.1355,6725778.5
1783278000000,1.1355,1.1375,1.1331,1.1346,9368160.0
1783281600000,1.1345,1.1376,1.1339,1.1368,9591371.6
1783285200000,1.1368,1.1481,1.1345,1.1440,19556932.0
1783288800000,1.1439,1.1616,1.1419,1.1573,40958232.2
1783292400000,1.1574,1.1691,1.1546,1.1565,28920363.0
1783296000000,1.1566,1.1583,1.1452,1.1554,26855491.7
1783299600000,1.1554,1.1610,1.1516,1.1521,17064127.9
1783303200000,1.1520,1.1540,1.1456,1.1480,14812660.3
1783306800000,1.1480,1.1502,1.1408,1.1469,13866743.6
1783310400000,1.1470,1.1485,1.1439,1.1454,6299920.8
1783314000000,1.1454,1.1456,1.1359,1.1404,19648516.3
1783317600000,1.1403,1.1409,1.1359,1.1372,10289997.1
1783321200000,1.1372,1.1466,1.1358,1.1453,13167356.0
1783324800000,1.1454,1.1509,1.1392,1.1419,15097147.0
1783328400000,1.1419,1.1424,1.1336,1.1355,14978250.2
1783332000000,1.1355,1.1443,1.1354,1.1421,11831375.9
1783335600000,1.1421,1.1433,1.1342,1.1345,11666516.0
1783339200000,1.1345,1.1348,1.1134,1.1148,74534627.5
1783342800000,1.1147,1.1223,1.1088,1.1152,54566956.1
1783346400000,1.1153,1.1264,1.1131,1.1230,25389584.4
1783350000000,1.1230,1.1448,1.1229,1.1440,38134865.3
1783353600000,1.1441,1.1538,1.1392,1.1529,43049862.8
1783357200000,1.1529,1.1587,1.1459,1.1463,34615549.5
1783360800000,1.1464,1.1498,1.1407,1.1477,19395340.7
1783364400000,1.1477,1.1523,1.1444,1.1487,22791255.9
1783368000000,1.1488,1.1488,1.1416,1.1434,13503626.6
1783371600000,1.1433,1.1645,1.1430,1.1531,30947422.5
1783375200000,1.1531,1.1542,1.1462,1.1473,12765832.4
1783378800000,1.1473,1.1497,1.1434,1.1445,8438760.4
1783382400000,1.1446,1.1510,1.1441,1.1480,13292597.7
1783386000000,1.1480,1.1481,1.1387,1.1406,19289488.5
1783389600000,1.1406,1.1417,1.1292,1.1304,24496044.2
1783393200000,1.1305,1.1340,1.1267,1.1285,18418998.0
1783396800000,1.1285,1.1289,1.1225,1.1247,16114291.3
1783400400000,1.1247,1.1287,1.1203,1.1268,21306336.9
1783404000000,1.1269,1.1327,1.1242,1.1318,14952502.1
1783407600000,1.1318,1.1345,1.1259,1.1262,14037388.9
1783411200000,1.1262,1.1275,1.1235,1.1242,10007747.8
1783414800000,1.1243,1.1269,1.1235,1.1263,10208290.6
1783418400000,1.1263,1.1297,1.1223,1.1232,14218478.6
1783422000000,1.1232,1.1252,1.1191,1.1246,17347288.1
1783425600000,1.1247,1.1318,1.1242,1.1261,18462427.0
1783429200000,1.1260,1.1272,1.1183,1.1203,27336355.5
1783432800000,1.1203,1.1254,1.1075,1.1243,54386221.8
1783436400000,1.1243,1.1323,1.1199,1.1300,25930259.0
1783440000000,1.1300,1.1349,1.1245,1.1290,21347852.7
1783443600000,1.1289,1.1322,1.1258,1.1320,10346114.5
1783447200000,1.1321,1.1321,1.1186,1.1189,18563884.9
1783450800000,1.1189,1.1255,1.1128,1.1223,29993517.6
1783454400000,1.1223,1.1226,1.1166,1.1182,9785843.5
1783458000000,1.1182,1.1211,1.1112,1.1129,13277074.1
1783461600000,1.1129,1.1165,1.1063,1.1150,17693903.6
1783465200000,1.1149,1.1190,1.1107,1.1114,12023953.2
1783468800000,1.1115,1.1161,1.1095,1.1133,12173851.6
1783472400000,1.1134,1.1151,1.0966,1.0985,37995811.5
1783476000000,1.0984,1.1013,1.0900,1.0998,41641336.7
1783479600000,1.0999,1.1037,1.0937,1.0950,14303403.6
1783483200000,1.0950,1.0968,1.0912,1.0942,13623109.8
1783486800000,1.0942,1.0956,1.0886,1.0910,14147547.1
1783490400000,1.0909,1.0921,1.0858,1.0908,18456922.0
1783494000000,1.0909,1.0949,1.0876,1.0934,12375725.8
1783497600000,1.0935,1.0946,1.0745,1.0799,55736448.0
1783501200000,1.0799,1.0818,1.0752,1.0788,15845461.0
1783504800000,1.0788,1.0835,1.0760,1.0831,14239926.7
1783508400000,1.0831,1.0885,1.0798,1.0860,17119951.8
1783512000000,1.0860,1.0882,1.0815,1.0816,15634245.2
1783515600000,1.0815,1.0873,1.0771,1.0809,39850104.6
1783519200000,1.0810,1.0842,1.0736,1.0774,20986562.4
1783522800000,1.0774,1.0780,1.0678,1.0732,23549339.9
1783526400000,1.0731,1.0836,1.0727,1.0835,19008355.2
1783530000000,1.0835,1.0947,1.0831,1.0858,27988553.0
1783533600000,1.0859,1.0904,1.0827,1.0873,17364542.3
1783537200000,1.0873,1.0956,1.0844,1.0905,22197562.4
1783540800000,1.0905,1.0924,1.0869,1.0883,14497175.7
1783544400000,1.0883,1.0910,1.0836,1.0904,10917573.6
1783548000000,1.0904,1.0926,1.0890,1.0923,7534483.9
1783551600000,1.0923,1.0924,1.0871,1.0903,7794433.8
1783555200000,1.0902,1.0912,1.0863,1.0876,7266130.8
1783558800000,1.0876,1.0985,1.0822,1.0829,23374251.5
1783562400000,1.0830,1.0898,1.0817,1.0837,10163454.8
1783566000000,1.0838,1.0890,1.0821,1.0872,8215928.4
1783569600000,1.0872,1.0943,1.0843,1.0936,10732470.6
1783573200000,1.0936,1.0997,1.0908,1.0988,15978031.9
1783576800000,1.0989,1.1020,1.0961,1.0997,14291205.2
1783580400000,1.0996,1.1023,1.0945,1.0975,15000740.0
1783584000000,1.0975,1.0986,1.0943,1.0949,7753054.5
1783587600000,1.0949,1.0949,1.0911,1.0940,7745805.7
1783591200000,1.0939,1.0963,1.0892,1.0915,9893994.5
1783594800000,1.0915,1.0935,1.0899,1.0928,8035774.9
1783598400000,1.0928,1.0967,1.0902,1.0935,21752404.9
1783602000000,1.0936,1.1014,1.0923,1.0985,16007232.6
1783605600000,1.0985,1.1004,1.0903,1.0933,18274025.6
1783609200000,1.0933,1.0964,1.0882,1.0896,15382707.1
1783612800000,1.0896,1.0916,1.0858,1.0881,11673134.3
1783616400000,1.0880,1.0976,1.0880,1.0958,11599307.4
1783620000000,1.0957,1.1001,1.0926,1.0943,14879797.4
1783623600000,1.0944,1.0981,1.0915,1.0971,8475692.0
1783627200000,1.0971,1.0992,1.0949,1.0968,5427070.2
1783630800000,1.0968,1.0979,1.0962,1.0972,3695481.7
1783634400000,1.0973,1.0982,1.0951,1.0955,5539987.0
1783638000000,1.0956,1.0958,1.0916,1.0929,7299239.4
1783641600000,1.0929,1.0931,1.0885,1.0916,11352759.4
1783645200000,1.0915,1.1088,1.0896,1.1044,25548132.8
1783648800000,1.1045,1.1093,1.1024,1.1072,16441035.6
1783652400000,1.1073,1.1090,1.1032,1.1065,9748648.5
1783656000000,1.1066,1.1118,1.1055,1.1090,10484116.9
1783659600000,1.1090,1.1102,1.1069,1.1092,8873821.3
1783663200000,1.1092,1.1101,1.1043,1.1050,9789588.4
1783666800000,1.1050,1.1074,1.1028,1.1050,7447639.8
1783670400000,1.1050,1.1152,1.1041,1.1115,19958675.0
1783674000000,1.1114,1.1177,1.1092,1.1152,15589223.2
1783677600000,1.1152,1.1174,1.1122,1.1137,11353370.6
1783681200000,1.1137,1.1151,1.1086,1.1118,14443797.3
1783684800000,1.1118,1.1141,1.1068,1.1069,15430480.5
1783688400000,1.1068,1.1125,1.1057,1.1098,16373127.8
1783692000000,1.1099,1.1100,1.0956,1.1005,44107656.3
1783695600000,1.1005,1.1054,1.0996,1.1032,11079657.6
1783699200000,1.1031,1.1056,1.0988,1.1046,13195067.0
1783702800000,1.1045,1.1057,1.1003,1.1005,9968640.7
1783706400000,1.1005,1.1044,1.0967,1.0990,13177378.5
1783710000000,1.0990,1.1064,1.0978,1.1047,12984331.4
1783713600000,1.1047,1.1061,1.1025,1.1035,7005076.2
1783717200000,1.1035,1.1062,1.1021,1.1042,4943270.7
1783720800000,1.1041,1.1056,1.1029,1.1049,4295579.2
1783724400000,1.1050,1.1052,1.1024,1.1041,4984214.1
1783728000000,1.1040,1.1050,1.1011,1.1046,6010680.9
1783731600000,1.1046,1.1078,1.1022,1.1023,7347293.6
1783735200000,1.1023,1.1062,1.1018,1.1058,4381464.4
1783738800000,1.1057,1.1091,1.1050,1.1071,8523197.7
1783742400000,1.1070,1.1073,1.1033,1.1040,6290674.2
1783746000000,1.1041,1.1071,1.1031,1.1061,4391968.7
1783749600000,1.1060,1.1089,1.1047,1.1069,7160709.7
1783753200000,1.1070,1.1088,1.1067,1.1072,4386313.9
1783756800000,1.1071,1.1083,1.1053,1.1081,4893983.5
1783760400000,1.1080,1.1105,1.1059,1.1060,7148203.6
1783764000000,1.1059,1.1088,1.1055,1.1086,6822485.7
1783767600000,1.1086,1.1096,1.1072,1.1081,7485742.2
1783771200000,1.1080,1.1090,1.1070,1.1082,3997959.0
1783774800000,1.1081,1.1114,1.1077,1.1084,5512499.2
1783778400000,1.1083,1.1150,1.1083,1.1130,13417164.5
1783782000000,1.1131,1.1179,1.1085,1.1127,26114541.4
1783785600000,1.1128,1.1157,1.1105,1.1121,11797480.1
1783789200000,1.1121,1.1165,1.1107,1.1142,7530121.4
1783792800000,1.1142,1.1177,1.1133,1.1164,6686399.0
1783796400000,1.1164,1.1188,1.1136,1.1151,8757366.0
1783800000000,1.1151,1.1157,1.1136,1.1138,3918977.4
1783803600000,1.1139,1.1160,1.1132,1.1142,4703560.4
1783807200000,1.1141,1.1144,1.1068,1.1086,20989894.4
1783810800000,1.1086,1.1089,1.0960,1.0963,35331479.8
1783814400000,1.0963,1.0982,1.0886,1.0927,35406813.9
1783818000000,1.0927,1.0984,1.0920,1.0983,15819021.6
1783821600000,1.0983,1.0984,1.0943,1.0955,9204837.4
1783825200000,1.0956,1.0993,1.0948,1.0991,12538889.7
1783828800000,1.0992,1.0996,1.0940,1.0949,10736750.0
1783832400000,1.0949,1.0959,1.0931,1.0938,8412236.0
1783836000000,1.0938,1.0938,1.0861,1.0910,21120082.9
1783839600000,1.0910,1.0930,1.0896,1.0908,7251888.6
1783843200000,1.0908,1.0945,1.0905,1.0933,8410886.5
1783846800000,1.0934,1.0964,1.0899,1.0943,10499019.6
1783850400000,1.0943,1.0956,1.0931,1.0944,4158610.0
1783854000000,1.0944,1.0981,1.0922,1.0958,6087177.9
1783857600000,1.0958,1.0995,1.0953,1.0985,8819362.1
1783861200000,1.0984,1.1008,1.0967,1.0977,10021585.5
1783864800000,1.0976,1.1037,1.0958,1.1013,12017575.6
1783868400000,1.1012,1.1033,1.0992,1.1013,9405539.4
1783872000000,1.1013,1.1033,1.0993,1.1012,6502977.9
1783875600000,1.1012,1.1019,1.0967,1.0980,7045553.0
1783879200000,1.0980,1.1009,1.0966,1.1003,5374720.7
1783882800000,1.1002,1.1012,1.0977,1.1000,3934729.6
1783886400000,1.0999,1.1006,1.0983,1.0990,4583836.7
1783890000000,1.0989,1.1007,1.0926,1.0938,13240372.1
1783893600000,1.0937,1.0937,1.0803,1.0859,39340947.7
1783897200000,1.0859,1.0870,1.0831,1.0854,9190034.5
1783900800000,1.0854,1.1026,1.0831,1.0924,36888785.1
1783904400000,1.0924,1.0934,1.0786,1.0803,23429428.1
1783908000000,1.0803,1.0830,1.0760,1.0793,22471289.1
1783911600000,1.0793,1.0793,1.0665,1.0717,39283230.5
1783915200000,1.0717,1.0751,1.0698,1.0721,13341924.8
1783918800000,1.0721,1.0783,1.0695,1.0754,16597921.2
1783922400000,1.0755,1.0775,1.0741,1.0773,9140895.0
1783926000000,1.0774,1.0812,1.0760,1.0790,13331471.1
1783929600000,1.0791,1.0827,1.0778,1.0794,8819609.2
1783933200000,1.0794,1.0803,1.0781,1.0782,5833363.9
1783936800000,1.0781,1.0789,1.0751,1.0767,10456770.1
1783940400000,1.0768,1.0807,1.0767,1.0768,6860662.6
1783944000000,1.0768,1.0780,1.0702,1.0729,16590446.4
1783947600000,1.0729,1.0731,1.0648,1.0682,28505421.7
1783951200000,1.0682,1.0775,1.0664,1.0767,31271171.2
1783954800000,1.0768,1.0796,1.0716,1.0720,14148430.6
1783958400000,1.0720,1.0740,1.0657,1.0680,14906363.0
1783962000000,1.0680,1.0701,1.0581,1.0585,26003220.5
1783965600000,1.0585,1.0624,1.0564,1.0608,20282968.4
1783969200000,1.0608,1.0703,1.0600,1.0668,25024018.2
1783972800000,1.0668,1.0677,1.0584,1.0620,15184734.0
1783976400000,1.0619,1.0620,1.0526,1.0589,14557002.1
1783980000000,1.0589,1.0627,1.0579,1.0581,11064363.0
1783983600000,1.0581,1.0669,1.0569,1.0668,21263102.2
1783987200000,1.0669,1.0700,1.0639,1.0686,16166303.7
1783990800000,1.0687,1.0704,1.0645,1.0646,8186904.4
1783994400000,1.0646,1.0669,1.0620,1.0653,12492259.6
1783998000000,1.0652,1.0667,1.0604,1.0657,9066093.2
1784001600000,1.0656,1.0686,1.0638,1.0677,7777430.8
1784005200000,1.0676,1.0727,1.0670,1.0710,9574497.0
1784008800000,1.0710,1.0711,1.0686,1.0692,5220364.2
1784012400000,1.0692,1.0711,1.0667,1.0682,7750363.8
1784016000000,1.0682,1.0710,1.0670,1.0682,7307696.6
1784019600000,1.0682,1.0700,1.0669,1.0677,5979942.7
1784023200000,1.0677,1.0717,1.0670,1.0704,8887682.1
1784026800000,1.0704,1.0724,1.0686,1.0718,7985819.4
1784030400000,1.0718,1.0908,1.0697,1.0887,62180862.6
1784034000000,1.0888,1.1045,1.0849,1.0987,61036491.4
1784037600000,1.0987,1.1045,1.0943,1.1027,26377756.5
1784041200000,1.1026,1.1104,1.1006,1.1042,31670072.6
1784044800000,1.1043,1.1082,1.1024,1.1042,15515110.9
1784048400000,1.1042,1.1048,1.0976,1.1037,20309748.5
1784052000000,1.1037,1.1128,1.1027,1.1117,15914147.9
1784055600000,1.1118,1.1205,1.1103,1.1148,42277030.4
1784059200000,1.1148,1.1153,1.1092,1.1099,11921371.9
1784062800000,1.1099,1.1107,1.1063,1.1077,9456610.4
1784066400000,1.1077,1.1134,1.1045,1.1097,22185634.5
1784070000000,1.1096,1.1122,1.1084,1.1111,6949330.2
1784073600000,1.1112,1.1118,1.1062,1.1079,12660774.4
1784077200000,1.1078,1.1081,1.1018,1.1030,15332092.1
1784080800000,1.1029,1.1038,1.0985,1.0990,12185280.6
1784084400000,1.0990,1.1048,1.0989,1.1038,11146599.0
1784088000000,1.1038,1.1061,1.1008,1.1028,9885927.2
1784091600000,1.1028,1.1065,1.0992,1.1061,9189884.4
1784095200000,1.1061,1.1133,1.1052,1.1069,28815731.8
1784098800000,1.1069,1.1075,1.1012,1.1033,11219196.5
1784102400000,1.1034,1.1088,1.1025,1.1074,12602673.9
1784106000000,1.1074,1.1121,1.1072,1.1085,11326092.3
1784109600000,1.1084,1.1098,1.1056,1.1079,9035327.1
1784113200000,1.1079,1.1090,1.1064,1.1078,11110567.7
1784116800000,1.1078,1.1213,1.1049,1.1205,29541176.5
1784120400000,1.1204,1.1288,1.1171,1.1212,55973321.5
1784124000000,1.1213,1.1297,1.1177,1.1251,28950084.0
1784127600000,1.1250,1.1282,1.1200,1.1256,19078964.8
1784131200000,1.1256,1.1266,1.1071,1.1133,37437995.7
1784134800000,1.1133,1.1190,1.1107,1.1169,18765021.8
1784138400000,1.1168,1.1209,1.1111,1.1120,14161250.4
1784142000000,1.1119,1.1143,1.1085,1.1094,13780790.2
1784145600000,1.1094,1.1135,1.1077,1.1107,7069638.2
1784149200000,1.1107,1.1155,1.1099,1.1149,10056069.1
1784152800000,1.1149,1.1182,1.1140,1.1155,8398526.5
1784156400000,1.1155,1.1164,1.1116,1.1126,6866346.6
1784160000000,1.1126,1.1158,1.1079,1.1100,12329383.9
1784163600000,1.1100,1.1142,1.1052,1.1133,10547070.8
1784167200000,1.1132,1.1167,1.1105,1.1163,9222510.3
1784170800000,1.1163,1.1173,1.1112,1.1124,7752422.4
1784174400000,1.1125,1.1136,1.1103,1.1135,9540277.5
1784178000000,1.1135,1.1176,1.1128,1.1153,8934007.8
1784181600000,1.1154,1.1178,1.1114,1.1137,11490538.2
1784185200000,1.1138,1.1151,1.1030,1.1056,24474811.1
1784188800000,1.1057,1.1097,1.0990,1.1062,35069301.0
1784192400000,1.1062,1.1074,1.1041,1.1045,7971828.6
1784196000000,1.1045,1.1089,1.1036,1.1079,9975879.9
1784199600000,1.1080,1.1086,1.1048,1.1081,16946842.2
1784203200000,1.1081,1.1099,1.0994,1.1009,23890936.3
1784206800000,1.1009,1.1119,1.1007,1.1096,22238465.5
1784210400000,1.1097,1.1160,1.1079,1.1113,25077788.6
1784214000000,1.1114,1.1177,1.1056,1.1142,19176804.3
1784217600000,1.1143,1.1146,1.1070,1.1084,13715113.6
1784221200000,1.1084,1.1086,1.0874,1.0941,53469920.4
1784224800000,1.0941,1.0953,1.0874,1.0927,31875728.9
1784228400000,1.0927,1.0987,1.0922,1.0964,23404450.2
1784232000000,1.0964,1.0977,1.0946,1.0969,6142316.3
1784235600000,1.0969,1.0983,1.0949,1.0975,12451381.9
1784239200000,1.0974,1.0986,1.0892,1.0900,13325052.8
1784242800000,1.0899,1.0907,1.0845,1.0864,15206152.9
1784246400000,1.0863,1.0914,1.0819,1.0913,20856620.0
1784250000000,1.0914,1.0953,1.0851,1.0873,16287375.0
1784253600000,1.0872,1.0905,1.0851,1.0875,11234324.7
1784257200000,1.0875,1.0944,1.0874,1.0919,8404007.0
1784260800000,1.0918,1.0922,1.0871,1.0897,10493320.8
1784264400000,1.0896,1.0900,1.0785,1.0799,24719922.8
1784268000000,1.0800,1.0872,1.0786,1.0867,15024928.9
1784271600000,1.0867,1.0867,1.0817,1.0831,10085660.2
1784275200000,1.0832,1.0856,1.0786,1.0842,11305382.9
1784278800000,1.0842,1.0879,1.0839,1.0846,12645304.9
1784282400000,1.0847,1.0878,1.0845,1.0859,15164243.1
1784286000000,1.0859,1.0866,1.0831,1.0842,15515820.2
1784289600000,1.0843,1.0844,1.0772,1.0776,16805451.2
1784293200000,1.0776,1.0802,1.0691,1.0798,41638481.9
1784296800000,1.0799,1.0861,1.0798,1.0820,32264169.0
1784300400000,1.0821,1.0830,1.0737,1.0828,29635657.4
1784304000000,1.0828,1.0895,1.0805,1.0859,17735366.4
1784307600000,1.0858,1.0955,1.0858,1.0911,19822669.8
1784311200000,1.0912,1.0935,1.0871,1.0916,15253537.5
1784314800000,1.0915,1.0926,1.0849,1.0906,18260095.7
1784318400000,1.0906,1.0907,1.0861,1.0881,8964556.0
1784322000000,1.0880,1.0908,1.0875,1.0879,9800170.7
1784325600000,1.0880,1.0885,1.0864,1.0878,12758375.0
1784329200000,1.0877,1.0899,1.0862,1.0884,4896342.7
1784332800000,1.0884,1.0906,1.0875,1.0878,6047463.7
1784336400000,1.0877,1.0897,1.0868,1.0879,4745448.1
1784340000000,1.0878,1.0910,1.0875,1.0896,4620772.7
1784343600000,1.0896,1.0910,1.0885,1.0897,4193872.3
1784347200000,1.0897,1.0897,1.0872,1.0874,3621525.3
1784350800000,1.0874,1.0890,1.0862,1.0874,6294264.4
1784354400000,1.0874,1.0893,1.0863,1.0888,3936291.5
1784358000000,1.0888,1.0900,1.0873,1.0883,5488372.3
1784361600000,1.0883,1.0912,1.0870,1.0888,7964259.6
1784365200000,1.0887,1.0891,1.0831,1.0857,14433562.9
1784368800000,1.0857,1.0877,1.0855,1.0865,7167203.4
1784372400000,1.0865,1.0891,1.0858,1.0881,8088322.7
1784376000000,1.0882,1.0905,1.0852,1.0885,9897841.7
1784379600000,1.0886,1.0886,1.0825,1.0852,11049550.6
1784383200000,1.0853,1.0888,1.0843,1.0884,10048652.2
1784386800000,1.0884,1.0891,1.0851,1.0860,10400907.1
1784390400000,1.0859,1.0902,1.0859,1.0893,8473897.3
1784394000000,1.0893,1.0938,1.0871,1.0929,14403378.0
1784397600000,1.0929,1.0956,1.0895,1.0903,14512072.4
1784401200000,1.0903,1.0933,1.0899,1.0928,7120430.8
1784404800000,1.0928,1.0962,1.0920,1.0927,6855432.1
1784408400000,1.0927,1.0979,1.0913,1.0932,11076840.1
1784412000000,1.0932,1.0952,1.0910,1.0929,8417229.4
1784415600000,1.0928,1.0933,1.0906,1.0922,5807691.7
1784419200000,1.0922,1.0940,1.0913,1.0940,8794079.7
1784422800000,1.0940,1.0941,1.0921,1.0934,5746215.8
1784426400000,1.0933,1.0994,1.0933,1.0965,11911403.6
1784430000000,1.0966,1.0973,1.0922,1.0943,7680686.4
1784433600000,1.0944,1.0980,1.0925,1.0960,10461040.4
1784437200000,1.0960,1.0973,1.0949,1.0959,4624349.5
1784440800000,1.0958,1.0978,1.0949,1.0957,6006416.1
1784444400000,1.0956,1.0971,1.0943,1.0948,6439592.8
1784448000000,1.0948,1.0979,1.0944,1.0976,6994387.3
1784451600000,1.0976,1.0987,1.0941,1.0948,6874938.8
1784455200000,1.0948,1.0991,1.0933,1.0974,8540379.3
1784458800000,1.0974,1.0990,1.0958,1.0964,5832154.7
1784462400000,1.0965,1.0966,1.0903,1.0949,16298533.8
1784466000000,1.0949,1.0953,1.0916,1.0937,5450430.2
1784469600000,1.0937,1.1014,1.0919,1.0984,18530961.2
1784473200000,1.0984,1.0990,1.0964,1.0973,9172288.2
1784476800000,1.0973,1.0978,1.0932,1.0933,10005598.8
1784480400000,1.0933,1.0960,1.0880,1.0938,14584448.9
1784484000000,1.0939,1.0939,1.0888,1.0921,10639064.6
1784487600000,1.0921,1.0950,1.0910,1.0943,8265666.4
1784491200000,1.0943,1.0975,1.0942,1.0964,6472498.7
1784494800000,1.0964,1.0968,1.0910,1.0925,7616318.6
1784498400000,1.0925,1.1013,1.0916,1.0970,15097679.0
1784502000000,1.0971,1.0980,1.0931,1.0972,10288717.4
1784505600000,1.0973,1.1057,1.0927,1.0956,30723290.9
1784509200000,1.0957,1.1083,1.0939,1.0961,25272065.1
1784512800000,1.0961,1.1032,1.0954,1.1007,12151225.2
1784516400000,1.1006,1.1016,1.0963,1.0995,9062667.5
1784520000000,1.0995,1.1000,1.0944,1.0952,8976568.0
1784523600000,1.0952,1.0956,1.0855,1.0873,24891151.9
1784527200000,1.0874,1.0889,1.0826,1.0847,18294068.6
1784530800000,1.0848,1.0904,1.0823,1.0896,11743850.9
1784534400000,1.0896,1.0914,1.0855,1.0875,14711604.0
1784538000000,1.0875,1.0925,1.0863,1.0895,10500113.7
1784541600000,1.0894,1.0946,1.0893,1.0924,10090139.3
1784545200000,1.0923,1.1066,1.0915,1.1055,32354152.3
1784548800000,1.1054,1.1056,1.0976,1.0994,21089162.2
1784552400000,1.0995,1.1007,1.0887,1.0904,27488431.8
1784556000000,1.0904,1.0946,1.0856,1.0927,19563331.2
1784559600000,1.0928,1.1136,1.0925,1.1121,52845723.2
1784563200000,1.1121,1.1146,1.1093,1.1137,28159449.0
1784566800000,1.1136,1.1168,1.1102,1.1146,16926940.9
1784570400000,1.1146,1.1204,1.1130,1.1137,31322829.4
1784574000000,1.1137,1.1179,1.1107,1.1164,24610056.5
1784577600000,1.1163,1.1166,1.1123,1.1142,11334791.5
1784581200000,1.1142,1.1181,1.1140,1.1146,10592261.2
1784584800000,1.1146,1.1147,1.1076,1.1092,19485780.5
1784588400000,1.1092,1.1141,1.1090,1.1118,6378801.4
1784592000000,1.1118,1.1173,1.1105,1.1157,8854473.2
1784595600000,1.1156,1.1200,1.1130,1.1134,12951689.1
1784599200000,1.1134,1.1210,1.1115,1.1185,9323587.5
1784602800000,1.1185,1.1256,1.1185,1.1237,15522016.0
1784606400000,1.1237,1.1280,1.1209,1.1259,17806347.5
1784610000000,1.1259,1.1385,1.1248,1.1306,45969917.0
1784613600000,1.1306,1.1363,1.1283,1.1335,16127524.4
1784617200000,1.1336,1.1360,1.1307,1.1356,13915556.1
1784620800000,1.1356,1.1373,1.1320,1.1325,14115468.7
1784624400000,1.1325,1.1361,1.1304,1.1342,9629445.4
1784628000000,1.1343,1.1350,1.1292,1.1310,12014423.5
1784631600000,1.1309,1.1367,1.1290,1.1359,14035556.9
1784635200000,1.1359,1.1413,1.1339,1.1411,20224841.3
1784638800000,1.1411,1.1446,1.1376,1.1404,38121608.8
1784642400000,1.1404,1.1514,1.1391,1.1480,34716523.1
1784646000000,1.1479,1.1565,1.1444,1.1543,35410194.3
1784649600000,1.1542,1.1579,1.1479,1.1502,24948560.8
1784653200000,1.1502,1.1615,1.1477,1.1574,32054916.9
1784656800000,1.1574,1.1637,1.1525,1.1576,29157550.1
1784660400000,1.1576,1.1641,1.1525,1.1565,30665563.9
1784664000000,1.1565,1.1570,1.1478,1.1483,25994319.9
1784667600000,1.1483,1.1484,1.1446,1.1463,16277137.3
1784671200000,1.1464,1.1465,1.1390,1.1417,24750126.3
1784674800000,1.1417,1.1434,1.1377,1.1432,14579801.2
1784678400000,1.1432,1.1473,1.1415,1.1452,18632169.2
1784682000000,1.1452,1.1457,1.1415,1.1437,9508671.7
1784685600000,1.1437,1.1457,1.1402,1.1408,8215012.3
1784689200000,1.1408,1.1414,1.1376,1.1384,12855055.4
1784692800000,1.1384,1.1417,1.1379,1.1414,9460419.2
1784696400000,1.1415,1.1416,1.1326,1.1329,19012393.6
1784700000000,1.1328,1.1338,1.1287,1.1316,20799763.4
1784703600000,1.1317,1.1333,1.1282,1.1304,13215584.7
1784707200000,1.1305,1.1354,1.1303,1.1341,13135430.5
1784710800000,1.1341,1.1359,1.1319,1.1344,11305163.8
1784714400000,1.1345,1.1389,1.1337,1.1382,11013913.2
1784718000000,1.1382,1.1398,1.1365,1.1381,10836863.7
1784721600000,1.1382,1.1382,1.1325,1.1361,16013170.2
1784725200000,1.1362,1.1436,1.1347,1.1422,18525571.8
1784728800000,1.1423,1.1494,1.1357,1.1417,30479078.0
1784732400000,1.1417,1.1556,1.1417,1.1507,31796411.4
1784736000000,1.1508,1.1569,1.1462,1.1530,23622982.2
1784739600000,1.1529,1.1533,1.1437,1.1472,14990975.9
1784743200000,1.1472,1.1481,1.1382,1.1410,17112064.3
1784746800000,1.1410,1.1421,1.1353,1.1366,17362607.8
1784750400000,1.1366,1.1386,1.1335,1.1375,13895080.9
1784754000000,1.1375,1.1419,1.1373,1.1418,9794334.7
1784757600000,1.1418,1.1423,1.1380,1.1419,11598063.1
1784761200000,1.1420,1.1423,1.1353,1.1415,7902328.5
1784764800000,1.1414,1.1446,1.1395,1.1405,11538403.9
1784768400000,1.1404,1.1423,1.1373,1.1390,8726245.6
1784772000000,1.1390,1.1390,1.1334,1.1375,11810614.7
1784775600000,1.1375,1.1378,1.1327,1.1333,12534037.0
1784779200000,1.1332,1.1371,1.1318,1.1354,10738168.7
1784782800000,1.1354,1.1373,1.1328,1.1338,8137501.6
1784786400000,1.1338,1.1366,1.1327,1.1361,6431863.6
1784790000000,1.1361,1.1362,1.1293,1.1331,16251855.4
1784793600000,1.1331,1.1362,1.1320,1.1352,12047953.2
1784797200000,1.1352,1.1369,1.1321,1.1321,8597423.4
1784800800000,1.1321,1.1360,1.1310,1.1343,7896927.7
1784804400000,1.1343,1.1358,1.1311,1.1321,8091682.6
1784808000000,1.1321,1.1333,1.1187,1.1213,45919308.5
1784811600000,1.1213,1.1214,1.1106,1.1108,55300669.7
1784815200000,1.1109,1.1154,1.1076,1.1093,28750450.3
1784818800000,1.1093,1.1139,1.1032,1.1120,36727137.8
1784822400000,1.1120,1.1122,1.1070,1.1080,16592343.1
1784826000000,1.1080,1.1098,1.1001,1.1024,22155226.3
1784829600000,1.1024,1.1060,1.1019,1.1048,12933936.9
1784833200000,1.1048,1.1064,1.1019,1.1040,15160049.0
1784836800000,1.1039,1.1126,1.1039,1.1123,20427164.1
1784840400000,1.1123,1.1137,1.1087,1.1100,12531720.7
1784844000000,1.1100,1.1129,1.1073,1.1117,10253847.3
1784847600000,1.1117,1.1123,1.1061,1.1073,7975675.8
1784851200000,1.1073,1.1081,1.1032,1.1069,20307377.9
1784854800000,1.1069,1.1102,1.1063,1.1086,10571131.2
1784858400000,1.1086,1.1094,1.1043,1.1058,9939036.3
1784862000000,1.1058,1.1118,1.1051,1.1105,9645314.6
1784865600000,1.1105,1.1108,1.1057,1.1066,8115222.3
1784869200000,1.1066,1.1100,1.1056,1.1095,6035110.8
1784872800000,1.1094,1.1144,1.1091,1.1131,10812579.3
1784876400000,1.1131,1.1210,1.1102,1.1133,32011208.4
1784880000000,1.1133,1.1143,1.1109,1.1111,8859358.0
1784883600000,1.1111,1.1118,1.1071,1.1079,14858419.0
1784887200000,1.1079,1.1084,1.1044,1.1065,10315125.5
1784890800000,1.1064,1.1068,1.1011,1.1034,22152649.2
1784894400000,1.1034,1.1049,1.0992,1.0993,18288713.3
1784898000000,1.0993,1.0999,1.0881,1.0923,47337591.7
1784901600000,1.0923,1.0930,1.0860,1.0922,22367097.7
1784905200000,1.0923,1.0939,1.0878,1.0905,18481453.2
1784908800000,1.0906,1.0915,1.0849,1.0861,15461276.9
1784912400000,1.0860,1.0901,1.0850,1.0885,12744570.7
1784916000000,1.0884,1.0885,1.0843,1.0867,10748458.3
1784919600000,1.0866,1.0900,1.0845,1.0887,11120574.7
1784923200000,1.0887,1.0915,1.0884,1.0902,7739114.9
1784926800000,1.0901,1.0909,1.0880,1.0885,7984934.0
1784930400000,1.0884,1.0922,1.0880,1.0911,5966221.7
1784934000000,1.0911,1.0927,1.0901,1.0913,12606563.7
1784937600000,1.0913,1.0936,1.0909,1.0931,13282662.9
1784941200000,1.0931,1.0945,1.0918,1.0930,10028633.1
1784944800000,1.0929,1.0943,1.0906,1.0931,13112143.6
1784948400000,1.0931,1.0937,1.0908,1.0909,7879427.1
1784952000000,1.0909,1.0939,1.0906,1.0930,8274708.4
1784955600000,1.0929,1.0935,1.0894,1.0909,7423374.2
1784959200000,1.0908,1.0918,1.0870,1.0892,10152914.7
1784962800000,1.0892,1.0894,1.0866,1.0873,6496249.4
1784966400000,1.0872,1.0883,1.0847,1.0864,9931844.9
1784970000000,1.0863,1.0892,1.0854,1.0880,5146711.0
1784973600000,1.0879,1.0903,1.0879,1.0902,4883946.5
1784977200000,1.0902,1.0910,1.0886,1.0894,5253983.6
1784980800000,1.0894,1.0906,1.0885,1.0906,5407140.4
1784984400000,1.0905,1.0930,1.0902,1.0910,6847149.0
1784988000000,1.0910,1.0933,1.0898,1.0928,5989788.8
1784991600000,1.0928,1.0999,1.0927,1.0979,14977026.2
1784995200000,1.0978,1.1029,1.0968,1.1023,12241543.3
1784998800000,1.1022,1.1073,1.1006,1.1029,13389559.6
1785002400000,1.1028,1.1055,1.1010,1.1023,7324184.7
1785006000000,1.1022,1.1027,1.0987,1.1001,9817867.7
1785009600000,1.1000,1.1005,1.0975,1.0980,5496859.3
1785013200000,1.0979,1.1002,1.0967,1.0988,8500324.1
1785016800000,1.0988,1.1006,1.0976,1.1000,11955803.4
1785020400000,1.0999,1.1005,1.0971,1.0971,4513400.5
1785024000000,1.0971,1.0998,1.0964,1.0993,7234862.9
1785027600000,1.0993,1.1003,1.0983,1.0993,5141327.2
1785031200000,1.0993,1.1006,1.0980,1.1001,4701809.1
1785034800000,1.1000,1.1018,1.0989,1.1011,5604211.4
1785038400000,1.1011,1.1040,1.0989,1.1014,9338291.9
1785042000000,1.1015,1.1015,1.0981,1.0989,9581096.8
1785045600000,1.0989,1.1002,1.0949,1.0998,11987111.5
1785049200000,1.0997,1.1005,1.0971,1.0983,7506998.1
1785052800000,1.0983,1.0992,1.0978,1.0990,4122616.2
1785056400000,1.0991,1.1007,1.0984,1.0992,5548262.2
1785060000000,1.0992,1.1012,1.0983,1.1002,5660358.8
1785063600000,1.1001,1.1008,1.0994,1.1000,4201345.8
1785067200000,1.1000,1.1024,1.0979,1.0980,10679776.1
1785070800000,1.0980,1.0983,1.0957,1.0972,8631435.4
1785074400000,1.0971,1.1011,1.0955,1.0995,18587587.8
1785078000000,1.0995,1.1047,1.0987,1.1040,15153091.1
1785081600000,1.1039,1.1067,1.1014,1.1027,13351189.7
1785085200000,1.1026,1.1029,1.1004,1.1013,5538930.0
1785088800000,1.1014,1.1026,1.1002,1.1024,3700364.6
1785092400000,1.1024,1.1028,1.1007,1.1017,3231521.0
1785096000000,1.1017,1.1021,1.1001,1.1003,3001571.4
1785099600000,1.1003,1.1053,1.0995,1.1033,7161599.8
1785103200000,1.1033,1.1134,1.1033,1.1121,31049839.1
1785106800000,1.1120,1.1163,1.1097,1.1125,22190210.5
1785110400000,1.1126,1.1129,1.1073,1.1085,13957314.1
1785114000000,1.1084,1.1099,1.1019,1.1075,13928269.2
1785117600000,1.1075,1.1083,1.1046,1.1053,7274683.9
1785121200000,1.1052,1.1078,1.1035,1.1070,6806952.2
1785124800000,1.1070,1.1095,1.1052,1.1059,6522621.2
1785128400000,1.1059,1.1101,1.1055,1.1100,7674575.5
1785132000000,1.1099,1.1148,1.1094,1.1103,16101906.1
1785135600000,1.1103,1.1112,1.1060,1.1070,10950551.5
1785139200000,1.1070,1.1076,1.1049,1.1061,8364220.4
1785142800000,1.1060,1.1088,1.1035,1.1075,11197847.9
1785146400000,1.1075,1.1090,1.1065,1.1074,6045411.4
1785150000000,1.1074,1.1094,1.1034,1.1046,13061802.6
1785153600000,1.1046,1.1067,1.0984,1.1045,26872728.3
1785157200000,1.1044,1.1136,1.1017,1.1071,28972241.2
1785160800000,1.1071,1.1079,1.0846,1.0899,64820989.8
1785164400000,1.0898,1.0913,1.0853,1.0856,18636716.9
1785168000000,1.0857,1.0949,1.0851,1.0931,19848494.1
1785171600000,1.0931,1.0955,1.0907,1.0935,13075963.3
1785175200000,1.0935,1.0943,1.0860,1.0895,18245144.1
1785178800000,1.0896,1.0948,1.0877,1.0918,18947683.1
1785182400000,1.0918,1.0932,1.0884,1.0905,8140518.6
1785186000000,1.0905,1.0912,1.0855,1.0861,9870547.5
1785189600000,1.0861,1.0862,1.0653,1.0663,76188923.6
1785193200000,1.0663,1.0682,1.0621,1.0652,32250220.4
1785196800000,1.0653,1.0656,1.0576,1.0583,24296206.5
1785200400000,1.0584,1.0617,1.0539,1.0571,25481865.9
1785204000000,1.0571,1.0590,1.0551,1.0568,16250297.7
1785207600000,1.0569,1.0598,1.0563,1.0577,14928419.8
1785211200000,1.0578,1.0579,1.0551,1.0558,11909726.3
1785214800000,1.0559,1.0603,1.0557,1.0571,12728606.1
1785218400000,1.0572,1.0599,1.0550,1.0593,15211408.2
1785222000000,1.0594,1.0598,1.0536,1.0553,15290991.3
1785225600000,1.0554,1.0569,1.0536,1.0559,12591479.3
1785229200000,1.0559,1.0594,1.0546,1.0557,14264062.2
1785232800000,1.0557,1.0568,1.0519,1.0548,21781968.2
1785236400000,1.0549,1.0552,1.0475,1.0488,37489297.0
1785240000000,1.0487,1.0539,1.0478,1.0533,21048422.8
1785243600000,1.0533,1.0552,1.0445,1.0502,46316406.3
1785247200000,1.0503,1.0552,1.0460,1.0536,21363505.1
1785250800000,1.0537,1.0674,1.0515,1.0646,40757788.7
1785254400000,1.0647,1.0661,1.0614,1.0632,14091891.5
1785258000000,1.0632,1.0633,1.0548,1.0575,16675080.8
1785261600000,1.0575,1.0600,1.0549,1.0575,9831219.6
1785265200000,1.0575,1.0627,1.0567,1.0607,16495865.5
1785268800000,1.0606,1.0633,1.0596,1.0630,15314156.7
1785272400000,1.0631,1.0693,1.0630,1.0685,16448873.3
1785276000000,1.0685,1.0702,1.0625,1.0629,19779340.6
1785279600000,1.0628,1.0694,1.0587,1.0686,29866425.7
1785283200000,1.0686,1.0800,1.0685,1.0787,37939455.8
1785286800000,1.0788,1.0805,1.0709,1.0715,24690286.0
1785290400000,1.0715,1.0821,1.0696,1.0791,23152062.4
1785294000000,1.0791,1.0807,1.0705,1.0711,22129728.5
1785297600000,1.0711,1.0805,1.0675,1.0800,35221769.5
1785301200000,1.0801,1.0909,1.0800,1.0856,43451240.4
1785304800000,1.0855,1.0896,1.0825,1.0875,19092101.7
1785308400000,1.0875,1.0901,1.0859,1.0899,12871224.6
1785312000000,1.0899,1.0911,1.0848,1.0867,20981868.9
1785315600000,1.0867,1.0934,1.0866,1.0880,15805921.3
1785319200000,1.0880,1.0896,1.0860,1.0871,12887741.7
1785322800000,1.0871,1.0886,1.0836,1.0838,14599815.8
1785326400000,1.0838,1.0841,1.0748,1.0777,23030393.8
1785330000000,1.0777,1.0782,1.0704,1.0753,20538791.5
1785333600000,1.0753,1.0762,1.0688,1.0718,22404393.9
1785337200000,1.0719,1.0734,1.0663,1.0676,17942797.1
1785340800000,1.0677,1.0720,1.0656,1.0695,16430997.0
1785344400000,1.0695,1.0802,1.0694,1.0800,19513450.0
1785348000000,1.0800,1.0908,1.0757,1.0865,58622200.4
1785351600000,1.0865,1.0895,1.0672,1.0691,40069232.5
1785355200000,1.0692,1.0703,1.0615,1.0654,34623532.1
1785358800000,1.0654,1.0784,1.0632,1.0743,22158587.3
1785362400000,1.0743,1.0790,1.0729,1.0739,14496327.5
1785366000000,1.0739,1.0749,1.0701,1.0733,10059056.2
1785369600000,1.0733,1.0765,1.0679,1.0702,12871385.0
1785373200000,1.0701,1.0807,1.0696,1.0778,18568566.8
1785376800000,1.0779,1.0801,1.0748,1.0751,8059123.9
1785380400000,1.0750,1.0776,1.0740,1.0750,6567874.0
1785384000000,1.0749,1.0758,1.0725,1.0739,6732576.4
1785387600000,1.0738,1.0778,1.0718,1.0759,8184383.2
1785391200000,1.0758,1.0772,1.0722,1.0732,5314698.3
1785394800000,1.0733,1.0794,1.0730,1.0763,14603138.5
1785398400000,1.0764,1.0803,1.0745,1.0780,8974521.0
1785402000000,1.0780,1.0824,1.0779,1.0806,10150980.3
1785405600000,1.0806,1.0824,1.0776,1.0788,10365456.8
1785409200000,1.0787,1.0845,1.0781,1.0834,10297939.3
1785412800000,1.0835,1.0855,1.0813,1.0829,15792952.7
1785416400000,1.0830,1.0886,1.0791,1.0850,22247242.1
1785420000000,1.0850,1.0902,1.0810,1.0870,21038197.5
1785423600000,1.0870,1.0949,1.0852,1.0918,22123807.1
1785427200000,1.0918,1.0936,1.0881,1.0895,13299720.2
1785430800000,1.0896,1.0927,1.0867,1.0905,11389844.0
1785434400000,1.0905,1.0922,1.0845,1.0851,11679192.0
1785438000000,1.0851,1.0905,1.0845,1.0895,12528165.5
1785441600000,1.0894,1.0919,1.0846,1.0851,11580702.4
1785445200000,1.0851,1.0867,1.0836,1.0841,5091561.0
1785448800000,1.0840,1.0887,1.0831,1.0855,8022481.7
1785452400000,1.0855,1.0894,1.0818,1.0824,17590064.7
1785456000000,1.0825,1.0850,1.0807,1.0816,11788012.1
1785459600000,1.0816,1.0897,1.0784,1.0802,23676662.5
1785463200000,1.0802,1.0821,1.0783,1.0803,10885678.7
1785466800000,1.0803,1.0825,1.0775,1.0812,10005946.3
1785470400000,1.0812,1.0823,1.0803,1.0811,6049538.9
1785474000000,1.0812,1.0828,1.0785,1.0797,6144393.4
1785477600000,1.0797,1.0837,1.0789,1.0797,13794523.4
1785481200000,1.0798,1.0798,1.0732,1.0790,24219277.4
1785484800000,1.0790,1.0799,1.0750,1.0768,8038240.6
1785488400000,1.0767,1.0771,1.0707,1.0717,10474643.2
1785492000000,1.0716,1.0745,1.0705,1.0731,8885442.6
1785495600000,1.0731,1.0754,1.0707,1.0721,7714885.9
1785499200000,1.0722,1.0723,1.0696,1.0718,9781392.7
1785502800000,1.0718,1.0737,1.0653,1.0658,21275771.5
1785506400000,1.0657,1.0672,1.0565,1.0626,69856020.6
1785510000000,1.0626,1.0646,1.0577,1.0600,20057141.3
1785513600000,1.0600,1.0634,1.0596,1.0631,11538397.9
1785517200000,1.0630,1.0705,1.0627,1.0692,13897261.2
1785520800000,1.0691,1.0701,1.0629,1.0648,12302129.2
1785524400000,1.0647,1.0660,1.0603,1.0610,15690805.9
1785528000000,1.0610,1.0645,1.0610,1.0615,8884998.2
1785531600000,1.0614,1.0648,1.0588,1.0604,10422390.7
1785535200000,1.0603,1.0638,1.0591,1.0614,7838862.9
1785538800000,1.0613,1.0634,1.0604,1.0613,5663467.6
1785542400000,1.0613,1.0633,1.0613,1.0625,6445347.8
1785546000000,1.0626,1.0648,1.0625,1.0646,6450422.7
1785549600000,1.0645,1.0662,1.0645,1.0652,4226349.6
1785553200000,1.0652,1.0660,1.0638,1.0655,4633565.4
1785556800000,1.0655,1.0668,1.0650,1.0664,2308141.4
1785560400000,1.0664,1.0664,1.0621,1.0636,4786209.6
1785564000000,1.0635,1.0649,1.0626,1.0634,4505277.3
1785567600000,1.0634,1.0638,1.0609,1.0616,5887085.6
1785571200000,1.0615,1.0624,1.0609,1.0619,4955829.2
1785574800000,1.0619,1.0628,1.0606,1.0607,4688020.0
1785578400000,1.0606,1.0633,1.0594,1.0622,6143246.5
1785582000000,1.0621,1.0633,1.0613,1.0632,3054055.5
1785585600000,1.0632,1.0644,1.0628,1.0639,3702060.8
1785589200000,1.0639,1.0644,1.0626,1.0630,3833480.7
1785592800000,1.0630,1.0658,1.0630,1.0658,4984887.3
1785596400000,1.0658,1.0659,1.0623,1.0624,5057816.5
1785600000000,1.0623,1.0640,1.0592,1.0606,9440555.1
1785603600000,1.0605,1.0614,1.0565,1.0585,13665695.7
1785607200000,1.0585,1.0594,1.0464,1.0528,45802298.9
1785610800000,1.0527,1.0539,1.0508,1.0517,10813685.0
1785614400000,1.0517,1.0558,1.0510,1.0549,8728575.3
1785618000000,1.0549,1.0604,1.0548,1.0598,14400946.7
1785621600000,1.0598,1.0618,1.0591,1.0601,8325775.4
1785625200000,1.0601,1.0615,1.0590,1.0600,5308695.2
1785628800000,1.0600,1.0622,1.0600,1.0620,8446031.7
1785632400000,1.0620,1.0680,1.0619,1.0659,17459501.4
1785636000000,1.0659,1.0758,1.0658,1.0757,22065188.2
1785639600000,1.0756,1.0799,1.0743,1.0770,13457494.4
1785643200000,1.0769,1.0836,1.0765,1.0815,18828461.1
1785646800000,1.0814,1.0839,1.0801,1.0827,14360407.5
1785650400000,1.0826,1.0854,1.0810,1.0822,9309363.6
1785654000000,1.0821,1.0848,1.0814,1.0832,10921843.2
1785657600000,1.0832,1.0840,1.0784,1.0796,15663535.6
1785661200000,1.0796,1.0834,1.0762,1.0824,15118603.6
1785664800000,1.0823,1.0824,1.0790,1.0806,6138152.8
1785668400000,1.0805,1.0822,1.0778,1.0792,10509404.1
1785672000000,1.0792,1.0812,1.0770,1.0770,9751087.8
1785675600000,1.0770,1.0810,1.0768,1.0805,7720291.6
1785679200000,1.0805,1.0827,1.0793,1.0811,6737482.3
1785682800000,1.0811,1.0824,1.0794,1.0799,5013283.2
1785686400000,1.0798,1.0816,1.0770,1.0802,7878736.2
1785690000000,1.0803,1.0828,1.0798,1.0816,4557955.2
1785693600000,1.0816,1.0868,1.0803,1.0810,14257643.0
1785697200000,1.0809,1.0823,1.0796,1.0814,5532042.2
1785700800000,1.0814,1.0818,1.0797,1.0810,4616609.5
1785704400000,1.0809,1.0898,1.0809,1.0861,14000835.9
1785708000000,1.0861,1.0929,1.0850,1.0850,18133818.0
1785711600000,1.0850,1.0866,1.0820,1.0865,10010513.0
1785715200000,1.0866,1.0875,1.0796,1.0807,13929067.5
1785718800000,1.0806,1.0811,1.0741,1.0751,16927837.4
1785722400000,1.0750,1.0768,1.0725,1.0737,11124735.0
1785726000000,1.0737,1.0739,1.0672,1.0707,13848867.7
1785729600000,1.0707,1.0731,1.0697,1.0697,10347013.5
1785733200000,1.0697,1.0725,1.0694,1.0719,8520895.2
1785736800000,1.0719,1.0727,1.0675,1.0679,9707147.6
1785740400000,1.0679,1.0693,1.0653,1.0676,13864706.3
1785744000000,1.0677,1.0683,1.0621,1.0671,19383338.8
1785747600000,1.0670,1.0717,1.0663,1.0711,12361752.5
1785751200000,1.0711,1.0721,1.0678,1.0696,8991096.7
1785754800000,1.0696,1.0699,1.0632,1.0640,18119741.9
1785758400000,1.0639,1.0660,1.0637,1.0656,10952669.0
1785762000000,1.0655,1.0758,1.0649,1.0755,28252109.7
1785765600000,1.0754,1.0831,1.0720,1.0824,35452174.9
1785769200000,1.0824,1.0868,1.0778,1.0834,29650811.8
1785772800000,1.0835,1.0847,1.0788,1.0816,12925317.1
1785776400000,1.0816,1.0846,1.0796,1.0808,12753166.9
1785780000000,1.0809,1.0839,1.0802,1.0816,6437938.5
1785783600000,1.0816,1.0827,1.0784,1.0796,9110210.8
1785787200000,1.0797,1.0835,1.0786,1.0835,10254208.1
1785790800000,1.0835,1.0837,1.0794,1.0796,6984528.4
1785794400000,1.0796,1.0800,1.0737,1.0756,14227984.7
1785798000000,1.0756,1.0756,1.0727,1.0754,8698938.1
1785801600000,1.0753,1.0761,1.0695,1.0701,16693389.7
1785805200000,1.0701,1.0789,1.0693,1.0778,17363659.3
1785808800000,1.0779,1.0804,1.0745,1.0776,10115083.6
1785812400000,1.0776,1.0784,1.0738,1.0770,8172469.8
1785816000000,1.0771,1.0816,1.0758,1.0788,12158720.2
1785819600000,1.0787,1.0797,1.0758,1.0759,5298700.8
1785823200000,1.0759,1.0768,1.0723,1.0734,10545660.6
1785826800000,1.0735,1.0793,1.0713,1.0783,10615211.2
1785830400000,1.0784,1.0794,1.0735,1.0745,8230773.5
1785834000000,1.0746,1.0746,1.0719,1.0726,5003686.5
1785837600000,1.0727,1.0768,1.0699,1.0746,13823168.0
1785841200000,1.0746,1.0788,1.0736,1.0787,9714084.7
1785844800000,1.0787,1.0789,1.0751,1.0761,10303782.2
1785848400000,1.0760,1.0785,1.0708,1.0715,21085273.6
1785852000000,1.0715,1.0765,1.0703,1.0756,19670751.3
1785855600000,1.0757,1.0799,1.0716,1.0769,19365101.8
1785859200000,1.0769,1.0771,1.0730,1.0739,7448475.0
1785862800000,1.0740,1.0779,1.0720,1.0732,12059276.1
1785866400000,1.0731,1.0794,1.0730,1.0766,15608403.2
1785870000000,1.0766,1.0827,1.0754,1.0798,20838163.3
1785873600000,1.0797,1.0798,1.0736,1.0776,16067729.7
1785877200000,1.0775,1.0779,1.0756,1.0759,5080533.7
1785880800000,1.0758,1.0769,1.0738,1.0757,6278896.0
1785884400000,1.0756,1.0785,1.0729,1.0733,13308654.7
1785888000000,1.0732,1.0738,1.0686,1.0697,13884565.2
1785891600000,1.0697,1.0730,1.0677,1.0727,11372867.2
1785895200000,1.0727,1.0767,1.0721,1.0738,13535683.2
1785898800000,1.0737,1.0746,1.0654,1.0670,22909494.4
1785902400000,1.0671,1.0674,1.0658,1.0665,8374904.7
1785906000000,1.0666,1.0724,1.0663,1.0692,10493658.2
1785909600000,1.0691,1.0704,1.0678,1.0683,6616732.8
1785913200000,1.0683,1.0687,1.0635,1.0665,16029784.7
1785916800000,1.0666,1.0673,1.0645,1.0651,7285615.1
1785920400000,1.0651,1.0664,1.0640,1.0640,5542901.5
1785924000000,1.0640,1.0643,1.0607,1.0611,18450608.8
1785927600000,1.0612,1.0622,1.0596,1.0605,15190302.9
1785931200000,1.0606,1.0685,1.0602,1.0633,23778502.1
1785934800000,1.0633,1.0639,1.0540,1.0614,44854578.4
1785938400000,1.0613,1.0652,1.0591,1.0647,21617358.5
1785942000000,1.0646,1.0667,1.0600,1.0602,18534298.1
1785945600000,1.0602,1.0688,1.0600,1.0669,14809433.6
1785949200000,1.0669,1.0716,1.0662,1.0699,17568340.3
1785952800000,1.0699,1.0728,1.0681,1.0691,12371331.2
1785956400000,1.0690,1.0715,1.0681,1.0694,14707902.2
1785960000000,1.0695,1.0722,1.0671,1.0693,12518076.6
1785963600000,1.0694,1.0694,1.0621,1.0646,18323948.3
1785967200000,1.0646,1.0651,1.0616,1.0617,10410326.3
1785970800000,1.0617,1.0629,1.0600,1.0617,10427313.4
1785974400000,1.0617,1.0632,1.0606,1.0620,8156473.9
1785978000000,1.0620,1.0621,1.0524,1.0533,28107699.3
1785981600000,1.0532,1.0543,1.0408,1.0464,81460084.1
1785985200000,1.0465,1.0472,1.0405,1.0428,26310009.7
1785988800000,1.0429,1.0478,1.0388,1.0472,25638965.0
1785992400000,1.0473,1.0518,1.0473,1.0518,23712840.4
1785996000000,1.0517,1.0519,1.0491,1.0514,10916866.2
1785999600000,1.0513,1.0515,1.0478,1.0487,10352383.6
1786003200000,1.0487,1.0582,1.0476,1.0553,24257166.7
1786006800000,1.0553,1.0564,1.0410,1.0447,38226280.4
1786010400000,1.0447,1.0472,1.0418,1.0471,13739783.4
1786014000000,1.0471,1.0512,1.0450,1.0499,12481898.4
1786017600000,1.0500,1.0500,1.0456,1.0461,10856164.2
1786021200000,1.0462,1.0470,1.0420,1.0451,24093883.3
1786024800000,1.0451,1.0478,1.0417,1.0472,20752784.1
1786028400000,1.0472,1.0540,1.0469,1.0487,28347982.7
1786032000000,1.0487,1.0494,1.0425,1.0453,22635056.9
1786035600000,1.0453,1.0486,1.0395,1.0409,20978305.8
1786039200000,1.0409,1.0424,1.0332,1.0353,42705612.4
1786042800000,1.0352,1.0381,1.0317,1.0343,29146048.0
1786046400000,1.0342,1.0370,1.0320,1.0328,18116465.9
1786050000000,1.0327,1.0360,1.0323,1.0354,12895601.9
1786053600000,1.0353,1.0371,1.0343,1.0367,9002251.2
1786057200000,1.0366,1.0367,1.0292,1.0347,18857217.7
1786060800000,1.0346,1.0363,1.0309,1.0358,14609090.5
1786064400000,1.0358,1.0389,1.0348,1.0373,10414933.5
1786068000000,1.0373,1.0377,1.0271,1.0300,29035645.7
1786071600000,1.0299,1.0307,1.0189,1.0207,46320001.1
1786075200000,1.0206,1.0231,1.0174,1.0200,38728567.6
1786078800000,1.0200,1.0221,1.0145,1.0207,38210018.5
1786082400000,1.0206,1.0283,1.0200,1.0256,22351447.4
1786086000000,1.0256,1.0286,1.0242,1.0281,12249841.9
1786089600000,1.0280,1.0316,1.0266,1.0306,16544620.5
1786093200000,1.0306,1.0370,1.0306,1.0356,26729400.3
1786096800000,1.0356,1.0371,1.0339,1.0342,14461813.0
1786100400000,1.0341,1.0365,1.0317,1.0335,16085958.8
1786104000000,1.0335,1.0432,1.0331,1.0374,36545999.6
1786107600000,1.0374,1.0408,1.0351,1.0357,19178107.1
1786111200000,1.0357,1.0360,1.0250,1.0264,40628584.9
1786114800000,1.0265,1.0298,1.0255,1.0273,11711083.0
1786118400000,1.0273,1.0302,1.0150,1.0150,36274806.1
1786122000000,1.0149,1.0184,1.0120,1.0160,40186557.2
1786125600000,1.0159,1.0212,1.0138,1.0178,20114089.5
1786129200000,1.0178,1.0251,1.0176,1.0232,19566400.9
1786132800000,1.0232,1.0261,1.0228,1.0251,9073438.2
1786136400000,1.0250,1.0274,1.0214,1.0227,14008040.3
1786140000000,1.0226,1.0233,1.0184,1.0202,11310695.4
1786143600000,1.0201,1.0235,1.0201,1.0205,8152066.3
1786147200000,1.0205,1.0254,1.0197,1.0245,9508211.1
1786150800000,1.0245,1.0312,1.0245,1.0295,13215399.5
1786154400000,1.0295,1.0315,1.0291,1.0303,9263619.0
1786158000000,1.0304,1.0383,1.0303,1.0367,18189578.5
1786161600000,1.0367,1.0389,1.0338,1.0345,12223045.5
1786165200000,1.0345,1.0353,1.0314,1.0329,13782990.1
1786168800000,1.0329,1.0355,1.0322,1.0343,7953690.4
1786172400000,1.0342,1.0347,1.0325,1.0342,7422565.4
1786176000000,1.0342,1.0357,1.0330,1.0356,9878108.8
1786179600000,1.0356,1.0378,1.0348,1.0353,10350985.5
1786183200000,1.0352,1.0398,1.0351,1.0387,9863953.7
1786186800000,1.0386,1.0398,1.0362,1.0374,8605043.4
1786190400000,1.0374,1.0429,1.0367,1.0407,12090121.3
1786194000000,1.0406,1.0426,1.0398,1.0412,10964767.5
1786197600000,1.0411,1.0454,1.0411,1.0443,14998411.6
1786201200000,1.0443,1.0464,1.0419,1.0449,16142143.4
1786204800000,1.0448,1.0484,1.0447,1.0468,18486676.4
1786208400000,1.0468,1.0474,1.0449,1.0453,7128721.1
1786212000000,1.0454,1.0454,1.0411,1.0418,15614309.9
1786215600000,1.0418,1.0433,1.0398,1.0422,9093935.7
1786219200000,1.0421,1.0434,1.0417,1.0422,3426036.1
1786222800000,1.0422,1.0434,1.0419,1.0427,4179167.7
1786226400000,1.0427,1.0434,1.0383,1.0384,9524238.3
1786230000000,1.0384,1.0393,1.0368,1.0391,9301084.2
1786233600000,1.0391,1.0402,1.0374,1.0392,7676702.0
1786237200000,1.0393,1.0404,1.0347,1.0357,15494506.2
1786240800000,1.0357,1.0365,1.0338,1.0350,8733910.6
1786244400000,1.0350,1.0378,1.0338,1.0367,9567893.5
1786248000000,1.0367,1.0389,1.0365,1.0373,5170934.9
1786251600000,1.0373,1.0381,1.0339,1.0360,9449760.1
1786255200000,1.0360,1.0409,1.0358,1.0405,9112976.4
1786258800000,1.0406,1.0410,1.0360,1.0368,12419906.5
1786262400000,1.0368,1.0388,1.0302,1.0332,21783999.2
1786266000000,1.0332,1.0354,1.0320,1.0353,10469243.2
1786269600000,1.0353,1.0376,1.0351,1.0364,9651137.7
1786273200000,1.0365,1.0367,1.0349,1.0364,5625584.5
1786276800000,1.0365,1.0372,1.0348,1.0365,5471549.3
1786280400000,1.0366,1.0403,1.0364,1.0381,11720759.0
1786284000000,1.0382,1.0428,1.0378,1.0421,10075641.3
1786287600000,1.0421,1.0436,1.0409,1.0429,10494467.9
1786291200000,1.0429,1.0455,1.0413,1.0437,11942812.3
1786294800000,1.0437,1.0440,1.0408,1.0409,7159777.2
1786298400000,1.0409,1.0421,1.0389,1.0398,14053285.3
1786302000000,1.0398,1.0417,1.0393,1.0415,4453339.7
1786305600000,1.0415,1.0420,1.0393,1.0417,5835510.1
1786309200000,1.0416,1.0448,1.0406,1.0423,8154615.8
1786312800000,1.0423,1.0476,1.0347,1.0367,22990187.7
1786316400000,1.0368,1.0379,1.0275,1.0292,27360710.6
1786320000000,1.0292,1.0371,1.0272,1.0307,25834989.3
1786323600000,1.0307,1.0407,1.0278,1.0374,21634953.7
1786327200000,1.0375,1.0379,1.0280,1.0344,20763987.6
1786330800000,1.0343,1.0360,1.0278,1.0309,21563916.4
1786334400000,1.0310,1.0340,1.0286,1.0310,8075450.7
1786338000000,1.0311,1.0362,1.0308,1.0350,8336511.8
1786341600000,1.0350,1.0383,1.0346,1.0381,11003205.0
1786345200000,1.0382,1.0400,1.0363,1.0370,10668735.1
1786348800000,1.0371,1.0384,1.0312,1.0335,24663743.1
1786352400000,1.0335,1.0344,1.0296,1.0301,12452169.3
1786356000000,1.0301,1.0322,1.0295,1.0317,12205275.0
1786359600000,1.0317,1.0341,1.0305,1.0341,9810633.5
1786363200000,1.0340,1.0353,1.0275,1.0283,19297696.2
1786366800000,1.0284,1.0291,1.0228,1.0255,32889560.7
1786370400000,1.0256,1.0319,1.0253,1.0264,19694691.6
1786374000000,1.0265,1.0268,1.0205,1.0225,40186889.1
1786377600000,1.0226,1.0249,1.0164,1.0182,35337491.9
1786381200000,1.0182,1.0218,1.0171,1.0195,13592754.0
1786384800000,1.0196,1.0204,1.0153,1.0172,17487975.1
1786388400000,1.0173,1.0232,1.0169,1.0201,11819916.0
1786392000000,1.0202,1.0207,1.0185,1.0193,7497114.2
1786395600000,1.0193,1.0215,1.0160,1.0166,15123406.3
1786399200000,1.0166,1.0173,1.0046,1.0110,71753111.1
1786402800000,1.0110,1.0130,1.0098,1.0116,15969034.5
1786406400000,1.0116,1.0129,1.0093,1.0122,17660223.8
1786410000000,1.0123,1.0158,1.0105,1.0151,12617699.8
1786413600000,1.0151,1.0161,1.0125,1.0126,7384198.9
1786417200000,1.0126,1.0145,1.0124,1.0141,8339562.8
1786420800000,1.0141,1.0148,1.0124,1.0125,5468807.5
1786424400000,1.0126,1.0134,1.0094,1.0094,13661571.5
1786428000000,1.0094,1.0113,1.0011,1.0058,49029516.0
1786431600000,1.0058,1.0069,1.0025,1.0043,23582860.4
1786435200000,1.0044,1.0061,1.0020,1.0055,17555585.1
1786438800000,1.0055,1.0073,1.0041,1.0067,14939657.0
1786442400000,1.0068,1.0068,1.0012,1.0051,21766249.6
1786446000000,1.0051,1.0098,1.0050,1.0077,17856383.7
1786449600000,1.0078,1.0090,1.0036,1.0038,18106992.8
1786453200000,1.0039,1.0096,1.0025,1.0082,24410448.2
1786456800000,1.0083,1.0107,0.9886,0.9940,105573639.5
1786460400000,0.9940,1.0077,0.9931,1.0031,82226594.1
1786464000000,1.0032,1.0105,1.0016,1.0092,37091576.1
1786467600000,1.0091,1.0162,1.0087,1.0137,36491785.6
1786471200000,1.0138,1.0188,1.0080,1.0124,31122052.0
1786474800000,1.0124,1.0158,1.0088,1.0151,19748825.5
1786478400000,1.0151,1.0243,1.0150,1.0171,30425781.9
1786482000000,1.0171,1.0270,1.0169,1.0239,23704155.6
1786485600000,1.0240,1.0255,1.0198,1.0209,11625158.4
1786489200000,1.0208,1.0232,1.0182,1.0224,12926726.5
1786492800000,1.0224,1.0230,1.0208,1.0218,11601008.1
1786496400000,1.0218,1.0245,1.0218,1.0226,11149470.7
1786500000000,1.0226,1.0251,1.0190,1.0208,14783238.0
1786503600000,1.0207,1.0216,1.0189,1.0199,7021590.4
1786507200000,1.0198,1.0213,1.0188,1.0201,7870623.2
1786510800000,1.0201,1.0228,1.0188,1.0214,7774481.9
1786514400000,1.0213,1.0214,1.0174,1.0193,12001954.6
1786518000000,1.0194,1.0219,1.0175,1.0203,8127076.5
1786521600000,1.0202,1.0210,1.0166,1.0168,10236764.6
1786525200000,1.0168,1.0253,1.0164,1.0238,23298272.3
1786528800000,1.0238,1.0253,1.0202,1.0210,14295737.2
1786532400000,1.0209,1.0222,1.0198,1.0220,9929784.7
1786536000000,1.0221,1.0255,1.0150,1.0170,41443493.4
1786539600000,1.0170,1.0181,1.0129,1.0144,20793648.3
1786543200000,1.0143,1.0159,1.0070,1.0086,31576544.4
1786546800000,1.0087,1.0125,1.0076,1.0122,14702610.6
1786550400000,1.0122,1.0127,1.0077,1.0085,14316243.3
1786554000000,1.0085,1.0108,1.0061,1.0099,15407896.0
1786557600000,1.0098,1.0122,1.0084,1.0087,8175450.5
1786561200000,1.0088,1.0094,1.0062,1.0070,10008531.8
1786564800000,1.0069,1.0102,1.0065,1.0088,7284216.6
1786568400000,1.0088,1.0099,1.0025,1.0042,20432998.3
1786572000000,1.0042,1.0072,1.0023,1.0038,11602332.6
1786575600000,1.0037,1.0056,1.0002,1.0051,16281337.5
1786579200000,1.0050,1.0072,1.0022,1.0036,14234997.4
1786582800000,1.0037,1.0055,1.0013,1.0040,11616744.8
1786586400000,1.0040,1.0068,1.0020,1.0066,14308790.8
1786590000000,1.0066,1.0124,1.0065,1.0103,20043627.4
1786593600000,1.0103,1.0119,1.0100,1.0103,8534798.3
1786597200000,1.0103,1.0149,1.0090,1.0130,14679664.4
1786600800000,1.0130,1.0146,1.0114,1.0141,7950233.7
1786604400000,1.0142,1.0149,1.0126,1.0127,7378006.0
1786608000000,1.0127,1.0130,1.0112,1.0123,6499795.3
1786611600000,1.0122,1.0126,1.0093,1.0122,8804981.9
1786615200000,1.0122,1.0125,1.0058,1.0074,17396461.0
1786618800000,1.0074,1.0080,1.0021,1.0036,21477443.5
1786622400000,1.0036,1.0072,1.0030,1.0055,14928551.0
1786626000000,1.0055,1.0092,1.0051,1.0061,15794150.0
1786629600000,1.0061,1.0104,1.0037,1.0095,23444656.1
1786633200000,1.0095,1.0112,1.0023,1.0023,21920751.9
1786636800000,1.0024,1.0071,0.9973,1.0045,49677876.5
1786640400000,1.0045,1.0082,1.0039,1.0063,15379816.9
1786644000000,1.0062,1.0103,1.0041,1.0085,12706381.1
1786647600000,1.0085,1.0100,1.0074,1.0097,11516822.5
1786651200000,1.0097,1.0113,1.0084,1.0085,8579872.0
1786654800000,1.0084,1.0098,1.0073,1.0079,6042845.1
1786658400000,1.0078,1.0118,1.0078,1.0086,9903309.7
1786662000000,1.0086,1.0091,1.0075,1.0089,6480535.1
1786665600000,1.0089,1.0118,1.0087,1.0117,7652548.7
1786669200000,1.0117,1.0125,1.0099,1.0111,11087665.5
1786672800000,1.0110,1.0137,1.0108,1.0109,6687993.3
1786676400000,1.0110,1.0116,1.0089,1.0094,8676756.6
1786680000000,1.0093,1.0125,1.0088,1.0089,5225507.2
1786683600000,1.0089,1.0096,1.0076,1.0094,6116543.5
1786687200000,1.0094,1.0094,1.0051,1.0052,10729690.0
1786690800000,1.0051,1.0051,1.0027,1.0041,15878243.9
1786694400000,1.0041,1.0066,1.0035,1.0063,9452490.2
1786698000000,1.0064,1.0065,1.0004,1.0031,19763367.7
1786701600000,1.0031,1.0037,1.0017,1.0020,9595049.3
1786705200000,1.0020,1.0037,1.0007,1.0021,11293087.2
1786708800000,1.0021,1.0027,0.9991,1.0005,16484332.0
1786712400000,1.0006,1.0049,0.9999,1.0023,16742345.0
1786716000000,1.0024,1.0044,1.0002,1.0009,19649321.5
1786719600000,1.0009,1.0089,1.0003,1.0062,23617780.1
1786723200000,1.0062,1.0071,1.0003,1.0017,27699065.1
1786726800000,1.0018,1.0041,0.9980,1.0004,25231483.6
1786730400000,1.0003,1.0027,0.9976,0.9989,20877580.3
1786734000000,0.9989,1.0003,0.9977,0.9983,22884202.7
1786737600000,0.9983,0.9993,0.9958,0.9981,20070531.8
1786741200000,0.9981,0.9993,0.9951,0.9974,16206899.9
1786744800000,0.9974,0.9983,0.9844,0.9922,52000669.1
1786748400000,0.9921,0.9989,0.9917,0.9988,16420527.7
1786752000000,0.9989,1.0007,0.9975,1.0000,13758795.9
1786755600000,0.9999,1.0013,0.9990,1.0013,7615574.3
1786759200000,1.0012,1.0057,1.0012,1.0051,15825540.9
1786762800000,1.0052,1.0075,1.0033,1.0042,13754609.3
1786766400000,1.0042,1.0061,1.0036,1.0046,7160191.5
1786770000000,1.0046,1.0062,1.0018,1.0040,12627555.0
1786773600000,1.0040,1.0059,1.0029,1.0051,6454448.5
1786777200000,1.0050,1.0054,1.0020,1.0023,6688008.3
1786780800000,1.0022,1.0033,1.0003,1.0010,7943652.8
1786784400000,1.0010,1.0024,1.0003,1.0022,6482916.6
1786788000000,1.0023,1.0030,1.0013,1.0023,4282779.8
1786791600000,1.0023,1.0035,1.0015,1.0018,4982603.6
1786795200000,1.0018,1.0023,1.0004,1.0023,5518303.7
1786798800000,1.0022,1.0023,1.0010,1.0012,5166408.0
1786802400000,1.0012,1.0021,0.9991,1.0013,6909388.0
1786806000000,1.0014,1.0020,1.0007,1.0017,4189824.7
1786809600000,1.0017,1.0026,1.0007,1.0020,6013599.2
1786813200000,1.0019,1.0031,1.0015,1.0018,6381851.6
1786816800000,1.0018,1.0022,0.9998,1.0017,5412286.2
1786820400000,1.0016,1.0036,1.0016,1.0034,4523787.8
1786824000000,1.0034,1.0039,1.0025,1.0032,5713632.0
1786827600000,1.0033,1.0046,1.0030,1.0036,3660640.5
1786831200000,1.0036,1.0062,1.0035,1.0036,8434612.2
1786834800000,1.0036,1.0038,1.0004,1.0022,11044930.8
1786838400000,1.0022,1.0023,1.0007,1.0011,6835851.9
1786842000000,1.0012,1.0017,0.9993,1.0007,6338461.1
1786845600000,1.0007,1.0028,0.9994,1.0018,7910349.8
1786849200000,1.0018,1.0025,1.0011,1.0015,3791648.6
1786852800000,1.0014,1.0016,1.0000,1.0003,3653882.9
1786856400000,1.0002,1.0005,0.9986,0.9996,7081726.9
1786860000000,0.9997,1.0015,0.9988,0.9997,6462144.2
1786863600000,0.9997,1.0022,0.9997,1.0019,4336897.3
1786867200000,1.0020,1.0020,1.0009,1.0012,3663728.3
1786870800000,1.0012,1.0022,0.9992,0.9997,9427627.3
1786874400000,0.9998,1.0002,0.9963,0.9995,14903627.8
1786878000000,0.9995,1.0001,0.9987,0.9993,4919346.8
1786881600000,0.9992,1.0005,0.9985,0.9995,7593825.3
1786885200000,0.9994,1.0005,0.9994,0.9995,3705460.1
1786888800000,0.9994,1.0007,0.9994,1.0006,4316369.9
1786892400000,1.0006,1.0020,1.0005,1.0013,5610107.1
1786896000000,1.0013,1.0032,1.0008,1.0022,9717676.2
1786899600000,1.0022,1.0025,1.0002,1.0003,7173898.2
1786903200000,1.0002,1.0003,0.9971,0.9986,18001978.8
1786906800000,0.9986,1.0020,0.9983,1.0003,10288315.8
1786910400000,1.0004,1.0012,0.9976,0.9987,11493210.8
1786914000000,0.9988,0.9996,0.9885,0.9949,28433611.7
1786917600000,0.9949,0.9963,0.9909,0.9934,22284574.3
1786921200000,0.9934,0.9943,0.9908,0.9929,12172909.5
1786924800000,0.9929,0.9937,0.9875,0.9930,31310696.9
1786928400000,0.9930,1.0012,0.9924,0.9983,31228981.1
1786932000000,0.9983,1.0046,0.9973,1.0020,20840335.0
1786935600000,1.0019,1.0030,1.0005,1.0021,11906298.7
1786939200000,1.0021,1.0036,1.0010,1.0016,8177508.3
1786942800000,1.0016,1.0038,1.0005,1.0005,10240436.1
1786946400000,1.0005,1.0069,1.0004,1.0056,20348816.2
1786950000000,1.0055,1.0062,1.0023,1.0025,13473212.0
1786953600000,1.0025,1.0028,0.9967,0.9977,24982765.8
1786957200000,0.9976,0.9986,0.9957,0.9963,12634514.1
1786960800000,0.9963,1.0018,0.9958,1.0015,14220851.6
1786964400000,1.0015,1.0020,0.9994,0.9998,11260420.0
1786968000000,0.9999,1.0011,0.9965,0.9972,12751370.6
1786971600000,0.9972,1.0034,0.9963,1.0003,20300145.8
1786975200000,1.0003,1.0047,0.9977,1.0040,19021266.8
1786978800000,1.0039,1.0085,1.0017,1.0064,29345915.5
1786982400000,1.0063,1.0066,1.0023,1.0023,15129541.7
1786986000000,1.0023,1.0045,0.9995,1.0009,17782776.7
1786989600000,1.0009,1.0028,1.0001,1.0009,10770204.4
1786993200000,1.0010,1.0012,0.9989,1.0009,8442652.4
1786996800000,1.0008,1.0047,0.9990,1.0031,12928237.0
1787000400000,1.0031,1.0038,1.0015,1.0017,4601574.2
1787004000000,1.0018,1.0028,0.9995,0.9999,7570862.6
1787007600000,0.9999,1.0042,0.9995,1.0025,9015321.6
1787011200000,1.0026,1.0045,1.0000,1.0023,16799982.8
1787014800000,1.0023,1.0026,0.9943,0.9957,20650411.7
1787018400000,0.9957,0.9966,0.9880,0.9899,40845549.6
1787022000000,0.9899,0.9917,0.9885,0.9904,20417817.2
1787025600000,0.9905,0.9954,0.9892,0.9943,14810414.9
1787029200000,0.9943,0.9966,0.9922,0.9946,18908259.9
1787032800000,0.9945,1.0002,0.9934,0.9978,18342873.9
1787036400000,0.9978,0.9985,0.9944,0.9959,13003539.3
1787040000000,0.9959,0.9978,0.9916,0.9965,16014103.4
1787043600000,0.9964,0.9968,0.9940,0.9954,6285650.4
1787047200000,0.9954,0.9958,0.9943,0.9956,4175774.4
1787050800000,0.9955,1.0019,0.9953,0.9983,18072195.6
1787054400000,0.9982,0.9989,0.9970,0.9975,5557557.5
1787058000000,0.9974,0.9988,0.9953,0.9976,12554083.9
1787061600000,0.9976,1.0063,0.9964,1.0005,37106679.7
1787065200000,1.0006,1.0045,1.0001,1.0034,13375781.2
1787068800000,1.0035,1.0040,1.0002,1.0020,11288404.0
1787072400000,1.0020,1.0020,0.9999,1.0000,9747845.3
1787076000000,1.0001,1.0023,0.9999,1.0008,5320969.4
1787079600000,1.0008,1.0026,1.0004,1.0021,7750874.6
1787083200000,1.0021,1.0030,0.9981,0.9995,14389207.5
1787086800000,0.9996,1.0019,0.9995,1.0000,5373213.4
1787090400000,0.9999,1.0020,0.9985,0.9998,13218985.1
1787094000000,0.9999,1.0032,0.9997,1.0015,9626106.3
1787097600000,1.0015,1.0016,0.9956,0.9960,21671881.0
1787101200000,0.9959,1.0000,0.9955,0.9983,14068924.5
1787104800000,0.9983,0.9987,0.9971,0.9980,5002266.2
1787108400000,0.9979,1.0009,0.9970,0.9998,8728331.1
1787112000000,0.9997,1.0006,0.9990,0.9994,5243380.6
1787115600000,0.9995,1.0015,0.9986,0.9995,8832539.9
1787119200000,0.9994,1.0050,0.9985,1.0039,19903062.7
1787122800000,1.0039,1.0060,1.0026,1.0031,12603625.6
1787126400000,1.0031,1.0094,1.0027,1.0059,23890730.4
1787130000000,1.0058,1.0075,1.0032,1.0037,12193739.5
1787133600000,1.0038,1.0051,1.0028,1.0047,6607952.5
1787137200000,1.0048,1.0063,1.0040,1.0053,8141034.3
1787140800000,1.0054,1.0122,1.0051,1.0109,27087503.6
1787144400000,1.0109,1.0234,1.0097,1.0164,68124281.0
1787148000000,1.0165,1.0345,1.0149,1.0327,62396949.8
1787151600000,1.0328,1.0741,1.0301,1.0673,217075654.6
1787155200000,1.0673,1.0706,1.0634,1.0641,81352777.1
1787158800000,1.0641,1.0646,1.0517,1.0614,53225227.6
1787162400000,1.0613,1.0696,1.0554,1.0688,36403092.1
1787166000000,1.0687,1.0706,1.0639,1.0675,41737761.9
1787169600000,1.0675,1.1037,1.0672,1.0987,99307120.5
1787173200000,1.0987,1.1327,1.0954,1.1317,143529028.4
1787176800000,1.1318,1.1358,1.0995,1.1023,126802610.7
1787180400000,1.1023,1.1061,1.0938,1.1054,53051041.0
1787184000000,1.1054,1.1130,1.1039,1.1077,40961320.7
1787187600000,1.1077,1.1154,1.1061,1.1115,27488408.2
1787191200000,1.1115,1.1139,1.0989,1.0990,28436926.8
1787194800000,1.0989,1.1002,1.0873,1.0937,45618060.3
1787198400000,1.0936,1.1020,1.0930,1.0999,23564581.4
1787202000000,1.0998,1.1099,1.0996,1.1045,22789800.1
1787205600000,1.1044,1.1121,1.1004,1.1113,34626580.1
1787209200000,1.1113,1.1136,1.1074,1.1120,22341446.9
1787212800000,1.1119,1.1559,1.1111,1.1529,120986561.9
1787216400000,1.1530,1.1634,1.1453,1.1495,75472770.8
1787220000000,1.1494,1.1666,1.1471,1.1601,47643836.0
1787223600000,1.1601,1.1962,1.1564,1.1904,105082060.9
1787227200000,1.1904,1.1971,1.1774,1.1924,81153005.1
1787230800000,1.1925,1.2231,1.1883,1.2203,126113476.1
1787234400000,1.2203,1.2466,1.2146,1.2272,165767733.8
1787238000000,1.2273,1.2646,1.2254,1.2607,158421740.2
1787241600000,1.2606,1.3175,1.2514,1.3146,173086462.6
1787245200000,1.3145,1.3440,1.3047,1.3099,226702013.7
1787248800000,1.3099,1.3182,1.2279,1.2293,283551656.0
1787252400000,1.2293,1.2399,1.2197,1.2326,137147426.6
1787256000000,1.2326,1.2472,1.2301,1.2435,82765503.9
1787259600000,1.2435,1.2712,1.2425,1.2576,63362230.3
1787263200000,1.2577,1.2657,1.2532,1.2561,52267748.3
1787266800000,1.2561,1.2752,1.2543,1.2677,53845313.7
1787270400000,1.2678,1.2742,1.2585,1.2649,62313511.6
1787274000000,1.2650,1.3024,1.2634,1.2957,79790106.4
1787277600000,1.2958,1.3003,1.2813,1.2888,57056539.0
1787281200000,1.2889,1.3188,1.2838,1.3081,75446740.0
1787284800000,1.3081,1.3207,1.2957,1.3142,66075033.6
1787288400000,1.3143,1.3143,1.3030,1.3095,39498669.0
1787292000000,1.3095,1.3209,1.2962,1.2984,57002710.6
1787295600000,1.2983,1.3218,1.2975,1.3138,63293977.1
1787299200000,1.3138,1.3998,1.3123,1.3994,199582039.6
1787302800000,1.3994,1.4305,1.3372,1.4197,241578329.2
1787306400000,1.4196,1.4254,1.3659,1.3841,166597384.5
1787310000000,1.3841,1.4040,1.3548,1.3573,118097604.9
1787313600000,1.3573,1.3874,1.3469,1.3809,92117776.9
1787317200000,1.3808,1.4222,1.3662,1.4161,128095151.0
1787320800000,1.4161,1.4181,1.3879,1.3991,110372607.2
1787324400000,1.3990,1.4192,1.3943,1.4030,78886030.2
1787328000000,1.4030,1.4072,1.3850,1.3992,73557937.2
1787331600000,1.3993,1.4136,1.3743,1.3863,72465108.4
1787335200000,1.3864,1.4003,1.3678,1.3779,57266655.4
1787338800000,1.3780,1.3877,1.3616,1.3723,64969778.7
1787342400000,1.3724,1.3828,1.3660,1.3745,34680357.8
1787346000000,1.3745,1.4100,1.3723,1.4063,54948649.5
1787349600000,1.4062,1.4529,1.3983,1.4448,160943436.7
1787353200000,1.4448,1.4758,1.4347,1.4538,115591009.0
1787356800000,1.4539,1.4823,1.4230,1.4594,118355636.3
1787360400000,1.4593,1.5116,1.4560,1.4754,134450874.0
1787364000000,1.4754,1.5563,1.4747,1.5492,144074132.6
1787367600000,1.5491,1.5986,1.5419,1.5637,177889290.4
1787371200000,1.5637,1.6740,1.5527,1.6621,227687017.2
1787374800000,1.6620,1.7010,1.3838,1.5277,518783734.3
1787378400000,1.5277,1.5919,1.5137,1.5781,206861665.7
1787382000000,1.5781,1.6274,1.5560,1.5636,165221418.9
1787385600000,1.5636,1.5673,1.4851,1.5283,182778426.7
1787389200000,1.5284,1.5312,1.4899,1.5025,90309667.2
1787392800000,1.5026,1.5040,1.4233,1.4847,204861365.3
1787396400000,1.4848,1.5010,1.4747,1.4887,66055173.3
1787400000000,1.4886,1.5293,1.4843,1.5019,86036987.3
1787403600000,1.5020,1.5106,1.4882,1.5001,60395250.4
1787407200000,1.5001,1.5015,1.4354,1.4520,111157191.3
1787410800000,1.4520,1.4561,1.4286,1.4399,88060154.9
1787414400000,1.4398,1.4897,1.4343,1.4805,84602227.8
1787418000000,1.4806,1.4860,1.4645,1.4801,40989821.4
1787421600000,1.4802,1.4983,1.4773,1.4888,43151542.4
1787425200000,1.4888,1.5057,1.4827,1.5004,34489819.0
1787428800000,1.5005,1.5157,1.4936,1.5011,44864884.7
1787432400000,1.5012,1.5012,1.4516,1.4545,64112582.8
1787436000000,1.4545,1.4756,1.4457,1.4680,47797773.6
1787439600000,1.4680,1.4702,1.4503,1.4617,27700288.9
1787443200000,1.4618,1.5190,1.4615,1.5130,78258888.4
1787446800000,1.5129,1.5136,1.4847,1.4907,57580349.3
1787450400000,1.4906,1.4942,1.4709,1.4840,47615601.3
1787454000000,1.4840,1.4935,1.4612,1.4742,47110442.7
1787457600000,1.4742,1.4895,1.4451,1.4540,86877136.2
1787461200000,1.4541,1.4784,1.4386,1.4464,108089208.6
1787464800000,1.4465,1.4625,1.4337,1.4444,63182570.9
1787468400000,1.4444,1.4737,1.4394,1.4616,54416503.5
1787472000000,1.4616,1.4853,1.4576,1.4753,57835461.3
1787475600000,1.4754,1.4867,1.4674,1.4775,32266644.5
1787479200000,1.4774,1.5056,1.4752,1.4756,51547887.3
1787482800000,1.4757,1.5037,1.4756,1.4943,55149008.8
1787486400000,1.4943,1.4991,1.4827,1.4942,34988981.1
1787490000000,1.4942,1.5248,1.4930,1.5198,89378034.6
1787493600000,1.5198,1.5308,1.5178,1.5286,9948461.0
